game_id,date,player,h1,h2,pts,src
401507130,,aliyah boston,5.0,10.0,15.0,pbp
401507130,,alyssa thomas,11.0,7.0,18.0,pbp
401507130,,brionna jones,6.0,7.0,13.0,pbp
401507130,,dewanna bonner,6.0,13.0,19.0,pbp
401507130,,emma cannon,0.0,4.0,4.0,pbp
401507130,,kelsey mitchell,14.0,5.0,19.0,pbp
401507130,,kristy wallace,0.0,5.0,5.0,pbp
401507130,,lexie hull,2.0,0.0,2.0,pbp
401507130,,maya caldwell,3.0,0.0,3.0,pbp
401507130,,nalyssa smith,1.0,5.0,6.0,pbp
401507130,,natisha hiedeman,7.0,0.0,7.0,pbp
401507130,,olivia nelson-ododa,0.0,3.0,3.0,pbp
401507130,,queen egbo,1.0,2.0,3.0,pbp
401507130,,rebecca allen,4.0,0.0,4.0,pbp
401507130,,tiffany hayes,0.0,5.0,5.0,pbp
401507130,,victoria vivians,1.0,2.0,3.0,pbp
401507131,,ariel atkins,0.0,14.0,14.0,pbp
401507131,,betnijah laney,5.0,5.0,10.0,pbp
401507131,,breanna stewart,4.0,8.0,12.0,pbp
401507131,,brittney sykes,7.0,2.0,9.0,pbp
401507131,,courtney vandersloot,2.0,6.0,8.0,pbp
401507131,,elena delle donne,11.0,2.0,13.0,pbp
401507131,,epiphanny prince,0.0,2.0,2.0,pbp
401507131,,jonquel jones,3.0,2.0,5.0,pbp
401507131,,kayla thornton,0.0,7.0,7.0,pbp
401507131,,kristi toliver,3.0,7.0,10.0,pbp
401507131,,natasha cloud,8.0,6.0,14.0,pbp
401507131,,sabrina ionescu,10.0,8.0,18.0,pbp
401507131,,shakira austin,0.0,6.0,6.0,pbp
401507131,,shatori walker-kimbrough,2.0,4.0,6.0,pbp
401507131,,stefanie dolson,2.0,0.0,2.0,pbp
401507131,,tianna hawkins,8.0,0.0,8.0,pbp
401507132,,alanna smith,10.0,5.0,15.0,pbp
401507132,,bridget carleton,0.0,6.0,6.0,pbp
401507132,,courtney williams,5.0,0.0,5.0,pbp
401507132,,dana evans,0.0,2.0,2.0,pbp
401507132,,diamond miller,5.0,4.0,9.0,pbp
401507132,,dorka juhasz,3.0,2.0,5.0,pbp
401507132,,elizabeth williams,8.0,6.0,14.0,pbp
401507132,,jessica shepard,2.0,6.0,8.0,pbp
401507132,,kahleah copper,12.0,8.0,20.0,pbp
401507132,,kayla mcbride,2.0,10.0,12.0,pbp
401507132,,marina mabrey,0.0,4.0,4.0,pbp
401507132,,morgan bertsch,2.0,4.0,6.0,pbp
401507132,,napheesa collier,10.0,7.0,17.0,pbp
401507132,,nikolina milic,0.0,2.0,2.0,pbp
401507132,,rebekah gardner,7.0,3.0,10.0,pbp
401507132,,tiffany mitchell,5.0,2.0,7.0,pbp
401507133,,brittney griner,11.0,7.0,18.0,pbp
401507133,,chiney ogwumike,6.0,9.0,15.0,pbp
401507133,,dearica hamby,0.0,9.0,9.0,pbp
401507133,,diana taurasi,14.0,1.0,15.0,pbp
401507133,,evina westbrook,3.0,0.0,3.0,pbp
401507133,,jordin canada,2.0,3.0,5.0,pbp
401507133,,joyner holmes,0.0,2.0,2.0,pbp
401507133,,kadi sissoko,2.0,0.0,2.0,pbp
401507133,,karlie samuelson,8.0,5.0,13.0,pbp
401507133,,layshia clarendon,5.0,0.0,5.0,pbp
401507133,,lexie brown,8.0,6.0,14.0,pbp
401507133,,michaela onyenwere,0.0,7.0,7.0,pbp
401507133,,moriah jefferson,7.0,9.0,16.0,pbp
401507133,,nneka ogwumike,11.0,6.0,17.0,pbp
401507133,,sug sutton,4.0,5.0,9.0,pbp
401507133,,zia cooke,14.0,0.0,14.0,pbp
401507134,,a'ja wilson,9.0,4.0,13.0,pbp
401507134,,alysha clark,4.0,6.0,10.0,pbp
401507134,,arella guirantes,0.0,5.0,5.0,pbp
401507134,,candace parker,7.0,5.0,12.0,pbp
401507134,,cayla george,0.0,5.0,5.0,pbp
401507134,,chelsea gray,2.0,12.0,14.0,pbp
401507134,,ezi magbegor,4.0,3.0,7.0,pbp
401507134,,ivana dojkic,2.0,5.0,7.0,pbp
401507134,,jackie young,11.0,12.0,23.0,pbp
401507134,,jade melbourne,0.0,2.0,2.0,pbp
401507134,,jewell loyd,10.0,12.0,22.0,pbp
401507134,,jordan horston,4.0,4.0,8.0,pbp
401507134,,kaila charles,0.0,2.0,2.0,pbp
401507134,,kelsey plum,8.0,15.0,23.0,pbp
401507134,,kiah stokes,2.0,0.0,2.0,pbp
401507134,,kierstan bell,0.0,2.0,2.0,pbp
401507134,,mercedes russell,4.0,2.0,6.0,pbp
401507134,,sami whitcomb,0.0,1.0,1.0,pbp
401507134,,yvonne turner,4.0,0.0,4.0,pbp
401507135,,aari mcdonald,0.0,6.0,6.0,pbp
401507135,,ad durr,7.0,5.0,12.0,pbp
401507135,,allisha gray,0.0,10.0,10.0,pbp
401507135,,arike ogunbowale,19.0,6.0,25.0,pbp
401507135,,ashley joens,2.0,0.0,2.0,pbp
401507135,,awak kuier,0.0,1.0,1.0,pbp
401507135,,cheyenne parker,6.0,12.0,18.0,pbp
401507135,,danielle robinson,2.0,0.0,2.0,pbp
401507135,,jasmine dickey,0.0,2.0,2.0,pbp
401507135,,natasha howard,11.0,9.0,20.0,pbp
401507135,,naz hillmon,4.0,3.0,7.0,pbp
401507135,,nia coffey,0.0,3.0,3.0,pbp
401507135,,rhyne howard,11.0,9.0,20.0,pbp
401507135,,satou sabally,10.0,15.0,25.0,pbp
401507135,,teaira mccowan,4.0,0.0,4.0,pbp
401507135,,veronica burton,0.0,4.0,4.0,pbp
401507136,,alyssa thomas,4.0,10.0,14.0,pbp
401507136,,amanda zahui b.,3.0,0.0,3.0,pbp
401507136,,ariel atkins,6.0,2.0,8.0,pbp
401507136,,brionna jones,4.0,11.0,15.0,pbp
401507136,,brittney sykes,4.0,0.0,4.0,pbp
401507136,,dewanna bonner,10.0,11.0,21.0,pbp
401507136,,elena delle donne,13.0,6.0,19.0,pbp
401507136,,kristi toliver,0.0,3.0,3.0,pbp
401507136,,natasha cloud,3.0,10.0,13.0,pbp
401507136,,natisha hiedeman,4.0,2.0,6.0,pbp
401507136,,olivia nelson-ododa,3.0,2.0,5.0,pbp
401507136,,rebecca allen,3.0,4.0,7.0,pbp
401507136,,shakira austin,6.0,15.0,21.0,pbp
401507136,,tianna hawkins,3.0,0.0,3.0,pbp
401507136,,tiffany hayes,6.0,2.0,8.0,pbp
401507136,,tyasha harris,0.0,4.0,4.0,pbp
401507137,,aliyah boston,12.0,3.0,15.0,pbp
401507137,,betnijah laney,5.0,0.0,5.0,pbp
401507137,,breanna stewart,29.0,16.0,45.0,pbp
401507137,,courtney vandersloot,4.0,7.0,11.0,pbp
401507137,,emma cannon,3.0,0.0,3.0,pbp
401507137,,epiphanny prince,3.0,0.0,3.0,pbp
401507137,,erica wheeler,0.0,2.0,2.0,pbp
401507137,,grace berger,0.0,2.0,2.0,pbp
401507137,,jonquel jones,9.0,5.0,14.0,pbp
401507137,,kayla thornton,2.0,0.0,2.0,pbp
401507137,,kelsey mitchell,0.0,10.0,10.0,pbp
401507137,,kristy wallace,4.0,7.0,11.0,pbp
401507137,,lexie hull,2.0,1.0,3.0,pbp
401507137,,maya caldwell,0.0,2.0,2.0,pbp
401507137,,nalyssa smith,14.0,2.0,16.0,pbp
401507137,,queen egbo,0.0,4.0,4.0,pbp
401507137,,sabrina ionescu,9.0,0.0,9.0,pbp
401507137,,stefanie dolson,1.0,0.0,1.0,pbp
401507137,,victoria vivians,0.0,5.0,5.0,pbp
401507138,,alanna smith,6.0,0.0,6.0,pbp
401507138,,brianna turner,1.0,0.0,1.0,pbp
401507138,,brittney griner,9.0,18.0,27.0,pbp
401507138,,courtney williams,3.0,9.0,12.0,pbp
401507138,,dana evans,7.0,6.0,13.0,pbp
401507138,,diana taurasi,7.0,9.0,16.0,pbp
401507138,,elizabeth williams,6.0,4.0,10.0,pbp
401507138,,kahleah copper,12.0,2.0,14.0,pbp
401507138,,kristine anigwe,2.0,2.0,4.0,pbp
401507138,,michaela onyenwere,4.0,0.0,4.0,pbp
401507138,,morgan bertsch,4.0,4.0,8.0,pbp
401507138,,moriah jefferson,6.0,0.0,6.0,pbp
401507138,,rebekah gardner,0.0,7.0,7.0,pbp
401507138,,sophie cunningham,2.0,0.0,2.0,pbp
401507138,,sug sutton,6.0,7.0,13.0,pbp
401507139,,alyssa thomas,14.0,8.0,22.0,pbp
401507139,,ariel atkins,3.0,4.0,7.0,pbp
401507139,,brionna jones,2.0,10.0,12.0,pbp
401507139,,brittney sykes,6.0,11.0,17.0,pbp
401507139,,dewanna bonner,3.0,12.0,15.0,pbp
401507139,,elena delle donne,14.0,13.0,27.0,pbp
401507139,,kristi toliver,0.0,1.0,1.0,pbp
401507139,,natasha cloud,1.0,8.0,9.0,pbp
401507139,,natisha hiedeman,7.0,6.0,13.0,pbp
401507139,,olivia nelson-ododa,6.0,2.0,8.0,pbp
401507139,,rebecca allen,2.0,0.0,2.0,pbp
401507139,,shakira austin,12.0,2.0,14.0,pbp
401507139,,tianna hawkins,6.0,0.0,6.0,pbp
401507139,,tiffany hayes,5.0,7.0,12.0,pbp
401507139,,tyasha harris,3.0,0.0,3.0,pbp
401507140,,aari mcdonald,0.0,6.0,6.0,pbp
401507140,,ad durr,2.0,5.0,7.0,pbp
401507140,,aerial powers,10.0,0.0,10.0,pbp
401507140,,allisha gray,15.0,11.0,26.0,pbp
401507140,,cheyenne parker,12.0,0.0,12.0,pbp
401507140,,diamond miller,4.0,4.0,8.0,pbp
401507140,,haley jones,2.0,0.0,2.0,pbp
401507140,,jessica shepard,2.0,6.0,8.0,pbp
401507140,,kayla mcbride,5.0,3.0,8.0,pbp
401507140,,lindsay allen,7.0,1.0,8.0,pbp
401507140,,monique billings,4.0,2.0,6.0,pbp
401507140,,napheesa collier,6.0,14.0,20.0,pbp
401507140,,naz hillmon,0.0,13.0,13.0,pbp
401507140,,nia coffey,3.0,0.0,3.0,pbp
401507140,,nikolina milic,5.0,0.0,5.0,pbp
401507140,,rhyne howard,2.0,6.0,8.0,pbp
401507140,,tiffany mitchell,8.0,2.0,10.0,pbp
401507141,,a'ja wilson,6.0,13.0,19.0,pbp
401507141,,alysha clark,3.0,3.0,6.0,pbp
401507141,,candace parker,6.0,4.0,10.0,pbp
401507141,,chelsea gray,5.0,11.0,16.0,pbp
401507141,,chiney ogwumike,9.0,10.0,19.0,pbp
401507141,,dearica hamby,7.0,4.0,11.0,pbp
401507141,,jackie young,13.0,17.0,30.0,pbp
401507141,,jordin canada,0.0,11.0,11.0,pbp
401507141,,joyner holmes,4.0,2.0,6.0,pbp
401507141,,karlie samuelson,4.0,6.0,10.0,pbp
401507141,,kelsey plum,1.0,8.0,9.0,pbp
401507141,,kiah stokes,2.0,2.0,4.0,pbp
401507141,,layshia clarendon,5.0,3.0,8.0,pbp
401507141,,lexie brown,12.0,3.0,15.0,pbp
401507141,,zia cooke,4.0,0.0,4.0,pbp
401507142,,aerial powers,12.0,8.0,20.0,pbp
401507142,,brianna turner,0.0,2.0,2.0,pbp
401507142,,bridget carleton,0.0,2.0,2.0,pbp
401507142,,brittney griner,7.0,12.0,19.0,pbp
401507142,,diamond miller,7.0,6.0,13.0,pbp
401507142,,diana taurasi,15.0,8.0,23.0,pbp
401507142,,jessica shepard,9.0,4.0,13.0,pbp
401507142,,lindsay allen,2.0,4.0,6.0,pbp
401507142,,michaela onyenwere,6.0,0.0,6.0,pbp
401507142,,moriah jefferson,13.0,0.0,13.0,pbp
401507142,,napheesa collier,4.0,4.0,8.0,pbp
401507142,,nikolina milic,4.0,2.0,6.0,pbp
401507142,,sophie cunningham,8.0,5.0,13.0,pbp
401507142,,sug sutton,8.0,6.0,14.0,pbp
401507142,,tiffany mitchell,2.0,10.0,12.0,pbp
401507143,,amanda zahui b.,0.0,3.0,3.0,pbp
401507143,,ariel atkins,2.0,4.0,6.0,pbp
401507143,,brittney sykes,5.0,0.0,5.0,pbp
401507143,,courtney williams,5.0,8.0,13.0,pbp
401507143,,dana evans,2.0,8.0,10.0,pbp
401507143,,elena delle donne,11.0,13.0,24.0,pbp
401507143,,elizabeth williams,4.0,5.0,9.0,pbp
401507143,,kahleah copper,9.0,3.0,12.0,pbp
401507143,,kristi toliver,0.0,4.0,4.0,pbp
401507143,,li meng,3.0,0.0,3.0,pbp
401507143,,marina mabrey,10.0,9.0,19.0,pbp
401507143,,morgan bertsch,2.0,0.0,2.0,pbp
401507143,,natasha cloud,1.0,0.0,1.0,pbp
401507143,,rebekah gardner,2.0,2.0,4.0,pbp
401507143,,shakira austin,8.0,7.0,15.0,pbp
401507143,,shatori walker-kimbrough,3.0,0.0,3.0,pbp
401507143,,tianna hawkins,6.0,0.0,6.0,pbp
401507144,,arella guirantes,0.0,2.0,2.0,pbp
401507144,,arike ogunbowale,18.0,7.0,25.0,pbp
401507144,,crystal dangerfield,7.0,10.0,17.0,pbp
401507144,,ezi magbegor,4.0,11.0,15.0,pbp
401507144,,ivana dojkic,3.0,0.0,3.0,pbp
401507144,,jasmine dickey,0.0,10.0,10.0,pbp
401507144,,jewell loyd,16.0,13.0,29.0,pbp
401507144,,kaila charles,0.0,2.0,2.0,pbp
401507144,,kia nurse,8.0,9.0,17.0,pbp
401507144,,mercedes russell,4.0,2.0,6.0,pbp
401507144,,natasha howard,8.0,8.0,16.0,pbp
401507144,,sami whitcomb,0.0,8.0,8.0,pbp
401507144,,satou sabally,11.0,6.0,17.0,pbp
401507144,,veronica burton,7.0,2.0,9.0,pbp
401507144,,yvonne turner,3.0,2.0,5.0,pbp
401507145,,alyssa thomas,0.0,5.0,5.0,pbp
401507145,,betnijah laney,0.0,2.0,2.0,pbp
401507145,,breanna stewart,6.0,15.0,21.0,pbp
401507145,,brionna jones,6.0,6.0,12.0,pbp
401507145,,courtney vandersloot,6.0,12.0,18.0,pbp
401507145,,dewanna bonner,8.0,6.0,14.0,pbp
401507145,,han xu,0.0,2.0,2.0,pbp
401507145,,jonquel jones,5.0,2.0,7.0,pbp
401507145,,kayla thornton,4.0,2.0,6.0,pbp
401507145,,natisha hiedeman,8.0,0.0,8.0,pbp
401507145,,nyara sabally,4.0,2.0,6.0,pbp
401507145,,rebecca allen,2.0,0.0,2.0,pbp
401507145,,sabrina ionescu,5.0,11.0,16.0,pbp
401507145,,stefanie dolson,2.0,0.0,2.0,pbp
401507145,,tiffany hayes,9.0,6.0,15.0,pbp
401507145,,tyasha harris,5.0,3.0,8.0,pbp
401507146,,a'ja wilson,19.0,4.0,23.0,pbp
401507146,,alysha clark,2.0,5.0,7.0,pbp
401507146,,candace parker,7.0,0.0,7.0,pbp
401507146,,cayla george,0.0,4.0,4.0,pbp
401507146,,chelsea gray,6.0,2.0,8.0,pbp
401507146,,dearica hamby,2.0,2.0,4.0,pbp
401507146,,jackie young,10.0,6.0,16.0,pbp
401507146,,joyner holmes,5.0,4.0,9.0,pbp
401507146,,karlie samuelson,4.0,9.0,13.0,pbp
401507146,,kelsey plum,14.0,5.0,19.0,pbp
401507146,,kiah stokes,1.0,2.0,3.0,pbp
401507146,,kierstan bell,0.0,4.0,4.0,pbp
401507146,,lexie brown,0.0,3.0,3.0,pbp
401507146,,nia clouden,3.0,5.0,8.0,pbp
401507146,,nneka ogwumike,10.0,6.0,16.0,pbp
401507146,,rae burrell,0.0,5.0,5.0,pbp
401507146,,sydney colson,0.0,2.0,2.0,pbp
401507146,,zia cooke,4.0,3.0,7.0,pbp
401507147,,aari mcdonald,2.0,3.0,5.0,pbp
401507147,,ad durr,0.0,4.0,4.0,pbp
401507147,,aliyah boston,3.0,10.0,13.0,pbp
401507147,,allisha gray,8.0,11.0,19.0,pbp
401507147,,cheyenne parker,14.0,7.0,21.0,pbp
401507147,,erica wheeler,2.0,7.0,9.0,pbp
401507147,,grace berger,0.0,3.0,3.0,pbp
401507147,,kelsey mitchell,11.0,4.0,15.0,pbp
401507147,,kristy wallace,7.0,3.0,10.0,pbp
401507147,,maya caldwell,0.0,2.0,2.0,pbp
401507147,,monique billings,2.0,0.0,2.0,pbp
401507147,,nalyssa smith,11.0,12.0,23.0,pbp
401507147,,naz hillmon,8.0,2.0,10.0,pbp
401507147,,nia coffey,3.0,0.0,3.0,pbp
401507147,,queen egbo,6.0,4.0,10.0,pbp
401507147,,rhyne howard,10.0,13.0,23.0,pbp
401507147,,victoria vivians,0.0,3.0,3.0,pbp
401507148,,alanna smith,6.0,8.0,14.0,pbp
401507148,,arike ogunbowale,14.0,12.0,26.0,pbp
401507148,,courtney williams,7.0,5.0,12.0,pbp
401507148,,crystal dangerfield,4.0,7.0,11.0,pbp
401507148,,dana evans,6.0,8.0,14.0,pbp
401507148,,elizabeth williams,2.0,0.0,2.0,pbp
401507148,,jasmine dickey,2.0,2.0,4.0,pbp
401507148,,kahleah copper,8.0,8.0,16.0,pbp
401507148,,kristine anigwe,3.0,0.0,3.0,pbp
401507148,,maddy siegrist,3.0,3.0,6.0,pbp
401507148,,marina mabrey,13.0,8.0,21.0,pbp
401507148,,natasha howard,11.0,3.0,14.0,pbp
401507148,,satou sabally,8.0,16.0,24.0,pbp
401507148,,sika kone,2.0,8.0,10.0,pbp
401507148,,veronica burton,2.0,0.0,2.0,pbp
401507149,,a'ja wilson,14.0,7.0,21.0,pbp
401507149,,alysha clark,5.0,6.0,11.0,pbp
401507149,,bridget carleton,2.0,0.0,2.0,pbp
401507149,,candace parker,3.0,0.0,3.0,pbp
401507149,,cayla george,0.0,3.0,3.0,pbp
401507149,,chelsea gray,7.0,12.0,19.0,pbp
401507149,,diamond miller,0.0,14.0,14.0,pbp
401507149,,jackie young,9.0,14.0,23.0,pbp
401507149,,jessica shepard,2.0,2.0,4.0,pbp
401507149,,kelsey plum,9.0,2.0,11.0,pbp
401507149,,kierstan bell,3.0,0.0,3.0,pbp
401507149,,napheesa collier,15.0,6.0,21.0,pbp
401507149,,nikolina milic,2.0,2.0,4.0,pbp
401507149,,rachel banham,3.0,8.0,11.0,pbp
401507149,,tiffany mitchell,14.0,2.0,16.0,pbp
401507150,,aari mcdonald,6.0,1.0,7.0,pbp
401507150,,ad durr,1.0,0.0,1.0,pbp
401507150,,alanna smith,0.0,3.0,3.0,pbp
401507150,,allisha gray,8.0,5.0,13.0,pbp
401507150,,cheyenne parker,8.0,2.0,10.0,pbp
401507150,,courtney williams,4.0,0.0,4.0,pbp
401507150,,dana evans,6.0,4.0,10.0,pbp
401507150,,elizabeth williams,2.0,4.0,6.0,pbp
401507150,,haley jones,4.0,9.0,13.0,pbp
401507150,,kahleah copper,2.0,8.0,10.0,pbp
401507150,,kristine anigwe,2.0,8.0,10.0,pbp
401507150,,marina mabrey,2.0,8.0,10.0,pbp
401507150,,monique billings,3.0,6.0,9.0,pbp
401507150,,naz hillmon,2.0,2.0,4.0,pbp
401507150,,nia coffey,2.0,3.0,5.0,pbp
401507150,,rhyne howard,5.0,15.0,20.0,pbp
401507150,,robyn parks,3.0,2.0,5.0,pbp
401507150,,sika kone,4.0,2.0,6.0,pbp
401507151,,aliyah boston,12.0,8.0,20.0,pbp
401507151,,alyssa thomas,2.0,11.0,13.0,pbp
401507151,,brionna jones,11.0,8.0,19.0,pbp
401507151,,dewanna bonner,0.0,8.0,8.0,pbp
401507151,,dijonai carrington,0.0,6.0,6.0,pbp
401507151,,emma cannon,0.0,2.0,2.0,pbp
401507151,,erica wheeler,4.0,2.0,6.0,pbp
401507151,,grace berger,2.0,0.0,2.0,pbp
401507151,,kelsey mitchell,5.0,14.0,19.0,pbp
401507151,,kristy wallace,2.0,2.0,4.0,pbp
401507151,,lexie hull,2.0,4.0,6.0,pbp
401507151,,maya caldwell,5.0,0.0,5.0,pbp
401507151,,nalyssa smith,2.0,12.0,14.0,pbp
401507151,,natisha hiedeman,5.0,6.0,11.0,pbp
401507151,,tiffany hayes,18.0,4.0,22.0,pbp
401507151,,tyasha harris,2.0,0.0,2.0,pbp
401507152,,aerial powers,2.0,6.0,8.0,pbp
401507152,,arike ogunbowale,11.0,9.0,20.0,pbp
401507152,,crystal dangerfield,0.0,9.0,9.0,pbp
401507152,,diamond miller,8.0,0.0,8.0,pbp
401507152,,jessica shepard,8.0,7.0,15.0,pbp
401507152,,kalani brown,2.0,10.0,12.0,pbp
401507152,,kayla mcbride,7.0,11.0,18.0,pbp
401507152,,napheesa collier,6.0,11.0,17.0,pbp
401507152,,natasha howard,20.0,5.0,25.0,pbp
401507152,,rachel banham,0.0,6.0,6.0,pbp
401507152,,satou sabally,17.0,6.0,23.0,pbp
401507152,,tiffany mitchell,15.0,2.0,17.0,pbp
401507152,,veronica burton,1.0,3.0,4.0,pbp
401507153,,betnijah laney,4.0,2.0,6.0,pbp
401507153,,breanna stewart,8.0,17.0,25.0,pbp
401507153,,ezi magbegor,6.0,6.0,12.0,pbp
401507153,,jade melbourne,2.0,2.0,4.0,pbp
401507153,,jewell loyd,16.0,10.0,26.0,pbp
401507153,,jonquel jones,9.0,0.0,9.0,pbp
401507153,,jordan horston,4.0,0.0,4.0,pbp
401507153,,kayla thornton,6.0,3.0,9.0,pbp
401507153,,kia nurse,2.0,3.0,5.0,pbp
401507153,,mercedes russell,5.0,5.0,10.0,pbp
401507153,,nyara sabally,5.0,2.0,7.0,pbp
401507153,,sabrina ionescu,12.0,8.0,20.0,pbp
401507153,,sami whitcomb,2.0,9.0,11.0,pbp
401507153,,stefanie dolson,2.0,8.0,10.0,pbp
401507153,,yvonne turner,2.0,4.0,6.0,pbp
401507154,,alyssa thomas,8.0,8.0,16.0,pbp
401507154,,bridget carleton,0.0,3.0,3.0,pbp
401507154,,brionna jones,4.0,8.0,12.0,pbp
401507154,,dewanna bonner,11.0,2.0,13.0,pbp
401507154,,dijonai carrington,2.0,5.0,7.0,pbp
401507154,,dorka juhasz,2.0,5.0,7.0,pbp
401507154,,jessica shepard,9.0,2.0,11.0,pbp
401507154,,kayla mcbride,8.0,4.0,12.0,pbp
401507154,,napheesa collier,16.0,14.0,30.0,pbp
401507154,,natisha hiedeman,10.0,9.0,19.0,pbp
401507154,,olivia nelson-ododa,3.0,0.0,3.0,pbp
401507154,,rachel banham,6.0,3.0,9.0,pbp
401507154,,rebecca allen,0.0,8.0,8.0,pbp
401507154,,tiffany hayes,7.0,2.0,9.0,pbp
401507154,,tiffany mitchell,6.0,6.0,12.0,pbp
401507154,,tyasha harris,2.0,0.0,2.0,pbp
401507155,,ariel atkins,3.0,13.0,16.0,pbp
401507155,,arike ogunbowale,11.0,6.0,17.0,pbp
401507155,,brittney sykes,4.0,3.0,7.0,pbp
401507155,,crystal dangerfield,2.0,1.0,3.0,pbp
401507155,,elena delle donne,10.0,13.0,23.0,pbp
401507155,,jasmine dickey,2.0,4.0,6.0,pbp
401507155,,kalani brown,2.0,1.0,3.0,pbp
401507155,,kristi toliver,2.0,0.0,2.0,pbp
401507155,,li meng,3.0,2.0,5.0,pbp
401507155,,maddy siegrist,0.0,4.0,4.0,pbp
401507155,,natasha cloud,8.0,2.0,10.0,pbp
401507155,,natasha howard,3.0,13.0,16.0,pbp
401507155,,satou sabally,7.0,11.0,18.0,pbp
401507155,,shakira austin,6.0,6.0,12.0,pbp
401507155,,veronica burton,3.0,3.0,6.0,pbp
401507156,,a'ja wilson,12.0,9.0,21.0,pbp
401507156,,aari mcdonald,0.0,5.0,5.0,pbp
401507156,,ad durr,0.0,13.0,13.0,pbp
401507156,,allisha gray,9.0,7.0,16.0,pbp
401507156,,alysha clark,3.0,8.0,11.0,pbp
401507156,,candace parker,7.0,6.0,13.0,pbp
401507156,,chelsea gray,2.0,6.0,8.0,pbp
401507156,,cheyenne parker,9.0,16.0,25.0,pbp
401507156,,haley jones,0.0,4.0,4.0,pbp
401507156,,jackie young,12.0,8.0,20.0,pbp
401507156,,kelsey plum,6.0,9.0,15.0,pbp
401507156,,kiah stokes,3.0,1.0,4.0,pbp
401507156,,monique billings,4.0,0.0,4.0,pbp
401507156,,naz hillmon,2.0,0.0,2.0,pbp
401507156,,nia coffey,3.0,0.0,3.0,pbp
401507156,,rhyne howard,3.0,11.0,14.0,pbp
401507157,,alanna smith,5.0,13.0,18.0,pbp
401507157,,betnijah laney,11.0,6.0,17.0,pbp
401507157,,breanna stewart,8.0,11.0,19.0,pbp
401507157,,courtney vandersloot,2.0,6.0,8.0,pbp
401507157,,courtney williams,0.0,7.0,7.0,pbp
401507157,,dana evans,6.0,0.0,6.0,pbp
401507157,,elizabeth williams,6.0,2.0,8.0,pbp
401507157,,jonquel jones,7.0,3.0,10.0,pbp
401507157,,kahleah copper,18.0,2.0,20.0,pbp
401507157,,kayla thornton,2.0,10.0,12.0,pbp
401507157,,kristine anigwe,0.0,2.0,2.0,pbp
401507157,,marina mabrey,8.0,6.0,14.0,pbp
401507157,,marine johannes,2.0,1.0,3.0,pbp
401507157,,nyara sabally,3.0,0.0,3.0,pbp
401507157,,sabrina ionescu,0.0,5.0,5.0,pbp
401507158,,brittney griner,7.0,17.0,24.0,pbp
401507158,,chiney ogwumike,2.0,0.0,2.0,pbp
401507158,,dearica hamby,4.0,4.0,8.0,pbp
401507158,,diana taurasi,4.0,14.0,18.0,pbp
401507158,,jordin canada,5.0,11.0,16.0,pbp
401507158,,karlie samuelson,5.0,4.0,9.0,pbp
401507158,,layshia clarendon,4.0,7.0,11.0,pbp
401507158,,lexie brown,12.0,13.0,25.0,pbp
401507158,,megan gustafson,2.0,0.0,2.0,pbp
401507158,,michaela onyenwere,10.0,0.0,10.0,pbp
401507158,,moriah jefferson,4.0,1.0,5.0,pbp
401507158,,nneka ogwumike,6.0,15.0,21.0,pbp
401507158,,shey peddy,2.0,0.0,2.0,pbp
401507158,,sophie cunningham,10.0,9.0,19.0,pbp
401507158,,sug sutton,4.0,7.0,11.0,pbp
401507158,,zia cooke,6.0,0.0,6.0,pbp
401507159,,ariel atkins,6.0,12.0,18.0,pbp
401507159,,brittney sykes,2.0,6.0,8.0,pbp
401507159,,dorka juhasz,5.0,2.0,7.0,pbp
401507159,,elena delle donne,2.0,10.0,12.0,pbp
401507159,,jessica shepard,2.0,8.0,10.0,pbp
401507159,,kayla mcbride,10.0,14.0,24.0,pbp
401507159,,li meng,3.0,0.0,3.0,pbp
401507159,,lindsay allen,0.0,6.0,6.0,pbp
401507159,,myisha hines-allen,2.0,2.0,4.0,pbp
401507159,,napheesa collier,8.0,9.0,17.0,pbp
401507159,,natasha cloud,10.0,4.0,14.0,pbp
401507159,,rachel banham,6.0,0.0,6.0,pbp
401507159,,shakira austin,2.0,12.0,14.0,pbp
401507159,,shatori walker-kimbrough,3.0,0.0,3.0,pbp
401507159,,tianna hawkins,2.0,0.0,2.0,pbp
401507159,,tiffany mitchell,8.0,2.0,10.0,pbp
401507160,,chiney ogwumike,6.0,9.0,15.0,pbp
401507160,,dearica hamby,4.0,0.0,4.0,pbp
401507160,,ezi magbegor,9.0,5.0,14.0,pbp
401507160,,jade melbourne,2.0,8.0,10.0,pbp
401507160,,jewell loyd,13.0,24.0,37.0,pbp
401507160,,jordan horston,4.0,0.0,4.0,pbp
401507160,,jordin canada,3.0,6.0,9.0,pbp
401507160,,joyner holmes,4.0,0.0,4.0,pbp
401507160,,kaila charles,0.0,2.0,2.0,pbp
401507160,,karlie samuelson,3.0,0.0,3.0,pbp
401507160,,kia nurse,3.0,3.0,6.0,pbp
401507160,,layshia clarendon,6.0,10.0,16.0,pbp
401507160,,lexie brown,3.0,11.0,14.0,pbp
401507160,,mercedes russell,4.0,2.0,6.0,pbp
401507160,,nneka ogwumike,10.0,17.0,27.0,pbp
401507160,,sami whitcomb,1.0,0.0,1.0,pbp
401507160,,yvonne turner,3.0,2.0,5.0,pbp
401507161,,alyssa thomas,8.0,5.0,13.0,pbp
401507161,,arike ogunbowale,4.0,4.0,8.0,pbp
401507161,,awak kuier,2.0,2.0,4.0,pbp
401507161,,brionna jones,13.0,8.0,21.0,pbp
401507161,,crystal dangerfield,8.0,5.0,13.0,pbp
401507161,,dewanna bonner,11.0,11.0,22.0,pbp
401507161,,dijonai carrington,2.0,1.0,3.0,pbp
401507161,,maddy siegrist,2.0,0.0,2.0,pbp
401507161,,natasha howard,0.0,11.0,11.0,pbp
401507161,,rebecca allen,2.0,0.0,2.0,pbp
401507161,,satou sabally,9.0,17.0,26.0,pbp
401507161,,tiffany hayes,6.0,10.0,16.0,pbp
401507161,,tyasha harris,2.0,0.0,2.0,pbp
401507161,,veronica burton,5.0,5.0,10.0,pbp
401507162,,alanna smith,2.0,5.0,7.0,pbp
401507162,,betnijah laney,2.0,4.0,6.0,pbp
401507162,,breanna stewart,9.0,11.0,20.0,pbp
401507162,,courtney vandersloot,9.0,9.0,18.0,pbp
401507162,,courtney williams,2.0,10.0,12.0,pbp
401507162,,elizabeth williams,4.0,7.0,11.0,pbp
401507162,,jonquel jones,9.0,0.0,9.0,pbp
401507162,,kahleah copper,8.0,19.0,27.0,pbp
401507162,,kayla thornton,0.0,5.0,5.0,pbp
401507162,,kristine anigwe,2.0,0.0,2.0,pbp
401507162,,marina mabrey,5.0,12.0,17.0,pbp
401507162,,marine johannes,9.0,2.0,11.0,pbp
401507162,,nyara sabally,5.0,0.0,5.0,pbp
401507162,,robyn parks,6.0,3.0,9.0,pbp
401507162,,sabrina ionescu,0.0,4.0,4.0,pbp
401507162,,sika kone,1.0,0.0,1.0,pbp
401507162,,stefanie dolson,4.0,0.0,4.0,pbp
401507163,,a'ja wilson,17.0,10.0,27.0,pbp
401507163,,aliyah boston,2.0,5.0,7.0,pbp
401507163,,alysha clark,3.0,2.0,5.0,pbp
401507163,,candace parker,2.0,5.0,7.0,pbp
401507163,,chelsea gray,3.0,14.0,17.0,pbp
401507163,,erica wheeler,7.0,7.0,14.0,pbp
401507163,,grace berger,0.0,2.0,2.0,pbp
401507163,,jackie young,10.0,8.0,18.0,pbp
401507163,,kelsey mitchell,5.0,16.0,21.0,pbp
401507163,,kelsey plum,2.0,7.0,9.0,pbp
401507163,,kristy wallace,0.0,7.0,7.0,pbp
401507163,,lexie hull,0.0,2.0,2.0,pbp
401507163,,nalyssa smith,9.0,1.0,10.0,pbp
401507163,,queen egbo,9.0,0.0,9.0,pbp
401507163,,victoria vivians,6.0,0.0,6.0,pbp
401507164,,a'ja wilson,9.0,14.0,23.0,pbp
401507164,,alysha clark,2.0,3.0,5.0,pbp
401507164,,alyssa thomas,8.0,6.0,14.0,pbp
401507164,,brionna jones,7.0,8.0,15.0,pbp
401507164,,candace parker,4.0,1.0,5.0,pbp
401507164,,chelsea gray,10.0,4.0,14.0,pbp
401507164,,dewanna bonner,2.0,3.0,5.0,pbp
401507164,,dijonai carrington,5.0,6.0,11.0,pbp
401507164,,jackie young,11.0,11.0,22.0,pbp
401507164,,kelsey plum,10.0,7.0,17.0,pbp
401507164,,kiah stokes,2.0,2.0,4.0,pbp
401507164,,natisha hiedeman,5.0,6.0,11.0,pbp
401507164,,rebecca allen,2.0,20.0,22.0,pbp
401507164,,tiffany hayes,2.0,4.0,6.0,pbp
401507165,,alanna smith,7.0,11.0,18.0,pbp
401507165,,aliyah boston,9.0,16.0,25.0,pbp
401507165,,courtney williams,3.0,5.0,8.0,pbp
401507165,,dana evans,0.0,20.0,20.0,pbp
401507165,,elizabeth williams,2.0,2.0,4.0,pbp
401507165,,erica wheeler,4.0,8.0,12.0,pbp
401507165,,kahleah copper,8.0,16.0,24.0,pbp
401507165,,kelsey mitchell,2.0,12.0,14.0,pbp
401507165,,kristy wallace,8.0,8.0,16.0,pbp
401507165,,lexie hull,10.0,2.0,12.0,pbp
401507165,,marina mabrey,18.0,10.0,28.0,pbp
401507165,,nalyssa smith,6.0,4.0,10.0,pbp
401507165,,queen egbo,4.0,0.0,4.0,pbp
401507165,,sika kone,6.0,0.0,6.0,pbp
401507165,,victoria vivians,6.0,2.0,8.0,pbp
401507166,,azura stevens,4.0,0.0,4.0,pbp
401507166,,dearica hamby,6.0,0.0,6.0,pbp
401507166,,dulcy fankam mendjiadeu,0.0,3.0,3.0,pbp
401507166,,ezi magbegor,5.0,8.0,13.0,pbp
401507166,,ivana dojkic,5.0,0.0,5.0,pbp
401507166,,jewell loyd,12.0,11.0,23.0,pbp
401507166,,jordan horston,8.0,6.0,14.0,pbp
401507166,,jordin canada,8.0,3.0,11.0,pbp
401507166,,layshia clarendon,5.0,0.0,5.0,pbp
401507166,,lexie brown,8.0,7.0,15.0,pbp
401507166,,nneka ogwumike,7.0,15.0,22.0,pbp
401507166,,yvonne turner,4.0,2.0,6.0,pbp
401507168,,arike ogunbowale,11.0,6.0,17.0,pbp
401507168,,brittney griner,13.0,11.0,24.0,pbp
401507168,,diana taurasi,13.0,5.0,18.0,pbp
401507168,,kadi sissoko,2.0,0.0,2.0,pbp
401507168,,kalani brown,7.0,10.0,17.0,pbp
401507168,,maddy siegrist,9.0,5.0,14.0,pbp
401507168,,michaela onyenwere,0.0,4.0,4.0,pbp
401507168,,natasha howard,0.0,9.0,9.0,pbp
401507168,,odyssey sims,0.0,3.0,3.0,pbp
401507168,,satou sabally,17.0,7.0,24.0,pbp
401507168,,shey peddy,5.0,5.0,10.0,pbp
401507168,,sophie cunningham,14.0,2.0,16.0,pbp
401507168,,sug sutton,0.0,4.0,4.0,pbp
401507169,,a'ja wilson,3.0,10.0,13.0,pbp
401507169,,alysha clark,2.0,2.0,4.0,pbp
401507169,,alyssa thomas,1.0,8.0,9.0,pbp
401507169,,brionna jones,8.0,4.0,12.0,pbp
401507169,,candace parker,4.0,2.0,6.0,pbp
401507169,,cayla george,0.0,6.0,6.0,pbp
401507169,,chelsea gray,9.0,3.0,12.0,pbp
401507169,,dewanna bonner,18.0,23.0,41.0,pbp
401507169,,dijonai carrington,1.0,0.0,1.0,pbp
401507169,,jackie young,2.0,8.0,10.0,pbp
401507169,,kelsey plum,7.0,7.0,14.0,pbp
401507169,,kiah stokes,0.0,2.0,2.0,pbp
401507169,,kierstan bell,0.0,5.0,5.0,pbp
401507169,,natisha hiedeman,9.0,0.0,9.0,pbp
401507169,,rebecca allen,0.0,5.0,5.0,pbp
401507169,,sydney colson,0.0,3.0,3.0,pbp
401507169,,tiffany hayes,4.0,6.0,10.0,pbp
401507169,,tyasha harris,2.0,4.0,6.0,pbp
401507170,,ad durr,2.0,5.0,7.0,pbp
401507170,,allisha gray,10.0,6.0,16.0,pbp
401507170,,betnijah laney,4.0,5.0,9.0,pbp
401507170,,breanna stewart,17.0,8.0,25.0,pbp
401507170,,cheyenne parker,2.0,10.0,12.0,pbp
401507170,,courtney vandersloot,6.0,0.0,6.0,pbp
401507170,,haley jones,5.0,2.0,7.0,pbp
401507170,,han xu,0.0,2.0,2.0,pbp
401507170,,jonquel jones,6.0,5.0,11.0,pbp
401507170,,kayla thornton,3.0,3.0,6.0,pbp
401507170,,laeticia amihere,2.0,6.0,8.0,pbp
401507170,,marine johannes,0.0,6.0,6.0,pbp
401507170,,monique billings,2.0,0.0,2.0,pbp
401507170,,naz hillmon,0.0,2.0,2.0,pbp
401507170,,nia coffey,4.0,3.0,7.0,pbp
401507170,,nyara sabally,0.0,2.0,2.0,pbp
401507170,,rhyne howard,10.0,4.0,14.0,pbp
401507170,,sabrina ionescu,23.0,14.0,37.0,pbp
401507170,,stefanie dolson,2.0,0.0,2.0,pbp
401507170,,taylor mikesell,0.0,6.0,6.0,pbp
401507171,,arike ogunbowale,15.0,20.0,35.0,pbp
401507171,,brianna turner,2.0,2.0,4.0,pbp
401507171,,brittney griner,12.0,6.0,18.0,pbp
401507171,,diana taurasi,7.0,5.0,12.0,pbp
401507171,,kadi sissoko,0.0,1.0,1.0,pbp
401507171,,kalani brown,6.0,0.0,6.0,pbp
401507171,,maddy siegrist,4.0,0.0,4.0,pbp
401507171,,megan gustafson,2.0,2.0,4.0,pbp
401507171,,michaela onyenwere,9.0,0.0,9.0,pbp
401507171,,moriah jefferson,0.0,3.0,3.0,pbp
401507171,,natasha howard,11.0,11.0,22.0,pbp
401507171,,odyssey sims,4.0,2.0,6.0,pbp
401507171,,satou sabally,5.0,12.0,17.0,pbp
401507171,,shey peddy,3.0,0.0,3.0,pbp
401507171,,sophie cunningham,3.0,4.0,7.0,pbp
401507171,,sug sutton,4.0,12.0,16.0,pbp
401507172,,aliyah boston,4.0,6.0,10.0,pbp
401507172,,dorka juhasz,4.0,2.0,6.0,pbp
401507172,,erica wheeler,6.0,4.0,10.0,pbp
401507172,,grace berger,2.0,2.0,4.0,pbp
401507172,,jessica shepard,7.0,0.0,7.0,pbp
401507172,,kayla mcbride,8.0,3.0,11.0,pbp
401507172,,kelsey mitchell,10.0,11.0,21.0,pbp
401507172,,kristy wallace,3.0,2.0,5.0,pbp
401507172,,nalyssa smith,6.0,6.0,12.0,pbp
401507172,,napheesa collier,8.0,20.0,28.0,pbp
401507172,,nikolina milic,2.0,2.0,4.0,pbp
401507172,,rachel banham,0.0,4.0,4.0,pbp
401507172,,tiffany mitchell,5.0,3.0,8.0,pbp
401507172,,victoria vivians,5.0,3.0,8.0,pbp
401507173,,alanna smith,11.0,8.0,19.0,pbp
401507173,,courtney williams,4.0,0.0,4.0,pbp
401507173,,dana evans,0.0,3.0,3.0,pbp
401507173,,dearica hamby,11.0,5.0,16.0,pbp
401507173,,elizabeth williams,6.0,8.0,14.0,pbp
401507173,,jasmine thomas,5.0,0.0,5.0,pbp
401507173,,jordin canada,2.0,14.0,16.0,pbp
401507173,,kahleah copper,8.0,2.0,10.0,pbp
401507173,,karlie samuelson,2.0,5.0,7.0,pbp
401507173,,layshia clarendon,2.0,0.0,2.0,pbp
401507173,,lexie brown,0.0,7.0,7.0,pbp
401507173,,marina mabrey,2.0,5.0,7.0,pbp
401507173,,nneka ogwumike,15.0,4.0,19.0,pbp
401507173,,robyn parks,0.0,2.0,2.0,pbp
401507173,,sika kone,2.0,0.0,2.0,pbp
401507173,,zia cooke,0.0,5.0,5.0,pbp
401507174,,arella guirantes,4.0,0.0,4.0,pbp
401507174,,ariel atkins,0.0,3.0,3.0,pbp
401507174,,brittney sykes,7.0,11.0,18.0,pbp
401507174,,elena delle donne,11.0,0.0,11.0,pbp
401507174,,ezi magbegor,11.0,13.0,24.0,pbp
401507174,,ivana dojkic,6.0,0.0,6.0,pbp
401507174,,jade melbourne,3.0,1.0,4.0,pbp
401507174,,jordan horston,2.0,8.0,10.0,pbp
401507174,,kia nurse,0.0,4.0,4.0,pbp
401507174,,kristi toliver,3.0,0.0,3.0,pbp
401507174,,li meng,3.0,2.0,5.0,pbp
401507174,,mercedes russell,2.0,2.0,4.0,pbp
401507174,,natasha cloud,7.0,0.0,7.0,pbp
401507174,,sami whitcomb,4.0,3.0,7.0,pbp
401507174,,shakira austin,10.0,5.0,15.0,pbp
401507174,,shatori walker-kimbrough,0.0,2.0,2.0,pbp
401507174,,tianna hawkins,5.0,4.0,9.0,pbp
401507174,,yvonne turner,0.0,2.0,2.0,pbp
401507175,,arike ogunbowale,12.0,12.0,24.0,pbp
401507175,,awak kuier,0.0,3.0,3.0,pbp
401507175,,betnijah laney,5.0,5.0,10.0,pbp
401507175,,breanna stewart,12.0,19.0,31.0,pbp
401507175,,courtney vandersloot,8.0,6.0,14.0,pbp
401507175,,jasmine dickey,2.0,5.0,7.0,pbp
401507175,,jonquel jones,6.0,2.0,8.0,pbp
401507175,,kalani brown,7.0,3.0,10.0,pbp
401507175,,kayla thornton,0.0,3.0,3.0,pbp
401507175,,maddy siegrist,4.0,2.0,6.0,pbp
401507175,,marine johannes,8.0,3.0,11.0,pbp
401507175,,natasha howard,8.0,6.0,14.0,pbp
401507175,,odyssey sims,2.0,6.0,8.0,pbp
401507175,,sabrina ionescu,3.0,19.0,22.0,pbp
401507175,,satou sabally,12.0,5.0,17.0,pbp
401507175,,veronica burton,3.0,0.0,3.0,pbp
401507176,,a'ja wilson,12.0,9.0,21.0,pbp
401507176,,alanna smith,0.0,7.0,7.0,pbp
401507176,,alysha clark,0.0,4.0,4.0,pbp
401507176,,candace parker,6.0,4.0,10.0,pbp
401507176,,chelsea gray,10.0,7.0,17.0,pbp
401507176,,courtney williams,0.0,7.0,7.0,pbp
401507176,,dana evans,8.0,2.0,10.0,pbp
401507176,,elizabeth williams,4.0,4.0,8.0,pbp
401507176,,jackie young,8.0,6.0,14.0,pbp
401507176,,kahleah copper,11.0,7.0,18.0,pbp
401507176,,kelsey plum,13.0,2.0,15.0,pbp
401507176,,kiah stokes,2.0,4.0,6.0,pbp
401507176,,kierstan bell,3.0,0.0,3.0,pbp
401507176,,marina mabrey,12.0,6.0,18.0,pbp
401507176,,robyn parks,0.0,5.0,5.0,pbp
401507176,,sika kone,3.0,0.0,3.0,pbp
401507176,,taylor soule,0.0,2.0,2.0,pbp
401507177,,ad durr,4.0,5.0,9.0,pbp
401507177,,allisha gray,6.0,12.0,18.0,pbp
401507177,,alyssa thomas,11.0,6.0,17.0,pbp
401507177,,brionna jones,6.0,12.0,18.0,pbp
401507177,,cheyenne parker,9.0,11.0,20.0,pbp
401507177,,dewanna bonner,7.0,8.0,15.0,pbp
401507177,,dijonai carrington,9.0,3.0,12.0,pbp
401507177,,haley jones,2.0,0.0,2.0,pbp
401507177,,laeticia amihere,5.0,0.0,5.0,pbp
401507177,,natisha hiedeman,0.0,2.0,2.0,pbp
401507177,,naz hillmon,4.0,0.0,4.0,pbp
401507177,,nia coffey,0.0,3.0,3.0,pbp
401507177,,olivia nelson-ododa,6.0,0.0,6.0,pbp
401507177,,rebecca allen,2.0,0.0,2.0,pbp
401507177,,rhyne howard,14.0,2.0,16.0,pbp
401507177,,tiffany hayes,2.0,0.0,2.0,pbp
401507177,,tyasha harris,5.0,10.0,15.0,pbp
401507178,,aliyah boston,2.0,2.0,4.0,pbp
401507178,,brittney griner,14.0,15.0,29.0,pbp
401507178,,diana taurasi,12.0,5.0,17.0,pbp
401507178,,emma cannon,4.0,0.0,4.0,pbp
401507178,,erica wheeler,5.0,12.0,17.0,pbp
401507178,,kadi sissoko,0.0,2.0,2.0,pbp
401507178,,kelsey mitchell,7.0,5.0,12.0,pbp
401507178,,kristy wallace,5.0,0.0,5.0,pbp
401507178,,lexie hull,3.0,3.0,6.0,pbp
401507178,,megan gustafson,2.0,0.0,2.0,pbp
401507178,,michaela onyenwere,8.0,3.0,11.0,pbp
401507178,,nalyssa smith,15.0,14.0,29.0,pbp
401507178,,queen egbo,1.0,4.0,5.0,pbp
401507178,,sophie cunningham,2.0,11.0,13.0,pbp
401507178,,sug sutton,4.0,6.0,10.0,pbp
401507179,,ariel atkins,3.0,9.0,12.0,pbp
401507179,,brittney sykes,5.0,2.0,7.0,pbp
401507179,,ezi magbegor,4.0,9.0,13.0,pbp
401507179,,ivana dojkic,5.0,7.0,12.0,pbp
401507179,,jade melbourne,0.0,2.0,2.0,pbp
401507179,,jewell loyd,2.0,13.0,15.0,pbp
401507179,,jordan horston,2.0,8.0,10.0,pbp
401507179,,kia nurse,7.0,5.0,12.0,pbp
401507179,,li meng,2.0,2.0,4.0,pbp
401507179,,myisha hines-allen,0.0,1.0,1.0,pbp
401507179,,natasha cloud,11.0,8.0,19.0,pbp
401507179,,shakira austin,10.0,1.0,11.0,pbp
401507179,,shatori walker-kimbrough,8.0,0.0,8.0,pbp
401507179,,tianna hawkins,7.0,2.0,9.0,pbp
401507180,,azura stevens,4.0,2.0,6.0,pbp
401507180,,bridget carleton,0.0,9.0,9.0,pbp
401507180,,dearica hamby,2.0,7.0,9.0,pbp
401507180,,dorka juhasz,3.0,0.0,3.0,pbp
401507180,,jasmine thomas,3.0,0.0,3.0,pbp
401507180,,jessica shepard,6.0,2.0,8.0,pbp
401507180,,jordin canada,6.0,12.0,18.0,pbp
401507180,,karlie samuelson,0.0,2.0,2.0,pbp
401507180,,kayla mcbride,9.0,4.0,13.0,pbp
401507180,,lexie brown,13.0,7.0,20.0,pbp
401507180,,lindsay allen,0.0,2.0,2.0,pbp
401507180,,napheesa collier,8.0,16.0,24.0,pbp
401507180,,nikolina milic,4.0,6.0,10.0,pbp
401507180,,nneka ogwumike,13.0,13.0,26.0,pbp
401507180,,rachel banham,2.0,3.0,5.0,pbp
401507180,,tiffany mitchell,11.0,6.0,17.0,pbp
401507181,,aliyah boston,9.0,14.0,23.0,pbp
401507181,,ariel atkins,4.0,3.0,7.0,pbp
401507181,,brittney sykes,5.0,4.0,9.0,pbp
401507181,,elena delle donne,6.0,11.0,17.0,pbp
401507181,,erica wheeler,0.0,5.0,5.0,pbp
401507181,,grace berger,4.0,0.0,4.0,pbp
401507181,,kelsey mitchell,5.0,14.0,19.0,pbp
401507181,,kristi toliver,6.0,0.0,6.0,pbp
401507181,,kristy wallace,3.0,5.0,8.0,pbp
401507181,,lexie hull,4.0,4.0,8.0,pbp
401507181,,li meng,6.0,0.0,6.0,pbp
401507181,,myisha hines-allen,5.0,1.0,6.0,pbp
401507181,,nalyssa smith,6.0,2.0,8.0,pbp
401507181,,natasha cloud,4.0,3.0,7.0,pbp
401507181,,queen egbo,6.0,0.0,6.0,pbp
401507181,,shakira austin,2.0,4.0,6.0,pbp
401507181,,tianna hawkins,0.0,2.0,2.0,pbp
401507181,,victoria vivians,4.0,2.0,6.0,pbp
401507182,,ad durr,11.0,2.0,13.0,pbp
401507182,,allisha gray,8.0,8.0,16.0,pbp
401507182,,betnijah laney,8.0,9.0,17.0,pbp
401507182,,breanna stewart,8.0,4.0,12.0,pbp
401507182,,cheyenne parker,6.0,0.0,6.0,pbp
401507182,,courtney vandersloot,7.0,4.0,11.0,pbp
401507182,,haley jones,2.0,11.0,13.0,pbp
401507182,,jocelyn willoughby,0.0,2.0,2.0,pbp
401507182,,jonquel jones,6.0,6.0,12.0,pbp
401507182,,marine johannes,10.0,8.0,18.0,pbp
401507182,,monique billings,2.0,10.0,12.0,pbp
401507182,,naz hillmon,2.0,0.0,2.0,pbp
401507182,,nia coffey,7.0,5.0,12.0,pbp
401507182,,rhyne howard,3.0,9.0,12.0,pbp
401507182,,stefanie dolson,7.0,0.0,7.0,pbp
401507183,,brianna turner,0.0,1.0,1.0,pbp
401507183,,brittney griner,2.0,0.0,2.0,pbp
401507183,,evina westbrook,0.0,2.0,2.0,pbp
401507183,,ezi magbegor,6.0,3.0,9.0,pbp
401507183,,ivana dojkic,9.0,5.0,14.0,pbp
401507183,,jade melbourne,2.0,2.0,4.0,pbp
401507183,,jewell loyd,10.0,7.0,17.0,pbp
401507183,,jordan horston,9.0,4.0,13.0,pbp
401507183,,kia nurse,8.0,0.0,8.0,pbp
401507183,,megan gustafson,0.0,7.0,7.0,pbp
401507183,,michaela onyenwere,8.0,2.0,10.0,pbp
401507183,,moriah jefferson,2.0,0.0,2.0,pbp
401507183,,sami whitcomb,5.0,12.0,17.0,pbp
401507183,,shey peddy,4.0,5.0,9.0,pbp
401507183,,sophie cunningham,11.0,9.0,20.0,pbp
401507183,,sug sutton,9.0,6.0,15.0,pbp
401507184,,arike ogunbowale,6.0,6.0,12.0,pbp
401507184,,awak kuier,2.0,2.0,4.0,pbp
401507184,,azura stevens,6.0,2.0,8.0,pbp
401507184,,dearica hamby,5.0,18.0,23.0,pbp
401507184,,jordin canada,9.0,6.0,15.0,pbp
401507184,,kalani brown,9.0,12.0,21.0,pbp
401507184,,karlie samuelson,2.0,4.0,6.0,pbp
401507184,,lexie brown,2.0,3.0,5.0,pbp
401507184,,natasha howard,5.0,2.0,7.0,pbp
401507184,,nneka ogwumike,12.0,8.0,20.0,pbp
401507184,,odyssey sims,0.0,2.0,2.0,pbp
401507184,,satou sabally,9.0,5.0,14.0,pbp
401507184,,zia cooke,2.0,0.0,2.0,pbp
401507185,,ad durr,4.0,3.0,7.0,pbp
401507185,,allisha gray,14.0,13.0,27.0,pbp
401507185,,alyssa thomas,10.0,13.0,23.0,pbp
401507185,,brionna jones,21.0,7.0,28.0,pbp
401507185,,cheyenne parker,7.0,12.0,19.0,pbp
401507185,,dewanna bonner,13.0,7.0,20.0,pbp
401507185,,dijonai carrington,4.0,6.0,10.0,pbp
401507185,,haley jones,2.0,8.0,10.0,pbp
401507185,,monique billings,4.0,0.0,4.0,pbp
401507185,,naz hillmon,0.0,4.0,4.0,pbp
401507185,,nia coffey,2.0,0.0,2.0,pbp
401507185,,rebecca allen,0.0,3.0,3.0,pbp
401507185,,rhyne howard,7.0,12.0,19.0,pbp
401507185,,tiffany hayes,2.0,2.0,4.0,pbp
401507186,,alanna smith,7.0,1.0,8.0,pbp
401507186,,aliyah boston,10.0,9.0,19.0,pbp
401507186,,dana evans,0.0,21.0,21.0,pbp
401507186,,elizabeth williams,4.0,4.0,8.0,pbp
401507186,,erica wheeler,2.0,8.0,10.0,pbp
401507186,,kelsey mitchell,2.0,13.0,15.0,pbp
401507186,,kristy wallace,4.0,4.0,8.0,pbp
401507186,,lexie hull,2.0,0.0,2.0,pbp
401507186,,marina mabrey,14.0,21.0,35.0,pbp
401507186,,maya caldwell,3.0,3.0,6.0,pbp
401507186,,nalyssa smith,5.0,10.0,15.0,pbp
401507186,,robyn parks,8.0,5.0,13.0,pbp
401507186,,sika kone,4.0,0.0,4.0,pbp
401507186,,victoria vivians,10.0,7.0,17.0,pbp
401507187,,a'ja wilson,12.0,2.0,14.0,pbp
401507187,,alysha clark,6.0,0.0,6.0,pbp
401507187,,arella guirantes,0.0,1.0,1.0,pbp
401507187,,candace parker,2.0,5.0,7.0,pbp
401507187,,cayla george,0.0,2.0,2.0,pbp
401507187,,chelsea gray,4.0,4.0,8.0,pbp
401507187,,ezi magbegor,12.0,11.0,23.0,pbp
401507187,,ivana dojkic,11.0,5.0,16.0,pbp
401507187,,jackie young,13.0,15.0,28.0,pbp
401507187,,jewell loyd,8.0,9.0,17.0,pbp
401507187,,jordan horston,4.0,0.0,4.0,pbp
401507187,,kelsey plum,10.0,9.0,19.0,pbp
401507187,,kia nurse,2.0,0.0,2.0,pbp
401507187,,kierstan bell,0.0,12.0,12.0,pbp
401507188,,amanda zahui b.,0.0,7.0,7.0,pbp
401507188,,ariel atkins,5.0,6.0,11.0,pbp
401507188,,brianna turner,4.0,1.0,5.0,pbp
401507188,,brittney sykes,16.0,0.0,16.0,pbp
401507188,,elena delle donne,12.0,5.0,17.0,pbp
401507188,,kadi sissoko,0.0,2.0,2.0,pbp
401507188,,kristi toliver,3.0,3.0,6.0,pbp
401507188,,li meng,3.0,11.0,14.0,pbp
401507188,,megan gustafson,0.0,6.0,6.0,pbp
401507188,,michaela onyenwere,12.0,8.0,20.0,pbp
401507188,,moriah jefferson,4.0,6.0,10.0,pbp
401507188,,shakira austin,6.0,0.0,6.0,pbp
401507188,,shatori walker-kimbrough,7.0,0.0,7.0,pbp
401507188,,shey peddy,3.0,3.0,6.0,pbp
401507188,,sophie cunningham,11.0,2.0,13.0,pbp
401507188,,sug sutton,4.0,3.0,7.0,pbp
401507188,,tianna hawkins,2.0,2.0,4.0,pbp
401507189,,azura stevens,5.0,3.0,8.0,pbp
401507189,,bridget carleton,0.0,2.0,2.0,pbp
401507189,,chiney ogwumike,5.0,0.0,5.0,pbp
401507189,,dearica hamby,11.0,3.0,14.0,pbp
401507189,,dorka juhasz,4.0,5.0,9.0,pbp
401507189,,jasmine thomas,2.0,3.0,5.0,pbp
401507189,,jordin canada,9.0,13.0,22.0,pbp
401507189,,karlie samuelson,3.0,2.0,5.0,pbp
401507189,,kayla mcbride,7.0,8.0,15.0,pbp
401507189,,lindsay allen,0.0,3.0,3.0,pbp
401507189,,napheesa collier,12.0,13.0,25.0,pbp
401507189,,nikolina milic,10.0,0.0,10.0,pbp
401507189,,nneka ogwumike,5.0,3.0,8.0,pbp
401507189,,rachel banham,0.0,7.0,7.0,pbp
401507189,,tiffany mitchell,1.0,4.0,5.0,pbp
401507189,,zia cooke,3.0,2.0,5.0,pbp
401507190,,arike ogunbowale,14.0,26.0,40.0,pbp
401507190,,crystal dangerfield,8.0,7.0,15.0,pbp
401507190,,dulcy fankam mendjiadeu,2.0,0.0,2.0,pbp
401507190,,ezi magbegor,3.0,12.0,15.0,pbp
401507190,,ivana dojkic,6.0,8.0,14.0,pbp
401507190,,jewell loyd,25.0,14.0,39.0,pbp
401507190,,jordan horston,4.0,4.0,8.0,pbp
401507190,,kalani brown,2.0,0.0,2.0,pbp
401507190,,kia nurse,9.0,2.0,11.0,pbp
401507190,,mercedes russell,4.0,8.0,12.0,pbp
401507190,,natasha howard,8.0,12.0,20.0,pbp
401507190,,sami whitcomb,2.0,6.0,8.0,pbp
401507190,,satou sabally,15.0,10.0,25.0,pbp
401507191,,betnijah laney,5.0,3.0,8.0,pbp
401507191,,breanna stewart,22.0,5.0,27.0,pbp
401507191,,brianna turner,4.0,2.0,6.0,pbp
401507191,,courtney vandersloot,3.0,5.0,8.0,pbp
401507191,,jocelyn willoughby,2.0,3.0,5.0,pbp
401507191,,jonquel jones,8.0,5.0,13.0,pbp
401507191,,kadi sissoko,2.0,2.0,4.0,pbp
401507191,,kayla thornton,5.0,1.0,6.0,pbp
401507191,,marine johannes,0.0,10.0,10.0,pbp
401507191,,megan gustafson,4.0,2.0,6.0,pbp
401507191,,michaela onyenwere,5.0,0.0,5.0,pbp
401507191,,moriah jefferson,6.0,5.0,11.0,pbp
401507191,,nyara sabally,3.0,2.0,5.0,pbp
401507191,,shey peddy,0.0,2.0,2.0,pbp
401507191,,sophie cunningham,9.0,18.0,27.0,pbp
401507191,,stefanie dolson,4.0,2.0,6.0,pbp
401507191,,sug sutton,4.0,6.0,10.0,pbp
401507192,,alanna smith,8.0,0.0,8.0,pbp
401507192,,ariel atkins,2.0,7.0,9.0,pbp
401507192,,brittney sykes,14.0,2.0,16.0,pbp
401507192,,courtney williams,2.0,0.0,2.0,pbp
401507192,,dana evans,0.0,3.0,3.0,pbp
401507192,,elena delle donne,13.0,7.0,20.0,pbp
401507192,,elizabeth williams,5.0,4.0,9.0,pbp
401507192,,kahleah copper,4.0,4.0,8.0,pbp
401507192,,li meng,3.0,3.0,6.0,pbp
401507192,,marina mabrey,9.0,2.0,11.0,pbp
401507192,,morgan bertsch,4.0,12.0,16.0,pbp
401507192,,myisha hines-allen,2.0,2.0,4.0,pbp
401507192,,natasha cloud,0.0,2.0,2.0,pbp
401507192,,shakira austin,4.0,8.0,12.0,pbp
401507192,,shatori walker-kimbrough,4.0,0.0,4.0,pbp
401507192,,sika kone,1.0,6.0,7.0,pbp
401507192,,taylor soule,5.0,0.0,5.0,pbp
401507192,,tianna hawkins,0.0,4.0,4.0,pbp
401507193,,ad durr,5.0,2.0,7.0,pbp
401507193,,aliyah boston,13.0,12.0,25.0,pbp
401507193,,allisha gray,4.0,21.0,25.0,pbp
401507193,,cheyenne parker,10.0,5.0,15.0,pbp
401507193,,danielle robinson,2.0,5.0,7.0,pbp
401507193,,emma cannon,0.0,5.0,5.0,pbp
401507193,,erica wheeler,0.0,4.0,4.0,pbp
401507193,,grace berger,2.0,0.0,2.0,pbp
401507193,,haley jones,6.0,2.0,8.0,pbp
401507193,,kelsey mitchell,11.0,12.0,23.0,pbp
401507193,,kristy wallace,4.0,9.0,13.0,pbp
401507193,,lexie hull,2.0,0.0,2.0,pbp
401507193,,maya caldwell,0.0,2.0,2.0,pbp
401507193,,nalyssa smith,6.0,6.0,12.0,pbp
401507193,,naz hillmon,6.0,0.0,6.0,pbp
401507193,,nia coffey,2.0,9.0,11.0,pbp
401507193,,queen egbo,1.0,2.0,3.0,pbp
401507193,,rhyne howard,12.0,8.0,20.0,pbp
401507193,,victoria vivians,2.0,0.0,2.0,pbp
401507194,,alyssa thomas,12.0,4.0,16.0,pbp
401507194,,azura stevens,8.0,3.0,11.0,pbp
401507194,,brionna jones,7.0,10.0,17.0,pbp
401507194,,chiney ogwumike,2.0,4.0,6.0,pbp
401507194,,dearica hamby,8.0,0.0,8.0,pbp
401507194,,destanni henderson,0.0,2.0,2.0,pbp
401507194,,dewanna bonner,5.0,15.0,20.0,pbp
401507194,,dijonai carrington,5.0,4.0,9.0,pbp
401507194,,jordin canada,7.0,7.0,14.0,pbp
401507194,,karlie samuelson,7.0,4.0,11.0,pbp
401507194,,natisha hiedeman,0.0,3.0,3.0,pbp
401507194,,nneka ogwumike,9.0,10.0,19.0,pbp
401507194,,olivia nelson-ododa,2.0,0.0,2.0,pbp
401507194,,tiffany hayes,4.0,5.0,9.0,pbp
401507194,,tyasha harris,4.0,3.0,7.0,pbp
401507194,,zia cooke,2.0,0.0,2.0,pbp
401507195,,a'ja wilson,6.0,2.0,8.0,pbp
401507195,,alysha clark,2.0,3.0,5.0,pbp
401507195,,bridget carleton,3.0,0.0,3.0,pbp
401507195,,candace parker,4.0,7.0,11.0,pbp
401507195,,chelsea gray,14.0,3.0,17.0,pbp
401507195,,dorka juhasz,4.0,0.0,4.0,pbp
401507195,,emily engstler,0.0,2.0,2.0,pbp
401507195,,jackie young,12.0,12.0,24.0,pbp
401507195,,kayla mcbride,7.0,0.0,7.0,pbp
401507195,,kelsey plum,13.0,8.0,21.0,pbp
401507195,,kiah stokes,3.0,0.0,3.0,pbp
401507195,,kierstan bell,0.0,4.0,4.0,pbp
401507195,,lindsay allen,2.0,6.0,8.0,pbp
401507195,,napheesa collier,15.0,3.0,18.0,pbp
401507195,,nikolina milic,5.0,0.0,5.0,pbp
401507195,,rachel banham,4.0,2.0,6.0,pbp
401507195,,tiffany mitchell,0.0,8.0,8.0,pbp
401507196,,ad durr,0.0,2.0,2.0,pbp
401507196,,allisha gray,7.0,2.0,9.0,pbp
401507196,,arike ogunbowale,16.0,5.0,21.0,pbp
401507196,,cheyenne parker,14.0,1.0,15.0,pbp
401507196,,crystal dangerfield,0.0,4.0,4.0,pbp
401507196,,danielle robinson,5.0,1.0,6.0,pbp
401507196,,haley jones,0.0,4.0,4.0,pbp
401507196,,kalani brown,4.0,7.0,11.0,pbp
401507196,,laeticia amihere,0.0,4.0,4.0,pbp
401507196,,maddy siegrist,0.0,4.0,4.0,pbp
401507196,,monique billings,3.0,0.0,3.0,pbp
401507196,,natasha howard,10.0,13.0,23.0,pbp
401507196,,naz hillmon,0.0,4.0,4.0,pbp
401507196,,nia coffey,0.0,2.0,2.0,pbp
401507196,,rhyne howard,3.0,11.0,14.0,pbp
401507196,,satou sabally,2.0,8.0,10.0,pbp
401507196,,taylor mikesell,0.0,9.0,9.0,pbp
401507196,,teaira mccowan,8.0,1.0,9.0,pbp
401507196,,veronica burton,3.0,0.0,3.0,pbp
401507197,,bridget carleton,0.0,14.0,14.0,pbp
401507197,,chiney ogwumike,0.0,4.0,4.0,pbp
401507197,,dearica hamby,5.0,4.0,9.0,pbp
401507197,,destanni henderson,2.0,0.0,2.0,pbp
401507197,,jordin canada,2.0,7.0,9.0,pbp
401507197,,karlie samuelson,6.0,3.0,9.0,pbp
401507197,,kayla mcbride,3.0,2.0,5.0,pbp
401507197,,lindsay allen,2.0,3.0,5.0,pbp
401507197,,napheesa collier,12.0,14.0,26.0,pbp
401507197,,nikolina milic,7.0,2.0,9.0,pbp
401507197,,nneka ogwumike,13.0,7.0,20.0,pbp
401507197,,rae burrell,5.0,2.0,7.0,pbp
401507197,,tiffany mitchell,8.0,0.0,8.0,pbp
401507198,,alyssa thomas,7.0,6.0,13.0,pbp
401507198,,brionna jones,8.0,5.0,13.0,pbp
401507198,,dewanna bonner,14.0,6.0,20.0,pbp
401507198,,dijonai carrington,4.0,0.0,4.0,pbp
401507198,,ezi magbegor,8.0,5.0,13.0,pbp
401507198,,ivana dojkic,2.0,3.0,5.0,pbp
401507198,,jewell loyd,21.0,10.0,31.0,pbp
401507198,,jordan horston,6.0,5.0,11.0,pbp
401507198,,joyner holmes,0.0,3.0,3.0,pbp
401507198,,kia nurse,2.0,2.0,4.0,pbp
401507198,,mercedes russell,3.0,2.0,5.0,pbp
401507198,,natisha hiedeman,4.0,12.0,16.0,pbp
401507198,,olivia nelson-ododa,4.0,2.0,6.0,pbp
401507198,,sami whitcomb,5.0,0.0,5.0,pbp
401507198,,tiffany hayes,4.0,8.0,12.0,pbp
401507199,,a'ja wilson,12.0,8.0,20.0,pbp
401507199,,alysha clark,4.0,0.0,4.0,pbp
401507199,,brianna turner,2.0,6.0,8.0,pbp
401507199,,candace parker,4.0,4.0,8.0,pbp
401507199,,cayla george,0.0,6.0,6.0,pbp
401507199,,chelsea gray,6.0,5.0,11.0,pbp
401507199,,evina westbrook,2.0,3.0,5.0,pbp
401507199,,jackie young,16.0,6.0,22.0,pbp
401507199,,kelsey plum,10.0,11.0,21.0,pbp
401507199,,kierstan bell,5.0,0.0,5.0,pbp
401507199,,megan gustafson,5.0,5.0,10.0,pbp
401507199,,michaela onyenwere,9.0,0.0,9.0,pbp
401507199,,moriah jefferson,7.0,5.0,12.0,pbp
401507199,,sophie cunningham,6.0,7.0,13.0,pbp
401507199,,sug sutton,8.0,13.0,21.0,pbp
401507199,,sydney colson,0.0,1.0,1.0,pbp
401507200,,abby meyers,2.0,0.0,2.0,pbp
401507200,,alanna smith,3.0,10.0,13.0,pbp
401507200,,ariel atkins,7.0,5.0,12.0,pbp
401507200,,brittney sykes,2.0,6.0,8.0,pbp
401507200,,courtney williams,3.0,2.0,5.0,pbp
401507200,,dana evans,2.0,3.0,5.0,pbp
401507200,,elena delle donne,9.0,9.0,18.0,pbp
401507200,,elizabeth williams,4.0,2.0,6.0,pbp
401507200,,kahleah copper,4.0,3.0,7.0,pbp
401507200,,kristine anigwe,0.0,3.0,3.0,pbp
401507200,,marina mabrey,7.0,0.0,7.0,pbp
401507200,,morgan bertsch,3.0,4.0,7.0,pbp
401507200,,myisha hines-allen,2.0,0.0,2.0,pbp
401507200,,natasha cloud,9.0,7.0,16.0,pbp
401507200,,robyn parks,3.0,0.0,3.0,pbp
401507200,,shakira austin,4.0,6.0,10.0,pbp
401507200,,shatori walker-kimbrough,6.0,2.0,8.0,pbp
401507200,,sika kone,0.0,2.0,2.0,pbp
401507200,,tianna hawkins,2.0,2.0,4.0,pbp
401507201,,alyssa thomas,10.0,5.0,15.0,pbp
401507201,,bridget carleton,0.0,4.0,4.0,pbp
401507201,,dewanna bonner,4.0,7.0,11.0,pbp
401507201,,dijonai carrington,5.0,12.0,17.0,pbp
401507201,,dorka juhasz,2.0,6.0,8.0,pbp
401507201,,emily engstler,0.0,6.0,6.0,pbp
401507201,,kayla mcbride,1.0,3.0,4.0,pbp
401507201,,leigha brown,0.0,1.0,1.0,pbp
401507201,,lindsay allen,0.0,8.0,8.0,pbp
401507201,,liz dixon,0.0,2.0,2.0,pbp
401507201,,napheesa collier,13.0,8.0,21.0,pbp
401507201,,natisha hiedeman,1.0,3.0,4.0,pbp
401507201,,nikolina milic,6.0,0.0,6.0,pbp
401507201,,olivia nelson-ododa,0.0,4.0,4.0,pbp
401507201,,rachel banham,0.0,5.0,5.0,pbp
401507201,,rebecca allen,5.0,3.0,8.0,pbp
401507201,,tiffany hayes,16.0,5.0,21.0,pbp
401507201,,tiffany mitchell,6.0,0.0,6.0,pbp
401507201,,tyasha harris,0.0,6.0,6.0,pbp
401507202,,aliyah boston,8.0,1.0,9.0,pbp
401507202,,emma cannon,4.0,6.0,10.0,pbp
401507202,,erica wheeler,8.0,2.0,10.0,pbp
401507202,,ezi magbegor,13.0,5.0,18.0,pbp
401507202,,ivana dojkic,8.0,3.0,11.0,pbp
401507202,,jewell loyd,13.0,6.0,19.0,pbp
401507202,,jordan horston,0.0,4.0,4.0,pbp
401507202,,kelsey mitchell,12.0,13.0,25.0,pbp
401507202,,kia nurse,3.0,6.0,9.0,pbp
401507202,,kristy wallace,0.0,4.0,4.0,pbp
401507202,,lexie hull,4.0,2.0,6.0,pbp
401507202,,maya caldwell,2.0,2.0,4.0,pbp
401507202,,mercedes russell,4.0,0.0,4.0,pbp
401507202,,nalyssa smith,10.0,2.0,12.0,pbp
401507202,,sami whitcomb,3.0,0.0,3.0,pbp
401507203,,ad durr,0.0,5.0,5.0,pbp
401507203,,allisha gray,14.0,3.0,17.0,pbp
401507203,,betnijah laney,3.0,15.0,18.0,pbp
401507203,,breanna stewart,11.0,2.0,13.0,pbp
401507203,,cheyenne parker,9.0,4.0,13.0,pbp
401507203,,courtney vandersloot,8.0,8.0,16.0,pbp
401507203,,danielle robinson,4.0,2.0,6.0,pbp
401507203,,haley jones,2.0,0.0,2.0,pbp
401507203,,jocelyn willoughby,0.0,3.0,3.0,pbp
401507203,,jonquel jones,15.0,3.0,18.0,pbp
401507203,,kayla thornton,8.0,2.0,10.0,pbp
401507203,,laeticia amihere,1.0,1.0,2.0,pbp
401507203,,marine johannes,9.0,8.0,17.0,pbp
401507203,,monique billings,0.0,7.0,7.0,pbp
401507203,,naz hillmon,0.0,2.0,2.0,pbp
401507203,,nyara sabally,0.0,2.0,2.0,pbp
401507203,,rhyne howard,9.0,14.0,23.0,pbp
401507203,,sabrina ionescu,4.0,4.0,8.0,pbp
401507203,,stefanie dolson,1.0,2.0,3.0,pbp
401507203,,taylor mikesell,0.0,2.0,2.0,pbp
401507204,,arike ogunbowale,13.0,2.0,15.0,pbp
401507204,,awak kuier,2.0,0.0,2.0,pbp
401507204,,azura stevens,3.0,1.0,4.0,pbp
401507204,,chiney ogwumike,0.0,5.0,5.0,pbp
401507204,,crystal dangerfield,2.0,5.0,7.0,pbp
401507204,,dearica hamby,2.0,0.0,2.0,pbp
401507204,,destanni henderson,10.0,8.0,18.0,pbp
401507204,,jordin canada,7.0,11.0,18.0,pbp
401507204,,kalani brown,0.0,3.0,3.0,pbp
401507204,,karlie samuelson,3.0,2.0,5.0,pbp
401507204,,maddy siegrist,2.0,0.0,2.0,pbp
401507204,,natasha howard,15.0,8.0,23.0,pbp
401507204,,nneka ogwumike,6.0,14.0,20.0,pbp
401507204,,rae burrell,0.0,2.0,2.0,pbp
401507204,,satou sabally,5.0,8.0,13.0,pbp
401507204,,teaira mccowan,2.0,4.0,6.0,pbp
401507204,,veronica burton,0.0,2.0,2.0,pbp
401507204,,zia cooke,2.0,0.0,2.0,pbp
401507205,,a'ja wilson,18.0,10.0,28.0,pbp
401507205,,aliyah boston,14.0,4.0,18.0,pbp
401507205,,alysha clark,5.0,4.0,9.0,pbp
401507205,,candace parker,7.0,8.0,15.0,pbp
401507205,,chelsea gray,8.0,5.0,13.0,pbp
401507205,,erica wheeler,4.0,0.0,4.0,pbp
401507205,,jackie young,6.0,3.0,9.0,pbp
401507205,,kelsey mitchell,5.0,4.0,9.0,pbp
401507205,,kelsey plum,12.0,14.0,26.0,pbp
401507205,,kristy wallace,2.0,11.0,13.0,pbp
401507205,,lexie hull,6.0,9.0,15.0,pbp
401507205,,nalyssa smith,12.0,14.0,26.0,pbp
401507205,,queen egbo,0.0,3.0,3.0,pbp
401507206,,brianna turner,4.0,0.0,4.0,pbp
401507206,,brittney griner,2.0,9.0,11.0,pbp
401507206,,diana taurasi,2.0,11.0,13.0,pbp
401507206,,dulcy fankam mendjiadeu,0.0,4.0,4.0,pbp
401507206,,ezi magbegor,11.0,4.0,15.0,pbp
401507206,,ivana dojkic,4.0,2.0,6.0,pbp
401507206,,jennie simms,2.0,2.0,4.0,pbp
401507206,,jewell loyd,13.0,10.0,23.0,pbp
401507206,,joyner holmes,5.0,7.0,12.0,pbp
401507206,,kia nurse,3.0,6.0,9.0,pbp
401507206,,megan gustafson,0.0,5.0,5.0,pbp
401507206,,mercedes russell,5.0,2.0,7.0,pbp
401507206,,michaela onyenwere,11.0,3.0,14.0,pbp
401507206,,moriah jefferson,8.0,10.0,18.0,pbp
401507206,,sami whitcomb,6.0,8.0,14.0,pbp
401507206,,sophie cunningham,3.0,0.0,3.0,pbp
401507206,,sug sutton,2.0,0.0,2.0,pbp
401507206,,yvonne turner,2.0,4.0,6.0,pbp
401507207,,alanna smith,8.0,3.0,11.0,pbp
401507207,,alyssa thomas,10.0,4.0,14.0,pbp
401507207,,courtney williams,8.0,3.0,11.0,pbp
401507207,,dana evans,2.0,2.0,4.0,pbp
401507207,,dewanna bonner,12.0,14.0,26.0,pbp
401507207,,dijonai carrington,6.0,11.0,17.0,pbp
401507207,,elizabeth williams,2.0,4.0,6.0,pbp
401507207,,kahleah copper,15.0,14.0,29.0,pbp
401507207,,kristine anigwe,0.0,1.0,1.0,pbp
401507207,,liz dixon,0.0,2.0,2.0,pbp
401507207,,marina mabrey,7.0,3.0,10.0,pbp
401507207,,natisha hiedeman,9.0,5.0,14.0,pbp
401507207,,olivia nelson-ododa,4.0,0.0,4.0,pbp
401507207,,rebecca allen,5.0,0.0,5.0,pbp
401507207,,tiffany hayes,5.0,6.0,11.0,pbp
401507207,,tyasha harris,3.0,0.0,3.0,pbp
401507208,,ariel atkins,12.0,11.0,23.0,pbp
401507208,,betnijah laney,10.0,7.0,17.0,pbp
401507208,,breanna stewart,6.0,12.0,18.0,pbp
401507208,,brittney sykes,6.0,7.0,13.0,pbp
401507208,,courtney vandersloot,4.0,7.0,11.0,pbp
401507208,,elena delle donne,9.0,6.0,15.0,pbp
401507208,,kayla thornton,1.0,4.0,5.0,pbp
401507208,,marine johannes,3.0,0.0,3.0,pbp
401507208,,myisha hines-allen,3.0,2.0,5.0,pbp
401507208,,natasha cloud,10.0,13.0,23.0,pbp
401507208,,nyara sabally,4.0,0.0,4.0,pbp
401507208,,sabrina ionescu,10.0,19.0,29.0,pbp
401507208,,shakira austin,4.0,2.0,6.0,pbp
401507208,,tianna hawkins,0.0,2.0,2.0,pbp
401507209,,arike ogunbowale,11.0,7.0,18.0,pbp
401507209,,awak kuier,2.0,0.0,2.0,pbp
401507209,,azura stevens,2.0,5.0,7.0,pbp
401507209,,chiney ogwumike,0.0,2.0,2.0,pbp
401507209,,crystal dangerfield,5.0,13.0,18.0,pbp
401507209,,dearica hamby,11.0,6.0,17.0,pbp
401507209,,destanni henderson,0.0,9.0,9.0,pbp
401507209,,jordin canada,5.0,5.0,10.0,pbp
401507209,,kalani brown,8.0,2.0,10.0,pbp
401507209,,karlie samuelson,8.0,6.0,14.0,pbp
401507209,,natasha howard,4.0,9.0,13.0,pbp
401507209,,nneka ogwumike,11.0,16.0,27.0,pbp
401507209,,rae burrell,3.0,0.0,3.0,pbp
401507209,,satou sabally,6.0,2.0,8.0,pbp
401507209,,teaira mccowan,8.0,6.0,14.0,pbp
401507209,,zia cooke,4.0,0.0,4.0,pbp
401507210,,a'ja wilson,22.0,2.0,24.0,pbp
401507210,,aliyah boston,10.0,10.0,20.0,pbp
401507210,,alysha clark,0.0,3.0,3.0,pbp
401507210,,candace parker,1.0,0.0,1.0,pbp
401507210,,chelsea gray,10.0,15.0,25.0,pbp
401507210,,erica wheeler,10.0,9.0,19.0,pbp
401507210,,jackie young,10.0,5.0,15.0,pbp
401507210,,kelsey mitchell,12.0,1.0,13.0,pbp
401507210,,kelsey plum,2.0,15.0,17.0,pbp
401507210,,kierstan bell,2.0,0.0,2.0,pbp
401507210,,kristy wallace,0.0,3.0,3.0,pbp
401507210,,lexie hull,3.0,2.0,5.0,pbp
401507210,,maya caldwell,5.0,0.0,5.0,pbp
401507210,,nalyssa smith,8.0,5.0,13.0,pbp
401507211,,alyssa thomas,7.0,4.0,11.0,pbp
401507211,,betnijah laney,10.0,6.0,16.0,pbp
401507211,,breanna stewart,14.0,10.0,24.0,pbp
401507211,,courtney vandersloot,9.0,8.0,17.0,pbp
401507211,,dewanna bonner,10.0,2.0,12.0,pbp
401507211,,dijonai carrington,6.0,17.0,23.0,pbp
401507211,,jonquel jones,4.0,10.0,14.0,pbp
401507211,,kayla thornton,3.0,4.0,7.0,pbp
401507211,,marine johannes,3.0,0.0,3.0,pbp
401507211,,natisha hiedeman,6.0,0.0,6.0,pbp
401507211,,nyara sabally,2.0,0.0,2.0,pbp
401507211,,olivia nelson-ododa,6.0,8.0,14.0,pbp
401507211,,rebecca allen,2.0,0.0,2.0,pbp
401507211,,sabrina ionescu,2.0,4.0,6.0,pbp
401507211,,tiffany hayes,4.0,2.0,6.0,pbp
401507211,,tyasha harris,2.0,5.0,7.0,pbp
401507212,,bridget carleton,2.0,0.0,2.0,pbp
401507212,,diamond miller,8.0,10.0,18.0,pbp
401507212,,dorka juhasz,10.0,0.0,10.0,pbp
401507212,,ezi magbegor,10.0,10.0,20.0,pbp
401507212,,ivana dojkic,9.0,5.0,14.0,pbp
401507212,,jewell loyd,7.0,7.0,14.0,pbp
401507212,,joyner holmes,7.0,4.0,11.0,pbp
401507212,,kayla mcbride,9.0,9.0,18.0,pbp
401507212,,kia nurse,6.0,4.0,10.0,pbp
401507212,,lindsay allen,3.0,8.0,11.0,pbp
401507212,,mercedes russell,2.0,2.0,4.0,pbp
401507212,,napheesa collier,9.0,24.0,33.0,pbp
401507212,,nikolina milic,9.0,0.0,9.0,pbp
401507212,,rachel banham,3.0,0.0,3.0,pbp
401507212,,sami whitcomb,6.0,14.0,20.0,pbp
401507213,,arike ogunbowale,9.0,14.0,23.0,pbp
401507213,,awak kuier,2.0,2.0,4.0,pbp
401507213,,brianna turner,4.0,0.0,4.0,pbp
401507213,,brittney griner,11.0,9.0,20.0,pbp
401507213,,diana taurasi,5.0,0.0,5.0,pbp
401507213,,jennie simms,3.0,0.0,3.0,pbp
401507213,,maddy siegrist,0.0,2.0,2.0,pbp
401507213,,michaela onyenwere,2.0,10.0,12.0,pbp
401507213,,moriah jefferson,4.0,7.0,11.0,pbp
401507213,,natasha howard,12.0,7.0,19.0,pbp
401507213,,satou sabally,11.0,7.0,18.0,pbp
401507213,,sug sutton,2.0,4.0,6.0,pbp
401507213,,teaira mccowan,2.0,6.0,8.0,pbp
401507213,,veronica burton,0.0,3.0,3.0,pbp
401507214,,alanna smith,7.0,2.0,9.0,pbp
401507214,,azura stevens,0.0,2.0,2.0,pbp
401507214,,chiney ogwumike,9.0,2.0,11.0,pbp
401507214,,courtney williams,10.0,11.0,21.0,pbp
401507214,,dana evans,7.0,4.0,11.0,pbp
401507214,,dearica hamby,3.0,3.0,6.0,pbp
401507214,,elizabeth williams,4.0,4.0,8.0,pbp
401507214,,jasmine thomas,2.0,2.0,4.0,pbp
401507214,,jordin canada,9.0,4.0,13.0,pbp
401507214,,kahleah copper,7.0,7.0,14.0,pbp
401507214,,karlie samuelson,6.0,5.0,11.0,pbp
401507214,,marina mabrey,7.0,5.0,12.0,pbp
401507214,,morgan bertsch,4.0,0.0,4.0,pbp
401507214,,nneka ogwumike,8.0,8.0,16.0,pbp
401507215,,abby meyers,2.0,0.0,2.0,pbp
401507215,,ad durr,3.0,0.0,3.0,pbp
401507215,,allisha gray,12.0,5.0,17.0,pbp
401507215,,amanda zahui b.,3.0,0.0,3.0,pbp
401507215,,ariel atkins,8.0,11.0,19.0,pbp
401507215,,brittney sykes,10.0,2.0,12.0,pbp
401507215,,cheyenne parker,4.0,19.0,23.0,pbp
401507215,,danielle robinson,0.0,6.0,6.0,pbp
401507215,,elena delle donne,12.0,13.0,25.0,pbp
401507215,,laeticia amihere,1.0,6.0,7.0,pbp
401507215,,monique billings,2.0,2.0,4.0,pbp
401507215,,myisha hines-allen,8.0,8.0,16.0,pbp
401507215,,natasha cloud,5.0,3.0,8.0,pbp
401507215,,naz hillmon,0.0,4.0,4.0,pbp
401507215,,nia coffey,11.0,3.0,14.0,pbp
401507215,,rhyne howard,0.0,7.0,7.0,pbp
401507215,,shatori walker-kimbrough,7.0,4.0,11.0,pbp
401507215,,tianna hawkins,6.0,7.0,13.0,pbp
401507216,,a'ja wilson,4.0,12.0,16.0,pbp
401507216,,alysha clark,4.0,5.0,9.0,pbp
401507216,,betnijah laney,3.0,0.0,3.0,pbp
401507216,,breanna stewart,14.0,2.0,16.0,pbp
401507216,,candace parker,8.0,7.0,15.0,pbp
401507216,,cayla george,0.0,2.0,2.0,pbp
401507216,,chelsea gray,9.0,4.0,13.0,pbp
401507216,,courtney vandersloot,6.0,4.0,10.0,pbp
401507216,,epiphanny prince,0.0,8.0,8.0,pbp
401507216,,jackie young,7.0,8.0,15.0,pbp
401507216,,jocelyn willoughby,0.0,4.0,4.0,pbp
401507216,,jonquel jones,10.0,3.0,13.0,pbp
401507216,,kayla thornton,3.0,0.0,3.0,pbp
401507216,,kelsey plum,15.0,3.0,18.0,pbp
401507216,,kiah stokes,2.0,5.0,7.0,pbp
401507216,,kierstan bell,0.0,2.0,2.0,pbp
401507216,,marine johannes,4.0,6.0,10.0,pbp
401507216,,nyara sabally,0.0,6.0,6.0,pbp
401507216,,sabrina ionescu,2.0,5.0,7.0,pbp
401507217,,alaina coates,2.0,0.0,2.0,pbp
401507217,,aliyah boston,4.0,2.0,6.0,pbp
401507217,,brianna turner,4.0,7.0,11.0,pbp
401507217,,brittney griner,15.0,7.0,22.0,pbp
401507217,,diana taurasi,8.0,8.0,16.0,pbp
401507217,,emma cannon,4.0,0.0,4.0,pbp
401507217,,erica wheeler,3.0,5.0,8.0,pbp
401507217,,grace berger,0.0,2.0,2.0,pbp
401507217,,jennie simms,2.0,0.0,2.0,pbp
401507217,,kadi sissoko,0.0,4.0,4.0,pbp
401507217,,kelsey mitchell,11.0,3.0,14.0,pbp
401507217,,kristy wallace,2.0,7.0,9.0,pbp
401507217,,lexie hull,4.0,0.0,4.0,pbp
401507217,,maya caldwell,0.0,3.0,3.0,pbp
401507217,,michaela onyenwere,5.0,4.0,9.0,pbp
401507217,,moriah jefferson,9.0,0.0,9.0,pbp
401507217,,nalyssa smith,4.0,6.0,10.0,pbp
401507217,,sophie cunningham,2.0,0.0,2.0,pbp
401507217,,sug sutton,5.0,2.0,7.0,pbp
401507217,,victoria vivians,2.0,0.0,2.0,pbp
401507218,,bridget carleton,6.0,0.0,6.0,pbp
401507218,,diamond miller,9.0,10.0,19.0,pbp
401507218,,dorka juhasz,6.0,5.0,11.0,pbp
401507218,,dulcy fankam mendjiadeu,2.0,6.0,8.0,pbp
401507218,,ezi magbegor,11.0,5.0,16.0,pbp
401507218,,ivana dojkic,2.0,4.0,6.0,pbp
401507218,,jewell loyd,16.0,25.0,41.0,pbp
401507218,,kayla mcbride,8.0,11.0,19.0,pbp
401507218,,kia nurse,3.0,0.0,3.0,pbp
401507218,,lindsay allen,2.0,3.0,5.0,pbp
401507218,,napheesa collier,12.0,19.0,31.0,pbp
401507218,,nikolina milic,5.0,0.0,5.0,pbp
401507218,,rachel banham,0.0,3.0,3.0,pbp
401507218,,sami whitcomb,11.0,11.0,22.0,pbp
401507219,,abby meyers,2.0,0.0,2.0,pbp
401507219,,ad durr,6.0,8.0,14.0,pbp
401507219,,allisha gray,8.0,18.0,26.0,pbp
401507219,,amanda zahui b.,2.0,0.0,2.0,pbp
401507219,,ariel atkins,5.0,5.0,10.0,pbp
401507219,,brittney sykes,12.0,3.0,15.0,pbp
401507219,,cheyenne parker,4.0,2.0,6.0,pbp
401507219,,danielle robinson,0.0,2.0,2.0,pbp
401507219,,elena delle donne,11.0,20.0,31.0,pbp
401507219,,laeticia amihere,2.0,3.0,5.0,pbp
401507219,,monique billings,5.0,4.0,9.0,pbp
401507219,,myisha hines-allen,0.0,2.0,2.0,pbp
401507219,,natasha cloud,6.0,9.0,15.0,pbp
401507219,,naz hillmon,2.0,0.0,2.0,pbp
401507219,,nia coffey,9.0,6.0,15.0,pbp
401507219,,rhyne howard,10.0,3.0,13.0,pbp
401507219,,shatori walker-kimbrough,5.0,0.0,5.0,pbp
401507219,,tianna hawkins,5.0,2.0,7.0,pbp
401507220,,alanna smith,4.0,14.0,18.0,pbp
401507220,,azura stevens,6.0,9.0,15.0,pbp
401507220,,courtney williams,8.0,4.0,12.0,pbp
401507220,,dana evans,5.0,3.0,8.0,pbp
401507220,,dearica hamby,4.0,8.0,12.0,pbp
401507220,,destanni henderson,0.0,6.0,6.0,pbp
401507220,,elizabeth williams,2.0,10.0,12.0,pbp
401507220,,jordin canada,7.0,0.0,7.0,pbp
401507220,,kahleah copper,9.0,8.0,17.0,pbp
401507220,,karlie samuelson,9.0,2.0,11.0,pbp
401507220,,marina mabrey,13.0,2.0,15.0,pbp
401507220,,morgan bertsch,2.0,2.0,4.0,pbp
401507220,,nneka ogwumike,12.0,2.0,14.0,pbp
401507220,,rae burrell,0.0,3.0,3.0,pbp
401507220,,zia cooke,0.0,10.0,10.0,pbp
401507221,,a'ja wilson,14.0,9.0,23.0,pbp
401507221,,alysha clark,6.0,3.0,9.0,pbp
401507221,,alyssa thomas,9.0,3.0,12.0,pbp
401507221,,candace parker,13.0,2.0,15.0,pbp
401507221,,cayla george,0.0,2.0,2.0,pbp
401507221,,chelsea gray,8.0,3.0,11.0,pbp
401507221,,dewanna bonner,17.0,2.0,19.0,pbp
401507221,,dijonai carrington,3.0,9.0,12.0,pbp
401507221,,jackie young,8.0,3.0,11.0,pbp
401507221,,kelsey plum,10.0,13.0,23.0,pbp
401507221,,kierstan bell,0.0,6.0,6.0,pbp
401507221,,leigha brown,0.0,5.0,5.0,pbp
401507221,,natisha hiedeman,13.0,0.0,13.0,pbp
401507221,,olivia nelson-ododa,0.0,9.0,9.0,pbp
401507221,,tiffany hayes,6.0,2.0,8.0,pbp
401507221,,tyasha harris,0.0,6.0,6.0,pbp
401507222,,brianna turner,0.0,2.0,2.0,pbp
401507222,,bridget carleton,2.0,4.0,6.0,pbp
401507222,,brittney griner,15.0,8.0,23.0,pbp
401507222,,diamond miller,16.0,8.0,24.0,pbp
401507222,,diana taurasi,5.0,2.0,7.0,pbp
401507222,,dorka juhasz,2.0,4.0,6.0,pbp
401507222,,jennie simms,0.0,2.0,2.0,pbp
401507222,,kayla mcbride,0.0,8.0,8.0,pbp
401507222,,lindsay allen,6.0,2.0,8.0,pbp
401507222,,michaela onyenwere,6.0,4.0,10.0,pbp
401507222,,moriah jefferson,7.0,7.0,14.0,pbp
401507222,,napheesa collier,6.0,10.0,16.0,pbp
401507222,,nikolina milic,4.0,0.0,4.0,pbp
401507222,,rachel banham,9.0,4.0,13.0,pbp
401507222,,shey peddy,0.0,8.0,8.0,pbp
401507222,,sug sutton,4.0,5.0,9.0,pbp
401507223,,allisha gray,9.0,6.0,15.0,pbp
401507223,,azura stevens,11.0,2.0,13.0,pbp
401507223,,cheyenne parker,1.0,6.0,7.0,pbp
401507223,,danielle robinson,2.0,2.0,4.0,pbp
401507223,,dearica hamby,12.0,6.0,18.0,pbp
401507223,,destanni henderson,2.0,0.0,2.0,pbp
401507223,,haley jones,1.0,8.0,9.0,pbp
401507223,,jasmine thomas,3.0,0.0,3.0,pbp
401507223,,karlie samuelson,3.0,3.0,6.0,pbp
401507223,,laeticia amihere,2.0,7.0,9.0,pbp
401507223,,monique billings,4.0,5.0,9.0,pbp
401507223,,naz hillmon,0.0,2.0,2.0,pbp
401507223,,nia coffey,10.0,3.0,13.0,pbp
401507223,,nneka ogwumike,10.0,15.0,25.0,pbp
401507223,,rae burrell,3.0,3.0,6.0,pbp
401507223,,rhyne howard,24.0,16.0,40.0,pbp
401507223,,zia cooke,4.0,7.0,11.0,pbp
401507224,,aliyah boston,4.0,0.0,4.0,pbp
401507224,,courtney williams,17.0,11.0,28.0,pbp
401507224,,dana evans,6.0,0.0,6.0,pbp
401507224,,elizabeth williams,13.0,4.0,17.0,pbp
401507224,,erica wheeler,2.0,7.0,9.0,pbp
401507224,,grace berger,3.0,0.0,3.0,pbp
401507224,,kahleah copper,5.0,10.0,15.0,pbp
401507224,,kelsey mitchell,18.0,8.0,26.0,pbp
401507224,,kristy wallace,1.0,6.0,7.0,pbp
401507224,,marina mabrey,10.0,6.0,16.0,pbp
401507224,,maya caldwell,5.0,0.0,5.0,pbp
401507224,,morgan bertsch,3.0,3.0,6.0,pbp
401507224,,nalyssa smith,10.0,17.0,27.0,pbp
401507224,,victoria vivians,4.0,2.0,6.0,pbp
401507225,,abby meyers,0.0,3.0,3.0,pbp
401507225,,amanda zahui b.,0.0,6.0,6.0,pbp
401507225,,ariel atkins,15.0,5.0,20.0,pbp
401507225,,arike ogunbowale,0.0,16.0,16.0,pbp
401507225,,awak kuier,0.0,2.0,2.0,pbp
401507225,,brittney sykes,7.0,8.0,15.0,pbp
401507225,,crystal dangerfield,2.0,3.0,5.0,pbp
401507225,,kalani brown,4.0,4.0,8.0,pbp
401507225,,maddy siegrist,0.0,2.0,2.0,pbp
401507225,,myisha hines-allen,1.0,3.0,4.0,pbp
401507225,,natasha cloud,0.0,7.0,7.0,pbp
401507225,,natasha howard,10.0,3.0,13.0,pbp
401507225,,odyssey sims,3.0,2.0,5.0,pbp
401507225,,satou sabally,12.0,14.0,26.0,pbp
401507225,,shatori walker-kimbrough,6.0,3.0,9.0,pbp
401507225,,teaira mccowan,6.0,4.0,10.0,pbp
401507225,,tianna hawkins,4.0,4.0,8.0,pbp
401507226,,betnijah laney,8.0,2.0,10.0,pbp
401507226,,breanna stewart,14.0,5.0,19.0,pbp
401507226,,courtney vandersloot,8.0,10.0,18.0,pbp
401507226,,dulcy fankam mendjiadeu,0.0,5.0,5.0,pbp
401507226,,ezi magbegor,8.0,4.0,12.0,pbp
401507226,,ivana dojkic,2.0,0.0,2.0,pbp
401507226,,jewell loyd,8.0,18.0,26.0,pbp
401507226,,jonquel jones,2.0,6.0,8.0,pbp
401507226,,kayla thornton,0.0,3.0,3.0,pbp
401507226,,kia nurse,5.0,5.0,10.0,pbp
401507226,,marine johannes,6.0,0.0,6.0,pbp
401507226,,nyara sabally,2.0,1.0,3.0,pbp
401507226,,sabrina ionescu,3.0,10.0,13.0,pbp
401507226,,sami whitcomb,4.0,6.0,10.0,pbp
401507227,,betnijah laney,7.0,6.0,13.0,pbp
401507227,,breanna stewart,19.0,24.0,43.0,pbp
401507227,,brianna turner,4.0,0.0,4.0,pbp
401507227,,brittney griner,6.0,15.0,21.0,pbp
401507227,,courtney vandersloot,5.0,3.0,8.0,pbp
401507227,,diana taurasi,8.0,14.0,22.0,pbp
401507227,,jonquel jones,11.0,2.0,13.0,pbp
401507227,,kayla thornton,3.0,3.0,6.0,pbp
401507227,,marine johannes,0.0,2.0,2.0,pbp
401507227,,michaela onyenwere,12.0,7.0,19.0,pbp
401507227,,moriah jefferson,8.0,6.0,14.0,pbp
401507227,,nyara sabally,2.0,0.0,2.0,pbp
401507227,,sabrina ionescu,6.0,5.0,11.0,pbp
401507227,,shey peddy,2.0,0.0,2.0,pbp
401507227,,sophie cunningham,5.0,7.0,12.0,pbp
401507228,,aliyah boston,16.0,6.0,22.0,pbp
401507228,,bridget carleton,0.0,2.0,2.0,pbp
401507228,,diamond miller,1.0,0.0,1.0,pbp
401507228,,dorka juhasz,2.0,4.0,6.0,pbp
401507228,,emma cannon,1.0,0.0,1.0,pbp
401507228,,erica wheeler,2.0,6.0,8.0,pbp
401507228,,grace berger,2.0,0.0,2.0,pbp
401507228,,kayana traylor,2.0,0.0,2.0,pbp
401507228,,kayla mcbride,10.0,11.0,21.0,pbp
401507228,,kelsey mitchell,1.0,6.0,7.0,pbp
401507228,,kristy wallace,2.0,4.0,6.0,pbp
401507228,,lexie hull,4.0,4.0,8.0,pbp
401507228,,lindsay allen,8.0,8.0,16.0,pbp
401507228,,maya caldwell,3.0,3.0,6.0,pbp
401507228,,nalyssa smith,8.0,10.0,18.0,pbp
401507228,,napheesa collier,16.0,16.0,32.0,pbp
401507228,,nikolina milic,5.0,0.0,5.0,pbp
401507228,,rachel banham,3.0,2.0,5.0,pbp
401507228,,victoria vivians,3.0,2.0,5.0,pbp
401507229,,a'ja wilson,7.0,15.0,22.0,pbp
401507229,,alysha clark,4.0,6.0,10.0,pbp
401507229,,arike ogunbowale,12.0,0.0,12.0,pbp
401507229,,candace parker,2.0,5.0,7.0,pbp
401507229,,chelsea gray,14.0,6.0,20.0,pbp
401507229,,crystal dangerfield,6.0,5.0,11.0,pbp
401507229,,jackie young,15.0,13.0,28.0,pbp
401507229,,kiah stokes,0.0,2.0,2.0,pbp
401507229,,maddy siegrist,2.0,0.0,2.0,pbp
401507229,,natasha howard,20.0,12.0,32.0,pbp
401507229,,odyssey sims,0.0,2.0,2.0,pbp
401507229,,satou sabally,9.0,0.0,9.0,pbp
401507229,,teaira mccowan,2.0,12.0,14.0,pbp
401507230,,ad durr,7.0,0.0,7.0,pbp
401507230,,allisha gray,7.0,16.0,23.0,pbp
401507230,,azura stevens,8.0,8.0,16.0,pbp
401507230,,cheyenne parker,6.0,8.0,14.0,pbp
401507230,,danielle robinson,4.0,3.0,7.0,pbp
401507230,,dearica hamby,1.0,4.0,5.0,pbp
401507230,,haley jones,6.0,0.0,6.0,pbp
401507230,,jasmine thomas,0.0,3.0,3.0,pbp
401507230,,jordin canada,10.0,3.0,13.0,pbp
401507230,,karlie samuelson,5.0,0.0,5.0,pbp
401507230,,monique billings,3.0,2.0,5.0,pbp
401507230,,naz hillmon,4.0,0.0,4.0,pbp
401507230,,nia coffey,7.0,2.0,9.0,pbp
401507230,,nneka ogwumike,12.0,7.0,19.0,pbp
401507230,,rae burrell,0.0,7.0,7.0,pbp
401507230,,rhyne howard,8.0,6.0,14.0,pbp
401507230,,zia cooke,4.0,7.0,11.0,pbp
401507231,,alyssa thomas,13.0,3.0,16.0,pbp
401507231,,dewanna bonner,13.0,3.0,16.0,pbp
401507231,,dulcy fankam mendjiadeu,0.0,8.0,8.0,pbp
401507231,,ezi magbegor,4.0,4.0,8.0,pbp
401507231,,ivana dojkic,5.0,0.0,5.0,pbp
401507231,,jade melbourne,0.0,5.0,5.0,pbp
401507231,,jewell loyd,9.0,13.0,22.0,pbp
401507231,,jordan horston,2.0,4.0,6.0,pbp
401507231,,joyner holmes,2.0,3.0,5.0,pbp
401507231,,kia nurse,2.0,9.0,11.0,pbp
401507231,,leigha brown,0.0,2.0,2.0,pbp
401507231,,natisha hiedeman,5.0,9.0,14.0,pbp
401507231,,olivia nelson-ododa,2.0,4.0,6.0,pbp
401507231,,rebecca allen,11.0,3.0,14.0,pbp
401507231,,sami whitcomb,0.0,3.0,3.0,pbp
401507231,,tiffany hayes,10.0,4.0,14.0,pbp
401507231,,tyasha harris,3.0,8.0,11.0,pbp
401507232,,aliyah boston,7.0,5.0,12.0,pbp
401507232,,amanda zahui b.,4.0,0.0,4.0,pbp
401507232,,ariel atkins,13.0,13.0,26.0,pbp
401507232,,brittney sykes,18.0,11.0,29.0,pbp
401507232,,erica wheeler,4.0,3.0,7.0,pbp
401507232,,kelsey mitchell,4.0,13.0,17.0,pbp
401507232,,kristy wallace,0.0,2.0,2.0,pbp
401507232,,lexie hull,10.0,10.0,20.0,pbp
401507232,,li meng,3.0,5.0,8.0,pbp
401507232,,linnae harper,4.0,0.0,4.0,pbp
401507232,,myisha hines-allen,4.0,2.0,6.0,pbp
401507232,,nalyssa smith,6.0,13.0,19.0,pbp
401507232,,queen egbo,2.0,1.0,3.0,pbp
401507232,,shatori walker-kimbrough,3.0,6.0,9.0,pbp
401507232,,tianna hawkins,8.0,2.0,10.0,pbp
401507232,,victoria vivians,4.0,2.0,6.0,pbp
401507233,,alanna smith,7.0,2.0,9.0,pbp
401507233,,allisha gray,15.0,6.0,21.0,pbp
401507233,,cheyenne parker,8.0,6.0,14.0,pbp
401507233,,courtney williams,2.0,1.0,3.0,pbp
401507233,,dana evans,2.0,5.0,7.0,pbp
401507233,,danielle robinson,4.0,10.0,14.0,pbp
401507233,,elizabeth williams,5.0,6.0,11.0,pbp
401507233,,kahleah copper,10.0,6.0,16.0,pbp
401507233,,marina mabrey,8.0,5.0,13.0,pbp
401507233,,monique billings,2.0,2.0,4.0,pbp
401507233,,morgan bertsch,5.0,2.0,7.0,pbp
401507233,,naz hillmon,2.0,6.0,8.0,pbp
401507233,,nia coffey,2.0,2.0,4.0,pbp
401507233,,rhyne howard,9.0,8.0,17.0,pbp
401507234,,a'ja wilson,14.0,4.0,18.0,pbp
401507234,,arike ogunbowale,10.0,11.0,21.0,pbp
401507234,,candace parker,5.0,5.0,10.0,pbp
401507234,,chelsea gray,5.0,9.0,14.0,pbp
401507234,,crystal dangerfield,8.0,6.0,14.0,pbp
401507234,,jackie young,8.0,7.0,15.0,pbp
401507234,,kelsey plum,8.0,13.0,21.0,pbp
401507234,,maddy siegrist,2.0,0.0,2.0,pbp
401507234,,natasha howard,7.0,9.0,16.0,pbp
401507234,,satou sabally,6.0,4.0,10.0,pbp
401507234,,teaira mccowan,6.0,8.0,14.0,pbp
401507234,,veronica burton,0.0,3.0,3.0,pbp
401507235,,bridget carleton,3.0,8.0,11.0,pbp
401507235,,brittney griner,4.0,8.0,12.0,pbp
401507235,,diamond miller,5.0,5.0,10.0,pbp
401507235,,dorka juhasz,5.0,0.0,5.0,pbp
401507235,,kayana traylor,0.0,2.0,2.0,pbp
401507235,,kayla mcbride,7.0,3.0,10.0,pbp
401507235,,lindsay allen,4.0,5.0,9.0,pbp
401507235,,megan gustafson,0.0,8.0,8.0,pbp
401507235,,michaela onyenwere,6.0,18.0,24.0,pbp
401507235,,moriah jefferson,5.0,0.0,5.0,pbp
401507235,,napheesa collier,8.0,4.0,12.0,pbp
401507235,,nikolina milic,5.0,5.0,10.0,pbp
401507235,,rachel banham,2.0,4.0,6.0,pbp
401507235,,shey peddy,3.0,2.0,5.0,pbp
401507235,,sophie cunningham,4.0,4.0,8.0,pbp
401507235,,sug sutton,0.0,2.0,2.0,pbp
401507236,,betnijah laney,7.0,0.0,7.0,pbp
401507236,,breanna stewart,12.0,13.0,25.0,pbp
401507236,,courtney vandersloot,2.0,7.0,9.0,pbp
401507236,,dulcy fankam mendjiadeu,6.0,6.0,12.0,pbp
401507236,,ezi magbegor,6.0,4.0,10.0,pbp
401507236,,ivana dojkic,2.0,6.0,8.0,pbp
401507236,,jewell loyd,12.0,2.0,14.0,pbp
401507236,,jonquel jones,2.0,7.0,9.0,pbp
401507236,,jordan horston,2.0,6.0,8.0,pbp
401507236,,kayla thornton,0.0,2.0,2.0,pbp
401507236,,kia nurse,2.0,0.0,2.0,pbp
401507236,,mercedes russell,2.0,0.0,2.0,pbp
401507236,,nyara sabally,6.0,2.0,8.0,pbp
401507236,,sabrina ionescu,6.0,14.0,20.0,pbp
401507236,,sami whitcomb,3.0,15.0,18.0,pbp
401507237,,alyssa thomas,14.0,8.0,22.0,pbp
401507237,,ariel atkins,0.0,10.0,10.0,pbp
401507237,,brittney sykes,11.0,3.0,14.0,pbp
401507237,,dewanna bonner,15.0,13.0,28.0,pbp
401507237,,dijonai carrington,5.0,4.0,9.0,pbp
401507237,,li meng,3.0,0.0,3.0,pbp
401507237,,linnae harper,4.0,0.0,4.0,pbp
401507237,,myisha hines-allen,4.0,10.0,14.0,pbp
401507237,,natisha hiedeman,4.0,0.0,4.0,pbp
401507237,,queen egbo,6.0,2.0,8.0,pbp
401507237,,rebecca allen,3.0,6.0,9.0,pbp
401507237,,shatori walker-kimbrough,5.0,2.0,7.0,pbp
401507237,,tianna hawkins,8.0,16.0,24.0,pbp
401507237,,tiffany hayes,4.0,5.0,9.0,pbp
401507237,,tyasha harris,0.0,10.0,10.0,pbp
401507238,,aliyah boston,12.0,6.0,18.0,pbp
401507238,,arike ogunbowale,7.0,20.0,27.0,pbp
401507238,,crystal dangerfield,6.0,3.0,9.0,pbp
401507238,,erica wheeler,5.0,4.0,9.0,pbp
401507238,,grace berger,3.0,2.0,5.0,pbp
401507238,,kelsey mitchell,2.0,10.0,12.0,pbp
401507238,,kristy wallace,4.0,0.0,4.0,pbp
401507238,,lexie hull,3.0,4.0,7.0,pbp
401507238,,maddy siegrist,2.0,2.0,4.0,pbp
401507238,,nalyssa smith,7.0,10.0,17.0,pbp
401507238,,natasha howard,6.0,10.0,16.0,pbp
401507238,,odyssey sims,2.0,2.0,4.0,pbp
401507238,,satou sabally,7.0,0.0,7.0,pbp
401507238,,teaira mccowan,7.0,2.0,9.0,pbp
401507238,,victoria vivians,2.0,2.0,4.0,pbp
401507239,,azura stevens,3.0,10.0,13.0,pbp
401507239,,brianna turner,4.0,0.0,4.0,pbp
401507239,,brittney griner,16.0,13.0,29.0,pbp
401507239,,destanni henderson,2.0,2.0,4.0,pbp
401507239,,diana taurasi,6.0,16.0,22.0,pbp
401507239,,jasmine thomas,7.0,3.0,10.0,pbp
401507239,,jordin canada,8.0,8.0,16.0,pbp
401507239,,kadi sissoko,0.0,2.0,2.0,pbp
401507239,,megan gustafson,5.0,2.0,7.0,pbp
401507239,,moriah jefferson,8.0,3.0,11.0,pbp
401507239,,nneka ogwumike,12.0,8.0,20.0,pbp
401507239,,rae burrell,1.0,4.0,5.0,pbp
401507239,,sug sutton,3.0,0.0,3.0,pbp
401507239,,zia cooke,3.0,0.0,3.0,pbp
401507240,,a'ja wilson,11.0,4.0,15.0,pbp
401507240,,alysha clark,5.0,6.0,11.0,pbp
401507240,,bridget carleton,0.0,7.0,7.0,pbp
401507240,,chelsea gray,9.0,5.0,14.0,pbp
401507240,,diamond miller,11.0,4.0,15.0,pbp
401507240,,dorka juhasz,2.0,2.0,4.0,pbp
401507240,,jackie young,6.0,9.0,15.0,pbp
401507240,,kayla mcbride,5.0,6.0,11.0,pbp
401507240,,kelsey plum,16.0,24.0,40.0,pbp
401507240,,kiah stokes,2.0,2.0,4.0,pbp
401507240,,kierstan bell,5.0,2.0,7.0,pbp
401507240,,lindsay allen,2.0,8.0,10.0,pbp
401507240,,napheesa collier,8.0,10.0,18.0,pbp
401507240,,nikolina milic,6.0,8.0,14.0,pbp
401507240,,rachel banham,8.0,2.0,10.0,pbp
401507240,,sydney colson,0.0,5.0,5.0,pbp
401507241,,alanna smith,5.0,2.0,7.0,pbp
401507241,,allisha gray,4.0,7.0,11.0,pbp
401507241,,cheyenne parker,8.0,10.0,18.0,pbp
401507241,,courtney williams,5.0,9.0,14.0,pbp
401507241,,dana evans,3.0,2.0,5.0,pbp
401507241,,danielle robinson,5.0,6.0,11.0,pbp
401507241,,elizabeth williams,5.0,8.0,13.0,pbp
401507241,,haley jones,4.0,0.0,4.0,pbp
401507241,,kahleah copper,12.0,16.0,28.0,pbp
401507241,,marina mabrey,0.0,5.0,5.0,pbp
401507241,,monique billings,2.0,0.0,2.0,pbp
401507241,,morgan bertsch,3.0,2.0,5.0,pbp
401507241,,naz hillmon,2.0,0.0,2.0,pbp
401507241,,nia coffey,8.0,0.0,8.0,pbp
401507241,,rhyne howard,8.0,23.0,31.0,pbp
401507242,,ariel atkins,5.0,0.0,5.0,pbp
401507242,,brittney sykes,7.0,19.0,26.0,pbp
401507242,,dulcy fankam mendjiadeu,10.0,2.0,12.0,pbp
401507242,,ezi magbegor,6.0,6.0,12.0,pbp
401507242,,ivana dojkic,5.0,0.0,5.0,pbp
401507242,,jade melbourne,0.0,8.0,8.0,pbp
401507242,,jewell loyd,10.0,27.0,37.0,pbp
401507242,,jordan horston,2.0,0.0,2.0,pbp
401507242,,joyner holmes,0.0,2.0,2.0,pbp
401507242,,kia nurse,3.0,0.0,3.0,pbp
401507242,,li meng,8.0,1.0,9.0,pbp
401507242,,linnae harper,0.0,3.0,3.0,pbp
401507242,,myisha hines-allen,6.0,0.0,6.0,pbp
401507242,,natasha cloud,2.0,7.0,9.0,pbp
401507242,,queen egbo,2.0,4.0,6.0,pbp
401507242,,sami whitcomb,2.0,0.0,2.0,pbp
401507242,,shatori walker-kimbrough,10.0,6.0,16.0,pbp
401507242,,tianna hawkins,7.0,6.0,13.0,pbp
401507243,,a'ja wilson,16.0,4.0,20.0,pbp
401507243,,alysha clark,0.0,2.0,2.0,pbp
401507243,,brianna turner,2.0,0.0,2.0,pbp
401507243,,brittney griner,6.0,7.0,13.0,pbp
401507243,,cayla george,3.0,0.0,3.0,pbp
401507243,,chelsea gray,8.0,12.0,20.0,pbp
401507243,,diana taurasi,8.0,2.0,10.0,pbp
401507243,,jackie young,15.0,8.0,23.0,pbp
401507243,,jennie simms,0.0,2.0,2.0,pbp
401507243,,kelsey plum,10.0,7.0,17.0,pbp
401507243,,kiah stokes,0.0,7.0,7.0,pbp
401507243,,kierstan bell,0.0,3.0,3.0,pbp
401507243,,megan gustafson,0.0,3.0,3.0,pbp
401507243,,michaela onyenwere,6.0,12.0,18.0,pbp
401507243,,moriah jefferson,5.0,4.0,9.0,pbp
401507243,,shey peddy,4.0,6.0,10.0,pbp
401507243,,sophie cunningham,2.0,0.0,2.0,pbp
401507243,,sug sutton,0.0,2.0,2.0,pbp
401507243,,sydney colson,0.0,2.0,2.0,pbp
401507244,,aliyah boston,12.0,11.0,23.0,pbp
401507244,,betnijah laney,5.0,5.0,10.0,pbp
401507244,,breanna stewart,12.0,6.0,18.0,pbp
401507244,,courtney vandersloot,2.0,4.0,6.0,pbp
401507244,,emma cannon,4.0,15.0,19.0,pbp
401507244,,erica wheeler,4.0,7.0,11.0,pbp
401507244,,grace berger,6.0,8.0,14.0,pbp
401507244,,jocelyn willoughby,0.0,2.0,2.0,pbp
401507244,,jonquel jones,3.0,9.0,12.0,pbp
401507244,,kayla thornton,6.0,0.0,6.0,pbp
401507244,,kelsey mitchell,12.0,4.0,16.0,pbp
401507244,,nyara sabally,7.0,0.0,7.0,pbp
401507244,,sabrina ionescu,12.0,21.0,33.0,pbp
401507244,,victoria vivians,3.0,0.0,3.0,pbp
401507245,,alanna smith,2.0,4.0,6.0,pbp
401507245,,alyssa thomas,11.0,8.0,19.0,pbp
401507245,,courtney williams,6.0,0.0,6.0,pbp
401507245,,dana evans,0.0,8.0,8.0,pbp
401507245,,dewanna bonner,7.0,14.0,21.0,pbp
401507245,,dijonai carrington,2.0,9.0,11.0,pbp
401507245,,elizabeth williams,8.0,8.0,16.0,pbp
401507245,,kahleah copper,10.0,12.0,22.0,pbp
401507245,,marina mabrey,7.0,2.0,9.0,pbp
401507245,,morgan bertsch,5.0,0.0,5.0,pbp
401507245,,rebecca allen,0.0,5.0,5.0,pbp
401507245,,tiffany hayes,12.0,10.0,22.0,pbp
401507245,,tyasha harris,4.0,2.0,6.0,pbp
401507246,,arike ogunbowale,8.0,10.0,18.0,pbp
401507246,,awak kuier,4.0,4.0,8.0,pbp
401507246,,bridget carleton,0.0,3.0,3.0,pbp
401507246,,crystal dangerfield,7.0,0.0,7.0,pbp
401507246,,diamond miller,4.0,5.0,9.0,pbp
401507246,,dorka juhasz,3.0,2.0,5.0,pbp
401507246,,emily engstler,0.0,9.0,9.0,pbp
401507246,,kayana traylor,0.0,4.0,4.0,pbp
401507246,,kayla mcbride,5.0,5.0,10.0,pbp
401507246,,lindsay allen,2.0,0.0,2.0,pbp
401507246,,maddy siegrist,0.0,4.0,4.0,pbp
401507246,,napheesa collier,8.0,3.0,11.0,pbp
401507246,,natasha howard,13.0,15.0,28.0,pbp
401507246,,nikolina milic,6.0,0.0,6.0,pbp
401507246,,odyssey sims,0.0,4.0,4.0,pbp
401507246,,rachel banham,6.0,2.0,8.0,pbp
401507246,,satou sabally,10.0,9.0,19.0,pbp
401507246,,teaira mccowan,8.0,11.0,19.0,pbp
401507247,,ad durr,4.0,3.0,7.0,pbp
401507247,,allisha gray,14.0,5.0,19.0,pbp
401507247,,cheyenne parker,11.0,7.0,18.0,pbp
401507247,,danielle robinson,2.0,2.0,4.0,pbp
401507247,,dulcy fankam mendjiadeu,4.0,9.0,13.0,pbp
401507247,,gabby williams,2.0,8.0,10.0,pbp
401507247,,haley jones,4.0,3.0,7.0,pbp
401507247,,iliana rupert,0.0,2.0,2.0,pbp
401507247,,jade melbourne,6.0,1.0,7.0,pbp
401507247,,jordan horston,13.0,10.0,23.0,pbp
401507247,,joyner holmes,5.0,5.0,10.0,pbp
401507247,,kia nurse,2.0,0.0,2.0,pbp
401507247,,monique billings,2.0,5.0,7.0,pbp
401507247,,naz hillmon,0.0,2.0,2.0,pbp
401507247,,nia coffey,2.0,2.0,4.0,pbp
401507247,,rhyne howard,9.0,6.0,15.0,pbp
401507247,,sami whitcomb,0.0,9.0,9.0,pbp
401507248,,a'ja wilson,23.0,2.0,25.0,pbp
401507248,,alysha clark,0.0,8.0,8.0,pbp
401507248,,azura stevens,5.0,17.0,22.0,pbp
401507248,,cayla george,0.0,2.0,2.0,pbp
401507248,,chelsea gray,6.0,10.0,16.0,pbp
401507248,,dearica hamby,1.0,5.0,6.0,pbp
401507248,,destanni henderson,5.0,2.0,7.0,pbp
401507248,,jackie young,11.0,2.0,13.0,pbp
401507248,,jasmine thomas,0.0,3.0,3.0,pbp
401507248,,jordin canada,0.0,3.0,3.0,pbp
401507248,,karlie samuelson,2.0,5.0,7.0,pbp
401507248,,kelsey plum,7.0,14.0,21.0,pbp
401507248,,kiah stokes,4.0,3.0,7.0,pbp
401507248,,kierstan bell,2.0,2.0,4.0,pbp
401507248,,nneka ogwumike,14.0,6.0,20.0,pbp
401507248,,rae burrell,0.0,2.0,2.0,pbp
401507248,,zia cooke,4.0,4.0,8.0,pbp
401507249,,ad durr,13.0,0.0,13.0,pbp
401507249,,allisha gray,7.0,3.0,10.0,pbp
401507249,,cheyenne parker,0.0,3.0,3.0,pbp
401507249,,danielle robinson,4.0,2.0,6.0,pbp
401507249,,diamond miller,3.0,4.0,7.0,pbp
401507249,,dorka juhasz,2.0,4.0,6.0,pbp
401507249,,haley jones,0.0,2.0,2.0,pbp
401507249,,iliana rupert,3.0,0.0,3.0,pbp
401507249,,kayla mcbride,8.0,4.0,12.0,pbp
401507249,,lindsay allen,2.0,1.0,3.0,pbp
401507249,,monique billings,4.0,2.0,6.0,pbp
401507249,,napheesa collier,17.0,17.0,34.0,pbp
401507249,,naz hillmon,2.0,1.0,3.0,pbp
401507249,,nia coffey,8.0,5.0,13.0,pbp
401507249,,nikolina milic,2.0,5.0,7.0,pbp
401507249,,rhyne howard,10.0,10.0,20.0,pbp
401507249,,tiffany mitchell,2.0,0.0,2.0,pbp
401507250,,alyssa thomas,9.0,2.0,11.0,pbp
401507250,,brianna turner,4.0,2.0,6.0,pbp
401507250,,brittney griner,4.0,8.0,12.0,pbp
401507250,,dewanna bonner,4.0,15.0,19.0,pbp
401507250,,diana taurasi,8.0,7.0,15.0,pbp
401507250,,dijonai carrington,2.0,8.0,10.0,pbp
401507250,,michaela onyenwere,0.0,1.0,1.0,pbp
401507250,,moriah jefferson,9.0,2.0,11.0,pbp
401507250,,olivia nelson-ododa,3.0,0.0,3.0,pbp
401507250,,rebecca allen,0.0,4.0,4.0,pbp
401507250,,shey peddy,3.0,0.0,3.0,pbp
401507250,,sophie cunningham,7.0,9.0,16.0,pbp
401507250,,sug sutton,7.0,0.0,7.0,pbp
401507250,,tiffany hayes,10.0,0.0,10.0,pbp
401507250,,tyasha harris,6.0,3.0,9.0,pbp
401507251,,aliyah boston,8.0,3.0,11.0,pbp
401507251,,amanda zahui b.,4.0,3.0,7.0,pbp
401507251,,brittney sykes,5.0,4.0,9.0,pbp
401507251,,cyesha goree,2.0,0.0,2.0,pbp
401507251,,emma cannon,2.0,11.0,13.0,pbp
401507251,,erica wheeler,2.0,8.0,10.0,pbp
401507251,,grace berger,0.0,3.0,3.0,pbp
401507251,,kelsey mitchell,10.0,8.0,18.0,pbp
401507251,,kristy wallace,3.0,4.0,7.0,pbp
401507251,,li meng,2.0,6.0,8.0,pbp
401507251,,linnae harper,6.0,0.0,6.0,pbp
401507251,,maya caldwell,2.0,0.0,2.0,pbp
401507251,,myisha hines-allen,3.0,4.0,7.0,pbp
401507251,,natasha cloud,7.0,11.0,18.0,pbp
401507251,,queen egbo,4.0,6.0,10.0,pbp
401507251,,shatori walker-kimbrough,2.0,0.0,2.0,pbp
401507251,,tianna hawkins,5.0,8.0,13.0,pbp
401507251,,victoria vivians,8.0,3.0,11.0,pbp
401507252,,arike ogunbowale,14.0,9.0,23.0,pbp
401507252,,awak kuier,2.0,5.0,7.0,pbp
401507252,,betnijah laney,7.0,4.0,11.0,pbp
401507252,,breanna stewart,9.0,16.0,25.0,pbp
401507252,,courtney vandersloot,4.0,3.0,7.0,pbp
401507252,,crystal dangerfield,4.0,5.0,9.0,pbp
401507252,,epiphanny prince,0.0,3.0,3.0,pbp
401507252,,jonquel jones,9.0,2.0,11.0,pbp
401507252,,kalani brown,3.0,2.0,5.0,pbp
401507252,,maddy siegrist,6.0,0.0,6.0,pbp
401507252,,marine johannes,3.0,6.0,9.0,pbp
401507252,,natasha howard,6.0,8.0,14.0,pbp
401507252,,odyssey sims,0.0,2.0,2.0,pbp
401507252,,sabrina ionescu,19.0,3.0,22.0,pbp
401507252,,satou sabally,5.0,10.0,15.0,pbp
401507252,,teaira mccowan,8.0,7.0,15.0,pbp
401507253,,aari mcdonald,3.0,4.0,7.0,pbp
401507253,,allisha gray,12.0,6.0,18.0,pbp
401507253,,alyssa thomas,8.0,4.0,12.0,pbp
401507253,,cheyenne parker,2.0,2.0,4.0,pbp
401507253,,danielle robinson,0.0,2.0,2.0,pbp
401507253,,dewanna bonner,6.0,7.0,13.0,pbp
401507253,,dijonai carrington,3.0,6.0,9.0,pbp
401507253,,iliana rupert,0.0,1.0,1.0,pbp
401507253,,monique billings,0.0,3.0,3.0,pbp
401507253,,natisha hiedeman,4.0,19.0,23.0,pbp
401507253,,naz hillmon,1.0,0.0,1.0,pbp
401507253,,nia coffey,7.0,6.0,13.0,pbp
401507253,,rebecca allen,9.0,4.0,13.0,pbp
401507253,,rhyne howard,16.0,6.0,22.0,pbp
401507253,,tiffany hayes,5.0,3.0,8.0,pbp
401507253,,tyasha harris,3.0,0.0,3.0,pbp
401507254,,azura stevens,0.0,2.0,2.0,pbp
401507254,,bridget carleton,3.0,0.0,3.0,pbp
401507254,,dearica hamby,0.0,5.0,5.0,pbp
401507254,,diamond miller,7.0,6.0,13.0,pbp
401507254,,dorka juhasz,14.0,2.0,16.0,pbp
401507254,,jordin canada,1.0,11.0,12.0,pbp
401507254,,karlie samuelson,3.0,0.0,3.0,pbp
401507254,,layshia clarendon,9.0,2.0,11.0,pbp
401507254,,lexie brown,3.0,10.0,13.0,pbp
401507254,,lindsay allen,2.0,4.0,6.0,pbp
401507254,,napheesa collier,9.0,13.0,22.0,pbp
401507254,,nikolina milic,7.0,2.0,9.0,pbp
401507254,,nneka ogwumike,13.0,6.0,19.0,pbp
401507254,,rae burrell,0.0,5.0,5.0,pbp
401507254,,tiffany mitchell,4.0,0.0,4.0,pbp
401507255,,alanna smith,2.0,4.0,6.0,pbp
401507255,,brianna turner,4.0,2.0,6.0,pbp
401507255,,brittney griner,6.0,6.0,12.0,pbp
401507255,,courtney williams,5.0,4.0,9.0,pbp
401507255,,dana evans,4.0,4.0,8.0,pbp
401507255,,elizabeth williams,5.0,2.0,7.0,pbp
401507255,,kadi sissoko,2.0,0.0,2.0,pbp
401507255,,kahleah copper,7.0,10.0,17.0,pbp
401507255,,marina mabrey,2.0,2.0,4.0,pbp
401507255,,megan gustafson,8.0,4.0,12.0,pbp
401507255,,michaela onyenwere,5.0,3.0,8.0,pbp
401507255,,morgan bertsch,0.0,2.0,2.0,pbp
401507255,,moriah jefferson,2.0,2.0,4.0,pbp
401507255,,robyn parks,4.0,0.0,4.0,pbp
401507255,,ruthy hebard,1.0,4.0,5.0,pbp
401507255,,shey peddy,7.0,13.0,20.0,pbp
401507255,,sophie cunningham,2.0,3.0,5.0,pbp
401507255,,sug sutton,4.0,7.0,11.0,pbp
401507256,,a'ja wilson,10.0,13.0,23.0,pbp
401507256,,alysha clark,3.0,3.0,6.0,pbp
401507256,,chelsea gray,2.0,4.0,6.0,pbp
401507256,,ezi magbegor,5.0,7.0,12.0,pbp
401507256,,gabby williams,4.0,0.0,4.0,pbp
401507256,,ivana dojkic,8.0,0.0,8.0,pbp
401507256,,jackie young,11.0,10.0,21.0,pbp
401507256,,jewell loyd,4.0,8.0,12.0,pbp
401507256,,jordan horston,4.0,6.0,10.0,pbp
401507256,,kelsey plum,10.0,9.0,19.0,pbp
401507256,,kierstan bell,2.0,0.0,2.0,pbp
401507256,,mercedes russell,2.0,6.0,8.0,pbp
401507256,,sami whitcomb,0.0,7.0,7.0,pbp
401507257,,betnijah laney,4.0,6.0,10.0,pbp
401507257,,breanna stewart,6.0,18.0,24.0,pbp
401507257,,brittney sykes,18.0,11.0,29.0,pbp
401507257,,courtney vandersloot,7.0,5.0,12.0,pbp
401507257,,cyesha goree,0.0,1.0,1.0,pbp
401507257,,jonquel jones,19.0,8.0,27.0,pbp
401507257,,kayla thornton,0.0,2.0,2.0,pbp
401507257,,li meng,0.0,3.0,3.0,pbp
401507257,,marine johannes,2.0,3.0,5.0,pbp
401507257,,myisha hines-allen,6.0,0.0,6.0,pbp
401507257,,natasha cloud,4.0,13.0,17.0,pbp
401507257,,queen egbo,2.0,0.0,2.0,pbp
401507257,,sabrina ionescu,12.0,4.0,16.0,pbp
401507257,,shatori walker-kimbrough,7.0,8.0,15.0,pbp
401507257,,tianna hawkins,4.0,10.0,14.0,pbp
401507258,,aari mcdonald,8.0,6.0,14.0,pbp
401507258,,allisha gray,11.0,6.0,17.0,pbp
401507258,,alyssa thomas,7.0,8.0,15.0,pbp
401507258,,cheyenne parker,13.0,4.0,17.0,pbp
401507258,,dewanna bonner,11.0,9.0,20.0,pbp
401507258,,dijonai carrington,2.0,5.0,7.0,pbp
401507258,,monique billings,2.0,0.0,2.0,pbp
401507258,,natisha hiedeman,9.0,6.0,15.0,pbp
401507258,,naz hillmon,2.0,0.0,2.0,pbp
401507258,,nia coffey,0.0,4.0,4.0,pbp
401507258,,olivia nelson-ododa,6.0,0.0,6.0,pbp
401507258,,rebecca allen,6.0,5.0,11.0,pbp
401507258,,rhyne howard,2.0,19.0,21.0,pbp
401507258,,tiffany hayes,2.0,8.0,10.0,pbp
401507258,,tyasha harris,2.0,0.0,2.0,pbp
401507259,,alanna smith,6.0,3.0,9.0,pbp
401507259,,courtney williams,2.0,2.0,4.0,pbp
401507259,,dana evans,2.0,4.0,6.0,pbp
401507259,,elizabeth williams,4.0,0.0,4.0,pbp
401507259,,ezi magbegor,6.0,8.0,14.0,pbp
401507259,,gabby williams,2.0,4.0,6.0,pbp
401507259,,ivana dojkic,2.0,0.0,2.0,pbp
401507259,,jade melbourne,4.0,1.0,5.0,pbp
401507259,,jewell loyd,4.0,8.0,12.0,pbp
401507259,,jordan horston,0.0,12.0,12.0,pbp
401507259,,joyner holmes,2.0,0.0,2.0,pbp
401507259,,kahleah copper,16.0,13.0,29.0,pbp
401507259,,kia nurse,0.0,4.0,4.0,pbp
401507259,,marina mabrey,12.0,10.0,22.0,pbp
401507259,,mercedes russell,4.0,3.0,7.0,pbp
401507259,,morgan bertsch,1.0,3.0,4.0,pbp
401507259,,robyn parks,0.0,5.0,5.0,pbp
401507259,,ruthy hebard,6.0,1.0,7.0,pbp
401507259,,sami whitcomb,7.0,2.0,9.0,pbp
401507260,,arike ogunbowale,5.0,18.0,23.0,pbp
401507260,,azura stevens,4.0,8.0,12.0,pbp
401507260,,crystal dangerfield,0.0,4.0,4.0,pbp
401507260,,dearica hamby,13.0,5.0,18.0,pbp
401507260,,jordin canada,11.0,4.0,15.0,pbp
401507260,,kalani brown,4.0,2.0,6.0,pbp
401507260,,layshia clarendon,2.0,4.0,6.0,pbp
401507260,,lexie brown,6.0,8.0,14.0,pbp
401507260,,natasha howard,16.0,12.0,28.0,pbp
401507260,,nneka ogwumike,11.0,5.0,16.0,pbp
401507260,,odyssey sims,0.0,2.0,2.0,pbp
401507260,,satou sabally,20.0,6.0,26.0,pbp
401507260,,teaira mccowan,6.0,1.0,7.0,pbp
401507260,,zia cooke,0.0,2.0,2.0,pbp
401507261,,a'ja wilson,19.0,16.0,35.0,pbp
401507261,,aerial powers,0.0,7.0,7.0,pbp
401507261,,alysha clark,3.0,8.0,11.0,pbp
401507261,,bridget carleton,3.0,0.0,3.0,pbp
401507261,,cayla george,0.0,2.0,2.0,pbp
401507261,,chelsea gray,8.0,3.0,11.0,pbp
401507261,,diamond miller,13.0,4.0,17.0,pbp
401507261,,dorka juhasz,2.0,6.0,8.0,pbp
401507261,,jackie young,13.0,6.0,19.0,pbp
401507261,,kayla mcbride,0.0,10.0,10.0,pbp
401507261,,kelsey plum,3.0,13.0,16.0,pbp
401507261,,kiah stokes,2.0,0.0,2.0,pbp
401507261,,kierstan bell,0.0,2.0,2.0,pbp
401507261,,lindsay allen,2.0,2.0,4.0,pbp
401507261,,napheesa collier,4.0,12.0,16.0,pbp
401507261,,nikolina milic,6.0,2.0,8.0,pbp
401507261,,tiffany mitchell,0.0,8.0,8.0,pbp
401507262,,aliyah boston,6.0,0.0,6.0,pbp
401507262,,amanda zahui b.,2.0,3.0,5.0,pbp
401507262,,betnijah laney,17.0,5.0,22.0,pbp
401507262,,breanna stewart,7.0,4.0,11.0,pbp
401507262,,courtney vandersloot,5.0,4.0,9.0,pbp
401507262,,emma cannon,2.0,5.0,7.0,pbp
401507262,,erica wheeler,7.0,8.0,15.0,pbp
401507262,,grace berger,5.0,4.0,9.0,pbp
401507262,,jocelyn willoughby,3.0,0.0,3.0,pbp
401507262,,jonquel jones,13.0,5.0,18.0,pbp
401507262,,kayla thornton,5.0,5.0,10.0,pbp
401507262,,kelsey mitchell,4.0,9.0,13.0,pbp
401507262,,kristy wallace,0.0,3.0,3.0,pbp
401507262,,lexie hull,7.0,0.0,7.0,pbp
401507262,,marine johannes,9.0,3.0,12.0,pbp
401507262,,maya caldwell,0.0,2.0,2.0,pbp
401507262,,nyara sabally,4.0,0.0,4.0,pbp
401507262,,sabrina ionescu,5.0,7.0,12.0,pbp
401507262,,victoria vivians,13.0,3.0,16.0,pbp
401507263,,abby meyers,0.0,2.0,2.0,pbp
401507263,,brianna turner,2.0,2.0,4.0,pbp
401507263,,brittney griner,8.0,4.0,12.0,pbp
401507263,,brittney sykes,11.0,12.0,23.0,pbp
401507263,,li meng,2.0,5.0,7.0,pbp
401507263,,megan gustafson,0.0,12.0,12.0,pbp
401507263,,michaela onyenwere,2.0,2.0,4.0,pbp
401507263,,moriah jefferson,7.0,4.0,11.0,pbp
401507263,,myisha hines-allen,3.0,0.0,3.0,pbp
401507263,,natasha cloud,18.0,5.0,23.0,pbp
401507263,,queen egbo,0.0,6.0,6.0,pbp
401507263,,shatori walker-kimbrough,10.0,3.0,13.0,pbp
401507263,,shey peddy,1.0,0.0,1.0,pbp
401507263,,sophie cunningham,9.0,8.0,17.0,pbp
401507263,,sug sutton,2.0,6.0,8.0,pbp
401507263,,tianna hawkins,2.0,5.0,7.0,pbp
401507264,,aari mcdonald,7.0,4.0,11.0,pbp
401507264,,ad durr,3.0,9.0,12.0,pbp
401507264,,allisha gray,10.0,2.0,12.0,pbp
401507264,,brianna turner,2.0,0.0,2.0,pbp
401507264,,brittney griner,16.0,0.0,16.0,pbp
401507264,,cheyenne parker,4.0,0.0,4.0,pbp
401507264,,danielle robinson,2.0,1.0,3.0,pbp
401507264,,haley jones,3.0,2.0,5.0,pbp
401507264,,iliana rupert,2.0,4.0,6.0,pbp
401507264,,liz dixon,0.0,1.0,1.0,pbp
401507264,,megan gustafson,6.0,13.0,19.0,pbp
401507264,,michaela onyenwere,6.0,3.0,9.0,pbp
401507264,,monique billings,4.0,4.0,8.0,pbp
401507264,,moriah jefferson,0.0,2.0,2.0,pbp
401507264,,nia coffey,5.0,2.0,7.0,pbp
401507264,,rhyne howard,5.0,5.0,10.0,pbp
401507264,,shey peddy,1.0,0.0,1.0,pbp
401507264,,sophie cunningham,2.0,9.0,11.0,pbp
401507264,,sug sutton,0.0,4.0,4.0,pbp
401507265,,betnijah laney,7.0,12.0,19.0,pbp
401507265,,breanna stewart,10.0,12.0,22.0,pbp
401507265,,courtney vandersloot,7.0,3.0,10.0,pbp
401507265,,dulcy fankam mendjiadeu,6.0,0.0,6.0,pbp
401507265,,ezi magbegor,8.0,13.0,21.0,pbp
401507265,,gabby williams,2.0,3.0,5.0,pbp
401507265,,jewell loyd,22.0,10.0,32.0,pbp
401507265,,jonquel jones,2.0,10.0,12.0,pbp
401507265,,marine johannes,6.0,4.0,10.0,pbp
401507265,,mercedes russell,4.0,2.0,6.0,pbp
401507265,,sabrina ionescu,3.0,9.0,12.0,pbp
401507265,,sami whitcomb,3.0,7.0,10.0,pbp
401507266,,a'ja wilson,15.0,9.0,24.0,pbp
401507266,,alanna smith,5.0,2.0,7.0,pbp
401507266,,alysha clark,5.0,3.0,8.0,pbp
401507266,,chelsea gray,7.0,15.0,22.0,pbp
401507266,,courtney williams,6.0,5.0,11.0,pbp
401507266,,dana evans,3.0,6.0,9.0,pbp
401507266,,elizabeth williams,2.0,10.0,12.0,pbp
401507266,,jackie young,7.0,7.0,14.0,pbp
401507266,,kahleah copper,22.0,15.0,37.0,pbp
401507266,,kelsey plum,13.0,14.0,27.0,pbp
401507266,,kiah stokes,2.0,4.0,6.0,pbp
401507266,,kierstan bell,4.0,0.0,4.0,pbp
401507266,,marina mabrey,4.0,7.0,11.0,pbp
401507266,,robyn parks,6.0,2.0,8.0,pbp
401507267,,alyssa thomas,4.0,4.0,8.0,pbp
401507267,,arike ogunbowale,14.0,9.0,23.0,pbp
401507267,,crystal dangerfield,0.0,3.0,3.0,pbp
401507267,,dewanna bonner,14.0,18.0,32.0,pbp
401507267,,natasha howard,9.0,0.0,9.0,pbp
401507267,,natisha hiedeman,2.0,7.0,9.0,pbp
401507267,,odyssey sims,2.0,0.0,2.0,pbp
401507267,,olivia nelson-ododa,0.0,4.0,4.0,pbp
401507267,,rebecca allen,7.0,0.0,7.0,pbp
401507267,,satou sabally,4.0,12.0,16.0,pbp
401507267,,teaira mccowan,8.0,13.0,21.0,pbp
401507267,,tiffany hayes,13.0,15.0,28.0,pbp
401507267,,veronica burton,3.0,4.0,7.0,pbp
401507268,,aliyah boston,7.0,2.0,9.0,pbp
401507268,,amanda zahui b.,1.0,0.0,1.0,pbp
401507268,,azura stevens,11.0,4.0,15.0,pbp
401507268,,dearica hamby,2.0,2.0,4.0,pbp
401507268,,emma cannon,0.0,7.0,7.0,pbp
401507268,,erica wheeler,7.0,8.0,15.0,pbp
401507268,,jordin canada,13.0,7.0,20.0,pbp
401507268,,kelsey mitchell,5.0,14.0,19.0,pbp
401507268,,kristy wallace,2.0,0.0,2.0,pbp
401507268,,layshia clarendon,2.0,4.0,6.0,pbp
401507268,,lexie brown,2.0,0.0,2.0,pbp
401507268,,lexie hull,6.0,2.0,8.0,pbp
401507268,,nneka ogwumike,15.0,15.0,30.0,pbp
401507268,,victoria vivians,10.0,7.0,17.0,pbp
401507268,,zia cooke,2.0,0.0,2.0,pbp
401507269,,bridget carleton,0.0,3.0,3.0,pbp
401507269,,brittney sykes,15.0,2.0,17.0,pbp
401507269,,cyesha goree,7.0,2.0,9.0,pbp
401507269,,diamond miller,10.0,11.0,21.0,pbp
401507269,,dorka juhasz,5.0,2.0,7.0,pbp
401507269,,jessica shepard,2.0,6.0,8.0,pbp
401507269,,kayla mcbride,11.0,4.0,15.0,pbp
401507269,,li meng,3.0,5.0,8.0,pbp
401507269,,lindsay allen,5.0,0.0,5.0,pbp
401507269,,myisha hines-allen,2.0,10.0,12.0,pbp
401507269,,napheesa collier,17.0,7.0,24.0,pbp
401507269,,natasha cloud,16.0,7.0,23.0,pbp
401507269,,nikolina milic,4.0,4.0,8.0,pbp
401507269,,queen egbo,5.0,4.0,9.0,pbp
401507269,,shatori walker-kimbrough,6.0,0.0,6.0,pbp
401507269,,tianna hawkins,5.0,2.0,7.0,pbp
401507269,,tiffany mitchell,4.0,2.0,6.0,pbp
401507270,,aliyah boston,10.0,2.0,12.0,pbp
401507270,,azura stevens,5.0,0.0,5.0,pbp
401507270,,dearica hamby,3.0,3.0,6.0,pbp
401507270,,erica wheeler,10.0,7.0,17.0,pbp
401507270,,grace berger,2.0,9.0,11.0,pbp
401507270,,jasmine thomas,5.0,3.0,8.0,pbp
401507270,,jordin canada,6.0,14.0,20.0,pbp
401507270,,karlie samuelson,2.0,0.0,2.0,pbp
401507270,,kelsey mitchell,7.0,0.0,7.0,pbp
401507270,,kristy wallace,8.0,5.0,13.0,pbp
401507270,,layshia clarendon,3.0,6.0,9.0,pbp
401507270,,lexie hull,0.0,3.0,3.0,pbp
401507270,,nneka ogwumike,15.0,10.0,25.0,pbp
401507270,,victoria vivians,2.0,3.0,5.0,pbp
401507270,,zia cooke,5.0,0.0,5.0,pbp
401507271,,aari mcdonald,4.0,14.0,18.0,pbp
401507271,,ad durr,2.0,0.0,2.0,pbp
401507271,,allisha gray,18.0,7.0,25.0,pbp
401507271,,betnijah laney,2.0,12.0,14.0,pbp
401507271,,breanna stewart,25.0,8.0,33.0,pbp
401507271,,cheyenne parker,2.0,8.0,10.0,pbp
401507271,,courtney vandersloot,4.0,2.0,6.0,pbp
401507271,,danielle robinson,0.0,5.0,5.0,pbp
401507271,,iliana rupert,0.0,5.0,5.0,pbp
401507271,,jonquel jones,10.0,8.0,18.0,pbp
401507271,,kayla thornton,2.0,4.0,6.0,pbp
401507271,,laeticia amihere,2.0,0.0,2.0,pbp
401507271,,marine johannes,3.0,0.0,3.0,pbp
401507271,,monique billings,6.0,0.0,6.0,pbp
401507271,,naz hillmon,1.0,0.0,1.0,pbp
401507271,,nyara sabally,2.0,0.0,2.0,pbp
401507271,,rhyne howard,7.0,3.0,10.0,pbp
401507271,,sabrina ionescu,9.0,3.0,12.0,pbp
401507272,,alanna smith,6.0,4.0,10.0,pbp
401507272,,courtney williams,4.0,6.0,10.0,pbp
401507272,,dana evans,5.0,7.0,12.0,pbp
401507272,,dulcy fankam mendjiadeu,2.0,2.0,4.0,pbp
401507272,,elizabeth williams,4.0,4.0,8.0,pbp
401507272,,ezi magbegor,9.0,8.0,17.0,pbp
401507272,,gabby williams,8.0,9.0,17.0,pbp
401507272,,jewell loyd,6.0,9.0,15.0,pbp
401507272,,jordan horston,4.0,4.0,8.0,pbp
401507272,,kahleah copper,9.0,8.0,17.0,pbp
401507272,,kia nurse,0.0,2.0,2.0,pbp
401507272,,marina mabrey,5.0,0.0,5.0,pbp
401507272,,mercedes russell,4.0,4.0,8.0,pbp
401507272,,robyn parks,3.0,0.0,3.0,pbp
401507272,,ruthy hebard,4.0,5.0,9.0,pbp
401507272,,sami whitcomb,8.0,3.0,11.0,pbp
401507273,,abby meyers,0.0,2.0,2.0,pbp
401507273,,arike ogunbowale,12.0,6.0,18.0,pbp
401507273,,awak kuier,2.0,10.0,12.0,pbp
401507273,,brittney sykes,6.0,6.0,12.0,pbp
401507273,,crystal dangerfield,0.0,2.0,2.0,pbp
401507273,,cyesha goree,2.0,6.0,8.0,pbp
401507273,,kalani brown,0.0,2.0,2.0,pbp
401507273,,li meng,3.0,3.0,6.0,pbp
401507273,,maddy siegrist,0.0,10.0,10.0,pbp
401507273,,myisha hines-allen,3.0,0.0,3.0,pbp
401507273,,natasha cloud,4.0,7.0,11.0,pbp
401507273,,natasha howard,6.0,8.0,14.0,pbp
401507273,,satou sabally,7.0,7.0,14.0,pbp
401507273,,shatori walker-kimbrough,7.0,7.0,14.0,pbp
401507273,,teaira mccowan,16.0,2.0,18.0,pbp
401507273,,tianna hawkins,4.0,2.0,6.0,pbp
401507274,,aerial powers,14.0,0.0,14.0,pbp
401507274,,alyssa thomas,8.0,9.0,17.0,pbp
401507274,,dewanna bonner,16.0,15.0,31.0,pbp
401507274,,diamond miller,7.0,0.0,7.0,pbp
401507274,,dijonai carrington,7.0,4.0,11.0,pbp
401507274,,dorka juhasz,5.0,6.0,11.0,pbp
401507274,,jessica shepard,2.0,10.0,12.0,pbp
401507274,,kayla mcbride,8.0,11.0,19.0,pbp
401507274,,lindsay allen,6.0,10.0,16.0,pbp
401507274,,natisha hiedeman,4.0,5.0,9.0,pbp
401507274,,nikolina milic,4.0,2.0,6.0,pbp
401507274,,olivia nelson-ododa,6.0,0.0,6.0,pbp
401507274,,rebecca allen,2.0,4.0,6.0,pbp
401507274,,tiffany hayes,1.0,2.0,3.0,pbp
401507274,,tiffany mitchell,2.0,0.0,2.0,pbp
401507275,,aari mcdonald,4.0,3.0,7.0,pbp
401507275,,ad durr,2.0,0.0,2.0,pbp
401507275,,allisha gray,11.0,15.0,26.0,pbp
401507275,,brittney sykes,17.0,8.0,25.0,pbp
401507275,,cheyenne parker,5.0,6.0,11.0,pbp
401507275,,cyesha goree,0.0,2.0,2.0,pbp
401507275,,haley jones,2.0,0.0,2.0,pbp
401507275,,li meng,0.0,2.0,2.0,pbp
401507275,,linnae harper,3.0,0.0,3.0,pbp
401507275,,monique billings,0.0,2.0,2.0,pbp
401507275,,myisha hines-allen,0.0,7.0,7.0,pbp
401507275,,natasha cloud,4.0,3.0,7.0,pbp
401507275,,naz hillmon,2.0,0.0,2.0,pbp
401507275,,nia coffey,3.0,13.0,16.0,pbp
401507275,,queen egbo,0.0,5.0,5.0,pbp
401507275,,rhyne howard,10.0,0.0,10.0,pbp
401507275,,shatori walker-kimbrough,5.0,0.0,5.0,pbp
401507275,,tianna hawkins,12.0,5.0,17.0,pbp
401507276,,aliyah boston,4.0,10.0,14.0,pbp
401507276,,amanda zahui b.,2.0,0.0,2.0,pbp
401507276,,emma cannon,2.0,2.0,4.0,pbp
401507276,,erica wheeler,5.0,4.0,9.0,pbp
401507276,,ezi magbegor,3.0,3.0,6.0,pbp
401507276,,gabby williams,5.0,9.0,14.0,pbp
401507276,,jade melbourne,0.0,3.0,3.0,pbp
401507276,,jewell loyd,14.0,11.0,25.0,pbp
401507276,,jordan horston,10.0,5.0,15.0,pbp
401507276,,joyner holmes,3.0,0.0,3.0,pbp
401507276,,kelsey mitchell,9.0,9.0,18.0,pbp
401507276,,kia nurse,0.0,3.0,3.0,pbp
401507276,,kristy wallace,0.0,2.0,2.0,pbp
401507276,,mercedes russell,2.0,4.0,6.0,pbp
401507276,,sami whitcomb,9.0,0.0,9.0,pbp
401507276,,victaria saxton,3.0,2.0,5.0,pbp
401507276,,victoria vivians,2.0,5.0,7.0,pbp
401507277,,alanna smith,3.0,7.0,10.0,pbp
401507277,,brianna turner,0.0,4.0,4.0,pbp
401507277,,courtney williams,4.0,15.0,19.0,pbp
401507277,,dana evans,3.0,0.0,3.0,pbp
401507277,,diana taurasi,15.0,9.0,24.0,pbp
401507277,,elizabeth williams,3.0,2.0,5.0,pbp
401507277,,kahleah copper,18.0,6.0,24.0,pbp
401507277,,marina mabrey,14.0,8.0,22.0,pbp
401507277,,megan gustafson,11.0,6.0,17.0,pbp
401507277,,michaela onyenwere,7.0,11.0,18.0,pbp
401507277,,moriah jefferson,7.0,2.0,9.0,pbp
401507277,,robyn parks,8.0,6.0,14.0,pbp
401507277,,ruthy hebard,4.0,2.0,6.0,pbp
401507277,,sophie cunningham,3.0,5.0,8.0,pbp
401507277,,sug sutton,5.0,0.0,5.0,pbp
401507278,,a'ja wilson,14.0,8.0,22.0,pbp
401507278,,alysha clark,9.0,3.0,12.0,pbp
401507278,,arike ogunbowale,2.0,12.0,14.0,pbp
401507278,,awak kuier,1.0,0.0,1.0,pbp
401507278,,chelsea gray,16.0,11.0,27.0,pbp
401507278,,crystal dangerfield,2.0,7.0,9.0,pbp
401507278,,jackie young,4.0,5.0,9.0,pbp
401507278,,kalani brown,6.0,4.0,10.0,pbp
401507278,,kelsey plum,11.0,17.0,28.0,pbp
401507278,,kiah stokes,2.0,2.0,4.0,pbp
401507278,,kierstan bell,2.0,0.0,2.0,pbp
401507278,,natasha howard,4.0,9.0,13.0,pbp
401507278,,satou sabally,13.0,6.0,19.0,pbp
401507278,,teaira mccowan,13.0,12.0,25.0,pbp
401507279,,azura stevens,7.0,6.0,13.0,pbp
401507279,,betnijah laney,5.0,2.0,7.0,pbp
401507279,,breanna stewart,10.0,15.0,25.0,pbp
401507279,,courtney vandersloot,6.0,2.0,8.0,pbp
401507279,,dearica hamby,8.0,13.0,21.0,pbp
401507279,,jasmine thomas,0.0,4.0,4.0,pbp
401507279,,jocelyn willoughby,0.0,3.0,3.0,pbp
401507279,,jonquel jones,4.0,9.0,13.0,pbp
401507279,,jordin canada,6.0,10.0,16.0,pbp
401507279,,karlie samuelson,3.0,2.0,5.0,pbp
401507279,,kayla thornton,2.0,0.0,2.0,pbp
401507279,,layshia clarendon,4.0,3.0,7.0,pbp
401507279,,marine johannes,14.0,0.0,14.0,pbp
401507279,,nneka ogwumike,7.0,3.0,10.0,pbp
401507279,,rae burrell,0.0,2.0,2.0,pbp
401507279,,sabrina ionescu,9.0,5.0,14.0,pbp
401507280,,aerial powers,2.0,0.0,2.0,pbp
401507280,,alyssa thomas,5.0,16.0,21.0,pbp
401507280,,dewanna bonner,8.0,7.0,15.0,pbp
401507280,,diamond miller,4.0,9.0,13.0,pbp
401507280,,dorka juhasz,2.0,2.0,4.0,pbp
401507280,,jessica shepard,0.0,6.0,6.0,pbp
401507280,,kayla mcbride,7.0,8.0,15.0,pbp
401507280,,lindsay allen,4.0,12.0,16.0,pbp
401507280,,natisha hiedeman,0.0,2.0,2.0,pbp
401507280,,nikolina milic,5.0,2.0,7.0,pbp
401507280,,olivia nelson-ododa,2.0,2.0,4.0,pbp
401507280,,rebecca allen,4.0,0.0,4.0,pbp
401507280,,tiffany hayes,7.0,9.0,16.0,pbp
401507280,,tiffany mitchell,6.0,0.0,6.0,pbp
401507280,,tyasha harris,11.0,6.0,17.0,pbp
401507281,,aliyah boston,4.0,2.0,6.0,pbp
401507281,,brianna turner,0.0,2.0,2.0,pbp
401507281,,diana taurasi,22.0,6.0,28.0,pbp
401507281,,emma cannon,17.0,6.0,23.0,pbp
401507281,,erica wheeler,4.0,9.0,13.0,pbp
401507281,,grace berger,2.0,0.0,2.0,pbp
401507281,,kelsey mitchell,14.0,7.0,21.0,pbp
401507281,,lexie hull,1.0,2.0,3.0,pbp
401507281,,megan gustafson,9.0,8.0,17.0,pbp
401507281,,michaela onyenwere,3.0,1.0,4.0,pbp
401507281,,moriah jefferson,2.0,2.0,4.0,pbp
401507281,,shey peddy,2.0,5.0,7.0,pbp
401507281,,sophie cunningham,0.0,2.0,2.0,pbp
401507281,,sug sutton,4.0,2.0,6.0,pbp
401507281,,victaria saxton,4.0,0.0,4.0,pbp
401507282,,a'ja wilson,13.0,7.0,20.0,pbp
401507282,,ad durr,3.0,2.0,5.0,pbp
401507282,,allisha gray,6.0,2.0,8.0,pbp
401507282,,alysha clark,2.0,3.0,5.0,pbp
401507282,,chelsea gray,8.0,2.0,10.0,pbp
401507282,,cheyenne parker,15.0,4.0,19.0,pbp
401507282,,danielle robinson,5.0,2.0,7.0,pbp
401507282,,haley jones,0.0,5.0,5.0,pbp
401507282,,iliana rupert,2.0,0.0,2.0,pbp
401507282,,jackie young,17.0,6.0,23.0,pbp
401507282,,kelsey plum,10.0,4.0,14.0,pbp
401507282,,kiah stokes,1.0,2.0,3.0,pbp
401507282,,kierstan bell,2.0,12.0,14.0,pbp
401507282,,laeticia amihere,0.0,3.0,3.0,pbp
401507282,,monique billings,1.0,0.0,1.0,pbp
401507282,,naz hillmon,2.0,0.0,2.0,pbp
401507282,,nia coffey,3.0,11.0,14.0,pbp
401507282,,rhyne howard,6.0,0.0,6.0,pbp
401507282,,sydney colson,0.0,2.0,2.0,pbp
401507283,,azura stevens,3.0,5.0,8.0,pbp
401507283,,betnijah laney,6.0,3.0,9.0,pbp
401507283,,breanna stewart,5.0,11.0,16.0,pbp
401507283,,courtney vandersloot,2.0,20.0,22.0,pbp
401507283,,dearica hamby,6.0,0.0,6.0,pbp
401507283,,jasmine thomas,2.0,0.0,2.0,pbp
401507283,,jonquel jones,7.0,2.0,9.0,pbp
401507283,,jordin canada,9.0,4.0,13.0,pbp
401507283,,karlie samuelson,5.0,3.0,8.0,pbp
401507283,,kayla thornton,3.0,0.0,3.0,pbp
401507283,,layshia clarendon,2.0,9.0,11.0,pbp
401507283,,marine johannes,3.0,0.0,3.0,pbp
401507283,,nneka ogwumike,6.0,14.0,20.0,pbp
401507283,,nyara sabally,0.0,2.0,2.0,pbp
401507283,,sabrina ionescu,5.0,6.0,11.0,pbp
401507284,,arike ogunbowale,13.0,13.0,26.0,pbp
401507284,,awak kuier,2.0,0.0,2.0,pbp
401507284,,crystal dangerfield,2.0,0.0,2.0,pbp
401507284,,dulcy fankam mendjiadeu,0.0,2.0,2.0,pbp
401507284,,ezi magbegor,8.0,6.0,14.0,pbp
401507284,,gabby williams,3.0,4.0,7.0,pbp
401507284,,jewell loyd,13.0,17.0,30.0,pbp
401507284,,jordan horston,2.0,0.0,2.0,pbp
401507284,,kalani brown,0.0,2.0,2.0,pbp
401507284,,maddy siegrist,3.0,4.0,7.0,pbp
401507284,,mercedes russell,0.0,2.0,2.0,pbp
401507284,,natasha howard,4.0,0.0,4.0,pbp
401507284,,sami whitcomb,7.0,0.0,7.0,pbp
401507284,,satou sabally,9.0,9.0,18.0,pbp
401507284,,teaira mccowan,10.0,2.0,12.0,pbp
401507284,,veronica burton,2.0,0.0,2.0,pbp
401507285,,aari mcdonald,2.0,2.0,4.0,pbp
401507285,,allisha gray,10.0,0.0,10.0,pbp
401507285,,cheyenne parker,10.0,10.0,20.0,pbp
401507285,,danielle robinson,0.0,2.0,2.0,pbp
401507285,,diana taurasi,10.0,31.0,41.0,pbp
401507285,,haley jones,0.0,5.0,5.0,pbp
401507285,,iliana rupert,3.0,0.0,3.0,pbp
401507285,,kadi sissoko,4.0,2.0,6.0,pbp
401507285,,laeticia amihere,0.0,3.0,3.0,pbp
401507285,,liz dixon,0.0,2.0,2.0,pbp
401507285,,megan gustafson,8.0,0.0,8.0,pbp
401507285,,michaela onyenwere,8.0,0.0,8.0,pbp
401507285,,monique billings,4.0,4.0,8.0,pbp
401507285,,moriah jefferson,4.0,4.0,8.0,pbp
401507285,,nia coffey,0.0,2.0,2.0,pbp
401507285,,rhyne howard,7.0,7.0,14.0,pbp
401507285,,shey peddy,2.0,3.0,5.0,pbp
401507285,,sophie cunningham,5.0,2.0,7.0,pbp
401507285,,sug sutton,2.0,3.0,5.0,pbp
401507286,,aliyah boston,13.0,6.0,19.0,pbp
401507286,,alyssa thomas,6.0,5.0,11.0,pbp
401507286,,dewanna bonner,11.0,3.0,14.0,pbp
401507286,,dijonai carrington,7.0,4.0,11.0,pbp
401507286,,emma cannon,4.0,7.0,11.0,pbp
401507286,,erica wheeler,5.0,7.0,12.0,pbp
401507286,,grace berger,0.0,4.0,4.0,pbp
401507286,,kelsey mitchell,4.0,8.0,12.0,pbp
401507286,,kristy wallace,3.0,0.0,3.0,pbp
401507286,,maya caldwell,4.0,0.0,4.0,pbp
401507286,,natisha hiedeman,10.0,0.0,10.0,pbp
401507286,,olivia nelson-ododa,4.0,6.0,10.0,pbp
401507286,,rebecca allen,3.0,2.0,5.0,pbp
401507286,,tiffany hayes,9.0,9.0,18.0,pbp
401507286,,tyasha harris,6.0,3.0,9.0,pbp
401507286,,victaria saxton,0.0,5.0,5.0,pbp
401507286,,victoria vivians,0.0,1.0,1.0,pbp
401507287,,azura stevens,13.0,6.0,19.0,pbp
401507287,,brittney sykes,4.0,4.0,8.0,pbp
401507287,,cyesha goree,2.0,5.0,7.0,pbp
401507287,,dearica hamby,8.0,6.0,14.0,pbp
401507287,,evina westbrook,0.0,5.0,5.0,pbp
401507287,,jordin canada,4.0,4.0,8.0,pbp
401507287,,layshia clarendon,3.0,0.0,3.0,pbp
401507287,,li meng,7.0,3.0,10.0,pbp
401507287,,myisha hines-allen,1.0,0.0,1.0,pbp
401507287,,natasha cloud,4.0,6.0,10.0,pbp
401507287,,nneka ogwumike,6.0,12.0,18.0,pbp
401507287,,queen egbo,9.0,6.0,15.0,pbp
401507287,,shatori walker-kimbrough,9.0,2.0,11.0,pbp
401507287,,tianna hawkins,12.0,5.0,17.0,pbp
401507287,,zia cooke,6.0,4.0,10.0,pbp
401507288,,alanna smith,18.0,2.0,20.0,pbp
401507288,,arike ogunbowale,6.0,5.0,11.0,pbp
401507288,,courtney williams,7.0,18.0,25.0,pbp
401507288,,crystal dangerfield,2.0,0.0,2.0,pbp
401507288,,dana evans,2.0,2.0,4.0,pbp
401507288,,elizabeth williams,0.0,4.0,4.0,pbp
401507288,,kahleah copper,18.0,7.0,25.0,pbp
401507288,,kalani brown,4.0,3.0,7.0,pbp
401507288,,maddy siegrist,6.0,4.0,10.0,pbp
401507288,,marina mabrey,8.0,8.0,16.0,pbp
401507288,,natasha howard,18.0,10.0,28.0,pbp
401507288,,robyn parks,5.0,3.0,8.0,pbp
401507288,,ruthy hebard,0.0,2.0,2.0,pbp
401507288,,satou sabally,6.0,12.0,18.0,pbp
401507288,,teaira mccowan,4.0,4.0,8.0,pbp
401507288,,veronica burton,2.0,3.0,5.0,pbp
401507289,,betnijah laney,9.0,8.0,17.0,pbp
401507289,,breanna stewart,11.0,6.0,17.0,pbp
401507289,,courtney vandersloot,2.0,0.0,2.0,pbp
401507289,,diamond miller,5.0,2.0,7.0,pbp
401507289,,jessica shepard,2.0,5.0,7.0,pbp
401507289,,jonquel jones,6.0,9.0,15.0,pbp
401507289,,kayla mcbride,7.0,7.0,14.0,pbp
401507289,,kayla thornton,5.0,0.0,5.0,pbp
401507289,,lindsay allen,5.0,4.0,9.0,pbp
401507289,,marine johannes,2.0,0.0,2.0,pbp
401507289,,napheesa collier,14.0,4.0,18.0,pbp
401507289,,nikolina milic,7.0,2.0,9.0,pbp
401507289,,sabrina ionescu,6.0,12.0,18.0,pbp
401507289,,tiffany mitchell,2.0,0.0,2.0,pbp
401507290,,brianna turner,2.0,4.0,6.0,pbp
401507290,,brittney griner,6.0,16.0,22.0,pbp
401507290,,diana taurasi,12.0,16.0,28.0,pbp
401507290,,dulcy fankam mendjiadeu,0.0,9.0,9.0,pbp
401507290,,ezi magbegor,8.0,11.0,19.0,pbp
401507290,,gabby williams,10.0,4.0,14.0,pbp
401507290,,jewell loyd,10.0,21.0,31.0,pbp
401507290,,jordan horston,2.0,0.0,2.0,pbp
401507290,,kia nurse,5.0,2.0,7.0,pbp
401507290,,megan gustafson,13.0,0.0,13.0,pbp
401507290,,moriah jefferson,2.0,0.0,2.0,pbp
401507290,,sami whitcomb,6.0,7.0,13.0,pbp
401507290,,sophie cunningham,13.0,0.0,13.0,pbp
401507290,,sug sutton,2.0,5.0,7.0,pbp
401507291,,aari mcdonald,3.0,0.0,3.0,pbp
401507291,,aliyah boston,9.0,16.0,25.0,pbp
401507291,,allisha gray,9.0,12.0,21.0,pbp
401507291,,cheyenne parker,8.0,8.0,16.0,pbp
401507291,,danielle robinson,3.0,6.0,9.0,pbp
401507291,,erica wheeler,10.0,5.0,15.0,pbp
401507291,,grace berger,0.0,2.0,2.0,pbp
401507291,,kelsey mitchell,8.0,10.0,18.0,pbp
401507291,,kristy wallace,3.0,2.0,5.0,pbp
401507291,,nia coffey,9.0,0.0,9.0,pbp
401507291,,rhyne howard,11.0,12.0,23.0,pbp
401507291,,victoria vivians,4.0,2.0,6.0,pbp
401507292,,a'ja wilson,5.0,4.0,9.0,pbp
401507292,,alaina coates,0.0,2.0,2.0,pbp
401507292,,alysha clark,3.0,0.0,3.0,pbp
401507292,,betnijah laney,7.0,6.0,13.0,pbp
401507292,,breanna stewart,5.0,18.0,23.0,pbp
401507292,,chelsea gray,11.0,4.0,15.0,pbp
401507292,,courtney vandersloot,10.0,0.0,10.0,pbp
401507292,,epiphanny prince,0.0,2.0,2.0,pbp
401507292,,jackie young,13.0,3.0,16.0,pbp
401507292,,jonquel jones,4.0,8.0,12.0,pbp
401507292,,kayla thornton,0.0,8.0,8.0,pbp
401507292,,kelsey plum,12.0,0.0,12.0,pbp
401507292,,kierstan bell,0.0,4.0,4.0,pbp
401507292,,sabrina ionescu,23.0,8.0,31.0,pbp
401507293,,azura stevens,13.0,4.0,17.0,pbp
401507293,,brittney sykes,8.0,9.0,17.0,pbp
401507293,,cyesha goree,3.0,0.0,3.0,pbp
401507293,,dearica hamby,0.0,4.0,4.0,pbp
401507293,,jordin canada,5.0,10.0,15.0,pbp
401507293,,karlie samuelson,5.0,8.0,13.0,pbp
401507293,,layshia clarendon,2.0,5.0,7.0,pbp
401507293,,li meng,2.0,7.0,9.0,pbp
401507293,,myisha hines-allen,2.0,3.0,5.0,pbp
401507293,,natasha cloud,6.0,7.0,13.0,pbp
401507293,,nneka ogwumike,11.0,9.0,20.0,pbp
401507293,,queen egbo,6.0,2.0,8.0,pbp
401507293,,rae burrell,0.0,5.0,5.0,pbp
401507293,,shatori walker-kimbrough,3.0,2.0,5.0,pbp
401507293,,tianna hawkins,6.0,17.0,23.0,pbp
401507293,,zia cooke,7.0,3.0,10.0,pbp
401507294,,alanna smith,3.0,0.0,3.0,pbp
401507294,,arike ogunbowale,0.0,14.0,14.0,pbp
401507294,,ashley joens,0.0,1.0,1.0,pbp
401507294,,courtney williams,4.0,0.0,4.0,pbp
401507294,,crystal dangerfield,0.0,2.0,2.0,pbp
401507294,,dana evans,4.0,10.0,14.0,pbp
401507294,,elizabeth williams,4.0,5.0,9.0,pbp
401507294,,kahleah copper,6.0,17.0,23.0,pbp
401507294,,kalani brown,7.0,6.0,13.0,pbp
401507294,,maddy siegrist,2.0,4.0,6.0,pbp
401507294,,marina mabrey,17.0,15.0,32.0,pbp
401507294,,morgan bertsch,3.0,8.0,11.0,pbp
401507294,,natasha howard,9.0,15.0,24.0,pbp
401507294,,robyn parks,3.0,3.0,6.0,pbp
401507294,,ruthy hebard,2.0,0.0,2.0,pbp
401507294,,satou sabally,13.0,12.0,25.0,pbp
401507294,,teaira mccowan,6.0,5.0,11.0,pbp
401507295,,alyssa thomas,9.0,7.0,16.0,pbp
401507295,,dewanna bonner,14.0,6.0,20.0,pbp
401507295,,dijonai carrington,9.0,0.0,9.0,pbp
401507295,,dulcy fankam mendjiadeu,2.0,6.0,8.0,pbp
401507295,,ezi magbegor,7.0,3.0,10.0,pbp
401507295,,gabby williams,7.0,0.0,7.0,pbp
401507295,,jade melbourne,0.0,6.0,6.0,pbp
401507295,,jewell loyd,7.0,4.0,11.0,pbp
401507295,,jordan horston,3.0,6.0,9.0,pbp
401507295,,joyner holmes,2.0,2.0,4.0,pbp
401507295,,natisha hiedeman,2.0,2.0,4.0,pbp
401507295,,olivia nelson-ododa,2.0,2.0,4.0,pbp
401507295,,rebecca allen,9.0,4.0,13.0,pbp
401507295,,sami whitcomb,6.0,5.0,11.0,pbp
401507295,,tiffany hayes,5.0,5.0,10.0,pbp
401507295,,tyasha harris,0.0,4.0,4.0,pbp
401507295,,yvonne turner,0.0,3.0,3.0,pbp
401507296,,aliyah boston,12.0,6.0,18.0,pbp
401507296,,amanda zahui b.,0.0,2.0,2.0,pbp
401507296,,azura stevens,6.0,2.0,8.0,pbp
401507296,,dearica hamby,2.0,4.0,6.0,pbp
401507296,,emma cannon,2.0,0.0,2.0,pbp
401507296,,evina westbrook,0.0,3.0,3.0,pbp
401507296,,grace berger,8.0,6.0,14.0,pbp
401507296,,jasmine thomas,0.0,5.0,5.0,pbp
401507296,,jordin canada,4.0,6.0,10.0,pbp
401507296,,karlie samuelson,5.0,8.0,13.0,pbp
401507296,,kelsey mitchell,11.0,10.0,21.0,pbp
401507296,,kristy wallace,2.0,4.0,6.0,pbp
401507296,,layshia clarendon,10.0,7.0,17.0,pbp
401507296,,lexie hull,2.0,2.0,4.0,pbp
401507296,,nalyssa smith,4.0,4.0,8.0,pbp
401507296,,nneka ogwumike,10.0,10.0,20.0,pbp
401507296,,victoria vivians,0.0,5.0,5.0,pbp
401507296,,zia cooke,3.0,2.0,5.0,pbp
401507297,,aerial powers,0.0,3.0,3.0,pbp
401507297,,alanna smith,3.0,0.0,3.0,pbp
401507297,,courtney williams,0.0,12.0,12.0,pbp
401507297,,dana evans,0.0,2.0,2.0,pbp
401507297,,diamond miller,5.0,0.0,5.0,pbp
401507297,,elizabeth williams,10.0,8.0,18.0,pbp
401507297,,jessica shepard,7.0,10.0,17.0,pbp
401507297,,kahleah copper,15.0,8.0,23.0,pbp
401507297,,kayla mcbride,7.0,6.0,13.0,pbp
401507297,,lindsay allen,2.0,4.0,6.0,pbp
401507297,,marina mabrey,6.0,5.0,11.0,pbp
401507297,,morgan bertsch,4.0,0.0,4.0,pbp
401507297,,napheesa collier,12.0,17.0,29.0,pbp
401507297,,nikolina milic,12.0,0.0,12.0,pbp
401507297,,rachel banham,0.0,3.0,3.0,pbp
401507297,,robyn parks,0.0,6.0,6.0,pbp
401507298,,a'ja wilson,9.0,19.0,28.0,pbp
401507298,,alaina coates,0.0,3.0,3.0,pbp
401507298,,alysha clark,5.0,6.0,11.0,pbp
401507298,,arike ogunbowale,7.0,4.0,11.0,pbp
401507298,,chelsea gray,13.0,3.0,16.0,pbp
401507298,,crystal dangerfield,0.0,11.0,11.0,pbp
401507298,,jackie young,12.0,6.0,18.0,pbp
401507298,,kalani brown,7.0,9.0,16.0,pbp
401507298,,kelsey plum,15.0,4.0,19.0,pbp
401507298,,kierstan bell,0.0,8.0,8.0,pbp
401507298,,maddy siegrist,0.0,9.0,9.0,pbp
401507298,,natasha howard,0.0,10.0,10.0,pbp
401507298,,satou sabally,10.0,10.0,20.0,pbp
401507298,,veronica burton,0.0,5.0,5.0,pbp
401507299,,brianna turner,0.0,4.0,4.0,pbp
401507299,,brittney griner,8.0,3.0,11.0,pbp
401507299,,brittney sykes,13.0,11.0,24.0,pbp
401507299,,cyesha goree,0.0,4.0,4.0,pbp
401507299,,destanni henderson,0.0,3.0,3.0,pbp
401507299,,diana taurasi,9.0,5.0,14.0,pbp
401507299,,kadi sissoko,1.0,3.0,4.0,pbp
401507299,,li meng,0.0,6.0,6.0,pbp
401507299,,megan gustafson,6.0,2.0,8.0,pbp
401507299,,michaela onyenwere,5.0,6.0,11.0,pbp
401507299,,moriah jefferson,4.0,11.0,15.0,pbp
401507299,,myisha hines-allen,9.0,2.0,11.0,pbp
401507299,,natasha cloud,0.0,7.0,7.0,pbp
401507299,,queen egbo,6.0,0.0,6.0,pbp
401507299,,shatori walker-kimbrough,6.0,4.0,10.0,pbp
401507299,,sophie cunningham,8.0,6.0,14.0,pbp
401507299,,sug sutton,2.0,4.0,6.0,pbp
401507299,,tianna hawkins,0.0,4.0,4.0,pbp
401507300,,aliyah boston,7.0,8.0,15.0,pbp
401507300,,diamond miller,2.0,9.0,11.0,pbp
401507300,,emma cannon,2.0,0.0,2.0,pbp
401507300,,erica wheeler,5.0,12.0,17.0,pbp
401507300,,grace berger,0.0,2.0,2.0,pbp
401507300,,jessica shepard,11.0,2.0,13.0,pbp
401507300,,kayla mcbride,7.0,3.0,10.0,pbp
401507300,,kelsey mitchell,14.0,10.0,24.0,pbp
401507300,,kristy wallace,9.0,4.0,13.0,pbp
401507300,,nalyssa smith,2.0,10.0,12.0,pbp
401507300,,napheesa collier,0.0,8.0,8.0,pbp
401507300,,nikolina milic,2.0,7.0,9.0,pbp
401507300,,rachel banham,11.0,7.0,18.0,pbp
401507300,,tiffany mitchell,2.0,2.0,4.0,pbp
401507300,,victoria vivians,6.0,0.0,6.0,pbp
401507301,,alyssa thomas,14.0,6.0,20.0,pbp
401507301,,bernadett hatar,4.0,2.0,6.0,pbp
401507301,,brianna turner,4.0,2.0,6.0,pbp
401507301,,brittney griner,9.0,12.0,21.0,pbp
401507301,,destanni henderson,4.0,0.0,4.0,pbp
401507301,,diana taurasi,11.0,5.0,16.0,pbp
401507301,,dijonai carrington,8.0,0.0,8.0,pbp
401507301,,megan gustafson,8.0,2.0,10.0,pbp
401507301,,michaela onyenwere,3.0,2.0,5.0,pbp
401507301,,moriah jefferson,5.0,12.0,17.0,pbp
401507301,,natisha hiedeman,1.0,0.0,1.0,pbp
401507301,,olivia nelson-ododa,1.0,2.0,3.0,pbp
401507301,,rebecca allen,10.0,14.0,24.0,pbp
401507301,,sophie cunningham,6.0,3.0,9.0,pbp
401507301,,sug sutton,2.0,0.0,2.0,pbp
401507301,,tiffany hayes,6.0,9.0,15.0,pbp
401507301,,tyasha harris,4.0,3.0,7.0,pbp
401507302,,aari mcdonald,3.0,7.0,10.0,pbp
401507302,,ad durr,3.0,0.0,3.0,pbp
401507302,,allisha gray,6.0,11.0,17.0,pbp
401507302,,cheyenne parker,2.0,4.0,6.0,pbp
401507302,,danielle robinson,3.0,0.0,3.0,pbp
401507302,,dulcy fankam mendjiadeu,3.0,2.0,5.0,pbp
401507302,,ezi magbegor,5.0,12.0,17.0,pbp
401507302,,haley jones,0.0,2.0,2.0,pbp
401507302,,jade melbourne,3.0,0.0,3.0,pbp
401507302,,jewell loyd,4.0,15.0,19.0,pbp
401507302,,jordan horston,4.0,0.0,4.0,pbp
401507302,,mercedes russell,4.0,5.0,9.0,pbp
401507302,,monique billings,3.0,0.0,3.0,pbp
401507302,,nia coffey,3.0,0.0,3.0,pbp
401507302,,rhyne howard,11.0,9.0,20.0,pbp
401507302,,sami whitcomb,4.0,7.0,11.0,pbp
401507303,,alanna smith,7.0,12.0,19.0,pbp
401507303,,betnijah laney,8.0,3.0,11.0,pbp
401507303,,breanna stewart,12.0,9.0,21.0,pbp
401507303,,courtney vandersloot,4.0,1.0,5.0,pbp
401507303,,courtney williams,8.0,2.0,10.0,pbp
401507303,,dana evans,0.0,4.0,4.0,pbp
401507303,,elizabeth williams,5.0,3.0,8.0,pbp
401507303,,jonquel jones,6.0,12.0,18.0,pbp
401507303,,kahleah copper,6.0,2.0,8.0,pbp
401507303,,kayla thornton,5.0,2.0,7.0,pbp
401507303,,marina mabrey,9.0,3.0,12.0,pbp
401507303,,marine johannes,2.0,3.0,5.0,pbp
401507303,,robyn parks,3.0,0.0,3.0,pbp
401507303,,ruthy hebard,2.0,6.0,8.0,pbp
401507303,,sabrina ionescu,11.0,8.0,19.0,pbp
401507303,,stefanie dolson,0.0,2.0,2.0,pbp
401507304,,a'ja wilson,24.0,16.0,40.0,pbp
401507304,,alaina coates,0.0,2.0,2.0,pbp
401507304,,alysha clark,2.0,0.0,2.0,pbp
401507304,,brittney sykes,4.0,8.0,12.0,pbp
401507304,,cayla george,0.0,3.0,3.0,pbp
401507304,,chelsea gray,8.0,10.0,18.0,pbp
401507304,,cyesha goree,0.0,3.0,3.0,pbp
401507304,,jackie young,11.0,6.0,17.0,pbp
401507304,,kelsey plum,8.0,11.0,19.0,pbp
401507304,,kierstan bell,3.0,8.0,11.0,pbp
401507304,,li meng,3.0,3.0,6.0,pbp
401507304,,myisha hines-allen,11.0,4.0,15.0,pbp
401507304,,natasha cloud,10.0,11.0,21.0,pbp
401507304,,queen egbo,6.0,4.0,10.0,pbp
401507304,,shatori walker-kimbrough,0.0,3.0,3.0,pbp
401507304,,tianna hawkins,14.0,5.0,19.0,pbp
401507305,,aari mcdonald,4.0,11.0,15.0,pbp
401507305,,allisha gray,8.0,0.0,8.0,pbp
401507305,,azura stevens,6.0,9.0,15.0,pbp
401507305,,cheyenne parker,14.0,3.0,17.0,pbp
401507305,,danielle robinson,2.0,7.0,9.0,pbp
401507305,,jasmine thomas,2.0,0.0,2.0,pbp
401507305,,jordin canada,6.0,14.0,20.0,pbp
401507305,,karlie samuelson,4.0,5.0,9.0,pbp
401507305,,layshia clarendon,5.0,11.0,16.0,pbp
401507305,,monique billings,2.0,0.0,2.0,pbp
401507305,,naz hillmon,4.0,0.0,4.0,pbp
401507305,,nia coffey,0.0,2.0,2.0,pbp
401507305,,nneka ogwumike,11.0,6.0,17.0,pbp
401507305,,rhyne howard,11.0,6.0,17.0,pbp
401507305,,zia cooke,4.0,2.0,6.0,pbp
401507306,,alyssa thomas,14.0,12.0,26.0,pbp
401507306,,arike ogunbowale,9.0,14.0,23.0,pbp
401507306,,crystal dangerfield,13.0,2.0,15.0,pbp
401507306,,dewanna bonner,3.0,0.0,3.0,pbp
401507306,,dijonai carrington,0.0,11.0,11.0,pbp
401507306,,kalani brown,2.0,4.0,6.0,pbp
401507306,,natasha howard,5.0,4.0,9.0,pbp
401507306,,natisha hiedeman,10.0,4.0,14.0,pbp
401507306,,olivia nelson-ododa,2.0,0.0,2.0,pbp
401507306,,rebecca allen,5.0,0.0,5.0,pbp
401507306,,satou sabally,15.0,13.0,28.0,pbp
401507306,,teaira mccowan,6.0,2.0,8.0,pbp
401507306,,tiffany hayes,8.0,10.0,18.0,pbp
401507306,,veronica burton,1.0,0.0,1.0,pbp
401507307,,alanna smith,6.0,4.0,10.0,pbp
401507307,,brittney sykes,11.0,19.0,30.0,pbp
401507307,,courtney williams,11.0,2.0,13.0,pbp
401507307,,dana evans,3.0,0.0,3.0,pbp
401507307,,elizabeth williams,4.0,10.0,14.0,pbp
401507307,,kahleah copper,4.0,13.0,17.0,pbp
401507307,,li meng,1.0,2.0,3.0,pbp
401507307,,marina mabrey,7.0,8.0,15.0,pbp
401507307,,morgan bertsch,2.0,0.0,2.0,pbp
401507307,,myisha hines-allen,4.0,2.0,6.0,pbp
401507307,,natasha cloud,2.0,2.0,4.0,pbp
401507307,,queen egbo,7.0,9.0,16.0,pbp
401507307,,ruthy hebard,2.0,0.0,2.0,pbp
401507307,,shakira austin,2.0,2.0,4.0,pbp
401507307,,shatori walker-kimbrough,5.0,2.0,7.0,pbp
401507307,,tianna hawkins,8.0,5.0,13.0,pbp
401507308,,brianna turner,4.0,4.0,8.0,pbp
401507308,,brittney griner,6.0,6.0,12.0,pbp
401507308,,diana taurasi,2.0,3.0,5.0,pbp
401507308,,dulcy fankam mendjiadeu,2.0,0.0,2.0,pbp
401507308,,ezi magbegor,7.0,10.0,17.0,pbp
401507308,,jade melbourne,2.0,2.0,4.0,pbp
401507308,,jewell loyd,23.0,1.0,24.0,pbp
401507308,,jordan horston,0.0,4.0,4.0,pbp
401507308,,joyner holmes,3.0,3.0,6.0,pbp
401507308,,kia nurse,5.0,5.0,10.0,pbp
401507308,,megan gustafson,2.0,0.0,2.0,pbp
401507308,,mercedes russell,6.0,2.0,8.0,pbp
401507308,,michaela onyenwere,2.0,0.0,2.0,pbp
401507308,,moriah jefferson,6.0,8.0,14.0,pbp
401507308,,sami whitcomb,3.0,3.0,6.0,pbp
401507308,,sophie cunningham,13.0,12.0,25.0,pbp
401507308,,sug sutton,0.0,3.0,3.0,pbp
401507309,,aliyah boston,11.0,6.0,17.0,pbp
401507309,,betnijah laney,2.0,10.0,12.0,pbp
401507309,,breanna stewart,30.0,12.0,42.0,pbp
401507309,,courtney vandersloot,2.0,2.0,4.0,pbp
401507309,,erica wheeler,8.0,13.0,21.0,pbp
401507309,,grace berger,3.0,2.0,5.0,pbp
401507309,,jonquel jones,9.0,6.0,15.0,pbp
401507309,,kayla thornton,4.0,2.0,6.0,pbp
401507309,,kelsey mitchell,17.0,5.0,22.0,pbp
401507309,,lexie hull,2.0,0.0,2.0,pbp
401507309,,marine johannes,0.0,4.0,4.0,pbp
401507309,,nalyssa smith,5.0,10.0,15.0,pbp
401507309,,sabrina ionescu,6.0,3.0,9.0,pbp
401507309,,stefanie dolson,4.0,3.0,7.0,pbp
401507309,,victoria vivians,5.0,2.0,7.0,pbp
401507310,,a'ja wilson,4.0,17.0,21.0,pbp
401507310,,aari mcdonald,2.0,0.0,2.0,pbp
401507310,,ad durr,2.0,3.0,5.0,pbp
401507310,,allisha gray,6.0,13.0,19.0,pbp
401507310,,cayla george,6.0,5.0,11.0,pbp
401507310,,chelsea gray,6.0,7.0,13.0,pbp
401507310,,cheyenne parker,8.0,5.0,13.0,pbp
401507310,,jackie young,8.0,9.0,17.0,pbp
401507310,,kelsey plum,5.0,8.0,13.0,pbp
401507310,,kiah stokes,5.0,0.0,5.0,pbp
401507310,,kierstan bell,2.0,2.0,4.0,pbp
401507310,,monique billings,2.0,0.0,2.0,pbp
401507310,,naz hillmon,2.0,0.0,2.0,pbp
401507310,,nia coffey,4.0,6.0,10.0,pbp
401507310,,rhyne howard,4.0,8.0,12.0,pbp
401507310,,sydney colson,0.0,2.0,2.0,pbp
401507311,,a'ja wilson,11.0,10.0,21.0,pbp
401507311,,alysha clark,0.0,5.0,5.0,pbp
401507311,,betnijah laney,10.0,7.0,17.0,pbp
401507311,,breanna stewart,7.0,6.0,13.0,pbp
401507311,,cayla george,0.0,2.0,2.0,pbp
401507311,,chelsea gray,13.0,9.0,22.0,pbp
401507311,,courtney vandersloot,2.0,3.0,5.0,pbp
401507311,,jackie young,12.0,3.0,15.0,pbp
401507311,,jonquel jones,4.0,3.0,7.0,pbp
401507311,,kelsey plum,12.0,6.0,18.0,pbp
401507311,,kierstan bell,4.0,0.0,4.0,pbp
401507311,,marine johannes,3.0,3.0,6.0,pbp
401507311,,nyara sabally,0.0,1.0,1.0,pbp
401507311,,sabrina ionescu,10.0,12.0,22.0,pbp
401507311,,stefanie dolson,3.0,0.0,3.0,pbp
401507312,,alyssa thomas,9.0,6.0,15.0,pbp
401507312,,arike ogunbowale,13.0,15.0,28.0,pbp
401507312,,crystal dangerfield,4.0,8.0,12.0,pbp
401507312,,dewanna bonner,9.0,16.0,25.0,pbp
401507312,,dijonai carrington,4.0,2.0,6.0,pbp
401507312,,kalani brown,4.0,10.0,14.0,pbp
401507312,,leigha brown,0.0,2.0,2.0,pbp
401507312,,maddy siegrist,2.0,3.0,5.0,pbp
401507312,,natasha howard,8.0,5.0,13.0,pbp
401507312,,natisha hiedeman,4.0,0.0,4.0,pbp
401507312,,olivia nelson-ododa,2.0,0.0,2.0,pbp
401507312,,rebecca allen,2.0,0.0,2.0,pbp
401507312,,satou sabally,4.0,3.0,7.0,pbp
401507312,,teaira mccowan,10.0,4.0,14.0,pbp
401507312,,tiffany hayes,4.0,9.0,13.0,pbp
401507312,,tyasha harris,6.0,0.0,6.0,pbp
401507313,,aliyah boston,14.0,2.0,16.0,pbp
401507313,,ariel atkins,3.0,3.0,6.0,pbp
401507313,,brittney sykes,18.0,12.0,30.0,pbp
401507313,,elena delle donne,6.0,0.0,6.0,pbp
401507313,,emma cannon,7.0,10.0,17.0,pbp
401507313,,erica wheeler,6.0,6.0,12.0,pbp
401507313,,grace berger,2.0,3.0,5.0,pbp
401507313,,kelsey mitchell,5.0,9.0,14.0,pbp
401507313,,kristy wallace,2.0,6.0,8.0,pbp
401507313,,lexie hull,2.0,0.0,2.0,pbp
401507313,,myisha hines-allen,2.0,2.0,4.0,pbp
401507313,,nalyssa smith,4.0,0.0,4.0,pbp
401507313,,natasha cloud,3.0,13.0,16.0,pbp
401507313,,queen egbo,0.0,2.0,2.0,pbp
401507313,,shakira austin,0.0,6.0,6.0,pbp
401507313,,shatori walker-kimbrough,8.0,0.0,8.0,pbp
401507313,,tianna hawkins,2.0,3.0,5.0,pbp
401507314,,aari mcdonald,0.0,3.0,3.0,pbp
401507314,,alanna smith,6.0,2.0,8.0,pbp
401507314,,allisha gray,14.0,6.0,20.0,pbp
401507314,,cheyenne parker,11.0,18.0,29.0,pbp
401507314,,courtney williams,4.0,2.0,6.0,pbp
401507314,,dana evans,5.0,13.0,18.0,pbp
401507314,,danielle robinson,6.0,4.0,10.0,pbp
401507314,,elizabeth williams,5.0,5.0,10.0,pbp
401507314,,haley jones,2.0,2.0,4.0,pbp
401507314,,iliana rupert,2.0,0.0,2.0,pbp
401507314,,kahleah copper,11.0,3.0,14.0,pbp
401507314,,marina mabrey,0.0,5.0,5.0,pbp
401507314,,monique billings,0.0,2.0,2.0,pbp
401507314,,naz hillmon,4.0,4.0,8.0,pbp
401507314,,robyn parks,6.0,0.0,6.0,pbp
401507315,,ashley joens,0.0,2.0,2.0,pbp
401507315,,betnijah laney,7.0,15.0,22.0,pbp
401507315,,breanna stewart,9.0,3.0,12.0,pbp
401507315,,brianna turner,8.0,0.0,8.0,pbp
401507315,,courtney vandersloot,0.0,2.0,2.0,pbp
401507315,,diana taurasi,11.0,3.0,14.0,pbp
401507315,,jocelyn willoughby,0.0,2.0,2.0,pbp
401507315,,jonquel jones,2.0,4.0,6.0,pbp
401507315,,kayla thornton,3.0,0.0,3.0,pbp
401507315,,liz dixon,2.0,4.0,6.0,pbp
401507315,,marine johannes,14.0,4.0,18.0,pbp
401507315,,michaela onyenwere,5.0,4.0,9.0,pbp
401507315,,moriah jefferson,4.0,4.0,8.0,pbp
401507315,,sabrina ionescu,8.0,10.0,18.0,pbp
401507315,,sophie cunningham,8.0,6.0,14.0,pbp
401507315,,stefanie dolson,0.0,2.0,2.0,pbp
401507315,,sug sutton,0.0,2.0,2.0,pbp
401507316,,bridget carleton,0.0,3.0,3.0,pbp
401507316,,diamond miller,7.0,0.0,7.0,pbp
401507316,,dorka juhasz,2.0,5.0,7.0,pbp
401507316,,dulcy fankam mendjiadeu,4.0,0.0,4.0,pbp
401507316,,ezi magbegor,10.0,3.0,13.0,pbp
401507316,,jewell loyd,5.0,10.0,15.0,pbp
401507316,,jordan horston,4.0,2.0,6.0,pbp
401507316,,joyner holmes,4.0,0.0,4.0,pbp
401507316,,kayla mcbride,9.0,10.0,19.0,pbp
401507316,,kia nurse,3.0,0.0,3.0,pbp
401507316,,mercedes russell,0.0,2.0,2.0,pbp
401507316,,napheesa collier,17.0,7.0,24.0,pbp
401507316,,rachel banham,2.0,0.0,2.0,pbp
401507316,,sami whitcomb,7.0,14.0,21.0,pbp
401507316,,tiffany mitchell,8.0,6.0,14.0,pbp
401507317,,a'ja wilson,12.0,13.0,25.0,pbp
401507317,,alysha clark,0.0,6.0,6.0,pbp
401507317,,azura stevens,6.0,2.0,8.0,pbp
401507317,,cayla george,6.0,0.0,6.0,pbp
401507317,,chelsea gray,3.0,7.0,10.0,pbp
401507317,,dearica hamby,0.0,4.0,4.0,pbp
401507317,,jackie young,7.0,4.0,11.0,pbp
401507317,,jordin canada,11.0,7.0,18.0,pbp
401507317,,karlie samuelson,5.0,0.0,5.0,pbp
401507317,,kelsey plum,8.0,4.0,12.0,pbp
401507317,,kierstan bell,0.0,2.0,2.0,pbp
401507317,,layshia clarendon,10.0,11.0,21.0,pbp
401507317,,nneka ogwumike,8.0,11.0,19.0,pbp
401507318,,ariel atkins,10.0,3.0,13.0,pbp
401507318,,arike ogunbowale,8.0,9.0,17.0,pbp
401507318,,brittney sykes,6.0,10.0,16.0,pbp
401507318,,crystal dangerfield,7.0,7.0,14.0,pbp
401507318,,kalani brown,4.0,6.0,10.0,pbp
401507318,,li meng,3.0,2.0,5.0,pbp
401507318,,maddy siegrist,9.0,2.0,11.0,pbp
401507318,,myisha hines-allen,0.0,6.0,6.0,pbp
401507318,,natasha cloud,15.0,7.0,22.0,pbp
401507318,,natasha howard,13.0,2.0,15.0,pbp
401507318,,queen egbo,3.0,4.0,7.0,pbp
401507318,,satou sabally,4.0,5.0,9.0,pbp
401507318,,shatori walker-kimbrough,4.0,3.0,7.0,pbp
401507318,,teaira mccowan,8.0,7.0,15.0,pbp
401507318,,tianna hawkins,5.0,3.0,8.0,pbp
401507318,,veronica burton,3.0,3.0,6.0,pbp
401507319,,alanna smith,4.0,5.0,9.0,pbp
401507319,,alyssa thomas,13.0,9.0,22.0,pbp
401507319,,courtney williams,6.0,5.0,11.0,pbp
401507319,,dana evans,5.0,4.0,9.0,pbp
401507319,,dewanna bonner,8.0,5.0,13.0,pbp
401507319,,dijonai carrington,4.0,3.0,7.0,pbp
401507319,,elizabeth williams,2.0,12.0,14.0,pbp
401507319,,kahleah copper,10.0,5.0,15.0,pbp
401507319,,marina mabrey,11.0,0.0,11.0,pbp
401507319,,natisha hiedeman,4.0,8.0,12.0,pbp
401507319,,olivia nelson-ododa,2.0,0.0,2.0,pbp
401507319,,rebecca allen,5.0,2.0,7.0,pbp
401507319,,robyn parks,2.0,2.0,4.0,pbp
401507319,,tiffany hayes,8.0,3.0,11.0,pbp
401507319,,tyasha harris,0.0,3.0,3.0,pbp
401507320,,aliyah boston,8.0,1.0,9.0,pbp
401507320,,brianna turner,0.0,2.0,2.0,pbp
401507320,,diana taurasi,6.0,0.0,6.0,pbp
401507320,,emma cannon,2.0,4.0,6.0,pbp
401507320,,erica wheeler,0.0,7.0,7.0,pbp
401507320,,grace berger,0.0,3.0,3.0,pbp
401507320,,kelsey mitchell,12.0,15.0,27.0,pbp
401507320,,kristy wallace,3.0,0.0,3.0,pbp
401507320,,liz dixon,0.0,2.0,2.0,pbp
401507320,,megan gustafson,5.0,10.0,15.0,pbp
401507320,,michaela onyenwere,6.0,6.0,12.0,pbp
401507320,,moriah jefferson,8.0,2.0,10.0,pbp
401507320,,nalyssa smith,13.0,12.0,25.0,pbp
401507320,,sophie cunningham,3.0,15.0,18.0,pbp
401507320,,sug sutton,4.0,4.0,8.0,pbp
401507320,,victaria saxton,2.0,0.0,2.0,pbp
401507321,,aerial powers,0.0,12.0,12.0,pbp
401507321,,bridget carleton,0.0,2.0,2.0,pbp
401507321,,diamond miller,4.0,5.0,9.0,pbp
401507321,,dorka juhasz,2.0,0.0,2.0,pbp
401507321,,dulcy fankam mendjiadeu,0.0,8.0,8.0,pbp
401507321,,ezi magbegor,6.0,6.0,12.0,pbp
401507321,,jade melbourne,2.0,0.0,2.0,pbp
401507321,,jessica shepard,0.0,2.0,2.0,pbp
401507321,,jewell loyd,17.0,11.0,28.0,pbp
401507321,,jordan horston,2.0,2.0,4.0,pbp
401507321,,joyner holmes,0.0,3.0,3.0,pbp
401507321,,kayla mcbride,12.0,6.0,18.0,pbp
401507321,,kia nurse,3.0,4.0,7.0,pbp
401507321,,mercedes russell,6.0,2.0,8.0,pbp
401507321,,napheesa collier,12.0,2.0,14.0,pbp
401507321,,nikolina milic,0.0,4.0,4.0,pbp
401507321,,sami whitcomb,10.0,0.0,10.0,pbp
401507321,,tiffany mitchell,10.0,1.0,11.0,pbp
401507321,,yvonne turner,0.0,2.0,2.0,pbp
401507322,,a'ja wilson,22.0,31.0,53.0,pbp
401507322,,aari mcdonald,2.0,9.0,11.0,pbp
401507322,,alaina coates,0.0,2.0,2.0,pbp
401507322,,alysha clark,3.0,0.0,3.0,pbp
401507322,,chelsea gray,6.0,10.0,16.0,pbp
401507322,,cheyenne parker,4.0,2.0,6.0,pbp
401507322,,danielle robinson,14.0,3.0,17.0,pbp
401507322,,haley jones,8.0,15.0,23.0,pbp
401507322,,iliana rupert,0.0,2.0,2.0,pbp
401507322,,jackie young,5.0,7.0,12.0,pbp
401507322,,kelsey plum,14.0,6.0,20.0,pbp
401507322,,kiah stokes,3.0,0.0,3.0,pbp
401507322,,kierstan bell,3.0,0.0,3.0,pbp
401507322,,laeticia amihere,0.0,6.0,6.0,pbp
401507322,,monique billings,2.0,0.0,2.0,pbp
401507322,,naz hillmon,4.0,2.0,6.0,pbp
401507322,,rhyne howard,21.0,6.0,27.0,pbp
401507323,,alyssa thomas,14.0,8.0,22.0,pbp
401507323,,ariel atkins,2.0,5.0,7.0,pbp
401507323,,brittney sykes,6.0,0.0,6.0,pbp
401507323,,dewanna bonner,7.0,10.0,17.0,pbp
401507323,,dijonai carrington,2.0,0.0,2.0,pbp
401507323,,li meng,0.0,4.0,4.0,pbp
401507323,,myisha hines-allen,0.0,2.0,2.0,pbp
401507323,,natasha cloud,14.0,5.0,19.0,pbp
401507323,,natisha hiedeman,3.0,3.0,6.0,pbp
401507323,,queen egbo,0.0,6.0,6.0,pbp
401507323,,rebecca allen,0.0,3.0,3.0,pbp
401507323,,shakira austin,4.0,9.0,13.0,pbp
401507323,,shatori walker-kimbrough,0.0,2.0,2.0,pbp
401507323,,tianna hawkins,5.0,0.0,5.0,pbp
401507323,,tiffany hayes,6.0,5.0,11.0,pbp
401507323,,tyasha harris,3.0,3.0,6.0,pbp
401507324,,alanna smith,6.0,8.0,14.0,pbp
401507324,,courtney williams,4.0,6.0,10.0,pbp
401507324,,dana evans,8.0,14.0,22.0,pbp
401507324,,dulcy fankam mendjiadeu,3.0,3.0,6.0,pbp
401507324,,elizabeth williams,8.0,0.0,8.0,pbp
401507324,,ezi magbegor,5.0,8.0,13.0,pbp
401507324,,jade melbourne,0.0,2.0,2.0,pbp
401507324,,jewell loyd,15.0,11.0,26.0,pbp
401507324,,jordan horston,2.0,1.0,3.0,pbp
401507324,,joyner holmes,0.0,3.0,3.0,pbp
401507324,,kahleah copper,11.0,1.0,12.0,pbp
401507324,,kia nurse,3.0,3.0,6.0,pbp
401507324,,marina mabrey,8.0,11.0,19.0,pbp
401507324,,mercedes russell,2.0,4.0,6.0,pbp
401507324,,morgan bertsch,0.0,2.0,2.0,pbp
401507324,,robyn parks,0.0,5.0,5.0,pbp
401507324,,ruthy hebard,3.0,4.0,7.0,pbp
401507324,,sami whitcomb,10.0,0.0,10.0,pbp
401507324,,sika kone,2.0,0.0,2.0,pbp
401507324,,yvonne turner,0.0,4.0,4.0,pbp
401507325,,arike ogunbowale,6.0,11.0,17.0,pbp
401507325,,bridget carleton,6.0,8.0,14.0,pbp
401507325,,crystal dangerfield,4.0,8.0,12.0,pbp
401507325,,diamond miller,0.0,2.0,2.0,pbp
401507325,,dorka juhasz,2.0,0.0,2.0,pbp
401507325,,jessica shepard,2.0,5.0,7.0,pbp
401507325,,kayla mcbride,12.0,9.0,21.0,pbp
401507325,,maddy siegrist,0.0,2.0,2.0,pbp
401507325,,napheesa collier,13.0,16.0,29.0,pbp
401507325,,natasha howard,10.0,6.0,16.0,pbp
401507325,,nikolina milic,4.0,0.0,4.0,pbp
401507325,,rachel banham,0.0,4.0,4.0,pbp
401507325,,satou sabally,12.0,10.0,22.0,pbp
401507325,,teaira mccowan,3.0,7.0,10.0,pbp
401507325,,tiffany mitchell,0.0,7.0,7.0,pbp
401507325,,veronica burton,0.0,4.0,4.0,pbp
401507326,,azura stevens,14.0,6.0,20.0,pbp
401507326,,brianna turner,0.0,2.0,2.0,pbp
401507326,,dearica hamby,2.0,7.0,9.0,pbp
401507326,,jasmine thomas,4.0,5.0,9.0,pbp
401507326,,jordin canada,5.0,5.0,10.0,pbp
401507326,,kadi sissoko,2.0,1.0,3.0,pbp
401507326,,karlie samuelson,8.0,7.0,15.0,pbp
401507326,,layshia clarendon,4.0,2.0,6.0,pbp
401507326,,liz dixon,4.0,8.0,12.0,pbp
401507326,,madi williams,0.0,2.0,2.0,pbp
401507326,,megan gustafson,2.0,12.0,14.0,pbp
401507326,,michaela onyenwere,3.0,0.0,3.0,pbp
401507326,,moriah jefferson,3.0,2.0,5.0,pbp
401507326,,nneka ogwumike,7.0,0.0,7.0,pbp
401507326,,rae burrell,0.0,3.0,3.0,pbp
401507326,,sophie cunningham,11.0,5.0,16.0,pbp
401507326,,sug sutton,5.0,0.0,5.0,pbp
401507326,,zia cooke,0.0,11.0,11.0,pbp
401507327,,alyssa thomas,8.0,14.0,22.0,pbp
401507327,,bernadett hatar,2.0,0.0,2.0,pbp
401507327,,betnijah laney,4.0,5.0,9.0,pbp
401507327,,breanna stewart,11.0,13.0,24.0,pbp
401507327,,courtney vandersloot,5.0,8.0,13.0,pbp
401507327,,dewanna bonner,12.0,17.0,29.0,pbp
401507327,,jonquel jones,4.0,17.0,21.0,pbp
401507327,,kayla thornton,2.0,0.0,2.0,pbp
401507327,,marine johannes,4.0,4.0,8.0,pbp
401507327,,natisha hiedeman,5.0,2.0,7.0,pbp
401507327,,rebecca allen,8.0,3.0,11.0,pbp
401507327,,sabrina ionescu,4.0,14.0,18.0,pbp
401507327,,tiffany hayes,9.0,4.0,13.0,pbp
401507327,,tyasha harris,3.0,2.0,5.0,pbp
401507328,,aliyah boston,6.0,6.0,12.0,pbp
401507328,,dulcy fankam mendjiadeu,4.0,0.0,4.0,pbp
401507328,,emma cannon,2.0,2.0,4.0,pbp
401507328,,erica wheeler,2.0,0.0,2.0,pbp
401507328,,ezi magbegor,11.0,8.0,19.0,pbp
401507328,,grace berger,7.0,7.0,14.0,pbp
401507328,,jade melbourne,3.0,0.0,3.0,pbp
401507328,,jewell loyd,7.0,25.0,32.0,pbp
401507328,,jordan horston,5.0,4.0,9.0,pbp
401507328,,joyner holmes,4.0,0.0,4.0,pbp
401507328,,kelsey mitchell,15.0,20.0,35.0,pbp
401507328,,kia nurse,1.0,3.0,4.0,pbp
401507328,,kristy wallace,3.0,0.0,3.0,pbp
401507328,,mercedes russell,0.0,1.0,1.0,pbp
401507328,,nalyssa smith,7.0,9.0,16.0,pbp
401507328,,sami whitcomb,3.0,7.0,10.0,pbp
401507328,,victoria vivians,3.0,0.0,3.0,pbp
401507329,,a'ja wilson,12.0,6.0,18.0,pbp
401507329,,alanna smith,3.0,5.0,8.0,pbp
401507329,,alysha clark,2.0,5.0,7.0,pbp
401507329,,cayla george,3.0,0.0,3.0,pbp
401507329,,chelsea gray,8.0,11.0,19.0,pbp
401507329,,courtney williams,6.0,3.0,9.0,pbp
401507329,,dana evans,4.0,4.0,8.0,pbp
401507329,,elizabeth williams,8.0,9.0,17.0,pbp
401507329,,jackie young,8.0,16.0,24.0,pbp
401507329,,kahleah copper,8.0,5.0,13.0,pbp
401507329,,kelsey plum,4.0,19.0,23.0,pbp
401507329,,marina mabrey,14.0,7.0,21.0,pbp
401507329,,robyn parks,0.0,4.0,4.0,pbp
401507329,,ruthy hebard,6.0,0.0,6.0,pbp
401507330,,arike ogunbowale,5.0,5.0,10.0,pbp
401507330,,awak kuier,11.0,1.0,12.0,pbp
401507330,,bridget carleton,2.0,0.0,2.0,pbp
401507330,,crystal dangerfield,4.0,2.0,6.0,pbp
401507330,,diamond miller,6.0,2.0,8.0,pbp
401507330,,dorka juhasz,4.0,5.0,9.0,pbp
401507330,,jessica shepard,2.0,2.0,4.0,pbp
401507330,,kalani brown,3.0,4.0,7.0,pbp
401507330,,kayla mcbride,11.0,9.0,20.0,pbp
401507330,,maddy siegrist,4.0,5.0,9.0,pbp
401507330,,napheesa collier,10.0,15.0,25.0,pbp
401507330,,natasha howard,6.0,4.0,10.0,pbp
401507330,,nikolina milic,3.0,0.0,3.0,pbp
401507330,,odyssey sims,2.0,0.0,2.0,pbp
401507330,,rachel banham,6.0,2.0,8.0,pbp
401507330,,teaira mccowan,11.0,12.0,23.0,pbp
401507330,,tiffany mitchell,6.0,5.0,11.0,pbp
401507330,,veronica burton,2.0,0.0,2.0,pbp
401507331,,aari mcdonald,5.0,2.0,7.0,pbp
401507331,,ad durr,8.0,0.0,8.0,pbp
401507331,,azura stevens,16.0,2.0,18.0,pbp
401507331,,cheyenne parker,14.0,8.0,22.0,pbp
401507331,,danielle robinson,4.0,8.0,12.0,pbp
401507331,,dearica hamby,0.0,5.0,5.0,pbp
401507331,,jordin canada,11.0,4.0,15.0,pbp
401507331,,karlie samuelson,0.0,2.0,2.0,pbp
401507331,,layshia clarendon,2.0,12.0,14.0,pbp
401507331,,monique billings,8.0,2.0,10.0,pbp
401507331,,naz hillmon,2.0,2.0,4.0,pbp
401507331,,nneka ogwumike,10.0,19.0,29.0,pbp
401507331,,rhyne howard,11.0,4.0,15.0,pbp
401507332,,a'ja wilson,8.0,6.0,14.0,pbp
401507332,,ariel atkins,5.0,11.0,16.0,pbp
401507332,,brittney sykes,2.0,12.0,14.0,pbp
401507332,,cayla george,2.0,3.0,5.0,pbp
401507332,,chelsea gray,5.0,2.0,7.0,pbp
401507332,,elena delle donne,8.0,13.0,21.0,pbp
401507332,,jackie young,6.0,4.0,10.0,pbp
401507332,,kelsey plum,9.0,12.0,21.0,pbp
401507332,,kiah stokes,0.0,2.0,2.0,pbp
401507332,,li meng,2.0,2.0,4.0,pbp
401507332,,myisha hines-allen,4.0,0.0,4.0,pbp
401507332,,natasha cloud,0.0,7.0,7.0,pbp
401507332,,shakira austin,4.0,1.0,5.0,pbp
401507332,,shatori walker-kimbrough,2.0,0.0,2.0,pbp
401507332,,sydney colson,0.0,3.0,3.0,pbp
401507332,,tianna hawkins,0.0,5.0,5.0,pbp
401507333,,aerial powers,0.0,14.0,14.0,pbp
401507333,,betnijah laney,11.0,4.0,15.0,pbp
401507333,,breanna stewart,24.0,10.0,34.0,pbp
401507333,,bridget carleton,2.0,0.0,2.0,pbp
401507333,,courtney vandersloot,8.0,7.0,15.0,pbp
401507333,,diamond miller,8.0,8.0,16.0,pbp
401507333,,dorka juhasz,2.0,5.0,7.0,pbp
401507333,,han xu,0.0,6.0,6.0,pbp
401507333,,jessica shepard,4.0,2.0,6.0,pbp
401507333,,jonquel jones,2.0,2.0,4.0,pbp
401507333,,kayla mcbride,9.0,0.0,9.0,pbp
401507333,,kayla thornton,3.0,4.0,7.0,pbp
401507333,,napheesa collier,8.0,2.0,10.0,pbp
401507333,,nikolina milic,2.0,2.0,4.0,pbp
401507333,,nyara sabally,0.0,2.0,2.0,pbp
401507333,,rachel banham,0.0,5.0,5.0,pbp
401507333,,sabrina ionescu,12.0,7.0,19.0,pbp
401507333,,stefanie dolson,2.0,3.0,5.0,pbp
401507334,,alyssa thomas,12.0,5.0,17.0,pbp
401507334,,azura stevens,12.0,5.0,17.0,pbp
401507334,,dearica hamby,0.0,4.0,4.0,pbp
401507334,,dewanna bonner,8.0,4.0,12.0,pbp
401507334,,jordin canada,4.0,4.0,8.0,pbp
401507334,,karlie samuelson,3.0,6.0,9.0,pbp
401507334,,layshia clarendon,11.0,2.0,13.0,pbp
401507334,,natisha hiedeman,5.0,7.0,12.0,pbp
401507334,,nneka ogwumike,6.0,5.0,11.0,pbp
401507334,,olivia nelson-ododa,6.0,5.0,11.0,pbp
401507334,,rae burrell,0.0,2.0,2.0,pbp
401507334,,rebecca allen,5.0,9.0,14.0,pbp
401507334,,tiffany hayes,7.0,4.0,11.0,pbp
401507334,,tyasha harris,0.0,6.0,6.0,pbp
401507334,,zia cooke,2.0,2.0,4.0,pbp
401507335,,aari mcdonald,5.0,4.0,9.0,pbp
401507335,,ad durr,0.0,2.0,2.0,pbp
401507335,,aliyah boston,9.0,0.0,9.0,pbp
401507335,,allisha gray,6.0,7.0,13.0,pbp
401507335,,amanda zahui b.,3.0,2.0,5.0,pbp
401507335,,cheyenne parker,12.0,12.0,24.0,pbp
401507335,,danielle robinson,1.0,0.0,1.0,pbp
401507335,,emma cannon,4.0,5.0,9.0,pbp
401507335,,grace berger,3.0,9.0,12.0,pbp
401507335,,kelsey mitchell,7.0,7.0,14.0,pbp
401507335,,kristy wallace,8.0,12.0,20.0,pbp
401507335,,monique billings,2.0,0.0,2.0,pbp
401507335,,nalyssa smith,8.0,0.0,8.0,pbp
401507335,,naz hillmon,0.0,12.0,12.0,pbp
401507335,,rhyne howard,11.0,6.0,17.0,pbp
401507335,,victaria saxton,0.0,1.0,1.0,pbp
401507335,,victoria vivians,5.0,0.0,5.0,pbp
401507336,,arike ogunbowale,17.0,11.0,28.0,pbp
401507336,,awak kuier,4.0,1.0,5.0,pbp
401507336,,brianna turner,4.0,0.0,4.0,pbp
401507336,,brittney griner,10.0,9.0,19.0,pbp
401507336,,crystal dangerfield,2.0,7.0,9.0,pbp
401507336,,kadi sissoko,2.0,0.0,2.0,pbp
401507336,,kalani brown,6.0,6.0,12.0,pbp
401507336,,maddy siegrist,0.0,2.0,2.0,pbp
401507336,,madi williams,2.0,0.0,2.0,pbp
401507336,,megan gustafson,7.0,4.0,11.0,pbp
401507336,,michaela onyenwere,2.0,3.0,5.0,pbp
401507336,,moriah jefferson,8.0,12.0,20.0,pbp
401507336,,natasha howard,4.0,7.0,11.0,pbp
401507336,,odyssey sims,2.0,0.0,2.0,pbp
401507336,,sophie cunningham,0.0,2.0,2.0,pbp
401507336,,sug sutton,7.0,2.0,9.0,pbp
401507336,,teaira mccowan,0.0,7.0,7.0,pbp
401507337,,courtney williams,5.0,5.0,10.0,pbp
401507337,,dana evans,5.0,9.0,14.0,pbp
401507337,,dulcy fankam mendjiadeu,2.0,2.0,4.0,pbp
401507337,,elizabeth williams,11.0,12.0,23.0,pbp
401507337,,ezi magbegor,2.0,13.0,15.0,pbp
401507337,,jewell loyd,17.0,2.0,19.0,pbp
401507337,,jordan horston,4.0,0.0,4.0,pbp
401507337,,joyner holmes,5.0,2.0,7.0,pbp
401507337,,kahleah copper,6.0,12.0,18.0,pbp
401507337,,marina mabrey,12.0,4.0,16.0,pbp
401507337,,mercedes russell,13.0,0.0,13.0,pbp
401507337,,morgan bertsch,4.0,2.0,6.0,pbp
401507337,,robyn parks,3.0,0.0,3.0,pbp
401507337,,sami whitcomb,8.0,11.0,19.0,pbp
401507337,,yvonne turner,4.0,0.0,4.0,pbp
401507338,,a'ja wilson,15.0,8.0,23.0,pbp
401507338,,alysha clark,3.0,4.0,7.0,pbp
401507338,,betnijah laney,2.0,15.0,17.0,pbp
401507338,,breanna stewart,8.0,12.0,20.0,pbp
401507338,,chelsea gray,6.0,10.0,16.0,pbp
401507338,,courtney vandersloot,10.0,7.0,17.0,pbp
401507338,,jackie young,7.0,15.0,22.0,pbp
401507338,,jonquel jones,2.0,2.0,4.0,pbp
401507338,,kelsey plum,3.0,6.0,9.0,pbp
401507338,,marine johannes,5.0,3.0,8.0,pbp
401507338,,sabrina ionescu,17.0,8.0,25.0,pbp
401507338,,stefanie dolson,3.0,0.0,3.0,pbp
401507338,,sydney colson,0.0,6.0,6.0,pbp
401507339,,aari mcdonald,9.0,4.0,13.0,pbp
401507339,,allisha gray,13.0,5.0,18.0,pbp
401507339,,ashley joens,0.0,3.0,3.0,pbp
401507339,,brianna turner,2.0,0.0,2.0,pbp
401507339,,brittney griner,8.0,8.0,16.0,pbp
401507339,,cheyenne parker,8.0,17.0,25.0,pbp
401507339,,danielle robinson,7.0,0.0,7.0,pbp
401507339,,kadi sissoko,0.0,5.0,5.0,pbp
401507339,,laeticia amihere,0.0,2.0,2.0,pbp
401507339,,madi williams,2.0,4.0,6.0,pbp
401507339,,megan gustafson,2.0,4.0,6.0,pbp
401507339,,michaela onyenwere,0.0,2.0,2.0,pbp
401507339,,monique billings,4.0,4.0,8.0,pbp
401507339,,moriah jefferson,8.0,8.0,16.0,pbp
401507339,,naz hillmon,6.0,0.0,6.0,pbp
401507339,,rhyne howard,7.0,8.0,15.0,pbp
401507339,,sug sutton,4.0,16.0,20.0,pbp
401507340,,aerial powers,5.0,0.0,5.0,pbp
401507340,,ariel atkins,9.0,4.0,13.0,pbp
401507340,,brittney sykes,11.0,10.0,21.0,pbp
401507340,,diamond miller,9.0,16.0,25.0,pbp
401507340,,dorka juhasz,6.0,2.0,8.0,pbp
401507340,,elena delle donne,6.0,4.0,10.0,pbp
401507340,,kayla mcbride,6.0,3.0,9.0,pbp
401507340,,li meng,0.0,6.0,6.0,pbp
401507340,,napheesa collier,6.0,11.0,17.0,pbp
401507340,,natasha cloud,1.0,11.0,12.0,pbp
401507340,,nikolina milic,2.0,0.0,2.0,pbp
401507340,,rachel banham,3.0,3.0,6.0,pbp
401507340,,shakira austin,4.0,3.0,7.0,pbp
401507340,,shatori walker-kimbrough,5.0,0.0,5.0,pbp
401507340,,tianna hawkins,6.0,3.0,9.0,pbp
401507341,,azura stevens,7.0,2.0,9.0,pbp
401507341,,courtney williams,7.0,0.0,7.0,pbp
401507341,,dana evans,2.0,5.0,7.0,pbp
401507341,,dearica hamby,7.0,2.0,9.0,pbp
401507341,,elizabeth williams,6.0,2.0,8.0,pbp
401507341,,jasmine thomas,3.0,0.0,3.0,pbp
401507341,,jordin canada,9.0,7.0,16.0,pbp
401507341,,kahleah copper,7.0,15.0,22.0,pbp
401507341,,karlie samuelson,5.0,6.0,11.0,pbp
401507341,,marina mabrey,10.0,3.0,13.0,pbp
401507341,,morgan bertsch,10.0,2.0,12.0,pbp
401507341,,nneka ogwumike,10.0,8.0,18.0,pbp
401507341,,robyn parks,0.0,2.0,2.0,pbp
401507341,,sika kone,0.0,4.0,4.0,pbp
401507341,,zia cooke,2.0,7.0,9.0,pbp
401507342,,alyssa thomas,4.0,8.0,12.0,pbp
401507342,,ashley joens,0.0,8.0,8.0,pbp
401507342,,brianna turner,4.0,0.0,4.0,pbp
401507342,,brittney griner,9.0,6.0,15.0,pbp
401507342,,dewanna bonner,15.0,0.0,15.0,pbp
401507342,,kadi sissoko,4.0,0.0,4.0,pbp
401507342,,megan gustafson,8.0,2.0,10.0,pbp
401507342,,michaela onyenwere,7.0,4.0,11.0,pbp
401507342,,moriah jefferson,2.0,6.0,8.0,pbp
401507342,,natisha hiedeman,9.0,8.0,17.0,pbp
401507342,,olivia nelson-ododa,2.0,4.0,6.0,pbp
401507342,,rebecca allen,2.0,0.0,2.0,pbp
401507342,,sug sutton,7.0,6.0,13.0,pbp
401507342,,tiffany hayes,2.0,11.0,13.0,pbp
401507342,,tyasha harris,3.0,15.0,18.0,pbp
401507343,,a'ja wilson,19.0,7.0,26.0,pbp
401507343,,alysha clark,0.0,11.0,11.0,pbp
401507343,,ariel atkins,8.0,0.0,8.0,pbp
401507343,,brittney sykes,8.0,8.0,16.0,pbp
401507343,,cayla george,3.0,0.0,3.0,pbp
401507343,,chelsea gray,12.0,8.0,20.0,pbp
401507343,,elena delle donne,3.0,14.0,17.0,pbp
401507343,,jackie young,0.0,7.0,7.0,pbp
401507343,,kelsey plum,1.0,11.0,12.0,pbp
401507343,,kristi toliver,0.0,2.0,2.0,pbp
401507343,,li meng,0.0,3.0,3.0,pbp
401507343,,myisha hines-allen,3.0,2.0,5.0,pbp
401507343,,natasha cloud,4.0,8.0,12.0,pbp
401507343,,shakira austin,4.0,3.0,7.0,pbp
401507343,,shatori walker-kimbrough,0.0,3.0,3.0,pbp
401507343,,sydney colson,4.0,0.0,4.0,pbp
401507343,,tianna hawkins,0.0,2.0,2.0,pbp
401507344,,azura stevens,6.0,2.0,8.0,pbp
401507344,,dearica hamby,5.0,1.0,6.0,pbp
401507344,,dulcy fankam mendjiadeu,1.0,2.0,3.0,pbp
401507344,,ezi magbegor,2.0,4.0,6.0,pbp
401507344,,jewell loyd,7.0,17.0,24.0,pbp
401507344,,jordan horston,8.0,1.0,9.0,pbp
401507344,,jordin canada,2.0,6.0,8.0,pbp
401507344,,joyner holmes,2.0,0.0,2.0,pbp
401507344,,karlie samuelson,4.0,6.0,10.0,pbp
401507344,,kia nurse,0.0,9.0,9.0,pbp
401507344,,mercedes russell,4.0,0.0,4.0,pbp
401507344,,nneka ogwumike,8.0,3.0,11.0,pbp
401507344,,rae burrell,4.0,6.0,10.0,pbp
401507344,,sami whitcomb,14.0,0.0,14.0,pbp
401507344,,zia cooke,0.0,8.0,8.0,pbp
401507345,,aliyah boston,14.0,13.0,27.0,pbp
401507345,,arike ogunbowale,17.0,6.0,23.0,pbp
401507345,,awak kuier,2.0,8.0,10.0,pbp
401507345,,crystal dangerfield,5.0,0.0,5.0,pbp
401507345,,emma cannon,2.0,0.0,2.0,pbp
401507345,,erica wheeler,5.0,7.0,12.0,pbp
401507345,,kalani brown,3.0,7.0,10.0,pbp
401507345,,kelsey mitchell,10.0,14.0,24.0,pbp
401507345,,kristy wallace,2.0,12.0,14.0,pbp
401507345,,maddy siegrist,2.0,4.0,6.0,pbp
401507345,,nalyssa smith,10.0,8.0,18.0,pbp
401507345,,odyssey sims,4.0,2.0,6.0,pbp
401507345,,satou sabally,12.0,28.0,40.0,pbp
401507345,,teaira mccowan,6.0,0.0,6.0,pbp
401507345,,veronica burton,2.0,0.0,2.0,pbp
401507345,,victoria vivians,2.0,0.0,2.0,pbp
401507346,,alyssa thomas,8.0,0.0,8.0,pbp
401507346,,bernadett hatar,2.0,2.0,4.0,pbp
401507346,,betnijah laney,16.0,3.0,19.0,pbp
401507346,,breanna stewart,12.0,2.0,14.0,pbp
401507346,,courtney vandersloot,5.0,8.0,13.0,pbp
401507346,,dewanna bonner,6.0,3.0,9.0,pbp
401507346,,han xu,0.0,2.0,2.0,pbp
401507346,,jonquel jones,5.0,5.0,10.0,pbp
401507346,,kayla thornton,0.0,4.0,4.0,pbp
401507346,,leigha brown,0.0,5.0,5.0,pbp
401507346,,marine johannes,7.0,11.0,18.0,pbp
401507346,,natisha hiedeman,3.0,0.0,3.0,pbp
401507346,,nyara sabally,0.0,3.0,3.0,pbp
401507346,,olivia nelson-ododa,4.0,6.0,10.0,pbp
401507346,,rebecca allen,0.0,4.0,4.0,pbp
401507346,,stefanie dolson,4.0,2.0,6.0,pbp
401507346,,tiffany hayes,6.0,4.0,10.0,pbp
401507346,,tyasha harris,3.0,1.0,4.0,pbp
401507347,,aari mcdonald,4.0,10.0,14.0,pbp
401507347,,aerial powers,0.0,2.0,2.0,pbp
401507347,,allisha gray,9.0,2.0,11.0,pbp
401507347,,cheyenne parker,10.0,10.0,20.0,pbp
401507347,,danielle robinson,0.0,4.0,4.0,pbp
401507347,,diamond miller,3.0,0.0,3.0,pbp
401507347,,dorka juhasz,6.0,6.0,12.0,pbp
401507347,,haley jones,2.0,0.0,2.0,pbp
401507347,,iliana rupert,3.0,0.0,3.0,pbp
401507347,,kayla mcbride,9.0,11.0,20.0,pbp
401507347,,monique billings,0.0,2.0,2.0,pbp
401507347,,napheesa collier,7.0,20.0,27.0,pbp
401507347,,naz hillmon,5.0,8.0,13.0,pbp
401507347,,nikolina milic,10.0,0.0,10.0,pbp
401507347,,rachel banham,6.0,6.0,12.0,pbp
401507347,,rhyne howard,10.0,6.0,16.0,pbp
401507347,,tiffany mitchell,2.0,3.0,5.0,pbp
401507348,,a'ja wilson,21.0,9.0,30.0,pbp
401507348,,alysha clark,5.0,11.0,16.0,pbp
401507348,,cayla george,0.0,2.0,2.0,pbp
401507348,,chelsea gray,11.0,3.0,14.0,pbp
401507348,,ezi magbegor,5.0,7.0,12.0,pbp
401507348,,jackie young,6.0,15.0,21.0,pbp
401507348,,jewell loyd,19.0,7.0,26.0,pbp
401507348,,jordan horston,4.0,2.0,6.0,pbp
401507348,,joyner holmes,4.0,0.0,4.0,pbp
401507348,,kelsey plum,4.0,11.0,15.0,pbp
401507348,,kiah stokes,2.0,0.0,2.0,pbp
401507348,,kierstan bell,0.0,2.0,2.0,pbp
401507348,,mercedes russell,4.0,3.0,7.0,pbp
401507348,,sami whitcomb,5.0,8.0,13.0,pbp
401507348,,yvonne turner,0.0,6.0,6.0,pbp
401507349,,betnijah laney,6.0,11.0,17.0,pbp
401507349,,breanna stewart,11.0,15.0,26.0,pbp
401507349,,courtney vandersloot,10.0,10.0,20.0,pbp
401507349,,courtney williams,0.0,5.0,5.0,pbp
401507349,,dana evans,2.0,3.0,5.0,pbp
401507349,,elizabeth williams,4.0,0.0,4.0,pbp
401507349,,jocelyn willoughby,5.0,5.0,10.0,pbp
401507349,,jonquel jones,4.0,2.0,6.0,pbp
401507349,,kahleah copper,13.0,10.0,23.0,pbp
401507349,,kayla thornton,0.0,2.0,2.0,pbp
401507349,,marina mabrey,9.0,2.0,11.0,pbp
401507349,,marine johannes,3.0,0.0,3.0,pbp
401507349,,morgan bertsch,2.0,0.0,2.0,pbp
401507349,,robyn parks,5.0,5.0,10.0,pbp
401507349,,ruthy hebard,0.0,2.0,2.0,pbp
401507349,,sika kone,0.0,6.0,6.0,pbp
401507349,,stefanie dolson,2.0,0.0,2.0,pbp
401507350,,aliyah boston,7.0,6.0,13.0,pbp
401507350,,arike ogunbowale,9.0,10.0,19.0,pbp
401507350,,crystal dangerfield,2.0,9.0,11.0,pbp
401507350,,erica wheeler,7.0,2.0,9.0,pbp
401507350,,grace berger,2.0,2.0,4.0,pbp
401507350,,kelsey mitchell,10.0,19.0,29.0,pbp
401507350,,kristy wallace,2.0,0.0,2.0,pbp
401507350,,maddy siegrist,2.0,0.0,2.0,pbp
401507350,,nalyssa smith,10.0,20.0,30.0,pbp
401507350,,natasha howard,7.0,8.0,15.0,pbp
401507350,,satou sabally,10.0,12.0,22.0,pbp
401507350,,teaira mccowan,5.0,7.0,12.0,pbp
401507350,,victoria vivians,0.0,9.0,9.0,pbp
401507351,,aerial powers,3.0,0.0,3.0,pbp
401507351,,ashley joens,0.0,3.0,3.0,pbp
401507351,,bridget carleton,3.0,3.0,6.0,pbp
401507351,,brittney griner,7.0,10.0,17.0,pbp
401507351,,diamond miller,2.0,5.0,7.0,pbp
401507351,,dorka juhasz,5.0,5.0,10.0,pbp
401507351,,kadi sissoko,5.0,0.0,5.0,pbp
401507351,,kayla mcbride,9.0,14.0,23.0,pbp
401507351,,megan gustafson,0.0,1.0,1.0,pbp
401507351,,michaela onyenwere,7.0,2.0,9.0,pbp
401507351,,moriah jefferson,16.0,16.0,32.0,pbp
401507351,,napheesa collier,7.0,15.0,22.0,pbp
401507351,,nikolina milic,2.0,3.0,5.0,pbp
401507351,,rachel banham,7.0,0.0,7.0,pbp
401507351,,sug sutton,5.0,0.0,5.0,pbp
401507351,,tiffany mitchell,3.0,0.0,3.0,pbp
401507352,,azura stevens,7.0,2.0,9.0,pbp
401507352,,brittney sykes,8.0,6.0,14.0,pbp
401507352,,dearica hamby,7.0,5.0,12.0,pbp
401507352,,elena delle donne,4.0,4.0,8.0,pbp
401507352,,jasmine thomas,2.0,5.0,7.0,pbp
401507352,,jordin canada,4.0,10.0,14.0,pbp
401507352,,karlie samuelson,3.0,5.0,8.0,pbp
401507352,,kristi toliver,2.0,0.0,2.0,pbp
401507352,,layshia clarendon,8.0,7.0,15.0,pbp
401507352,,li meng,5.0,6.0,11.0,pbp
401507352,,myisha hines-allen,5.0,6.0,11.0,pbp
401507352,,natasha cloud,5.0,2.0,7.0,pbp
401507352,,queen egbo,0.0,2.0,2.0,pbp
401507352,,rae burrell,2.0,0.0,2.0,pbp
401507352,,tianna hawkins,4.0,4.0,8.0,pbp
401507352,,zia cooke,5.0,0.0,5.0,pbp
401507353,,alyssa thomas,10.0,17.0,27.0,pbp
401507353,,azura stevens,13.0,5.0,18.0,pbp
401507353,,dearica hamby,10.0,8.0,18.0,pbp
401507353,,dewanna bonner,15.0,10.0,25.0,pbp
401507353,,evina westbrook,0.0,2.0,2.0,pbp
401507353,,jasmine thomas,2.0,0.0,2.0,pbp
401507353,,jordin canada,4.0,6.0,10.0,pbp
401507353,,layshia clarendon,4.0,9.0,13.0,pbp
401507353,,natisha hiedeman,3.0,0.0,3.0,pbp
401507353,,olivia nelson-ododa,3.0,4.0,7.0,pbp
401507353,,rae burrell,3.0,10.0,13.0,pbp
401507353,,rebecca allen,5.0,0.0,5.0,pbp
401507353,,tiffany hayes,8.0,4.0,12.0,pbp
401507353,,tyasha harris,5.0,5.0,10.0,pbp
401507354,,alanna smith,4.0,0.0,4.0,pbp
401507354,,aliyah boston,2.0,4.0,6.0,pbp
401507354,,amanda zahui b.,0.0,3.0,3.0,pbp
401507354,,courtney williams,10.0,7.0,17.0,pbp
401507354,,dana evans,3.0,2.0,5.0,pbp
401507354,,elizabeth williams,2.0,0.0,2.0,pbp
401507354,,emma cannon,2.0,8.0,10.0,pbp
401507354,,erica wheeler,4.0,2.0,6.0,pbp
401507354,,grace berger,2.0,2.0,4.0,pbp
401507354,,kahleah copper,18.0,6.0,24.0,pbp
401507354,,kelsey mitchell,8.0,2.0,10.0,pbp
401507354,,marina mabrey,10.0,7.0,17.0,pbp
401507354,,maya caldwell,2.0,4.0,6.0,pbp
401507354,,nalyssa smith,10.0,5.0,15.0,pbp
401507354,,robyn parks,0.0,10.0,10.0,pbp
401507354,,ruthy hebard,2.0,5.0,7.0,pbp
401507354,,sika kone,0.0,6.0,6.0,pbp
401507354,,taylor soule,0.0,2.0,2.0,pbp
401507354,,victaria saxton,0.0,2.0,2.0,pbp
401507354,,victoria vivians,3.0,3.0,6.0,pbp
401507355,,arike ogunbowale,13.0,4.0,17.0,pbp
401507355,,awak kuier,3.0,2.0,5.0,pbp
401507355,,betnijah laney,11.0,11.0,22.0,pbp
401507355,,breanna stewart,17.0,23.0,40.0,pbp
401507355,,courtney vandersloot,14.0,2.0,16.0,pbp
401507355,,crystal dangerfield,6.0,6.0,12.0,pbp
401507355,,jonquel jones,4.0,3.0,7.0,pbp
401507355,,kalani brown,4.0,0.0,4.0,pbp
401507355,,kayla thornton,2.0,0.0,2.0,pbp
401507355,,maddy siegrist,0.0,1.0,1.0,pbp
401507355,,natasha howard,8.0,6.0,14.0,pbp
401507355,,sabrina ionescu,5.0,0.0,5.0,pbp
401507355,,satou sabally,15.0,12.0,27.0,pbp
401507355,,stefanie dolson,0.0,2.0,2.0,pbp
401507355,,teaira mccowan,0.0,11.0,11.0,pbp
401507356,,ashley joens,6.0,2.0,8.0,pbp
401507356,,brianna turner,2.0,0.0,2.0,pbp
401507356,,brittney griner,6.0,10.0,16.0,pbp
401507356,,brittney sykes,13.0,5.0,18.0,pbp
401507356,,elena delle donne,16.0,8.0,24.0,pbp
401507356,,kadi sissoko,0.0,2.0,2.0,pbp
401507356,,li meng,3.0,7.0,10.0,pbp
401507356,,megan gustafson,6.0,7.0,13.0,pbp
401507356,,michaela onyenwere,0.0,19.0,19.0,pbp
401507356,,moriah jefferson,11.0,0.0,11.0,pbp
401507356,,myisha hines-allen,2.0,2.0,4.0,pbp
401507356,,natasha cloud,9.0,10.0,19.0,pbp
401507356,,queen egbo,0.0,4.0,4.0,pbp
401507356,,shatori walker-kimbrough,5.0,12.0,17.0,pbp
401507356,,sug sutton,2.0,4.0,6.0,pbp
401507356,,tianna hawkins,2.0,0.0,2.0,pbp
401507357,,aari mcdonald,0.0,5.0,5.0,pbp
401507357,,ad durr,2.0,0.0,2.0,pbp
401507357,,allisha gray,10.0,8.0,18.0,pbp
401507357,,cheyenne parker,11.0,6.0,17.0,pbp
401507357,,danielle robinson,6.0,3.0,9.0,pbp
401507357,,dulcy fankam mendjiadeu,2.0,0.0,2.0,pbp
401507357,,ezi magbegor,6.0,6.0,12.0,pbp
401507357,,iliana rupert,3.0,0.0,3.0,pbp
401507357,,jewell loyd,12.0,14.0,26.0,pbp
401507357,,kia nurse,5.0,2.0,7.0,pbp
401507357,,mercedes russell,6.0,2.0,8.0,pbp
401507357,,monique billings,8.0,7.0,15.0,pbp
401507357,,rhyne howard,7.0,3.0,10.0,pbp
401507357,,sami whitcomb,9.0,4.0,13.0,pbp
401507358,,azura stevens,11.0,7.0,18.0,pbp
401507358,,betnijah laney,11.0,9.0,20.0,pbp
401507358,,breanna stewart,21.0,4.0,25.0,pbp
401507358,,courtney vandersloot,4.0,2.0,6.0,pbp
401507358,,dearica hamby,11.0,0.0,11.0,pbp
401507358,,jonquel jones,2.0,2.0,4.0,pbp
401507358,,jordin canada,4.0,6.0,10.0,pbp
401507358,,kayla thornton,3.0,3.0,6.0,pbp
401507358,,layshia clarendon,12.0,18.0,30.0,pbp
401507358,,marine johannes,0.0,2.0,2.0,pbp
401507358,,rae burrell,10.0,8.0,18.0,pbp
401507358,,sabrina ionescu,0.0,16.0,16.0,pbp
401507358,,stefanie dolson,2.0,15.0,17.0,pbp
401507358,,zia cooke,2.0,0.0,2.0,pbp
401507359,,aliyah boston,6.0,1.0,7.0,pbp
401507359,,alyssa thomas,3.0,7.0,10.0,pbp
401507359,,amanda zahui b.,2.0,0.0,2.0,pbp
401507359,,dewanna bonner,5.0,4.0,9.0,pbp
401507359,,dijonai carrington,2.0,8.0,10.0,pbp
401507359,,emma cannon,0.0,4.0,4.0,pbp
401507359,,erica wheeler,9.0,5.0,14.0,pbp
401507359,,grace berger,0.0,2.0,2.0,pbp
401507359,,kelsey mitchell,7.0,8.0,15.0,pbp
401507359,,leigha brown,0.0,2.0,2.0,pbp
401507359,,maya caldwell,0.0,1.0,1.0,pbp
401507359,,nalyssa smith,7.0,7.0,14.0,pbp
401507359,,natisha hiedeman,10.0,0.0,10.0,pbp
401507359,,olivia nelson-ododa,4.0,2.0,6.0,pbp
401507359,,rebecca allen,8.0,0.0,8.0,pbp
401507359,,tiffany hayes,0.0,14.0,14.0,pbp
401507359,,tyasha harris,4.0,2.0,6.0,pbp
401507360,,allisha gray,7.0,10.0,17.0,pbp
401507360,,brittney sykes,7.0,20.0,27.0,pbp
401507360,,cheyenne parker,8.0,9.0,17.0,pbp
401507360,,danielle robinson,2.0,4.0,6.0,pbp
401507360,,elena delle donne,7.0,6.0,13.0,pbp
401507360,,haley jones,7.0,0.0,7.0,pbp
401507360,,li meng,3.0,0.0,3.0,pbp
401507360,,monique billings,2.0,4.0,6.0,pbp
401507360,,myisha hines-allen,5.0,4.0,9.0,pbp
401507360,,natasha cloud,0.0,7.0,7.0,pbp
401507360,,naz hillmon,6.0,0.0,6.0,pbp
401507360,,rhyne howard,10.0,11.0,21.0,pbp
401507360,,shatori walker-kimbrough,8.0,3.0,11.0,pbp
401507360,,tianna hawkins,5.0,0.0,5.0,pbp
401507361,,alanna smith,8.0,3.0,11.0,pbp
401507361,,courtney williams,5.0,8.0,13.0,pbp
401507361,,dana evans,7.0,2.0,9.0,pbp
401507361,,diamond miller,6.0,16.0,22.0,pbp
401507361,,dorka juhasz,4.0,4.0,8.0,pbp
401507361,,elizabeth williams,2.0,2.0,4.0,pbp
401507361,,kahleah copper,8.0,12.0,20.0,pbp
401507361,,kayla mcbride,4.0,11.0,15.0,pbp
401507361,,marina mabrey,7.0,10.0,17.0,pbp
401507361,,napheesa collier,17.0,11.0,28.0,pbp
401507361,,nikolina milic,0.0,1.0,1.0,pbp
401507361,,ruthy hebard,6.0,4.0,10.0,pbp
401507361,,sika kone,0.0,6.0,6.0,pbp
401507361,,tiffany mitchell,6.0,3.0,9.0,pbp
401507362,,arike ogunbowale,12.0,7.0,19.0,pbp
401507362,,awak kuier,0.0,7.0,7.0,pbp
401507362,,ezi magbegor,8.0,6.0,14.0,pbp
401507362,,jade melbourne,0.0,2.0,2.0,pbp
401507362,,jewell loyd,17.0,15.0,32.0,pbp
401507362,,jordan horston,2.0,3.0,5.0,pbp
401507362,,kalani brown,4.0,8.0,12.0,pbp
401507362,,kia nurse,5.0,14.0,19.0,pbp
401507362,,mercedes russell,8.0,4.0,12.0,pbp
401507362,,natasha howard,16.0,7.0,23.0,pbp
401507362,,odyssey sims,0.0,1.0,1.0,pbp
401507362,,sami whitcomb,3.0,2.0,5.0,pbp
401507362,,satou sabally,7.0,14.0,21.0,pbp
401507362,,teaira mccowan,12.0,4.0,16.0,pbp
401507362,,veronica burton,5.0,2.0,7.0,pbp
401507363,,a'ja wilson,14.0,16.0,30.0,pbp
401507363,,alysha clark,3.0,0.0,3.0,pbp
401507363,,ashley joens,0.0,5.0,5.0,pbp
401507363,,brianna turner,2.0,4.0,6.0,pbp
401507363,,brittney griner,8.0,2.0,10.0,pbp
401507363,,cayla george,3.0,0.0,3.0,pbp
401507363,,chelsea gray,10.0,4.0,14.0,pbp
401507363,,jackie young,10.0,7.0,17.0,pbp
401507363,,kadi sissoko,4.0,0.0,4.0,pbp
401507363,,kelsey plum,4.0,13.0,17.0,pbp
401507363,,kiah stokes,4.0,0.0,4.0,pbp
401507363,,kierstan bell,0.0,2.0,2.0,pbp
401507363,,megan gustafson,9.0,5.0,14.0,pbp
401507363,,michaela onyenwere,0.0,5.0,5.0,pbp
401507363,,moriah jefferson,8.0,3.0,11.0,pbp
401507363,,sug sutton,0.0,18.0,18.0,pbp
401507363,,sydney colson,0.0,3.0,3.0,pbp
401507364,,aari mcdonald,3.0,2.0,5.0,pbp
401507364,,allisha gray,10.0,3.0,13.0,pbp
401507364,,arike ogunbowale,12.0,20.0,32.0,pbp
401507364,,awak kuier,2.0,2.0,4.0,pbp
401507364,,cheyenne parker,4.0,9.0,13.0,pbp
401507364,,crystal dangerfield,3.0,0.0,3.0,pbp
401507364,,danielle robinson,2.0,4.0,6.0,pbp
401507364,,haley jones,0.0,1.0,1.0,pbp
401507364,,iliana rupert,0.0,3.0,3.0,pbp
401507364,,kalani brown,8.0,2.0,10.0,pbp
401507364,,maddy siegrist,0.0,2.0,2.0,pbp
401507364,,monique billings,6.0,2.0,8.0,pbp
401507364,,natasha howard,7.0,8.0,15.0,pbp
401507364,,naz hillmon,6.0,2.0,8.0,pbp
401507364,,odyssey sims,0.0,4.0,4.0,pbp
401507364,,rhyne howard,8.0,11.0,19.0,pbp
401507364,,satou sabally,4.0,4.0,8.0,pbp
401507364,,teaira mccowan,6.0,6.0,12.0,pbp
401507364,,veronica burton,2.0,2.0,4.0,pbp
401507365,,alanna smith,2.0,0.0,2.0,pbp
401507365,,alyssa thomas,5.0,0.0,5.0,pbp
401507365,,courtney williams,7.0,16.0,23.0,pbp
401507365,,dana evans,11.0,7.0,18.0,pbp
401507365,,dewanna bonner,7.0,0.0,7.0,pbp
401507365,,dijonai carrington,2.0,10.0,12.0,pbp
401507365,,elizabeth williams,12.0,9.0,21.0,pbp
401507365,,leigha brown,0.0,4.0,4.0,pbp
401507365,,marina mabrey,5.0,10.0,15.0,pbp
401507365,,morgan bertsch,0.0,7.0,7.0,pbp
401507365,,natisha hiedeman,10.0,2.0,12.0,pbp
401507365,,olivia nelson-ododa,8.0,12.0,20.0,pbp
401507365,,rebecca allen,4.0,2.0,6.0,pbp
401507365,,robyn parks,0.0,6.0,6.0,pbp
401507365,,ruthy hebard,0.0,2.0,2.0,pbp
401507365,,sika kone,3.0,4.0,7.0,pbp
401507365,,tiffany hayes,3.0,4.0,7.0,pbp
401507365,,tyasha harris,3.0,13.0,16.0,pbp
401507366,,aerial powers,0.0,3.0,3.0,pbp
401507366,,aliyah boston,7.0,12.0,19.0,pbp
401507366,,amanda zahui b.,2.0,0.0,2.0,pbp
401507366,,bridget carleton,2.0,0.0,2.0,pbp
401507366,,diamond miller,10.0,0.0,10.0,pbp
401507366,,dorka juhasz,0.0,2.0,2.0,pbp
401507366,,emma cannon,2.0,0.0,2.0,pbp
401507366,,erica wheeler,5.0,5.0,10.0,pbp
401507366,,grace berger,5.0,4.0,9.0,pbp
401507366,,kayla mcbride,13.0,11.0,24.0,pbp
401507366,,kelsey mitchell,18.0,5.0,23.0,pbp
401507366,,nalyssa smith,14.0,2.0,16.0,pbp
401507366,,napheesa collier,13.0,10.0,23.0,pbp
401507366,,nikolina milic,3.0,0.0,3.0,pbp
401507366,,tiffany mitchell,2.0,2.0,4.0,pbp
401507366,,victoria vivians,2.0,3.0,5.0,pbp
401507367,,ariel atkins,6.0,5.0,11.0,pbp
401507367,,betnijah laney,11.0,2.0,13.0,pbp
401507367,,breanna stewart,2.0,7.0,9.0,pbp
401507367,,brittney sykes,10.0,10.0,20.0,pbp
401507367,,courtney vandersloot,3.0,6.0,9.0,pbp
401507367,,elena delle donne,6.0,5.0,11.0,pbp
401507367,,jonquel jones,10.0,9.0,19.0,pbp
401507367,,li meng,5.0,3.0,8.0,pbp
401507367,,marine johannes,8.0,3.0,11.0,pbp
401507367,,myisha hines-allen,0.0,6.0,6.0,pbp
401507367,,natasha cloud,15.0,2.0,17.0,pbp
401507367,,queen egbo,4.0,2.0,6.0,pbp
401507367,,sabrina ionescu,12.0,7.0,19.0,pbp
401507367,,shatori walker-kimbrough,2.0,4.0,6.0,pbp
401507367,,stefanie dolson,4.0,3.0,7.0,pbp
401507367,,tianna hawkins,2.0,3.0,5.0,pbp
401507368,,a'ja wilson,22.0,14.0,36.0,pbp
401507368,,alysha clark,3.0,2.0,5.0,pbp
401507368,,ashley joens,3.0,3.0,6.0,pbp
401507368,,brianna turner,0.0,4.0,4.0,pbp
401507368,,brittney griner,12.0,9.0,21.0,pbp
401507368,,chelsea gray,12.0,9.0,21.0,pbp
401507368,,jackie young,3.0,0.0,3.0,pbp
401507368,,kadi sissoko,2.0,0.0,2.0,pbp
401507368,,kelsey plum,11.0,18.0,29.0,pbp
401507368,,kierstan bell,0.0,3.0,3.0,pbp
401507368,,megan gustafson,5.0,2.0,7.0,pbp
401507368,,michaela onyenwere,6.0,3.0,9.0,pbp
401507368,,moriah jefferson,9.0,12.0,21.0,pbp
401507368,,sug sutton,3.0,11.0,14.0,pbp
401507368,,sydney colson,2.0,0.0,2.0,pbp
401507369,,azura stevens,0.0,10.0,10.0,pbp
401507369,,dearica hamby,7.0,0.0,7.0,pbp
401507369,,ezi magbegor,8.0,7.0,15.0,pbp
401507369,,jasmine thomas,2.0,4.0,6.0,pbp
401507369,,jewell loyd,19.0,7.0,26.0,pbp
401507369,,jordan horston,2.0,5.0,7.0,pbp
401507369,,jordin canada,10.0,4.0,14.0,pbp
401507369,,joyner holmes,5.0,2.0,7.0,pbp
401507369,,kia nurse,12.0,6.0,18.0,pbp
401507369,,layshia clarendon,7.0,7.0,14.0,pbp
401507369,,mercedes russell,2.0,2.0,4.0,pbp
401507369,,nneka ogwumike,12.0,10.0,22.0,pbp
401507369,,rae burrell,2.0,2.0,4.0,pbp
401507369,,sami whitcomb,3.0,6.0,9.0,pbp
401507369,,zia cooke,4.0,10.0,14.0,pbp
401507376,,a'ja wilson,9.0,0.0,9.0,pbp
401507376,,alysha clark,2.0,2.0,4.0,pbp
401507376,,betnijah laney,0.0,2.0,2.0,pbp
401507376,,breanna stewart,5.0,8.0,13.0,pbp
401507376,,cayla george,0.0,2.0,2.0,pbp
401507376,,chelsea gray,11.0,4.0,15.0,pbp
401507376,,courtney vandersloot,4.0,7.0,11.0,pbp
401507376,,jackie young,6.0,10.0,16.0,pbp
401507376,,jocelyn willoughby,0.0,3.0,3.0,pbp
401507376,,jonquel jones,9.0,7.0,16.0,pbp
401507376,,kayla thornton,0.0,8.0,8.0,pbp
401507376,,kelsey plum,6.0,9.0,15.0,pbp
401507376,,marine johannes,11.0,5.0,16.0,pbp
401507376,,sabrina ionescu,2.0,10.0,12.0,pbp
401507376,,sydney colson,0.0,2.0,2.0,pbp
401525954,,aerial powers,2.0,0.0,2.0,pbp
401525954,,alanna smith,4.0,2.0,6.0,pbp
401525954,,anneli maley,2.0,0.0,2.0,pbp
401525954,,bridget carleton,3.0,0.0,3.0,pbp
401525954,,courtney williams,6.0,0.0,6.0,pbp
401525954,,damiris dantas,0.0,3.0,3.0,pbp
401525954,,dana evans,3.0,0.0,3.0,pbp
401525954,,diamond miller,1.0,6.0,7.0,pbp
401525954,,dorka juhasz,2.0,2.0,4.0,pbp
401525954,,feyonda fitzgerald,2.0,0.0,2.0,pbp
401525954,,kahleah copper,8.0,10.0,18.0,pbp
401525954,,kayana traylor,0.0,13.0,13.0,pbp
401525954,,kayla mcbride,7.0,6.0,13.0,pbp
401525954,,kristine anigwe,2.0,2.0,4.0,pbp
401525954,,maya dodson,0.0,2.0,2.0,pbp
401525954,,morgan bertsch,8.0,4.0,12.0,pbp
401525954,,rachel banham,3.0,10.0,13.0,pbp
401525954,,rebekah gardner,2.0,2.0,4.0,pbp
401525954,,robyn parks,0.0,12.0,12.0,pbp
401525954,,taylor soule,1.0,7.0,8.0,pbp
401525954,,tiffany mitchell,11.0,8.0,19.0,pbp
401535138,,arella guirantes,0.0,3.0,3.0,pbp
401535138,,brianna turner,2.0,0.0,2.0,pbp
401535138,,destiny slocum,0.0,7.0,7.0,pbp
401535138,,diana taurasi,10.0,0.0,10.0,pbp
401535138,,dulcy fankam mendjiadeu,4.0,6.0,10.0,pbp
401535138,,essence booker,0.0,5.0,5.0,pbp
401535138,,ezi magbegor,4.0,4.0,8.0,pbp
401535138,,jade loville,0.0,4.0,4.0,pbp
401535138,,jade melbourne,4.0,2.0,6.0,pbp
401535138,,jasmine walker,6.0,0.0,6.0,pbp
401535138,,jennie simms,3.0,4.0,7.0,pbp
401535138,,jewell loyd,8.0,0.0,8.0,pbp
401535138,,jordan horston,5.0,0.0,5.0,pbp
401535138,,kadi sissoko,5.0,2.0,7.0,pbp
401535138,,kaila charles,2.0,1.0,3.0,pbp
401535138,,kia nurse,5.0,0.0,5.0,pbp
401535138,,liz dixon,0.0,6.0,6.0,pbp
401535138,,madi williams,0.0,2.0,2.0,pbp
401535138,,megan gustafson,0.0,6.0,6.0,pbp
401535138,,mercedes russell,0.0,4.0,4.0,pbp
401535138,,michaela onyenwere,4.0,0.0,4.0,pbp
401535138,,moriah jefferson,2.0,0.0,2.0,pbp
401535138,,sam thomas,2.0,6.0,8.0,pbp
401535138,,sami whitcomb,0.0,2.0,2.0,pbp
401535138,,sophie cunningham,2.0,0.0,2.0,pbp
401535138,,sug sutton,6.0,5.0,11.0,pbp
401535138,,yvonne turner,5.0,0.0,5.0,pbp
401535139,,brittney griner,8.0,2.0,10.0,pbp
401535139,,chiney ogwumike,4.0,5.0,9.0,pbp
401535139,,crystal bradford,0.0,4.0,4.0,pbp
401535139,,diana taurasi,11.0,2.0,13.0,pbp
401535139,,evina westbrook,0.0,5.0,5.0,pbp
401535139,,jennie simms,2.0,2.0,4.0,pbp
401535139,,jordin canada,6.0,2.0,8.0,pbp
401535139,,joyner holmes,2.0,4.0,6.0,pbp
401535139,,kadi sissoko,0.0,3.0,3.0,pbp
401535139,,karlie samuelson,2.0,0.0,2.0,pbp
401535139,,layshia clarendon,3.0,4.0,7.0,pbp
401535139,,lexie brown,4.0,3.0,7.0,pbp
401535139,,liz dixon,0.0,4.0,4.0,pbp
401535139,,megan gustafson,0.0,2.0,2.0,pbp
401535139,,michaela onyenwere,2.0,4.0,6.0,pbp
401535139,,monika czinano,2.0,4.0,6.0,pbp
401535139,,moriah jefferson,5.0,0.0,5.0,pbp
401535139,,nneka ogwumike,8.0,0.0,8.0,pbp
401535139,,rae burrell,4.0,5.0,9.0,pbp
401535139,,reshanda gray,4.0,0.0,4.0,pbp
401535139,,sam thomas,0.0,3.0,3.0,pbp
401535139,,sophie cunningham,10.0,3.0,13.0,pbp
401535139,,sug sutton,0.0,3.0,3.0,pbp
401535139,,yang liwei,6.0,2.0,8.0,pbp
401535139,,zia cooke,3.0,8.0,11.0,pbp
401537457,,alisia jenkins,0.0,4.0,4.0,pbp
401537457,,amanda zahui b.,4.0,0.0,4.0,pbp
401537457,,ariel atkins,3.0,5.0,8.0,pbp
401537457,,diamond miller,14.0,5.0,19.0,pbp
401537457,,dorka juhasz,9.0,2.0,11.0,pbp
401537457,,elena delle donne,11.0,0.0,11.0,pbp
401537457,,elena tsineke,5.0,0.0,5.0,pbp
401537457,,emily engstler,4.0,0.0,4.0,pbp
401537457,,evina westbrook,3.0,4.0,7.0,pbp
401537457,,jazmine jones,0.0,2.0,2.0,pbp
401537457,,kiana williams,0.0,1.0,1.0,pbp
401537457,,lindsay allen,3.0,2.0,5.0,pbp
401537457,,napheesa collier,6.0,4.0,10.0,pbp
401537457,,natasha cloud,2.0,4.0,6.0,pbp
401537457,,rachel banham,5.0,8.0,13.0,pbp
401537457,,stephanie jones,4.0,0.0,4.0,pbp
401537457,,taylor soule,0.0,4.0,4.0,pbp
401537457,,tianna hawkins,12.0,2.0,14.0,pbp
401537457,,tiffany mitchell,2.0,7.0,9.0,pbp
401537458,,alanna smith,2.0,4.0,6.0,pbp
401537458,,arike ogunbowale,7.0,3.0,10.0,pbp
401537458,,charli collier,0.0,2.0,2.0,pbp
401537458,,courtney williams,4.0,0.0,4.0,pbp
401537458,,crystal dangerfield,2.0,7.0,9.0,pbp
401537458,,dana evans,8.0,0.0,8.0,pbp
401537458,,diamond deshields,4.0,1.0,5.0,pbp
401537458,,elizabeth williams,4.0,0.0,4.0,pbp
401537458,,isabelle harrison,2.0,9.0,11.0,pbp
401537458,,jasmine dickey,0.0,2.0,2.0,pbp
401537458,,kahleah copper,6.0,10.0,16.0,pbp
401537458,,kristine anigwe,0.0,2.0,2.0,pbp
401537458,,maddy siegrist,3.0,0.0,3.0,pbp
401537458,,morgan bertsch,9.0,0.0,9.0,pbp
401537458,,natasha howard,5.0,6.0,11.0,pbp
401537458,,rebekah gardner,6.0,4.0,10.0,pbp
401537458,,satou sabally,6.0,2.0,8.0,pbp
401537458,,teaira mccowan,8.0,9.0,17.0,pbp
401537458,,veronica burton,5.0,3.0,8.0,pbp
401537459,,alanna smith,2.0,7.0,9.0,pbp
401537459,,aliyah boston,6.0,2.0,8.0,pbp
401537459,,anneli maley,0.0,2.0,2.0,pbp
401537459,,courtney williams,12.0,0.0,12.0,pbp
401537459,,dana evans,7.0,5.0,12.0,pbp
401537459,,destanni henderson,2.0,2.0,4.0,pbp
401537459,,elizabeth williams,1.0,0.0,1.0,pbp
401537459,,emma cannon,0.0,5.0,5.0,pbp
401537459,,feyonda fitzgerald,2.0,0.0,2.0,pbp
401537459,,grace berger,0.0,4.0,4.0,pbp
401537459,,isabelle harrison,4.0,11.0,15.0,pbp
401537459,,kayana traylor,1.0,0.0,1.0,pbp
401537459,,kelsey mitchell,4.0,5.0,9.0,pbp
401537459,,kristine anigwe,0.0,4.0,4.0,pbp
401537459,,kristy wallace,2.0,0.0,2.0,pbp
401537459,,ladazhia williams,0.0,2.0,2.0,pbp
401537459,,lexie hull,2.0,2.0,4.0,pbp
401537459,,morgan bertsch,2.0,5.0,7.0,pbp
401537459,,nalyssa smith,4.0,0.0,4.0,pbp
401537459,,queen egbo,0.0,2.0,2.0,pbp
401537459,,rebekah gardner,9.0,4.0,13.0,pbp
401537459,,robyn parks,3.0,0.0,3.0,pbp
401537459,,taylor mikesell,5.0,0.0,5.0,pbp
401537459,,victaria saxton,4.0,0.0,4.0,pbp
401537459,,victoria vivians,2.0,1.0,3.0,pbp
401537460,,alexis morris,0.0,2.0,2.0,pbp
401537460,,alyssa thomas,2.0,0.0,2.0,pbp
401537460,,ashten prechtel,0.0,3.0,3.0,pbp
401537460,,betnijah laney,2.0,3.0,5.0,pbp
401537460,,brionna jones,10.0,0.0,10.0,pbp
401537460,,caitlin bickle,0.0,1.0,1.0,pbp
401537460,,diamond battles,0.0,2.0,2.0,pbp
401537460,,didi richards,3.0,2.0,5.0,pbp
401537460,,dijonai carrington,2.0,4.0,6.0,pbp
401537460,,han xu,1.0,7.0,8.0,pbp
401537460,,jayla everett,0.0,3.0,3.0,pbp
401537460,,jocelyn willoughby,0.0,1.0,1.0,pbp
401537460,,kayla thornton,6.0,0.0,6.0,pbp
401537460,,morgan green,0.0,2.0,2.0,pbp
401537460,,natisha hiedeman,7.0,0.0,7.0,pbp
401537460,,nia clouden,0.0,3.0,3.0,pbp
401537460,,nyara sabally,4.0,3.0,7.0,pbp
401537460,,olivia nelson-ododa,0.0,9.0,9.0,pbp
401537460,,rebecca allen,7.0,2.0,9.0,pbp
401537460,,sabrina ionescu,3.0,3.0,6.0,pbp
401537460,,sika koné,0.0,10.0,10.0,pbp
401537460,,stefanie dolson,2.0,0.0,2.0,pbp
401537460,,stephanie mawuli,0.0,5.0,5.0,pbp
401537460,,tiffany hayes,6.0,0.0,6.0,pbp
401537461,,aari mcdonald,5.0,1.0,6.0,pbp
401537461,,ad durr,10.0,2.0,12.0,pbp
401537461,,allisha gray,4.0,10.0,14.0,pbp
401537461,,amanda zahui b.,5.0,0.0,5.0,pbp
401537461,,ariel atkins,5.0,0.0,5.0,pbp
401537461,,brittney sykes,11.0,2.0,13.0,pbp
401537461,,danielle robinson,0.0,2.0,2.0,pbp
401537461,,elena delle donne,12.0,5.0,17.0,pbp
401537461,,elena tsineke,0.0,7.0,7.0,pbp
401537461,,emily engstler,0.0,11.0,11.0,pbp
401537461,,haley jones,3.0,2.0,5.0,pbp
401537461,,jazmine jones,4.0,2.0,6.0,pbp
401537461,,laeticia amihere,2.0,6.0,8.0,pbp
401537461,,leigha brown,2.0,2.0,4.0,pbp
401537461,,li meng,3.0,3.0,6.0,pbp
401537461,,lorela cubaj,2.0,6.0,8.0,pbp
401537461,,monique billings,6.0,0.0,6.0,pbp
401537461,,natasha cloud,4.0,2.0,6.0,pbp
401537461,,naz hillmon,6.0,0.0,6.0,pbp
401537461,,nia coffey,3.0,2.0,5.0,pbp
401537461,,shatori walker-kimbrough,3.0,0.0,3.0,pbp
401537461,,stephanie jones,0.0,2.0,2.0,pbp
401537461,,tianna hawkins,3.0,4.0,7.0,pbp
401537462,,aliyah boston,0.0,8.0,8.0,pbp
401537462,,arike ogunbowale,12.0,5.0,17.0,pbp
401537462,,ashley joens,3.0,0.0,3.0,pbp
401537462,,awak kuier,2.0,0.0,2.0,pbp
401537462,,crystal dangerfield,2.0,0.0,2.0,pbp
401537462,,erica wheeler,6.0,4.0,10.0,pbp
401537462,,kalani brown,2.0,0.0,2.0,pbp
401537462,,kelsey mitchell,13.0,16.0,29.0,pbp
401537462,,kristy wallace,3.0,2.0,5.0,pbp
401537462,,lexie hull,2.0,5.0,7.0,pbp
401537462,,maddy siegrist,2.0,2.0,4.0,pbp
401537462,,nalyssa smith,16.0,6.0,22.0,pbp
401537462,,natasha howard,2.0,9.0,11.0,pbp
401537462,,queen egbo,7.0,2.0,9.0,pbp
401537462,,satou sabally,8.0,10.0,18.0,pbp
401537462,,teaira mccowan,8.0,6.0,14.0,pbp
401537462,,veronica burton,6.0,3.0,9.0,pbp
401537464,,aari mcdonald,3.0,8.0,11.0,pbp
401537464,,ad durr,8.0,3.0,11.0,pbp
401537464,,allisha gray,8.0,4.0,12.0,pbp
401537464,,alyssa thomas,8.0,2.0,10.0,pbp
401537464,,brionna jones,6.0,6.0,12.0,pbp
401537464,,caitlin bickle,2.0,0.0,2.0,pbp
401537464,,cheyenne parker,1.0,4.0,5.0,pbp
401537464,,danielle robinson,3.0,0.0,3.0,pbp
401537464,,dijonai carrington,0.0,8.0,8.0,pbp
401537464,,haley jones,2.0,2.0,4.0,pbp
401537464,,laeticia amihere,2.0,2.0,4.0,pbp
401537464,,lauren cox,0.0,5.0,5.0,pbp
401537464,,leigha brown,2.0,5.0,7.0,pbp
401537464,,lorela cubaj,0.0,2.0,2.0,pbp
401537464,,natisha hiedeman,7.0,0.0,7.0,pbp
401537464,,naz hillmon,3.0,0.0,3.0,pbp
401537464,,nia coffey,2.0,0.0,2.0,pbp
401537464,,olivia nelson-ododa,2.0,6.0,8.0,pbp
401537464,,rebecca allen,4.0,1.0,5.0,pbp
401537464,,rhyne howard,0.0,4.0,4.0,pbp
401537464,,tiffany hayes,10.0,10.0,20.0,pbp
401537464,,tyasha harris,6.0,2.0,8.0,pbp
401545052,,a'ja wilson,13.0,4.0,17.0,pbp
401545052,,alexis peterson,0.0,2.0,2.0,pbp
401545052,,alysha clark,0.0,3.0,3.0,pbp
401545052,,betnijah laney,8.0,6.0,14.0,pbp
401545052,,breanna stewart,7.0,2.0,9.0,pbp
401545052,,candace parker,0.0,3.0,3.0,pbp
401545052,,cayla george,0.0,1.0,1.0,pbp
401545052,,chelsea gray,13.0,2.0,15.0,pbp
401545052,,epiphanny prince,0.0,7.0,7.0,pbp
401545052,,han xu,0.0,2.0,2.0,pbp
401545052,,jackie young,7.0,2.0,9.0,pbp
401545052,,jocelyn willoughby,0.0,8.0,8.0,pbp
401545052,,jonquel jones,6.0,0.0,6.0,pbp
401545052,,kelsey plum,17.0,5.0,22.0,pbp
401545052,,kiah stokes,0.0,2.0,2.0,pbp
401545052,,kierstan bell,0.0,10.0,10.0,pbp
401545052,,morgan green,0.0,2.0,2.0,pbp
401545052,,nyara sabally,0.0,4.0,4.0,pbp
401545052,,sabrina ionescu,8.0,5.0,13.0,pbp
401545052,,sika kone,0.0,4.0,4.0,pbp
401545052,,stefanie dolson,0.0,2.0,2.0,pbp
401545052,,stephanie mawuli,0.0,5.0,5.0,pbp
401558197,,betnijah laney,7.0,4.0,11.0,pbp
401558197,,breanna stewart,10.0,13.0,23.0,pbp
401558197,,diamond miller,12.0,9.0,21.0,pbp
401558197,,dorka juhasz,6.0,7.0,13.0,pbp
401558197,,emily engstler,4.0,0.0,4.0,pbp
401558197,,jessica shepard,5.0,0.0,5.0,pbp
401558197,,jonquel jones,4.0,5.0,9.0,pbp
401558197,,kayla mcbride,12.0,13.0,25.0,pbp
401558197,,kayla thornton,0.0,5.0,5.0,pbp
401558197,,lindsay allen,0.0,7.0,7.0,pbp
401558197,,marine johannes,0.0,4.0,4.0,pbp
401558197,,nikolina milic,2.0,4.0,6.0,pbp
401558197,,sabrina ionescu,17.0,13.0,30.0,pbp
401558197,,tiffany mitchell,4.0,0.0,4.0,pbp
401558893,,a'ja wilson,9.0,11.0,20.0,pbp
401558893,,aliyah boston,6.0,0.0,6.0,pbp
401558893,,allisha gray,8.0,2.0,10.0,pbp
401558893,,alyssa thomas,2.0,0.0,2.0,pbp
401558893,,arike ogunbowale,9.0,8.0,17.0,pbp
401558893,,breanna stewart,3.0,6.0,9.0,pbp
401558893,,brittney griner,10.0,8.0,18.0,pbp
401558893,,chelsea gray,2.0,3.0,5.0,pbp
401558893,,cheyenne parker,5.0,9.0,14.0,pbp
401558893,,courtney vandersloot,2.0,0.0,2.0,pbp
401558893,,ezi magbegor,2.0,0.0,2.0,pbp
401558893,,jackie young,3.0,3.0,6.0,pbp
401558893,,jewell loyd,16.0,14.0,30.0,pbp
401558893,,kahleah copper,7.0,9.0,16.0,pbp
401558893,,kelsey mitchell,0.0,9.0,9.0,pbp
401558893,,kelsey plum,8.0,22.0,30.0,pbp
401558893,,napheesa collier,8.0,12.0,20.0,pbp
401558893,,nneka ogwumike,4.0,2.0,6.0,pbp
401558893,,rhyne howard,10.0,6.0,16.0,pbp
401558893,,sabrina ionescu,15.0,3.0,18.0,pbp
401558893,,satou sabally,6.0,6.0,12.0,pbp
401578549,,aerial powers,2.0,2.0,4.0,pbp
401578549,,alyssa thomas,6.0,9.0,15.0,pbp
401578549,,bridget carleton,4.0,2.0,6.0,pbp
401578549,,dewanna bonner,8.0,9.0,17.0,pbp
401578549,,diamond miller,0.0,4.0,4.0,pbp
401578549,,dijonai carrington,7.0,2.0,9.0,pbp
401578549,,dorka juhasz,3.0,2.0,5.0,pbp
401578549,,kayla mcbride,14.0,2.0,16.0,pbp
401578549,,napheesa collier,5.0,9.0,14.0,pbp
401578549,,natisha hiedeman,3.0,3.0,6.0,pbp
401578549,,nikolina milic,2.0,0.0,2.0,pbp
401578549,,olivia nelson-ododa,2.0,0.0,2.0,pbp
401578549,,rachel banham,2.0,6.0,8.0,pbp
401578549,,rebecca allen,3.0,12.0,15.0,pbp
401578549,,tiffany hayes,8.0,5.0,13.0,pbp
401578549,,tyasha harris,8.0,4.0,12.0,pbp
401578550,,a'ja wilson,10.0,4.0,14.0,pbp
401578550,,alaina coates,0.0,2.0,2.0,pbp
401578550,,alanna smith,8.0,0.0,8.0,pbp
401578550,,alysha clark,7.0,5.0,12.0,pbp
401578550,,chelsea gray,10.0,10.0,20.0,pbp
401578550,,courtney williams,5.0,4.0,9.0,pbp
401578550,,dana evans,0.0,7.0,7.0,pbp
401578550,,elizabeth williams,0.0,4.0,4.0,pbp
401578550,,jackie young,10.0,8.0,18.0,pbp
401578550,,kahleah copper,12.0,2.0,14.0,pbp
401578550,,kelsey plum,13.0,3.0,16.0,pbp
401578550,,kiah stokes,2.0,0.0,2.0,pbp
401578550,,kierstan bell,0.0,2.0,2.0,pbp
401578550,,marina mabrey,7.0,0.0,7.0,pbp
401578550,,robyn parks,3.0,2.0,5.0,pbp
401578550,,ruthy hebard,0.0,2.0,2.0,pbp
401578550,,sika kone,0.0,2.0,2.0,pbp
401578551,,ariel atkins,8.0,6.0,14.0,pbp
401578551,,betnijah laney,14.0,5.0,19.0,pbp
401578551,,breanna stewart,4.0,6.0,10.0,pbp
401578551,,brittney sykes,7.0,9.0,16.0,pbp
401578551,,courtney vandersloot,4.0,3.0,7.0,pbp
401578551,,elena delle donne,8.0,3.0,11.0,pbp
401578551,,jonquel jones,10.0,10.0,20.0,pbp
401578551,,kayla thornton,2.0,0.0,2.0,pbp
401578551,,li meng,0.0,3.0,3.0,pbp
401578551,,myisha hines-allen,9.0,12.0,21.0,pbp
401578551,,natasha cloud,4.0,0.0,4.0,pbp
401578551,,sabrina ionescu,9.0,18.0,27.0,pbp
401578551,,shatori walker-kimbrough,1.0,0.0,1.0,pbp
401578551,,stefanie dolson,3.0,0.0,3.0,pbp
401578551,,tianna hawkins,5.0,0.0,5.0,pbp
401578552,,aari mcdonald,3.0,2.0,5.0,pbp
401578552,,ad durr,2.0,0.0,2.0,pbp
401578552,,allisha gray,16.0,5.0,21.0,pbp
401578552,,arike ogunbowale,14.0,9.0,23.0,pbp
401578552,,awak kuier,2.0,0.0,2.0,pbp
401578552,,cheyenne parker,5.0,6.0,11.0,pbp
401578552,,crystal dangerfield,0.0,2.0,2.0,pbp
401578552,,danielle robinson,2.0,1.0,3.0,pbp
401578552,,maddy siegrist,2.0,0.0,2.0,pbp
401578552,,monique billings,2.0,2.0,4.0,pbp
401578552,,natasha howard,2.0,3.0,5.0,pbp
401578552,,odyssey sims,5.0,3.0,8.0,pbp
401578552,,rhyne howard,18.0,16.0,34.0,pbp
401578552,,satou sabally,18.0,14.0,32.0,pbp
401578552,,teaira mccowan,5.0,12.0,17.0,pbp
401578552,,veronica burton,0.0,2.0,2.0,pbp
401578553,,alyssa thomas,11.0,15.0,26.0,pbp
401578553,,bridget carleton,0.0,6.0,6.0,pbp
401578553,,dewanna bonner,18.0,6.0,24.0,pbp
401578553,,diamond miller,5.0,0.0,5.0,pbp
401578553,,dijonai carrington,0.0,5.0,5.0,pbp
401578553,,dorka juhasz,5.0,1.0,6.0,pbp
401578553,,kayla mcbride,14.0,14.0,28.0,pbp
401578553,,napheesa collier,16.0,10.0,26.0,pbp
401578553,,nikolina milic,2.0,0.0,2.0,pbp
401578553,,olivia nelson-ododa,2.0,0.0,2.0,pbp
401578553,,rachel banham,0.0,4.0,4.0,pbp
401578553,,rebecca allen,2.0,8.0,10.0,pbp
401578553,,tiffany hayes,4.0,2.0,6.0,pbp
401578553,,tiffany mitchell,2.0,3.0,5.0,pbp
401578553,,tyasha harris,2.0,0.0,2.0,pbp
401578554,,a'ja wilson,19.0,19.0,38.0,pbp
401578554,,alysha clark,7.0,7.0,14.0,pbp
401578554,,cayla george,0.0,2.0,2.0,pbp
401578554,,chelsea gray,2.0,7.0,9.0,pbp
401578554,,courtney williams,5.0,0.0,5.0,pbp
401578554,,dana evans,6.0,16.0,22.0,pbp
401578554,,elizabeth williams,2.0,2.0,4.0,pbp
401578554,,jackie young,8.0,6.0,14.0,pbp
401578554,,kahleah copper,7.0,17.0,24.0,pbp
401578554,,kelsey plum,3.0,6.0,9.0,pbp
401578554,,kiah stokes,2.0,0.0,2.0,pbp
401578554,,kierstan bell,2.0,0.0,2.0,pbp
401578554,,marina mabrey,7.0,5.0,12.0,pbp
401578554,,sika kone,2.0,0.0,2.0,pbp
401578555,,ariel atkins,4.0,9.0,13.0,pbp
401578555,,betnijah laney,10.0,9.0,19.0,pbp
401578555,,breanna stewart,14.0,10.0,24.0,pbp
401578555,,brittney sykes,5.0,9.0,14.0,pbp
401578555,,courtney vandersloot,2.0,6.0,8.0,pbp
401578555,,elena delle donne,5.0,6.0,11.0,pbp
401578555,,jonquel jones,7.0,12.0,19.0,pbp
401578555,,kayla thornton,4.0,2.0,6.0,pbp
401578555,,myisha hines-allen,4.0,6.0,10.0,pbp
401578555,,natasha cloud,12.0,20.0,32.0,pbp
401578555,,sabrina ionescu,7.0,3.0,10.0,pbp
401578555,,shatori walker-kimbrough,4.0,0.0,4.0,pbp
401578556,,aari mcdonald,0.0,2.0,2.0,pbp
401578556,,ad durr,0.0,2.0,2.0,pbp
401578556,,allisha gray,12.0,6.0,18.0,pbp
401578556,,arike ogunbowale,13.0,7.0,20.0,pbp
401578556,,awak kuier,9.0,4.0,13.0,pbp
401578556,,cheyenne parker,8.0,7.0,15.0,pbp
401578556,,crystal dangerfield,8.0,3.0,11.0,pbp
401578556,,danielle robinson,2.0,0.0,2.0,pbp
401578556,,haley jones,0.0,4.0,4.0,pbp
401578556,,iliana rupert,0.0,2.0,2.0,pbp
401578556,,kalani brown,0.0,12.0,12.0,pbp
401578556,,maddy siegrist,0.0,2.0,2.0,pbp
401578556,,monique billings,0.0,5.0,5.0,pbp
401578556,,natasha howard,5.0,5.0,10.0,pbp
401578556,,naz hillmon,2.0,0.0,2.0,pbp
401578556,,odyssey sims,0.0,8.0,8.0,pbp
401578556,,rhyne howard,10.0,11.0,21.0,pbp
401578556,,satou sabally,10.0,2.0,12.0,pbp
401578556,,teaira mccowan,6.0,6.0,12.0,pbp
401578557,,alyssa thomas,14.0,14.0,28.0,pbp
401578557,,bridget carleton,3.0,10.0,13.0,pbp
401578557,,dewanna bonner,14.0,11.0,25.0,pbp
401578557,,diamond miller,5.0,1.0,6.0,pbp
401578557,,dorka juhasz,4.0,0.0,4.0,pbp
401578557,,kayla mcbride,5.0,5.0,10.0,pbp
401578557,,napheesa collier,15.0,16.0,31.0,pbp
401578557,,natisha hiedeman,5.0,3.0,8.0,pbp
401578557,,nikolina milic,0.0,2.0,2.0,pbp
401578557,,olivia nelson-ododa,2.0,0.0,2.0,pbp
401578557,,rachel banham,0.0,3.0,3.0,pbp
401578557,,rebecca allen,2.0,0.0,2.0,pbp
401578557,,tiffany hayes,5.0,2.0,7.0,pbp
401578557,,tiffany mitchell,2.0,4.0,6.0,pbp
401578557,,tyasha harris,7.0,11.0,18.0,pbp
401578561,,alyssa thomas,6.0,2.0,8.0,pbp
401578561,,betnijah laney,3.0,0.0,3.0,pbp
401578561,,breanna stewart,8.0,11.0,19.0,pbp
401578561,,courtney vandersloot,7.0,0.0,7.0,pbp
401578561,,dewanna bonner,5.0,15.0,20.0,pbp
401578561,,jonquel jones,10.0,4.0,14.0,pbp
401578561,,kayla thornton,3.0,3.0,6.0,pbp
401578561,,marine johannes,0.0,2.0,2.0,pbp
401578561,,natisha hiedeman,4.0,8.0,12.0,pbp
401578561,,olivia nelson-ododa,0.0,4.0,4.0,pbp
401578561,,rebecca allen,11.0,6.0,17.0,pbp
401578561,,sabrina ionescu,8.0,3.0,11.0,pbp
401578561,,tiffany hayes,6.0,6.0,12.0,pbp
401578561,,tyasha harris,4.0,0.0,4.0,pbp
401578562,,a'ja wilson,18.0,16.0,34.0,pbp
401578562,,alysha clark,2.0,2.0,4.0,pbp
401578562,,arike ogunbowale,6.0,6.0,12.0,pbp
401578562,,chelsea gray,9.0,4.0,13.0,pbp
401578562,,crystal dangerfield,7.0,3.0,10.0,pbp
401578562,,jackie young,7.0,10.0,17.0,pbp
401578562,,kalani brown,6.0,4.0,10.0,pbp
401578562,,kelsey plum,12.0,13.0,25.0,pbp
401578562,,kiah stokes,0.0,2.0,2.0,pbp
401578562,,maddy siegrist,0.0,7.0,7.0,pbp
401578562,,natasha howard,9.0,2.0,11.0,pbp
401578562,,odyssey sims,4.0,6.0,10.0,pbp
401578562,,satou sabally,8.0,8.0,16.0,pbp
401578562,,teaira mccowan,5.0,2.0,7.0,pbp
401578563,,alyssa thomas,4.0,6.0,10.0,pbp
401578563,,betnijah laney,4.0,15.0,19.0,pbp
401578563,,breanna stewart,4.0,7.0,11.0,pbp
401578563,,courtney vandersloot,5.0,14.0,19.0,pbp
401578563,,dewanna bonner,11.0,8.0,19.0,pbp
401578563,,jonquel jones,11.0,0.0,11.0,pbp
401578563,,olivia nelson-ododa,4.0,0.0,4.0,pbp
401578563,,rebecca allen,6.0,0.0,6.0,pbp
401578563,,sabrina ionescu,11.0,10.0,21.0,pbp
401578563,,stefanie dolson,2.0,0.0,2.0,pbp
401578563,,tiffany hayes,17.0,13.0,30.0,pbp
401578563,,tyasha harris,0.0,8.0,8.0,pbp
401578564,,a'ja wilson,16.0,14.0,30.0,pbp
401578564,,alysha clark,3.0,0.0,3.0,pbp
401578564,,arike ogunbowale,8.0,16.0,24.0,pbp
401578564,,chelsea gray,13.0,10.0,23.0,pbp
401578564,,jackie young,6.0,6.0,12.0,pbp
401578564,,kalani brown,6.0,2.0,8.0,pbp
401578564,,kelsey plum,1.0,16.0,17.0,pbp
401578564,,kiah stokes,4.0,0.0,4.0,pbp
401578564,,maddy siegrist,3.0,0.0,3.0,pbp
401578564,,natasha howard,6.0,14.0,20.0,pbp
401578564,,odyssey sims,4.0,0.0,4.0,pbp
401578564,,satou sabally,4.0,9.0,13.0,pbp
401578564,,teaira mccowan,6.0,6.0,12.0,pbp
401578565,,alyssa thomas,8.0,15.0,23.0,pbp
401578565,,betnijah laney,8.0,12.0,20.0,pbp
401578565,,breanna stewart,14.0,11.0,25.0,pbp
401578565,,courtney vandersloot,10.0,2.0,12.0,pbp
401578565,,dewanna bonner,4.0,6.0,10.0,pbp
401578565,,dijonai carrington,2.0,0.0,2.0,pbp
401578565,,jonquel jones,2.0,8.0,10.0,pbp
401578565,,kayla thornton,2.0,0.0,2.0,pbp
401578565,,marine johannes,2.0,0.0,2.0,pbp
401578565,,natisha hiedeman,0.0,5.0,5.0,pbp
401578565,,olivia nelson-ododa,8.0,6.0,14.0,pbp
401578565,,sabrina ionescu,11.0,5.0,16.0,pbp
401578565,,stefanie dolson,4.0,0.0,4.0,pbp
401578565,,tiffany hayes,11.0,5.0,16.0,pbp
401578565,,tyasha harris,7.0,4.0,11.0,pbp
401578566,,a'ja wilson,5.0,8.0,13.0,pbp
401578566,,alysha clark,3.0,3.0,6.0,pbp
401578566,,arike ogunbowale,10.0,6.0,16.0,pbp
401578566,,awak kuier,3.0,2.0,5.0,pbp
401578566,,chelsea gray,4.0,11.0,15.0,pbp
401578566,,jackie young,2.0,9.0,11.0,pbp
401578566,,kelsey plum,7.0,2.0,9.0,pbp
401578566,,kiah stokes,4.0,0.0,4.0,pbp
401578566,,kierstan bell,4.0,0.0,4.0,pbp
401578566,,natasha howard,8.0,6.0,14.0,pbp
401578566,,odyssey sims,2.0,0.0,2.0,pbp
401578566,,satou sabally,5.0,0.0,5.0,pbp
401578566,,teaira mccowan,4.0,6.0,10.0,pbp
401578566,,veronica burton,2.0,5.0,7.0,pbp
401578567,,alyssa thomas,13.0,4.0,17.0,pbp
401578567,,betnijah laney,15.0,6.0,21.0,pbp
401578567,,breanna stewart,14.0,13.0,27.0,pbp
401578567,,courtney vandersloot,3.0,0.0,3.0,pbp
401578567,,dewanna bonner,6.0,6.0,12.0,pbp
401578567,,dijonai carrington,2.0,11.0,13.0,pbp
401578567,,jonquel jones,5.0,20.0,25.0,pbp
401578567,,kayla thornton,2.0,0.0,2.0,pbp
401578567,,natisha hiedeman,4.0,3.0,7.0,pbp
401578567,,olivia nelson-ododa,2.0,0.0,2.0,pbp
401578567,,rebecca allen,7.0,0.0,7.0,pbp
401578567,,sabrina ionescu,6.0,3.0,9.0,pbp
401578567,,tiffany hayes,8.0,7.0,15.0,pbp
401578567,,tyasha harris,2.0,8.0,10.0,pbp
401578571,,a'ja wilson,10.0,9.0,19.0,pbp
401578571,,alysha clark,2.0,6.0,8.0,pbp
401578571,,betnijah laney,3.0,8.0,11.0,pbp
401578571,,breanna stewart,10.0,11.0,21.0,pbp
401578571,,chelsea gray,7.0,12.0,19.0,pbp
401578571,,courtney vandersloot,2.0,7.0,9.0,pbp
401578571,,jackie young,12.0,14.0,26.0,pbp
401578571,,jonquel jones,12.0,4.0,16.0,pbp
401578571,,kayla thornton,3.0,0.0,3.0,pbp
401578571,,kelsey plum,14.0,12.0,26.0,pbp
401578571,,marine johannes,13.0,0.0,13.0,pbp
401578571,,sabrina ionescu,3.0,3.0,6.0,pbp
401578572,,a'ja wilson,14.0,12.0,26.0,pbp
401578572,,alysha clark,2.0,5.0,7.0,pbp
401578572,,betnijah laney,7.0,5.0,12.0,pbp
401578572,,breanna stewart,8.0,6.0,14.0,pbp
401578572,,chelsea gray,9.0,5.0,14.0,pbp
401578572,,courtney vandersloot,0.0,9.0,9.0,pbp
401578572,,jackie young,7.0,17.0,24.0,pbp
401578572,,jocelyn willoughby,0.0,2.0,2.0,pbp
401578572,,jonquel jones,19.0,3.0,22.0,pbp
401578572,,kayla thornton,0.0,2.0,2.0,pbp
401578572,,kelsey plum,11.0,11.0,22.0,pbp
401578572,,kiah stokes,8.0,0.0,8.0,pbp
401578572,,kierstan bell,0.0,2.0,2.0,pbp
401578572,,marine johannes,3.0,0.0,3.0,pbp
401578572,,sabrina ionescu,7.0,3.0,10.0,pbp
401578572,,stefanie dolson,0.0,2.0,2.0,pbp
401578573,,a'ja wilson,8.0,8.0,16.0,pbp
401578573,,alysha clark,5.0,4.0,9.0,pbp
401578573,,betnijah laney,5.0,7.0,12.0,pbp
401578573,,breanna stewart,9.0,11.0,20.0,pbp
401578573,,chelsea gray,6.0,5.0,11.0,pbp
401578573,,courtney vandersloot,5.0,7.0,12.0,pbp
401578573,,jackie young,6.0,2.0,8.0,pbp
401578573,,jonquel jones,17.0,9.0,26.0,pbp
401578573,,kayla thornton,0.0,6.0,6.0,pbp
401578573,,kelsey plum,15.0,14.0,29.0,pbp
401578573,,marine johannes,0.0,1.0,1.0,pbp
401578573,,sabrina ionescu,6.0,3.0,9.0,pbp
401578574,,a'ja wilson,9.0,15.0,24.0,pbp
401578574,,alysha clark,4.0,6.0,10.0,pbp
401578574,,betnijah laney,11.0,4.0,15.0,pbp
401578574,,breanna stewart,4.0,6.0,10.0,pbp
401578574,,cayla george,5.0,6.0,11.0,pbp
401578574,,courtney vandersloot,12.0,7.0,19.0,pbp
401578574,,jackie young,5.0,11.0,16.0,pbp
401578574,,jonquel jones,4.0,2.0,6.0,pbp
401578574,,kayla thornton,3.0,0.0,3.0,pbp
401578574,,kelsey plum,5.0,2.0,7.0,pbp
401578574,,marine johannes,0.0,1.0,1.0,pbp
401578574,,sabrina ionescu,3.0,9.0,12.0,pbp
401578574,,stefanie dolson,2.0,0.0,2.0,pbp
401578574,,sydney colson,2.0,0.0,2.0,pbp
401620178,,aaliyah edwards,2.0,4.0,6.0,pbp
401620178,,ariel atkins,7.0,13.0,20.0,pbp
401620178,,betnijah laney-hamilton,3.0,17.0,20.0,pbp
401620178,,breanna stewart,4.0,4.0,8.0,pbp
401620178,,brittney sykes,4.0,10.0,14.0,pbp
401620178,,courtney vandersloot,6.0,0.0,6.0,pbp
401620178,,ivana dojkic,1.0,0.0,1.0,pbp
401620178,,jonquel jones,13.0,11.0,24.0,pbp
401620178,,julie vanloo,0.0,3.0,3.0,pbp
401620178,,karlie samuelson,5.0,2.0,7.0,pbp
401620178,,kennedy burke,2.0,4.0,6.0,pbp
401620178,,leonie fiebich,2.0,0.0,2.0,pbp
401620178,,myisha hines-allen,5.0,0.0,5.0,pbp
401620178,,nyara sabally,0.0,2.0,2.0,pbp
401620178,,sabrina ionescu,8.0,7.0,15.0,pbp
401620178,,shakira austin,9.0,4.0,13.0,pbp
401620178,,stefanie dolson,11.0,1.0,12.0,pbp
401620219,,aliyah boston,4.0,0.0,4.0,pbp
401620219,,alyssa thomas,6.0,7.0,13.0,pbp
401620219,,brionna jones,4.0,4.0,8.0,pbp
401620219,,caitlin clark,7.0,12.0,19.0,pbp
401620219,,dewanna bonner,10.0,10.0,20.0,pbp
401620219,,dijonai carrington,14.0,2.0,16.0,pbp
401620219,,erica wheeler,1.0,7.0,8.0,pbp
401620219,,grace berger,2.0,2.0,4.0,pbp
401620219,,katie lou samuelson,2.0,3.0,5.0,pbp
401620219,,kelsey mitchell,7.0,1.0,8.0,pbp
401620219,,kristy wallace,3.0,2.0,5.0,pbp
401620219,,moriah jefferson,0.0,3.0,3.0,pbp
401620219,,nalyssa smith,11.0,2.0,13.0,pbp
401620219,,olivia nelson-ododa,0.0,2.0,2.0,pbp
401620219,,rachel banham,4.0,5.0,9.0,pbp
401620219,,temi fagbenle,2.0,2.0,4.0,pbp
401620219,,tiffany mitchell,0.0,4.0,4.0,pbp
401620219,,tyasha harris,11.0,5.0,16.0,pbp
401620220,,a'ja wilson,21.0,9.0,30.0,pbp
401620220,,alysha clark,4.0,4.0,8.0,pbp
401620220,,diana taurasi,12.0,11.0,23.0,pbp
401620220,,jackie young,4.0,19.0,23.0,pbp
401620220,,kahleah copper,6.0,12.0,18.0,pbp
401620220,,kelsey plum,8.0,10.0,18.0,pbp
401620220,,kiah stokes,0.0,2.0,2.0,pbp
401620220,,megan gustafson,2.0,3.0,5.0,pbp
401620220,,natasha cloud,9.0,5.0,14.0,pbp
401620220,,natasha mack,0.0,2.0,2.0,pbp
401620220,,rebecca allen,10.0,4.0,14.0,pbp
401620220,,sophie cunningham,1.0,5.0,6.0,pbp
401620220,,sug sutton,2.0,0.0,2.0,pbp
401620220,,sydney colson,2.0,0.0,2.0,pbp
401620221,,alanna smith,16.0,6.0,22.0,pbp
401620221,,bridget carleton,3.0,2.0,5.0,pbp
401620221,,cecilia zandalasini,2.0,0.0,2.0,pbp
401620221,,courtney williams,8.0,6.0,14.0,pbp
401620221,,diamond miller,0.0,2.0,2.0,pbp
401620221,,ezi magbegor,11.0,4.0,15.0,pbp
401620221,,jewell loyd,8.0,2.0,10.0,pbp
401620221,,jordan horston,6.0,2.0,8.0,pbp
401620221,,kayla mcbride,4.0,5.0,9.0,pbp
401620221,,mercedes russell,5.0,2.0,7.0,pbp
401620221,,napheesa collier,7.0,13.0,20.0,pbp
401620221,,natisha hiedeman,5.0,4.0,9.0,pbp
401620221,,nneka ogwumike,10.0,10.0,20.0,pbp
401620221,,skylar diggins-smith,4.0,6.0,10.0,pbp
401620222,,angel reese,1.0,11.0,12.0,pbp
401620222,,arike ogunbowale,5.0,19.0,24.0,pbp
401620222,,chennedy carter,4.0,0.0,4.0,pbp
401620222,,dana evans,8.0,2.0,10.0,pbp
401620222,,diamond deshields,10.0,4.0,14.0,pbp
401620222,,elizabeth williams,4.0,8.0,12.0,pbp
401620222,,jacy sheldon,0.0,2.0,2.0,pbp
401620222,,kalani brown,4.0,0.0,4.0,pbp
401620222,,lindsay allen,0.0,5.0,5.0,pbp
401620222,,maddy siegrist,2.0,11.0,13.0,pbp
401620222,,marina mabrey,12.0,6.0,18.0,pbp
401620222,,michaela onyenwere,3.0,0.0,3.0,pbp
401620222,,natasha howard,6.0,9.0,15.0,pbp
401620222,,sevgi uzun,3.0,3.0,6.0,pbp
401620222,,stephanie soares,4.0,0.0,4.0,pbp
401620222,,teaira mccowan,16.0,2.0,18.0,pbp
401620223,,aerial powers,1.0,0.0,1.0,pbp
401620223,,allisha gray,6.0,6.0,12.0,pbp
401620223,,cameron brink,6.0,5.0,11.0,pbp
401620223,,cheyenne parker-tyus,7.0,2.0,9.0,pbp
401620223,,crystal dangerfield,2.0,4.0,6.0,pbp
401620223,,dearica hamby,13.0,7.0,20.0,pbp
401620223,,haley jones,2.0,12.0,14.0,pbp
401620223,,kia nurse,9.0,14.0,23.0,pbp
401620223,,layshia clarendon,9.0,2.0,11.0,pbp
401620223,,lexie brown,8.0,0.0,8.0,pbp
401620223,,naz hillmon,0.0,2.0,2.0,pbp
401620223,,nia coffey,2.0,0.0,2.0,pbp
401620223,,rhyne howard,11.0,13.0,24.0,pbp
401620223,,rickea jackson,2.0,5.0,7.0,pbp
401620223,,tina charles,17.0,4.0,21.0,pbp
401620223,,zia cooke,1.0,0.0,1.0,pbp
401620224,,aliyah boston,8.0,4.0,12.0,pbp
401620224,,betnijah laney-hamilton,8.0,4.0,12.0,pbp
401620224,,breanna stewart,19.0,11.0,30.0,pbp
401620224,,caitlin clark,2.0,6.0,8.0,pbp
401620224,,courtney vandersloot,2.0,7.0,9.0,pbp
401620224,,erica wheeler,2.0,2.0,4.0,pbp
401620224,,grace berger,0.0,7.0,7.0,pbp
401620224,,ivana dojkic,0.0,5.0,5.0,pbp
401620224,,jonquel jones,6.0,8.0,14.0,pbp
401620224,,katie lou samuelson,8.0,2.0,10.0,pbp
401620224,,kayla thornton,0.0,9.0,9.0,pbp
401620224,,kelsey mitchell,0.0,5.0,5.0,pbp
401620224,,kennedy burke,2.0,3.0,5.0,pbp
401620224,,kristy wallace,4.0,0.0,4.0,pbp
401620224,,lexie hull,3.0,1.0,4.0,pbp
401620224,,nalyssa smith,2.0,3.0,5.0,pbp
401620224,,nyara sabally,1.0,2.0,3.0,pbp
401620224,,sabrina ionescu,9.0,5.0,14.0,pbp
401620224,,temi fagbenle,2.0,4.0,6.0,pbp
401620225,,aaliyah edwards,4.0,2.0,6.0,pbp
401620225,,alyssa thomas,5.0,8.0,13.0,pbp
401620225,,ariel atkins,4.0,4.0,8.0,pbp
401620225,,brionna jones,2.0,5.0,7.0,pbp
401620225,,brittney sykes,2.0,0.0,2.0,pbp
401620225,,dewanna bonner,8.0,14.0,22.0,pbp
401620225,,dijonai carrington,10.0,11.0,21.0,pbp
401620225,,julie vanloo,4.0,8.0,12.0,pbp
401620225,,karlie samuelson,14.0,4.0,18.0,pbp
401620225,,moriah jefferson,8.0,0.0,8.0,pbp
401620225,,myisha hines-allen,3.0,4.0,7.0,pbp
401620225,,olivia nelson-ododa,3.0,5.0,8.0,pbp
401620225,,shakira austin,1.0,9.0,10.0,pbp
401620225,,shatori walker-kimbrough,1.0,4.0,5.0,pbp
401620225,,stefanie dolson,3.0,6.0,9.0,pbp
401620225,,tyasha harris,0.0,5.0,5.0,pbp
401620226,,alanna smith,9.0,7.0,16.0,pbp
401620226,,alissa pili,0.0,5.0,5.0,pbp
401620226,,bridget carleton,0.0,5.0,5.0,pbp
401620226,,courtney williams,5.0,5.0,10.0,pbp
401620226,,diamond miller,5.0,4.0,9.0,pbp
401620226,,ezi magbegor,3.0,6.0,9.0,pbp
401620226,,jewell loyd,6.0,13.0,19.0,pbp
401620226,,jordan horston,4.0,2.0,6.0,pbp
401620226,,kayla mcbride,7.0,12.0,19.0,pbp
401620226,,kiana williams,2.0,0.0,2.0,pbp
401620226,,mercedes russell,2.0,5.0,7.0,pbp
401620226,,napheesa collier,12.0,17.0,29.0,pbp
401620226,,natisha hiedeman,2.0,3.0,5.0,pbp
401620226,,nneka ogwumike,8.0,16.0,24.0,pbp
401620226,,olivia epoupa,2.0,0.0,2.0,pbp
401620226,,sami whitcomb,3.0,0.0,3.0,pbp
401620226,,sika kone,2.0,0.0,2.0,pbp
401620226,,skylar diggins-smith,8.0,14.0,22.0,pbp
401620227,,aliyah boston,2.0,10.0,12.0,pbp
401620227,,betnijah laney-hamilton,7.0,5.0,12.0,pbp
401620227,,breanna stewart,11.0,13.0,24.0,pbp
401620227,,caitlin clark,14.0,7.0,21.0,pbp
401620227,,courtney vandersloot,8.0,2.0,10.0,pbp
401620227,,ivana dojkic,3.0,0.0,3.0,pbp
401620227,,jonquel jones,10.0,4.0,14.0,pbp
401620227,,katie lou samuelson,2.0,5.0,7.0,pbp
401620227,,kayla thornton,0.0,3.0,3.0,pbp
401620227,,kelsey mitchell,11.0,6.0,17.0,pbp
401620227,,kristy wallace,0.0,3.0,3.0,pbp
401620227,,leonie fiebich,3.0,2.0,5.0,pbp
401620227,,nalyssa smith,5.0,6.0,11.0,pbp
401620227,,nyara sabally,3.0,4.0,7.0,pbp
401620227,,sabrina ionescu,12.0,0.0,12.0,pbp
401620227,,temi fagbenle,2.0,6.0,8.0,pbp
401620228,,a'ja wilson,8.0,14.0,22.0,pbp
401620228,,alysha clark,6.0,7.0,13.0,pbp
401620228,,cameron brink,0.0,3.0,3.0,pbp
401620228,,dearica hamby,7.0,22.0,29.0,pbp
401620228,,jackie young,7.0,13.0,20.0,pbp
401620228,,kate martin,3.0,0.0,3.0,pbp
401620228,,kelsey plum,7.0,8.0,15.0,pbp
401620228,,kia nurse,13.0,0.0,13.0,pbp
401620228,,kiah stokes,4.0,0.0,4.0,pbp
401620228,,layshia clarendon,0.0,2.0,2.0,pbp
401620228,,lexie brown,3.0,13.0,16.0,pbp
401620228,,megan gustafson,6.0,2.0,8.0,pbp
401620228,,rickea jackson,8.0,5.0,13.0,pbp
401620228,,stephanie talbot,0.0,2.0,2.0,pbp
401620228,,zia cooke,2.0,2.0,4.0,pbp
401620229,,angel reese,4.0,7.0,11.0,pbp
401620229,,arike ogunbowale,15.0,19.0,34.0,pbp
401620229,,chennedy carter,2.0,10.0,12.0,pbp
401620229,,dana evans,2.0,10.0,12.0,pbp
401620229,,diamond deshields,12.0,4.0,16.0,pbp
401620229,,elizabeth williams,8.0,4.0,12.0,pbp
401620229,,jacy sheldon,4.0,0.0,4.0,pbp
401620229,,kalani brown,8.0,3.0,11.0,pbp
401620229,,kysre gondrezick,0.0,2.0,2.0,pbp
401620229,,lindsay allen,0.0,2.0,2.0,pbp
401620229,,maddy siegrist,2.0,4.0,6.0,pbp
401620229,,marina mabrey,0.0,14.0,14.0,pbp
401620229,,michaela onyenwere,2.0,0.0,2.0,pbp
401620229,,monique billings,3.0,2.0,5.0,pbp
401620229,,sevgi uzun,5.0,4.0,9.0,pbp
401620229,,teaira mccowan,4.0,0.0,4.0,pbp
401620230,,aerial powers,0.0,2.0,2.0,pbp
401620230,,allisha gray,8.0,14.0,22.0,pbp
401620230,,cheyenne parker-tyus,6.0,12.0,18.0,pbp
401620230,,crystal dangerfield,2.0,8.0,10.0,pbp
401620230,,diana taurasi,11.0,4.0,15.0,pbp
401620230,,haley jones,2.0,0.0,2.0,pbp
401620230,,kahleah copper,12.0,26.0,38.0,pbp
401620230,,laeticia amihere,2.0,0.0,2.0,pbp
401620230,,liz dixon,2.0,0.0,2.0,pbp
401620230,,morgan bertsch,0.0,2.0,2.0,pbp
401620230,,natasha cloud,5.0,2.0,7.0,pbp
401620230,,natasha mack,5.0,2.0,7.0,pbp
401620230,,naz hillmon,0.0,2.0,2.0,pbp
401620230,,rebecca allen,2.0,0.0,2.0,pbp
401620230,,rhyne howard,17.0,4.0,21.0,pbp
401620230,,sophie cunningham,4.0,6.0,10.0,pbp
401620230,,sug sutton,2.0,3.0,5.0,pbp
401620230,,tina charles,0.0,6.0,6.0,pbp
401620231,,aaliyah edwards,3.0,6.0,9.0,pbp
401620231,,ariel atkins,9.0,10.0,19.0,pbp
401620231,,didi richards,0.0,4.0,4.0,pbp
401620231,,dulcy fankam mendjiadeu,0.0,2.0,2.0,pbp
401620231,,emily engstler,4.0,0.0,4.0,pbp
401620231,,ezi magbegor,7.0,8.0,15.0,pbp
401620231,,jewell loyd,13.0,11.0,24.0,pbp
401620231,,jordan horston,5.0,0.0,5.0,pbp
401620231,,julie vanloo,3.0,2.0,5.0,pbp
401620231,,karlie samuelson,11.0,2.0,13.0,pbp
401620231,,mercedes russell,6.0,2.0,8.0,pbp
401620231,,myisha hines-allen,0.0,4.0,4.0,pbp
401620231,,sami whitcomb,2.0,3.0,5.0,pbp
401620231,,shatori walker-kimbrough,2.0,10.0,12.0,pbp
401620231,,skylar diggins-smith,6.0,12.0,18.0,pbp
401620231,,stefanie dolson,2.0,3.0,5.0,pbp
401620231,,victoria vivians,0.0,7.0,7.0,pbp
401620232,,aliyah boston,4.0,6.0,10.0,pbp
401620232,,alyssa thomas,14.0,10.0,24.0,pbp
401620232,,astou ndour-fall,2.0,0.0,2.0,pbp
401620232,,brionna jones,8.0,0.0,8.0,pbp
401620232,,caitlin clark,8.0,9.0,17.0,pbp
401620232,,dewanna bonner,6.0,16.0,22.0,pbp
401620232,,dijonai carrington,6.0,8.0,14.0,pbp
401620232,,erica wheeler,4.0,2.0,6.0,pbp
401620232,,katie lou samuelson,2.0,0.0,2.0,pbp
401620232,,kelsey mitchell,12.0,5.0,17.0,pbp
401620232,,kristy wallace,2.0,6.0,8.0,pbp
401620232,,moriah jefferson,2.0,0.0,2.0,pbp
401620232,,nalyssa smith,10.0,3.0,13.0,pbp
401620232,,temi fagbenle,2.0,9.0,11.0,pbp
401620232,,tyasha harris,2.0,13.0,15.0,pbp
401620233,,betnijah laney-hamilton,8.0,5.0,13.0,pbp
401620233,,breanna stewart,6.0,10.0,16.0,pbp
401620233,,ezi magbegor,5.0,7.0,12.0,pbp
401620233,,jewell loyd,7.0,6.0,13.0,pbp
401620233,,jonquel jones,10.0,6.0,16.0,pbp
401620233,,jordan horston,0.0,2.0,2.0,pbp
401620233,,kayla thornton,4.0,3.0,7.0,pbp
401620233,,leonie fiebich,2.0,0.0,2.0,pbp
401620233,,mercedes russell,4.0,4.0,8.0,pbp
401620233,,sabrina ionescu,6.0,14.0,20.0,pbp
401620233,,sami whitcomb,0.0,10.0,10.0,pbp
401620233,,skylar diggins-smith,6.0,2.0,8.0,pbp
401620233,,victoria vivians,2.0,7.0,9.0,pbp
401620234,,aerial powers,2.0,8.0,10.0,pbp
401620234,,allisha gray,5.0,16.0,21.0,pbp
401620234,,arike ogunbowale,17.0,6.0,23.0,pbp
401620234,,cheyenne parker-tyus,10.0,6.0,16.0,pbp
401620234,,haley jones,2.0,0.0,2.0,pbp
401620234,,jacy sheldon,0.0,2.0,2.0,pbp
401620234,,maddy siegrist,7.0,2.0,9.0,pbp
401620234,,monique billings,12.0,8.0,20.0,pbp
401620234,,naz hillmon,2.0,2.0,4.0,pbp
401620234,,nia coffey,3.0,0.0,3.0,pbp
401620234,,rhyne howard,7.0,7.0,14.0,pbp
401620234,,sevgi uzun,0.0,2.0,2.0,pbp
401620234,,teaira mccowan,11.0,10.0,21.0,pbp
401620234,,tina charles,8.0,4.0,12.0,pbp
401620235,,a'ja wilson,12.0,9.0,21.0,pbp
401620235,,alysha clark,1.0,3.0,4.0,pbp
401620235,,diana taurasi,3.0,6.0,9.0,pbp
401620235,,jackie young,19.0,4.0,23.0,pbp
401620235,,kahleah copper,20.0,17.0,37.0,pbp
401620235,,kelsey plum,7.0,19.0,26.0,pbp
401620235,,kiah stokes,8.0,3.0,11.0,pbp
401620235,,liz dixon,2.0,2.0,4.0,pbp
401620235,,megan gustafson,0.0,2.0,2.0,pbp
401620235,,morgan bertsch,2.0,0.0,2.0,pbp
401620235,,natasha cloud,2.0,9.0,11.0,pbp
401620235,,natasha mack,4.0,2.0,6.0,pbp
401620235,,rebecca allen,2.0,6.0,8.0,pbp
401620235,,sophie cunningham,5.0,2.0,7.0,pbp
401620235,,sug sutton,4.0,7.0,11.0,pbp
401620236,,aaliyah edwards,4.0,6.0,10.0,pbp
401620236,,ariel atkins,3.0,6.0,9.0,pbp
401620236,,cameron brink,0.0,4.0,4.0,pbp
401620236,,dearica hamby,2.0,15.0,17.0,pbp
401620236,,didi richards,2.0,0.0,2.0,pbp
401620236,,julie vanloo,8.0,3.0,11.0,pbp
401620236,,karlie samuelson,5.0,4.0,9.0,pbp
401620236,,kia nurse,1.0,11.0,12.0,pbp
401620236,,layshia clarendon,7.0,0.0,7.0,pbp
401620236,,lexie brown,15.0,5.0,20.0,pbp
401620236,,myisha hines-allen,2.0,0.0,2.0,pbp
401620236,,rickea jackson,7.0,2.0,9.0,pbp
401620236,,shakira austin,7.0,5.0,12.0,pbp
401620236,,shatori walker-kimbrough,4.0,2.0,6.0,pbp
401620236,,stefanie dolson,0.0,6.0,6.0,pbp
401620237,,aliyah boston,4.0,0.0,4.0,pbp
401620237,,caitlin clark,5.0,14.0,19.0,pbp
401620237,,erica wheeler,0.0,2.0,2.0,pbp
401620237,,ezi magbegor,6.0,8.0,14.0,pbp
401620237,,jewell loyd,21.0,11.0,32.0,pbp
401620237,,jordan horston,0.0,2.0,2.0,pbp
401620237,,katie lou samuelson,3.0,2.0,5.0,pbp
401620237,,kelsey mitchell,6.0,10.0,16.0,pbp
401620237,,kristy wallace,5.0,0.0,5.0,pbp
401620237,,lexie hull,3.0,2.0,5.0,pbp
401620237,,nalyssa smith,12.0,4.0,16.0,pbp
401620237,,nneka ogwumike,14.0,8.0,22.0,pbp
401620237,,sami whitcomb,0.0,10.0,10.0,pbp
401620237,,skylar diggins-smith,0.0,2.0,2.0,pbp
401620237,,temi fagbenle,2.0,6.0,8.0,pbp
401620237,,victoria vivians,3.0,0.0,3.0,pbp
401620238,,alanna smith,6.0,4.0,10.0,pbp
401620238,,alyssa thomas,7.0,11.0,18.0,pbp
401620238,,bridget carleton,0.0,3.0,3.0,pbp
401620238,,brionna jones,11.0,8.0,19.0,pbp
401620238,,courtney williams,10.0,9.0,19.0,pbp
401620238,,dewanna bonner,9.0,11.0,20.0,pbp
401620238,,diamond miller,2.0,0.0,2.0,pbp
401620238,,dijonai carrington,6.0,2.0,8.0,pbp
401620238,,kayla mcbride,3.0,10.0,13.0,pbp
401620238,,napheesa collier,14.0,17.0,31.0,pbp
401620238,,natisha hiedeman,0.0,4.0,4.0,pbp
401620238,,rachel banham,2.0,3.0,5.0,pbp
401620238,,tiffany mitchell,1.0,4.0,5.0,pbp
401620238,,tyasha harris,0.0,7.0,7.0,pbp
401620239,,angel reese,5.0,8.0,13.0,pbp
401620239,,betnijah laney-hamilton,3.0,6.0,9.0,pbp
401620239,,breanna stewart,3.0,14.0,17.0,pbp
401620239,,brianna turner,2.0,0.0,2.0,pbp
401620239,,chennedy carter,4.0,8.0,12.0,pbp
401620239,,courtney vandersloot,4.0,6.0,10.0,pbp
401620239,,dana evans,2.0,10.0,12.0,pbp
401620239,,elizabeth williams,5.0,4.0,9.0,pbp
401620239,,ivana dojkic,3.0,0.0,3.0,pbp
401620239,,jonquel jones,0.0,8.0,8.0,pbp
401620239,,kayla thornton,0.0,3.0,3.0,pbp
401620239,,kennedy burke,3.0,0.0,3.0,pbp
401620239,,lindsay allen,2.0,6.0,8.0,pbp
401620239,,marina mabrey,10.0,8.0,18.0,pbp
401620239,,michaela onyenwere,8.0,5.0,13.0,pbp
401620239,,nyara sabally,6.0,2.0,8.0,pbp
401620239,,sabrina ionescu,10.0,9.0,19.0,pbp
401620240,,aaliyah edwards,4.0,0.0,4.0,pbp
401620240,,ariel atkins,12.0,4.0,16.0,pbp
401620240,,diana taurasi,10.0,10.0,20.0,pbp
401620240,,didi richards,0.0,2.0,2.0,pbp
401620240,,jade melbourne,0.0,2.0,2.0,pbp
401620240,,julie vanloo,8.0,6.0,14.0,pbp
401620240,,kahleah copper,16.0,4.0,20.0,pbp
401620240,,karlie samuelson,0.0,3.0,3.0,pbp
401620240,,mikiah herbert harrigan,5.0,0.0,5.0,pbp
401620240,,morgan bertsch,0.0,5.0,5.0,pbp
401620240,,myisha hines-allen,3.0,4.0,7.0,pbp
401620240,,natasha cloud,3.0,11.0,14.0,pbp
401620240,,natasha mack,4.0,2.0,6.0,pbp
401620240,,shakira austin,6.0,5.0,11.0,pbp
401620240,,shatori walker-kimbrough,0.0,11.0,11.0,pbp
401620240,,sophie cunningham,5.0,8.0,13.0,pbp
401620240,,stefanie dolson,6.0,3.0,9.0,pbp
401620241,,aari mcdonald,2.0,4.0,6.0,pbp
401620241,,aliyah boston,8.0,9.0,17.0,pbp
401620241,,caitlin clark,5.0,6.0,11.0,pbp
401620241,,cameron brink,6.0,9.0,15.0,pbp
401620241,,dearica hamby,16.0,2.0,18.0,pbp
401620241,,erica wheeler,0.0,1.0,1.0,pbp
401620241,,katie lou samuelson,2.0,0.0,2.0,pbp
401620241,,kelsey mitchell,3.0,15.0,18.0,pbp
401620241,,kia nurse,2.0,2.0,4.0,pbp
401620241,,kristy wallace,7.0,0.0,7.0,pbp
401620241,,layshia clarendon,2.0,0.0,2.0,pbp
401620241,,lexie brown,3.0,2.0,5.0,pbp
401620241,,li yueru,3.0,0.0,3.0,pbp
401620241,,nalyssa smith,5.0,0.0,5.0,pbp
401620241,,rickea jackson,7.0,9.0,16.0,pbp
401620241,,temi fagbenle,4.0,13.0,17.0,pbp
401620241,,zia cooke,4.0,0.0,4.0,pbp
401620242,,alanna smith,6.0,9.0,15.0,pbp
401620242,,betnijah laney-hamilton,4.0,0.0,4.0,pbp
401620242,,breanna stewart,13.0,7.0,20.0,pbp
401620242,,bridget carleton,4.0,9.0,13.0,pbp
401620242,,cecilia zandalasini,6.0,0.0,6.0,pbp
401620242,,courtney vandersloot,12.0,0.0,12.0,pbp
401620242,,courtney williams,5.0,2.0,7.0,pbp
401620242,,dorka juhasz,2.0,2.0,4.0,pbp
401620242,,ivana dojkic,0.0,1.0,1.0,pbp
401620242,,jonquel jones,2.0,2.0,4.0,pbp
401620242,,kayla mcbride,5.0,9.0,14.0,pbp
401620242,,leonie fiebich,6.0,5.0,11.0,pbp
401620242,,napheesa collier,8.0,6.0,14.0,pbp
401620242,,natisha hiedeman,5.0,0.0,5.0,pbp
401620242,,nyara sabally,0.0,2.0,2.0,pbp
401620242,,sabrina ionescu,3.0,10.0,13.0,pbp
401620242,,sika kone,2.0,2.0,4.0,pbp
401620243,,alyssa thomas,9.0,0.0,9.0,pbp
401620243,,angel reese,10.0,3.0,13.0,pbp
401620243,,brionna jones,10.0,6.0,16.0,pbp
401620243,,chennedy carter,9.0,2.0,11.0,pbp
401620243,,dana evans,4.0,8.0,12.0,pbp
401620243,,dewanna bonner,5.0,14.0,19.0,pbp
401620243,,diamond deshields,1.0,2.0,3.0,pbp
401620243,,dijonai carrington,10.0,6.0,16.0,pbp
401620243,,elizabeth williams,6.0,4.0,10.0,pbp
401620243,,lindsay allen,6.0,0.0,6.0,pbp
401620243,,marina mabrey,10.0,12.0,22.0,pbp
401620243,,michaela onyenwere,3.0,0.0,3.0,pbp
401620243,,rachel banham,5.0,2.0,7.0,pbp
401620243,,tiffany mitchell,0.0,4.0,4.0,pbp
401620243,,tyasha harris,3.0,12.0,15.0,pbp
401620244,,a'ja wilson,12.0,17.0,29.0,pbp
401620244,,aliyah boston,10.0,2.0,12.0,pbp
401620244,,alysha clark,3.0,5.0,8.0,pbp
401620244,,caitlin clark,5.0,2.0,7.0,pbp
401620244,,emma cannon,0.0,2.0,2.0,pbp
401620244,,erica wheeler,2.0,2.0,4.0,pbp
401620244,,grace berger,0.0,3.0,3.0,pbp
401620244,,jackie young,15.0,5.0,20.0,pbp
401620244,,kate martin,0.0,12.0,12.0,pbp
401620244,,katie lou samuelson,0.0,3.0,3.0,pbp
401620244,,kelsey mitchell,6.0,10.0,16.0,pbp
401620244,,kelsey plum,14.0,6.0,20.0,pbp
401620244,,lexie hull,3.0,9.0,12.0,pbp
401620244,,nalyssa smith,6.0,2.0,8.0,pbp
401620244,,sydney colson,0.0,5.0,5.0,pbp
401620244,,temi fagbenle,6.0,7.0,13.0,pbp
401620245,,aaliyah edwards,4.0,0.0,4.0,pbp
401620245,,ariel atkins,0.0,2.0,2.0,pbp
401620245,,didi richards,5.0,2.0,7.0,pbp
401620245,,dulcy fankam mendjiadeu,0.0,4.0,4.0,pbp
401620245,,emily engstler,0.0,2.0,2.0,pbp
401620245,,ezi magbegor,6.0,10.0,16.0,pbp
401620245,,jade melbourne,9.0,4.0,13.0,pbp
401620245,,jewell loyd,8.0,10.0,18.0,pbp
401620245,,jordan horston,4.0,4.0,8.0,pbp
401620245,,julie vanloo,12.0,0.0,12.0,pbp
401620245,,karlie samuelson,5.0,11.0,16.0,pbp
401620245,,mercedes russell,4.0,2.0,6.0,pbp
401620245,,nneka ogwumike,13.0,6.0,19.0,pbp
401620245,,sami whitcomb,3.0,9.0,12.0,pbp
401620245,,shatori walker-kimbrough,3.0,2.0,5.0,pbp
401620245,,skylar diggins-smith,10.0,6.0,16.0,pbp
401620245,,stefanie dolson,3.0,5.0,8.0,pbp
401620245,,victoria vivians,2.0,0.0,2.0,pbp
401620246,,arike ogunbowale,12.0,23.0,35.0,pbp
401620246,,diana taurasi,13.0,15.0,28.0,pbp
401620246,,jacy sheldon,6.0,0.0,6.0,pbp
401620246,,kahleah copper,11.0,20.0,31.0,pbp
401620246,,kalani brown,4.0,0.0,4.0,pbp
401620246,,liz dixon,0.0,4.0,4.0,pbp
401620246,,maddy siegrist,9.0,13.0,22.0,pbp
401620246,,monique billings,12.0,6.0,18.0,pbp
401620246,,natasha cloud,2.0,7.0,9.0,pbp
401620246,,rebecca allen,5.0,0.0,5.0,pbp
401620246,,sevgi uzun,0.0,2.0,2.0,pbp
401620246,,sophie cunningham,3.0,8.0,11.0,pbp
401620246,,stephanie soares,2.0,0.0,2.0,pbp
401620246,,sug sutton,0.0,3.0,3.0,pbp
401620246,,teaira mccowan,4.0,9.0,13.0,pbp
401620247,,aerial powers,4.0,5.0,9.0,pbp
401620247,,alanna smith,14.0,3.0,17.0,pbp
401620247,,allisha gray,7.0,0.0,7.0,pbp
401620247,,bridget carleton,3.0,3.0,6.0,pbp
401620247,,cheyenne parker-tyus,6.0,4.0,10.0,pbp
401620247,,courtney williams,4.0,5.0,9.0,pbp
401620247,,crystal dangerfield,3.0,2.0,5.0,pbp
401620247,,dorka juhasz,0.0,4.0,4.0,pbp
401620247,,kayla mcbride,17.0,14.0,31.0,pbp
401620247,,napheesa collier,8.0,12.0,20.0,pbp
401620247,,natisha hiedeman,5.0,0.0,5.0,pbp
401620247,,naz hillmon,6.0,3.0,9.0,pbp
401620247,,nia coffey,2.0,0.0,2.0,pbp
401620247,,rhyne howard,9.0,14.0,23.0,pbp
401620247,,tina charles,10.0,4.0,14.0,pbp
401620248,,aari mcdonald,2.0,7.0,9.0,pbp
401620248,,arike ogunbowale,13.0,7.0,20.0,pbp
401620248,,cameron brink,15.0,6.0,21.0,pbp
401620248,,dearica hamby,4.0,15.0,19.0,pbp
401620248,,kalani brown,4.0,2.0,6.0,pbp
401620248,,layshia clarendon,4.0,0.0,4.0,pbp
401620248,,lexie brown,4.0,8.0,12.0,pbp
401620248,,li yueru,5.0,5.0,10.0,pbp
401620248,,maddy siegrist,10.0,5.0,15.0,pbp
401620248,,monique billings,6.0,12.0,18.0,pbp
401620248,,rickea jackson,4.0,0.0,4.0,pbp
401620248,,sevgi uzun,6.0,5.0,11.0,pbp
401620248,,stephanie soares,2.0,0.0,2.0,pbp
401620248,,teaira mccowan,8.0,4.0,12.0,pbp
401620248,,zia cooke,4.0,0.0,4.0,pbp
401620249,,alyssa thomas,6.0,4.0,10.0,pbp
401620249,,astou ndour-fall,0.0,3.0,3.0,pbp
401620249,,brionna jones,10.0,6.0,16.0,pbp
401620249,,dewanna bonner,11.0,8.0,19.0,pbp
401620249,,diana taurasi,4.0,2.0,6.0,pbp
401620249,,dijonai carrington,4.0,0.0,4.0,pbp
401620249,,kahleah copper,5.0,2.0,7.0,pbp
401620249,,liz dixon,1.0,2.0,3.0,pbp
401620249,,mikiah herbert harrigan,3.0,0.0,3.0,pbp
401620249,,morgan bertsch,1.0,6.0,7.0,pbp
401620249,,moriah jefferson,2.0,0.0,2.0,pbp
401620249,,natasha cloud,7.0,2.0,9.0,pbp
401620249,,natasha mack,0.0,6.0,6.0,pbp
401620249,,olivia nelson-ododa,0.0,2.0,2.0,pbp
401620249,,queen egbo,0.0,2.0,2.0,pbp
401620249,,rachel banham,1.0,3.0,4.0,pbp
401620249,,sophie cunningham,4.0,2.0,6.0,pbp
401620249,,tiffany mitchell,1.0,4.0,5.0,pbp
401620249,,tyasha harris,3.0,0.0,3.0,pbp
401620250,,aari mcdonald,9.0,11.0,20.0,pbp
401620250,,aliyah boston,0.0,16.0,16.0,pbp
401620250,,caitlin clark,14.0,15.0,29.0,pbp
401620250,,cameron brink,3.0,0.0,3.0,pbp
401620250,,dearica hamby,10.0,7.0,17.0,pbp
401620250,,erica wheeler,2.0,0.0,2.0,pbp
401620250,,katie lou samuelson,2.0,0.0,2.0,pbp
401620250,,kelsey mitchell,5.0,10.0,15.0,pbp
401620250,,kia nurse,1.0,21.0,22.0,pbp
401620250,,kristy wallace,2.0,3.0,5.0,pbp
401620250,,lexie brown,3.0,0.0,3.0,pbp
401620250,,lexie hull,2.0,0.0,2.0,pbp
401620250,,li yueru,2.0,0.0,2.0,pbp
401620250,,nalyssa smith,3.0,0.0,3.0,pbp
401620250,,rae burrell,0.0,8.0,8.0,pbp
401620250,,rickea jackson,9.0,3.0,12.0,pbp
401620250,,temi fagbenle,2.0,4.0,6.0,pbp
401620251,,angel reese,6.0,5.0,11.0,pbp
401620251,,brianna turner,2.0,0.0,2.0,pbp
401620251,,chennedy carter,6.0,6.0,12.0,pbp
401620251,,dana evans,8.0,5.0,13.0,pbp
401620251,,diamond deshields,2.0,4.0,6.0,pbp
401620251,,elizabeth williams,6.0,6.0,12.0,pbp
401620251,,ezi magbegor,8.0,5.0,13.0,pbp
401620251,,isabelle harrison,2.0,0.0,2.0,pbp
401620251,,jewell loyd,7.0,12.0,19.0,pbp
401620251,,lindsay allen,1.0,2.0,3.0,pbp
401620251,,marina mabrey,4.0,2.0,6.0,pbp
401620251,,mercedes russell,2.0,0.0,2.0,pbp
401620251,,nneka ogwumike,4.0,6.0,10.0,pbp
401620251,,sami whitcomb,5.0,0.0,5.0,pbp
401620251,,skylar diggins-smith,5.0,16.0,21.0,pbp
401620251,,victoria vivians,7.0,0.0,7.0,pbp
401620252,,betnijah laney-hamilton,8.0,6.0,14.0,pbp
401620252,,breanna stewart,11.0,2.0,13.0,pbp
401620252,,courtney vandersloot,3.0,3.0,6.0,pbp
401620252,,diana taurasi,3.0,11.0,14.0,pbp
401620252,,jonquel jones,8.0,12.0,20.0,pbp
401620252,,kahleah copper,7.0,13.0,20.0,pbp
401620252,,kayla thornton,2.0,0.0,2.0,pbp
401620252,,liz dixon,0.0,2.0,2.0,pbp
401620252,,mikiah herbert harrigan,3.0,0.0,3.0,pbp
401620252,,morgan bertsch,5.0,0.0,5.0,pbp
401620252,,natasha cloud,13.0,8.0,21.0,pbp
401620252,,natasha mack,4.0,0.0,4.0,pbp
401620252,,nyara sabally,0.0,2.0,2.0,pbp
401620252,,sabrina ionescu,12.0,9.0,21.0,pbp
401620252,,sophie cunningham,8.0,0.0,8.0,pbp
401620253,,aaliyah edwards,6.0,0.0,6.0,pbp
401620253,,aerial powers,4.0,8.0,12.0,pbp
401620253,,allisha gray,14.0,5.0,19.0,pbp
401620253,,ariel atkins,10.0,11.0,21.0,pbp
401620253,,cheyenne parker-tyus,4.0,6.0,10.0,pbp
401620253,,haley jones,0.0,2.0,2.0,pbp
401620253,,julie vanloo,0.0,3.0,3.0,pbp
401620253,,karlie samuelson,3.0,4.0,7.0,pbp
401620253,,myisha hines-allen,6.0,2.0,8.0,pbp
401620253,,naz hillmon,2.0,0.0,2.0,pbp
401620253,,rhyne howard,0.0,11.0,11.0,pbp
401620253,,shakira austin,2.0,10.0,12.0,pbp
401620253,,stefanie dolson,7.0,3.0,10.0,pbp
401620253,,tina charles,14.0,3.0,17.0,pbp
401620254,,a'ja wilson,13.0,16.0,29.0,pbp
401620254,,alanna smith,5.0,2.0,7.0,pbp
401620254,,alysha clark,6.0,3.0,9.0,pbp
401620254,,bridget carleton,0.0,2.0,2.0,pbp
401620254,,cecilia zandalasini,7.0,3.0,10.0,pbp
401620254,,courtney williams,8.0,4.0,12.0,pbp
401620254,,dorka juhasz,2.0,2.0,4.0,pbp
401620254,,jackie young,9.0,10.0,19.0,pbp
401620254,,kate martin,6.0,3.0,9.0,pbp
401620254,,kayla mcbride,3.0,8.0,11.0,pbp
401620254,,kelsey plum,5.0,5.0,10.0,pbp
401620254,,megan gustafson,4.0,0.0,4.0,pbp
401620254,,napheesa collier,7.0,11.0,18.0,pbp
401620255,,aliyah boston,2.0,9.0,11.0,pbp
401620255,,caitlin clark,12.0,7.0,19.0,pbp
401620255,,ezi magbegor,3.0,12.0,15.0,pbp
401620255,,grace berger,2.0,4.0,6.0,pbp
401620255,,jewell loyd,13.0,9.0,22.0,pbp
401620255,,jordan horston,2.0,10.0,12.0,pbp
401620255,,katie lou samuelson,0.0,12.0,12.0,pbp
401620255,,kelsey mitchell,10.0,4.0,14.0,pbp
401620255,,kiana williams,0.0,3.0,3.0,pbp
401620255,,kristy wallace,0.0,2.0,2.0,pbp
401620255,,mercedes russell,2.0,5.0,7.0,pbp
401620255,,nalyssa smith,15.0,8.0,23.0,pbp
401620255,,nneka ogwumike,8.0,9.0,17.0,pbp
401620255,,sami whitcomb,0.0,4.0,4.0,pbp
401620255,,skylar diggins-smith,14.0,4.0,18.0,pbp
401620255,,victoria vivians,5.0,0.0,5.0,pbp
401620256,,aari mcdonald,0.0,4.0,4.0,pbp
401620256,,angel reese,2.0,4.0,6.0,pbp
401620256,,brianna turner,2.0,1.0,3.0,pbp
401620256,,cameron brink,3.0,4.0,7.0,pbp
401620256,,chennedy carter,10.0,4.0,14.0,pbp
401620256,,dana evans,11.0,4.0,15.0,pbp
401620256,,dearica hamby,11.0,13.0,24.0,pbp
401620256,,diamond deshields,2.0,0.0,2.0,pbp
401620256,,elizabeth williams,7.0,10.0,17.0,pbp
401620256,,isabelle harrison,2.0,0.0,2.0,pbp
401620256,,kia nurse,8.0,9.0,17.0,pbp
401620256,,lexie brown,4.0,0.0,4.0,pbp
401620256,,li yueru,2.0,2.0,4.0,pbp
401620256,,lindsay allen,2.0,0.0,2.0,pbp
401620256,,marina mabrey,9.0,10.0,19.0,pbp
401620256,,michaela onyenwere,2.0,0.0,2.0,pbp
401620256,,rae burrell,0.0,1.0,1.0,pbp
401620256,,rickea jackson,2.0,8.0,10.0,pbp
401620256,,zia cooke,1.0,1.0,2.0,pbp
401620257,,a'ja wilson,12.0,16.0,28.0,pbp
401620257,,aerial powers,0.0,7.0,7.0,pbp
401620257,,allisha gray,5.0,19.0,24.0,pbp
401620257,,alysha clark,0.0,7.0,7.0,pbp
401620257,,cheyenne parker-tyus,2.0,5.0,7.0,pbp
401620257,,crystal dangerfield,7.0,0.0,7.0,pbp
401620257,,haley jones,2.0,6.0,8.0,pbp
401620257,,jackie young,10.0,5.0,15.0,pbp
401620257,,kate martin,2.0,0.0,2.0,pbp
401620257,,kelsey plum,7.0,12.0,19.0,pbp
401620257,,megan gustafson,3.0,0.0,3.0,pbp
401620257,,nia coffey,0.0,2.0,2.0,pbp
401620257,,rhyne howard,7.0,9.0,16.0,pbp
401620257,,tina charles,5.0,2.0,7.0,pbp
401620258,,alyssa thomas,7.0,8.0,15.0,pbp
401620258,,arike ogunbowale,11.0,10.0,21.0,pbp
401620258,,brionna jones,8.0,14.0,22.0,pbp
401620258,,dewanna bonner,6.0,6.0,12.0,pbp
401620258,,dijonai carrington,7.0,2.0,9.0,pbp
401620258,,kalani brown,2.0,8.0,10.0,pbp
401620258,,maddy siegrist,9.0,8.0,17.0,pbp
401620258,,monique billings,2.0,2.0,4.0,pbp
401620258,,olivia nelson-ododa,1.0,0.0,1.0,pbp
401620258,,rachel banham,0.0,3.0,3.0,pbp
401620258,,sevgi uzun,2.0,5.0,7.0,pbp
401620258,,stephanie soares,0.0,3.0,3.0,pbp
401620258,,teaira mccowan,8.0,2.0,10.0,pbp
401620258,,tiffany mitchell,5.0,0.0,5.0,pbp
401620258,,tyasha harris,6.0,1.0,7.0,pbp
401620259,,aaliyah edwards,1.0,6.0,7.0,pbp
401620259,,ariel atkins,6.0,9.0,15.0,pbp
401620259,,betnijah laney-hamilton,6.0,2.0,8.0,pbp
401620259,,breanna stewart,8.0,10.0,18.0,pbp
401620259,,didi richards,2.0,0.0,2.0,pbp
401620259,,ivana dojkic,2.0,1.0,3.0,pbp
401620259,,jade melbourne,9.0,2.0,11.0,pbp
401620259,,jonquel jones,4.0,12.0,16.0,pbp
401620259,,julie vanloo,5.0,3.0,8.0,pbp
401620259,,karlie samuelson,5.0,0.0,5.0,pbp
401620259,,kayla thornton,10.0,10.0,20.0,pbp
401620259,,marquesha davis,1.0,0.0,1.0,pbp
401620259,,myisha hines-allen,9.0,2.0,11.0,pbp
401620259,,sabrina ionescu,18.0,6.0,24.0,pbp
401620259,,shakira austin,4.0,8.0,12.0,pbp
401620259,,shatori walker-kimbrough,4.0,2.0,6.0,pbp
401620259,,stefanie dolson,0.0,2.0,2.0,pbp
401620260,,alanna smith,7.0,1.0,8.0,pbp
401620260,,alissa pili,8.0,12.0,20.0,pbp
401620260,,bridget carleton,3.0,3.0,6.0,pbp
401620260,,cecilia zandalasini,7.0,5.0,12.0,pbp
401620260,,courtney williams,11.0,0.0,11.0,pbp
401620260,,diana taurasi,6.0,8.0,14.0,pbp
401620260,,dorka juhasz,6.0,7.0,13.0,pbp
401620260,,kahleah copper,9.0,12.0,21.0,pbp
401620260,,kayla mcbride,3.0,3.0,6.0,pbp
401620260,,liz dixon,0.0,3.0,3.0,pbp
401620260,,mikiah herbert harrigan,3.0,2.0,5.0,pbp
401620260,,napheesa collier,8.0,6.0,14.0,pbp
401620260,,natasha cloud,2.0,3.0,5.0,pbp
401620260,,natasha mack,4.0,4.0,8.0,pbp
401620260,,natisha hiedeman,2.0,3.0,5.0,pbp
401620260,,sophie cunningham,7.0,6.0,13.0,pbp
401620260,,sug sutton,0.0,2.0,2.0,pbp
401620261,,aliyah boston,2.0,8.0,10.0,pbp
401620261,,angel reese,5.0,3.0,8.0,pbp
401620261,,caitlin clark,7.0,3.0,10.0,pbp
401620261,,chennedy carter,6.0,13.0,19.0,pbp
401620261,,dana evans,8.0,4.0,12.0,pbp
401620261,,elizabeth williams,2.0,0.0,2.0,pbp
401620261,,isabelle harrison,2.0,1.0,3.0,pbp
401620261,,kamilla cardoso,6.0,5.0,11.0,pbp
401620261,,katie lou samuelson,2.0,3.0,5.0,pbp
401620261,,kelsey mitchell,7.0,11.0,18.0,pbp
401620261,,kristy wallace,5.0,5.0,10.0,pbp
401620261,,marina mabrey,4.0,9.0,13.0,pbp
401620261,,nalyssa smith,11.0,6.0,17.0,pbp
401620262,,aerial powers,2.0,4.0,6.0,pbp
401620262,,allisha gray,4.0,5.0,9.0,pbp
401620262,,alyssa thomas,5.0,3.0,8.0,pbp
401620262,,brionna jones,7.0,2.0,9.0,pbp
401620262,,cheyenne parker-tyus,4.0,0.0,4.0,pbp
401620262,,crystal dangerfield,0.0,2.0,2.0,pbp
401620262,,dewanna bonner,14.0,4.0,18.0,pbp
401620262,,dijonai carrington,2.0,13.0,15.0,pbp
401620262,,haley jones,3.0,0.0,3.0,pbp
401620262,,naz hillmon,0.0,7.0,7.0,pbp
401620262,,nia coffey,2.0,0.0,2.0,pbp
401620262,,olivia nelson-ododa,0.0,2.0,2.0,pbp
401620262,,rachel banham,2.0,0.0,2.0,pbp
401620262,,rhyne howard,4.0,0.0,4.0,pbp
401620262,,tiffany mitchell,2.0,0.0,2.0,pbp
401620262,,tina charles,8.0,4.0,12.0,pbp
401620262,,tyasha harris,7.0,5.0,12.0,pbp
401620263,,aliyah boston,4.0,1.0,5.0,pbp
401620263,,betnijah laney-hamilton,13.0,7.0,20.0,pbp
401620263,,breanna stewart,7.0,6.0,13.0,pbp
401620263,,caitlin clark,3.0,0.0,3.0,pbp
401620263,,courtney vandersloot,5.0,4.0,9.0,pbp
401620263,,erica wheeler,5.0,2.0,7.0,pbp
401620263,,grace berger,3.0,3.0,6.0,pbp
401620263,,ivana dojkic,0.0,2.0,2.0,pbp
401620263,,jonquel jones,13.0,5.0,18.0,pbp
401620263,,katie lou samuelson,0.0,1.0,1.0,pbp
401620263,,kayla thornton,2.0,3.0,5.0,pbp
401620263,,kelsey mitchell,15.0,6.0,21.0,pbp
401620263,,kennedy burke,7.0,3.0,10.0,pbp
401620263,,kristy wallace,3.0,3.0,6.0,pbp
401620263,,leonie fiebich,0.0,8.0,8.0,pbp
401620263,,marquesha davis,0.0,2.0,2.0,pbp
401620263,,nalyssa smith,4.0,13.0,17.0,pbp
401620263,,sabrina ionescu,7.0,8.0,15.0,pbp
401620263,,victaria saxton,0.0,2.0,2.0,pbp
401620264,,alanna smith,2.0,6.0,8.0,pbp
401620264,,arike ogunbowale,9.0,12.0,21.0,pbp
401620264,,bridget carleton,2.0,0.0,2.0,pbp
401620264,,cecilia zandalasini,4.0,2.0,6.0,pbp
401620264,,courtney williams,8.0,2.0,10.0,pbp
401620264,,dorka juhasz,3.0,4.0,7.0,pbp
401620264,,kalani brown,2.0,2.0,4.0,pbp
401620264,,kayla mcbride,8.0,17.0,25.0,pbp
401620264,,maddy siegrist,8.0,4.0,12.0,pbp
401620264,,monique billings,12.0,7.0,19.0,pbp
401620264,,napheesa collier,11.0,13.0,24.0,pbp
401620264,,olivia epoupa,0.0,4.0,4.0,pbp
401620264,,sevgi uzun,3.0,9.0,12.0,pbp
401620264,,teaira mccowan,4.0,4.0,8.0,pbp
401620265,,aari mcdonald,0.0,3.0,3.0,pbp
401620265,,cameron brink,0.0,6.0,6.0,pbp
401620265,,dearica hamby,11.0,12.0,23.0,pbp
401620265,,diana taurasi,11.0,20.0,31.0,pbp
401620265,,kahleah copper,8.0,4.0,12.0,pbp
401620265,,kia nurse,7.0,5.0,12.0,pbp
401620265,,li yueru,2.0,0.0,2.0,pbp
401620265,,liz dixon,2.0,0.0,2.0,pbp
401620265,,mikiah herbert harrigan,2.0,0.0,2.0,pbp
401620265,,natasha cloud,6.0,15.0,21.0,pbp
401620265,,natasha mack,0.0,4.0,4.0,pbp
401620265,,rickea jackson,2.0,7.0,9.0,pbp
401620265,,sophie cunningham,7.0,3.0,10.0,pbp
401620265,,stephanie talbot,0.0,4.0,4.0,pbp
401620265,,sug sutton,3.0,2.0,5.0,pbp
401620265,,zia cooke,0.0,8.0,8.0,pbp
401620266,,aaliyah edwards,10.0,4.0,14.0,pbp
401620266,,alyssa thomas,5.0,2.0,7.0,pbp
401620266,,ariel atkins,7.0,2.0,9.0,pbp
401620266,,astou ndour-fall,0.0,2.0,2.0,pbp
401620266,,brionna jones,4.0,11.0,15.0,pbp
401620266,,dewanna bonner,10.0,10.0,20.0,pbp
401620266,,didi richards,0.0,2.0,2.0,pbp
401620266,,dijonai carrington,4.0,0.0,4.0,pbp
401620266,,jade melbourne,3.0,0.0,3.0,pbp
401620266,,julie vanloo,2.0,3.0,5.0,pbp
401620266,,karlie samuelson,3.0,6.0,9.0,pbp
401620266,,myisha hines-allen,3.0,7.0,10.0,pbp
401620266,,olivia nelson-ododa,2.0,2.0,4.0,pbp
401620266,,rachel banham,0.0,3.0,3.0,pbp
401620266,,shatori walker-kimbrough,2.0,0.0,2.0,pbp
401620266,,stefanie dolson,3.0,2.0,5.0,pbp
401620266,,tiffany mitchell,3.0,4.0,7.0,pbp
401620266,,tyasha harris,4.0,10.0,14.0,pbp
401620267,,angel reese,4.0,9.0,13.0,pbp
401620267,,betnijah laney-hamilton,9.0,5.0,14.0,pbp
401620267,,breanna stewart,19.0,14.0,33.0,pbp
401620267,,chennedy carter,15.0,1.0,16.0,pbp
401620267,,courtney vandersloot,2.0,4.0,6.0,pbp
401620267,,dana evans,2.0,2.0,4.0,pbp
401620267,,diamond deshields,0.0,4.0,4.0,pbp
401620267,,elizabeth williams,8.0,2.0,10.0,pbp
401620267,,isabelle harrison,4.0,2.0,6.0,pbp
401620267,,jonquel jones,0.0,5.0,5.0,pbp
401620267,,kamilla cardoso,1.0,0.0,1.0,pbp
401620267,,kayla thornton,3.0,0.0,3.0,pbp
401620267,,leonie fiebich,3.0,0.0,3.0,pbp
401620267,,lindsay allen,4.0,2.0,6.0,pbp
401620267,,marina mabrey,10.0,4.0,14.0,pbp
401620267,,sabrina ionescu,13.0,11.0,24.0,pbp
401620268,,diana taurasi,2.0,5.0,7.0,pbp
401620268,,ezi magbegor,15.0,6.0,21.0,pbp
401620268,,jewell loyd,6.0,9.0,15.0,pbp
401620268,,jordan horston,4.0,3.0,7.0,pbp
401620268,,joyner holmes,2.0,0.0,2.0,pbp
401620268,,kahleah copper,9.0,10.0,19.0,pbp
401620268,,kiana williams,0.0,3.0,3.0,pbp
401620268,,liz dixon,2.0,4.0,6.0,pbp
401620268,,mercedes russell,3.0,2.0,5.0,pbp
401620268,,mikiah herbert harrigan,6.0,0.0,6.0,pbp
401620268,,natasha cloud,10.0,0.0,10.0,pbp
401620268,,natasha mack,2.0,0.0,2.0,pbp
401620268,,skylar diggins-smith,11.0,6.0,17.0,pbp
401620268,,sophie cunningham,2.0,2.0,4.0,pbp
401620268,,sug sutton,0.0,8.0,8.0,pbp
401620268,,victoria vivians,4.0,5.0,9.0,pbp
401620269,,a'ja wilson,20.0,16.0,36.0,pbp
401620269,,alysha clark,6.0,3.0,9.0,pbp
401620269,,arike ogunbowale,15.0,15.0,30.0,pbp
401620269,,jackie young,4.0,14.0,18.0,pbp
401620269,,kalani brown,0.0,2.0,2.0,pbp
401620269,,kelsey plum,13.0,7.0,20.0,pbp
401620269,,maddy siegrist,10.0,4.0,14.0,pbp
401620269,,monique billings,4.0,8.0,12.0,pbp
401620269,,sevgi uzun,2.0,2.0,4.0,pbp
401620269,,stephanie soares,0.0,4.0,4.0,pbp
401620269,,teaira mccowan,10.0,4.0,14.0,pbp
401620269,,tiffany hayes,4.0,7.0,11.0,pbp
401620270,,aari mcdonald,0.0,3.0,3.0,pbp
401620270,,alanna smith,4.0,6.0,10.0,pbp
401620270,,bridget carleton,4.0,11.0,15.0,pbp
401620270,,cameron brink,2.0,0.0,2.0,pbp
401620270,,cecilia zandalasini,3.0,5.0,8.0,pbp
401620270,,courtney williams,9.0,0.0,9.0,pbp
401620270,,dearica hamby,6.0,11.0,17.0,pbp
401620270,,dorka juhasz,6.0,0.0,6.0,pbp
401620270,,kayla mcbride,5.0,8.0,13.0,pbp
401620270,,kia nurse,6.0,0.0,6.0,pbp
401620270,,layshia clarendon,4.0,3.0,7.0,pbp
401620270,,lexie brown,0.0,6.0,6.0,pbp
401620270,,li yueru,4.0,2.0,6.0,pbp
401620270,,napheesa collier,14.0,11.0,25.0,pbp
401620270,,rae burrell,2.0,7.0,9.0,pbp
401620270,,rickea jackson,2.0,0.0,2.0,pbp
401620270,,stephanie talbot,0.0,4.0,4.0,pbp
401620271,,aaliyah edwards,16.0,7.0,23.0,pbp
401620271,,angel reese,8.0,8.0,16.0,pbp
401620271,,ariel atkins,3.0,7.0,10.0,pbp
401620271,,chennedy carter,10.0,15.0,25.0,pbp
401620271,,diamond deshields,2.0,0.0,2.0,pbp
401620271,,elizabeth williams,6.0,0.0,6.0,pbp
401620271,,emily engstler,2.0,0.0,2.0,pbp
401620271,,isabelle harrison,0.0,14.0,14.0,pbp
401620271,,jade melbourne,4.0,2.0,6.0,pbp
401620271,,julie vanloo,3.0,3.0,6.0,pbp
401620271,,kamilla cardoso,2.0,0.0,2.0,pbp
401620271,,karlie samuelson,3.0,0.0,3.0,pbp
401620271,,lindsay allen,2.0,2.0,4.0,pbp
401620271,,marina mabrey,5.0,5.0,10.0,pbp
401620271,,myisha hines-allen,0.0,2.0,2.0,pbp
401620271,,shatori walker-kimbrough,7.0,4.0,11.0,pbp
401620271,,stefanie dolson,6.0,2.0,8.0,pbp
401620272,,aerial powers,7.0,6.0,13.0,pbp
401620272,,allisha gray,8.0,8.0,16.0,pbp
401620272,,betnijah laney-hamilton,5.0,10.0,15.0,pbp
401620272,,breanna stewart,12.0,13.0,25.0,pbp
401620272,,cheyenne parker-tyus,8.0,0.0,8.0,pbp
401620272,,jonquel jones,4.0,5.0,9.0,pbp
401620272,,kayla thornton,3.0,3.0,6.0,pbp
401620272,,kennedy burke,2.0,2.0,4.0,pbp
401620272,,leonie fiebich,2.0,6.0,8.0,pbp
401620272,,lorela cubaj,0.0,4.0,4.0,pbp
401620272,,naz hillmon,0.0,4.0,4.0,pbp
401620272,,rhyne howard,4.0,7.0,11.0,pbp
401620272,,sabrina ionescu,10.0,0.0,10.0,pbp
401620272,,tina charles,5.0,0.0,5.0,pbp
401620273,,aaliyah edwards,6.0,4.0,10.0,pbp
401620273,,aliyah boston,8.0,2.0,10.0,pbp
401620273,,ariel atkins,9.0,7.0,16.0,pbp
401620273,,caitlin clark,9.0,17.0,26.0,pbp
401620273,,didi richards,2.0,0.0,2.0,pbp
401620273,,erica wheeler,4.0,0.0,4.0,pbp
401620273,,jade melbourne,4.0,0.0,4.0,pbp
401620273,,julie vanloo,3.0,5.0,8.0,pbp
401620273,,karlie samuelson,3.0,8.0,11.0,pbp
401620273,,katie lou samuelson,3.0,3.0,6.0,pbp
401620273,,kelsey mitchell,2.0,14.0,16.0,pbp
401620273,,kristy wallace,6.0,3.0,9.0,pbp
401620273,,myisha hines-allen,1.0,9.0,10.0,pbp
401620273,,nalyssa smith,9.0,1.0,10.0,pbp
401620273,,shatori walker-kimbrough,2.0,0.0,2.0,pbp
401620273,,stefanie dolson,10.0,9.0,19.0,pbp
401620274,,a'ja wilson,6.0,23.0,29.0,pbp
401620274,,alysha clark,2.0,3.0,5.0,pbp
401620274,,ezi magbegor,12.0,2.0,14.0,pbp
401620274,,jackie young,2.0,0.0,2.0,pbp
401620274,,jewell loyd,15.0,10.0,25.0,pbp
401620274,,jordan horston,0.0,2.0,2.0,pbp
401620274,,joyner holmes,2.0,0.0,2.0,pbp
401620274,,kate martin,0.0,2.0,2.0,pbp
401620274,,kelsey plum,13.0,4.0,17.0,pbp
401620274,,megan gustafson,3.0,0.0,3.0,pbp
401620274,,nneka ogwumike,5.0,7.0,12.0,pbp
401620274,,skylar diggins-smith,2.0,19.0,21.0,pbp
401620274,,tiffany hayes,0.0,5.0,5.0,pbp
401620274,,victoria vivians,0.0,2.0,2.0,pbp
401620275,,aari mcdonald,4.0,2.0,6.0,pbp
401620275,,arike ogunbowale,14.0,8.0,22.0,pbp
401620275,,cameron brink,6.0,4.0,10.0,pbp
401620275,,dearica hamby,6.0,16.0,22.0,pbp
401620275,,kalani brown,0.0,6.0,6.0,pbp
401620275,,layshia clarendon,2.0,5.0,7.0,pbp
401620275,,lexie brown,7.0,8.0,15.0,pbp
401620275,,li yueru,7.0,0.0,7.0,pbp
401620275,,maddy siegrist,15.0,6.0,21.0,pbp
401620275,,monique billings,4.0,4.0,8.0,pbp
401620275,,rae burrell,4.0,0.0,4.0,pbp
401620275,,rickea jackson,0.0,8.0,8.0,pbp
401620275,,sevgi uzun,7.0,2.0,9.0,pbp
401620275,,teaira mccowan,4.0,2.0,6.0,pbp
401620276,,alanna smith,8.0,4.0,12.0,pbp
401620276,,bridget carleton,0.0,4.0,4.0,pbp
401620276,,brittney griner,9.0,2.0,11.0,pbp
401620276,,cecilia zandalasini,3.0,0.0,3.0,pbp
401620276,,courtney williams,2.0,4.0,6.0,pbp
401620276,,diana taurasi,6.0,6.0,12.0,pbp
401620276,,kahleah copper,9.0,24.0,33.0,pbp
401620276,,kayla mcbride,9.0,15.0,24.0,pbp
401620276,,liz dixon,2.0,0.0,2.0,pbp
401620276,,napheesa collier,8.0,12.0,20.0,pbp
401620276,,natasha cloud,3.0,5.0,8.0,pbp
401620276,,natasha mack,0.0,2.0,2.0,pbp
401620276,,natisha hiedeman,3.0,5.0,8.0,pbp
401620276,,olivia epoupa,2.0,0.0,2.0,pbp
401620276,,rebecca allen,6.0,3.0,9.0,pbp
401620276,,sophie cunningham,3.0,0.0,3.0,pbp
401620277,,alyssa thomas,2.0,8.0,10.0,pbp
401620277,,betnijah laney-hamilton,8.0,2.0,10.0,pbp
401620277,,breanna stewart,2.0,11.0,13.0,pbp
401620277,,brionna jones,6.0,7.0,13.0,pbp
401620277,,dewanna bonner,12.0,4.0,16.0,pbp
401620277,,dijonai carrington,6.0,6.0,12.0,pbp
401620277,,jonquel jones,9.0,13.0,22.0,pbp
401620277,,kayla thornton,3.0,3.0,6.0,pbp
401620277,,leonie fiebich,5.0,2.0,7.0,pbp
401620277,,olivia nelson-ododa,1.0,0.0,1.0,pbp
401620277,,sabrina ionescu,12.0,12.0,24.0,pbp
401620277,,tiffany mitchell,10.0,2.0,12.0,pbp
401620277,,tyasha harris,2.0,9.0,11.0,pbp
401620278,,aerial powers,7.0,4.0,11.0,pbp
401620278,,allisha gray,8.0,6.0,14.0,pbp
401620278,,angel reese,8.0,5.0,13.0,pbp
401620278,,brianna turner,0.0,2.0,2.0,pbp
401620278,,chennedy carter,4.0,0.0,4.0,pbp
401620278,,cheyenne parker-tyus,6.0,12.0,18.0,pbp
401620278,,dana evans,7.0,6.0,13.0,pbp
401620278,,diamond deshields,6.0,2.0,8.0,pbp
401620278,,haley jones,6.0,0.0,6.0,pbp
401620278,,isabelle harrison,5.0,2.0,7.0,pbp
401620278,,kamilla cardoso,5.0,8.0,13.0,pbp
401620278,,lindsay allen,2.0,6.0,8.0,pbp
401620278,,marina mabrey,2.0,10.0,12.0,pbp
401620278,,naz hillmon,6.0,2.0,8.0,pbp
401620278,,rhyne howard,6.0,4.0,10.0,pbp
401620278,,tina charles,12.0,10.0,22.0,pbp
401620279,,aaliyah edwards,6.0,3.0,9.0,pbp
401620279,,ariel atkins,10.0,3.0,13.0,pbp
401620279,,betnijah laney-hamilton,1.0,4.0,5.0,pbp
401620279,,breanna stewart,4.0,10.0,14.0,pbp
401620279,,ivana dojkic,3.0,0.0,3.0,pbp
401620279,,jade melbourne,7.0,14.0,21.0,pbp
401620279,,jonquel jones,15.0,14.0,29.0,pbp
401620279,,julie vanloo,2.0,6.0,8.0,pbp
401620279,,karlie samuelson,5.0,0.0,5.0,pbp
401620279,,kayla thornton,2.0,0.0,2.0,pbp
401620279,,kennedy burke,6.0,3.0,9.0,pbp
401620279,,leonie fiebich,3.0,9.0,12.0,pbp
401620279,,myisha hines-allen,6.0,14.0,20.0,pbp
401620279,,sabrina ionescu,11.0,8.0,19.0,pbp
401620279,,shatori walker-kimbrough,2.0,3.0,5.0,pbp
401620279,,stefanie dolson,7.0,0.0,7.0,pbp
401620280,,arike ogunbowale,4.0,20.0,24.0,pbp
401620280,,brittney griner,12.0,12.0,24.0,pbp
401620280,,diana taurasi,7.0,13.0,20.0,pbp
401620280,,jacy sheldon,2.0,2.0,4.0,pbp
401620280,,kahleah copper,7.0,22.0,29.0,pbp
401620280,,kalani brown,4.0,4.0,8.0,pbp
401620280,,maddy siegrist,7.0,5.0,12.0,pbp
401620280,,monique billings,2.0,8.0,10.0,pbp
401620280,,natasha cloud,2.0,5.0,7.0,pbp
401620280,,natasha mack,0.0,2.0,2.0,pbp
401620280,,rebecca allen,6.0,0.0,6.0,pbp
401620280,,sevgi uzun,5.0,6.0,11.0,pbp
401620280,,sophie cunningham,1.0,6.0,7.0,pbp
401620280,,sug sutton,0.0,2.0,2.0,pbp
401620280,,teaira mccowan,8.0,12.0,20.0,pbp
401620281,,alanna smith,4.0,3.0,7.0,pbp
401620281,,bridget carleton,3.0,10.0,13.0,pbp
401620281,,cecilia zandalasini,2.0,0.0,2.0,pbp
401620281,,courtney williams,4.0,0.0,4.0,pbp
401620281,,dorka juhasz,2.0,0.0,2.0,pbp
401620281,,ezi magbegor,6.0,0.0,6.0,pbp
401620281,,jewell loyd,16.0,9.0,25.0,pbp
401620281,,jordan horston,7.0,2.0,9.0,pbp
401620281,,kayla mcbride,11.0,21.0,32.0,pbp
401620281,,napheesa collier,10.0,9.0,19.0,pbp
401620281,,nneka ogwumike,6.0,8.0,14.0,pbp
401620281,,olivia epoupa,0.0,2.0,2.0,pbp
401620281,,sika kone,0.0,2.0,2.0,pbp
401620281,,skylar diggins-smith,3.0,4.0,7.0,pbp
401620281,,victoria vivians,3.0,0.0,3.0,pbp
401620282,,a'ja wilson,16.0,15.0,31.0,pbp
401620282,,aari mcdonald,10.0,6.0,16.0,pbp
401620282,,alysha clark,0.0,5.0,5.0,pbp
401620282,,cameron brink,3.0,5.0,8.0,pbp
401620282,,dearica hamby,11.0,7.0,18.0,pbp
401620282,,kate martin,11.0,2.0,13.0,pbp
401620282,,kelsey plum,8.0,13.0,21.0,pbp
401620282,,kia nurse,0.0,7.0,7.0,pbp
401620282,,kiah stokes,0.0,2.0,2.0,pbp
401620282,,layshia clarendon,0.0,7.0,7.0,pbp
401620282,,lexie brown,6.0,3.0,9.0,pbp
401620282,,li yueru,4.0,2.0,6.0,pbp
401620282,,rae burrell,0.0,7.0,7.0,pbp
401620282,,rickea jackson,9.0,7.0,16.0,pbp
401620282,,stephanie talbot,0.0,2.0,2.0,pbp
401620282,,tiffany hayes,7.0,10.0,17.0,pbp
401620283,,aliyah boston,4.0,10.0,14.0,pbp
401620283,,alyssa thomas,5.0,2.0,7.0,pbp
401620283,,astou ndour-fall,0.0,2.0,2.0,pbp
401620283,,brionna jones,7.0,4.0,11.0,pbp
401620283,,caitlin clark,10.0,0.0,10.0,pbp
401620283,,celeste taylor,0.0,3.0,3.0,pbp
401620283,,dewanna bonner,15.0,2.0,17.0,pbp
401620283,,dijonai carrington,14.0,8.0,22.0,pbp
401620283,,erica wheeler,2.0,7.0,9.0,pbp
401620283,,grace berger,0.0,3.0,3.0,pbp
401620283,,katie lou samuelson,0.0,6.0,6.0,pbp
401620283,,kelsey mitchell,7.0,2.0,9.0,pbp
401620283,,kristy wallace,5.0,0.0,5.0,pbp
401620283,,lexie hull,5.0,5.0,10.0,pbp
401620283,,moriah jefferson,2.0,2.0,4.0,pbp
401620283,,nalyssa smith,2.0,0.0,2.0,pbp
401620283,,olivia nelson-ododa,0.0,2.0,2.0,pbp
401620283,,rachel banham,0.0,3.0,3.0,pbp
401620283,,tiffany mitchell,3.0,7.0,10.0,pbp
401620283,,tyasha harris,9.0,2.0,11.0,pbp
401620283,,victaria saxton,0.0,1.0,1.0,pbp
401620284,,aaliyah edwards,0.0,4.0,4.0,pbp
401620284,,aerial powers,2.0,11.0,13.0,pbp
401620284,,allisha gray,3.0,6.0,9.0,pbp
401620284,,ariel atkins,9.0,8.0,17.0,pbp
401620284,,brittney sykes,7.0,11.0,18.0,pbp
401620284,,cheyenne parker-tyus,2.0,2.0,4.0,pbp
401620284,,crystal dangerfield,2.0,2.0,4.0,pbp
401620284,,didi richards,0.0,2.0,2.0,pbp
401620284,,emily engstler,2.0,2.0,4.0,pbp
401620284,,julie vanloo,6.0,5.0,11.0,pbp
401620284,,karlie samuelson,2.0,3.0,5.0,pbp
401620284,,myisha hines-allen,2.0,7.0,9.0,pbp
401620284,,naz hillmon,2.0,0.0,2.0,pbp
401620284,,nia coffey,3.0,5.0,8.0,pbp
401620284,,rhyne howard,9.0,7.0,16.0,pbp
401620284,,shatori walker-kimbrough,6.0,2.0,8.0,pbp
401620284,,stefanie dolson,4.0,3.0,7.0,pbp
401620284,,tina charles,10.0,2.0,12.0,pbp
401620285,,a'ja wilson,13.0,15.0,28.0,pbp
401620285,,alanna smith,13.0,5.0,18.0,pbp
401620285,,alissa pili,0.0,2.0,2.0,pbp
401620285,,alysha clark,6.0,0.0,6.0,pbp
401620285,,bridget carleton,9.0,6.0,15.0,pbp
401620285,,courtney williams,6.0,9.0,15.0,pbp
401620285,,dorka juhasz,6.0,2.0,8.0,pbp
401620285,,jackie young,6.0,0.0,6.0,pbp
401620285,,kate martin,3.0,0.0,3.0,pbp
401620285,,kayla mcbride,14.0,2.0,16.0,pbp
401620285,,kelsey plum,11.0,2.0,13.0,pbp
401620285,,kiah stokes,1.0,1.0,2.0,pbp
401620285,,megan gustafson,8.0,3.0,11.0,pbp
401620285,,napheesa collier,4.0,10.0,14.0,pbp
401620285,,natisha hiedeman,7.0,0.0,7.0,pbp
401620285,,sika kone,0.0,5.0,5.0,pbp
401620285,,sydney colson,0.0,7.0,7.0,pbp
401620285,,tiffany hayes,0.0,10.0,10.0,pbp
401620286,,aari mcdonald,7.0,8.0,15.0,pbp
401620286,,cameron brink,5.0,2.0,7.0,pbp
401620286,,dearica hamby,10.0,6.0,16.0,pbp
401620286,,ezi magbegor,4.0,4.0,8.0,pbp
401620286,,jewell loyd,13.0,8.0,21.0,pbp
401620286,,jordan horston,2.0,2.0,4.0,pbp
401620286,,joyner holmes,3.0,0.0,3.0,pbp
401620286,,kiana williams,0.0,3.0,3.0,pbp
401620286,,layshia clarendon,6.0,0.0,6.0,pbp
401620286,,lexie brown,3.0,3.0,6.0,pbp
401620286,,li yueru,6.0,12.0,18.0,pbp
401620286,,nneka ogwumike,8.0,18.0,26.0,pbp
401620286,,rae burrell,4.0,4.0,8.0,pbp
401620286,,rickea jackson,1.0,2.0,3.0,pbp
401620286,,sami whitcomb,6.0,3.0,9.0,pbp
401620286,,skylar diggins-smith,10.0,9.0,19.0,pbp
401620286,,victoria vivians,2.0,0.0,2.0,pbp
401620287,,alyssa thomas,8.0,12.0,20.0,pbp
401620287,,angel reese,8.0,12.0,20.0,pbp
401620287,,brionna jones,14.0,4.0,18.0,pbp
401620287,,chennedy carter,8.0,2.0,10.0,pbp
401620287,,dana evans,2.0,2.0,4.0,pbp
401620287,,dewanna bonner,8.0,8.0,16.0,pbp
401620287,,diamond deshields,0.0,9.0,9.0,pbp
401620287,,dijonai carrington,2.0,7.0,9.0,pbp
401620287,,isabelle harrison,5.0,4.0,9.0,pbp
401620287,,kamilla cardoso,8.0,2.0,10.0,pbp
401620287,,lindsay allen,0.0,2.0,2.0,pbp
401620287,,marina mabrey,7.0,3.0,10.0,pbp
401620287,,olivia nelson-ododa,4.0,0.0,4.0,pbp
401620287,,tiffany mitchell,0.0,3.0,3.0,pbp
401620287,,tyasha harris,4.0,8.0,12.0,pbp
401620288,,aerial powers,8.0,0.0,8.0,pbp
401620288,,aliyah boston,17.0,10.0,27.0,pbp
401620288,,allisha gray,6.0,6.0,12.0,pbp
401620288,,caitlin clark,5.0,2.0,7.0,pbp
401620288,,cheyenne parker-tyus,8.0,10.0,18.0,pbp
401620288,,crystal dangerfield,3.0,0.0,3.0,pbp
401620288,,erica wheeler,4.0,0.0,4.0,pbp
401620288,,haley jones,2.0,8.0,10.0,pbp
401620288,,katie lou samuelson,6.0,5.0,11.0,pbp
401620288,,kelsey mitchell,15.0,8.0,23.0,pbp
401620288,,kristy wallace,6.0,0.0,6.0,pbp
401620288,,lexie hull,0.0,2.0,2.0,pbp
401620288,,nalyssa smith,5.0,5.0,10.0,pbp
401620288,,naz hillmon,1.0,0.0,1.0,pbp
401620288,,nia coffey,4.0,0.0,4.0,pbp
401620288,,rhyne howard,10.0,16.0,26.0,pbp
401620288,,tina charles,2.0,0.0,2.0,pbp
401620289,,arike ogunbowale,9.0,14.0,23.0,pbp
401620289,,ezi magbegor,6.0,4.0,10.0,pbp
401620289,,jacy sheldon,0.0,2.0,2.0,pbp
401620289,,jewell loyd,15.0,4.0,19.0,pbp
401620289,,jordan horston,0.0,10.0,10.0,pbp
401620289,,kalani brown,0.0,8.0,8.0,pbp
401620289,,lou lopez senechal,0.0,3.0,3.0,pbp
401620289,,maddy siegrist,12.0,4.0,16.0,pbp
401620289,,mercedes russell,6.0,0.0,6.0,pbp
401620289,,monique billings,6.0,4.0,10.0,pbp
401620289,,nneka ogwumike,6.0,11.0,17.0,pbp
401620289,,sami whitcomb,0.0,6.0,6.0,pbp
401620289,,sevgi uzun,2.0,0.0,2.0,pbp
401620289,,skylar diggins-smith,12.0,9.0,21.0,pbp
401620289,,teaira mccowan,10.0,9.0,19.0,pbp
401620289,,victoria vivians,3.0,0.0,3.0,pbp
401620290,,a'ja wilson,15.0,17.0,32.0,pbp
401620290,,alysha clark,2.0,5.0,7.0,pbp
401620290,,brittney griner,10.0,15.0,25.0,pbp
401620290,,diana taurasi,14.0,7.0,21.0,pbp
401620290,,jackie young,18.0,12.0,30.0,pbp
401620290,,kahleah copper,5.0,13.0,18.0,pbp
401620290,,kelsey plum,8.0,8.0,16.0,pbp
401620290,,natasha cloud,4.0,4.0,8.0,pbp
401620290,,natasha mack,2.0,0.0,2.0,pbp
401620290,,rebecca allen,0.0,4.0,4.0,pbp
401620290,,sophie cunningham,7.0,3.0,10.0,pbp
401620290,,sug sutton,8.0,2.0,10.0,pbp
401620290,,sydney colson,8.0,0.0,8.0,pbp
401620290,,tiffany hayes,0.0,6.0,6.0,pbp
401620291,,aaliyah edwards,10.0,6.0,16.0,pbp
401620291,,angel reese,3.0,7.0,10.0,pbp
401620291,,ariel atkins,15.0,14.0,29.0,pbp
401620291,,chennedy carter,9.0,7.0,16.0,pbp
401620291,,dana evans,4.0,10.0,14.0,pbp
401620291,,diamond deshields,0.0,2.0,2.0,pbp
401620291,,emily engstler,2.0,0.0,2.0,pbp
401620291,,isabelle harrison,4.0,3.0,7.0,pbp
401620291,,jade melbourne,1.0,2.0,3.0,pbp
401620291,,julie vanloo,5.0,3.0,8.0,pbp
401620291,,kamilla cardoso,4.0,8.0,12.0,pbp
401620291,,karlie samuelson,8.0,4.0,12.0,pbp
401620291,,lindsay allen,4.0,6.0,10.0,pbp
401620291,,marina mabrey,3.0,2.0,5.0,pbp
401620291,,michaela onyenwere,5.0,0.0,5.0,pbp
401620291,,myisha hines-allen,1.0,4.0,5.0,pbp
401620291,,shatori walker-kimbrough,0.0,3.0,3.0,pbp
401620291,,stefanie dolson,5.0,0.0,5.0,pbp
401620292,,aari mcdonald,6.0,8.0,14.0,pbp
401620292,,alanna smith,4.0,8.0,12.0,pbp
401620292,,bridget carleton,6.0,5.0,11.0,pbp
401620292,,courtney williams,2.0,12.0,14.0,pbp
401620292,,dearica hamby,12.0,4.0,16.0,pbp
401620292,,dorka juhasz,2.0,0.0,2.0,pbp
401620292,,kayla mcbride,4.0,3.0,7.0,pbp
401620292,,kia nurse,5.0,3.0,8.0,pbp
401620292,,layshia clarendon,2.0,0.0,2.0,pbp
401620292,,lexie brown,10.0,2.0,12.0,pbp
401620292,,li yueru,0.0,2.0,2.0,pbp
401620292,,napheesa collier,17.0,13.0,30.0,pbp
401620292,,natisha hiedeman,2.0,0.0,2.0,pbp
401620292,,olivia epoupa,2.0,0.0,2.0,pbp
401620292,,rae burrell,0.0,1.0,1.0,pbp
401620292,,rickea jackson,9.0,10.0,19.0,pbp
401620292,,stephanie talbot,0.0,2.0,2.0,pbp
401620293,,alyssa thomas,7.0,6.0,13.0,pbp
401620293,,arike ogunbowale,8.0,3.0,11.0,pbp
401620293,,brionna jones,10.0,2.0,12.0,pbp
401620293,,dewanna bonner,6.0,2.0,8.0,pbp
401620293,,dijonai carrington,10.0,4.0,14.0,pbp
401620293,,jacy sheldon,3.0,4.0,7.0,pbp
401620293,,kalani brown,4.0,1.0,5.0,pbp
401620293,,lou lopez senechal,0.0,4.0,4.0,pbp
401620293,,maddy siegrist,6.0,10.0,16.0,pbp
401620293,,monique billings,2.0,2.0,4.0,pbp
401620293,,olivia nelson-ododa,0.0,6.0,6.0,pbp
401620293,,rachel banham,3.0,13.0,16.0,pbp
401620293,,sevgi uzun,2.0,0.0,2.0,pbp
401620293,,stephanie soares,0.0,2.0,2.0,pbp
401620293,,teaira mccowan,8.0,8.0,16.0,pbp
401620293,,tiffany mitchell,0.0,4.0,4.0,pbp
401620293,,tyasha harris,7.0,3.0,10.0,pbp
401620293,,veronica burton,0.0,2.0,2.0,pbp
401620294,,a'ja wilson,10.0,11.0,21.0,pbp
401620294,,alysha clark,7.0,6.0,13.0,pbp
401620294,,betnijah laney-hamilton,6.0,6.0,12.0,pbp
401620294,,breanna stewart,10.0,4.0,14.0,pbp
401620294,,emma cannon,0.0,2.0,2.0,pbp
401620294,,ivana dojkic,0.0,4.0,4.0,pbp
401620294,,jackie young,7.0,3.0,10.0,pbp
401620294,,jonquel jones,17.0,17.0,34.0,pbp
401620294,,kate martin,0.0,6.0,6.0,pbp
401620294,,kayla thornton,3.0,0.0,3.0,pbp
401620294,,kelsey plum,13.0,8.0,21.0,pbp
401620294,,leonie fiebich,0.0,8.0,8.0,pbp
401620294,,sabrina ionescu,9.0,6.0,15.0,pbp
401620294,,sydney colson,5.0,0.0,5.0,pbp
401620294,,tiffany hayes,0.0,3.0,3.0,pbp
401620295,,brittney griner,15.0,13.0,28.0,pbp
401620295,,diana taurasi,9.0,4.0,13.0,pbp
401620295,,ezi magbegor,4.0,10.0,14.0,pbp
401620295,,jewell loyd,9.0,5.0,14.0,pbp
401620295,,jordan horston,1.0,11.0,12.0,pbp
401620295,,joyner holmes,0.0,3.0,3.0,pbp
401620295,,kahleah copper,17.0,13.0,30.0,pbp
401620295,,natasha cloud,0.0,3.0,3.0,pbp
401620295,,natasha mack,2.0,4.0,6.0,pbp
401620295,,nneka ogwumike,9.0,6.0,15.0,pbp
401620295,,rebecca allen,4.0,3.0,7.0,pbp
401620295,,sami whitcomb,3.0,0.0,3.0,pbp
401620295,,skylar diggins-smith,4.0,10.0,14.0,pbp
401620295,,victoria vivians,3.0,0.0,3.0,pbp
401620296,,aliyah boston,8.0,11.0,19.0,pbp
401620296,,angel reese,9.0,2.0,11.0,pbp
401620296,,caitlin clark,9.0,13.0,22.0,pbp
401620296,,chennedy carter,8.0,10.0,18.0,pbp
401620296,,dana evans,6.0,6.0,12.0,pbp
401620296,,diamond deshields,2.0,0.0,2.0,pbp
401620296,,erica wheeler,2.0,0.0,2.0,pbp
401620296,,isabelle harrison,4.0,2.0,6.0,pbp
401620296,,kamilla cardoso,6.0,4.0,10.0,pbp
401620296,,katie lou samuelson,9.0,0.0,9.0,pbp
401620296,,kelsey mitchell,9.0,7.0,16.0,pbp
401620296,,lexie hull,3.0,3.0,6.0,pbp
401620296,,lindsay allen,0.0,2.0,2.0,pbp
401620296,,marina mabrey,8.0,14.0,22.0,pbp
401620296,,nalyssa smith,6.0,9.0,15.0,pbp
401620297,,aari mcdonald,4.0,9.0,13.0,pbp
401620297,,aerial powers,7.0,6.0,13.0,pbp
401620297,,allisha gray,13.0,12.0,25.0,pbp
401620297,,cameron brink,14.0,2.0,16.0,pbp
401620297,,cheyenne parker-tyus,4.0,0.0,4.0,pbp
401620297,,dearica hamby,4.0,6.0,10.0,pbp
401620297,,haley jones,2.0,1.0,3.0,pbp
401620297,,kia nurse,5.0,0.0,5.0,pbp
401620297,,lexie brown,0.0,4.0,4.0,pbp
401620297,,li yueru,0.0,5.0,5.0,pbp
401620297,,naz hillmon,4.0,2.0,6.0,pbp
401620297,,rae burrell,2.0,0.0,2.0,pbp
401620297,,rhyne howard,4.0,12.0,16.0,pbp
401620297,,rickea jackson,10.0,6.0,16.0,pbp
401620297,,stephanie talbot,0.0,2.0,2.0,pbp
401620297,,tina charles,11.0,9.0,20.0,pbp
401620298,,alanna smith,2.0,10.0,12.0,pbp
401620298,,cecilia zandalasini,5.0,2.0,7.0,pbp
401620298,,courtney williams,0.0,6.0,6.0,pbp
401620298,,dorka juhasz,9.0,2.0,11.0,pbp
401620298,,jacy sheldon,0.0,8.0,8.0,pbp
401620298,,kalani brown,2.0,4.0,6.0,pbp
401620298,,kayla mcbride,13.0,6.0,19.0,pbp
401620298,,lou lopez senechal,2.0,5.0,7.0,pbp
401620298,,maddy siegrist,11.0,6.0,17.0,pbp
401620298,,monique billings,8.0,7.0,15.0,pbp
401620298,,napheesa collier,6.0,10.0,16.0,pbp
401620298,,natisha hiedeman,5.0,11.0,16.0,pbp
401620298,,sevgi uzun,12.0,5.0,17.0,pbp
401620298,,sika kone,2.0,0.0,2.0,pbp
401620298,,teaira mccowan,4.0,4.0,8.0,pbp
401620299,,aari mcdonald,7.0,6.0,13.0,pbp
401620299,,alyssa thomas,2.0,9.0,11.0,pbp
401620299,,brionna jones,9.0,4.0,13.0,pbp
401620299,,dearica hamby,0.0,8.0,8.0,pbp
401620299,,dewanna bonner,10.0,6.0,16.0,pbp
401620299,,dijonai carrington,6.0,6.0,12.0,pbp
401620299,,kia nurse,0.0,5.0,5.0,pbp
401620299,,layshia clarendon,2.0,0.0,2.0,pbp
401620299,,lexie brown,3.0,5.0,8.0,pbp
401620299,,li yueru,4.0,7.0,11.0,pbp
401620299,,rachel banham,4.0,3.0,7.0,pbp
401620299,,rickea jackson,6.0,4.0,10.0,pbp
401620299,,stephanie talbot,4.0,5.0,9.0,pbp
401620299,,tiffany mitchell,0.0,6.0,6.0,pbp
401620299,,tyasha harris,8.0,6.0,14.0,pbp
401620299,,zia cooke,2.0,0.0,2.0,pbp
401620300,,betnijah laney-hamilton,2.0,9.0,11.0,pbp
401620300,,breanna stewart,12.0,16.0,28.0,pbp
401620300,,brittney griner,10.0,9.0,19.0,pbp
401620300,,diana taurasi,12.0,6.0,18.0,pbp
401620300,,ivana dojkic,3.0,0.0,3.0,pbp
401620300,,jonquel jones,12.0,5.0,17.0,pbp
401620300,,kahleah copper,11.0,6.0,17.0,pbp
401620300,,kayla thornton,6.0,6.0,12.0,pbp
401620300,,leonie fiebich,0.0,2.0,2.0,pbp
401620300,,natasha cloud,6.0,5.0,11.0,pbp
401620300,,rebecca allen,3.0,14.0,17.0,pbp
401620300,,sabrina ionescu,11.0,8.0,19.0,pbp
401620300,,sophie cunningham,7.0,5.0,12.0,pbp
401620300,,sug sutton,0.0,3.0,3.0,pbp
401620301,,aaliyah edwards,2.0,2.0,4.0,pbp
401620301,,aliyah boston,10.0,12.0,22.0,pbp
401620301,,ariel atkins,15.0,12.0,27.0,pbp
401620301,,caitlin clark,9.0,9.0,18.0,pbp
401620301,,emily engstler,0.0,7.0,7.0,pbp
401620301,,erica wheeler,3.0,6.0,9.0,pbp
401620301,,jade melbourne,0.0,2.0,2.0,pbp
401620301,,julie vanloo,3.0,3.0,6.0,pbp
401620301,,karlie samuelson,13.0,3.0,16.0,pbp
401620301,,kelsey mitchell,9.0,11.0,20.0,pbp
401620301,,kristy wallace,0.0,4.0,4.0,pbp
401620301,,lexie hull,2.0,0.0,2.0,pbp
401620301,,myisha hines-allen,2.0,0.0,2.0,pbp
401620301,,nalyssa smith,11.0,0.0,11.0,pbp
401620301,,shatori walker-kimbrough,2.0,1.0,3.0,pbp
401620301,,stefanie dolson,6.0,8.0,14.0,pbp
401620302,,alanna smith,2.0,2.0,4.0,pbp
401620302,,allisha gray,5.0,2.0,7.0,pbp
401620302,,bridget carleton,5.0,9.0,14.0,pbp
401620302,,cecilia zandalasini,2.0,3.0,5.0,pbp
401620302,,cheyenne parker-tyus,0.0,2.0,2.0,pbp
401620302,,courtney williams,5.0,2.0,7.0,pbp
401620302,,dorka juhasz,4.0,6.0,10.0,pbp
401620302,,haley jones,3.0,8.0,11.0,pbp
401620302,,kayla mcbride,5.0,3.0,8.0,pbp
401620302,,lorela cubaj,0.0,2.0,2.0,pbp
401620302,,napheesa collier,8.0,8.0,16.0,pbp
401620302,,natisha hiedeman,4.0,0.0,4.0,pbp
401620302,,naz hillmon,0.0,2.0,2.0,pbp
401620302,,nia coffey,11.0,0.0,11.0,pbp
401620302,,rhyne howard,5.0,1.0,6.0,pbp
401620302,,tina charles,6.0,8.0,14.0,pbp
401620303,,a'ja wilson,9.0,18.0,27.0,pbp
401620303,,alysha clark,5.0,5.0,10.0,pbp
401620303,,chelsea gray,1.0,0.0,1.0,pbp
401620303,,ezi magbegor,4.0,15.0,19.0,pbp
401620303,,jackie young,19.0,13.0,32.0,pbp
401620303,,jewell loyd,1.0,0.0,1.0,pbp
401620303,,jordan horston,3.0,15.0,18.0,pbp
401620303,,joyner holmes,2.0,4.0,6.0,pbp
401620303,,kelsey plum,3.0,8.0,11.0,pbp
401620303,,kiah stokes,3.0,0.0,3.0,pbp
401620303,,nneka ogwumike,12.0,8.0,20.0,pbp
401620303,,sami whitcomb,3.0,0.0,3.0,pbp
401620303,,skylar diggins-smith,2.0,8.0,10.0,pbp
401620303,,tiffany hayes,7.0,3.0,10.0,pbp
401620303,,victoria vivians,4.0,0.0,4.0,pbp
401620304,,angel reese,6.0,10.0,16.0,pbp
401620304,,arike ogunbowale,11.0,18.0,29.0,pbp
401620304,,chennedy carter,15.0,4.0,19.0,pbp
401620304,,dana evans,2.0,10.0,12.0,pbp
401620304,,isabelle harrison,0.0,4.0,4.0,pbp
401620304,,jacy sheldon,2.0,7.0,9.0,pbp
401620304,,kamilla cardoso,5.0,4.0,9.0,pbp
401620304,,lindsay allen,2.0,0.0,2.0,pbp
401620304,,marina mabrey,10.0,9.0,19.0,pbp
401620304,,michaela onyenwere,2.0,0.0,2.0,pbp
401620304,,monique billings,0.0,4.0,4.0,pbp
401620304,,natasha howard,4.0,9.0,13.0,pbp
401620304,,sevgi uzun,2.0,6.0,8.0,pbp
401620304,,teaira mccowan,5.0,2.0,7.0,pbp
401620305,,aari mcdonald,8.0,7.0,15.0,pbp
401620305,,breanna stewart,5.0,12.0,17.0,pbp
401620305,,dearica hamby,3.0,6.0,9.0,pbp
401620305,,ivana dojkic,6.0,6.0,12.0,pbp
401620305,,jonquel jones,11.0,11.0,22.0,pbp
401620305,,kayla thornton,4.0,2.0,6.0,pbp
401620305,,kia nurse,7.0,0.0,7.0,pbp
401620305,,layshia clarendon,3.0,4.0,7.0,pbp
401620305,,leonie fiebich,0.0,3.0,3.0,pbp
401620305,,li yueru,0.0,3.0,3.0,pbp
401620305,,marquesha davis,2.0,0.0,2.0,pbp
401620305,,rae burrell,4.0,7.0,11.0,pbp
401620305,,rickea jackson,4.0,2.0,6.0,pbp
401620305,,sabrina ionescu,14.0,16.0,30.0,pbp
401620305,,stephanie talbot,7.0,2.0,9.0,pbp
401620305,,zia cooke,0.0,13.0,13.0,pbp
401620306,,aerial powers,7.0,3.0,10.0,pbp
401620306,,aliyah boston,4.0,6.0,10.0,pbp
401620306,,allisha gray,9.0,10.0,19.0,pbp
401620306,,caitlin clark,9.0,6.0,15.0,pbp
401620306,,cheyenne parker-tyus,5.0,0.0,5.0,pbp
401620306,,erica wheeler,2.0,2.0,4.0,pbp
401620306,,haley jones,3.0,9.0,12.0,pbp
401620306,,katie lou samuelson,8.0,2.0,10.0,pbp
401620306,,kelsey mitchell,12.0,4.0,16.0,pbp
401620306,,kristy wallace,7.0,0.0,7.0,pbp
401620306,,laeticia amihere,0.0,2.0,2.0,pbp
401620306,,lexie hull,2.0,3.0,5.0,pbp
401620306,,nalyssa smith,11.0,10.0,21.0,pbp
401620306,,naz hillmon,2.0,5.0,7.0,pbp
401620306,,tina charles,15.0,9.0,24.0,pbp
401620307,,a'ja wilson,12.0,14.0,26.0,pbp
401620307,,alysha clark,8.0,3.0,11.0,pbp
401620307,,alyssa thomas,6.0,0.0,6.0,pbp
401620307,,astou ndour-fall,0.0,7.0,7.0,pbp
401620307,,brionna jones,11.0,7.0,18.0,pbp
401620307,,chelsea gray,2.0,2.0,4.0,pbp
401620307,,dewanna bonner,0.0,6.0,6.0,pbp
401620307,,dijonai carrington,4.0,14.0,18.0,pbp
401620307,,jackie young,6.0,2.0,8.0,pbp
401620307,,kate martin,0.0,2.0,2.0,pbp
401620307,,kelsey plum,11.0,7.0,18.0,pbp
401620307,,kiah stokes,4.0,3.0,7.0,pbp
401620307,,megan gustafson,2.0,3.0,5.0,pbp
401620307,,olivia nelson-ododa,0.0,2.0,2.0,pbp
401620307,,rachel banham,0.0,3.0,3.0,pbp
401620307,,tiffany hayes,0.0,4.0,4.0,pbp
401620307,,tiffany mitchell,2.0,0.0,2.0,pbp
401620307,,tyasha harris,5.0,4.0,9.0,pbp
401620307,,veronica burton,0.0,2.0,2.0,pbp
401620308,,ariel atkins,5.0,2.0,7.0,pbp
401620308,,arike ogunbowale,6.0,0.0,6.0,pbp
401620308,,didi richards,2.0,4.0,6.0,pbp
401620308,,emily engstler,15.0,8.0,23.0,pbp
401620308,,jacy sheldon,8.0,8.0,16.0,pbp
401620308,,jade melbourne,7.0,6.0,13.0,pbp
401620308,,julie vanloo,3.0,0.0,3.0,pbp
401620308,,kalani brown,3.0,10.0,13.0,pbp
401620308,,karlie samuelson,7.0,10.0,17.0,pbp
401620308,,lou lopez senechal,0.0,2.0,2.0,pbp
401620308,,monique billings,0.0,2.0,2.0,pbp
401620308,,myisha hines-allen,0.0,3.0,3.0,pbp
401620308,,natasha howard,10.0,9.0,19.0,pbp
401620308,,sevgi uzun,3.0,2.0,5.0,pbp
401620308,,shatori walker-kimbrough,4.0,5.0,9.0,pbp
401620308,,stefanie dolson,8.0,8.0,16.0,pbp
401620308,,teaira mccowan,4.0,2.0,6.0,pbp
401620309,,aari mcdonald,2.0,0.0,2.0,pbp
401620309,,breanna stewart,24.0,9.0,33.0,pbp
401620309,,dearica hamby,14.0,6.0,20.0,pbp
401620309,,jonquel jones,9.0,5.0,14.0,pbp
401620309,,kayla thornton,5.0,15.0,20.0,pbp
401620309,,kia nurse,7.0,5.0,12.0,pbp
401620309,,layshia clarendon,0.0,3.0,3.0,pbp
401620309,,leonie fiebich,2.0,5.0,7.0,pbp
401620309,,li yueru,4.0,4.0,8.0,pbp
401620309,,queen egbo,2.0,0.0,2.0,pbp
401620309,,rae burrell,4.0,4.0,8.0,pbp
401620309,,rickea jackson,7.0,0.0,7.0,pbp
401620309,,sabrina ionescu,14.0,9.0,23.0,pbp
401620309,,stephanie talbot,3.0,8.0,11.0,pbp
401620309,,zia cooke,0.0,14.0,14.0,pbp
401620310,,alanna smith,11.0,3.0,14.0,pbp
401620310,,bridget carleton,0.0,4.0,4.0,pbp
401620310,,brittney griner,5.0,5.0,10.0,pbp
401620310,,cecilia zandalasini,2.0,0.0,2.0,pbp
401620310,,charisma osborne,0.0,2.0,2.0,pbp
401620310,,courtney williams,4.0,8.0,12.0,pbp
401620310,,diana taurasi,4.0,3.0,7.0,pbp
401620310,,dorka juhasz,0.0,7.0,7.0,pbp
401620310,,kahleah copper,4.0,5.0,9.0,pbp
401620310,,kayla mcbride,6.0,3.0,9.0,pbp
401620310,,mikiah herbert harrigan,0.0,3.0,3.0,pbp
401620310,,napheesa collier,13.0,10.0,23.0,pbp
401620310,,natasha cloud,7.0,7.0,14.0,pbp
401620310,,natasha mack,0.0,1.0,1.0,pbp
401620310,,natisha hiedeman,2.0,0.0,2.0,pbp
401620310,,rebecca allen,5.0,6.0,11.0,pbp
401620310,,sophie cunningham,0.0,3.0,3.0,pbp
401620311,,allisha gray,2.0,6.0,8.0,pbp
401620311,,breanna stewart,7.0,10.0,17.0,pbp
401620311,,cheyenne parker-tyus,4.0,6.0,10.0,pbp
401620311,,crystal dangerfield,3.0,6.0,9.0,pbp
401620311,,haley jones,3.0,4.0,7.0,pbp
401620311,,ivana dojkic,4.0,2.0,6.0,pbp
401620311,,jonquel jones,11.0,4.0,15.0,pbp
401620311,,jordin canada,1.0,5.0,6.0,pbp
401620311,,kayla thornton,5.0,3.0,8.0,pbp
401620311,,kennedy burke,4.0,2.0,6.0,pbp
401620311,,laeticia amihere,0.0,3.0,3.0,pbp
401620311,,leonie fiebich,2.0,7.0,9.0,pbp
401620311,,marquesha davis,8.0,0.0,8.0,pbp
401620311,,naz hillmon,2.0,2.0,4.0,pbp
401620311,,nia coffey,6.0,3.0,9.0,pbp
401620311,,sabrina ionescu,20.0,6.0,26.0,pbp
401620311,,tina charles,17.0,2.0,19.0,pbp
401620312,,ariel atkins,4.0,8.0,12.0,pbp
401620312,,arike ogunbowale,14.0,8.0,22.0,pbp
401620312,,didi richards,2.0,2.0,4.0,pbp
401620312,,emily engstler,8.0,5.0,13.0,pbp
401620312,,jacy sheldon,3.0,8.0,11.0,pbp
401620312,,jade melbourne,2.0,2.0,4.0,pbp
401620312,,julie vanloo,7.0,1.0,8.0,pbp
401620312,,karlie samuelson,7.0,6.0,13.0,pbp
401620312,,lou lopez senechal,0.0,5.0,5.0,pbp
401620312,,monique billings,7.0,1.0,8.0,pbp
401620312,,morgan bertsch,1.0,0.0,1.0,pbp
401620312,,myisha hines-allen,5.0,7.0,12.0,pbp
401620312,,natasha howard,20.0,6.0,26.0,pbp
401620312,,sevgi uzun,5.0,4.0,9.0,pbp
401620312,,shatori walker-kimbrough,3.0,5.0,8.0,pbp
401620312,,stefanie dolson,8.0,10.0,18.0,pbp
401620312,,teaira mccowan,0.0,1.0,1.0,pbp
401620313,,aliyah boston,8.0,10.0,18.0,pbp
401620313,,angel reese,8.0,17.0,25.0,pbp
401620313,,caitlin clark,7.0,9.0,16.0,pbp
401620313,,chennedy carter,15.0,8.0,23.0,pbp
401620313,,dana evans,2.0,0.0,2.0,pbp
401620313,,diamond deshields,3.0,5.0,8.0,pbp
401620313,,erica wheeler,2.0,2.0,4.0,pbp
401620313,,isabelle harrison,4.0,0.0,4.0,pbp
401620313,,kamilla cardoso,6.0,10.0,16.0,pbp
401620313,,katie lou samuelson,3.0,0.0,3.0,pbp
401620313,,kelsey mitchell,10.0,14.0,24.0,pbp
401620313,,kristy wallace,9.0,0.0,9.0,pbp
401620313,,lindsay allen,2.0,2.0,4.0,pbp
401620313,,marina mabrey,4.0,1.0,5.0,pbp
401620313,,nalyssa smith,6.0,6.0,12.0,pbp
401620314,,alyssa thomas,8.0,6.0,14.0,pbp
401620314,,brionna jones,8.0,6.0,14.0,pbp
401620314,,dewanna bonner,0.0,8.0,8.0,pbp
401620314,,dijonai carrington,0.0,2.0,2.0,pbp
401620314,,ezi magbegor,6.0,5.0,11.0,pbp
401620314,,jewell loyd,11.0,5.0,16.0,pbp
401620314,,jordan horston,0.0,9.0,9.0,pbp
401620314,,mercedes russell,4.0,0.0,4.0,pbp
401620314,,nneka ogwumike,4.0,9.0,13.0,pbp
401620314,,olivia nelson-ododa,2.0,2.0,4.0,pbp
401620314,,rachel banham,2.0,0.0,2.0,pbp
401620314,,sami whitcomb,2.0,0.0,2.0,pbp
401620314,,skylar diggins-smith,4.0,9.0,13.0,pbp
401620314,,tiffany mitchell,6.0,0.0,6.0,pbp
401620314,,tyasha harris,5.0,5.0,10.0,pbp
401620314,,victoria vivians,3.0,0.0,3.0,pbp
401620315,,alanna smith,12.0,3.0,15.0,pbp
401620315,,arike ogunbowale,8.0,15.0,23.0,pbp
401620315,,bridget carleton,8.0,9.0,17.0,pbp
401620315,,cecilia zandalasini,0.0,2.0,2.0,pbp
401620315,,courtney williams,0.0,3.0,3.0,pbp
401620315,,dorka juhasz,3.0,2.0,5.0,pbp
401620315,,jacy sheldon,3.0,5.0,8.0,pbp
401620315,,kalani brown,4.0,0.0,4.0,pbp
401620315,,kayla mcbride,5.0,6.0,11.0,pbp
401620315,,monique billings,5.0,9.0,14.0,pbp
401620315,,napheesa collier,13.0,16.0,29.0,pbp
401620315,,natasha howard,4.0,2.0,6.0,pbp
401620315,,natisha hiedeman,4.0,2.0,6.0,pbp
401620315,,odyssey sims,2.0,16.0,18.0,pbp
401620315,,sevgi uzun,2.0,2.0,4.0,pbp
401620315,,teaira mccowan,15.0,2.0,17.0,pbp
401620316,,alyssa thomas,0.0,7.0,7.0,pbp
401620316,,ariel atkins,6.0,4.0,10.0,pbp
401620316,,brionna jones,5.0,2.0,7.0,pbp
401620316,,dewanna bonner,15.0,9.0,24.0,pbp
401620316,,didi richards,2.0,2.0,4.0,pbp
401620316,,dijonai carrington,2.0,20.0,22.0,pbp
401620316,,jade melbourne,5.0,5.0,10.0,pbp
401620316,,julie vanloo,9.0,3.0,12.0,pbp
401620316,,myisha hines-allen,8.0,13.0,21.0,pbp
401620316,,shatori walker-kimbrough,7.0,9.0,16.0,pbp
401620316,,stefanie dolson,13.0,5.0,18.0,pbp
401620316,,tiffany mitchell,2.0,0.0,2.0,pbp
401620316,,tyasha harris,13.0,10.0,23.0,pbp
401620316,,veronica burton,9.0,0.0,9.0,pbp
401620317,,a'ja wilson,23.0,8.0,31.0,pbp
401620317,,angel reese,4.0,14.0,18.0,pbp
401620317,,brianna turner,2.0,0.0,2.0,pbp
401620317,,chelsea gray,6.0,2.0,8.0,pbp
401620317,,chennedy carter,10.0,10.0,20.0,pbp
401620317,,isabelle harrison,4.0,0.0,4.0,pbp
401620317,,jackie young,8.0,14.0,22.0,pbp
401620317,,kamilla cardoso,0.0,5.0,5.0,pbp
401620317,,kate martin,3.0,0.0,3.0,pbp
401620317,,kelsey plum,3.0,18.0,21.0,pbp
401620317,,kiah stokes,2.0,2.0,4.0,pbp
401620317,,kysre gondrezick,0.0,3.0,3.0,pbp
401620317,,lindsay allen,6.0,4.0,10.0,pbp
401620317,,marina mabrey,13.0,8.0,21.0,pbp
401620317,,tiffany hayes,1.0,5.0,6.0,pbp
401620318,,aliyah boston,4.0,7.0,11.0,pbp
401620318,,caitlin clark,12.0,3.0,15.0,pbp
401620318,,erica wheeler,5.0,10.0,15.0,pbp
401620318,,ezi magbegor,10.0,8.0,18.0,pbp
401620318,,jewell loyd,23.0,11.0,34.0,pbp
401620318,,jordan horston,2.0,3.0,5.0,pbp
401620318,,katie lou samuelson,2.0,0.0,2.0,pbp
401620318,,kelsey mitchell,7.0,7.0,14.0,pbp
401620318,,nalyssa smith,5.0,7.0,12.0,pbp
401620318,,nneka ogwumike,9.0,6.0,15.0,pbp
401620318,,sami whitcomb,7.0,0.0,7.0,pbp
401620318,,skylar diggins-smith,0.0,8.0,8.0,pbp
401620318,,temi fagbenle,4.0,4.0,8.0,pbp
401620318,,victoria vivians,2.0,0.0,2.0,pbp
401620319,,aerial powers,2.0,3.0,5.0,pbp
401620319,,allisha gray,9.0,8.0,17.0,pbp
401620319,,alyssa thomas,7.0,7.0,14.0,pbp
401620319,,brionna jones,4.0,2.0,6.0,pbp
401620319,,cheyenne parker-tyus,0.0,9.0,9.0,pbp
401620319,,dewanna bonner,5.0,11.0,16.0,pbp
401620319,,dijonai carrington,5.0,11.0,16.0,pbp
401620319,,haley jones,5.0,3.0,8.0,pbp
401620319,,jordin canada,0.0,9.0,9.0,pbp
401620319,,maya caldwell,2.0,5.0,7.0,pbp
401620319,,naz hillmon,2.0,2.0,4.0,pbp
401620319,,nia coffey,3.0,2.0,5.0,pbp
401620319,,olivia nelson-ododa,5.0,2.0,7.0,pbp
401620319,,rachel banham,0.0,3.0,3.0,pbp
401620319,,tiffany mitchell,2.0,0.0,2.0,pbp
401620319,,tina charles,8.0,6.0,14.0,pbp
401620319,,tyasha harris,3.0,3.0,6.0,pbp
401620319,,veronica burton,2.0,2.0,4.0,pbp
401620320,,aari mcdonald,5.0,7.0,12.0,pbp
401620320,,brittney griner,6.0,12.0,18.0,pbp
401620320,,dearica hamby,21.0,8.0,29.0,pbp
401620320,,diana taurasi,16.0,4.0,20.0,pbp
401620320,,kahleah copper,9.0,15.0,24.0,pbp
401620320,,kia nurse,8.0,1.0,9.0,pbp
401620320,,li yueru,0.0,2.0,2.0,pbp
401620320,,natasha cloud,6.0,8.0,14.0,pbp
401620320,,natasha mack,0.0,2.0,2.0,pbp
401620320,,rae burrell,0.0,4.0,4.0,pbp
401620320,,rebecca allen,2.0,2.0,4.0,pbp
401620320,,rickea jackson,5.0,9.0,14.0,pbp
401620320,,sophie cunningham,3.0,5.0,8.0,pbp
401620320,,stephanie talbot,4.0,0.0,4.0,pbp
401620320,,sug sutton,2.0,0.0,2.0,pbp
401620320,,zia cooke,2.0,2.0,4.0,pbp
401620321,,a'ja wilson,0.0,11.0,11.0,pbp
401620321,,aaliyah edwards,4.0,5.0,9.0,pbp
401620321,,alysha clark,1.0,2.0,3.0,pbp
401620321,,ariel atkins,7.0,6.0,13.0,pbp
401620321,,chelsea gray,9.0,13.0,22.0,pbp
401620321,,didi richards,0.0,2.0,2.0,pbp
401620321,,jackie young,19.0,7.0,26.0,pbp
401620321,,jade melbourne,5.0,0.0,5.0,pbp
401620321,,julie vanloo,8.0,0.0,8.0,pbp
401620321,,kate martin,3.0,0.0,3.0,pbp
401620321,,kelsey plum,2.0,0.0,2.0,pbp
401620321,,kiah stokes,2.0,2.0,4.0,pbp
401620321,,myisha hines-allen,11.0,3.0,14.0,pbp
401620321,,shatori walker-kimbrough,3.0,0.0,3.0,pbp
401620321,,stefanie dolson,14.0,9.0,23.0,pbp
401620321,,tiffany hayes,10.0,7.0,17.0,pbp
401620322,,arike ogunbowale,12.0,11.0,23.0,pbp
401620322,,ezi magbegor,10.0,5.0,15.0,pbp
401620322,,jacy sheldon,2.0,4.0,6.0,pbp
401620322,,jewell loyd,14.0,17.0,31.0,pbp
401620322,,jordan horston,6.0,6.0,12.0,pbp
401620322,,joyner holmes,4.0,2.0,6.0,pbp
401620322,,kalani brown,2.0,2.0,4.0,pbp
401620322,,mercedes russell,0.0,4.0,4.0,pbp
401620322,,monique billings,2.0,2.0,4.0,pbp
401620322,,natasha howard,8.0,4.0,12.0,pbp
401620322,,nneka ogwumike,10.0,6.0,16.0,pbp
401620322,,odyssey sims,0.0,7.0,7.0,pbp
401620322,,sami whitcomb,3.0,2.0,5.0,pbp
401620322,,sevgi uzun,4.0,0.0,4.0,pbp
401620322,,skylar diggins-smith,13.0,0.0,13.0,pbp
401620322,,stephanie soares,0.0,2.0,2.0,pbp
401620322,,teaira mccowan,13.0,2.0,15.0,pbp
401620323,,allisha gray,9.0,15.0,24.0,pbp
401620323,,betnijah laney-hamilton,7.0,11.0,18.0,pbp
401620323,,breanna stewart,11.0,10.0,21.0,pbp
401620323,,cheyenne parker-tyus,4.0,8.0,12.0,pbp
401620323,,courtney vandersloot,7.0,0.0,7.0,pbp
401620323,,haley jones,2.0,0.0,2.0,pbp
401620323,,jonquel jones,2.0,3.0,5.0,pbp
401620323,,jordin canada,6.0,3.0,9.0,pbp
401620323,,kayla thornton,2.0,1.0,3.0,pbp
401620323,,kennedy burke,4.0,0.0,4.0,pbp
401620323,,leonie fiebich,3.0,9.0,12.0,pbp
401620323,,maya caldwell,8.0,0.0,8.0,pbp
401620323,,naz hillmon,2.0,2.0,4.0,pbp
401620323,,sabrina ionescu,0.0,10.0,10.0,pbp
401620323,,tina charles,10.0,6.0,16.0,pbp
401620324,,alanna smith,9.0,2.0,11.0,pbp
401620324,,angel reese,4.0,6.0,10.0,pbp
401620324,,bridget carleton,3.0,3.0,6.0,pbp
401620324,,cecilia zandalasini,1.0,7.0,8.0,pbp
401620324,,chennedy carter,9.0,6.0,15.0,pbp
401620324,,courtney williams,2.0,7.0,9.0,pbp
401620324,,dana evans,2.0,0.0,2.0,pbp
401620324,,diamond deshields,4.0,0.0,4.0,pbp
401620324,,diamond miller,2.0,0.0,2.0,pbp
401620324,,isabelle harrison,2.0,2.0,4.0,pbp
401620324,,kamilla cardoso,0.0,3.0,3.0,pbp
401620324,,kayla mcbride,8.0,8.0,16.0,pbp
401620324,,lindsay allen,13.0,0.0,13.0,pbp
401620324,,marina mabrey,5.0,6.0,11.0,pbp
401620324,,napheesa collier,4.0,9.0,13.0,pbp
401620324,,natisha hiedeman,5.0,0.0,5.0,pbp
401620325,,aliyah boston,10.0,7.0,17.0,pbp
401620325,,brittney griner,13.0,11.0,24.0,pbp
401620325,,caitlin clark,6.0,7.0,13.0,pbp
401620325,,diana taurasi,13.0,6.0,19.0,pbp
401620325,,erica wheeler,4.0,2.0,6.0,pbp
401620325,,kahleah copper,4.0,2.0,6.0,pbp
401620325,,katie lou samuelson,0.0,5.0,5.0,pbp
401620325,,kelsey mitchell,0.0,16.0,16.0,pbp
401620325,,kristy wallace,2.0,5.0,7.0,pbp
401620325,,nalyssa smith,7.0,5.0,12.0,pbp
401620325,,natasha cloud,8.0,7.0,15.0,pbp
401620325,,rebecca allen,7.0,2.0,9.0,pbp
401620325,,sophie cunningham,0.0,5.0,5.0,pbp
401620325,,sug sutton,3.0,0.0,3.0,pbp
401620325,,temi fagbenle,8.0,2.0,10.0,pbp
401620326,,alyssa thomas,6.0,4.0,10.0,pbp
401620326,,brionna jones,10.0,8.0,18.0,pbp
401620326,,brittney griner,10.0,11.0,21.0,pbp
401620326,,dewanna bonner,5.0,2.0,7.0,pbp
401620326,,dijonai carrington,12.0,4.0,16.0,pbp
401620326,,kahleah copper,8.0,13.0,21.0,pbp
401620326,,natasha cloud,9.0,9.0,18.0,pbp
401620326,,natasha mack,4.0,4.0,8.0,pbp
401620326,,sophie cunningham,2.0,0.0,2.0,pbp
401620326,,sug sutton,2.0,0.0,2.0,pbp
401620326,,tiffany mitchell,6.0,3.0,9.0,pbp
401620326,,tyasha harris,0.0,12.0,12.0,pbp
401620326,,veronica burton,3.0,8.0,11.0,pbp
401620327,,arike ogunbowale,9.0,12.0,21.0,pbp
401620327,,ezi magbegor,4.0,8.0,12.0,pbp
401620327,,jacy sheldon,0.0,2.0,2.0,pbp
401620327,,jewell loyd,13.0,13.0,26.0,pbp
401620327,,jordan horston,8.0,0.0,8.0,pbp
401620327,,joyner holmes,2.0,6.0,8.0,pbp
401620327,,kalani brown,2.0,3.0,5.0,pbp
401620327,,mercedes russell,2.0,5.0,7.0,pbp
401620327,,monique billings,0.0,5.0,5.0,pbp
401620327,,natasha howard,10.0,5.0,15.0,pbp
401620327,,nneka ogwumike,8.0,6.0,14.0,pbp
401620327,,odyssey sims,9.0,3.0,12.0,pbp
401620327,,sami whitcomb,0.0,8.0,8.0,pbp
401620327,,sevgi uzun,2.0,0.0,2.0,pbp
401620327,,skylar diggins-smith,8.0,0.0,8.0,pbp
401620327,,stephanie soares,0.0,2.0,2.0,pbp
401620327,,teaira mccowan,5.0,2.0,7.0,pbp
401620327,,victoria vivians,0.0,4.0,4.0,pbp
401620328,,alanna smith,7.0,2.0,9.0,pbp
401620328,,betnijah laney-hamilton,7.0,2.0,9.0,pbp
401620328,,breanna stewart,4.0,13.0,17.0,pbp
401620328,,bridget carleton,1.0,0.0,1.0,pbp
401620328,,cecilia zandalasini,5.0,7.0,12.0,pbp
401620328,,courtney vandersloot,5.0,0.0,5.0,pbp
401620328,,courtney williams,4.0,5.0,9.0,pbp
401620328,,dorka juhasz,0.0,2.0,2.0,pbp
401620328,,jonquel jones,13.0,8.0,21.0,pbp
401620328,,kayla mcbride,13.0,4.0,17.0,pbp
401620328,,kennedy burke,2.0,0.0,2.0,pbp
401620328,,leonie fiebich,2.0,3.0,5.0,pbp
401620328,,napheesa collier,10.0,5.0,15.0,pbp
401620328,,natisha hiedeman,2.0,0.0,2.0,pbp
401620328,,sabrina ionescu,9.0,8.0,17.0,pbp
401620329,,allisha gray,14.0,5.0,19.0,pbp
401620329,,angel reese,8.0,4.0,12.0,pbp
401620329,,chennedy carter,12.0,14.0,26.0,pbp
401620329,,cheyenne parker-tyus,5.0,6.0,11.0,pbp
401620329,,dana evans,8.0,6.0,14.0,pbp
401620329,,diamond deshields,0.0,9.0,9.0,pbp
401620329,,haley jones,6.0,0.0,6.0,pbp
401620329,,isabelle harrison,4.0,2.0,6.0,pbp
401620329,,jordin canada,2.0,9.0,11.0,pbp
401620329,,kamilla cardoso,4.0,4.0,8.0,pbp
401620329,,lindsay allen,5.0,1.0,6.0,pbp
401620329,,marina mabrey,2.0,2.0,4.0,pbp
401620329,,maya caldwell,0.0,2.0,2.0,pbp
401620329,,naz hillmon,2.0,2.0,4.0,pbp
401620329,,nia coffey,2.0,3.0,5.0,pbp
401620329,,tina charles,10.0,9.0,19.0,pbp
401620330,,a'ja wilson,18.0,10.0,28.0,pbp
401620330,,aliyah boston,8.0,10.0,18.0,pbp
401620330,,alysha clark,2.0,0.0,2.0,pbp
401620330,,caitlin clark,5.0,8.0,13.0,pbp
401620330,,chelsea gray,4.0,0.0,4.0,pbp
401620330,,erica wheeler,2.0,0.0,2.0,pbp
401620330,,jackie young,5.0,10.0,15.0,pbp
401620330,,katie lou samuelson,4.0,0.0,4.0,pbp
401620330,,kelsey mitchell,12.0,11.0,23.0,pbp
401620330,,kelsey plum,14.0,20.0,34.0,pbp
401620330,,kiah stokes,0.0,2.0,2.0,pbp
401620330,,kristy wallace,2.0,0.0,2.0,pbp
401620330,,nalyssa smith,2.0,3.0,5.0,pbp
401620330,,sydney colson,3.0,0.0,3.0,pbp
401620330,,temi fagbenle,2.0,0.0,2.0,pbp
401620331,,aaliyah edwards,4.0,2.0,6.0,pbp
401620331,,aari mcdonald,7.0,10.0,17.0,pbp
401620331,,ariel atkins,8.0,4.0,12.0,pbp
401620331,,dearica hamby,8.0,8.0,16.0,pbp
401620331,,emily engstler,0.0,2.0,2.0,pbp
401620331,,jade melbourne,0.0,4.0,4.0,pbp
401620331,,julie vanloo,6.0,9.0,15.0,pbp
401620331,,kia nurse,0.0,7.0,7.0,pbp
401620331,,layshia clarendon,0.0,2.0,2.0,pbp
401620331,,li yueru,4.0,0.0,4.0,pbp
401620331,,myisha hines-allen,10.0,6.0,16.0,pbp
401620331,,rae burrell,2.0,0.0,2.0,pbp
401620331,,rickea jackson,7.0,5.0,12.0,pbp
401620331,,shatori walker-kimbrough,5.0,12.0,17.0,pbp
401620331,,stefanie dolson,5.0,5.0,10.0,pbp
401620331,,stephanie talbot,12.0,5.0,17.0,pbp
401620331,,zia cooke,2.0,0.0,2.0,pbp
401620332,,arike ogunbowale,11.0,15.0,26.0,pbp
401620332,,brittney griner,8.0,16.0,24.0,pbp
401620332,,diana taurasi,12.0,3.0,15.0,pbp
401620332,,jacy sheldon,2.0,0.0,2.0,pbp
401620332,,kahleah copper,17.0,17.0,34.0,pbp
401620332,,kalani brown,4.0,2.0,6.0,pbp
401620332,,monique billings,3.0,0.0,3.0,pbp
401620332,,natasha cloud,2.0,9.0,11.0,pbp
401620332,,natasha howard,14.0,22.0,36.0,pbp
401620332,,odyssey sims,2.0,11.0,13.0,pbp
401620332,,rebecca allen,11.0,3.0,14.0,pbp
401620332,,sevgi uzun,4.0,3.0,7.0,pbp
401620332,,sophie cunningham,5.0,0.0,5.0,pbp
401620332,,teaira mccowan,3.0,0.0,3.0,pbp
401620333,,alanna smith,9.0,5.0,14.0,pbp
401620333,,alyssa thomas,2.0,11.0,13.0,pbp
401620333,,bridget carleton,3.0,8.0,11.0,pbp
401620333,,brionna jones,5.0,2.0,7.0,pbp
401620333,,cecilia zandalasini,0.0,2.0,2.0,pbp
401620333,,courtney williams,8.0,4.0,12.0,pbp
401620333,,dewanna bonner,15.0,9.0,24.0,pbp
401620333,,diamond miller,0.0,3.0,3.0,pbp
401620333,,dijonai carrington,5.0,12.0,17.0,pbp
401620333,,dorka juhasz,6.0,0.0,6.0,pbp
401620333,,kayla mcbride,8.0,5.0,13.0,pbp
401620333,,napheesa collier,4.0,5.0,9.0,pbp
401620333,,olivia epoupa,2.0,0.0,2.0,pbp
401620333,,olivia nelson-ododa,0.0,2.0,2.0,pbp
401620333,,rachel banham,0.0,2.0,2.0,pbp
401620333,,tiffany mitchell,2.0,2.0,4.0,pbp
401620333,,veronica burton,7.0,2.0,9.0,pbp
401620334,,a'ja wilson,8.0,10.0,18.0,pbp
401620334,,aaliyah edwards,3.0,3.0,6.0,pbp
401620334,,alysha clark,4.0,0.0,4.0,pbp
401620334,,ariel atkins,8.0,10.0,18.0,pbp
401620334,,chelsea gray,5.0,3.0,8.0,pbp
401620334,,didi richards,0.0,3.0,3.0,pbp
401620334,,emily engstler,6.0,4.0,10.0,pbp
401620334,,jackie young,10.0,10.0,20.0,pbp
401620334,,jade melbourne,3.0,5.0,8.0,pbp
401620334,,jakia brown-turner,0.0,2.0,2.0,pbp
401620334,,julie vanloo,3.0,2.0,5.0,pbp
401620334,,kelsey plum,16.0,12.0,28.0,pbp
401620334,,kierstan bell,0.0,5.0,5.0,pbp
401620334,,megan gustafson,5.0,4.0,9.0,pbp
401620334,,myisha hines-allen,2.0,4.0,6.0,pbp
401620334,,shatori walker-kimbrough,10.0,9.0,19.0,pbp
401620334,,tiffany hayes,0.0,6.0,6.0,pbp
401620335,,allisha gray,6.0,13.0,19.0,pbp
401620335,,arike ogunbowale,9.0,10.0,19.0,pbp
401620335,,cheyenne parker-tyus,2.0,6.0,8.0,pbp
401620335,,destanni henderson,2.0,0.0,2.0,pbp
401620335,,haley jones,10.0,6.0,16.0,pbp
401620335,,jacy sheldon,9.0,8.0,17.0,pbp
401620335,,maya caldwell,11.0,0.0,11.0,pbp
401620335,,monique billings,4.0,5.0,9.0,pbp
401620335,,natasha howard,4.0,6.0,10.0,pbp
401620335,,naz hillmon,5.0,2.0,7.0,pbp
401620335,,nia coffey,2.0,5.0,7.0,pbp
401620335,,odyssey sims,4.0,10.0,14.0,pbp
401620335,,teaira mccowan,12.0,4.0,16.0,pbp
401620335,,tina charles,3.0,9.0,12.0,pbp
401620336,,a'ja wilson,13.0,22.0,35.0,pbp
401620336,,aari mcdonald,9.0,14.0,23.0,pbp
401620336,,alysha clark,0.0,4.0,4.0,pbp
401620336,,chelsea gray,0.0,3.0,3.0,pbp
401620336,,dearica hamby,13.0,15.0,28.0,pbp
401620336,,jackie young,3.0,14.0,17.0,pbp
401620336,,kate martin,3.0,3.0,6.0,pbp
401620336,,kelsey plum,11.0,10.0,21.0,pbp
401620336,,kiah stokes,2.0,0.0,2.0,pbp
401620336,,layshia clarendon,3.0,3.0,6.0,pbp
401620336,,li yueru,4.0,1.0,5.0,pbp
401620336,,megan gustafson,2.0,0.0,2.0,pbp
401620336,,rae burrell,5.0,4.0,9.0,pbp
401620336,,rickea jackson,12.0,2.0,14.0,pbp
401620336,,stephanie talbot,0.0,13.0,13.0,pbp
401620336,,tiffany hayes,2.0,0.0,2.0,pbp
401620337,,angel reese,16.0,11.0,27.0,pbp
401620337,,chennedy carter,13.0,20.0,33.0,pbp
401620337,,diamond deshields,3.0,1.0,4.0,pbp
401620337,,ezi magbegor,6.0,7.0,13.0,pbp
401620337,,isabelle harrison,0.0,2.0,2.0,pbp
401620337,,jewell loyd,2.0,11.0,13.0,pbp
401620337,,jordan horston,12.0,7.0,19.0,pbp
401620337,,joyner holmes,2.0,0.0,2.0,pbp
401620337,,kamilla cardoso,3.0,6.0,9.0,pbp
401620337,,lindsay allen,0.0,5.0,5.0,pbp
401620337,,marina mabrey,5.0,3.0,8.0,pbp
401620337,,mercedes russell,2.0,6.0,8.0,pbp
401620337,,nneka ogwumike,6.0,10.0,16.0,pbp
401620337,,skylar diggins-smith,12.0,0.0,12.0,pbp
401620338,,aliyah boston,10.0,8.0,18.0,pbp
401620338,,betnijah laney-hamilton,8.0,12.0,20.0,pbp
401620338,,breanna stewart,8.0,6.0,14.0,pbp
401620338,,caitlin clark,13.0,6.0,19.0,pbp
401620338,,courtney vandersloot,0.0,2.0,2.0,pbp
401620338,,damiris dantas,3.0,4.0,7.0,pbp
401620338,,erica wheeler,2.0,0.0,2.0,pbp
401620338,,jonquel jones,5.0,1.0,6.0,pbp
401620338,,katie lou samuelson,0.0,5.0,5.0,pbp
401620338,,kayla thornton,7.0,0.0,7.0,pbp
401620338,,kelsey mitchell,4.0,10.0,14.0,pbp
401620338,,kennedy burke,2.0,3.0,5.0,pbp
401620338,,leonie fiebich,2.0,0.0,2.0,pbp
401620338,,lexie hull,0.0,6.0,6.0,pbp
401620338,,nalyssa smith,7.0,5.0,12.0,pbp
401620338,,sabrina ionescu,6.0,15.0,21.0,pbp
401620339,,aaliyah edwards,4.0,6.0,10.0,pbp
401620339,,alanna smith,3.0,4.0,7.0,pbp
401620339,,alissa pili,0.0,3.0,3.0,pbp
401620339,,ariel atkins,7.0,8.0,15.0,pbp
401620339,,bridget carleton,3.0,10.0,13.0,pbp
401620339,,cecilia zandalasini,3.0,7.0,10.0,pbp
401620339,,courtney williams,11.0,6.0,17.0,pbp
401620339,,diamond miller,5.0,0.0,5.0,pbp
401620339,,didi richards,2.0,0.0,2.0,pbp
401620339,,dorka juhasz,0.0,2.0,2.0,pbp
401620339,,jade melbourne,0.0,4.0,4.0,pbp
401620339,,kayla mcbride,11.0,6.0,17.0,pbp
401620339,,myisha hines-allen,6.0,5.0,11.0,pbp
401620339,,shatori walker-kimbrough,15.0,0.0,15.0,pbp
401620339,,stefanie dolson,2.0,8.0,10.0,pbp
401620340,,allisha gray,9.0,10.0,19.0,pbp
401620340,,alyssa thomas,3.0,4.0,7.0,pbp
401620340,,astou ndour-fall,0.0,2.0,2.0,pbp
401620340,,brionna jones,8.0,3.0,11.0,pbp
401620340,,destanni henderson,0.0,4.0,4.0,pbp
401620340,,dewanna bonner,11.0,12.0,23.0,pbp
401620340,,dijonai carrington,4.0,5.0,9.0,pbp
401620340,,haley jones,2.0,0.0,2.0,pbp
401620340,,laeticia amihere,0.0,6.0,6.0,pbp
401620340,,lorela cubaj,0.0,4.0,4.0,pbp
401620340,,maya caldwell,0.0,5.0,5.0,pbp
401620340,,naz hillmon,2.0,1.0,3.0,pbp
401620340,,nia coffey,9.0,2.0,11.0,pbp
401620340,,olivia nelson-ododa,0.0,4.0,4.0,pbp
401620340,,tiffany mitchell,3.0,10.0,13.0,pbp
401620340,,tina charles,2.0,11.0,13.0,pbp
401620340,,tyasha harris,2.0,6.0,8.0,pbp
401620340,,veronica burton,3.0,0.0,3.0,pbp
401620341,,a'ja wilson,13.0,15.0,28.0,pbp
401620341,,alysha clark,0.0,6.0,6.0,pbp
401620341,,arike ogunbowale,9.0,4.0,13.0,pbp
401620341,,chelsea gray,6.0,6.0,12.0,pbp
401620341,,jackie young,8.0,10.0,18.0,pbp
401620341,,jacy sheldon,6.0,0.0,6.0,pbp
401620341,,kalani brown,3.0,3.0,6.0,pbp
401620341,,kate martin,3.0,3.0,6.0,pbp
401620341,,kelsey plum,13.0,10.0,23.0,pbp
401620341,,megan gustafson,3.0,1.0,4.0,pbp
401620341,,monique billings,6.0,2.0,8.0,pbp
401620341,,natasha howard,4.0,10.0,14.0,pbp
401620341,,odyssey sims,11.0,14.0,25.0,pbp
401620341,,sevgi uzun,0.0,1.0,1.0,pbp
401620341,,stephanie soares,0.0,3.0,3.0,pbp
401620341,,teaira mccowan,9.0,0.0,9.0,pbp
401620341,,tiffany hayes,5.0,2.0,7.0,pbp
401620342,,angel reese,9.0,8.0,17.0,pbp
401620342,,chennedy carter,9.0,12.0,21.0,pbp
401620342,,ezi magbegor,5.0,8.0,13.0,pbp
401620342,,isabelle harrison,5.0,6.0,11.0,pbp
401620342,,jewell loyd,2.0,18.0,20.0,pbp
401620342,,jordan horston,2.0,2.0,4.0,pbp
401620342,,kamilla cardoso,6.0,0.0,6.0,pbp
401620342,,lindsay allen,0.0,2.0,2.0,pbp
401620342,,marina mabrey,10.0,4.0,14.0,pbp
401620342,,mercedes russell,2.0,0.0,2.0,pbp
401620342,,nneka ogwumike,9.0,15.0,24.0,pbp
401620342,,sami whitcomb,6.0,0.0,6.0,pbp
401620342,,skylar diggins-smith,5.0,10.0,15.0,pbp
401620343,,aari mcdonald,4.0,0.0,4.0,pbp
401620343,,azura stevens,6.0,4.0,10.0,pbp
401620343,,brittney griner,5.0,4.0,9.0,pbp
401620343,,dearica hamby,12.0,13.0,25.0,pbp
401620343,,kahleah copper,13.0,12.0,25.0,pbp
401620343,,kia nurse,0.0,2.0,2.0,pbp
401620343,,layshia clarendon,2.0,2.0,4.0,pbp
401620343,,liz dixon,2.0,0.0,2.0,pbp
401620343,,mikiah herbert harrigan,3.0,3.0,6.0,pbp
401620343,,natasha cloud,16.0,15.0,31.0,pbp
401620343,,natasha mack,0.0,2.0,2.0,pbp
401620343,,rae burrell,0.0,4.0,4.0,pbp
401620343,,rickea jackson,10.0,12.0,22.0,pbp
401620343,,sophie cunningham,3.0,5.0,8.0,pbp
401620343,,stephanie talbot,2.0,0.0,2.0,pbp
401620343,,sug sutton,0.0,1.0,1.0,pbp
401620343,,zia cooke,3.0,2.0,5.0,pbp
401620344,,aari mcdonald,2.0,2.0,4.0,pbp
401620344,,alanna smith,4.0,2.0,6.0,pbp
401620344,,alissa pili,3.0,4.0,7.0,pbp
401620344,,azura stevens,5.0,4.0,9.0,pbp
401620344,,bridget carleton,8.0,8.0,16.0,pbp
401620344,,cecilia zandalasini,8.0,3.0,11.0,pbp
401620344,,courtney williams,2.0,2.0,4.0,pbp
401620344,,crystal dangerfield,0.0,2.0,2.0,pbp
401620344,,dearica hamby,9.0,9.0,18.0,pbp
401620344,,diamond miller,6.0,0.0,6.0,pbp
401620344,,dorka juhasz,11.0,4.0,15.0,pbp
401620344,,kayla mcbride,7.0,4.0,11.0,pbp
401620344,,kia nurse,3.0,2.0,5.0,pbp
401620344,,layshia clarendon,6.0,2.0,8.0,pbp
401620344,,li yueru,4.0,0.0,4.0,pbp
401620344,,natisha hiedeman,2.0,3.0,5.0,pbp
401620344,,rae burrell,2.0,4.0,6.0,pbp
401620344,,rickea jackson,2.0,4.0,6.0,pbp
401620344,,sika kone,0.0,1.0,1.0,pbp
401620344,,zia cooke,2.0,3.0,5.0,pbp
401620345,,alyssa thomas,0.0,3.0,3.0,pbp
401620345,,breanna stewart,12.0,6.0,18.0,pbp
401620345,,brionna jones,13.0,4.0,17.0,pbp
401620345,,courtney vandersloot,4.0,7.0,11.0,pbp
401620345,,dewanna bonner,10.0,12.0,22.0,pbp
401620345,,dijonai carrington,6.0,2.0,8.0,pbp
401620345,,jonquel jones,2.0,6.0,8.0,pbp
401620345,,kayla thornton,2.0,2.0,4.0,pbp
401620345,,kennedy burke,2.0,2.0,4.0,pbp
401620345,,leonie fiebich,5.0,0.0,5.0,pbp
401620345,,rachel banham,3.0,0.0,3.0,pbp
401620345,,sabrina ionescu,12.0,9.0,21.0,pbp
401620345,,tiffany mitchell,2.0,2.0,4.0,pbp
401620345,,tyasha harris,4.0,7.0,11.0,pbp
401620346,,aaliyah edwards,8.0,4.0,12.0,pbp
401620346,,aliyah boston,2.0,4.0,6.0,pbp
401620346,,ariel atkins,13.0,13.0,26.0,pbp
401620346,,caitlin clark,7.0,21.0,28.0,pbp
401620346,,damiris dantas,0.0,2.0,2.0,pbp
401620346,,emily engstler,2.0,2.0,4.0,pbp
401620346,,erica wheeler,4.0,2.0,6.0,pbp
401620346,,jade melbourne,7.0,2.0,9.0,pbp
401620346,,julie vanloo,6.0,7.0,13.0,pbp
401620346,,katie lou samuelson,5.0,3.0,8.0,pbp
401620346,,kelsey mitchell,10.0,5.0,15.0,pbp
401620346,,kristy wallace,2.0,0.0,2.0,pbp
401620346,,lexie hull,0.0,5.0,5.0,pbp
401620346,,myisha hines-allen,2.0,0.0,2.0,pbp
401620346,,nalyssa smith,7.0,4.0,11.0,pbp
401620346,,shatori walker-kimbrough,6.0,4.0,10.0,pbp
401620346,,stefanie dolson,7.0,6.0,13.0,pbp
401620347,,allisha gray,7.0,13.0,20.0,pbp
401620347,,angel reese,7.0,4.0,11.0,pbp
401620347,,chennedy carter,15.0,4.0,19.0,pbp
401620347,,cheyenne parker-tyus,3.0,2.0,5.0,pbp
401620347,,dana evans,2.0,7.0,9.0,pbp
401620347,,destanni henderson,0.0,5.0,5.0,pbp
401620347,,diamond deshields,2.0,0.0,2.0,pbp
401620347,,haley jones,8.0,4.0,12.0,pbp
401620347,,isabelle harrison,0.0,6.0,6.0,pbp
401620347,,kamilla cardoso,2.0,8.0,10.0,pbp
401620347,,lindsay allen,0.0,5.0,5.0,pbp
401620347,,marina mabrey,3.0,6.0,9.0,pbp
401620347,,maya caldwell,6.0,0.0,6.0,pbp
401620347,,michaela onyenwere,7.0,0.0,7.0,pbp
401620347,,naz hillmon,6.0,6.0,12.0,pbp
401620347,,tina charles,4.0,5.0,9.0,pbp
401620348,,a'ja wilson,8.0,16.0,24.0,pbp
401620348,,alysha clark,2.0,3.0,5.0,pbp
401620348,,chelsea gray,5.0,6.0,11.0,pbp
401620348,,ezi magbegor,8.0,2.0,10.0,pbp
401620348,,jackie young,6.0,21.0,27.0,pbp
401620348,,jewell loyd,9.0,19.0,28.0,pbp
401620348,,jordan horston,2.0,0.0,2.0,pbp
401620348,,joyner holmes,2.0,6.0,8.0,pbp
401620348,,kelsey plum,5.0,8.0,13.0,pbp
401620348,,nneka ogwumike,7.0,2.0,9.0,pbp
401620348,,sami whitcomb,2.0,2.0,4.0,pbp
401620348,,skylar diggins-smith,6.0,10.0,16.0,pbp
401620348,,tiffany hayes,4.0,0.0,4.0,pbp
401620348,,victoria vivians,0.0,2.0,2.0,pbp
401620349,,arike ogunbowale,8.0,4.0,12.0,pbp
401620349,,brittney griner,13.0,10.0,23.0,pbp
401620349,,jacy sheldon,0.0,4.0,4.0,pbp
401620349,,kahleah copper,18.0,14.0,32.0,pbp
401620349,,kalani brown,6.0,0.0,6.0,pbp
401620349,,mikiah herbert harrigan,4.0,8.0,12.0,pbp
401620349,,monique billings,2.0,6.0,8.0,pbp
401620349,,natasha cloud,6.0,8.0,14.0,pbp
401620349,,natasha howard,12.0,7.0,19.0,pbp
401620349,,natasha mack,2.0,2.0,4.0,pbp
401620349,,odyssey sims,10.0,9.0,19.0,pbp
401620349,,rebecca allen,5.0,3.0,8.0,pbp
401620349,,sophie cunningham,1.0,6.0,7.0,pbp
401620349,,teaira mccowan,7.0,8.0,15.0,pbp
401620350,,angel reese,4.0,6.0,10.0,pbp
401620350,,breanna stewart,11.0,8.0,19.0,pbp
401620350,,chennedy carter,14.0,8.0,22.0,pbp
401620350,,courtney vandersloot,0.0,2.0,2.0,pbp
401620350,,isabelle harrison,4.0,8.0,12.0,pbp
401620350,,jonquel jones,11.0,7.0,18.0,pbp
401620350,,kamilla cardoso,6.0,2.0,8.0,pbp
401620350,,kayla thornton,5.0,11.0,16.0,pbp
401620350,,leonie fiebich,9.0,4.0,13.0,pbp
401620350,,lindsay allen,0.0,5.0,5.0,pbp
401620350,,marina mabrey,12.0,3.0,15.0,pbp
401620350,,michaela onyenwere,0.0,4.0,4.0,pbp
401620350,,nyara sabally,0.0,2.0,2.0,pbp
401620350,,sabrina ionescu,2.0,19.0,21.0,pbp
401620351,,a'ja wilson,19.0,14.0,33.0,pbp
401620351,,allisha gray,4.0,7.0,11.0,pbp
401620351,,alysha clark,3.0,0.0,3.0,pbp
401620351,,chelsea gray,1.0,4.0,5.0,pbp
401620351,,cheyenne parker-tyus,11.0,6.0,17.0,pbp
401620351,,destanni henderson,0.0,8.0,8.0,pbp
401620351,,haley jones,3.0,0.0,3.0,pbp
401620351,,jackie young,10.0,8.0,18.0,pbp
401620351,,kate martin,0.0,6.0,6.0,pbp
401620351,,kelsey plum,10.0,4.0,14.0,pbp
401620351,,maya caldwell,4.0,9.0,13.0,pbp
401620351,,naz hillmon,0.0,2.0,2.0,pbp
401620351,,nia coffey,4.0,0.0,4.0,pbp
401620351,,tiffany hayes,1.0,2.0,3.0,pbp
401620351,,tina charles,4.0,8.0,12.0,pbp
401620352,,aliyah boston,10.0,11.0,21.0,pbp
401620352,,brittney griner,4.0,0.0,4.0,pbp
401620352,,caitlin clark,15.0,5.0,20.0,pbp
401620352,,celeste taylor,0.0,1.0,1.0,pbp
401620352,,erica wheeler,0.0,2.0,2.0,pbp
401620352,,kahleah copper,13.0,23.0,36.0,pbp
401620352,,katie lou samuelson,4.0,2.0,6.0,pbp
401620352,,kelsey mitchell,17.0,11.0,28.0,pbp
401620352,,lexie hull,2.0,2.0,4.0,pbp
401620352,,mikiah herbert harrigan,0.0,10.0,10.0,pbp
401620352,,nalyssa smith,7.0,7.0,14.0,pbp
401620352,,natasha mack,6.0,4.0,10.0,pbp
401620352,,rebecca allen,2.0,2.0,4.0,pbp
401620352,,sophie cunningham,10.0,11.0,21.0,pbp
401620353,,alanna smith,2.0,0.0,2.0,pbp
401620353,,alissa pili,0.0,2.0,2.0,pbp
401620353,,bridget carleton,2.0,0.0,2.0,pbp
401620353,,cecilia zandalasini,3.0,4.0,7.0,pbp
401620353,,courtney williams,2.0,4.0,6.0,pbp
401620353,,diamond miller,4.0,0.0,4.0,pbp
401620353,,dorka juhasz,4.0,0.0,4.0,pbp
401620353,,ezi magbegor,4.0,6.0,10.0,pbp
401620353,,jewell loyd,9.0,5.0,14.0,pbp
401620353,,jordan horston,2.0,2.0,4.0,pbp
401620353,,joyner holmes,0.0,3.0,3.0,pbp
401620353,,kayla mcbride,16.0,10.0,26.0,pbp
401620353,,mercedes russell,0.0,2.0,2.0,pbp
401620353,,natisha hiedeman,4.0,0.0,4.0,pbp
401620353,,nneka ogwumike,19.0,7.0,26.0,pbp
401620353,,sami whitcomb,3.0,11.0,14.0,pbp
401620353,,sika kone,0.0,5.0,5.0,pbp
401620353,,skylar diggins-smith,8.0,2.0,10.0,pbp
401620353,,victoria vivians,5.0,2.0,7.0,pbp
401620354,,angel reese,6.0,2.0,8.0,pbp
401620354,,chennedy carter,0.0,7.0,7.0,pbp
401620354,,courtney vandersloot,0.0,1.0,1.0,pbp
401620354,,dana evans,3.0,0.0,3.0,pbp
401620354,,ivana dojkic,11.0,1.0,12.0,pbp
401620354,,jonquel jones,6.0,8.0,14.0,pbp
401620354,,kamilla cardoso,4.0,2.0,6.0,pbp
401620354,,kennedy burke,5.0,2.0,7.0,pbp
401620354,,leonie fiebich,8.0,5.0,13.0,pbp
401620354,,lindsay allen,2.0,6.0,8.0,pbp
401620354,,marina mabrey,10.0,10.0,20.0,pbp
401620354,,michaela onyenwere,8.0,6.0,14.0,pbp
401620354,,nyara sabally,4.0,2.0,6.0,pbp
401620354,,sabrina ionescu,9.0,19.0,28.0,pbp
401620355,,aari mcdonald,4.0,8.0,12.0,pbp
401620355,,arike ogunbowale,10.0,2.0,12.0,pbp
401620355,,azura stevens,8.0,8.0,16.0,pbp
401620355,,dearica hamby,17.0,10.0,27.0,pbp
401620355,,jacy sheldon,2.0,4.0,6.0,pbp
401620355,,kalani brown,5.0,8.0,13.0,pbp
401620355,,kia nurse,0.0,3.0,3.0,pbp
401620355,,layshia clarendon,2.0,0.0,2.0,pbp
401620355,,natasha howard,10.0,4.0,14.0,pbp
401620355,,odyssey sims,9.0,14.0,23.0,pbp
401620355,,rae burrell,2.0,0.0,2.0,pbp
401620355,,rickea jackson,12.0,11.0,23.0,pbp
401620355,,sevgi uzun,0.0,3.0,3.0,pbp
401620355,,stephanie talbot,0.0,2.0,2.0,pbp
401620355,,teaira mccowan,8.0,2.0,10.0,pbp
401620356,,alyssa thomas,4.0,2.0,6.0,pbp
401620356,,brionna jones,12.0,4.0,16.0,pbp
401620356,,brittney griner,10.0,6.0,16.0,pbp
401620356,,celeste taylor,2.0,0.0,2.0,pbp
401620356,,dewanna bonner,11.0,6.0,17.0,pbp
401620356,,diana taurasi,3.0,3.0,6.0,pbp
401620356,,dijonai carrington,4.0,8.0,12.0,pbp
401620356,,kahleah copper,14.0,3.0,17.0,pbp
401620356,,mikiah herbert harrigan,0.0,1.0,1.0,pbp
401620356,,natasha cloud,8.0,2.0,10.0,pbp
401620356,,natasha mack,2.0,2.0,4.0,pbp
401620356,,olivia nelson-ododa,0.0,8.0,8.0,pbp
401620356,,rachel banham,12.0,11.0,23.0,pbp
401620356,,rebecca allen,3.0,3.0,6.0,pbp
401620356,,sophie cunningham,0.0,7.0,7.0,pbp
401620356,,tiffany mitchell,2.0,2.0,4.0,pbp
401620356,,tyasha harris,3.0,5.0,8.0,pbp
401620356,,veronica burton,0.0,1.0,1.0,pbp
401620357,,a'ja wilson,10.0,18.0,28.0,pbp
401620357,,aaliyah edwards,4.0,2.0,6.0,pbp
401620357,,alysha clark,1.0,7.0,8.0,pbp
401620357,,ariel atkins,21.0,15.0,36.0,pbp
401620357,,chelsea gray,0.0,2.0,2.0,pbp
401620357,,didi richards,2.0,0.0,2.0,pbp
401620357,,emily engstler,2.0,2.0,4.0,pbp
401620357,,jackie young,5.0,2.0,7.0,pbp
401620357,,julie vanloo,3.0,6.0,9.0,pbp
401620357,,kate martin,3.0,0.0,3.0,pbp
401620357,,kelsey plum,12.0,10.0,22.0,pbp
401620357,,megan gustafson,2.0,0.0,2.0,pbp
401620357,,myisha hines-allen,0.0,6.0,6.0,pbp
401620357,,shatori walker-kimbrough,6.0,3.0,9.0,pbp
401620357,,stefanie dolson,5.0,0.0,5.0,pbp
401620357,,tiffany hayes,7.0,10.0,17.0,pbp
401620358,,aerial powers,6.0,8.0,14.0,pbp
401620358,,allisha gray,4.0,8.0,12.0,pbp
401620358,,cheyenne parker-tyus,4.0,4.0,8.0,pbp
401620358,,ezi magbegor,8.0,10.0,18.0,pbp
401620358,,haley jones,0.0,2.0,2.0,pbp
401620358,,jewell loyd,5.0,9.0,14.0,pbp
401620358,,jordan horston,6.0,10.0,16.0,pbp
401620358,,maya caldwell,9.0,10.0,19.0,pbp
401620358,,mercedes russell,0.0,2.0,2.0,pbp
401620358,,nia coffey,3.0,0.0,3.0,pbp
401620358,,nneka ogwumike,7.0,3.0,10.0,pbp
401620358,,sami whitcomb,10.0,3.0,13.0,pbp
401620358,,skylar diggins-smith,3.0,0.0,3.0,pbp
401620358,,tina charles,10.0,2.0,12.0,pbp
401620358,,victoria vivians,3.0,2.0,5.0,pbp
401620359,,alanna smith,15.0,3.0,18.0,pbp
401620359,,aliyah boston,11.0,6.0,17.0,pbp
401620359,,bridget carleton,3.0,14.0,17.0,pbp
401620359,,caitlin clark,7.0,10.0,17.0,pbp
401620359,,cecilia zandalasini,5.0,5.0,10.0,pbp
401620359,,courtney williams,4.0,6.0,10.0,pbp
401620359,,damiris dantas,2.0,3.0,5.0,pbp
401620359,,dorka juhasz,4.0,4.0,8.0,pbp
401620359,,katie lou samuelson,3.0,5.0,8.0,pbp
401620359,,kayla mcbride,7.0,4.0,11.0,pbp
401620359,,kelsey mitchell,7.0,14.0,21.0,pbp
401620359,,lexie hull,2.0,0.0,2.0,pbp
401620359,,nalyssa smith,6.0,5.0,11.0,pbp
401620360,,aaliyah edwards,8.0,2.0,10.0,pbp
401620360,,ariel atkins,9.0,5.0,14.0,pbp
401620360,,brittney griner,15.0,8.0,23.0,pbp
401620360,,celeste taylor,0.0,1.0,1.0,pbp
401620360,,diana taurasi,12.0,6.0,18.0,pbp
401620360,,emily engstler,3.0,0.0,3.0,pbp
401620360,,jade melbourne,2.0,0.0,2.0,pbp
401620360,,julie vanloo,5.0,12.0,17.0,pbp
401620360,,kahleah copper,6.0,16.0,22.0,pbp
401620360,,myisha hines-allen,8.0,10.0,18.0,pbp
401620360,,natasha cloud,4.0,8.0,12.0,pbp
401620360,,natasha mack,2.0,2.0,4.0,pbp
401620360,,rebecca allen,5.0,0.0,5.0,pbp
401620360,,shatori walker-kimbrough,8.0,7.0,15.0,pbp
401620360,,sophie cunningham,0.0,11.0,11.0,pbp
401620360,,stefanie dolson,3.0,5.0,8.0,pbp
401620361,,aari mcdonald,2.0,6.0,8.0,pbp
401620361,,azura stevens,7.0,17.0,24.0,pbp
401620361,,dearica hamby,6.0,9.0,15.0,pbp
401620361,,ezi magbegor,4.0,2.0,6.0,pbp
401620361,,jewell loyd,10.0,20.0,30.0,pbp
401620361,,jordan horston,10.0,4.0,14.0,pbp
401620361,,layshia clarendon,0.0,2.0,2.0,pbp
401620361,,mercedes russell,0.0,2.0,2.0,pbp
401620361,,nneka ogwumike,6.0,17.0,23.0,pbp
401620361,,rae burrell,12.0,6.0,18.0,pbp
401620361,,rickea jackson,10.0,6.0,16.0,pbp
401620361,,sami whitcomb,0.0,3.0,3.0,pbp
401620361,,skylar diggins-smith,8.0,0.0,8.0,pbp
401620361,,victoria vivians,3.0,0.0,3.0,pbp
401620362,,alyssa thomas,12.0,4.0,16.0,pbp
401620362,,brionna jones,11.0,6.0,17.0,pbp
401620362,,courtney vandersloot,8.0,2.0,10.0,pbp
401620362,,dewanna bonner,6.0,2.0,8.0,pbp
401620362,,dijonai carrington,1.0,12.0,13.0,pbp
401620362,,ivana dojkic,5.0,2.0,7.0,pbp
401620362,,jonquel jones,2.0,6.0,8.0,pbp
401620362,,kayla thornton,2.0,5.0,7.0,pbp
401620362,,kennedy burke,2.0,7.0,9.0,pbp
401620362,,leonie fiebich,7.0,2.0,9.0,pbp
401620362,,nyara sabally,2.0,0.0,2.0,pbp
401620362,,rachel banham,0.0,2.0,2.0,pbp
401620362,,sabrina ionescu,17.0,13.0,30.0,pbp
401620362,,tiffany mitchell,4.0,1.0,5.0,pbp
401620362,,tyasha harris,6.0,5.0,11.0,pbp
401620362,,veronica burton,2.0,0.0,2.0,pbp
401620363,,a'ja wilson,11.0,17.0,28.0,pbp
401620363,,angel reese,2.0,11.0,13.0,pbp
401620363,,chelsea gray,5.0,2.0,7.0,pbp
401620363,,chennedy carter,16.0,18.0,34.0,pbp
401620363,,dana evans,2.0,0.0,2.0,pbp
401620363,,isabelle harrison,4.0,4.0,8.0,pbp
401620363,,jackie young,10.0,6.0,16.0,pbp
401620363,,kamilla cardoso,6.0,0.0,6.0,pbp
401620363,,kelsey plum,2.0,6.0,8.0,pbp
401620363,,lindsay allen,0.0,6.0,6.0,pbp
401620363,,marina mabrey,9.0,6.0,15.0,pbp
401620363,,megan gustafson,0.0,3.0,3.0,pbp
401620363,,michaela onyenwere,5.0,4.0,9.0,pbp
401620363,,sydney colson,0.0,3.0,3.0,pbp
401620363,,tiffany hayes,8.0,11.0,19.0,pbp
401620364,,aerial powers,3.0,8.0,11.0,pbp
401620364,,alanna smith,4.0,9.0,13.0,pbp
401620364,,allisha gray,7.0,0.0,7.0,pbp
401620364,,bridget carleton,6.0,3.0,9.0,pbp
401620364,,cheyenne parker-tyus,2.0,14.0,16.0,pbp
401620364,,courtney williams,8.0,0.0,8.0,pbp
401620364,,destanni henderson,0.0,5.0,5.0,pbp
401620364,,diamond miller,2.0,0.0,2.0,pbp
401620364,,dorka juhasz,0.0,6.0,6.0,pbp
401620364,,haley jones,2.0,0.0,2.0,pbp
401620364,,kayla mcbride,13.0,17.0,30.0,pbp
401620364,,maya caldwell,2.0,0.0,2.0,pbp
401620364,,natisha hiedeman,0.0,18.0,18.0,pbp
401620364,,naz hillmon,0.0,4.0,4.0,pbp
401620364,,nia coffey,5.0,0.0,5.0,pbp
401620364,,rhyne howard,6.0,9.0,15.0,pbp
401620364,,tina charles,8.0,4.0,12.0,pbp
401620365,,aliyah boston,20.0,8.0,28.0,pbp
401620365,,arike ogunbowale,14.0,10.0,24.0,pbp
401620365,,caitlin clark,14.0,10.0,24.0,pbp
401620365,,damiris dantas,4.0,2.0,6.0,pbp
401620365,,jacy sheldon,0.0,11.0,11.0,pbp
401620365,,kalani brown,7.0,6.0,13.0,pbp
401620365,,katie lou samuelson,0.0,3.0,3.0,pbp
401620365,,kelsey mitchell,4.0,9.0,13.0,pbp
401620365,,lexie hull,0.0,6.0,6.0,pbp
401620365,,monique billings,0.0,2.0,2.0,pbp
401620365,,nalyssa smith,4.0,9.0,13.0,pbp
401620365,,natasha howard,8.0,9.0,17.0,pbp
401620365,,odyssey sims,17.0,7.0,24.0,pbp
401620365,,teaira mccowan,8.0,2.0,10.0,pbp
401620366,,angel reese,3.0,8.0,11.0,pbp
401620366,,brittney griner,12.0,11.0,23.0,pbp
401620366,,celeste taylor,3.0,3.0,6.0,pbp
401620366,,dana evans,2.0,12.0,14.0,pbp
401620366,,diamond deshields,2.0,4.0,6.0,pbp
401620366,,diana taurasi,5.0,6.0,11.0,pbp
401620366,,isabelle harrison,2.0,3.0,5.0,pbp
401620366,,kahleah copper,17.0,11.0,28.0,pbp
401620366,,kamilla cardoso,4.0,6.0,10.0,pbp
401620366,,lindsay allen,5.0,0.0,5.0,pbp
401620366,,michaela onyenwere,5.0,0.0,5.0,pbp
401620366,,mikiah herbert harrigan,2.0,0.0,2.0,pbp
401620366,,moriah jefferson,2.0,0.0,2.0,pbp
401620366,,natasha cloud,3.0,0.0,3.0,pbp
401620366,,natasha mack,2.0,1.0,3.0,pbp
401620366,,rachel banham,3.0,4.0,7.0,pbp
401620366,,sophie cunningham,5.0,3.0,8.0,pbp
401620367,,aaliyah edwards,2.0,7.0,9.0,pbp
401620367,,alanna smith,5.0,7.0,12.0,pbp
401620367,,ariel atkins,2.0,10.0,12.0,pbp
401620367,,bridget carleton,2.0,2.0,4.0,pbp
401620367,,brittney sykes,8.0,3.0,11.0,pbp
401620367,,cecilia zandalasini,4.0,0.0,4.0,pbp
401620367,,courtney williams,2.0,12.0,14.0,pbp
401620367,,diamond miller,2.0,0.0,2.0,pbp
401620367,,dorka juhasz,5.0,2.0,7.0,pbp
401620367,,jade melbourne,8.0,2.0,10.0,pbp
401620367,,karlie samuelson,3.0,4.0,7.0,pbp
401620367,,kayla mcbride,2.0,10.0,12.0,pbp
401620367,,myisha hines-allen,0.0,2.0,2.0,pbp
401620367,,napheesa collier,13.0,4.0,17.0,pbp
401620367,,natisha hiedeman,0.0,7.0,7.0,pbp
401620367,,shakira austin,6.0,3.0,9.0,pbp
401620367,,shatori walker-kimbrough,2.0,0.0,2.0,pbp
401620367,,stefanie dolson,6.0,0.0,6.0,pbp
401620368,,azura stevens,2.0,3.0,5.0,pbp
401620368,,breanna stewart,14.0,12.0,26.0,pbp
401620368,,courtney vandersloot,6.0,2.0,8.0,pbp
401620368,,crystal dangerfield,2.0,4.0,6.0,pbp
401620368,,dearica hamby,8.0,6.0,14.0,pbp
401620368,,ivana dojkic,4.0,3.0,7.0,pbp
401620368,,jonquel jones,7.0,2.0,9.0,pbp
401620368,,kayla thornton,8.0,8.0,16.0,pbp
401620368,,kennedy burke,2.0,4.0,6.0,pbp
401620368,,kia nurse,4.0,6.0,10.0,pbp
401620368,,leonie fiebich,4.0,0.0,4.0,pbp
401620368,,li yueru,1.0,0.0,1.0,pbp
401620368,,marquesha davis,0.0,2.0,2.0,pbp
401620368,,nyara sabally,0.0,6.0,6.0,pbp
401620368,,rae burrell,7.0,8.0,15.0,pbp
401620368,,rickea jackson,4.0,9.0,13.0,pbp
401620368,,sabrina ionescu,12.0,6.0,18.0,pbp
401620368,,zia cooke,0.0,3.0,3.0,pbp
401620369,,allisha gray,8.0,11.0,19.0,pbp
401620369,,cheyenne parker-tyus,2.0,0.0,2.0,pbp
401620369,,ezi magbegor,2.0,4.0,6.0,pbp
401620369,,jewell loyd,6.0,15.0,21.0,pbp
401620369,,jordan horston,2.0,0.0,2.0,pbp
401620369,,jordin canada,0.0,10.0,10.0,pbp
401620369,,joyner holmes,2.0,0.0,2.0,pbp
401620369,,naz hillmon,0.0,6.0,6.0,pbp
401620369,,nneka ogwumike,9.0,7.0,16.0,pbp
401620369,,rhyne howard,11.0,19.0,30.0,pbp
401620369,,sami whitcomb,3.0,2.0,5.0,pbp
401620369,,skylar diggins-smith,17.0,12.0,29.0,pbp
401620369,,tina charles,8.0,8.0,16.0,pbp
401620370,,aliyah boston,10.0,4.0,14.0,pbp
401620370,,brittney griner,4.0,6.0,10.0,pbp
401620370,,caitlin clark,16.0,13.0,29.0,pbp
401620370,,damiris dantas,2.0,0.0,2.0,pbp
401620370,,diana taurasi,8.0,8.0,16.0,pbp
401620370,,erica wheeler,3.0,0.0,3.0,pbp
401620370,,kahleah copper,11.0,21.0,32.0,pbp
401620370,,katie lou samuelson,0.0,3.0,3.0,pbp
401620370,,kelsey mitchell,12.0,16.0,28.0,pbp
401620370,,lexie hull,0.0,6.0,6.0,pbp
401620370,,mikiah herbert harrigan,3.0,3.0,6.0,pbp
401620370,,nalyssa smith,11.0,2.0,13.0,pbp
401620370,,natasha cloud,11.0,8.0,19.0,pbp
401620370,,sophie cunningham,0.0,6.0,6.0,pbp
401620371,,alyssa thomas,6.0,6.0,12.0,pbp
401620371,,arike ogunbowale,10.0,11.0,21.0,pbp
401620371,,astou ndour-fall,0.0,4.0,4.0,pbp
401620371,,brionna jones,6.0,6.0,12.0,pbp
401620371,,celeste taylor,0.0,2.0,2.0,pbp
401620371,,dewanna bonner,13.0,16.0,29.0,pbp
401620371,,jacy sheldon,3.0,7.0,10.0,pbp
401620371,,jaelyn brown,2.0,0.0,2.0,pbp
401620371,,kalani brown,3.0,4.0,7.0,pbp
401620371,,marina mabrey,13.0,4.0,17.0,pbp
401620371,,natasha howard,7.0,10.0,17.0,pbp
401620371,,olivia nelson-ododa,4.0,6.0,10.0,pbp
401620371,,satou sabally,7.0,12.0,19.0,pbp
401620371,,sevgi uzun,0.0,2.0,2.0,pbp
401620371,,teaira mccowan,5.0,7.0,12.0,pbp
401620371,,tyasha harris,3.0,11.0,14.0,pbp
401620371,,veronica burton,5.0,4.0,9.0,pbp
401620372,,aaliyah edwards,0.0,5.0,5.0,pbp
401620372,,alanna smith,0.0,6.0,6.0,pbp
401620372,,alissa pili,0.0,6.0,6.0,pbp
401620372,,ariel atkins,7.0,4.0,11.0,pbp
401620372,,bridget carleton,10.0,6.0,16.0,pbp
401620372,,brittney sykes,5.0,2.0,7.0,pbp
401620372,,courtney williams,12.0,2.0,14.0,pbp
401620372,,diamond miller,2.0,5.0,7.0,pbp
401620372,,dorka juhasz,5.0,4.0,9.0,pbp
401620372,,emily engstler,0.0,2.0,2.0,pbp
401620372,,jade melbourne,1.0,3.0,4.0,pbp
401620372,,julie vanloo,2.0,0.0,2.0,pbp
401620372,,kayla mcbride,3.0,7.0,10.0,pbp
401620372,,myisha hines-allen,2.0,0.0,2.0,pbp
401620372,,napheesa collier,13.0,17.0,30.0,pbp
401620372,,natisha hiedeman,0.0,1.0,1.0,pbp
401620372,,shakira austin,4.0,12.0,16.0,pbp
401620372,,shatori walker-kimbrough,9.0,2.0,11.0,pbp
401620372,,stefanie dolson,9.0,14.0,23.0,pbp
401620373,,a'ja wilson,12.0,12.0,24.0,pbp
401620373,,alysha clark,2.0,3.0,5.0,pbp
401620373,,breanna stewart,8.0,10.0,18.0,pbp
401620373,,chelsea gray,6.0,7.0,13.0,pbp
401620373,,courtney vandersloot,2.0,2.0,4.0,pbp
401620373,,jackie young,0.0,4.0,4.0,pbp
401620373,,jonquel jones,6.0,4.0,10.0,pbp
401620373,,kayla thornton,2.0,5.0,7.0,pbp
401620373,,kelsey plum,11.0,2.0,13.0,pbp
401620373,,kennedy burke,0.0,3.0,3.0,pbp
401620373,,kiah stokes,0.0,3.0,3.0,pbp
401620373,,leonie fiebich,5.0,7.0,12.0,pbp
401620373,,nyara sabally,2.0,0.0,2.0,pbp
401620373,,sabrina ionescu,17.0,6.0,23.0,pbp
401620373,,tiffany hayes,5.0,0.0,5.0,pbp
401620374,,angel reese,4.0,10.0,14.0,pbp
401620374,,azura stevens,4.0,6.0,10.0,pbp
401620374,,chennedy carter,6.0,3.0,9.0,pbp
401620374,,crystal dangerfield,8.0,3.0,11.0,pbp
401620374,,dana evans,0.0,5.0,5.0,pbp
401620374,,dearica hamby,5.0,2.0,7.0,pbp
401620374,,diamond deshields,2.0,0.0,2.0,pbp
401620374,,isabelle harrison,8.0,1.0,9.0,pbp
401620374,,kamilla cardoso,9.0,6.0,15.0,pbp
401620374,,kia nurse,13.0,3.0,16.0,pbp
401620374,,li yueru,3.0,4.0,7.0,pbp
401620374,,lindsay allen,4.0,12.0,16.0,pbp
401620374,,michaela onyenwere,2.0,4.0,6.0,pbp
401620374,,odyssey sims,0.0,2.0,2.0,pbp
401620374,,rachel banham,7.0,7.0,14.0,pbp
401620374,,rae burrell,3.0,4.0,7.0,pbp
401620374,,rickea jackson,7.0,6.0,13.0,pbp
401620374,,stephanie talbot,3.0,10.0,13.0,pbp
401620375,,allisha gray,4.0,7.0,11.0,pbp
401620375,,alyssa thomas,5.0,8.0,13.0,pbp
401620375,,brionna jones,4.0,8.0,12.0,pbp
401620375,,dewanna bonner,5.0,4.0,9.0,pbp
401620375,,dijonai carrington,2.0,2.0,4.0,pbp
401620375,,haley jones,1.0,2.0,3.0,pbp
401620375,,jordin canada,6.0,12.0,18.0,pbp
401620375,,lorela cubaj,2.0,0.0,2.0,pbp
401620375,,marina mabrey,7.0,3.0,10.0,pbp
401620375,,naz hillmon,5.0,4.0,9.0,pbp
401620375,,nia coffey,3.0,0.0,3.0,pbp
401620375,,olivia nelson-ododa,0.0,6.0,6.0,pbp
401620375,,rhyne howard,6.0,7.0,13.0,pbp
401620375,,tina charles,11.0,11.0,22.0,pbp
401620375,,tyasha harris,6.0,5.0,11.0,pbp
401620375,,veronica burton,3.0,0.0,3.0,pbp
401620376,,a'ja wilson,13.0,21.0,34.0,pbp
401620376,,azura stevens,2.0,0.0,2.0,pbp
401620376,,chelsea gray,8.0,0.0,8.0,pbp
401620376,,crystal dangerfield,2.0,5.0,7.0,pbp
401620376,,dearica hamby,3.0,10.0,13.0,pbp
401620376,,jackie young,7.0,3.0,10.0,pbp
401620376,,kelsey plum,7.0,10.0,17.0,pbp
401620376,,kia nurse,10.0,2.0,12.0,pbp
401620376,,li yueru,2.0,2.0,4.0,pbp
401620376,,megan gustafson,2.0,0.0,2.0,pbp
401620376,,odyssey sims,3.0,0.0,3.0,pbp
401620376,,rae burrell,3.0,6.0,9.0,pbp
401620376,,rickea jackson,7.0,8.0,15.0,pbp
401620376,,stephanie talbot,4.0,0.0,4.0,pbp
401620376,,sydney colson,0.0,4.0,4.0,pbp
401620376,,tiffany hayes,7.0,4.0,11.0,pbp
401620377,,aliyah boston,3.0,6.0,9.0,pbp
401620377,,caitlin clark,8.0,14.0,22.0,pbp
401620377,,damiris dantas,2.0,6.0,8.0,pbp
401620377,,ezi magbegor,5.0,4.0,9.0,pbp
401620377,,jewell loyd,7.0,19.0,26.0,pbp
401620377,,jordan horston,2.0,2.0,4.0,pbp
401620377,,kelsey mitchell,11.0,16.0,27.0,pbp
401620377,,lexie hull,10.0,12.0,22.0,pbp
401620377,,mercedes russell,0.0,1.0,1.0,pbp
401620377,,nalyssa smith,1.0,2.0,3.0,pbp
401620377,,nneka ogwumike,12.0,2.0,14.0,pbp
401620377,,sami whitcomb,6.0,0.0,6.0,pbp
401620377,,skylar diggins-smith,2.0,13.0,15.0,pbp
401620378,,angel reese,6.0,13.0,19.0,pbp
401620378,,brittney griner,8.0,10.0,18.0,pbp
401620378,,chennedy carter,7.0,9.0,16.0,pbp
401620378,,dana evans,2.0,0.0,2.0,pbp
401620378,,diana taurasi,14.0,8.0,22.0,pbp
401620378,,isabelle harrison,8.0,4.0,12.0,pbp
401620378,,kahleah copper,7.0,0.0,7.0,pbp
401620378,,kamilla cardoso,8.0,4.0,12.0,pbp
401620378,,lindsay allen,0.0,2.0,2.0,pbp
401620378,,michaela onyenwere,2.0,0.0,2.0,pbp
401620378,,monique billings,6.0,7.0,13.0,pbp
401620378,,moriah jefferson,2.0,1.0,3.0,pbp
401620378,,natasha cloud,2.0,4.0,6.0,pbp
401620378,,natasha mack,3.0,0.0,3.0,pbp
401620378,,sophie cunningham,8.0,5.0,13.0,pbp
401620378,,sug sutton,3.0,0.0,3.0,pbp
401620379,,alyssa thomas,0.0,9.0,9.0,pbp
401620379,,azura stevens,9.0,5.0,14.0,pbp
401620379,,brionna jones,10.0,5.0,15.0,pbp
401620379,,dearica hamby,4.0,5.0,9.0,pbp
401620379,,dewanna bonner,5.0,2.0,7.0,pbp
401620379,,dijonai carrington,12.0,7.0,19.0,pbp
401620379,,kia nurse,7.0,2.0,9.0,pbp
401620379,,li yueru,6.0,2.0,8.0,pbp
401620379,,marina mabrey,3.0,2.0,5.0,pbp
401620379,,odyssey sims,2.0,5.0,7.0,pbp
401620379,,rickea jackson,7.0,7.0,14.0,pbp
401620379,,tyasha harris,10.0,3.0,13.0,pbp
401620380,,arike ogunbowale,13.0,4.0,17.0,pbp
401620380,,breanna stewart,14.0,12.0,26.0,pbp
401620380,,courtney vandersloot,6.0,9.0,15.0,pbp
401620380,,ivana dojkic,5.0,0.0,5.0,pbp
401620380,,jacy sheldon,2.0,3.0,5.0,pbp
401620380,,jaylyn sherrod,0.0,2.0,2.0,pbp
401620380,,jonquel jones,12.0,11.0,23.0,pbp
401620380,,kalani brown,4.0,3.0,7.0,pbp
401620380,,kayla thornton,5.0,0.0,5.0,pbp
401620380,,kennedy burke,4.0,9.0,13.0,pbp
401620380,,maddy siegrist,2.0,4.0,6.0,pbp
401620380,,natasha howard,10.0,3.0,13.0,pbp
401620380,,nyara sabally,2.0,3.0,5.0,pbp
401620380,,satou sabally,8.0,16.0,24.0,pbp
401620380,,teaira mccowan,0.0,2.0,2.0,pbp
401620381,,aaliyah edwards,2.0,0.0,2.0,pbp
401620381,,ariel atkins,6.0,19.0,25.0,pbp
401620381,,brittney sykes,3.0,9.0,12.0,pbp
401620381,,ezi magbegor,5.0,8.0,13.0,pbp
401620381,,jewell loyd,8.0,10.0,18.0,pbp
401620381,,jordan horston,2.0,1.0,3.0,pbp
401620381,,julie vanloo,3.0,2.0,5.0,pbp
401620381,,nneka ogwumike,14.0,10.0,24.0,pbp
401620381,,sami whitcomb,2.0,4.0,6.0,pbp
401620381,,shakira austin,9.0,15.0,24.0,pbp
401620381,,skylar diggins-smith,11.0,6.0,17.0,pbp
401620381,,stefanie dolson,7.0,2.0,9.0,pbp
401620381,,victoria vivians,2.0,0.0,2.0,pbp
401620382,,allisha gray,8.0,13.0,21.0,pbp
401620382,,brittney griner,8.0,6.0,14.0,pbp
401620382,,diana taurasi,0.0,3.0,3.0,pbp
401620382,,haley jones,0.0,2.0,2.0,pbp
401620382,,jordin canada,4.0,0.0,4.0,pbp
401620382,,kahleah copper,10.0,12.0,22.0,pbp
401620382,,maya caldwell,0.0,6.0,6.0,pbp
401620382,,mikiah herbert harrigan,2.0,0.0,2.0,pbp
401620382,,monique billings,2.0,7.0,9.0,pbp
401620382,,natasha cloud,0.0,6.0,6.0,pbp
401620382,,natasha mack,4.0,0.0,4.0,pbp
401620382,,naz hillmon,2.0,6.0,8.0,pbp
401620382,,rhyne howard,14.0,5.0,19.0,pbp
401620382,,sophie cunningham,0.0,3.0,3.0,pbp
401620382,,tina charles,6.0,6.0,12.0,pbp
401620383,,a'ja wilson,9.0,6.0,15.0,pbp
401620383,,alanna smith,5.0,5.0,10.0,pbp
401620383,,alysha clark,6.0,2.0,8.0,pbp
401620383,,bridget carleton,7.0,5.0,12.0,pbp
401620383,,cecilia zandalasini,8.0,0.0,8.0,pbp
401620383,,chelsea gray,3.0,0.0,3.0,pbp
401620383,,courtney williams,10.0,12.0,22.0,pbp
401620383,,diamond miller,2.0,0.0,2.0,pbp
401620383,,jackie young,14.0,11.0,25.0,pbp
401620383,,kayla mcbride,2.0,9.0,11.0,pbp
401620383,,kelsey plum,6.0,14.0,20.0,pbp
401620383,,megan gustafson,3.0,0.0,3.0,pbp
401620383,,myisha hines-allen,6.0,2.0,8.0,pbp
401620383,,napheesa collier,14.0,9.0,23.0,pbp
401620383,,natisha hiedeman,0.0,2.0,2.0,pbp
401620383,,tiffany hayes,4.0,8.0,12.0,pbp
401620384,,arike ogunbowale,11.0,8.0,19.0,pbp
401620384,,breanna stewart,9.0,10.0,19.0,pbp
401620384,,courtney vandersloot,0.0,5.0,5.0,pbp
401620384,,jacy sheldon,2.0,6.0,8.0,pbp
401620384,,jaylyn sherrod,0.0,4.0,4.0,pbp
401620384,,jonquel jones,9.0,4.0,13.0,pbp
401620384,,kalani brown,2.0,0.0,2.0,pbp
401620384,,kayla thornton,7.0,9.0,16.0,pbp
401620384,,kennedy burke,4.0,2.0,6.0,pbp
401620384,,leonie fiebich,6.0,10.0,16.0,pbp
401620384,,maddy siegrist,2.0,0.0,2.0,pbp
401620384,,natasha howard,10.0,6.0,16.0,pbp
401620384,,satou sabally,4.0,6.0,10.0,pbp
401620384,,teaira mccowan,1.0,13.0,14.0,pbp
401620385,,allisha gray,9.0,13.0,22.0,pbp
401620385,,brittney griner,10.0,12.0,22.0,pbp
401620385,,celeste taylor,6.0,3.0,9.0,pbp
401620385,,diana taurasi,10.0,7.0,17.0,pbp
401620385,,jordin canada,5.0,8.0,13.0,pbp
401620385,,kahleah copper,12.0,4.0,16.0,pbp
401620385,,lorela cubaj,0.0,2.0,2.0,pbp
401620385,,maya caldwell,7.0,0.0,7.0,pbp
401620385,,monique billings,4.0,1.0,5.0,pbp
401620385,,natasha cloud,0.0,4.0,4.0,pbp
401620385,,natasha mack,0.0,2.0,2.0,pbp
401620385,,naz hillmon,4.0,0.0,4.0,pbp
401620385,,nia coffey,2.0,0.0,2.0,pbp
401620385,,rhyne howard,7.0,9.0,16.0,pbp
401620385,,sophie cunningham,6.0,0.0,6.0,pbp
401620385,,tina charles,7.0,7.0,14.0,pbp
401620386,,alyssa thomas,6.0,6.0,12.0,pbp
401620386,,angel reese,0.0,13.0,13.0,pbp
401620386,,brionna jones,7.0,5.0,12.0,pbp
401620386,,chennedy carter,13.0,6.0,19.0,pbp
401620386,,dana evans,2.0,0.0,2.0,pbp
401620386,,dewanna bonner,6.0,9.0,15.0,pbp
401620386,,dijonai carrington,6.0,1.0,7.0,pbp
401620386,,kamilla cardoso,9.0,9.0,18.0,pbp
401620386,,lindsay allen,2.0,12.0,14.0,pbp
401620386,,marina mabrey,15.0,9.0,24.0,pbp
401620386,,michaela onyenwere,3.0,2.0,5.0,pbp
401620386,,olivia nelson-ododa,0.0,4.0,4.0,pbp
401620386,,rachel banham,6.0,3.0,9.0,pbp
401620386,,tyasha harris,3.0,3.0,6.0,pbp
401620386,,veronica burton,2.0,0.0,2.0,pbp
401620387,,aaliyah edwards,6.0,0.0,6.0,pbp
401620387,,ariel atkins,5.0,10.0,15.0,pbp
401620387,,azura stevens,7.0,2.0,9.0,pbp
401620387,,brittney sykes,14.0,14.0,28.0,pbp
401620387,,crystal dangerfield,0.0,2.0,2.0,pbp
401620387,,dearica hamby,4.0,5.0,9.0,pbp
401620387,,emily engstler,3.0,6.0,9.0,pbp
401620387,,jade melbourne,1.0,0.0,1.0,pbp
401620387,,julie vanloo,4.0,0.0,4.0,pbp
401620387,,kia nurse,0.0,3.0,3.0,pbp
401620387,,li yueru,4.0,0.0,4.0,pbp
401620387,,odyssey sims,7.0,2.0,9.0,pbp
401620387,,rae burrell,1.0,7.0,8.0,pbp
401620387,,rickea jackson,15.0,1.0,16.0,pbp
401620387,,shakira austin,3.0,11.0,14.0,pbp
401620387,,shatori walker-kimbrough,2.0,0.0,2.0,pbp
401620387,,stefanie dolson,0.0,1.0,1.0,pbp
401620387,,stephanie talbot,2.0,4.0,6.0,pbp
401620387,,zia cooke,0.0,7.0,7.0,pbp
401620388,,a'ja wilson,9.0,15.0,24.0,pbp
401620388,,alanna smith,7.0,8.0,15.0,pbp
401620388,,alysha clark,3.0,0.0,3.0,pbp
401620388,,bridget carleton,2.0,0.0,2.0,pbp
401620388,,cecilia zandalasini,4.0,0.0,4.0,pbp
401620388,,chelsea gray,5.0,2.0,7.0,pbp
401620388,,courtney williams,5.0,8.0,13.0,pbp
401620388,,diamond miller,0.0,2.0,2.0,pbp
401620388,,jackie young,3.0,9.0,12.0,pbp
401620388,,kayla mcbride,4.0,8.0,12.0,pbp
401620388,,kelsey plum,9.0,2.0,11.0,pbp
401620388,,megan gustafson,5.0,0.0,5.0,pbp
401620388,,napheesa collier,15.0,12.0,27.0,pbp
401620388,,natisha hiedeman,3.0,9.0,12.0,pbp
401620388,,tiffany hayes,5.0,7.0,12.0,pbp
401620389,,alyssa thomas,0.0,4.0,4.0,pbp
401620389,,breanna stewart,8.0,7.0,15.0,pbp
401620389,,brionna jones,8.0,3.0,11.0,pbp
401620389,,courtney vandersloot,4.0,3.0,7.0,pbp
401620389,,dewanna bonner,4.0,6.0,10.0,pbp
401620389,,dijonai carrington,8.0,5.0,13.0,pbp
401620389,,jonquel jones,9.0,1.0,10.0,pbp
401620389,,kennedy burke,2.0,1.0,3.0,pbp
401620389,,leonie fiebich,4.0,10.0,14.0,pbp
401620389,,marina mabrey,10.0,4.0,14.0,pbp
401620389,,nyara sabally,3.0,0.0,3.0,pbp
401620389,,olivia nelson-ododa,8.0,4.0,12.0,pbp
401620389,,sabrina ionescu,8.0,4.0,12.0,pbp
401620389,,tyasha harris,1.0,4.0,5.0,pbp
401620389,,veronica burton,0.0,2.0,2.0,pbp
401620390,,aliyah boston,6.0,4.0,10.0,pbp
401620390,,bridget carleton,10.0,6.0,16.0,pbp
401620390,,caitlin clark,15.0,8.0,23.0,pbp
401620390,,courtney williams,2.0,8.0,10.0,pbp
401620390,,damiris dantas,6.0,2.0,8.0,pbp
401620390,,erica wheeler,2.0,0.0,2.0,pbp
401620390,,kayla mcbride,4.0,15.0,19.0,pbp
401620390,,kelsey mitchell,13.0,8.0,21.0,pbp
401620390,,lexie hull,0.0,10.0,10.0,pbp
401620390,,myisha hines-allen,2.0,2.0,4.0,pbp
401620390,,nalyssa smith,0.0,2.0,2.0,pbp
401620390,,napheesa collier,17.0,14.0,31.0,pbp
401620390,,natisha hiedeman,10.0,0.0,10.0,pbp
401620390,,temi fagbenle,2.0,2.0,4.0,pbp
401620391,,a'ja wilson,14.0,6.0,20.0,pbp
401620391,,alysha clark,4.0,3.0,7.0,pbp
401620391,,angel reese,4.0,7.0,11.0,pbp
401620391,,chelsea gray,2.0,9.0,11.0,pbp
401620391,,chennedy carter,9.0,16.0,25.0,pbp
401620391,,jackie young,0.0,2.0,2.0,pbp
401620391,,kamilla cardoso,2.0,6.0,8.0,pbp
401620391,,kelsey plum,6.0,12.0,18.0,pbp
401620391,,lindsay allen,5.0,11.0,16.0,pbp
401620391,,megan gustafson,0.0,13.0,13.0,pbp
401620391,,michaela onyenwere,10.0,5.0,15.0,pbp
401620391,,tiffany hayes,6.0,0.0,6.0,pbp
401620392,,arike ogunbowale,15.0,18.0,33.0,pbp
401620392,,azura stevens,4.0,11.0,15.0,pbp
401620392,,dearica hamby,9.0,12.0,21.0,pbp
401620392,,jacy sheldon,2.0,0.0,2.0,pbp
401620392,,kia nurse,2.0,5.0,7.0,pbp
401620392,,li yueru,0.0,8.0,8.0,pbp
401620392,,maddy siegrist,2.0,4.0,6.0,pbp
401620392,,natasha howard,12.0,18.0,30.0,pbp
401620392,,odyssey sims,16.0,10.0,26.0,pbp
401620392,,rae burrell,2.0,0.0,2.0,pbp
401620392,,rickea jackson,19.0,6.0,25.0,pbp
401620392,,satou sabally,5.0,14.0,19.0,pbp
401620392,,sevgi uzun,4.0,2.0,6.0,pbp
401620392,,stephanie talbot,3.0,3.0,6.0,pbp
401620392,,teaira mccowan,5.0,12.0,17.0,pbp
401620393,,aliyah boston,12.0,2.0,14.0,pbp
401620393,,allisha gray,11.0,1.0,12.0,pbp
401620393,,caitlin clark,8.0,11.0,19.0,pbp
401620393,,damiris dantas,8.0,3.0,11.0,pbp
401620393,,haley jones,0.0,3.0,3.0,pbp
401620393,,jordin canada,7.0,3.0,10.0,pbp
401620393,,kelsey mitchell,15.0,14.0,29.0,pbp
401620393,,lexie hull,0.0,2.0,2.0,pbp
401620393,,maya caldwell,3.0,0.0,3.0,pbp
401620393,,nalyssa smith,7.0,0.0,7.0,pbp
401620393,,naz hillmon,2.0,0.0,2.0,pbp
401620393,,nia coffey,0.0,5.0,5.0,pbp
401620393,,rhyne howard,3.0,13.0,16.0,pbp
401620393,,temi fagbenle,2.0,0.0,2.0,pbp
401620393,,tina charles,12.0,16.0,28.0,pbp
401620394,,betnijah laney-hamilton,2.0,7.0,9.0,pbp
401620394,,breanna stewart,11.0,10.0,21.0,pbp
401620394,,brittney griner,4.0,18.0,22.0,pbp
401620394,,courtney vandersloot,6.0,10.0,16.0,pbp
401620394,,diana taurasi,10.0,0.0,10.0,pbp
401620394,,jonquel jones,10.0,5.0,15.0,pbp
401620394,,kahleah copper,10.0,4.0,14.0,pbp
401620394,,leonie fiebich,0.0,4.0,4.0,pbp
401620394,,monique billings,2.0,0.0,2.0,pbp
401620394,,natasha cloud,7.0,10.0,17.0,pbp
401620394,,natasha mack,2.0,0.0,2.0,pbp
401620394,,nyara sabally,6.0,0.0,6.0,pbp
401620394,,sabrina ionescu,3.0,9.0,12.0,pbp
401620394,,sophie cunningham,2.0,0.0,2.0,pbp
401620395,,aaliyah edwards,0.0,2.0,2.0,pbp
401620395,,ariel atkins,0.0,2.0,2.0,pbp
401620395,,brittney sykes,12.0,8.0,20.0,pbp
401620395,,emily engstler,8.0,4.0,12.0,pbp
401620395,,ezi magbegor,7.0,2.0,9.0,pbp
401620395,,gabby williams,3.0,0.0,3.0,pbp
401620395,,jade melbourne,0.0,5.0,5.0,pbp
401620395,,jewell loyd,6.0,10.0,16.0,pbp
401620395,,jordan horston,2.0,4.0,6.0,pbp
401620395,,julie vanloo,9.0,2.0,11.0,pbp
401620395,,mercedes russell,6.0,2.0,8.0,pbp
401620395,,nneka ogwumike,7.0,2.0,9.0,pbp
401620395,,sami whitcomb,6.0,5.0,11.0,pbp
401620395,,shakira austin,6.0,0.0,6.0,pbp
401620395,,shatori walker-kimbrough,5.0,6.0,11.0,pbp
401620395,,skylar diggins-smith,6.0,4.0,10.0,pbp
401620395,,stefanie dolson,2.0,3.0,5.0,pbp
401620396,,a'ja wilson,17.0,25.0,42.0,pbp
401620396,,alysha clark,2.0,3.0,5.0,pbp
401620396,,arike ogunbowale,7.0,13.0,20.0,pbp
401620396,,chelsea gray,5.0,9.0,14.0,pbp
401620396,,jackie young,13.0,4.0,17.0,pbp
401620396,,kalani brown,2.0,0.0,2.0,pbp
401620396,,kelsey plum,2.0,6.0,8.0,pbp
401620396,,maddy siegrist,0.0,2.0,2.0,pbp
401620396,,natasha howard,10.0,14.0,24.0,pbp
401620396,,satou sabally,11.0,16.0,27.0,pbp
401620396,,sevgi uzun,7.0,2.0,9.0,pbp
401620396,,teaira mccowan,0.0,8.0,8.0,pbp
401620396,,tiffany hayes,2.0,1.0,3.0,pbp
401620397,,aliyah boston,6.0,4.0,10.0,pbp
401620397,,alyssa thomas,9.0,8.0,17.0,pbp
401620397,,brionna jones,0.0,2.0,2.0,pbp
401620397,,caitlin clark,10.0,9.0,19.0,pbp
401620397,,dewanna bonner,7.0,6.0,13.0,pbp
401620397,,dijonai carrington,7.0,12.0,19.0,pbp
401620397,,erica wheeler,5.0,0.0,5.0,pbp
401620397,,kelsey mitchell,13.0,10.0,23.0,pbp
401620397,,lexie hull,10.0,7.0,17.0,pbp
401620397,,marina mabrey,8.0,8.0,16.0,pbp
401620397,,nalyssa smith,7.0,3.0,10.0,pbp
401620397,,olivia nelson-ododa,2.0,0.0,2.0,pbp
401620397,,tyasha harris,9.0,0.0,9.0,pbp
401620397,,veronica burton,0.0,2.0,2.0,pbp
401620398,,aaliyah edwards,2.0,4.0,6.0,pbp
401620398,,angel reese,4.0,3.0,7.0,pbp
401620398,,ariel atkins,13.0,2.0,15.0,pbp
401620398,,brittney sykes,2.0,4.0,6.0,pbp
401620398,,dana evans,1.0,5.0,6.0,pbp
401620398,,diamond deshields,7.0,5.0,12.0,pbp
401620398,,emily engstler,9.0,0.0,9.0,pbp
401620398,,isabelle harrison,4.0,2.0,6.0,pbp
401620398,,julie vanloo,5.0,1.0,6.0,pbp
401620398,,kamilla cardoso,5.0,5.0,10.0,pbp
401620398,,karlie samuelson,0.0,3.0,3.0,pbp
401620398,,lindsay allen,8.0,0.0,8.0,pbp
401620398,,michaela onyenwere,4.0,11.0,15.0,pbp
401620398,,moriah jefferson,3.0,0.0,3.0,pbp
401620398,,rachel banham,3.0,0.0,3.0,pbp
401620398,,shatori walker-kimbrough,0.0,4.0,4.0,pbp
401620398,,sika kone,4.0,2.0,6.0,pbp
401620398,,stefanie dolson,7.0,10.0,17.0,pbp
401620398,,sug sutton,2.0,0.0,2.0,pbp
401620399,,azura stevens,7.0,3.0,10.0,pbp
401620399,,betnijah laney-hamilton,0.0,4.0,4.0,pbp
401620399,,breanna stewart,13.0,19.0,32.0,pbp
401620399,,courtney vandersloot,0.0,2.0,2.0,pbp
401620399,,crystal dangerfield,3.0,0.0,3.0,pbp
401620399,,dearica hamby,6.0,15.0,21.0,pbp
401620399,,kayla thornton,2.0,3.0,5.0,pbp
401620399,,kennedy burke,7.0,0.0,7.0,pbp
401620399,,leonie fiebich,3.0,3.0,6.0,pbp
401620399,,li yueru,4.0,0.0,4.0,pbp
401620399,,nyara sabally,8.0,6.0,14.0,pbp
401620399,,odyssey sims,6.0,8.0,14.0,pbp
401620399,,rae burrell,4.0,13.0,17.0,pbp
401620399,,rickea jackson,15.0,4.0,19.0,pbp
401620399,,sabrina ionescu,6.0,12.0,18.0,pbp
401620399,,stephanie talbot,0.0,5.0,5.0,pbp
401620400,,alanna smith,1.0,5.0,6.0,pbp
401620400,,bridget carleton,9.0,0.0,9.0,pbp
401620400,,brittney griner,3.0,7.0,10.0,pbp
401620400,,courtney williams,8.0,8.0,16.0,pbp
401620400,,diamond miller,3.0,0.0,3.0,pbp
401620400,,diana taurasi,11.0,5.0,16.0,pbp
401620400,,dorka juhasz,2.0,2.0,4.0,pbp
401620400,,kahleah copper,2.0,11.0,13.0,pbp
401620400,,kayla mcbride,6.0,13.0,19.0,pbp
401620400,,mikiah herbert harrigan,0.0,1.0,1.0,pbp
401620400,,monique billings,2.0,2.0,4.0,pbp
401620400,,myisha hines-allen,9.0,2.0,11.0,pbp
401620400,,napheesa collier,2.0,10.0,12.0,pbp
401620400,,natasha cloud,7.0,5.0,12.0,pbp
401620400,,natasha mack,0.0,4.0,4.0,pbp
401620400,,natisha hiedeman,5.0,3.0,8.0,pbp
401620400,,sophie cunningham,12.0,4.0,16.0,pbp
401620401,,allisha gray,13.0,9.0,22.0,pbp
401620401,,ezi magbegor,5.0,2.0,7.0,pbp
401620401,,gabby williams,3.0,0.0,3.0,pbp
401620401,,jewell loyd,12.0,16.0,28.0,pbp
401620401,,jordin canada,6.0,6.0,12.0,pbp
401620401,,joyner holmes,2.0,0.0,2.0,pbp
401620401,,mercedes russell,2.0,5.0,7.0,pbp
401620401,,naz hillmon,3.0,4.0,7.0,pbp
401620401,,nia coffey,3.0,6.0,9.0,pbp
401620401,,nneka ogwumike,13.0,5.0,18.0,pbp
401620401,,rhyne howard,8.0,4.0,12.0,pbp
401620401,,sami whitcomb,2.0,0.0,2.0,pbp
401620401,,skylar diggins-smith,2.0,14.0,16.0,pbp
401620401,,tina charles,7.0,12.0,19.0,pbp
401620401,,victoria vivians,2.0,0.0,2.0,pbp
401620402,,aliyah boston,1.0,6.0,7.0,pbp
401620402,,angel reese,4.0,6.0,10.0,pbp
401620402,,caitlin clark,15.0,15.0,30.0,pbp
401620402,,damiris dantas,2.0,7.0,9.0,pbp
401620402,,dana evans,2.0,0.0,2.0,pbp
401620402,,diamond deshields,0.0,6.0,6.0,pbp
401620402,,erica wheeler,2.0,0.0,2.0,pbp
401620402,,isabelle harrison,0.0,4.0,4.0,pbp
401620402,,kamilla cardoso,2.0,4.0,6.0,pbp
401620402,,kelsey mitchell,18.0,5.0,23.0,pbp
401620402,,lexie hull,3.0,8.0,11.0,pbp
401620402,,lindsay allen,16.0,3.0,19.0,pbp
401620402,,michaela onyenwere,12.0,8.0,20.0,pbp
401620402,,nalyssa smith,3.0,11.0,14.0,pbp
401620402,,rachel banham,6.0,8.0,14.0,pbp
401620402,,temi fagbenle,3.0,0.0,3.0,pbp
401620403,,arike ogunbowale,10.0,15.0,25.0,pbp
401620403,,bridget carleton,9.0,3.0,12.0,pbp
401620403,,cecilia zandalasini,0.0,11.0,11.0,pbp
401620403,,courtney williams,6.0,2.0,8.0,pbp
401620403,,diamond miller,0.0,2.0,2.0,pbp
401620403,,dorka juhasz,3.0,0.0,3.0,pbp
401620403,,kalani brown,5.0,5.0,10.0,pbp
401620403,,kayla mcbride,7.0,7.0,14.0,pbp
401620403,,maddy siegrist,0.0,2.0,2.0,pbp
401620403,,myisha hines-allen,0.0,7.0,7.0,pbp
401620403,,napheesa collier,13.0,4.0,17.0,pbp
401620403,,natasha howard,10.0,7.0,17.0,pbp
401620403,,natisha hiedeman,2.0,0.0,2.0,pbp
401620403,,satou sabally,10.0,8.0,18.0,pbp
401620403,,sevgi uzun,2.0,8.0,10.0,pbp
401620403,,teaira mccowan,2.0,9.0,11.0,pbp
401620404,,a'ja wilson,14.0,12.0,26.0,pbp
401620404,,allisha gray,3.0,14.0,17.0,pbp
401620404,,alysha clark,7.0,0.0,7.0,pbp
401620404,,chelsea gray,0.0,4.0,4.0,pbp
401620404,,haley jones,2.0,0.0,2.0,pbp
401620404,,jordin canada,10.0,0.0,10.0,pbp
401620404,,kelsey plum,5.0,13.0,18.0,pbp
401620404,,laeticia amihere,0.0,2.0,2.0,pbp
401620404,,lorela cubaj,2.0,4.0,6.0,pbp
401620404,,maya caldwell,6.0,0.0,6.0,pbp
401620404,,megan gustafson,2.0,0.0,2.0,pbp
401620404,,naz hillmon,7.0,2.0,9.0,pbp
401620404,,nia coffey,2.0,6.0,8.0,pbp
401620404,,rhyne howard,6.0,6.0,12.0,pbp
401620404,,sydney colson,6.0,0.0,6.0,pbp
401620404,,tiffany hayes,10.0,10.0,20.0,pbp
401620405,,betnijah laney-hamilton,2.0,6.0,8.0,pbp
401620405,,breanna stewart,22.0,10.0,32.0,pbp
401620405,,courtney vandersloot,3.0,3.0,6.0,pbp
401620405,,ezi magbegor,6.0,0.0,6.0,pbp
401620405,,gabby williams,5.0,2.0,7.0,pbp
401620405,,jewell loyd,8.0,12.0,20.0,pbp
401620405,,jonquel jones,2.0,4.0,6.0,pbp
401620405,,joyner holmes,2.0,0.0,2.0,pbp
401620405,,kayla thornton,2.0,0.0,2.0,pbp
401620405,,leonie fiebich,6.0,6.0,12.0,pbp
401620405,,nneka ogwumike,11.0,4.0,15.0,pbp
401620405,,nyara sabally,7.0,0.0,7.0,pbp
401620405,,sabrina ionescu,5.0,20.0,25.0,pbp
401620405,,sami whitcomb,2.0,2.0,4.0,pbp
401620405,,skylar diggins-smith,14.0,12.0,26.0,pbp
401620405,,victoria vivians,3.0,2.0,5.0,pbp
401620406,,aaliyah edwards,6.0,3.0,9.0,pbp
401620406,,ariel atkins,10.0,5.0,15.0,pbp
401620406,,brionna jones,4.0,8.0,12.0,pbp
401620406,,brittney sykes,9.0,0.0,9.0,pbp
401620406,,dewanna bonner,7.0,9.0,16.0,pbp
401620406,,dijonai carrington,13.0,4.0,17.0,pbp
401620406,,emily engstler,2.0,10.0,12.0,pbp
401620406,,jade melbourne,0.0,6.0,6.0,pbp
401620406,,karlie samuelson,6.0,0.0,6.0,pbp
401620406,,marina mabrey,4.0,15.0,19.0,pbp
401620406,,olivia nelson-ododa,6.0,0.0,6.0,pbp
401620406,,shatori walker-kimbrough,2.0,6.0,8.0,pbp
401620406,,sika kone,2.0,4.0,6.0,pbp
401620406,,stefanie dolson,5.0,9.0,14.0,pbp
401620406,,tyasha harris,7.0,9.0,16.0,pbp
401620406,,veronica burton,3.0,5.0,8.0,pbp
401620407,,alyssa thomas,4.0,4.0,8.0,pbp
401620407,,brionna jones,9.0,17.0,26.0,pbp
401620407,,dewanna bonner,4.0,0.0,4.0,pbp
401620407,,dijonai carrington,9.0,5.0,14.0,pbp
401620407,,ezi magbegor,4.0,9.0,13.0,pbp
401620407,,gabby williams,2.0,2.0,4.0,pbp
401620407,,jewell loyd,14.0,13.0,27.0,pbp
401620407,,jordan horston,2.0,2.0,4.0,pbp
401620407,,marina mabrey,5.0,10.0,15.0,pbp
401620407,,mercedes russell,2.0,0.0,2.0,pbp
401620407,,nneka ogwumike,4.0,16.0,20.0,pbp
401620407,,olivia nelson-ododa,2.0,0.0,2.0,pbp
401620407,,skylar diggins-smith,6.0,10.0,16.0,pbp
401620407,,tyasha harris,7.0,6.0,13.0,pbp
401620407,,veronica burton,2.0,9.0,11.0,pbp
401620408,,angel reese,4.0,13.0,17.0,pbp
401620408,,bridget carleton,5.0,3.0,8.0,pbp
401620408,,cecilia zandalasini,1.0,0.0,1.0,pbp
401620408,,courtney williams,6.0,16.0,22.0,pbp
401620408,,dana evans,3.0,5.0,8.0,pbp
401620408,,diamond deshields,0.0,6.0,6.0,pbp
401620408,,dorka juhasz,2.0,4.0,6.0,pbp
401620408,,kamilla cardoso,14.0,8.0,22.0,pbp
401620408,,kayla mcbride,11.0,6.0,17.0,pbp
401620408,,lindsay allen,2.0,4.0,6.0,pbp
401620408,,michaela onyenwere,9.0,6.0,15.0,pbp
401620408,,myisha hines-allen,2.0,5.0,7.0,pbp
401620408,,napheesa collier,9.0,6.0,15.0,pbp
401620408,,natisha hiedeman,3.0,0.0,3.0,pbp
401620409,,aliyah boston,2.0,5.0,7.0,pbp
401620409,,arike ogunbowale,24.0,10.0,34.0,pbp
401620409,,caitlin clark,12.0,16.0,28.0,pbp
401620409,,damiris dantas,2.0,5.0,7.0,pbp
401620409,,jacy sheldon,4.0,4.0,8.0,pbp
401620409,,kalani brown,1.0,2.0,3.0,pbp
401620409,,kelsey mitchell,15.0,21.0,36.0,pbp
401620409,,lexie hull,4.0,2.0,6.0,pbp
401620409,,nalyssa smith,10.0,4.0,14.0,pbp
401620409,,natasha howard,5.0,13.0,18.0,pbp
401620409,,satou sabally,8.0,17.0,25.0,pbp
401620409,,teaira mccowan,4.0,1.0,5.0,pbp
401620409,,temi fagbenle,0.0,2.0,2.0,pbp
401620410,,allisha gray,4.0,8.0,12.0,pbp
401620410,,azura stevens,2.0,0.0,2.0,pbp
401620410,,dearica hamby,4.0,1.0,5.0,pbp
401620410,,jordin canada,4.0,2.0,6.0,pbp
401620410,,kia nurse,5.0,3.0,8.0,pbp
401620410,,laeticia amihere,0.0,2.0,2.0,pbp
401620410,,li yueru,4.0,10.0,14.0,pbp
401620410,,maya caldwell,0.0,6.0,6.0,pbp
401620410,,naz hillmon,4.0,6.0,10.0,pbp
401620410,,nia coffey,2.0,0.0,2.0,pbp
401620410,,odyssey sims,6.0,2.0,8.0,pbp
401620410,,rae burrell,0.0,5.0,5.0,pbp
401620410,,rhyne howard,14.0,5.0,19.0,pbp
401620410,,rickea jackson,7.0,6.0,13.0,pbp
401620410,,stephanie talbot,2.0,2.0,4.0,pbp
401620410,,tina charles,18.0,5.0,23.0,pbp
401620410,,zia cooke,0.0,3.0,3.0,pbp
401620411,,a'ja wilson,23.0,18.0,41.0,pbp
401620411,,alysha clark,0.0,6.0,6.0,pbp
401620411,,brittney griner,6.0,18.0,24.0,pbp
401620411,,celeste taylor,2.0,4.0,6.0,pbp
401620411,,chelsea gray,2.0,0.0,2.0,pbp
401620411,,diana taurasi,4.0,5.0,9.0,pbp
401620411,,jackie young,6.0,5.0,11.0,pbp
401620411,,kahleah copper,8.0,7.0,15.0,pbp
401620411,,kelsey plum,6.0,10.0,16.0,pbp
401620411,,megan gustafson,5.0,0.0,5.0,pbp
401620411,,monique billings,2.0,0.0,2.0,pbp
401620411,,natasha cloud,0.0,5.0,5.0,pbp
401620411,,natasha mack,0.0,2.0,2.0,pbp
401620411,,sophie cunningham,6.0,8.0,14.0,pbp
401620411,,sydney colson,3.0,2.0,5.0,pbp
401620411,,tiffany hayes,7.0,4.0,11.0,pbp
401620412,,alyssa thomas,1.0,3.0,4.0,pbp
401620412,,brionna jones,12.0,9.0,21.0,pbp
401620412,,dewanna bonner,10.0,16.0,26.0,pbp
401620412,,dijonai carrington,4.0,5.0,9.0,pbp
401620412,,ezi magbegor,4.0,0.0,4.0,pbp
401620412,,gabby williams,4.0,7.0,11.0,pbp
401620412,,jewell loyd,9.0,8.0,17.0,pbp
401620412,,jordan horston,3.0,2.0,5.0,pbp
401620412,,marina mabrey,2.0,0.0,2.0,pbp
401620412,,mercedes russell,2.0,0.0,2.0,pbp
401620412,,nneka ogwumike,8.0,6.0,14.0,pbp
401620412,,skylar diggins-smith,4.0,14.0,18.0,pbp
401620412,,tyasha harris,2.0,0.0,2.0,pbp
401620413,,aaliyah edwards,3.0,0.0,3.0,pbp
401620413,,ariel atkins,9.0,5.0,14.0,pbp
401620413,,arike ogunbowale,3.0,18.0,21.0,pbp
401620413,,brittney sykes,3.0,3.0,6.0,pbp
401620413,,emily engstler,10.0,9.0,19.0,pbp
401620413,,jacy sheldon,2.0,4.0,6.0,pbp
401620413,,jade melbourne,0.0,5.0,5.0,pbp
401620413,,julie vanloo,6.0,5.0,11.0,pbp
401620413,,kalani brown,0.0,10.0,10.0,pbp
401620413,,karlie samuelson,8.0,0.0,8.0,pbp
401620413,,maddy siegrist,2.0,0.0,2.0,pbp
401620413,,natasha howard,10.0,4.0,14.0,pbp
401620413,,satou sabally,5.0,7.0,12.0,pbp
401620413,,sevgi uzun,1.0,0.0,1.0,pbp
401620413,,shatori walker-kimbrough,5.0,6.0,11.0,pbp
401620413,,sika kone,4.0,3.0,7.0,pbp
401620413,,stefanie dolson,3.0,3.0,6.0,pbp
401620413,,teaira mccowan,16.0,4.0,20.0,pbp
401620414,,a'ja wilson,9.0,21.0,30.0,pbp
401620414,,alysha clark,2.0,2.0,4.0,pbp
401620414,,angel reese,5.0,7.0,12.0,pbp
401620414,,brianna turner,2.0,2.0,4.0,pbp
401620414,,chelsea gray,11.0,2.0,13.0,pbp
401620414,,dana evans,2.0,10.0,12.0,pbp
401620414,,isabelle harrison,4.0,4.0,8.0,pbp
401620414,,jackie young,9.0,6.0,15.0,pbp
401620414,,kamilla cardoso,5.0,9.0,14.0,pbp
401620414,,megan gustafson,6.0,2.0,8.0,pbp
401620414,,michaela onyenwere,10.0,5.0,15.0,pbp
401620414,,moriah jefferson,2.0,0.0,2.0,pbp
401620414,,rachel banham,0.0,3.0,3.0,pbp
401620414,,tiffany hayes,10.0,10.0,20.0,pbp
401620415,,allisha gray,3.0,6.0,9.0,pbp
401620415,,brittney griner,6.0,10.0,16.0,pbp
401620415,,celeste taylor,0.0,2.0,2.0,pbp
401620415,,diana taurasi,5.0,8.0,13.0,pbp
401620415,,jordin canada,4.0,3.0,7.0,pbp
401620415,,kahleah copper,18.0,10.0,28.0,pbp
401620415,,mikiah herbert harrigan,2.0,2.0,4.0,pbp
401620415,,natasha mack,4.0,0.0,4.0,pbp
401620415,,naz hillmon,2.0,3.0,5.0,pbp
401620415,,nia coffey,0.0,2.0,2.0,pbp
401620415,,rhyne howard,12.0,19.0,31.0,pbp
401620415,,sophie cunningham,5.0,2.0,7.0,pbp
401620415,,tina charles,4.0,8.0,12.0,pbp
401620416,,aari mcdonald,3.0,0.0,3.0,pbp
401620416,,aliyah boston,14.0,10.0,24.0,pbp
401620416,,azura stevens,6.0,7.0,13.0,pbp
401620416,,caitlin clark,9.0,15.0,24.0,pbp
401620416,,damiris dantas,3.0,0.0,3.0,pbp
401620416,,dearica hamby,8.0,8.0,16.0,pbp
401620416,,erica wheeler,0.0,4.0,4.0,pbp
401620416,,katie lou samuelson,3.0,0.0,3.0,pbp
401620416,,kelsey mitchell,12.0,6.0,18.0,pbp
401620416,,kia nurse,10.0,3.0,13.0,pbp
401620416,,lexie hull,2.0,2.0,4.0,pbp
401620416,,nalyssa smith,4.0,9.0,13.0,pbp
401620416,,odyssey sims,8.0,12.0,20.0,pbp
401620416,,rae burrell,8.0,7.0,15.0,pbp
401620416,,rickea jackson,5.0,0.0,5.0,pbp
401620417,,betnijah laney-hamilton,9.0,9.0,18.0,pbp
401620417,,breanna stewart,1.0,13.0,14.0,pbp
401620417,,courtney vandersloot,3.0,0.0,3.0,pbp
401620417,,ezi magbegor,5.0,8.0,13.0,pbp
401620417,,gabby williams,10.0,7.0,17.0,pbp
401620417,,jewell loyd,4.0,2.0,6.0,pbp
401620417,,jonquel jones,10.0,5.0,15.0,pbp
401620417,,jordan horston,2.0,0.0,2.0,pbp
401620417,,kayla thornton,0.0,3.0,3.0,pbp
401620417,,kennedy burke,0.0,2.0,2.0,pbp
401620417,,leonie fiebich,5.0,0.0,5.0,pbp
401620417,,nneka ogwumike,5.0,4.0,9.0,pbp
401620417,,sabrina ionescu,12.0,5.0,17.0,pbp
401620417,,skylar diggins-smith,10.0,11.0,21.0,pbp
401620417,,victoria vivians,0.0,2.0,2.0,pbp
401620418,,aaliyah edwards,6.0,0.0,6.0,pbp
401620418,,amy atwell,0.0,2.0,2.0,pbp
401620418,,ariel atkins,7.0,0.0,7.0,pbp
401620418,,brittney griner,9.0,6.0,15.0,pbp
401620418,,brittney sykes,2.0,12.0,14.0,pbp
401620418,,celeste taylor,3.0,3.0,6.0,pbp
401620418,,diana taurasi,5.0,3.0,8.0,pbp
401620418,,emily engstler,7.0,3.0,10.0,pbp
401620418,,julie vanloo,8.0,5.0,13.0,pbp
401620418,,kahleah copper,3.0,8.0,11.0,pbp
401620418,,karlie samuelson,13.0,6.0,19.0,pbp
401620418,,mikiah herbert harrigan,0.0,3.0,3.0,pbp
401620418,,monique billings,2.0,8.0,10.0,pbp
401620418,,natasha cloud,7.0,6.0,13.0,pbp
401620418,,natasha mack,0.0,3.0,3.0,pbp
401620418,,shatori walker-kimbrough,3.0,4.0,7.0,pbp
401620418,,sika kone,0.0,8.0,8.0,pbp
401620418,,sophie cunningham,3.0,3.0,6.0,pbp
401620418,,stefanie dolson,4.0,2.0,6.0,pbp
401620419,,allisha gray,4.0,14.0,18.0,pbp
401620419,,arike ogunbowale,16.0,5.0,21.0,pbp
401620419,,jacy sheldon,7.0,2.0,9.0,pbp
401620419,,jaelyn brown,3.0,0.0,3.0,pbp
401620419,,jordin canada,7.0,8.0,15.0,pbp
401620419,,kalani brown,2.0,0.0,2.0,pbp
401620419,,natasha howard,14.0,10.0,24.0,pbp
401620419,,naz hillmon,9.0,9.0,18.0,pbp
401620419,,nia coffey,2.0,0.0,2.0,pbp
401620419,,rhyne howard,11.0,21.0,32.0,pbp
401620419,,satou sabally,4.0,14.0,18.0,pbp
401620419,,teaira mccowan,10.0,8.0,18.0,pbp
401620419,,tina charles,8.0,12.0,20.0,pbp
401620420,,a'ja wilson,5.0,15.0,20.0,pbp
401620420,,alysha clark,0.0,3.0,3.0,pbp
401620420,,alyssa thomas,2.0,5.0,7.0,pbp
401620420,,brionna jones,9.0,8.0,17.0,pbp
401620420,,chelsea gray,2.0,11.0,13.0,pbp
401620420,,dewanna bonner,2.0,9.0,11.0,pbp
401620420,,dijonai carrington,8.0,0.0,8.0,pbp
401620420,,jackie young,0.0,2.0,2.0,pbp
401620420,,kate martin,1.0,0.0,1.0,pbp
401620420,,kelsey plum,16.0,11.0,27.0,pbp
401620420,,marina mabrey,8.0,7.0,15.0,pbp
401620420,,sydney colson,0.0,2.0,2.0,pbp
401620420,,tiffany hayes,2.0,2.0,4.0,pbp
401620420,,tyasha harris,7.0,0.0,7.0,pbp
401620420,,veronica burton,2.0,0.0,2.0,pbp
401620421,,alanna smith,3.0,10.0,13.0,pbp
401620421,,aliyah boston,12.0,8.0,20.0,pbp
401620421,,bridget carleton,5.0,11.0,16.0,pbp
401620421,,caitlin clark,17.0,7.0,24.0,pbp
401620421,,cecilia zandalasini,8.0,0.0,8.0,pbp
401620421,,courtney williams,0.0,15.0,15.0,pbp
401620421,,dorka juhasz,3.0,0.0,3.0,pbp
401620421,,erica wheeler,5.0,0.0,5.0,pbp
401620421,,katie lou samuelson,0.0,3.0,3.0,pbp
401620421,,kayla mcbride,3.0,0.0,3.0,pbp
401620421,,kelsey mitchell,10.0,13.0,23.0,pbp
401620421,,lexie hull,2.0,6.0,8.0,pbp
401620421,,myisha hines-allen,5.0,3.0,8.0,pbp
401620421,,nalyssa smith,2.0,0.0,2.0,pbp
401620421,,napheesa collier,14.0,12.0,26.0,pbp
401620421,,natisha hiedeman,4.0,3.0,7.0,pbp
401620421,,temi fagbenle,2.0,0.0,2.0,pbp
401620422,,angel reese,6.0,18.0,24.0,pbp
401620422,,azura stevens,5.0,4.0,9.0,pbp
401620422,,chennedy carter,9.0,6.0,15.0,pbp
401620422,,crystal dangerfield,0.0,3.0,3.0,pbp
401620422,,dearica hamby,6.0,15.0,21.0,pbp
401620422,,diamond deshields,6.0,4.0,10.0,pbp
401620422,,isabelle harrison,2.0,2.0,4.0,pbp
401620422,,kamilla cardoso,6.0,6.0,12.0,pbp
401620422,,kia nurse,3.0,2.0,5.0,pbp
401620422,,li yueru,7.0,2.0,9.0,pbp
401620422,,lindsay allen,2.0,6.0,8.0,pbp
401620422,,michaela onyenwere,8.0,2.0,10.0,pbp
401620422,,odyssey sims,2.0,2.0,4.0,pbp
401620422,,rachel banham,9.0,0.0,9.0,pbp
401620422,,rae burrell,4.0,2.0,6.0,pbp
401620422,,rickea jackson,15.0,2.0,17.0,pbp
401620422,,zia cooke,0.0,4.0,4.0,pbp
401620423,,brittney griner,4.0,0.0,4.0,pbp
401620423,,celeste taylor,0.0,4.0,4.0,pbp
401620423,,diana taurasi,12.0,6.0,18.0,pbp
401620423,,ezi magbegor,6.0,2.0,8.0,pbp
401620423,,gabby williams,2.0,4.0,6.0,pbp
401620423,,jewell loyd,7.0,13.0,20.0,pbp
401620423,,jordan horston,11.0,5.0,16.0,pbp
401620423,,joyner holmes,0.0,7.0,7.0,pbp
401620423,,kahleah copper,5.0,5.0,10.0,pbp
401620423,,mercedes russell,0.0,2.0,2.0,pbp
401620423,,mikiah herbert harrigan,0.0,5.0,5.0,pbp
401620423,,monique billings,0.0,6.0,6.0,pbp
401620423,,natasha cloud,0.0,3.0,3.0,pbp
401620423,,natasha mack,2.0,4.0,6.0,pbp
401620423,,nneka ogwumike,8.0,2.0,10.0,pbp
401620423,,sami whitcomb,6.0,3.0,9.0,pbp
401620423,,skylar diggins-smith,5.0,7.0,12.0,pbp
401620423,,sophie cunningham,6.0,3.0,9.0,pbp
401620424,,aaliyah edwards,2.0,2.0,4.0,pbp
401620424,,alanna smith,5.0,0.0,5.0,pbp
401620424,,ariel atkins,10.0,2.0,12.0,pbp
401620424,,bridget carleton,3.0,7.0,10.0,pbp
401620424,,brittney sykes,6.0,7.0,13.0,pbp
401620424,,cecilia zandalasini,3.0,0.0,3.0,pbp
401620424,,courtney williams,4.0,8.0,12.0,pbp
401620424,,emily engstler,4.0,0.0,4.0,pbp
401620424,,jade melbourne,4.0,5.0,9.0,pbp
401620424,,julie vanloo,3.0,3.0,6.0,pbp
401620424,,karlie samuelson,3.0,3.0,6.0,pbp
401620424,,kayla mcbride,5.0,5.0,10.0,pbp
401620424,,myisha hines-allen,2.0,7.0,9.0,pbp
401620424,,napheesa collier,6.0,13.0,19.0,pbp
401620424,,natisha hiedeman,7.0,3.0,10.0,pbp
401620424,,shakira austin,0.0,2.0,2.0,pbp
401620424,,shatori walker-kimbrough,2.0,2.0,4.0,pbp
401620424,,stefanie dolson,5.0,6.0,11.0,pbp
401620425,,aliyah boston,8.0,22.0,30.0,pbp
401620425,,allisha gray,11.0,4.0,15.0,pbp
401620425,,caitlin clark,6.0,20.0,26.0,pbp
401620425,,jordin canada,6.0,11.0,17.0,pbp
401620425,,kelsey mitchell,10.0,11.0,21.0,pbp
401620425,,lexie hull,9.0,3.0,12.0,pbp
401620425,,lorela cubaj,2.0,0.0,2.0,pbp
401620425,,maya caldwell,3.0,0.0,3.0,pbp
401620425,,nalyssa smith,6.0,0.0,6.0,pbp
401620425,,naz hillmon,0.0,5.0,5.0,pbp
401620425,,nia coffey,5.0,0.0,5.0,pbp
401620425,,rhyne howard,11.0,25.0,36.0,pbp
401620425,,temi fagbenle,5.0,4.0,9.0,pbp
401620425,,tina charles,10.0,7.0,17.0,pbp
401620426,,alysha clark,8.0,3.0,11.0,pbp
401620426,,betnijah laney-hamilton,7.0,2.0,9.0,pbp
401620426,,breanna stewart,14.0,7.0,21.0,pbp
401620426,,chelsea gray,3.0,0.0,3.0,pbp
401620426,,courtney vandersloot,2.0,1.0,3.0,pbp
401620426,,jackie young,8.0,4.0,12.0,pbp
401620426,,jonquel jones,7.0,8.0,15.0,pbp
401620426,,kelsey plum,10.0,15.0,25.0,pbp
401620426,,kennedy burke,3.0,0.0,3.0,pbp
401620426,,leonie fiebich,5.0,2.0,7.0,pbp
401620426,,megan gustafson,2.0,3.0,5.0,pbp
401620426,,nyara sabally,0.0,3.0,3.0,pbp
401620426,,sabrina ionescu,7.0,7.0,14.0,pbp
401620426,,sydney colson,0.0,8.0,8.0,pbp
401620426,,tiffany hayes,2.0,4.0,6.0,pbp
401620427,,arike ogunbowale,16.0,7.0,23.0,pbp
401620427,,brianna turner,0.0,2.0,2.0,pbp
401620427,,chennedy carter,15.0,13.0,28.0,pbp
401620427,,dana evans,7.0,3.0,10.0,pbp
401620427,,diamond deshields,4.0,2.0,6.0,pbp
401620427,,isabelle harrison,8.0,13.0,21.0,pbp
401620427,,jacy sheldon,4.0,2.0,6.0,pbp
401620427,,kalani brown,0.0,7.0,7.0,pbp
401620427,,kamilla cardoso,6.0,4.0,10.0,pbp
401620427,,lindsay allen,4.0,0.0,4.0,pbp
401620427,,maddy siegrist,0.0,2.0,2.0,pbp
401620427,,michaela onyenwere,6.0,4.0,10.0,pbp
401620427,,natasha howard,3.0,14.0,17.0,pbp
401620427,,satou sabally,12.0,0.0,12.0,pbp
401620427,,teaira mccowan,0.0,10.0,10.0,pbp
401620428,,alyssa thomas,10.0,2.0,12.0,pbp
401620428,,azura stevens,3.0,0.0,3.0,pbp
401620428,,brionna jones,12.0,9.0,21.0,pbp
401620428,,crystal dangerfield,7.0,0.0,7.0,pbp
401620428,,dearica hamby,10.0,0.0,10.0,pbp
401620428,,dewanna bonner,3.0,11.0,14.0,pbp
401620428,,dijonai carrington,6.0,13.0,19.0,pbp
401620428,,kia nurse,5.0,4.0,9.0,pbp
401620428,,li yueru,5.0,0.0,5.0,pbp
401620428,,marina mabrey,5.0,5.0,10.0,pbp
401620428,,odyssey sims,4.0,6.0,10.0,pbp
401620428,,rickea jackson,11.0,12.0,23.0,pbp
401620428,,tyasha harris,3.0,0.0,3.0,pbp
401620429,,alanna smith,6.0,3.0,9.0,pbp
401620429,,allisha gray,7.0,10.0,17.0,pbp
401620429,,bridget carleton,11.0,3.0,14.0,pbp
401620429,,cecilia zandalasini,4.0,0.0,4.0,pbp
401620429,,courtney williams,10.0,2.0,12.0,pbp
401620429,,jordin canada,6.0,0.0,6.0,pbp
401620429,,kayla mcbride,2.0,13.0,15.0,pbp
401620429,,maya caldwell,7.0,0.0,7.0,pbp
401620429,,myisha hines-allen,2.0,4.0,6.0,pbp
401620429,,napheesa collier,6.0,8.0,14.0,pbp
401620429,,natisha hiedeman,0.0,2.0,2.0,pbp
401620429,,naz hillmon,5.0,2.0,7.0,pbp
401620429,,rhyne howard,7.0,7.0,14.0,pbp
401620429,,tina charles,6.0,7.0,13.0,pbp
401620430,,arike ogunbowale,8.0,15.0,23.0,pbp
401620430,,betnijah laney-hamilton,8.0,2.0,10.0,pbp
401620430,,breanna stewart,19.0,8.0,27.0,pbp
401620430,,courtney vandersloot,0.0,4.0,4.0,pbp
401620430,,ivana dojkic,0.0,2.0,2.0,pbp
401620430,,jacy sheldon,5.0,5.0,10.0,pbp
401620430,,jaelyn brown,3.0,0.0,3.0,pbp
401620430,,jonquel jones,10.0,9.0,19.0,pbp
401620430,,kalani brown,0.0,4.0,4.0,pbp
401620430,,kayla thornton,0.0,3.0,3.0,pbp
401620430,,kennedy burke,4.0,0.0,4.0,pbp
401620430,,leonie fiebich,7.0,9.0,16.0,pbp
401620430,,maddy siegrist,8.0,2.0,10.0,pbp
401620430,,natasha howard,9.0,12.0,21.0,pbp
401620430,,nyara sabally,2.0,4.0,6.0,pbp
401620430,,sabrina ionescu,8.0,6.0,14.0,pbp
401620430,,satou sabally,4.0,5.0,9.0,pbp
401620430,,teaira mccowan,6.0,5.0,11.0,pbp
401620431,,alyssa thomas,5.0,2.0,7.0,pbp
401620431,,azura stevens,5.0,5.0,10.0,pbp
401620431,,brionna jones,13.0,6.0,19.0,pbp
401620431,,crystal dangerfield,0.0,11.0,11.0,pbp
401620431,,dearica hamby,6.0,6.0,12.0,pbp
401620431,,dewanna bonner,0.0,6.0,6.0,pbp
401620431,,dijonai carrington,10.0,4.0,14.0,pbp
401620431,,li yueru,0.0,2.0,2.0,pbp
401620431,,marina mabrey,10.0,16.0,26.0,pbp
401620431,,odyssey sims,4.0,0.0,4.0,pbp
401620431,,olivia nelson-ododa,2.0,6.0,8.0,pbp
401620431,,rae burrell,3.0,1.0,4.0,pbp
401620431,,rickea jackson,13.0,3.0,16.0,pbp
401620431,,tyasha harris,3.0,0.0,3.0,pbp
401620431,,veronica burton,0.0,3.0,3.0,pbp
401620431,,zia cooke,1.0,6.0,7.0,pbp
401620432,,a'ja wilson,12.0,15.0,27.0,pbp
401620432,,aliyah boston,4.0,2.0,6.0,pbp
401620432,,alysha clark,9.0,5.0,14.0,pbp
401620432,,caitlin clark,8.0,8.0,16.0,pbp
401620432,,chelsea gray,6.0,5.0,11.0,pbp
401620432,,erica wheeler,5.0,0.0,5.0,pbp
401620432,,jackie young,2.0,4.0,6.0,pbp
401620432,,kelsey mitchell,11.0,13.0,24.0,pbp
401620432,,kelsey plum,1.0,8.0,9.0,pbp
401620432,,kiah stokes,0.0,3.0,3.0,pbp
401620432,,lexie hull,3.0,6.0,9.0,pbp
401620432,,megan gustafson,2.0,0.0,2.0,pbp
401620432,,nalyssa smith,1.0,8.0,9.0,pbp
401620432,,sydney colson,0.0,2.0,2.0,pbp
401620432,,temi fagbenle,0.0,6.0,6.0,pbp
401620432,,tiffany hayes,9.0,3.0,12.0,pbp
401620433,,aaliyah edwards,5.0,10.0,15.0,pbp
401620433,,ariel atkins,4.0,5.0,9.0,pbp
401620433,,brianna turner,2.0,2.0,4.0,pbp
401620433,,brittney sykes,12.0,2.0,14.0,pbp
401620433,,chennedy carter,12.0,4.0,16.0,pbp
401620433,,dana evans,2.0,2.0,4.0,pbp
401620433,,emily engstler,3.0,4.0,7.0,pbp
401620433,,isabelle harrison,2.0,8.0,10.0,pbp
401620433,,jade melbourne,0.0,8.0,8.0,pbp
401620433,,julie vanloo,3.0,6.0,9.0,pbp
401620433,,kamilla cardoso,6.0,7.0,13.0,pbp
401620433,,karlie samuelson,2.0,2.0,4.0,pbp
401620433,,lindsay allen,0.0,6.0,6.0,pbp
401620433,,michaela onyenwere,5.0,0.0,5.0,pbp
401620433,,shatori walker-kimbrough,4.0,0.0,4.0,pbp
401620433,,sika kone,4.0,7.0,11.0,pbp
401620433,,stefanie dolson,6.0,0.0,6.0,pbp
401620433,,sug sutton,0.0,2.0,2.0,pbp
401620434,,azura stevens,14.0,4.0,18.0,pbp
401620434,,dearica hamby,4.0,2.0,6.0,pbp
401620434,,ezi magbegor,4.0,10.0,14.0,pbp
401620434,,gabby williams,15.0,2.0,17.0,pbp
401620434,,jewell loyd,4.0,8.0,12.0,pbp
401620434,,jordan horston,2.0,0.0,2.0,pbp
401620434,,kia nurse,4.0,0.0,4.0,pbp
401620434,,nneka ogwumike,10.0,6.0,16.0,pbp
401620434,,odyssey sims,6.0,10.0,16.0,pbp
401620434,,rae burrell,4.0,10.0,14.0,pbp
401620434,,rickea jackson,7.0,15.0,22.0,pbp
401620434,,sami whitcomb,0.0,3.0,3.0,pbp
401620434,,skylar diggins-smith,6.0,20.0,26.0,pbp
401620434,,stephanie talbot,2.0,0.0,2.0,pbp
401620435,,arike ogunbowale,4.0,6.0,10.0,pbp
401620435,,betnijah laney-hamilton,11.0,5.0,16.0,pbp
401620435,,breanna stewart,6.0,5.0,11.0,pbp
401620435,,courtney vandersloot,7.0,4.0,11.0,pbp
401620435,,ivana dojkic,0.0,7.0,7.0,pbp
401620435,,jacy sheldon,0.0,5.0,5.0,pbp
401620435,,jaelyn brown,6.0,1.0,7.0,pbp
401620435,,jaylyn sherrod,0.0,5.0,5.0,pbp
401620435,,jonquel jones,5.0,3.0,8.0,pbp
401620435,,kalani brown,2.0,2.0,4.0,pbp
401620435,,kennedy burke,2.0,0.0,2.0,pbp
401620435,,leonie fiebich,2.0,7.0,9.0,pbp
401620435,,lou lopez senechal,0.0,2.0,2.0,pbp
401620435,,maddy siegrist,2.0,9.0,11.0,pbp
401620435,,marquesha davis,0.0,2.0,2.0,pbp
401620435,,natasha howard,8.0,0.0,8.0,pbp
401620435,,nyara sabally,0.0,7.0,7.0,pbp
401620435,,sabrina ionescu,16.0,4.0,20.0,pbp
401620435,,satou sabally,0.0,4.0,4.0,pbp
401620435,,sevgi uzun,3.0,3.0,6.0,pbp
401620435,,teaira mccowan,6.0,2.0,8.0,pbp
401620436,,allisha gray,6.0,11.0,17.0,pbp
401620436,,ariel atkins,6.0,4.0,10.0,pbp
401620436,,brittney sykes,10.0,10.0,20.0,pbp
401620436,,jade melbourne,2.0,5.0,7.0,pbp
401620436,,jordin canada,0.0,7.0,7.0,pbp
401620436,,julie vanloo,2.0,1.0,3.0,pbp
401620436,,karlie samuelson,3.0,0.0,3.0,pbp
401620436,,lorela cubaj,4.0,0.0,4.0,pbp
401620436,,maya caldwell,4.0,3.0,7.0,pbp
401620436,,naz hillmon,2.0,8.0,10.0,pbp
401620436,,rhyne howard,8.0,3.0,11.0,pbp
401620436,,shatori walker-kimbrough,4.0,3.0,7.0,pbp
401620436,,sika kone,5.0,4.0,9.0,pbp
401620436,,stefanie dolson,2.0,11.0,13.0,pbp
401620436,,tina charles,6.0,7.0,13.0,pbp
401620437,,a'ja wilson,10.0,5.0,15.0,pbp
401620437,,aliyah boston,4.0,10.0,14.0,pbp
401620437,,alysha clark,3.0,0.0,3.0,pbp
401620437,,caitlin clark,0.0,18.0,18.0,pbp
401620437,,chelsea gray,6.0,15.0,21.0,pbp
401620437,,damiris dantas,5.0,6.0,11.0,pbp
401620437,,erica wheeler,2.0,0.0,2.0,pbp
401620437,,jackie young,7.0,5.0,12.0,pbp
401620437,,kelsey mitchell,19.0,1.0,20.0,pbp
401620437,,kelsey plum,10.0,8.0,18.0,pbp
401620437,,lexie hull,0.0,2.0,2.0,pbp
401620437,,megan gustafson,3.0,0.0,3.0,pbp
401620437,,nalyssa smith,3.0,0.0,3.0,pbp
401620437,,temi fagbenle,2.0,2.0,4.0,pbp
401620437,,tiffany hayes,4.0,2.0,6.0,pbp
401620438,,arike ogunbowale,2.0,13.0,15.0,pbp
401620438,,ezi magbegor,6.0,0.0,6.0,pbp
401620438,,gabby williams,2.0,8.0,10.0,pbp
401620438,,jacy sheldon,3.0,4.0,7.0,pbp
401620438,,jaelyn brown,6.0,0.0,6.0,pbp
401620438,,jewell loyd,7.0,8.0,15.0,pbp
401620438,,jordan horston,2.0,0.0,2.0,pbp
401620438,,joyner holmes,0.0,2.0,2.0,pbp
401620438,,kalani brown,2.0,0.0,2.0,pbp
401620438,,maddy siegrist,6.0,2.0,8.0,pbp
401620438,,mercedes russell,5.0,4.0,9.0,pbp
401620438,,nneka ogwumike,6.0,6.0,12.0,pbp
401620438,,sami whitcomb,0.0,6.0,6.0,pbp
401620438,,satou sabally,16.0,2.0,18.0,pbp
401620438,,sevgi uzun,0.0,2.0,2.0,pbp
401620438,,skylar diggins-smith,8.0,11.0,19.0,pbp
401620438,,teaira mccowan,15.0,8.0,23.0,pbp
401620439,,alanna smith,4.0,7.0,11.0,pbp
401620439,,bridget carleton,3.0,0.0,3.0,pbp
401620439,,cecilia zandalasini,5.0,2.0,7.0,pbp
401620439,,chennedy carter,11.0,6.0,17.0,pbp
401620439,,courtney williams,6.0,8.0,14.0,pbp
401620439,,dana evans,3.0,0.0,3.0,pbp
401620439,,dorka juhasz,3.0,0.0,3.0,pbp
401620439,,isabelle harrison,2.0,0.0,2.0,pbp
401620439,,kamilla cardoso,10.0,6.0,16.0,pbp
401620439,,kayla mcbride,5.0,4.0,9.0,pbp
401620439,,lindsay allen,5.0,5.0,10.0,pbp
401620439,,michaela onyenwere,4.0,4.0,8.0,pbp
401620439,,myisha hines-allen,4.0,7.0,11.0,pbp
401620439,,napheesa collier,10.0,10.0,20.0,pbp
401620439,,natisha hiedeman,0.0,5.0,5.0,pbp
401620439,,rachel banham,0.0,10.0,10.0,pbp
401620440,,alyssa thomas,1.0,6.0,7.0,pbp
401620440,,amy atwell,0.0,4.0,4.0,pbp
401620440,,astou ndour-fall,0.0,1.0,1.0,pbp
401620440,,brionna jones,10.0,10.0,20.0,pbp
401620440,,brittney griner,12.0,14.0,26.0,pbp
401620440,,celeste taylor,3.0,0.0,3.0,pbp
401620440,,dewanna bonner,5.0,9.0,14.0,pbp
401620440,,diana taurasi,7.0,0.0,7.0,pbp
401620440,,dijonai carrington,6.0,2.0,8.0,pbp
401620440,,marina mabrey,13.0,6.0,19.0,pbp
401620440,,monique billings,4.0,0.0,4.0,pbp
401620440,,natasha cloud,8.0,9.0,17.0,pbp
401620440,,natasha mack,0.0,4.0,4.0,pbp
401620440,,olivia nelson-ododa,0.0,2.0,2.0,pbp
401620440,,sophie cunningham,4.0,0.0,4.0,pbp
401620440,,tyasha harris,8.0,4.0,12.0,pbp
401620440,,veronica burton,3.0,2.0,5.0,pbp
401620441,,aliyah boston,9.0,6.0,15.0,pbp
401620441,,arike ogunbowale,6.0,19.0,25.0,pbp
401620441,,caitlin clark,15.0,20.0,35.0,pbp
401620441,,damiris dantas,0.0,6.0,6.0,pbp
401620441,,erica wheeler,3.0,0.0,3.0,pbp
401620441,,jacy sheldon,2.0,2.0,4.0,pbp
401620441,,kalani brown,6.0,0.0,6.0,pbp
401620441,,kelsey mitchell,15.0,15.0,30.0,pbp
401620441,,lexie hull,2.0,4.0,6.0,pbp
401620441,,maddy siegrist,0.0,2.0,2.0,pbp
401620441,,nalyssa smith,8.0,0.0,8.0,pbp
401620441,,natasha howard,18.0,8.0,26.0,pbp
401620441,,satou sabally,17.0,10.0,27.0,pbp
401620441,,sevgi uzun,0.0,3.0,3.0,pbp
401620441,,teaira mccowan,8.0,6.0,14.0,pbp
401620441,,temi fagbenle,5.0,2.0,7.0,pbp
401620442,,alanna smith,4.0,2.0,6.0,pbp
401620442,,betnijah laney-hamilton,3.0,2.0,5.0,pbp
401620442,,breanna stewart,16.0,22.0,38.0,pbp
401620442,,bridget carleton,14.0,5.0,19.0,pbp
401620442,,cecilia zandalasini,2.0,0.0,2.0,pbp
401620442,,courtney vandersloot,2.0,0.0,2.0,pbp
401620442,,courtney williams,6.0,9.0,15.0,pbp
401620442,,jonquel jones,8.0,1.0,9.0,pbp
401620442,,kayla mcbride,5.0,6.0,11.0,pbp
401620442,,kayla thornton,0.0,3.0,3.0,pbp
401620442,,myisha hines-allen,8.0,4.0,12.0,pbp
401620442,,napheesa collier,8.0,10.0,18.0,pbp
401620442,,natisha hiedeman,5.0,0.0,5.0,pbp
401620442,,nyara sabally,0.0,9.0,9.0,pbp
401620442,,sabrina ionescu,10.0,3.0,13.0,pbp
401620443,,allisha gray,4.0,8.0,12.0,pbp
401620443,,ariel atkins,11.0,5.0,16.0,pbp
401620443,,brittney sykes,0.0,6.0,6.0,pbp
401620443,,emily engstler,2.0,6.0,8.0,pbp
401620443,,haley jones,2.0,0.0,2.0,pbp
401620443,,jade melbourne,5.0,1.0,6.0,pbp
401620443,,jordin canada,9.0,5.0,14.0,pbp
401620443,,julie vanloo,3.0,0.0,3.0,pbp
401620443,,karlie samuelson,3.0,5.0,8.0,pbp
401620443,,maya caldwell,0.0,4.0,4.0,pbp
401620443,,naz hillmon,0.0,10.0,10.0,pbp
401620443,,rhyne howard,10.0,4.0,14.0,pbp
401620443,,shatori walker-kimbrough,4.0,9.0,13.0,pbp
401620443,,sika kone,4.0,7.0,11.0,pbp
401620443,,stefanie dolson,0.0,2.0,2.0,pbp
401620443,,tina charles,14.0,6.0,20.0,pbp
401620444,,amy atwell,2.0,0.0,2.0,pbp
401620444,,brittney griner,15.0,11.0,26.0,pbp
401620444,,celeste taylor,3.0,0.0,3.0,pbp
401620444,,chennedy carter,12.0,8.0,20.0,pbp
401620444,,dana evans,10.0,3.0,13.0,pbp
401620444,,diana taurasi,13.0,12.0,25.0,pbp
401620444,,isabelle harrison,2.0,8.0,10.0,pbp
401620444,,kamilla cardoso,2.0,0.0,2.0,pbp
401620444,,lindsay allen,4.0,2.0,6.0,pbp
401620444,,michaela onyenwere,10.0,8.0,18.0,pbp
401620444,,moriah jefferson,2.0,0.0,2.0,pbp
401620444,,natasha cloud,8.0,10.0,18.0,pbp
401620444,,natasha mack,2.0,3.0,5.0,pbp
401620444,,rachel banham,15.0,2.0,17.0,pbp
401620444,,sophie cunningham,11.0,2.0,13.0,pbp
401620445,,a'ja wilson,11.0,18.0,29.0,pbp
401620445,,alysha clark,2.0,0.0,2.0,pbp
401620445,,alyssa thomas,2.0,4.0,6.0,pbp
401620445,,brionna jones,10.0,7.0,17.0,pbp
401620445,,chelsea gray,4.0,5.0,9.0,pbp
401620445,,dewanna bonner,2.0,4.0,6.0,pbp
401620445,,dijonai carrington,8.0,0.0,8.0,pbp
401620445,,jackie young,7.0,5.0,12.0,pbp
401620445,,kelsey plum,9.0,5.0,14.0,pbp
401620445,,kiah stokes,3.0,0.0,3.0,pbp
401620445,,marina mabrey,8.0,10.0,18.0,pbp
401620445,,megan gustafson,8.0,0.0,8.0,pbp
401620445,,tiffany hayes,3.0,3.0,6.0,pbp
401620445,,tyasha harris,10.0,6.0,16.0,pbp
401620446,,azura stevens,6.0,0.0,6.0,pbp
401620446,,dearica hamby,9.0,16.0,25.0,pbp
401620446,,gabby williams,13.0,9.0,22.0,pbp
401620446,,jordan horston,7.0,9.0,16.0,pbp
401620446,,joyner holmes,2.0,1.0,3.0,pbp
401620446,,kia nurse,0.0,4.0,4.0,pbp
401620446,,li yueru,4.0,0.0,4.0,pbp
401620446,,mercedes russell,4.0,1.0,5.0,pbp
401620446,,nneka ogwumike,14.0,9.0,23.0,pbp
401620446,,odyssey sims,8.0,12.0,20.0,pbp
401620446,,rae burrell,2.0,2.0,4.0,pbp
401620446,,rickea jackson,7.0,15.0,22.0,pbp
401620446,,skylar diggins-smith,10.0,9.0,19.0,pbp
401620446,,victoria vivians,2.0,0.0,2.0,pbp
401620446,,zia cooke,2.0,0.0,2.0,pbp
401620447,,alanna smith,4.0,5.0,9.0,pbp
401620447,,alyssa thomas,8.0,10.0,18.0,pbp
401620447,,bridget carleton,7.0,6.0,13.0,pbp
401620447,,brionna jones,5.0,5.0,10.0,pbp
401620447,,courtney williams,2.0,6.0,8.0,pbp
401620447,,dewanna bonner,2.0,7.0,9.0,pbp
401620447,,dijonai carrington,8.0,7.0,15.0,pbp
401620447,,kayla mcbride,9.0,5.0,14.0,pbp
401620447,,marina mabrey,9.0,4.0,13.0,pbp
401620447,,myisha hines-allen,6.0,3.0,9.0,pbp
401620447,,napheesa collier,14.0,11.0,25.0,pbp
401620447,,olivia nelson-ododa,2.0,0.0,2.0,pbp
401620447,,tyasha harris,3.0,6.0,9.0,pbp
401620448,,ariel atkins,11.0,11.0,22.0,pbp
401620448,,betnijah laney-hamilton,9.0,2.0,11.0,pbp
401620448,,breanna stewart,8.0,7.0,15.0,pbp
401620448,,brittney sykes,8.0,0.0,8.0,pbp
401620448,,courtney vandersloot,3.0,2.0,5.0,pbp
401620448,,emily engstler,0.0,7.0,7.0,pbp
401620448,,jade melbourne,1.0,4.0,5.0,pbp
401620448,,jonquel jones,9.0,2.0,11.0,pbp
401620448,,julie vanloo,8.0,0.0,8.0,pbp
401620448,,karlie samuelson,3.0,4.0,7.0,pbp
401620448,,kayla thornton,3.0,3.0,6.0,pbp
401620448,,kennedy burke,0.0,7.0,7.0,pbp
401620448,,leonie fiebich,4.0,9.0,13.0,pbp
401620448,,marquesha davis,0.0,2.0,2.0,pbp
401620448,,nyara sabally,8.0,4.0,12.0,pbp
401620448,,sabrina ionescu,3.0,2.0,5.0,pbp
401620448,,shatori walker-kimbrough,2.0,1.0,3.0,pbp
401620448,,sika kone,4.0,4.0,8.0,pbp
401620448,,stefanie dolson,0.0,3.0,3.0,pbp
401620449,,allisha gray,8.0,7.0,15.0,pbp
401620449,,brianna turner,4.0,4.0,8.0,pbp
401620449,,dana evans,3.0,0.0,3.0,pbp
401620449,,haley jones,6.0,0.0,6.0,pbp
401620449,,isabelle harrison,7.0,6.0,13.0,pbp
401620449,,jordin canada,8.0,10.0,18.0,pbp
401620449,,lindsay allen,6.0,10.0,16.0,pbp
401620449,,lorela cubaj,4.0,0.0,4.0,pbp
401620449,,maya caldwell,2.0,0.0,2.0,pbp
401620449,,michaela onyenwere,6.0,2.0,8.0,pbp
401620449,,naz hillmon,2.0,4.0,6.0,pbp
401620449,,nia coffey,4.0,0.0,4.0,pbp
401620449,,rachel banham,6.0,16.0,22.0,pbp
401620449,,rhyne howard,6.0,9.0,15.0,pbp
401620449,,tina charles,6.0,10.0,16.0,pbp
401620450,,azura stevens,2.0,0.0,2.0,pbp
401620450,,brittney griner,14.0,0.0,14.0,pbp
401620450,,celeste taylor,1.0,2.0,3.0,pbp
401620450,,crystal dangerfield,5.0,0.0,5.0,pbp
401620450,,dearica hamby,9.0,12.0,21.0,pbp
401620450,,diana taurasi,3.0,10.0,13.0,pbp
401620450,,kia nurse,0.0,10.0,10.0,pbp
401620450,,li yueru,9.0,10.0,19.0,pbp
401620450,,mikiah herbert harrigan,0.0,10.0,10.0,pbp
401620450,,monique billings,5.0,4.0,9.0,pbp
401620450,,natasha cloud,4.0,9.0,13.0,pbp
401620450,,natasha mack,4.0,5.0,9.0,pbp
401620450,,rae burrell,2.0,1.0,3.0,pbp
401620450,,rickea jackson,8.0,0.0,8.0,pbp
401620450,,sophie cunningham,5.0,9.0,14.0,pbp
401620450,,stephanie talbot,0.0,4.0,4.0,pbp
401620450,,zia cooke,9.0,0.0,9.0,pbp
401620451,,a'ja wilson,12.0,9.0,21.0,pbp
401620451,,alysha clark,2.0,0.0,2.0,pbp
401620451,,chelsea gray,9.0,4.0,13.0,pbp
401620451,,gabby williams,6.0,8.0,14.0,pbp
401620451,,jackie young,11.0,5.0,16.0,pbp
401620451,,jordan horston,0.0,2.0,2.0,pbp
401620451,,joyner holmes,6.0,2.0,8.0,pbp
401620451,,kelsey plum,10.0,11.0,21.0,pbp
401620451,,mercedes russell,6.0,2.0,8.0,pbp
401620451,,nneka ogwumike,13.0,6.0,19.0,pbp
401620451,,sami whitcomb,4.0,0.0,4.0,pbp
401620451,,skylar diggins-smith,5.0,12.0,17.0,pbp
401620451,,sydney colson,2.0,0.0,2.0,pbp
401620451,,tiffany hayes,2.0,8.0,10.0,pbp
401620452,,alyssa thomas,13.0,0.0,13.0,pbp
401620452,,astou ndour-fall,0.0,2.0,2.0,pbp
401620452,,brianna turner,4.0,0.0,4.0,pbp
401620452,,brionna jones,0.0,4.0,4.0,pbp
401620452,,dana evans,8.0,6.0,14.0,pbp
401620452,,dewanna bonner,7.0,4.0,11.0,pbp
401620452,,dijonai carrington,6.0,6.0,12.0,pbp
401620452,,isabelle harrison,11.0,2.0,13.0,pbp
401620452,,kaela davis,6.0,6.0,12.0,pbp
401620452,,lindsay allen,2.0,2.0,4.0,pbp
401620452,,marina mabrey,0.0,11.0,11.0,pbp
401620452,,michaela onyenwere,2.0,3.0,5.0,pbp
401620452,,olivia nelson-ododa,4.0,8.0,12.0,pbp
401620452,,rachel banham,2.0,0.0,2.0,pbp
401620452,,tyasha harris,13.0,2.0,15.0,pbp
401620452,,veronica burton,3.0,3.0,6.0,pbp
401620453,,allisha gray,8.0,2.0,10.0,pbp
401620453,,betnijah laney-hamilton,9.0,0.0,9.0,pbp
401620453,,breanna stewart,16.0,0.0,16.0,pbp
401620453,,ezinne kalu,0.0,3.0,3.0,pbp
401620453,,haley jones,0.0,4.0,4.0,pbp
401620453,,jaylyn sherrod,0.0,8.0,8.0,pbp
401620453,,jonquel jones,2.0,5.0,7.0,pbp
401620453,,jordin canada,4.0,4.0,8.0,pbp
401620453,,kayla thornton,0.0,2.0,2.0,pbp
401620453,,kennedy burke,0.0,1.0,1.0,pbp
401620453,,laeticia amihere,0.0,2.0,2.0,pbp
401620453,,leonie fiebich,3.0,0.0,3.0,pbp
401620453,,lorela cubaj,0.0,3.0,3.0,pbp
401620453,,marquesha davis,0.0,4.0,4.0,pbp
401620453,,maya caldwell,5.0,2.0,7.0,pbp
401620453,,naz hillmon,10.0,3.0,13.0,pbp
401620453,,nia coffey,4.0,1.0,5.0,pbp
401620453,,nyara sabally,0.0,14.0,14.0,pbp
401620453,,rhyne howard,4.0,9.0,13.0,pbp
401620453,,sabrina ionescu,0.0,2.0,2.0,pbp
401620453,,tina charles,8.0,2.0,10.0,pbp
401620454,,aliyah boston,8.0,2.0,10.0,pbp
401620454,,ariel atkins,11.0,6.0,17.0,pbp
401620454,,brittney sykes,5.0,7.0,12.0,pbp
401620454,,caitlin clark,8.0,0.0,8.0,pbp
401620454,,damiris dantas,3.0,1.0,4.0,pbp
401620454,,emily engstler,8.0,9.0,17.0,pbp
401620454,,erica wheeler,4.0,3.0,7.0,pbp
401620454,,grace berger,0.0,2.0,2.0,pbp
401620454,,jade melbourne,4.0,5.0,9.0,pbp
401620454,,karlie samuelson,2.0,1.0,3.0,pbp
401620454,,katie lou samuelson,0.0,10.0,10.0,pbp
401620454,,kelsey mitchell,4.0,0.0,4.0,pbp
401620454,,kristy wallace,7.0,10.0,17.0,pbp
401620454,,nalyssa smith,11.0,5.0,16.0,pbp
401620454,,shatori walker-kimbrough,10.0,2.0,12.0,pbp
401620454,,sika kone,10.0,10.0,20.0,pbp
401620454,,stefanie dolson,2.0,0.0,2.0,pbp
401620454,,temi fagbenle,0.0,8.0,8.0,pbp
401620454,,victaria saxton,0.0,5.0,5.0,pbp
401620455,,alanna smith,6.0,0.0,6.0,pbp
401620455,,alissa pili,4.0,4.0,8.0,pbp
401620455,,azura stevens,5.0,0.0,5.0,pbp
401620455,,bridget carleton,3.0,3.0,6.0,pbp
401620455,,cecilia zandalasini,2.0,2.0,4.0,pbp
401620455,,courtney williams,0.0,6.0,6.0,pbp
401620455,,dearica hamby,12.0,8.0,20.0,pbp
401620455,,diamond miller,5.0,3.0,8.0,pbp
401620455,,kia nurse,3.0,9.0,12.0,pbp
401620455,,li yueru,2.0,0.0,2.0,pbp
401620455,,myisha hines-allen,6.0,0.0,6.0,pbp
401620455,,natisha hiedeman,4.0,3.0,7.0,pbp
401620455,,odyssey sims,2.0,2.0,4.0,pbp
401620455,,rae burrell,0.0,3.0,3.0,pbp
401620455,,rickea jackson,14.0,5.0,19.0,pbp
401620455,,stephanie talbot,0.0,3.0,3.0,pbp
401620456,,alysha clark,10.0,0.0,10.0,pbp
401620456,,jacy sheldon,4.0,0.0,4.0,pbp
401620456,,jaelyn brown,7.0,7.0,14.0,pbp
401620456,,kalani brown,2.0,11.0,13.0,pbp
401620456,,kate martin,7.0,0.0,7.0,pbp
401620456,,kiah stokes,0.0,3.0,3.0,pbp
401620456,,kierstan bell,7.0,5.0,12.0,pbp
401620456,,lou lopez senechal,0.0,2.0,2.0,pbp
401620456,,maddy siegrist,8.0,4.0,12.0,pbp
401620456,,megan gustafson,11.0,13.0,24.0,pbp
401620456,,natasha howard,7.0,6.0,13.0,pbp
401620456,,queen egbo,4.0,4.0,8.0,pbp
401620456,,satou sabally,17.0,8.0,25.0,pbp
401620456,,sydney colson,10.0,3.0,13.0,pbp
401620456,,tiffany hayes,11.0,10.0,21.0,pbp
401620457,,amy atwell,0.0,6.0,6.0,pbp
401620457,,brittney griner,9.0,2.0,11.0,pbp
401620457,,celeste taylor,0.0,7.0,7.0,pbp
401620457,,diana taurasi,9.0,0.0,9.0,pbp
401620457,,gabby williams,7.0,3.0,10.0,pbp
401620457,,jordan horston,0.0,2.0,2.0,pbp
401620457,,joyner holmes,0.0,10.0,10.0,pbp
401620457,,kahleah copper,2.0,2.0,4.0,pbp
401620457,,mercedes russell,10.0,4.0,14.0,pbp
401620457,,mikiah herbert harrigan,2.0,7.0,9.0,pbp
401620457,,natasha cloud,2.0,2.0,4.0,pbp
401620457,,natasha mack,0.0,10.0,10.0,pbp
401620457,,nika muhl,0.0,2.0,2.0,pbp
401620457,,nneka ogwumike,14.0,3.0,17.0,pbp
401620457,,sami whitcomb,5.0,6.0,11.0,pbp
401620457,,skylar diggins-smith,7.0,7.0,14.0,pbp
401620457,,sophie cunningham,7.0,3.0,10.0,pbp
401620457,,victoria vivians,0.0,9.0,9.0,pbp
401620458,,a'ja wilson,13.0,9.0,22.0,pbp
401620458,,aliyah boston,4.0,0.0,4.0,pbp
401620458,,allisha gray,12.0,4.0,16.0,pbp
401620458,,alyssa thomas,2.0,2.0,4.0,pbp
401620458,,angel reese,4.0,8.0,12.0,pbp
401620458,,arike ogunbowale,0.0,33.0,33.0,pbp
401620458,,breanna stewart,14.0,17.0,31.0,pbp
401620458,,brionna jones,6.0,0.0,6.0,pbp
401620458,,brittney griner,8.0,2.0,10.0,pbp
401620458,,caitlin clark,2.0,2.0,4.0,pbp
401620458,,chelsea gray,3.0,2.0,5.0,pbp
401620458,,dewanna bonner,5.0,0.0,5.0,pbp
401620458,,diana taurasi,8.0,6.0,14.0,pbp
401620458,,jackie young,0.0,2.0,2.0,pbp
401620458,,jonquel jones,4.0,2.0,6.0,pbp
401620458,,kahleah copper,4.0,3.0,7.0,pbp
401620458,,kayla mcbride,3.0,0.0,3.0,pbp
401620458,,kelsey mitchell,4.0,9.0,13.0,pbp
401620458,,kelsey plum,2.0,7.0,9.0,pbp
401620458,,nneka ogwumike,8.0,6.0,14.0,pbp
401620458,,sabrina ionescu,0.0,5.0,5.0,pbp
401647556,,alaina coates,0.0,4.0,4.0,pbp
401647556,,cameron brink,2.0,9.0,11.0,pbp
401647556,,dearica hamby,4.0,13.0,17.0,pbp
401647556,,dulcy fankam mendjiadeu,2.0,0.0,2.0,pbp
401647556,,jade melbourne,3.0,2.0,5.0,pbp
401647556,,jewell loyd,10.0,2.0,12.0,pbp
401647556,,joyner holmes,9.0,4.0,13.0,pbp
401647556,,kaela davis,1.0,0.0,1.0,pbp
401647556,,kia nurse,8.0,0.0,8.0,pbp
401647556,,kiana williams,0.0,2.0,2.0,pbp
401647556,,layshia clarendon,0.0,4.0,4.0,pbp
401647556,,lexie brown,10.0,0.0,10.0,pbp
401647556,,li yueru,3.0,4.0,7.0,pbp
401647556,,mercedes russell,3.0,2.0,5.0,pbp
401647556,,monique billings,2.0,0.0,2.0,pbp
401647556,,nia clouden,1.0,2.0,3.0,pbp
401647556,,nneka ogwumike,4.0,0.0,4.0,pbp
401647556,,rae burrell,0.0,4.0,4.0,pbp
401647556,,rickea jackson,4.0,6.0,10.0,pbp
401647556,,sami whitcomb,0.0,12.0,12.0,pbp
401647556,,skylar diggins-smith,10.0,4.0,14.0,pbp
401647556,,victoria vivians,2.0,3.0,5.0,pbp
401647556,,zia cooke,3.0,4.0,7.0,pbp
401649378,,alanna smith,2.0,2.0,4.0,pbp
401649378,,alissa pili,2.0,0.0,2.0,pbp
401649378,,angel reese,6.0,7.0,13.0,pbp
401649378,,bridget carleton,2.0,10.0,12.0,pbp
401649378,,brynna maxwell,0.0,2.0,2.0,pbp
401649378,,camryn taylor,0.0,8.0,8.0,pbp
401649378,,chennedy carter,8.0,4.0,12.0,pbp
401649378,,courtney williams,13.0,4.0,17.0,pbp
401649378,,dana evans,0.0,13.0,13.0,pbp
401649378,,diamond miller,4.0,1.0,5.0,pbp
401649378,,kamilla cardoso,6.0,0.0,6.0,pbp
401649378,,kayana traylor,2.0,4.0,6.0,pbp
401649378,,kiki jefferson,0.0,4.0,4.0,pbp
401649378,,lindsay allen,7.0,10.0,17.0,pbp
401649378,,marina mabrey,2.0,4.0,6.0,pbp
401649378,,michaela onyenwere,4.0,7.0,11.0,pbp
401649378,,napheesa collier,11.0,5.0,16.0,pbp
401649378,,natisha hiedeman,2.0,6.0,8.0,pbp
401649378,,olivia époupa,3.0,0.0,3.0,pbp
401649378,,taylor soule,2.0,4.0,6.0,pbp
401649379,,angel reese,7.0,6.0,13.0,pbp
401649379,,betnijah laney-hamilton,2.0,2.0,4.0,pbp
401649379,,breanna stewart,5.0,0.0,5.0,pbp
401649379,,brianna fraser,4.0,0.0,4.0,pbp
401649379,,brianna turner,4.0,0.0,4.0,pbp
401649379,,chennedy carter,8.0,3.0,11.0,pbp
401649379,,courtney vandersloot,2.0,2.0,4.0,pbp
401649379,,dana evans,7.0,12.0,19.0,pbp
401649379,,diamond deshields,4.0,0.0,4.0,pbp
401649379,,elizabeth williams,0.0,6.0,6.0,pbp
401649379,,esmery martinez,3.0,1.0,4.0,pbp
401649379,,isabelle harrison,3.0,3.0,6.0,pbp
401649379,,jaylyn sherrod,0.0,4.0,4.0,pbp
401649379,,jessika carter,0.0,4.0,4.0,pbp
401649379,,jonquel jones,2.0,2.0,4.0,pbp
401649379,,kysre gondrezick,0.0,8.0,8.0,pbp
401649379,,lindsay allen,2.0,4.0,6.0,pbp
401649379,,marina mabrey,13.0,6.0,19.0,pbp
401649379,,marquesha davis,0.0,4.0,4.0,pbp
401649379,,michaela onyenwere,0.0,3.0,3.0,pbp
401649379,,okako adika,0.0,2.0,2.0,pbp
401649379,,sabrina ionescu,8.0,0.0,8.0,pbp
401649379,,stephanie mawuli,2.0,4.0,6.0,pbp
401649380,,alaina coates,0.0,2.0,2.0,pbp
401649380,,ariel hearn,0.0,4.0,4.0,pbp
401649380,,bella murekatete,2.0,2.0,4.0,pbp
401649380,,brittney griner,5.0,0.0,5.0,pbp
401649380,,charisma osborne,0.0,6.0,6.0,pbp
401649380,,christyn williams,0.0,5.0,5.0,pbp
401649380,,diana taurasi,10.0,0.0,10.0,pbp
401649380,,ezi magbegor,1.0,4.0,5.0,pbp
401649380,,jewell loyd,11.0,7.0,18.0,pbp
401649380,,jordan horston,2.0,0.0,2.0,pbp
401649380,,joyner holmes,2.0,3.0,5.0,pbp
401649380,,kaela davis,0.0,2.0,2.0,pbp
401649380,,kahleah copper,6.0,0.0,6.0,pbp
401649380,,kiana williams,0.0,9.0,9.0,pbp
401649380,,mercedes russell,4.0,2.0,6.0,pbp
401649380,,mikiah herbert harrigan,0.0,5.0,5.0,pbp
401649380,,mya hollingshed,0.0,3.0,3.0,pbp
401649380,,natasha mack,0.0,6.0,6.0,pbp
401649380,,nika muhl,0.0,6.0,6.0,pbp
401649380,,nneka ogwumike,13.0,2.0,15.0,pbp
401649380,,skylar diggins-smith,9.0,0.0,9.0,pbp
401649380,,sophie cunningham,5.0,0.0,5.0,pbp
401649380,,victoria vivians,3.0,3.0,6.0,pbp
401649560,,alyssa thomas,0.0,2.0,2.0,pbp
401649560,,astou ndour-fall,4.0,4.0,8.0,pbp
401649560,,betnijah laney-hamilton,8.0,6.0,14.0,pbp
401649560,,breanna stewart,4.0,0.0,4.0,pbp
401649560,,courtney vandersloot,4.0,3.0,7.0,pbp
401649560,,dewanna bonner,8.0,8.0,16.0,pbp
401649560,,dijonai carrington,4.0,2.0,6.0,pbp
401649560,,esmery martinez,0.0,5.0,5.0,pbp
401649560,,ivana dojkic,5.0,3.0,8.0,pbp
401649560,,jaylyn sherrod,2.0,6.0,8.0,pbp
401649560,,jocelyn willoughby,2.0,0.0,2.0,pbp
401649560,,jonquel jones,7.0,0.0,7.0,pbp
401649560,,kayla thornton,2.0,0.0,2.0,pbp
401649560,,marquesha davis,4.0,4.0,8.0,pbp
401649560,,olivia nelson-ododa,4.0,2.0,6.0,pbp
401649560,,queen egbo,0.0,3.0,3.0,pbp
401649560,,rachel banham,14.0,6.0,20.0,pbp
401649560,,rita igbokwe,0.0,2.0,2.0,pbp
401649560,,sabrina ionescu,7.0,8.0,15.0,pbp
401649560,,stephanie mawuli,0.0,2.0,2.0,pbp
401649560,,sydney wiese,0.0,3.0,3.0,pbp
401649560,,taiyanna jackson,0.0,2.0,2.0,pbp
401649560,,tiffany mitchell,4.0,3.0,7.0,pbp
401649560,,tyasha harris,0.0,4.0,4.0,pbp
401653060,,aliyah boston,6.0,2.0,8.0,pbp
401653060,,arike ogunbowale,8.0,10.0,18.0,pbp
401653060,,caitlin clark,13.0,5.0,18.0,pbp
401653060,,erica wheeler,9.0,7.0,16.0,pbp
401653060,,grace berger,0.0,2.0,2.0,pbp
401653060,,jacy sheldon,6.0,0.0,6.0,pbp
401653060,,jaelyn brown,10.0,11.0,21.0,pbp
401653060,,kalani brown,1.0,5.0,6.0,pbp
401653060,,kristy wallace,2.0,0.0,2.0,pbp
401653060,,lexie hull,2.0,0.0,2.0,pbp
401653060,,maddy siegrist,6.0,0.0,6.0,pbp
401653060,,nalyssa smith,10.0,10.0,20.0,pbp
401653060,,natasha howard,2.0,8.0,10.0,pbp
401653060,,sevgi uzun,2.0,0.0,2.0,pbp
401653060,,teaira mccowan,4.0,4.0,8.0,pbp
401653060,,temi fagbenle,3.0,2.0,5.0,pbp
401653060,,veronica burton,1.0,0.0,1.0,pbp
401653631,,aaliyah edwards,2.0,4.0,6.0,pbp
401653631,,aerial powers,7.0,2.0,9.0,pbp
401653631,,allisha gray,7.0,0.0,7.0,pbp
401653631,,ariel atkins,10.0,0.0,10.0,pbp
401653631,,brittney sykes,6.0,0.0,6.0,pbp
401653631,,cheyenne parker-tyus,2.0,2.0,4.0,pbp
401653631,,destanni henderson,0.0,7.0,7.0,pbp
401653631,,didi richards,0.0,5.0,5.0,pbp
401653631,,elissa cunane,0.0,3.0,3.0,pbp
401653631,,elizabeth balogun,0.0,5.0,5.0,pbp
401653631,,emily engstler,0.0,3.0,3.0,pbp
401653631,,haley jones,6.0,0.0,6.0,pbp
401653631,,honesty scott-grayson,0.0,6.0,6.0,pbp
401653631,,julie vanloo,0.0,3.0,3.0,pbp
401653631,,karlie samuelson,8.0,0.0,8.0,pbp
401653631,,kaylynne truong,0.0,3.0,3.0,pbp
401653631,,khaalia hillsman,0.0,7.0,7.0,pbp
401653631,,khadijiah cave,0.0,6.0,6.0,pbp
401653631,,laeticia amihere,2.0,2.0,4.0,pbp
401653631,,myisha hines-allen,9.0,4.0,13.0,pbp
401653631,,naz hillmon,4.0,0.0,4.0,pbp
401653631,,nia coffey,2.0,5.0,7.0,pbp
401653631,,queen egbo,0.0,2.0,2.0,pbp
401653631,,rhyne howard,4.0,0.0,4.0,pbp
401653631,,shakira austin,8.0,0.0,8.0,pbp
401653631,,shatori walker-kimbrough,2.0,4.0,6.0,pbp
401653631,,stefanie dolson,0.0,2.0,2.0,pbp
401653631,,taja cole,0.0,9.0,9.0,pbp
401653631,,tina charles,6.0,0.0,6.0,pbp
401653632,,aaliyah edwards,0.0,1.0,1.0,pbp
401653632,,alanna smith,4.0,2.0,6.0,pbp
401653632,,alissa pili,2.0,8.0,10.0,pbp
401653632,,ariel atkins,10.0,10.0,20.0,pbp
401653632,,bridget carleton,2.0,6.0,8.0,pbp
401653632,,brittney sykes,6.0,0.0,6.0,pbp
401653632,,camryn taylor,0.0,6.0,6.0,pbp
401653632,,courtney williams,10.0,3.0,13.0,pbp
401653632,,diamond miller,3.0,0.0,3.0,pbp
401653632,,didi richards,0.0,1.0,1.0,pbp
401653632,,elissa cunane,0.0,2.0,2.0,pbp
401653632,,emily engstler,0.0,3.0,3.0,pbp
401653632,,jakia brown-turner,0.0,2.0,2.0,pbp
401653632,,julie vanloo,3.0,3.0,6.0,pbp
401653632,,karlie samuelson,3.0,8.0,11.0,pbp
401653632,,kayana traylor,3.0,0.0,3.0,pbp
401653632,,kiki jefferson,2.0,0.0,2.0,pbp
401653632,,myisha hines-allen,9.0,3.0,12.0,pbp
401653632,,napheesa collier,9.0,6.0,15.0,pbp
401653632,,natisha hiedeman,0.0,5.0,5.0,pbp
401653632,,olivia epoupa,0.0,4.0,4.0,pbp
401653632,,quinesha lockett,0.0,6.0,6.0,pbp
401653632,,shakira austin,4.0,0.0,4.0,pbp
401653632,,shatori walker-kimbrough,0.0,4.0,4.0,pbp
401653632,,stefanie dolson,5.0,0.0,5.0,pbp
401653632,,taylor soule,0.0,2.0,2.0,pbp
401653633,,aerial powers,8.0,2.0,10.0,pbp
401653633,,aliyah boston,6.0,5.0,11.0,pbp
401653633,,allisha gray,10.0,0.0,10.0,pbp
401653633,,caitlin clark,7.0,4.0,11.0,pbp
401653633,,celeste taylor,6.0,0.0,6.0,pbp
401653633,,cheyenne parker-tyus,7.0,4.0,11.0,pbp
401653633,,crystal dangerfield,2.0,4.0,6.0,pbp
401653633,,grace berger,4.0,2.0,6.0,pbp
401653633,,haley jones,2.0,0.0,2.0,pbp
401653633,,katie lou samuelson,1.0,10.0,11.0,pbp
401653633,,khadijiah cave,0.0,2.0,2.0,pbp
401653633,,kristy wallace,2.0,2.0,4.0,pbp
401653633,,laeticia amihere,2.0,6.0,8.0,pbp
401653633,,lexie hull,3.0,1.0,4.0,pbp
401653633,,nalyssa smith,14.0,7.0,21.0,pbp
401653633,,naz hillmon,2.0,0.0,2.0,pbp
401653633,,nia coffey,0.0,6.0,6.0,pbp
401653633,,rhyne howard,9.0,3.0,12.0,pbp
401653633,,temi fagbenle,4.0,4.0,8.0,pbp
401653633,,tina charles,6.0,4.0,10.0,pbp
401653634,,aari mcdonald,2.0,6.0,8.0,pbp
401653634,,amy atwell,0.0,8.0,8.0,pbp
401653634,,ariel hearn,0.0,9.0,9.0,pbp
401653634,,bella murekatete,0.0,2.0,2.0,pbp
401653634,,blake dietrick,2.0,0.0,2.0,pbp
401653634,,cameron brink,4.0,3.0,7.0,pbp
401653634,,charisma osborne,0.0,2.0,2.0,pbp
401653634,,dearica hamby,12.0,9.0,21.0,pbp
401653634,,diana taurasi,11.0,2.0,13.0,pbp
401653634,,kahleah copper,8.0,7.0,15.0,pbp
401653634,,kia nurse,2.0,6.0,8.0,pbp
401653634,,layshia clarendon,0.0,2.0,2.0,pbp
401653634,,lexie brown,6.0,4.0,10.0,pbp
401653634,,li yueru,0.0,1.0,1.0,pbp
401653634,,mikiah herbert harrigan,8.0,0.0,8.0,pbp
401653634,,monique billings,0.0,4.0,4.0,pbp
401653634,,mya hollingshed,0.0,3.0,3.0,pbp
401653634,,natasha cloud,2.0,5.0,7.0,pbp
401653634,,nia clouden,0.0,2.0,2.0,pbp
401653634,,rae burrell,2.0,4.0,6.0,pbp
401653634,,rebecca allen,9.0,0.0,9.0,pbp
401653634,,rickea jackson,2.0,0.0,2.0,pbp
401653634,,stephanie talbot,0.0,1.0,1.0,pbp
401653634,,sug sutton,2.0,5.0,7.0,pbp
401653634,,zia cooke,9.0,12.0,21.0,pbp
401653736,,a'ja wilson,19.0,8.0,27.0,pbp
401653736,,alana smith,3.0,0.0,3.0,pbp
401653736,,ali gibson,0.0,1.0,1.0,pbp
401653736,,brianna jones,2.0,2.0,4.0,pbp
401653736,,dyaisha fair,0.0,5.0,5.0,pbp
401653736,,emma cannon,0.0,4.0,4.0,pbp
401653736,,india pagan,2.0,0.0,2.0,pbp
401653736,,isalys quinones,4.0,2.0,6.0,pbp
401653736,,jackie benitez,0.0,2.0,2.0,pbp
401653736,,jackie young,9.0,0.0,9.0,pbp
401653736,,kate martin,0.0,5.0,5.0,pbp
401653736,,kelsey plum,13.0,8.0,21.0,pbp
401653736,,kiah stokes,2.0,0.0,2.0,pbp
401653736,,kierstan bell,6.0,2.0,8.0,pbp
401653736,,mariah perez,0.0,5.0,5.0,pbp
401653736,,megan gustafson,4.0,13.0,17.0,pbp
401653736,,nairimar vargas,0.0,6.0,6.0,pbp
401653736,,pamela rosado,6.0,0.0,6.0,pbp
401653736,,sydney colson,4.0,0.0,4.0,pbp
401653736,,tayra melendez,0.0,2.0,2.0,pbp
401653736,,trinity san antonio,4.0,6.0,10.0,pbp
401677672,,alanna smith,6.0,0.0,6.0,pbp
401677672,,betnijah laney-hamilton,3.0,10.0,13.0,pbp
401677672,,breanna stewart,6.0,18.0,24.0,pbp
401677672,,bridget carleton,8.0,14.0,22.0,pbp
401677672,,cecilia zandalasini,10.0,5.0,15.0,pbp
401677672,,courtney vandersloot,4.0,0.0,4.0,pbp
401677672,,courtney williams,4.0,7.0,11.0,pbp
401677672,,dorka juhasz,4.0,0.0,4.0,pbp
401677672,,jonquel jones,0.0,3.0,3.0,pbp
401677672,,kayla mcbride,5.0,7.0,12.0,pbp
401677672,,kayla thornton,14.0,3.0,17.0,pbp
401677672,,kennedy burke,5.0,0.0,5.0,pbp
401677672,,napheesa collier,9.0,12.0,21.0,pbp
401677672,,natisha hiedeman,0.0,2.0,2.0,pbp
401677672,,sabrina ionescu,17.0,5.0,22.0,pbp
401721253,,aliyah boston,8.0,9.0,17.0,pbp
401721253,,alyssa thomas,12.0,0.0,12.0,pbp
401721253,,brionna jones,2.0,2.0,4.0,pbp
401721253,,caitlin clark,3.0,8.0,11.0,pbp
401721253,,damiris dantas,10.0,2.0,12.0,pbp
401721253,,dewanna bonner,16.0,6.0,22.0,pbp
401721253,,dijonai carrington,4.0,10.0,14.0,pbp
401721253,,erica wheeler,1.0,0.0,1.0,pbp
401721253,,kelsey mitchell,11.0,10.0,21.0,pbp
401721253,,lexie hull,5.0,0.0,5.0,pbp
401721253,,marina mabrey,7.0,19.0,26.0,pbp
401721253,,olivia nelson-ododa,2.0,4.0,6.0,pbp
401721253,,veronica burton,3.0,5.0,8.0,pbp
401721253,,victaria saxton,0.0,2.0,2.0,pbp
401721254,,aliyah boston,8.0,8.0,16.0,pbp
401721254,,alyssa thomas,6.0,13.0,19.0,pbp
401721254,,brionna jones,6.0,2.0,8.0,pbp
401721254,,caitlin clark,12.0,11.0,23.0,pbp
401721254,,damiris dantas,0.0,4.0,4.0,pbp
401721254,,dewanna bonner,4.0,11.0,15.0,pbp
401721254,,dijonai carrington,4.0,6.0,10.0,pbp
401721254,,erica wheeler,2.0,0.0,2.0,pbp
401721254,,kelsey mitchell,7.0,10.0,17.0,pbp
401721254,,lexie hull,3.0,5.0,8.0,pbp
401721254,,marina mabrey,9.0,8.0,17.0,pbp
401721254,,olivia nelson-ododa,4.0,4.0,8.0,pbp
401721254,,temi fagbenle,0.0,9.0,9.0,pbp
401721254,,veronica burton,8.0,2.0,10.0,pbp
401721255,,allisha gray,7.0,2.0,9.0,pbp
401721255,,betnijah laney-hamilton,6.0,4.0,10.0,pbp
401721255,,breanna stewart,8.0,11.0,19.0,pbp
401721255,,courtney vandersloot,0.0,4.0,4.0,pbp
401721255,,ezinne kalu,0.0,4.0,4.0,pbp
401721255,,haley jones,0.0,6.0,6.0,pbp
401721255,,jonquel jones,4.0,5.0,9.0,pbp
401721255,,jordin canada,0.0,3.0,3.0,pbp
401721255,,laeticia amihere,0.0,8.0,8.0,pbp
401721255,,leonie fiebich,15.0,6.0,21.0,pbp
401721255,,lorela cubaj,0.0,2.0,2.0,pbp
401721255,,maya caldwell,0.0,2.0,2.0,pbp
401721255,,naz hillmon,9.0,0.0,9.0,pbp
401721255,,nyara sabally,0.0,2.0,2.0,pbp
401721255,,rhyne howard,2.0,12.0,14.0,pbp
401721255,,sabrina ionescu,14.0,3.0,17.0,pbp
401721255,,tina charles,12.0,0.0,12.0,pbp
401721256,,a'ja wilson,4.0,17.0,21.0,pbp
401721256,,alysha clark,7.0,0.0,7.0,pbp
401721256,,chelsea gray,10.0,6.0,16.0,pbp
401721256,,gabby williams,5.0,9.0,14.0,pbp
401721256,,jackie young,5.0,7.0,12.0,pbp
401721256,,jewell loyd,3.0,3.0,6.0,pbp
401721256,,jordan horston,8.0,2.0,10.0,pbp
401721256,,kelsey plum,0.0,2.0,2.0,pbp
401721256,,mercedes russell,6.0,2.0,8.0,pbp
401721256,,nneka ogwumike,13.0,0.0,13.0,pbp
401721256,,skylar diggins-smith,7.0,9.0,16.0,pbp
401721256,,tiffany hayes,12.0,8.0,20.0,pbp
401721258,,allisha gray,14.0,12.0,26.0,pbp
401721258,,betnijah laney-hamilton,5.0,0.0,5.0,pbp
401721258,,breanna stewart,11.0,2.0,13.0,pbp
401721258,,courtney vandersloot,0.0,4.0,4.0,pbp
401721258,,haley jones,2.0,0.0,2.0,pbp
401721258,,jonquel jones,10.0,10.0,20.0,pbp
401721258,,jordin canada,4.0,4.0,8.0,pbp
401721258,,leonie fiebich,0.0,9.0,9.0,pbp
401721258,,naz hillmon,4.0,2.0,6.0,pbp
401721258,,nia coffey,4.0,3.0,7.0,pbp
401721258,,nyara sabally,4.0,0.0,4.0,pbp
401721258,,rhyne howard,10.0,8.0,18.0,pbp
401721258,,sabrina ionescu,13.0,23.0,36.0,pbp
401721258,,tina charles,10.0,4.0,14.0,pbp
401721260,,alanna smith,9.0,3.0,12.0,pbp
401721260,,bridget carleton,6.0,6.0,12.0,pbp
401721260,,brittney griner,11.0,13.0,24.0,pbp
401721260,,celeste taylor,0.0,2.0,2.0,pbp
401721260,,courtney williams,2.0,9.0,11.0,pbp
401721260,,diana taurasi,7.0,3.0,10.0,pbp
401721260,,kahleah copper,5.0,8.0,13.0,pbp
401721260,,kayla mcbride,5.0,10.0,15.0,pbp
401721260,,monique billings,4.0,2.0,6.0,pbp
401721260,,myisha hines-allen,0.0,1.0,1.0,pbp
401721260,,napheesa collier,23.0,19.0,42.0,pbp
401721260,,natasha cloud,12.0,4.0,16.0,pbp
401721260,,natasha mack,8.0,4.0,12.0,pbp
401721260,,natisha hiedeman,4.0,4.0,8.0,pbp
401721260,,sophie cunningham,0.0,5.0,5.0,pbp
401721261,,alanna smith,5.0,2.0,7.0,pbp
401721261,,bridget carleton,5.0,7.0,12.0,pbp
401721261,,brittney griner,4.0,6.0,10.0,pbp
401721261,,cecilia zandalasini,2.0,0.0,2.0,pbp
401721261,,celeste taylor,0.0,3.0,3.0,pbp
401721261,,courtney williams,5.0,4.0,9.0,pbp
401721261,,diana taurasi,8.0,12.0,20.0,pbp
401721261,,kahleah copper,6.0,10.0,16.0,pbp
401721261,,kayla mcbride,8.0,12.0,20.0,pbp
401721261,,monique billings,2.0,0.0,2.0,pbp
401721261,,myisha hines-allen,4.0,6.0,10.0,pbp
401721261,,napheesa collier,23.0,15.0,38.0,pbp
401721261,,natasha cloud,18.0,15.0,33.0,pbp
401721261,,natasha mack,0.0,2.0,2.0,pbp
401721261,,natisha hiedeman,4.0,0.0,4.0,pbp
401721261,,sophie cunningham,3.0,5.0,8.0,pbp
401721262,,a'ja wilson,18.0,6.0,24.0,pbp
401721262,,chelsea gray,8.0,4.0,12.0,pbp
401721262,,ezi magbegor,12.0,2.0,14.0,pbp
401721262,,gabby williams,7.0,13.0,20.0,pbp
401721262,,jackie young,0.0,9.0,9.0,pbp
401721262,,jewell loyd,5.0,4.0,9.0,pbp
401721262,,jordan horston,2.0,0.0,2.0,pbp
401721262,,kelsey plum,14.0,15.0,29.0,pbp
401721262,,mercedes russell,0.0,2.0,2.0,pbp
401721262,,nneka ogwumike,6.0,10.0,16.0,pbp
401721262,,skylar diggins-smith,6.0,7.0,13.0,pbp
401721262,,tiffany hayes,5.0,4.0,9.0,pbp
401724938,,a'ja wilson,10.0,11.0,21.0,pbp
401724938,,alysha clark,7.0,2.0,9.0,pbp
401724938,,betnijah laney-hamilton,0.0,4.0,4.0,pbp
401724938,,breanna stewart,20.0,13.0,33.0,pbp
401724938,,chelsea gray,4.0,0.0,4.0,pbp
401724938,,courtney vandersloot,1.0,2.0,3.0,pbp
401724938,,jackie young,8.0,9.0,17.0,pbp
401724938,,jonquel jones,11.0,2.0,13.0,pbp
401724938,,kayla thornton,2.0,0.0,2.0,pbp
401724938,,kelsey plum,9.0,15.0,24.0,pbp
401724938,,kennedy burke,0.0,2.0,2.0,pbp
401724938,,leonie fiebich,3.0,3.0,6.0,pbp
401724938,,nyara sabally,2.0,0.0,2.0,pbp
401724938,,sabrina ionescu,9.0,12.0,21.0,pbp
401724938,,tiffany hayes,0.0,2.0,2.0,pbp
401724939,,a'ja wilson,6.0,18.0,24.0,pbp
401724939,,alysha clark,8.0,5.0,13.0,pbp
401724939,,betnijah laney-hamilton,8.0,0.0,8.0,pbp
401724939,,breanna stewart,7.0,8.0,15.0,pbp
401724939,,chelsea gray,10.0,4.0,14.0,pbp
401724939,,courtney vandersloot,7.0,5.0,12.0,pbp
401724939,,jackie young,6.0,11.0,17.0,pbp
401724939,,jonquel jones,4.0,10.0,14.0,pbp
401724939,,kayla thornton,9.0,0.0,9.0,pbp
401724939,,kelsey plum,3.0,3.0,6.0,pbp
401724939,,leonie fiebich,3.0,3.0,6.0,pbp
401724939,,sabrina ionescu,8.0,16.0,24.0,pbp
401724939,,tiffany hayes,7.0,3.0,10.0,pbp
401724940,,a'ja wilson,13.0,6.0,19.0,pbp
401724940,,alysha clark,2.0,3.0,5.0,pbp
401724940,,betnijah laney-hamilton,7.0,0.0,7.0,pbp
401724940,,breanna stewart,14.0,5.0,19.0,pbp
401724940,,chelsea gray,7.0,3.0,10.0,pbp
401724940,,courtney vandersloot,9.0,0.0,9.0,pbp
401724940,,ivana dojkic,0.0,3.0,3.0,pbp
401724940,,jackie young,13.0,11.0,24.0,pbp
401724940,,jonquel jones,5.0,6.0,11.0,pbp
401724940,,kayla thornton,3.0,0.0,3.0,pbp
401724940,,kelsey plum,9.0,11.0,20.0,pbp
401724940,,kennedy burke,0.0,4.0,4.0,pbp
401724940,,kierstan bell,0.0,2.0,2.0,pbp
401724940,,leonie fiebich,7.0,3.0,10.0,pbp
401724940,,marquesha davis,0.0,3.0,3.0,pbp
401724940,,nyara sabally,4.0,4.0,8.0,pbp
401724940,,sabrina ionescu,0.0,4.0,4.0,pbp
401724940,,sydney colson,1.0,3.0,4.0,pbp
401724940,,tiffany hayes,7.0,4.0,11.0,pbp
401724941,,a'ja wilson,9.0,9.0,18.0,pbp
401724941,,alysha clark,2.0,0.0,2.0,pbp
401724941,,betnijah laney-hamilton,2.0,0.0,2.0,pbp
401724941,,breanna stewart,15.0,4.0,19.0,pbp
401724941,,chelsea gray,5.0,2.0,7.0,pbp
401724941,,courtney vandersloot,2.0,6.0,8.0,pbp
401724941,,jackie young,3.0,1.0,4.0,pbp
401724941,,jonquel jones,5.0,9.0,14.0,pbp
401724941,,kelsey plum,12.0,5.0,17.0,pbp
401724941,,leonie fiebich,5.0,6.0,11.0,pbp
401724941,,megan gustafson,2.0,0.0,2.0,pbp
401724941,,sabrina ionescu,12.0,10.0,22.0,pbp
401724941,,tiffany hayes,5.0,6.0,11.0,pbp
401725075,,alanna smith,3.0,3.0,6.0,pbp
401725075,,alyssa thomas,9.0,8.0,17.0,pbp
401725075,,bridget carleton,13.0,4.0,17.0,pbp
401725075,,brionna jones,4.0,2.0,6.0,pbp
401725075,,courtney williams,3.0,5.0,8.0,pbp
401725075,,dewanna bonner,4.0,5.0,9.0,pbp
401725075,,dijonai carrington,9.0,4.0,13.0,pbp
401725075,,kayla mcbride,4.0,8.0,12.0,pbp
401725075,,marina mabrey,11.0,9.0,20.0,pbp
401725075,,myisha hines-allen,4.0,2.0,6.0,pbp
401725075,,napheesa collier,9.0,10.0,19.0,pbp
401725075,,natisha hiedeman,2.0,0.0,2.0,pbp
401725075,,olivia nelson-ododa,2.0,0.0,2.0,pbp
401725075,,veronica burton,2.0,3.0,5.0,pbp
401725076,,alanna smith,5.0,10.0,15.0,pbp
401725076,,alyssa thomas,6.0,12.0,18.0,pbp
401725076,,bridget carleton,7.0,2.0,9.0,pbp
401725076,,brionna jones,2.0,0.0,2.0,pbp
401725076,,cecilia zandalasini,5.0,0.0,5.0,pbp
401725076,,courtney williams,2.0,15.0,17.0,pbp
401725076,,dewanna bonner,7.0,10.0,17.0,pbp
401725076,,dijonai carrington,2.0,12.0,14.0,pbp
401725076,,kayla mcbride,6.0,5.0,11.0,pbp
401725076,,marina mabrey,11.0,4.0,15.0,pbp
401725076,,myisha hines-allen,4.0,3.0,7.0,pbp
401725076,,napheesa collier,5.0,4.0,9.0,pbp
401725076,,natisha hiedeman,2.0,2.0,4.0,pbp
401725076,,olivia nelson-ododa,2.0,2.0,4.0,pbp
401725077,,alanna smith,4.0,3.0,7.0,pbp
401725077,,alyssa thomas,6.0,7.0,13.0,pbp
401725077,,bridget carleton,2.0,10.0,12.0,pbp
401725077,,brionna jones,9.0,12.0,21.0,pbp
401725077,,cecilia zandalasini,5.0,0.0,5.0,pbp
401725077,,courtney williams,8.0,8.0,16.0,pbp
401725077,,dewanna bonner,6.0,10.0,16.0,pbp
401725077,,dijonai carrington,9.0,4.0,13.0,pbp
401725077,,dorka juhasz,3.0,2.0,5.0,pbp
401725077,,kayla mcbride,8.0,5.0,13.0,pbp
401725077,,marina mabrey,4.0,10.0,14.0,pbp
401725077,,myisha hines-allen,0.0,2.0,2.0,pbp
401725077,,napheesa collier,16.0,10.0,26.0,pbp
401725077,,natisha hiedeman,2.0,2.0,4.0,pbp
401725077,,veronica burton,2.0,2.0,4.0,pbp
401725078,,alanna smith,9.0,0.0,9.0,pbp
401725078,,alyssa thomas,4.0,14.0,18.0,pbp
401725078,,bridget carleton,3.0,3.0,6.0,pbp
401725078,,brionna jones,5.0,2.0,7.0,pbp
401725078,,cecilia zandalasini,3.0,0.0,3.0,pbp
401725078,,courtney williams,3.0,8.0,11.0,pbp
401725078,,dewanna bonner,5.0,13.0,18.0,pbp
401725078,,dijonai carrington,10.0,4.0,14.0,pbp
401725078,,kayla mcbride,3.0,2.0,5.0,pbp
401725078,,marina mabrey,7.0,3.0,10.0,pbp
401725078,,myisha hines-allen,3.0,0.0,3.0,pbp
401725078,,napheesa collier,14.0,15.0,29.0,pbp
401725078,,natisha hiedeman,12.0,4.0,16.0,pbp
401725078,,tyasha harris,7.0,13.0,20.0,pbp
401725078,,veronica burton,4.0,0.0,4.0,pbp
401725079,,alanna smith,4.0,3.0,7.0,pbp
401725079,,alyssa thomas,7.0,0.0,7.0,pbp
401725079,,bridget carleton,2.0,0.0,2.0,pbp
401725079,,brionna jones,6.0,10.0,16.0,pbp
401725079,,courtney williams,15.0,9.0,24.0,pbp
401725079,,dewanna bonner,6.0,8.0,14.0,pbp
401725079,,dijonai carrington,0.0,17.0,17.0,pbp
401725079,,kayla mcbride,14.0,5.0,19.0,pbp
401725079,,marina mabrey,8.0,0.0,8.0,pbp
401725079,,myisha hines-allen,0.0,2.0,2.0,pbp
401725079,,napheesa collier,13.0,14.0,27.0,pbp
401725079,,natisha hiedeman,5.0,2.0,7.0,pbp
401725079,,tyasha harris,6.0,5.0,11.0,pbp
401725079,,veronica burton,0.0,3.0,3.0,pbp
401726988,,alanna smith,4.0,5.0,9.0,pbp
401726988,,betnijah laney-hamilton,2.0,3.0,5.0,pbp
401726988,,breanna stewart,7.0,11.0,18.0,pbp
401726988,,bridget carleton,3.0,2.0,5.0,pbp
401726988,,courtney vandersloot,5.0,3.0,8.0,pbp
401726988,,courtney williams,6.0,17.0,23.0,pbp
401726988,,jonquel jones,13.0,11.0,24.0,pbp
401726988,,kayla mcbride,10.0,12.0,22.0,pbp
401726988,,leonie fiebich,6.0,11.0,17.0,pbp
401726988,,myisha hines-allen,5.0,0.0,5.0,pbp
401726988,,napheesa collier,8.0,13.0,21.0,pbp
401726988,,natisha hiedeman,0.0,10.0,10.0,pbp
401726988,,nyara sabally,0.0,2.0,2.0,pbp
401726988,,sabrina ionescu,10.0,8.0,18.0,pbp
401726989,,alanna smith,8.0,6.0,14.0,pbp
401726989,,betnijah laney-hamilton,13.0,7.0,20.0,pbp
401726989,,breanna stewart,14.0,7.0,21.0,pbp
401726989,,bridget carleton,8.0,0.0,8.0,pbp
401726989,,courtney vandersloot,0.0,3.0,3.0,pbp
401726989,,courtney williams,7.0,8.0,15.0,pbp
401726989,,jonquel jones,4.0,10.0,14.0,pbp
401726989,,kayla mcbride,5.0,3.0,8.0,pbp
401726989,,kayla thornton,3.0,0.0,3.0,pbp
401726989,,leonie fiebich,0.0,2.0,2.0,pbp
401726989,,napheesa collier,8.0,8.0,16.0,pbp
401726989,,natisha hiedeman,3.0,2.0,5.0,pbp
401726989,,nyara sabally,1.0,0.0,1.0,pbp
401726989,,sabrina ionescu,13.0,1.0,14.0,pbp
401726990,,alanna smith,2.0,0.0,2.0,pbp
401726990,,betnijah laney-hamilton,2.0,0.0,2.0,pbp
401726990,,breanna stewart,8.0,22.0,30.0,pbp
401726990,,bridget carleton,10.0,4.0,14.0,pbp
401726990,,cecilia zandalasini,4.0,0.0,4.0,pbp
401726990,,courtney vandersloot,5.0,0.0,5.0,pbp
401726990,,courtney williams,5.0,7.0,12.0,pbp
401726990,,jonquel jones,4.0,9.0,13.0,pbp
401726990,,kayla mcbride,13.0,6.0,19.0,pbp
401726990,,leonie fiebich,10.0,3.0,13.0,pbp
401726990,,myisha hines-allen,0.0,4.0,4.0,pbp
401726990,,napheesa collier,9.0,13.0,22.0,pbp
401726990,,nyara sabally,4.0,0.0,4.0,pbp
401726990,,sabrina ionescu,2.0,11.0,13.0,pbp
401726991,,alanna smith,2.0,10.0,12.0,pbp
401726991,,betnijah laney-hamilton,10.0,0.0,10.0,pbp
401726991,,breanna stewart,4.0,7.0,11.0,pbp
401726991,,bridget carleton,3.0,9.0,12.0,pbp
401726991,,cecilia zandalasini,2.0,4.0,6.0,pbp
401726991,,courtney vandersloot,0.0,2.0,2.0,pbp
401726991,,courtney williams,13.0,2.0,15.0,pbp
401726991,,dorka juhasz,0.0,2.0,2.0,pbp
401726991,,jonquel jones,9.0,12.0,21.0,pbp
401726991,,kayla mcbride,14.0,5.0,19.0,pbp
401726991,,kayla thornton,3.0,0.0,3.0,pbp
401726991,,leonie fiebich,9.0,10.0,19.0,pbp
401726991,,napheesa collier,12.0,2.0,14.0,pbp
401726991,,natisha hiedeman,0.0,2.0,2.0,pbp
401726991,,nyara sabally,4.0,0.0,4.0,pbp
401726991,,sabrina ionescu,6.0,4.0,10.0,pbp
401726992,,alanna smith,5.0,1.0,6.0,pbp
401726992,,betnijah laney-hamilton,2.0,2.0,4.0,pbp
401726992,,breanna stewart,5.0,8.0,13.0,pbp
401726992,,bridget carleton,0.0,3.0,3.0,pbp
401726992,,courtney williams,2.0,2.0,4.0,pbp
401726992,,jonquel jones,10.0,7.0,17.0,pbp
401726992,,kayla mcbride,9.0,12.0,21.0,pbp
401726992,,kayla thornton,2.0,0.0,2.0,pbp
401726992,,leonie fiebich,6.0,7.0,13.0,pbp
401726992,,napheesa collier,14.0,8.0,22.0,pbp
401726992,,natisha hiedeman,4.0,2.0,6.0,pbp
401726992,,nyara sabally,2.0,11.0,13.0,pbp
401726992,,sabrina ionescu,0.0,5.0,5.0,pbp
401736112,,allisha gray,19.0,6.0,25.0,pbp
401736112,,brionna jones,6.0,10.0,16.0,pbp
401736112,,brittney griner,4.0,14.0,18.0,pbp
401736112,,brittney sykes,3.0,19.0,22.0,pbp
401736112,,emily engstler,5.0,0.0,5.0,pbp
401736112,,jade melbourne,10.0,1.0,11.0,pbp
401736112,,kiki iriafen,7.0,7.0,14.0,pbp
401736112,,lucy olsen,2.0,0.0,2.0,pbp
401736112,,nia coffey,6.0,4.0,10.0,pbp
401736112,,rhyne howard,3.0,8.0,11.0,pbp
401736112,,shatori walker-kimbrough,0.0,3.0,3.0,pbp
401736112,,sika kone,2.0,0.0,2.0,pbp
401736112,,sonia citron,4.0,15.0,19.0,pbp
401736112,,stefanie dolson,0.0,6.0,6.0,pbp
401736112,,sug sutton,8.0,5.0,13.0,pbp
401736112,,te-hina paopao,7.0,0.0,7.0,pbp
401736113,,arike ogunbowale,12.0,4.0,16.0,pbp
401736113,,bridget carleton,0.0,3.0,3.0,pbp
401736113,,courtney williams,4.0,21.0,25.0,pbp
401736113,,diamond miller,10.0,3.0,13.0,pbp
401736113,,dijonai carrington,8.0,7.0,15.0,pbp
401736113,,jessica shepard,11.0,4.0,15.0,pbp
401736113,,jj quinerly,0.0,2.0,2.0,pbp
401736113,,kaila charles,0.0,8.0,8.0,pbp
401736113,,karlie samuelson,5.0,0.0,5.0,pbp
401736113,,maddy siegrist,6.0,5.0,11.0,pbp
401736113,,myisha hines-allen,7.0,4.0,11.0,pbp
401736113,,nalyssa smith,2.0,4.0,6.0,pbp
401736113,,napheesa collier,14.0,20.0,34.0,pbp
401736113,,natisha hiedeman,2.0,2.0,4.0,pbp
401736113,,paige bueckers,6.0,4.0,10.0,pbp
401736113,,tyasha harris,5.0,0.0,5.0,pbp
401736114,,azura stevens,10.0,1.0,11.0,pbp
401736114,,carla leite,2.0,0.0,2.0,pbp
401736114,,dearica hamby,9.0,5.0,14.0,pbp
401736114,,julie vanloo,5.0,8.0,13.0,pbp
401736114,,kate martin,0.0,2.0,2.0,pbp
401736114,,kayla thornton,6.0,0.0,6.0,pbp
401736114,,kelsey plum,11.0,25.0,36.0,pbp
401736114,,monique billings,0.0,7.0,7.0,pbp
401736114,,odyssey sims,2.0,5.0,7.0,pbp
401736114,,rickea jackson,8.0,5.0,13.0,pbp
401736114,,sarah ashlee barker,2.0,0.0,2.0,pbp
401736114,,temi fagbenle,13.0,2.0,15.0,pbp
401736114,,tiffany hayes,11.0,8.0,19.0,pbp
401736114,,veronica burton,2.0,0.0,2.0,pbp
401736115,,aliyah boston,8.0,11.0,19.0,pbp
401736115,,angel reese,7.0,5.0,12.0,pbp
401736115,,ariel atkins,4.0,7.0,11.0,pbp
401736115,,caitlin clark,12.0,8.0,20.0,pbp
401736115,,courtney vandersloot,2.0,2.0,4.0,pbp
401736115,,damiris dantas,0.0,2.0,2.0,pbp
401736115,,dewanna bonner,2.0,5.0,7.0,pbp
401736115,,elizabeth williams,1.0,0.0,1.0,pbp
401736115,,hailey van lith,0.0,4.0,4.0,pbp
401736115,,kamilla cardoso,4.0,3.0,7.0,pbp
401736115,,kelsey mitchell,9.0,6.0,15.0,pbp
401736115,,kia nurse,4.0,0.0,4.0,pbp
401736115,,lexie hull,4.0,5.0,9.0,pbp
401736115,,makayla timpson,0.0,4.0,4.0,pbp
401736115,,natasha howard,10.0,5.0,15.0,pbp
401736115,,rachel banham,2.0,5.0,7.0,pbp
401736115,,rebecca allen,7.0,0.0,7.0,pbp
401736115,,sydney colson,0.0,2.0,2.0,pbp
401736116,,a'ja wilson,13.0,18.0,31.0,pbp
401736116,,breanna stewart,13.0,12.0,25.0,pbp
401736116,,chelsea gray,8.0,4.0,12.0,pbp
401736116,,dana evans,2.0,8.0,10.0,pbp
401736116,,elizabeth kitley,0.0,2.0,2.0,pbp
401736116,,jackie young,5.0,10.0,15.0,pbp
401736116,,jewell loyd,5.0,0.0,5.0,pbp
401736116,,jonquel jones,5.0,12.0,17.0,pbp
401736116,,kennedy burke,8.0,2.0,10.0,pbp
401736116,,kierstan bell,0.0,2.0,2.0,pbp
401736116,,leonie fiebich,0.0,2.0,2.0,pbp
401736116,,marine johannes,0.0,2.0,2.0,pbp
401736116,,natasha cloud,10.0,12.0,22.0,pbp
401736116,,nyara sabally,6.0,0.0,6.0,pbp
401736116,,sabrina ionescu,5.0,3.0,8.0,pbp
401736117,,alexa held,4.0,6.0,10.0,pbp
401736117,,alexis prince,0.0,2.0,2.0,pbp
401736117,,alyssa thomas,13.0,7.0,20.0,pbp
401736117,,dominique malonga,2.0,0.0,2.0,pbp
401736117,,erica wheeler,2.0,4.0,6.0,pbp
401736117,,ezi magbegor,0.0,2.0,2.0,pbp
401736117,,gabby williams,4.0,0.0,4.0,pbp
401736117,,kalani brown,0.0,4.0,4.0,pbp
401736117,,kathryn westbeld,7.0,2.0,9.0,pbp
401736117,,li yueru,5.0,1.0,6.0,pbp
401736117,,monique akoa makani,0.0,2.0,2.0,pbp
401736117,,nneka ogwumike,4.0,8.0,12.0,pbp
401736117,,sami whitcomb,0.0,6.0,6.0,pbp
401736117,,satou sabally,17.0,10.0,27.0,pbp
401736117,,skylar diggins,13.0,8.0,21.0,pbp
401736117,,zia cooke,0.0,6.0,6.0,pbp
401736118,,bria hartley,11.0,0.0,11.0,pbp
401736118,,brittney sykes,16.0,11.0,27.0,pbp
401736118,,emily engstler,0.0,3.0,3.0,pbp
401736118,,haley peters,3.0,0.0,3.0,pbp
401736118,,jacy sheldon,7.0,4.0,11.0,pbp
401736118,,jade melbourne,7.0,8.0,15.0,pbp
401736118,,kariata diaby,0.0,2.0,2.0,pbp
401736118,,kiki iriafen,10.0,7.0,17.0,pbp
401736118,,lindsay allen,0.0,6.0,6.0,pbp
401736118,,marina mabrey,4.0,7.0,11.0,pbp
401736118,,olivia nelson-ododa,10.0,8.0,18.0,pbp
401736118,,shakira austin,4.0,0.0,4.0,pbp
401736118,,sonia citron,2.0,13.0,15.0,pbp
401736118,,stefanie dolson,0.0,3.0,3.0,pbp
401736118,,sug sutton,2.0,4.0,6.0,pbp
401736118,,tina charles,11.0,12.0,23.0,pbp
401736119,,alanna smith,8.0,10.0,18.0,pbp
401736119,,azura stevens,14.0,7.0,21.0,pbp
401736119,,bridget carleton,5.0,3.0,8.0,pbp
401736119,,courtney williams,2.0,11.0,13.0,pbp
401736119,,dearica hamby,15.0,5.0,20.0,pbp
401736119,,diamond miller,2.0,0.0,2.0,pbp
401736119,,jessica shepard,6.0,5.0,11.0,pbp
401736119,,karlie samuelson,2.0,4.0,6.0,pbp
401736119,,kelsey plum,9.0,9.0,18.0,pbp
401736119,,napheesa collier,17.0,6.0,23.0,pbp
401736119,,natisha hiedeman,4.0,4.0,8.0,pbp
401736119,,odyssey sims,0.0,2.0,2.0,pbp
401736119,,rickea jackson,6.0,2.0,8.0,pbp
401736119,,sarah ashlee barker,1.0,5.0,6.0,pbp
401736120,,alysha clark,6.0,0.0,6.0,pbp
401736120,,arike ogunbowale,5.0,3.0,8.0,pbp
401736120,,dijonai carrington,2.0,2.0,4.0,pbp
401736120,,dominique malonga,2.0,0.0,2.0,pbp
401736120,,erica wheeler,3.0,0.0,3.0,pbp
401736120,,ezi magbegor,3.0,4.0,7.0,pbp
401736120,,gabby williams,13.0,4.0,17.0,pbp
401736120,,maddy siegrist,2.0,10.0,12.0,pbp
401736120,,myisha hines-allen,2.0,2.0,4.0,pbp
401736120,,nalyssa smith,9.0,3.0,12.0,pbp
401736120,,nneka ogwumike,13.0,10.0,23.0,pbp
401736120,,paige bueckers,11.0,8.0,19.0,pbp
401736120,,skylar diggins,16.0,5.0,21.0,pbp
401736120,,teaira mccowan,8.0,2.0,10.0,pbp
401736120,,tyasha harris,2.0,0.0,2.0,pbp
401736121,,a'ja wilson,11.0,11.0,22.0,pbp
401736121,,aaliyah nye,0.0,3.0,3.0,pbp
401736121,,bria hartley,3.0,4.0,7.0,pbp
401736121,,chelsea gray,8.0,4.0,12.0,pbp
401736121,,crystal bradford,2.0,0.0,2.0,pbp
401736121,,dana evans,3.0,2.0,5.0,pbp
401736121,,haley peters,4.0,0.0,4.0,pbp
401736121,,jackie young,14.0,2.0,16.0,pbp
401736121,,jewell loyd,14.0,6.0,20.0,pbp
401736121,,kariata diaby,0.0,3.0,3.0,pbp
401736121,,kierstan bell,0.0,3.0,3.0,pbp
401736121,,marina mabrey,4.0,3.0,7.0,pbp
401736121,,olivia nelson-ododa,2.0,6.0,8.0,pbp
401736121,,robyn parks,0.0,2.0,2.0,pbp
401736121,,saniya rivers,4.0,7.0,11.0,pbp
401736121,,tiffany mitchell,0.0,4.0,4.0,pbp
401736121,,tina charles,12.0,8.0,20.0,pbp
401736122,,aliyah boston,6.0,18.0,24.0,pbp
401736122,,allisha gray,7.0,9.0,16.0,pbp
401736122,,brianna turner,0.0,1.0,1.0,pbp
401736122,,brionna jones,11.0,8.0,19.0,pbp
401736122,,brittney griner,12.0,9.0,21.0,pbp
401736122,,caitlin clark,16.0,11.0,27.0,pbp
401736122,,kelsey mitchell,10.0,14.0,24.0,pbp
401736122,,lexie hull,2.0,4.0,6.0,pbp
401736122,,maya caldwell,0.0,4.0,4.0,pbp
401736122,,natasha howard,6.0,0.0,6.0,pbp
401736122,,naz hillmon,0.0,3.0,3.0,pbp
401736122,,rhyne howard,9.0,11.0,20.0,pbp
401736122,,shatori walker-kimbrough,2.0,3.0,5.0,pbp
401736122,,sydney colson,2.0,0.0,2.0,pbp
401736122,,te-hina paopao,3.0,0.0,3.0,pbp
401736123,,alanna smith,8.0,5.0,13.0,pbp
401736123,,arike ogunbowale,11.0,10.0,21.0,pbp
401736123,,bridget carleton,7.0,2.0,9.0,pbp
401736123,,courtney williams,5.0,8.0,13.0,pbp
401736123,,dijonai carrington,6.0,5.0,11.0,pbp
401736123,,jessica shepard,2.0,1.0,3.0,pbp
401736123,,kaila charles,2.0,0.0,2.0,pbp
401736123,,karlie samuelson,9.0,0.0,9.0,pbp
401736123,,maddy siegrist,2.0,5.0,7.0,pbp
401736123,,myisha hines-allen,4.0,7.0,11.0,pbp
401736123,,nalyssa smith,6.0,2.0,8.0,pbp
401736123,,napheesa collier,8.0,20.0,28.0,pbp
401736123,,natisha hiedeman,7.0,2.0,9.0,pbp
401736123,,paige bueckers,3.0,9.0,12.0,pbp
401736123,,teaira mccowan,3.0,0.0,3.0,pbp
401736123,,tyasha harris,3.0,3.0,6.0,pbp
401736124,,brittney sykes,11.0,19.0,30.0,pbp
401736124,,carla leite,4.0,6.0,10.0,pbp
401736124,,emily engstler,3.0,0.0,3.0,pbp
401736124,,jade melbourne,3.0,5.0,8.0,pbp
401736124,,janelle salaun,7.0,3.0,10.0,pbp
401736124,,kayla thornton,7.0,11.0,18.0,pbp
401736124,,kiki iriafen,4.0,6.0,10.0,pbp
401736124,,lucy olsen,3.0,1.0,4.0,pbp
401736124,,monique billings,5.0,2.0,7.0,pbp
401736124,,shakira austin,2.0,0.0,2.0,pbp
401736124,,sika kone,0.0,3.0,3.0,pbp
401736124,,sonia citron,2.0,8.0,10.0,pbp
401736124,,stefanie dolson,2.0,2.0,4.0,pbp
401736124,,stephanie talbot,0.0,1.0,1.0,pbp
401736124,,temi fagbenle,0.0,6.0,6.0,pbp
401736124,,tiffany hayes,2.0,0.0,2.0,pbp
401736124,,veronica burton,6.0,16.0,22.0,pbp
401736125,,alexa held,0.0,5.0,5.0,pbp
401736125,,alyssa thomas,5.0,14.0,19.0,pbp
401736125,,azura stevens,15.0,8.0,23.0,pbp
401736125,,dearica hamby,8.0,7.0,15.0,pbp
401736125,,emma cannon,3.0,3.0,6.0,pbp
401736125,,julie allemand,3.0,0.0,3.0,pbp
401736125,,kalani brown,6.0,0.0,6.0,pbp
401736125,,kathryn westbeld,3.0,3.0,6.0,pbp
401736125,,kelsey plum,10.0,15.0,25.0,pbp
401736125,,kitija laksa,6.0,3.0,9.0,pbp
401736125,,liatu king,2.0,2.0,4.0,pbp
401736125,,monique akoa makani,8.0,3.0,11.0,pbp
401736125,,odyssey sims,5.0,3.0,8.0,pbp
401736125,,sami whitcomb,1.0,5.0,6.0,pbp
401736125,,sarah ashlee barker,0.0,2.0,2.0,pbp
401736125,,satou sabally,11.0,14.0,25.0,pbp
401736125,,sevgi uzun,2.0,0.0,2.0,pbp
401736126,,aliyah boston,0.0,4.0,4.0,pbp
401736126,,allisha gray,2.0,9.0,11.0,pbp
401736126,,brionna jones,12.0,3.0,15.0,pbp
401736126,,brittney griner,3.0,2.0,5.0,pbp
401736126,,caitlin clark,4.0,7.0,11.0,pbp
401736126,,damiris dantas,3.0,0.0,3.0,pbp
401736126,,dewanna bonner,1.0,0.0,1.0,pbp
401736126,,kelsey mitchell,9.0,8.0,17.0,pbp
401736126,,lexie hull,7.0,3.0,10.0,pbp
401736126,,natasha howard,8.0,18.0,26.0,pbp
401736126,,naz hillmon,2.0,2.0,4.0,pbp
401736126,,nia coffey,0.0,6.0,6.0,pbp
401736126,,rhyne howard,12.0,12.0,24.0,pbp
401736126,,sophie cunningham,5.0,3.0,8.0,pbp
401736126,,te-hina paopao,3.0,8.0,11.0,pbp
401736127,,angel reese,0.0,2.0,2.0,pbp
401736127,,ariel atkins,5.0,3.0,8.0,pbp
401736127,,breanna stewart,12.0,0.0,12.0,pbp
401736127,,courtney vandersloot,6.0,8.0,14.0,pbp
401736127,,elizabeth williams,3.0,4.0,7.0,pbp
401736127,,hailey van lith,2.0,2.0,4.0,pbp
401736127,,jaylyn sherrod,0.0,3.0,3.0,pbp
401736127,,jonquel jones,8.0,3.0,11.0,pbp
401736127,,kamilla cardoso,2.0,4.0,6.0,pbp
401736127,,kennedy burke,7.0,10.0,17.0,pbp
401736127,,kia nurse,3.0,0.0,3.0,pbp
401736127,,leonie fiebich,4.0,3.0,7.0,pbp
401736127,,maddy westbeld,0.0,2.0,2.0,pbp
401736127,,marine johannes,3.0,3.0,6.0,pbp
401736127,,michaela onyenwere,2.0,0.0,2.0,pbp
401736127,,natasha cloud,4.0,14.0,18.0,pbp
401736127,,nyara sabally,0.0,2.0,2.0,pbp
401736127,,rachel banham,3.0,12.0,15.0,pbp
401736127,,rebecca allen,6.0,5.0,11.0,pbp
401736127,,rebekah gardner,3.0,4.0,7.0,pbp
401736127,,sabrina ionescu,12.0,4.0,16.0,pbp
401736128,,alanna smith,2.0,0.0,2.0,pbp
401736128,,alissa pili,2.0,0.0,2.0,pbp
401736128,,bria hartley,5.0,0.0,5.0,pbp
401736128,,bridget carleton,3.0,3.0,6.0,pbp
401736128,,diamond miller,2.0,0.0,2.0,pbp
401736128,,haley peters,10.0,2.0,12.0,pbp
401736128,,jacy sheldon,3.0,3.0,6.0,pbp
401736128,,jessica shepard,7.0,6.0,13.0,pbp
401736128,,karlie samuelson,2.0,5.0,7.0,pbp
401736128,,marina mabrey,10.0,12.0,22.0,pbp
401736128,,napheesa collier,15.0,18.0,33.0,pbp
401736128,,natisha hiedeman,2.0,9.0,11.0,pbp
401736128,,olivia nelson-ododa,8.0,2.0,10.0,pbp
401736128,,saniya rivers,7.0,4.0,11.0,pbp
401736128,,tina charles,2.0,2.0,4.0,pbp
401736129,,a'ja wilson,7.0,8.0,15.0,pbp
401736129,,chelsea gray,9.0,8.0,17.0,pbp
401736129,,crystal bradford,0.0,2.0,2.0,pbp
401736129,,dana evans,2.0,3.0,5.0,pbp
401736129,,jackie young,8.0,16.0,24.0,pbp
401736129,,jade melbourne,6.0,8.0,14.0,pbp
401736129,,jewell loyd,4.0,5.0,9.0,pbp
401736129,,kiki iriafen,11.0,6.0,17.0,pbp
401736129,,lucy olsen,4.0,0.0,4.0,pbp
401736129,,sonia citron,6.0,13.0,19.0,pbp
401736129,,stefanie dolson,8.0,0.0,8.0,pbp
401736129,,sug sutton,7.0,3.0,10.0,pbp
401736129,,tiffany mitchell,2.0,0.0,2.0,pbp
401736130,,azura stevens,2.0,4.0,6.0,pbp
401736130,,carla leite,10.0,9.0,19.0,pbp
401736130,,dearica hamby,11.0,14.0,25.0,pbp
401736130,,emma cannon,0.0,2.0,2.0,pbp
401736130,,janelle salaun,13.0,5.0,18.0,pbp
401736130,,julie allemand,0.0,3.0,3.0,pbp
401736130,,kate martin,3.0,3.0,6.0,pbp
401736130,,kayla thornton,9.0,5.0,14.0,pbp
401736130,,kelsey plum,11.0,5.0,16.0,pbp
401736130,,kyara linskens,2.0,0.0,2.0,pbp
401736130,,mercedes russell,0.0,1.0,1.0,pbp
401736130,,odyssey sims,11.0,2.0,13.0,pbp
401736130,,sarah ashlee barker,0.0,7.0,7.0,pbp
401736130,,stephanie talbot,0.0,3.0,3.0,pbp
401736130,,temi fagbenle,8.0,0.0,8.0,pbp
401736130,,veronica burton,4.0,8.0,12.0,pbp
401736131,,alexa held,5.0,2.0,7.0,pbp
401736131,,alysha clark,2.0,0.0,2.0,pbp
401736131,,alyssa thomas,11.0,5.0,16.0,pbp
401736131,,dominique malonga,2.0,0.0,2.0,pbp
401736131,,erica wheeler,2.0,4.0,6.0,pbp
401736131,,ezi magbegor,4.0,2.0,6.0,pbp
401736131,,gabby williams,6.0,5.0,11.0,pbp
401736131,,kalani brown,6.0,0.0,6.0,pbp
401736131,,kathryn westbeld,3.0,0.0,3.0,pbp
401736131,,monique akoa makani,3.0,11.0,14.0,pbp
401736131,,nneka ogwumike,10.0,14.0,24.0,pbp
401736131,,sami whitcomb,5.0,2.0,7.0,pbp
401736131,,satou sabally,9.0,6.0,15.0,pbp
401736131,,sevgi uzun,2.0,0.0,2.0,pbp
401736131,,skylar diggins,14.0,10.0,24.0,pbp
401736131,,zia cooke,2.0,0.0,2.0,pbp
401736132,,aliyah boston,17.0,10.0,27.0,pbp
401736132,,breanna stewart,12.0,4.0,16.0,pbp
401736132,,caitlin clark,7.0,11.0,18.0,pbp
401736132,,dewanna bonner,2.0,0.0,2.0,pbp
401736132,,jonquel jones,10.0,16.0,26.0,pbp
401736132,,kelsey mitchell,8.0,7.0,15.0,pbp
401736132,,kennedy burke,6.0,1.0,7.0,pbp
401736132,,lexie hull,7.0,8.0,15.0,pbp
401736132,,natasha cloud,10.0,6.0,16.0,pbp
401736132,,natasha howard,0.0,6.0,6.0,pbp
401736132,,rebekah gardner,2.0,0.0,2.0,pbp
401736132,,sabrina ionescu,15.0,8.0,23.0,pbp
401736132,,sophie cunningham,5.0,0.0,5.0,pbp
401736133,,allisha gray,11.0,16.0,27.0,pbp
401736133,,arike ogunbowale,0.0,5.0,5.0,pbp
401736133,,brionna jones,6.0,5.0,11.0,pbp
401736133,,brittney griner,10.0,5.0,15.0,pbp
401736133,,dijonai carrington,4.0,1.0,5.0,pbp
401736133,,kaila charles,0.0,7.0,7.0,pbp
401736133,,maddy siegrist,4.0,8.0,12.0,pbp
401736133,,maya caldwell,3.0,6.0,9.0,pbp
401736133,,myisha hines-allen,2.0,0.0,2.0,pbp
401736133,,nalyssa smith,9.0,4.0,13.0,pbp
401736133,,naz hillmon,2.0,0.0,2.0,pbp
401736133,,nia coffey,0.0,8.0,8.0,pbp
401736133,,paige bueckers,7.0,4.0,11.0,pbp
401736133,,rhyne howard,5.0,4.0,9.0,pbp
401736133,,shatori walker-kimbrough,0.0,2.0,2.0,pbp
401736133,,teaira mccowan,4.0,6.0,10.0,pbp
401736133,,tyasha harris,0.0,10.0,10.0,pbp
401736134,,allisha gray,13.0,5.0,18.0,pbp
401736134,,aneesah morrow,3.0,0.0,3.0,pbp
401736134,,bria hartley,7.0,0.0,7.0,pbp
401736134,,brionna jones,4.0,4.0,8.0,pbp
401736134,,jacy sheldon,2.0,2.0,4.0,pbp
401736134,,kariata diaby,5.0,0.0,5.0,pbp
401736134,,marina mabrey,8.0,4.0,12.0,pbp
401736134,,maya caldwell,4.0,8.0,12.0,pbp
401736134,,naz hillmon,7.0,0.0,7.0,pbp
401736134,,nia coffey,5.0,13.0,18.0,pbp
401736134,,olivia nelson-ododa,2.0,9.0,11.0,pbp
401736134,,rhyne howard,2.0,9.0,11.0,pbp
401736134,,saniya rivers,2.0,0.0,2.0,pbp
401736134,,shatori walker-kimbrough,2.0,3.0,5.0,pbp
401736134,,tina charles,4.0,7.0,11.0,pbp
401736135,,angel reese,8.0,5.0,13.0,pbp
401736135,,ariel atkins,7.0,2.0,9.0,pbp
401736135,,azura stevens,6.0,18.0,24.0,pbp
401736135,,courtney vandersloot,6.0,5.0,11.0,pbp
401736135,,dearica hamby,7.0,3.0,10.0,pbp
401736135,,elizabeth williams,6.0,3.0,9.0,pbp
401736135,,julie allemand,4.0,0.0,4.0,pbp
401736135,,kamilla cardoso,4.0,8.0,12.0,pbp
401736135,,kelsey plum,7.0,20.0,27.0,pbp
401736135,,kia nurse,0.0,9.0,9.0,pbp
401736135,,liatu king,2.0,0.0,2.0,pbp
401736135,,mercedes russell,2.0,0.0,2.0,pbp
401736135,,michaela onyenwere,0.0,2.0,2.0,pbp
401736135,,odyssey sims,11.0,1.0,12.0,pbp
401736135,,rachel banham,0.0,2.0,2.0,pbp
401736135,,rebecca allen,8.0,3.0,11.0,pbp
401736135,,sarah ashlee barker,4.0,5.0,9.0,pbp
401736136,,aaliyah edwards,4.0,2.0,6.0,pbp
401736136,,alyssa thomas,0.0,11.0,11.0,pbp
401736136,,brittney sykes,0.0,10.0,10.0,pbp
401736136,,emily engstler,0.0,6.0,6.0,pbp
401736136,,jade melbourne,0.0,6.0,6.0,pbp
401736136,,kalani brown,3.0,4.0,7.0,pbp
401736136,,kathryn westbeld,0.0,6.0,6.0,pbp
401736136,,kiki iriafen,4.0,7.0,11.0,pbp
401736136,,kitija laksa,6.0,2.0,8.0,pbp
401736136,,lexi held,3.0,1.0,4.0,pbp
401736136,,lucy olsen,3.0,0.0,3.0,pbp
401736136,,monique akoa makani,8.0,5.0,13.0,pbp
401736136,,sami whitcomb,3.0,2.0,5.0,pbp
401736136,,satou sabally,9.0,3.0,12.0,pbp
401736136,,sevgi uzun,0.0,2.0,2.0,pbp
401736136,,sika kone,4.0,0.0,4.0,pbp
401736136,,sonia citron,5.0,9.0,14.0,pbp
401736136,,stefanie dolson,2.0,0.0,2.0,pbp
401736137,,a'ja wilson,7.0,8.0,15.0,pbp
401736137,,aaliyah nye,0.0,7.0,7.0,pbp
401736137,,alysha clark,5.0,4.0,9.0,pbp
401736137,,chelsea gray,7.0,1.0,8.0,pbp
401736137,,dana evans,0.0,5.0,5.0,pbp
401736137,,dominique malonga,0.0,8.0,8.0,pbp
401736137,,elizabeth kitley,0.0,11.0,11.0,pbp
401736137,,erica wheeler,11.0,9.0,20.0,pbp
401736137,,ezi magbegor,6.0,6.0,12.0,pbp
401736137,,gabby williams,12.0,0.0,12.0,pbp
401736137,,jackie young,10.0,4.0,14.0,pbp
401736137,,jewell loyd,12.0,2.0,14.0,pbp
401736137,,kierstan bell,0.0,3.0,3.0,pbp
401736137,,li yueru,0.0,2.0,2.0,pbp
401736137,,nneka ogwumike,15.0,8.0,23.0,pbp
401736137,,skylar diggins,6.0,4.0,10.0,pbp
401736137,,tiffany mitchell,0.0,4.0,4.0,pbp
401736137,,zia cooke,2.0,3.0,5.0,pbp
401736138,,aneesah morrow,2.0,1.0,3.0,pbp
401736138,,arike ogunbowale,2.0,17.0,19.0,pbp
401736138,,aziaha james,9.0,0.0,9.0,pbp
401736138,,bria hartley,10.0,2.0,12.0,pbp
401736138,,dijonai carrington,7.0,9.0,16.0,pbp
401736138,,haley peters,0.0,3.0,3.0,pbp
401736138,,jacy sheldon,4.0,2.0,6.0,pbp
401736138,,jj quinerly,0.0,5.0,5.0,pbp
401736138,,kaila charles,6.0,4.0,10.0,pbp
401736138,,kariata diaby,0.0,3.0,3.0,pbp
401736138,,luisa geiselsoder,0.0,2.0,2.0,pbp
401736138,,maddy siegrist,6.0,6.0,12.0,pbp
401736138,,marina mabrey,6.0,12.0,18.0,pbp
401736138,,myisha hines-allen,6.0,2.0,8.0,pbp
401736138,,nalyssa smith,0.0,2.0,2.0,pbp
401736138,,olivia nelson-ododa,4.0,2.0,6.0,pbp
401736138,,paige bueckers,15.0,6.0,21.0,pbp
401736138,,saniya rivers,5.0,3.0,8.0,pbp
401736138,,teaira mccowan,5.0,0.0,5.0,pbp
401736138,,tina charles,11.0,16.0,27.0,pbp
401736139,,breanna stewart,14.0,10.0,24.0,pbp
401736139,,carla leite,2.0,2.0,4.0,pbp
401736139,,isabelle harrison,2.0,2.0,4.0,pbp
401736139,,janelle salaun,6.0,3.0,9.0,pbp
401736139,,jonquel jones,3.0,10.0,13.0,pbp
401736139,,julie vanloo,0.0,5.0,5.0,pbp
401736139,,kate martin,2.0,6.0,8.0,pbp
401736139,,kayla thornton,5.0,8.0,13.0,pbp
401736139,,kennedy burke,5.0,2.0,7.0,pbp
401736139,,leonie fiebich,5.0,3.0,8.0,pbp
401736139,,marine johannes,11.0,5.0,16.0,pbp
401736139,,natasha cloud,0.0,5.0,5.0,pbp
401736139,,rebekah gardner,4.0,4.0,8.0,pbp
401736139,,sabrina ionescu,3.0,5.0,8.0,pbp
401736139,,stephanie talbot,2.0,0.0,2.0,pbp
401736139,,temi fagbenle,4.0,7.0,11.0,pbp
401736139,,veronica burton,8.0,5.0,13.0,pbp
401736140,,alanna smith,11.0,5.0,16.0,pbp
401736140,,alysha clark,2.0,4.0,6.0,pbp
401736140,,bridget carleton,2.0,0.0,2.0,pbp
401736140,,courtney williams,10.0,13.0,23.0,pbp
401736140,,dominique malonga,0.0,2.0,2.0,pbp
401736140,,erica wheeler,3.0,7.0,10.0,pbp
401736140,,ezi magbegor,4.0,2.0,6.0,pbp
401736140,,gabby williams,10.0,10.0,20.0,pbp
401736140,,jessica shepard,0.0,4.0,4.0,pbp
401736140,,karlie samuelson,4.0,0.0,4.0,pbp
401736140,,kayla mcbride,5.0,9.0,14.0,pbp
401736140,,li yueru,2.0,0.0,2.0,pbp
401736140,,napheesa collier,4.0,12.0,16.0,pbp
401736140,,natisha hiedeman,2.0,0.0,2.0,pbp
401736140,,nneka ogwumike,2.0,9.0,11.0,pbp
401736140,,skylar diggins,6.0,12.0,18.0,pbp
401736140,,zia cooke,0.0,2.0,2.0,pbp
401736141,,allisha gray,8.0,17.0,25.0,pbp
401736141,,azura stevens,2.0,8.0,10.0,pbp
401736141,,brionna jones,7.0,6.0,13.0,pbp
401736141,,dearica hamby,8.0,20.0,28.0,pbp
401736141,,emma cannon,5.0,0.0,5.0,pbp
401736141,,julie allemand,3.0,0.0,3.0,pbp
401736141,,kelsey plum,8.0,19.0,27.0,pbp
401736141,,liatu king,0.0,4.0,4.0,pbp
401736141,,maya caldwell,3.0,0.0,3.0,pbp
401736141,,naz hillmon,4.0,7.0,11.0,pbp
401736141,,nia coffey,7.0,0.0,7.0,pbp
401736141,,odyssey sims,3.0,0.0,3.0,pbp
401736141,,rhyne howard,8.0,6.0,14.0,pbp
401736141,,sarah ashlee barker,2.0,0.0,2.0,pbp
401736141,,shatori walker-kimbrough,0.0,10.0,10.0,pbp
401736141,,te-hina paopao,2.0,2.0,4.0,pbp
401736142,,alyssa thomas,5.0,5.0,10.0,pbp
401736142,,angel reese,7.0,6.0,13.0,pbp
401736142,,ariel atkins,14.0,7.0,21.0,pbp
401736142,,courtney vandersloot,9.0,6.0,15.0,pbp
401736142,,elizabeth williams,2.0,6.0,8.0,pbp
401736142,,kalani brown,5.0,0.0,5.0,pbp
401736142,,kamilla cardoso,6.0,10.0,16.0,pbp
401736142,,kathryn westbeld,7.0,6.0,13.0,pbp
401736142,,kia nurse,6.0,8.0,14.0,pbp
401736142,,kitija laksa,7.0,11.0,18.0,pbp
401736142,,lexi held,3.0,6.0,9.0,pbp
401736142,,monique akoa makani,2.0,11.0,13.0,pbp
401736142,,rachel banham,0.0,2.0,2.0,pbp
401736142,,sami whitcomb,0.0,3.0,3.0,pbp
401736142,,satou sabally,9.0,11.0,20.0,pbp
401736142,,sevgi uzun,0.0,3.0,3.0,pbp
401736143,,aaliyah edwards,3.0,1.0,4.0,pbp
401736143,,aliyah boston,3.0,7.0,10.0,pbp
401736143,,brittney sykes,6.0,15.0,21.0,pbp
401736143,,damiris dantas,4.0,2.0,6.0,pbp
401736143,,dewanna bonner,9.0,12.0,21.0,pbp
401736143,,emily engstler,3.0,0.0,3.0,pbp
401736143,,jade melbourne,2.0,1.0,3.0,pbp
401736143,,kelsey mitchell,6.0,8.0,14.0,pbp
401736143,,kiki iriafen,4.0,12.0,16.0,pbp
401736143,,lexie hull,4.0,5.0,9.0,pbp
401736143,,lucy olsen,0.0,6.0,6.0,pbp
401736143,,natasha howard,10.0,1.0,11.0,pbp
401736143,,shakira austin,13.0,0.0,13.0,pbp
401736143,,sonia citron,9.0,4.0,13.0,pbp
401736143,,sophie cunningham,2.0,0.0,2.0,pbp
401736143,,stefanie dolson,2.0,0.0,2.0,pbp
401736143,,sug sutton,2.0,0.0,2.0,pbp
401736143,,sydney colson,2.0,2.0,4.0,pbp
401736144,,breanna stewart,9.0,18.0,27.0,pbp
401736144,,carla leite,2.0,0.0,2.0,pbp
401736144,,cecilia zandalasini,8.0,1.0,9.0,pbp
401736144,,janelle salaun,10.0,8.0,18.0,pbp
401736144,,julie vanloo,3.0,5.0,8.0,pbp
401736144,,kayla thornton,4.0,6.0,10.0,pbp
401736144,,kennedy burke,8.0,3.0,11.0,pbp
401736144,,leonie fiebich,0.0,3.0,3.0,pbp
401736144,,marine johannes,0.0,7.0,7.0,pbp
401736144,,monique billings,0.0,10.0,10.0,pbp
401736144,,natasha cloud,3.0,4.0,7.0,pbp
401736144,,rebekah gardner,0.0,3.0,3.0,pbp
401736144,,sabrina ionescu,17.0,7.0,24.0,pbp
401736144,,stephanie talbot,1.0,8.0,9.0,pbp
401736144,,temi fagbenle,7.0,2.0,9.0,pbp
401736144,,veronica burton,2.0,0.0,2.0,pbp
401736145,,angel reese,1.0,5.0,6.0,pbp
401736145,,ariel atkins,8.0,9.0,17.0,pbp
401736145,,arike ogunbowale,15.0,22.0,37.0,pbp
401736145,,courtney vandersloot,5.0,8.0,13.0,pbp
401736145,,dijonai carrington,9.0,6.0,15.0,pbp
401736145,,elizabeth williams,4.0,0.0,4.0,pbp
401736145,,hailey van lith,0.0,2.0,2.0,pbp
401736145,,kaila charles,2.0,0.0,2.0,pbp
401736145,,kamilla cardoso,14.0,9.0,23.0,pbp
401736145,,kia nurse,8.0,0.0,8.0,pbp
401736145,,maddy siegrist,5.0,0.0,5.0,pbp
401736145,,michaela onyenwere,2.0,5.0,7.0,pbp
401736145,,myisha hines-allen,2.0,8.0,10.0,pbp
401736145,,nalyssa smith,0.0,2.0,2.0,pbp
401736145,,paige bueckers,8.0,7.0,15.0,pbp
401736145,,rachel banham,4.0,0.0,4.0,pbp
401736145,,rebecca allen,3.0,10.0,13.0,pbp
401736145,,teaira mccowan,2.0,4.0,6.0,pbp
401736146,,aliyah boston,10.0,7.0,17.0,pbp
401736146,,aneesah morrow,2.0,0.0,2.0,pbp
401736146,,bria hartley,0.0,6.0,6.0,pbp
401736146,,damiris dantas,2.0,7.0,9.0,pbp
401736146,,dewanna bonner,4.0,8.0,12.0,pbp
401736146,,haley peters,6.0,3.0,9.0,pbp
401736146,,jacy sheldon,2.0,2.0,4.0,pbp
401736146,,kelsey mitchell,7.0,6.0,13.0,pbp
401736146,,lexie hull,4.0,8.0,12.0,pbp
401736146,,marina mabrey,9.0,16.0,25.0,pbp
401736146,,natasha howard,5.0,4.0,9.0,pbp
401736146,,olivia nelson-ododa,6.0,2.0,8.0,pbp
401736146,,saniya rivers,3.0,9.0,12.0,pbp
401736146,,sophie cunningham,7.0,3.0,10.0,pbp
401736146,,tina charles,15.0,3.0,18.0,pbp
401736147,,aaliyah edwards,2.0,0.0,2.0,pbp
401736147,,breanna stewart,2.0,8.0,10.0,pbp
401736147,,brittney sykes,15.0,5.0,20.0,pbp
401736147,,emily engstler,0.0,4.0,4.0,pbp
401736147,,isabelle harrison,2.0,2.0,4.0,pbp
401736147,,jade melbourne,2.0,2.0,4.0,pbp
401736147,,jonquel jones,4.0,10.0,14.0,pbp
401736147,,kennedy burke,3.0,0.0,3.0,pbp
401736147,,kiki iriafen,6.0,6.0,12.0,pbp
401736147,,leonie fiebich,12.0,0.0,12.0,pbp
401736147,,lucy olsen,0.0,2.0,2.0,pbp
401736147,,marine johannes,3.0,0.0,3.0,pbp
401736147,,rebekah gardner,4.0,7.0,11.0,pbp
401736147,,sabrina ionescu,14.0,14.0,28.0,pbp
401736147,,sonia citron,3.0,7.0,10.0,pbp
401736147,,stefanie dolson,0.0,2.0,2.0,pbp
401736147,,sug sutton,4.0,3.0,7.0,pbp
401736148,,a'ja wilson,17.0,18.0,35.0,pbp
401736148,,azura stevens,0.0,10.0,10.0,pbp
401736148,,chelsea gray,14.0,1.0,15.0,pbp
401736148,,dana evans,5.0,0.0,5.0,pbp
401736148,,dearica hamby,10.0,4.0,14.0,pbp
401736148,,emma cannon,6.0,0.0,6.0,pbp
401736148,,jackie young,13.0,13.0,26.0,pbp
401736148,,jewell loyd,3.0,0.0,3.0,pbp
401736148,,julie allemand,3.0,3.0,6.0,pbp
401736148,,kelsey plum,4.0,13.0,17.0,pbp
401736148,,kiah stokes,2.0,5.0,7.0,pbp
401736148,,liatu king,6.0,0.0,6.0,pbp
401736148,,mercedes russell,4.0,0.0,4.0,pbp
401736148,,odyssey sims,9.0,6.0,15.0,pbp
401736148,,sarah ashlee barker,0.0,3.0,3.0,pbp
401736148,,tiffany mitchell,3.0,2.0,5.0,pbp
401736149,,alanna smith,7.0,12.0,19.0,pbp
401736149,,alissa pili,1.0,0.0,1.0,pbp
401736149,,bridget carleton,2.0,3.0,5.0,pbp
401736149,,courtney williams,4.0,7.0,11.0,pbp
401736149,,jessica shepard,6.0,2.0,8.0,pbp
401736149,,kalani brown,8.0,7.0,15.0,pbp
401736149,,karlie samuelson,1.0,0.0,1.0,pbp
401736149,,kathryn westbeld,0.0,3.0,3.0,pbp
401736149,,kayla mcbride,17.0,3.0,20.0,pbp
401736149,,kitija laksa,2.0,0.0,2.0,pbp
401736149,,lexi held,2.0,2.0,4.0,pbp
401736149,,monique akoa makani,3.0,2.0,5.0,pbp
401736149,,murjanatu musa,1.0,0.0,1.0,pbp
401736149,,natisha hiedeman,0.0,9.0,9.0,pbp
401736149,,sami whitcomb,8.0,4.0,12.0,pbp
401736149,,satou sabally,12.0,14.0,26.0,pbp
401736149,,sevgi uzun,2.0,0.0,2.0,pbp
401736150,,allisha gray,7.0,21.0,28.0,pbp
401736150,,brionna jones,4.0,11.0,15.0,pbp
401736150,,brittney griner,2.0,0.0,2.0,pbp
401736150,,dominique malonga,2.0,2.0,4.0,pbp
401736150,,erica wheeler,6.0,8.0,14.0,pbp
401736150,,ezi magbegor,4.0,4.0,8.0,pbp
401736150,,gabby williams,4.0,10.0,14.0,pbp
401736150,,li yueru,5.0,0.0,5.0,pbp
401736150,,naz hillmon,4.0,7.0,11.0,pbp
401736150,,nneka ogwumike,8.0,8.0,16.0,pbp
401736150,,rhyne howard,14.0,19.0,33.0,pbp
401736150,,skylar diggins,10.0,10.0,20.0,pbp
401736150,,te-hina paopao,3.0,2.0,5.0,pbp
401736150,,zia cooke,6.0,0.0,6.0,pbp
401736151,,angel reese,4.0,10.0,14.0,pbp
401736151,,ariel atkins,14.0,12.0,26.0,pbp
401736151,,arike ogunbowale,6.0,9.0,15.0,pbp
401736151,,aziaha james,2.0,2.0,4.0,pbp
401736151,,courtney vandersloot,8.0,7.0,15.0,pbp
401736151,,dijonai carrington,8.0,8.0,16.0,pbp
401736151,,elizabeth williams,7.0,1.0,8.0,pbp
401736151,,jj quinerly,2.0,0.0,2.0,pbp
401736151,,kaila charles,5.0,6.0,11.0,pbp
401736151,,kamilla cardoso,0.0,4.0,4.0,pbp
401736151,,kia nurse,4.0,7.0,11.0,pbp
401736151,,maddy siegrist,4.0,7.0,11.0,pbp
401736151,,michaela onyenwere,2.0,2.0,4.0,pbp
401736151,,myisha hines-allen,0.0,1.0,1.0,pbp
401736151,,nalyssa smith,13.0,7.0,20.0,pbp
401736151,,rachel banham,3.0,2.0,5.0,pbp
401736151,,rebecca allen,4.0,3.0,7.0,pbp
401736151,,teaira mccowan,3.0,0.0,3.0,pbp
401736152,,aneesah morrow,2.0,6.0,8.0,pbp
401736152,,breanna stewart,11.0,2.0,13.0,pbp
401736152,,bria hartley,5.0,0.0,5.0,pbp
401736152,,haley peters,0.0,2.0,2.0,pbp
401736152,,isabelle harrison,4.0,5.0,9.0,pbp
401736152,,jacy sheldon,3.0,7.0,10.0,pbp
401736152,,jaylyn sherrod,3.0,3.0,6.0,pbp
401736152,,jonquel jones,13.0,0.0,13.0,pbp
401736152,,kennedy burke,0.0,7.0,7.0,pbp
401736152,,leonie fiebich,8.0,5.0,13.0,pbp
401736152,,marina mabrey,2.0,6.0,8.0,pbp
401736152,,marine johannes,2.0,6.0,8.0,pbp
401736152,,marquesha davis,0.0,2.0,2.0,pbp
401736152,,natasha cloud,2.0,6.0,8.0,pbp
401736152,,olivia nelson-ododa,4.0,2.0,6.0,pbp
401736152,,rayah marshall,0.0,1.0,1.0,pbp
401736152,,rebekah gardner,3.0,0.0,3.0,pbp
401736152,,sabrina ionescu,14.0,4.0,18.0,pbp
401736152,,saniya rivers,2.0,0.0,2.0,pbp
401736152,,tina charles,10.0,0.0,10.0,pbp
401736153,,azura stevens,5.0,0.0,5.0,pbp
401736153,,dearica hamby,8.0,7.0,15.0,pbp
401736153,,emma cannon,2.0,1.0,3.0,pbp
401736153,,haley jones,0.0,2.0,2.0,pbp
401736153,,kalani brown,4.0,4.0,8.0,pbp
401736153,,kathryn westbeld,3.0,12.0,15.0,pbp
401736153,,kelsey plum,8.0,7.0,15.0,pbp
401736153,,kitija laksa,9.0,6.0,15.0,pbp
401736153,,mercedes russell,4.0,0.0,4.0,pbp
401736153,,monique akoa makani,2.0,8.0,10.0,pbp
401736153,,odyssey sims,17.0,15.0,32.0,pbp
401736153,,sami whitcomb,8.0,3.0,11.0,pbp
401736153,,sarah ashlee barker,6.0,0.0,6.0,pbp
401736153,,satou sabally,11.0,13.0,24.0,pbp
401736154,,a'ja wilson,10.0,9.0,19.0,pbp
401736154,,aaliyah nye,2.0,8.0,10.0,pbp
401736154,,alysha clark,3.0,2.0,5.0,pbp
401736154,,chelsea gray,5.0,5.0,10.0,pbp
401736154,,dana evans,8.0,0.0,8.0,pbp
401736154,,dominique malonga,0.0,8.0,8.0,pbp
401736154,,erica wheeler,0.0,8.0,8.0,pbp
401736154,,ezi magbegor,4.0,3.0,7.0,pbp
401736154,,gabby williams,15.0,5.0,20.0,pbp
401736154,,jackie young,10.0,2.0,12.0,pbp
401736154,,jewell loyd,6.0,4.0,10.0,pbp
401736154,,kiah stokes,2.0,0.0,2.0,pbp
401736154,,li yueru,2.0,0.0,2.0,pbp
401736154,,nneka ogwumike,4.0,5.0,9.0,pbp
401736154,,skylar diggins,4.0,7.0,11.0,pbp
401736154,,tiffany mitchell,0.0,3.0,3.0,pbp
401736155,,bridget carleton,9.0,3.0,12.0,pbp
401736155,,cecilia zandalasini,3.0,0.0,3.0,pbp
401736155,,courtney williams,11.0,9.0,20.0,pbp
401736155,,janelle salaun,2.0,3.0,5.0,pbp
401736155,,jessica shepard,2.0,1.0,3.0,pbp
401736155,,karlie samuelson,3.0,0.0,3.0,pbp
401736155,,kate martin,14.0,0.0,14.0,pbp
401736155,,kayla mcbride,12.0,4.0,16.0,pbp
401736155,,kayla thornton,7.0,4.0,11.0,pbp
401736155,,monique billings,5.0,2.0,7.0,pbp
401736155,,napheesa collier,14.0,10.0,24.0,pbp
401736155,,natisha hiedeman,0.0,8.0,8.0,pbp
401736155,,temi fagbenle,4.0,1.0,5.0,pbp
401736155,,tiffany hayes,9.0,0.0,9.0,pbp
401736155,,veronica burton,8.0,13.0,21.0,pbp
401736156,,aaliyah edwards,2.0,3.0,5.0,pbp
401736156,,aari mcdonald,3.0,4.0,7.0,pbp
401736156,,aliyah boston,8.0,2.0,10.0,pbp
401736156,,brittney sykes,4.0,16.0,20.0,pbp
401736156,,damiris dantas,8.0,0.0,8.0,pbp
401736156,,dewanna bonner,7.0,2.0,9.0,pbp
401736156,,emily engstler,4.0,0.0,4.0,pbp
401736156,,jade melbourne,0.0,2.0,2.0,pbp
401736156,,kelsey mitchell,10.0,14.0,24.0,pbp
401736156,,kiki iriafen,12.0,8.0,20.0,pbp
401736156,,lexie hull,0.0,14.0,14.0,pbp
401736156,,natasha howard,0.0,6.0,6.0,pbp
401736156,,shakira austin,8.0,2.0,10.0,pbp
401736156,,sonia citron,2.0,11.0,13.0,pbp
401736156,,sug sutton,2.0,0.0,2.0,pbp
401736156,,sydney colson,2.0,5.0,7.0,pbp
401736157,,alanna smith,8.0,5.0,13.0,pbp
401736157,,bridget carleton,0.0,3.0,3.0,pbp
401736157,,courtney williams,4.0,2.0,6.0,pbp
401736157,,diamond miller,0.0,2.0,2.0,pbp
401736157,,haley jones,2.0,0.0,2.0,pbp
401736157,,jessica shepard,2.0,4.0,6.0,pbp
401736157,,kalani brown,0.0,2.0,2.0,pbp
401736157,,karlie samuelson,6.0,3.0,9.0,pbp
401736157,,kathryn westbeld,2.0,2.0,4.0,pbp
401736157,,kayla mcbride,2.0,11.0,13.0,pbp
401736157,,kitija laksa,7.0,3.0,10.0,pbp
401736157,,lexi held,4.0,12.0,16.0,pbp
401736157,,megan mcconnell,3.0,0.0,3.0,pbp
401736157,,monique akoa makani,2.0,2.0,4.0,pbp
401736157,,murjanatu musa,0.0,3.0,3.0,pbp
401736157,,napheesa collier,9.0,9.0,18.0,pbp
401736157,,natisha hiedeman,13.0,5.0,18.0,pbp
401736157,,sami whitcomb,2.0,4.0,6.0,pbp
401736157,,satou sabally,13.0,2.0,15.0,pbp
401736158,,alysha clark,3.0,0.0,3.0,pbp
401736158,,arike ogunbowale,4.0,4.0,8.0,pbp
401736158,,aziaha james,0.0,2.0,2.0,pbp
401736158,,dijonai carrington,12.0,10.0,22.0,pbp
401736158,,dominique malonga,2.0,4.0,6.0,pbp
401736158,,erica wheeler,0.0,11.0,11.0,pbp
401736158,,ezi magbegor,2.0,7.0,9.0,pbp
401736158,,gabby williams,6.0,12.0,18.0,pbp
401736158,,kaila charles,0.0,4.0,4.0,pbp
401736158,,li yueru,6.0,0.0,6.0,pbp
401736158,,luisa geiselsoder,6.0,0.0,6.0,pbp
401736158,,maddy siegrist,5.0,6.0,11.0,pbp
401736158,,myisha hines-allen,7.0,9.0,16.0,pbp
401736158,,nalyssa smith,2.0,4.0,6.0,pbp
401736158,,nneka ogwumike,4.0,10.0,14.0,pbp
401736158,,skylar diggins,0.0,9.0,9.0,pbp
401736158,,teaira mccowan,2.0,0.0,2.0,pbp
401736158,,zia cooke,7.0,0.0,7.0,pbp
401736159,,aaliyah edwards,0.0,3.0,3.0,pbp
401736159,,breanna stewart,14.0,12.0,26.0,pbp
401736159,,brittney sykes,2.0,5.0,7.0,pbp
401736159,,emily engstler,2.0,2.0,4.0,pbp
401736159,,isabelle harrison,2.0,5.0,7.0,pbp
401736159,,jade melbourne,7.0,8.0,15.0,pbp
401736159,,jonquel jones,3.0,0.0,3.0,pbp
401736159,,kennedy burke,6.0,6.0,12.0,pbp
401736159,,kiki iriafen,11.0,6.0,17.0,pbp
401736159,,leonie fiebich,6.0,3.0,9.0,pbp
401736159,,marine johannes,0.0,3.0,3.0,pbp
401736159,,natasha cloud,0.0,4.0,4.0,pbp
401736159,,rebekah gardner,7.0,2.0,9.0,pbp
401736159,,sabrina ionescu,11.0,2.0,13.0,pbp
401736159,,shakira austin,3.0,6.0,9.0,pbp
401736159,,sonia citron,7.0,6.0,13.0,pbp
401736159,,stefanie dolson,2.0,6.0,8.0,pbp
401736159,,sug sutton,0.0,2.0,2.0,pbp
401736160,,carla leite,1.0,0.0,1.0,pbp
401736160,,cecilia zandalasini,5.0,5.0,10.0,pbp
401736160,,haley jones,5.0,0.0,5.0,pbp
401736160,,janelle salaun,3.0,6.0,9.0,pbp
401736160,,julie vanloo,3.0,7.0,10.0,pbp
401736160,,kalani brown,2.0,2.0,4.0,pbp
401736160,,kate martin,4.0,3.0,7.0,pbp
401736160,,kathryn westbeld,5.0,2.0,7.0,pbp
401736160,,kayla thornton,0.0,10.0,10.0,pbp
401736160,,kitija laksa,0.0,6.0,6.0,pbp
401736160,,lexi held,11.0,13.0,24.0,pbp
401736160,,monique akoa makani,2.0,2.0,4.0,pbp
401736160,,murjanatu musa,2.0,6.0,8.0,pbp
401736160,,sami whitcomb,6.0,3.0,9.0,pbp
401736160,,satou sabally,4.0,15.0,19.0,pbp
401736160,,stephanie talbot,2.0,0.0,2.0,pbp
401736160,,temi fagbenle,8.0,4.0,12.0,pbp
401736160,,veronica burton,12.0,4.0,16.0,pbp
401736161,,allisha gray,5.0,6.0,11.0,pbp
401736161,,aneesah morrow,1.0,2.0,3.0,pbp
401736161,,bria hartley,6.0,5.0,11.0,pbp
401736161,,brionna jones,7.0,0.0,7.0,pbp
401736161,,brittney griner,8.0,10.0,18.0,pbp
401736161,,jacy sheldon,0.0,2.0,2.0,pbp
401736161,,kariata diaby,0.0,4.0,4.0,pbp
401736161,,marina mabrey,15.0,19.0,34.0,pbp
401736161,,maya caldwell,0.0,3.0,3.0,pbp
401736161,,naz hillmon,3.0,11.0,14.0,pbp
401736161,,nia coffey,3.0,0.0,3.0,pbp
401736161,,olivia nelson-ododa,2.0,0.0,2.0,pbp
401736161,,rhyne howard,7.0,10.0,17.0,pbp
401736161,,saniya rivers,2.0,7.0,9.0,pbp
401736161,,te-hina paopao,2.0,0.0,2.0,pbp
401736161,,tina charles,10.0,9.0,19.0,pbp
401736162,,arike ogunbowale,4.0,4.0,8.0,pbp
401736162,,aziaha james,3.0,2.0,5.0,pbp
401736162,,azura stevens,13.0,8.0,21.0,pbp
401736162,,dearica hamby,11.0,9.0,20.0,pbp
401736162,,dijonai carrington,8.0,8.0,16.0,pbp
401736162,,emma cannon,0.0,4.0,4.0,pbp
401736162,,jj quinerly,4.0,10.0,14.0,pbp
401736162,,kaila charles,8.0,2.0,10.0,pbp
401736162,,kelsey plum,4.0,7.0,11.0,pbp
401736162,,luisa geiselsoder,4.0,7.0,11.0,pbp
401736162,,maddy siegrist,0.0,4.0,4.0,pbp
401736162,,mercedes russell,2.0,2.0,4.0,pbp
401736162,,myisha hines-allen,4.0,0.0,4.0,pbp
401736162,,odyssey sims,9.0,10.0,19.0,pbp
401736162,,rickea jackson,4.0,6.0,10.0,pbp
401736162,,sarah ashlee barker,2.0,2.0,4.0,pbp
401736162,,teaira mccowan,5.0,2.0,7.0,pbp
401736163,,a'ja wilson,8.0,9.0,17.0,pbp
401736163,,aaliyah nye,8.0,5.0,13.0,pbp
401736163,,cecilia zandalasini,10.0,8.0,18.0,pbp
401736163,,chelsea gray,7.0,9.0,16.0,pbp
401736163,,dana evans,0.0,7.0,7.0,pbp
401736163,,jackie young,0.0,4.0,4.0,pbp
401736163,,janelle salaun,0.0,4.0,4.0,pbp
401736163,,jewell loyd,3.0,2.0,5.0,pbp
401736163,,julie vanloo,2.0,0.0,2.0,pbp
401736163,,kate martin,6.0,5.0,11.0,pbp
401736163,,kayla thornton,14.0,7.0,21.0,pbp
401736163,,kiah stokes,0.0,1.0,1.0,pbp
401736163,,kyara linskens,0.0,2.0,2.0,pbp
401736163,,monique billings,7.0,7.0,14.0,pbp
401736163,,temi fagbenle,4.0,3.0,7.0,pbp
401736163,,tiffany mitchell,2.0,3.0,5.0,pbp
401736163,,veronica burton,4.0,10.0,14.0,pbp
401736164,,aari mcdonald,6.0,5.0,11.0,pbp
401736164,,aliyah boston,7.0,4.0,11.0,pbp
401736164,,angel reese,4.0,0.0,4.0,pbp
401736164,,ariel atkins,2.0,2.0,4.0,pbp
401736164,,brianna turner,0.0,2.0,2.0,pbp
401736164,,courtney vandersloot,2.0,0.0,2.0,pbp
401736164,,damiris dantas,2.0,1.0,3.0,pbp
401736164,,dewanna bonner,0.0,6.0,6.0,pbp
401736164,,elizabeth williams,4.0,3.0,7.0,pbp
401736164,,hailey van lith,0.0,7.0,7.0,pbp
401736164,,kamilla cardoso,6.0,2.0,8.0,pbp
401736164,,kelsey mitchell,9.0,8.0,17.0,pbp
401736164,,kia nurse,3.0,0.0,3.0,pbp
401736164,,lexie hull,6.0,3.0,9.0,pbp
401736164,,maddy westbeld,0.0,5.0,5.0,pbp
401736164,,natasha howard,8.0,5.0,13.0,pbp
401736164,,rachel banham,0.0,4.0,4.0,pbp
401736164,,rebecca allen,7.0,1.0,8.0,pbp
401736164,,sydney colson,3.0,3.0,6.0,pbp
401736165,,alysha clark,0.0,3.0,3.0,pbp
401736165,,dominique malonga,4.0,2.0,6.0,pbp
401736165,,erica wheeler,3.0,6.0,9.0,pbp
401736165,,ezi magbegor,4.0,0.0,4.0,pbp
401736165,,gabby williams,17.0,3.0,20.0,pbp
401736165,,kalani brown,4.0,4.0,8.0,pbp
401736165,,kathryn westbeld,4.0,0.0,4.0,pbp
401736165,,kitija laksa,3.0,6.0,9.0,pbp
401736165,,lexi held,8.0,6.0,14.0,pbp
401736165,,lexie brown,3.0,0.0,3.0,pbp
401736165,,li yueru,2.0,0.0,2.0,pbp
401736165,,monique akoa makani,6.0,0.0,6.0,pbp
401736165,,murjanatu musa,5.0,2.0,7.0,pbp
401736165,,nneka ogwumike,8.0,5.0,13.0,pbp
401736165,,sami whitcomb,2.0,5.0,7.0,pbp
401736165,,satou sabally,11.0,11.0,22.0,pbp
401736165,,skylar diggins,4.0,22.0,26.0,pbp
401736165,,zia cooke,0.0,2.0,2.0,pbp
401736166,,aaliyah edwards,7.0,6.0,13.0,pbp
401736166,,aneesah morrow,2.0,0.0,2.0,pbp
401736166,,bria hartley,4.0,2.0,6.0,pbp
401736166,,brittney sykes,9.0,19.0,28.0,pbp
401736166,,emily engstler,2.0,0.0,2.0,pbp
401736166,,jacy sheldon,2.0,13.0,15.0,pbp
401736166,,jade melbourne,2.0,3.0,5.0,pbp
401736166,,jaelyn brown,3.0,5.0,8.0,pbp
401736166,,kariata diaby,1.0,1.0,2.0,pbp
401736166,,kiki iriafen,8.0,4.0,12.0,pbp
401736166,,lucy olsen,5.0,0.0,5.0,pbp
401736166,,marina mabrey,13.0,2.0,15.0,pbp
401736166,,saniya rivers,0.0,2.0,2.0,pbp
401736166,,shakira austin,8.0,6.0,14.0,pbp
401736166,,sika kone,0.0,4.0,4.0,pbp
401736166,,sonia citron,7.0,4.0,11.0,pbp
401736166,,sug sutton,2.0,8.0,10.0,pbp
401736166,,tina charles,11.0,6.0,17.0,pbp
401736167,,alanna smith,4.0,0.0,4.0,pbp
401736167,,arike ogunbowale,20.0,6.0,26.0,pbp
401736167,,bridget carleton,3.0,5.0,8.0,pbp
401736167,,courtney williams,5.0,0.0,5.0,pbp
401736167,,dijonai carrington,4.0,2.0,6.0,pbp
401736167,,jessica shepard,3.0,2.0,5.0,pbp
401736167,,jj quinerly,4.0,2.0,6.0,pbp
401736167,,kayla mcbride,16.0,5.0,21.0,pbp
401736167,,luisa geiselsoder,2.0,3.0,5.0,pbp
401736167,,maddy siegrist,2.0,13.0,15.0,pbp
401736167,,maria kliundikova,1.0,0.0,1.0,pbp
401736167,,myisha hines-allen,4.0,0.0,4.0,pbp
401736167,,nalyssa smith,3.0,0.0,3.0,pbp
401736167,,napheesa collier,14.0,14.0,28.0,pbp
401736167,,natisha hiedeman,0.0,9.0,9.0,pbp
401736168,,azura stevens,3.0,3.0,6.0,pbp
401736168,,carla leite,5.0,10.0,15.0,pbp
401736168,,dearica hamby,15.0,5.0,20.0,pbp
401736168,,emma cannon,4.0,2.0,6.0,pbp
401736168,,janelle salaun,9.0,12.0,21.0,pbp
401736168,,julie allemand,0.0,3.0,3.0,pbp
401736168,,julie vanloo,2.0,0.0,2.0,pbp
401736168,,kayla thornton,8.0,10.0,18.0,pbp
401736168,,kelsey plum,12.0,10.0,22.0,pbp
401736168,,mercedes russell,0.0,2.0,2.0,pbp
401736168,,monique billings,6.0,4.0,10.0,pbp
401736168,,odyssey sims,1.0,4.0,5.0,pbp
401736168,,rickea jackson,4.0,4.0,8.0,pbp
401736168,,sarah ashlee barker,3.0,4.0,7.0,pbp
401736168,,temi fagbenle,8.0,6.0,14.0,pbp
401736168,,veronica burton,2.0,7.0,9.0,pbp
401736169,,aari mcdonald,9.0,5.0,14.0,pbp
401736169,,aliyah boston,7.0,0.0,7.0,pbp
401736169,,allisha gray,13.0,10.0,23.0,pbp
401736169,,brionna jones,11.0,10.0,21.0,pbp
401736169,,brittney griner,5.0,4.0,9.0,pbp
401736169,,damiris dantas,0.0,3.0,3.0,pbp
401736169,,dewanna bonner,5.0,0.0,5.0,pbp
401736169,,jordin canada,2.0,2.0,4.0,pbp
401736169,,kelsey mitchell,4.0,7.0,11.0,pbp
401736169,,maya caldwell,0.0,2.0,2.0,pbp
401736169,,natasha howard,5.0,10.0,15.0,pbp
401736169,,naz hillmon,0.0,2.0,2.0,pbp
401736169,,nia coffey,0.0,10.0,10.0,pbp
401736169,,rhyne howard,2.0,1.0,3.0,pbp
401736169,,sydney colson,3.0,0.0,3.0,pbp
401736169,,te-hina paopao,0.0,2.0,2.0,pbp
401736170,,angel reese,11.0,6.0,17.0,pbp
401736170,,ariel atkins,7.0,4.0,11.0,pbp
401736170,,breanna stewart,13.0,5.0,18.0,pbp
401736170,,elizabeth williams,4.0,0.0,4.0,pbp
401736170,,hailey van lith,0.0,5.0,5.0,pbp
401736170,,kamilla cardoso,2.0,6.0,8.0,pbp
401736170,,kennedy burke,6.0,9.0,15.0,pbp
401736170,,kia nurse,8.0,0.0,8.0,pbp
401736170,,leonie fiebich,3.0,3.0,6.0,pbp
401736170,,maddy westbeld,0.0,2.0,2.0,pbp
401736170,,marine johannes,0.0,3.0,3.0,pbp
401736170,,marquesha davis,0.0,2.0,2.0,pbp
401736170,,michaela onyenwere,0.0,7.0,7.0,pbp
401736170,,natasha cloud,5.0,0.0,5.0,pbp
401736170,,nyara sabally,9.0,0.0,9.0,pbp
401736170,,rachel banham,0.0,3.0,3.0,pbp
401736170,,rebekah gardner,2.0,2.0,4.0,pbp
401736170,,sabrina ionescu,14.0,8.0,22.0,pbp
401736171,,a'ja wilson,5.0,8.0,13.0,pbp
401736171,,azura stevens,13.0,6.0,19.0,pbp
401736171,,chelsea gray,12.0,16.0,28.0,pbp
401736171,,dearica hamby,12.0,7.0,19.0,pbp
401736171,,emma cannon,3.0,3.0,6.0,pbp
401736171,,jackie young,14.0,20.0,34.0,pbp
401736171,,jewell loyd,5.0,2.0,7.0,pbp
401736171,,kelsey plum,3.0,10.0,13.0,pbp
401736171,,kiah stokes,2.0,2.0,4.0,pbp
401736171,,liatu king,0.0,5.0,5.0,pbp
401736171,,mercedes russell,2.0,0.0,2.0,pbp
401736171,,rickea jackson,14.0,16.0,30.0,pbp
401736171,,sarah ashlee barker,3.0,0.0,3.0,pbp
401736171,,tiffany mitchell,3.0,0.0,3.0,pbp
401736172,,alyssa thomas,7.0,4.0,11.0,pbp
401736172,,arike ogunbowale,0.0,10.0,10.0,pbp
401736172,,dijonai carrington,4.0,7.0,11.0,pbp
401736172,,jj quinerly,0.0,4.0,4.0,pbp
401736172,,kathryn westbeld,11.0,0.0,11.0,pbp
401736172,,kitija laksa,3.0,11.0,14.0,pbp
401736172,,lexi held,4.0,7.0,11.0,pbp
401736172,,luisa geiselsoder,2.0,8.0,10.0,pbp
401736172,,maddy siegrist,2.0,1.0,3.0,pbp
401736172,,monique akoa makani,6.0,3.0,9.0,pbp
401736172,,murjanatu musa,0.0,7.0,7.0,pbp
401736172,,myisha hines-allen,2.0,1.0,3.0,pbp
401736172,,nalyssa smith,4.0,0.0,4.0,pbp
401736172,,natasha mack,0.0,2.0,2.0,pbp
401736172,,paige bueckers,22.0,13.0,35.0,pbp
401736172,,sami whitcomb,6.0,2.0,8.0,pbp
401736172,,satou sabally,5.0,15.0,20.0,pbp
401736173,,alanna smith,9.0,5.0,14.0,pbp
401736173,,alissa pili,3.0,0.0,3.0,pbp
401736173,,alysha clark,0.0,2.0,2.0,pbp
401736173,,bridget carleton,5.0,6.0,11.0,pbp
401736173,,courtney williams,0.0,3.0,3.0,pbp
401736173,,dominique malonga,2.0,6.0,8.0,pbp
401736173,,erica wheeler,10.0,10.0,20.0,pbp
401736173,,ezi magbegor,8.0,5.0,13.0,pbp
401736173,,gabby williams,8.0,4.0,12.0,pbp
401736173,,karlie samuelson,2.0,0.0,2.0,pbp
401736173,,kayla mcbride,9.0,10.0,19.0,pbp
401736173,,napheesa collier,16.0,9.0,25.0,pbp
401736173,,natisha hiedeman,4.0,2.0,6.0,pbp
401736173,,nneka ogwumike,11.0,10.0,21.0,pbp
401736173,,skylar diggins,9.0,9.0,18.0,pbp
401736174,,allisha gray,7.0,8.0,15.0,pbp
401736174,,angel reese,8.0,4.0,12.0,pbp
401736174,,ariel atkins,7.0,5.0,12.0,pbp
401736174,,brionna jones,6.0,7.0,13.0,pbp
401736174,,brittney griner,7.0,0.0,7.0,pbp
401736174,,elizabeth williams,2.0,6.0,8.0,pbp
401736174,,hailey van lith,0.0,4.0,4.0,pbp
401736174,,jordin canada,7.0,5.0,12.0,pbp
401736174,,kamilla cardoso,8.0,7.0,15.0,pbp
401736174,,kia nurse,2.0,0.0,2.0,pbp
401736174,,maya caldwell,0.0,2.0,2.0,pbp
401736174,,michaela onyenwere,0.0,2.0,2.0,pbp
401736174,,nia coffey,3.0,0.0,3.0,pbp
401736174,,rachel banham,6.0,3.0,9.0,pbp
401736174,,rebecca allen,6.0,0.0,6.0,pbp
401736174,,rhyne howard,8.0,28.0,36.0,pbp
401736175,,aaliyah nye,5.0,0.0,5.0,pbp
401736175,,arike ogunbowale,16.0,10.0,26.0,pbp
401736175,,aziaha james,3.0,0.0,3.0,pbp
401736175,,chelsea gray,9.0,4.0,13.0,pbp
401736175,,dana evans,2.0,4.0,6.0,pbp
401736175,,dijonai carrington,5.0,10.0,15.0,pbp
401736175,,elizabeth kitley,2.0,0.0,2.0,pbp
401736175,,jackie young,8.0,20.0,28.0,pbp
401736175,,jewell loyd,16.0,5.0,21.0,pbp
401736175,,kiah stokes,4.0,2.0,6.0,pbp
401736175,,kierstan bell,3.0,0.0,3.0,pbp
401736175,,luisa geiselsoder,5.0,8.0,13.0,pbp
401736175,,myisha hines-allen,2.0,4.0,6.0,pbp
401736175,,nalyssa smith,3.0,2.0,5.0,pbp
401736175,,paige bueckers,6.0,10.0,16.0,pbp
401736175,,tiffany mitchell,0.0,4.0,4.0,pbp
401736176,,alanna smith,3.0,0.0,3.0,pbp
401736176,,alissa pili,2.0,6.0,8.0,pbp
401736176,,anastasiia olairi kosu,0.0,3.0,3.0,pbp
401736176,,azura stevens,2.0,2.0,4.0,pbp
401736176,,bridget carleton,3.0,3.0,6.0,pbp
401736176,,courtney williams,15.0,2.0,17.0,pbp
401736176,,dearica hamby,4.0,6.0,10.0,pbp
401736176,,diamond miller,0.0,3.0,3.0,pbp
401736176,,emma cannon,2.0,12.0,14.0,pbp
401736176,,kayla mcbride,2.0,2.0,4.0,pbp
401736176,,kelsey plum,6.0,14.0,20.0,pbp
401736176,,liatu king,2.0,1.0,3.0,pbp
401736176,,maria kliundikova,2.0,9.0,11.0,pbp
401736176,,napheesa collier,26.0,6.0,32.0,pbp
401736176,,natisha hiedeman,5.0,9.0,14.0,pbp
401736176,,rickea jackson,8.0,10.0,18.0,pbp
401736176,,sania feagin,0.0,2.0,2.0,pbp
401736176,,sarah ashlee barker,2.0,2.0,4.0,pbp
401736176,,shey peddy,0.0,3.0,3.0,pbp
401736177,,aliyah boston,2.0,8.0,10.0,pbp
401736177,,breanna stewart,14.0,10.0,24.0,pbp
401736177,,caitlin clark,24.0,7.0,31.0,pbp
401736177,,damiris dantas,2.0,3.0,5.0,pbp
401736177,,isabelle harrison,2.0,0.0,2.0,pbp
401736177,,kelsey mitchell,7.0,15.0,22.0,pbp
401736177,,kennedy burke,2.0,1.0,3.0,pbp
401736177,,lexie hull,9.0,5.0,14.0,pbp
401736177,,marine johannes,5.0,5.0,10.0,pbp
401736177,,natasha cloud,0.0,5.0,5.0,pbp
401736177,,natasha howard,4.0,0.0,4.0,pbp
401736177,,nyara sabally,10.0,0.0,10.0,pbp
401736177,,sabrina ionescu,17.0,17.0,34.0,pbp
401736177,,sophie cunningham,2.0,3.0,5.0,pbp
401736177,,sydney colson,2.0,8.0,10.0,pbp
401736178,,alysha clark,0.0,11.0,11.0,pbp
401736178,,carla leite,8.0,6.0,14.0,pbp
401736178,,dominique malonga,2.0,0.0,2.0,pbp
401736178,,erica wheeler,4.0,2.0,6.0,pbp
401736178,,ezi magbegor,2.0,8.0,10.0,pbp
401736178,,gabby williams,4.0,5.0,9.0,pbp
401736178,,kate martin,5.0,0.0,5.0,pbp
401736178,,kayla thornton,11.0,11.0,22.0,pbp
401736178,,laeticia amihere,2.0,0.0,2.0,pbp
401736178,,lexie brown,5.0,0.0,5.0,pbp
401736178,,monique billings,4.0,1.0,5.0,pbp
401736178,,nneka ogwumike,4.0,2.0,6.0,pbp
401736178,,skylar diggins,10.0,11.0,21.0,pbp
401736178,,stephanie talbot,4.0,0.0,4.0,pbp
401736178,,temi fagbenle,8.0,8.0,16.0,pbp
401736178,,veronica burton,2.0,6.0,8.0,pbp
401736182,,aliyah boston,6.0,3.0,9.0,pbp
401736182,,bria hartley,2.0,0.0,2.0,pbp
401736182,,caitlin clark,12.0,8.0,20.0,pbp
401736182,,damiris dantas,2.0,11.0,13.0,pbp
401736182,,haley peters,4.0,0.0,4.0,pbp
401736182,,jacy sheldon,2.0,0.0,2.0,pbp
401736182,,jaelyn brown,5.0,7.0,12.0,pbp
401736182,,kariata diaby,0.0,2.0,2.0,pbp
401736182,,kelsey mitchell,12.0,5.0,17.0,pbp
401736182,,lexie hull,5.0,3.0,8.0,pbp
401736182,,marina mabrey,4.0,2.0,6.0,pbp
401736182,,natasha howard,10.0,6.0,16.0,pbp
401736182,,olivia nelson-ododa,6.0,8.0,14.0,pbp
401736182,,rayah marshall,0.0,1.0,1.0,pbp
401736182,,saniya rivers,0.0,7.0,7.0,pbp
401736182,,sophie cunningham,0.0,5.0,5.0,pbp
401736182,,tina charles,16.0,4.0,20.0,pbp
401736183,,allisha gray,7.0,7.0,14.0,pbp
401736183,,breanna stewart,12.0,11.0,23.0,pbp
401736183,,brionna jones,7.0,6.0,13.0,pbp
401736183,,brittney griner,5.0,4.0,9.0,pbp
401736183,,jonquel jones,0.0,10.0,10.0,pbp
401736183,,jordin canada,0.0,9.0,9.0,pbp
401736183,,kennedy burke,2.0,0.0,2.0,pbp
401736183,,marine johannes,0.0,2.0,2.0,pbp
401736183,,natasha cloud,2.0,5.0,7.0,pbp
401736183,,naz hillmon,0.0,4.0,4.0,pbp
401736183,,nia coffey,3.0,0.0,3.0,pbp
401736183,,nyara sabally,4.0,4.0,8.0,pbp
401736183,,rhyne howard,5.0,8.0,13.0,pbp
401736183,,sabrina ionescu,20.0,14.0,34.0,pbp
401736183,,te-hina paopao,16.0,0.0,16.0,pbp
401736184,,aaliyah edwards,3.0,3.0,6.0,pbp
401736184,,angel reese,12.0,5.0,17.0,pbp
401736184,,ariel atkins,6.0,4.0,10.0,pbp
401736184,,brittney sykes,12.0,20.0,32.0,pbp
401736184,,elizabeth williams,0.0,6.0,6.0,pbp
401736184,,hailey van lith,3.0,2.0,5.0,pbp
401736184,,jade melbourne,0.0,2.0,2.0,pbp
401736184,,kamilla cardoso,11.0,7.0,18.0,pbp
401736184,,kia nurse,3.0,0.0,3.0,pbp
401736184,,kiki iriafen,4.0,4.0,8.0,pbp
401736184,,michaela onyenwere,2.0,4.0,6.0,pbp
401736184,,rebecca allen,7.0,0.0,7.0,pbp
401736184,,shakira austin,4.0,5.0,9.0,pbp
401736184,,sonia citron,5.0,8.0,13.0,pbp
401736184,,stefanie dolson,0.0,2.0,2.0,pbp
401736184,,sug sutton,4.0,3.0,7.0,pbp
401736185,,arike ogunbowale,7.0,12.0,19.0,pbp
401736185,,aziaha james,0.0,3.0,3.0,pbp
401736185,,carla leite,4.0,4.0,8.0,pbp
401736185,,dijonai carrington,7.0,1.0,8.0,pbp
401736185,,jj quinerly,3.0,0.0,3.0,pbp
401736185,,kaila charles,4.0,6.0,10.0,pbp
401736185,,kayla thornton,12.0,5.0,17.0,pbp
401736185,,laeticia amihere,4.0,10.0,14.0,pbp
401736185,,li yueru,0.0,2.0,2.0,pbp
401736185,,monique billings,11.0,7.0,18.0,pbp
401736185,,myisha hines-allen,4.0,5.0,9.0,pbp
401736185,,nalyssa smith,4.0,2.0,6.0,pbp
401736185,,paige bueckers,10.0,10.0,20.0,pbp
401736185,,tiffany hayes,5.0,5.0,10.0,pbp
401736185,,veronica burton,0.0,4.0,4.0,pbp
401736186,,aaliyah nye,2.0,5.0,7.0,pbp
401736186,,alanna smith,0.0,10.0,10.0,pbp
401736186,,bridget carleton,4.0,3.0,7.0,pbp
401736186,,chelsea gray,5.0,4.0,9.0,pbp
401736186,,courtney williams,2.0,18.0,20.0,pbp
401736186,,dana evans,3.0,0.0,3.0,pbp
401736186,,diamond miller,5.0,7.0,12.0,pbp
401736186,,jackie young,8.0,1.0,9.0,pbp
401736186,,jewell loyd,6.0,6.0,12.0,pbp
401736186,,kayla mcbride,6.0,2.0,8.0,pbp
401736186,,kiah stokes,5.0,2.0,7.0,pbp
401736186,,kierstan bell,2.0,3.0,5.0,pbp
401736186,,napheesa collier,5.0,2.0,7.0,pbp
401736186,,natisha hiedeman,8.0,4.0,12.0,pbp
401736186,,tiffany mitchell,8.0,2.0,10.0,pbp
401736187,,alysha clark,5.0,9.0,14.0,pbp
401736187,,azura stevens,9.0,7.0,16.0,pbp
401736187,,dearica hamby,4.0,4.0,8.0,pbp
401736187,,dominique malonga,0.0,7.0,7.0,pbp
401736187,,emma cannon,2.0,0.0,2.0,pbp
401736187,,erica wheeler,7.0,8.0,15.0,pbp
401736187,,ezi magbegor,2.0,0.0,2.0,pbp
401736187,,gabby williams,11.0,0.0,11.0,pbp
401736187,,lexie brown,0.0,3.0,3.0,pbp
401736187,,liatu king,2.0,4.0,6.0,pbp
401736187,,nneka ogwumike,14.0,12.0,26.0,pbp
401736187,,rickea jackson,9.0,8.0,17.0,pbp
401736187,,sarah ashlee barker,6.0,6.0,12.0,pbp
401736187,,shey peddy,5.0,1.0,6.0,pbp
401736187,,skylar diggins,8.0,7.0,15.0,pbp
401736187,,zia cooke,0.0,5.0,5.0,pbp
401736188,,alyssa thomas,11.0,3.0,14.0,pbp
401736188,,aneesah morrow,0.0,16.0,16.0,pbp
401736188,,bria hartley,0.0,9.0,9.0,pbp
401736188,,haley peters,2.0,0.0,2.0,pbp
401736188,,jacy sheldon,13.0,0.0,13.0,pbp
401736188,,jaelyn brown,6.0,0.0,6.0,pbp
401736188,,kahleah copper,5.0,8.0,13.0,pbp
401736188,,kariata diaby,2.0,0.0,2.0,pbp
401736188,,kathryn westbeld,2.0,2.0,4.0,pbp
401736188,,kitija laksa,3.0,8.0,11.0,pbp
401736188,,lexi held,7.0,7.0,14.0,pbp
401736188,,marina mabrey,3.0,5.0,8.0,pbp
401736188,,monique akoa makani,5.0,0.0,5.0,pbp
401736188,,murjanatu musa,4.0,0.0,4.0,pbp
401736188,,natasha mack,4.0,2.0,6.0,pbp
401736188,,olivia nelson-ododa,4.0,6.0,10.0,pbp
401736188,,saniya rivers,4.0,3.0,7.0,pbp
401736188,,satou sabally,7.0,5.0,12.0,pbp
401736188,,tina charles,2.0,0.0,2.0,pbp
401736189,,alyssa thomas,12.0,6.0,18.0,pbp
401736189,,breanna stewart,14.0,21.0,35.0,pbp
401736189,,isabelle harrison,1.0,0.0,1.0,pbp
401736189,,jonquel jones,2.0,0.0,2.0,pbp
401736189,,kathryn westbeld,2.0,2.0,4.0,pbp
401736189,,kennedy burke,3.0,3.0,6.0,pbp
401736189,,kitija laksa,8.0,5.0,13.0,pbp
401736189,,marine johannes,0.0,6.0,6.0,pbp
401736189,,monique akoa makani,6.0,15.0,21.0,pbp
401736189,,murjanatu musa,2.0,0.0,2.0,pbp
401736189,,natasha cloud,6.0,2.0,8.0,pbp
401736189,,nyara sabally,3.0,4.0,7.0,pbp
401736189,,sabrina ionescu,9.0,7.0,16.0,pbp
401736189,,sami whitcomb,8.0,8.0,16.0,pbp
401736189,,satou sabally,3.0,12.0,15.0,pbp
401736190,,aliyah boston,15.0,2.0,17.0,pbp
401736190,,caitlin clark,2.0,9.0,11.0,pbp
401736190,,carla leite,8.0,0.0,8.0,pbp
401736190,,chloe bibby,8.0,4.0,12.0,pbp
401736190,,damiris dantas,0.0,3.0,3.0,pbp
401736190,,kate martin,2.0,7.0,9.0,pbp
401736190,,kayla thornton,7.0,9.0,16.0,pbp
401736190,,kelsey mitchell,7.0,9.0,16.0,pbp
401736190,,laeticia amihere,1.0,9.0,10.0,pbp
401736190,,lexie hull,3.0,0.0,3.0,pbp
401736190,,monique billings,4.0,4.0,8.0,pbp
401736190,,natasha howard,8.0,5.0,13.0,pbp
401736190,,sophie cunningham,6.0,3.0,9.0,pbp
401736190,,sydney colson,3.0,2.0,5.0,pbp
401736190,,tiffany hayes,4.0,10.0,14.0,pbp
401736190,,veronica burton,4.0,7.0,11.0,pbp
401736191,,aaliyah edwards,3.0,0.0,3.0,pbp
401736191,,allisha gray,5.0,13.0,18.0,pbp
401736191,,brionna jones,4.0,10.0,14.0,pbp
401736191,,brittney griner,6.0,4.0,10.0,pbp
401736191,,brittney sykes,8.0,13.0,21.0,pbp
401736191,,emily engstler,0.0,3.0,3.0,pbp
401736191,,jade melbourne,0.0,3.0,3.0,pbp
401736191,,jordin canada,7.0,4.0,11.0,pbp
401736191,,kiki iriafen,4.0,5.0,9.0,pbp
401736191,,naz hillmon,8.0,0.0,8.0,pbp
401736191,,nia coffey,6.0,3.0,9.0,pbp
401736191,,rhyne howard,4.0,9.0,13.0,pbp
401736191,,shakira austin,11.0,17.0,28.0,pbp
401736191,,shatori walker-kimbrough,0.0,2.0,2.0,pbp
401736191,,sonia citron,8.0,9.0,17.0,pbp
401736191,,sug sutton,4.0,3.0,7.0,pbp
401736191,,te-hina paopao,7.0,0.0,7.0,pbp
401736192,,aneesah morrow,0.0,10.0,10.0,pbp
401736192,,arike ogunbowale,0.0,7.0,7.0,pbp
401736192,,aziaha james,0.0,17.0,17.0,pbp
401736192,,bria hartley,2.0,5.0,7.0,pbp
401736192,,dijonai carrington,2.0,3.0,5.0,pbp
401736192,,haley peters,2.0,0.0,2.0,pbp
401736192,,jacy sheldon,5.0,5.0,10.0,pbp
401736192,,kaila charles,9.0,0.0,9.0,pbp
401736192,,li yueru,5.0,6.0,11.0,pbp
401736192,,lindsay allen,2.0,4.0,6.0,pbp
401736192,,marina mabrey,7.0,1.0,8.0,pbp
401736192,,myisha hines-allen,2.0,2.0,4.0,pbp
401736192,,nalyssa smith,8.0,4.0,12.0,pbp
401736192,,olivia nelson-ododa,4.0,2.0,6.0,pbp
401736192,,paige bueckers,16.0,5.0,21.0,pbp
401736192,,saniya rivers,3.0,5.0,8.0,pbp
401736192,,tina charles,15.0,11.0,26.0,pbp
401736193,,a'ja wilson,15.0,5.0,20.0,pbp
401736193,,aaliyah nye,8.0,5.0,13.0,pbp
401736193,,alysha clark,2.0,0.0,2.0,pbp
401736193,,chelsea gray,5.0,2.0,7.0,pbp
401736193,,dana evans,2.0,0.0,2.0,pbp
401736193,,erica wheeler,5.0,12.0,17.0,pbp
401736193,,ezi magbegor,4.0,0.0,4.0,pbp
401736193,,gabby williams,7.0,11.0,18.0,pbp
401736193,,jackie young,13.0,9.0,22.0,pbp
401736193,,jewell loyd,2.0,13.0,15.0,pbp
401736193,,kiah stokes,0.0,4.0,4.0,pbp
401736193,,nneka ogwumike,11.0,14.0,25.0,pbp
401736193,,skylar diggins,9.0,15.0,24.0,pbp
401736194,,alyssa thomas,6.0,5.0,11.0,pbp
401736194,,angel reese,6.0,3.0,9.0,pbp
401736194,,ariel atkins,7.0,6.0,13.0,pbp
401736194,,elizabeth williams,4.0,4.0,8.0,pbp
401736194,,hailey van lith,0.0,4.0,4.0,pbp
401736194,,kahleah copper,7.0,8.0,15.0,pbp
401736194,,kalani brown,0.0,11.0,11.0,pbp
401736194,,kamilla cardoso,17.0,0.0,17.0,pbp
401736194,,kathryn westbeld,5.0,3.0,8.0,pbp
401736194,,kia nurse,0.0,9.0,9.0,pbp
401736194,,kitija laksa,6.0,5.0,11.0,pbp
401736194,,maddy westbeld,0.0,3.0,3.0,pbp
401736194,,michaela onyenwere,4.0,13.0,17.0,pbp
401736194,,monique akoa makani,3.0,5.0,8.0,pbp
401736194,,murjanatu musa,2.0,4.0,6.0,pbp
401736194,,natasha mack,2.0,2.0,4.0,pbp
401736194,,rachel banham,3.0,0.0,3.0,pbp
401736194,,rebecca allen,2.0,0.0,2.0,pbp
401736194,,sami whitcomb,15.0,2.0,17.0,pbp
401736194,,satou sabally,12.0,3.0,15.0,pbp
401736195,,alanna smith,1.0,5.0,6.0,pbp
401736195,,alissa pili,5.0,0.0,5.0,pbp
401736195,,azura stevens,8.0,3.0,11.0,pbp
401736195,,bridget carleton,0.0,3.0,3.0,pbp
401736195,,courtney williams,9.0,9.0,18.0,pbp
401736195,,dearica hamby,9.0,4.0,13.0,pbp
401736195,,diamond miller,0.0,4.0,4.0,pbp
401736195,,emma cannon,2.0,1.0,3.0,pbp
401736195,,karlie samuelson,0.0,1.0,1.0,pbp
401736195,,kayla mcbride,10.0,19.0,29.0,pbp
401736195,,kelsey plum,11.0,4.0,15.0,pbp
401736195,,liatu king,0.0,2.0,2.0,pbp
401736195,,maria kliundikova,7.0,5.0,12.0,pbp
401736195,,mercedes russell,0.0,2.0,2.0,pbp
401736195,,natisha hiedeman,2.0,2.0,4.0,pbp
401736195,,rickea jackson,3.0,6.0,9.0,pbp
401736195,,sarah ashlee barker,2.0,3.0,5.0,pbp
401736195,,shey peddy,0.0,6.0,6.0,pbp
401736196,,allisha gray,14.0,5.0,19.0,pbp
401736196,,angel reese,4.0,6.0,10.0,pbp
401736196,,ariel atkins,11.0,18.0,29.0,pbp
401736196,,brionna jones,8.0,5.0,13.0,pbp
401736196,,brittney griner,2.0,1.0,3.0,pbp
401736196,,elizabeth williams,14.0,2.0,16.0,pbp
401736196,,hailey van lith,2.0,0.0,2.0,pbp
401736196,,jordin canada,0.0,6.0,6.0,pbp
401736196,,kamilla cardoso,7.0,0.0,7.0,pbp
401736196,,michaela onyenwere,1.0,1.0,2.0,pbp
401736196,,naz hillmon,5.0,7.0,12.0,pbp
401736196,,nia coffey,1.0,1.0,2.0,pbp
401736196,,rachel banham,2.0,8.0,10.0,pbp
401736196,,rebecca allen,4.0,0.0,4.0,pbp
401736196,,rhyne howard,7.0,15.0,22.0,pbp
401736196,,te-hina paopao,9.0,7.0,16.0,pbp
401736197,,arike ogunbowale,16.0,11.0,27.0,pbp
401736197,,aziaha james,5.0,6.0,11.0,pbp
401736197,,brittney sykes,5.0,3.0,8.0,pbp
401736197,,jade melbourne,0.0,1.0,1.0,pbp
401736197,,jj quinerly,6.0,2.0,8.0,pbp
401736197,,kaila charles,6.0,3.0,9.0,pbp
401736197,,kiki iriafen,9.0,10.0,19.0,pbp
401736197,,li yueru,2.0,4.0,6.0,pbp
401736197,,nalyssa smith,5.0,2.0,7.0,pbp
401736197,,paige bueckers,5.0,15.0,20.0,pbp
401736197,,shakira austin,6.0,15.0,21.0,pbp
401736197,,sonia citron,11.0,16.0,27.0,pbp
401736197,,sug sutton,9.0,6.0,15.0,pbp
401736198,,a'ja wilson,6.0,18.0,24.0,pbp
401736198,,aaliyah nye,6.0,5.0,11.0,pbp
401736198,,aliyah boston,18.0,8.0,26.0,pbp
401736198,,brianna turner,2.0,0.0,2.0,pbp
401736198,,caitlin clark,5.0,14.0,19.0,pbp
401736198,,chelsea gray,9.0,9.0,18.0,pbp
401736198,,dana evans,3.0,0.0,3.0,pbp
401736198,,jackie young,6.0,13.0,19.0,pbp
401736198,,jewell loyd,4.0,6.0,10.0,pbp
401736198,,kelsey mitchell,7.0,13.0,20.0,pbp
401736198,,lexie hull,5.0,2.0,7.0,pbp
401736198,,natasha howard,5.0,2.0,7.0,pbp
401736198,,tiffany mitchell,2.0,2.0,4.0,pbp
401736199,,alysha clark,2.0,2.0,4.0,pbp
401736199,,breanna stewart,8.0,10.0,18.0,pbp
401736199,,dominique malonga,4.0,2.0,6.0,pbp
401736199,,erica wheeler,9.0,0.0,9.0,pbp
401736199,,ezi magbegor,6.0,0.0,6.0,pbp
401736199,,gabby williams,5.0,7.0,12.0,pbp
401736199,,isabelle harrison,2.0,0.0,2.0,pbp
401736199,,jaylyn sherrod,5.0,3.0,8.0,pbp
401736199,,kennedy burke,2.0,7.0,9.0,pbp
401736199,,lexie brown,1.0,0.0,1.0,pbp
401736199,,marine johannes,12.0,5.0,17.0,pbp
401736199,,natasha cloud,0.0,5.0,5.0,pbp
401736199,,nneka ogwumike,6.0,20.0,26.0,pbp
401736199,,nyara sabally,4.0,4.0,8.0,pbp
401736199,,rebekah gardner,9.0,3.0,12.0,pbp
401736199,,skylar diggins,7.0,13.0,20.0,pbp
401736199,,zia cooke,3.0,2.0,5.0,pbp
401736200,,aerial powers,0.0,2.0,2.0,pbp
401736200,,aneesah morrow,8.0,6.0,14.0,pbp
401736200,,bree hall,0.0,3.0,3.0,pbp
401736200,,bria hartley,6.0,1.0,7.0,pbp
401736200,,chloe bibby,6.0,5.0,11.0,pbp
401736200,,haley peters,2.0,0.0,2.0,pbp
401736200,,jacy sheldon,5.0,5.0,10.0,pbp
401736200,,jaelyn brown,0.0,3.0,3.0,pbp
401736200,,kaitlyn chen,3.0,2.0,5.0,pbp
401736200,,kate martin,1.0,0.0,1.0,pbp
401736200,,kayla thornton,17.0,4.0,21.0,pbp
401736200,,laeticia amihere,4.0,6.0,10.0,pbp
401736200,,lindsay allen,2.0,5.0,7.0,pbp
401736200,,monique billings,2.0,2.0,4.0,pbp
401736200,,olivia nelson-ododa,0.0,4.0,4.0,pbp
401736200,,rayah marshall,0.0,5.0,5.0,pbp
401736200,,saniya rivers,2.0,0.0,2.0,pbp
401736200,,stephanie talbot,4.0,2.0,6.0,pbp
401736200,,tiffany hayes,14.0,0.0,14.0,pbp
401736200,,tina charles,7.0,2.0,9.0,pbp
401736200,,veronica burton,7.0,2.0,9.0,pbp
401736201,,aaliyah edwards,5.0,2.0,7.0,pbp
401736201,,alanna smith,18.0,8.0,26.0,pbp
401736201,,bridget carleton,4.0,0.0,4.0,pbp
401736201,,courtney williams,2.0,3.0,5.0,pbp
401736201,,jade melbourne,2.0,3.0,5.0,pbp
401736201,,jessica shepard,6.0,6.0,12.0,pbp
401736201,,kayla mcbride,3.0,4.0,7.0,pbp
401736201,,kiki iriafen,7.0,4.0,11.0,pbp
401736201,,lucy olsen,0.0,2.0,2.0,pbp
401736201,,maria kliundikova,4.0,5.0,9.0,pbp
401736201,,natisha hiedeman,0.0,1.0,1.0,pbp
401736201,,shakira austin,13.0,6.0,19.0,pbp
401736201,,sonia citron,7.0,2.0,9.0,pbp
401736201,,stefanie dolson,0.0,3.0,3.0,pbp
401736201,,sug sutton,5.0,7.0,12.0,pbp
401736202,,angel reese,4.0,14.0,18.0,pbp
401736202,,ariel atkins,5.0,8.0,13.0,pbp
401736202,,azura stevens,17.0,4.0,21.0,pbp
401736202,,dearica hamby,6.0,9.0,15.0,pbp
401736202,,elizabeth williams,4.0,2.0,6.0,pbp
401736202,,emma cannon,3.0,2.0,5.0,pbp
401736202,,hailey van lith,6.0,0.0,6.0,pbp
401736202,,kamilla cardoso,12.0,15.0,27.0,pbp
401736202,,kelsey plum,7.0,13.0,20.0,pbp
401736202,,kia nurse,6.0,2.0,8.0,pbp
401736202,,mercedes russell,0.0,2.0,2.0,pbp
401736202,,michaela onyenwere,4.0,0.0,4.0,pbp
401736202,,rachel banham,1.0,7.0,8.0,pbp
401736202,,rebecca allen,0.0,7.0,7.0,pbp
401736202,,rickea jackson,6.0,5.0,11.0,pbp
401736202,,sarah ashlee barker,5.0,0.0,5.0,pbp
401736202,,shey peddy,4.0,3.0,7.0,pbp
401736203,,allisha gray,7.0,6.0,13.0,pbp
401736203,,arike ogunbowale,8.0,13.0,21.0,pbp
401736203,,aziaha james,4.0,7.0,11.0,pbp
401736203,,brionna jones,4.0,8.0,12.0,pbp
401736203,,brittney griner,2.0,0.0,2.0,pbp
401736203,,jj quinerly,0.0,2.0,2.0,pbp
401736203,,li yueru,8.0,2.0,10.0,pbp
401736203,,myisha hines-allen,3.0,5.0,8.0,pbp
401736203,,nalyssa smith,0.0,4.0,4.0,pbp
401736203,,naz hillmon,4.0,0.0,4.0,pbp
401736203,,nia coffey,0.0,1.0,1.0,pbp
401736203,,paige bueckers,8.0,4.0,12.0,pbp
401736203,,rhyne howard,12.0,11.0,23.0,pbp
401736204,,aliyah boston,14.0,17.0,31.0,pbp
401736204,,alysha clark,2.0,0.0,2.0,pbp
401736204,,caitlin clark,2.0,4.0,6.0,pbp
401736204,,damiris dantas,10.0,0.0,10.0,pbp
401736204,,dominique malonga,4.0,0.0,4.0,pbp
401736204,,erica wheeler,0.0,20.0,20.0,pbp
401736204,,ezi magbegor,6.0,3.0,9.0,pbp
401736204,,gabby williams,9.0,2.0,11.0,pbp
401736204,,kelsey mitchell,14.0,10.0,24.0,pbp
401736204,,lexie hull,0.0,15.0,15.0,pbp
401736204,,natasha howard,2.0,2.0,4.0,pbp
401736204,,nneka ogwumike,10.0,6.0,16.0,pbp
401736204,,skylar diggins,6.0,16.0,22.0,pbp
401736204,,sophie cunningham,2.0,0.0,2.0,pbp
401736204,,zia cooke,2.0,0.0,2.0,pbp
401736205,,breanna stewart,21.0,2.0,23.0,pbp
401736205,,chloe bibby,3.0,0.0,3.0,pbp
401736205,,kate martin,2.0,19.0,21.0,pbp
401736205,,kayla thornton,4.0,7.0,11.0,pbp
401736205,,kennedy burke,10.0,10.0,20.0,pbp
401736205,,laeticia amihere,2.0,4.0,6.0,pbp
401736205,,marine johannes,2.0,9.0,11.0,pbp
401736205,,monique billings,2.0,0.0,2.0,pbp
401736205,,natasha cloud,2.0,0.0,2.0,pbp
401736205,,nyara sabally,3.0,0.0,3.0,pbp
401736205,,rebekah gardner,7.0,4.0,11.0,pbp
401736205,,sabrina ionescu,1.0,10.0,11.0,pbp
401736205,,stephanie talbot,10.0,3.0,13.0,pbp
401736205,,tiffany hayes,15.0,0.0,15.0,pbp
401736205,,veronica burton,5.0,2.0,7.0,pbp
401736206,,a'ja wilson,8.0,14.0,22.0,pbp
401736206,,bria hartley,4.0,2.0,6.0,pbp
401736206,,chelsea gray,8.0,7.0,15.0,pbp
401736206,,dana evans,0.0,3.0,3.0,pbp
401736206,,haley peters,1.0,0.0,1.0,pbp
401736206,,jackie young,12.0,8.0,20.0,pbp
401736206,,jacy sheldon,0.0,8.0,8.0,pbp
401736206,,jaelyn brown,0.0,2.0,2.0,pbp
401736206,,jewell loyd,10.0,3.0,13.0,pbp
401736206,,joyner holmes,0.0,2.0,2.0,pbp
401736206,,kierstan bell,0.0,8.0,8.0,pbp
401736206,,lindsay allen,2.0,0.0,2.0,pbp
401736206,,olivia nelson-ododa,8.0,4.0,12.0,pbp
401736206,,saniya rivers,6.0,4.0,10.0,pbp
401736206,,tiffany mitchell,2.0,0.0,2.0,pbp
401736206,,tina charles,8.0,10.0,18.0,pbp
401736207,,aari mcdonald,3.0,11.0,14.0,pbp
401736207,,aliyah boston,6.0,6.0,12.0,pbp
401736207,,azura stevens,7.0,16.0,23.0,pbp
401736207,,dearica hamby,5.0,9.0,14.0,pbp
401736207,,emma cannon,2.0,0.0,2.0,pbp
401736207,,kelsey mitchell,7.0,12.0,19.0,pbp
401736207,,kelsey plum,3.0,18.0,21.0,pbp
401736207,,lexie hull,2.0,4.0,6.0,pbp
401736207,,liatu king,2.0,2.0,4.0,pbp
401736207,,mercedes russell,0.0,2.0,2.0,pbp
401736207,,natasha howard,8.0,5.0,13.0,pbp
401736207,,rickea jackson,8.0,6.0,14.0,pbp
401736207,,shey peddy,3.0,2.0,5.0,pbp
401736207,,sophie cunningham,8.0,2.0,10.0,pbp
401736208,,a'ja wilson,14.0,8.0,22.0,pbp
401736208,,aaliyah edwards,4.0,3.0,7.0,pbp
401736208,,aaliyah nye,2.0,0.0,2.0,pbp
401736208,,chelsea gray,6.0,7.0,13.0,pbp
401736208,,dana evans,3.0,9.0,12.0,pbp
401736208,,jackie young,12.0,0.0,12.0,pbp
401736208,,jade melbourne,2.0,0.0,2.0,pbp
401736208,,jewell loyd,4.0,7.0,11.0,pbp
401736208,,joyner holmes,0.0,3.0,3.0,pbp
401736208,,kiah stokes,2.0,2.0,4.0,pbp
401736208,,kiki iriafen,6.0,6.0,12.0,pbp
401736208,,lucy olsen,8.0,6.0,14.0,pbp
401736208,,shakira austin,8.0,5.0,13.0,pbp
401736208,,sika kone,4.0,0.0,4.0,pbp
401736208,,sonia citron,12.0,9.0,21.0,pbp
401736208,,stefanie dolson,2.0,2.0,4.0,pbp
401736208,,sug sutton,6.0,10.0,16.0,pbp
401736208,,tiffany mitchell,0.0,3.0,3.0,pbp
401736209,,alanna smith,7.0,2.0,9.0,pbp
401736209,,allisha gray,9.0,8.0,17.0,pbp
401736209,,bridget carleton,11.0,3.0,14.0,pbp
401736209,,brionna jones,8.0,10.0,18.0,pbp
401736209,,brittney griner,10.0,6.0,16.0,pbp
401736209,,courtney williams,9.0,7.0,16.0,pbp
401736209,,jessica shepard,2.0,0.0,2.0,pbp
401736209,,jordin canada,7.0,7.0,14.0,pbp
401736209,,karlie samuelson,0.0,6.0,6.0,pbp
401736209,,kayla mcbride,6.0,12.0,18.0,pbp
401736209,,napheesa collier,15.0,11.0,26.0,pbp
401736209,,natisha hiedeman,2.0,3.0,5.0,pbp
401736209,,naz hillmon,2.0,8.0,10.0,pbp
401736209,,rhyne howard,9.0,6.0,15.0,pbp
401736209,,te-hina paopao,2.0,0.0,2.0,pbp
401736210,,aari mcdonald,9.0,4.0,13.0,pbp
401736210,,aliyah boston,13.0,8.0,21.0,pbp
401736210,,arike ogunbowale,6.0,9.0,15.0,pbp
401736210,,aziaha james,9.0,5.0,14.0,pbp
401736210,,jj quinerly,0.0,5.0,5.0,pbp
401736210,,kaila charles,0.0,2.0,2.0,pbp
401736210,,kelsey mitchell,19.0,13.0,32.0,pbp
401736210,,lexie hull,3.0,0.0,3.0,pbp
401736210,,li yueru,5.0,2.0,7.0,pbp
401736210,,makayla timpson,2.0,1.0,3.0,pbp
401736210,,myisha hines-allen,9.0,0.0,9.0,pbp
401736210,,nalyssa smith,2.0,5.0,7.0,pbp
401736210,,natasha howard,6.0,9.0,15.0,pbp
401736210,,paige bueckers,11.0,15.0,26.0,pbp
401736210,,sophie cunningham,2.0,3.0,5.0,pbp
401736210,,sydney colson,2.0,0.0,2.0,pbp
401736211,,angel reese,2.0,15.0,17.0,pbp
401736211,,ariel atkins,6.0,14.0,20.0,pbp
401736211,,chloe bibby,3.0,3.0,6.0,pbp
401736211,,elizabeth williams,1.0,0.0,1.0,pbp
401736211,,hailey van lith,0.0,5.0,5.0,pbp
401736211,,kaitlyn chen,7.0,3.0,10.0,pbp
401736211,,kate martin,0.0,11.0,11.0,pbp
401736211,,kayla thornton,15.0,14.0,29.0,pbp
401736211,,kia nurse,12.0,5.0,17.0,pbp
401736211,,laeticia amihere,3.0,0.0,3.0,pbp
401736211,,michaela onyenwere,4.0,0.0,4.0,pbp
401736211,,monique billings,2.0,7.0,9.0,pbp
401736211,,rachel banham,6.0,5.0,11.0,pbp
401736211,,rebecca allen,3.0,0.0,3.0,pbp
401736211,,tiffany hayes,8.0,5.0,13.0,pbp
401736211,,veronica burton,1.0,1.0,2.0,pbp
401736212,,alyssa thomas,10.0,7.0,17.0,pbp
401736212,,breanna stewart,5.0,12.0,17.0,pbp
401736212,,isabelle harrison,2.0,8.0,10.0,pbp
401736212,,jaylyn sherrod,0.0,2.0,2.0,pbp
401736212,,kahleah copper,10.0,2.0,12.0,pbp
401736212,,kalani brown,2.0,2.0,4.0,pbp
401736212,,kathryn westbeld,3.0,2.0,5.0,pbp
401736212,,kennedy burke,10.0,0.0,10.0,pbp
401736212,,kiana williams,0.0,2.0,2.0,pbp
401736212,,kitija laksa,9.0,4.0,13.0,pbp
401736212,,marine johannes,8.0,1.0,9.0,pbp
401736212,,marquesha davis,0.0,1.0,1.0,pbp
401736212,,monique akoa makani,6.0,3.0,9.0,pbp
401736212,,murjanatu musa,0.0,2.0,2.0,pbp
401736212,,natasha cloud,4.0,10.0,14.0,pbp
401736212,,natasha mack,2.0,0.0,2.0,pbp
401736212,,nyara sabally,8.0,8.0,16.0,pbp
401736212,,rebekah gardner,2.0,0.0,2.0,pbp
401736212,,sabrina ionescu,3.0,6.0,9.0,pbp
401736212,,sami whitcomb,9.0,6.0,15.0,pbp
401736212,,satou sabally,10.0,15.0,25.0,pbp
401736213,,alysha clark,1.0,0.0,1.0,pbp
401736213,,aneesah morrow,10.0,10.0,20.0,pbp
401736213,,bria hartley,6.0,13.0,19.0,pbp
401736213,,dominique malonga,8.0,3.0,11.0,pbp
401736213,,erica wheeler,0.0,6.0,6.0,pbp
401736213,,ezi magbegor,10.0,2.0,12.0,pbp
401736213,,gabby williams,9.0,7.0,16.0,pbp
401736213,,jacy sheldon,6.0,9.0,15.0,pbp
401736213,,lindsay allen,2.0,2.0,4.0,pbp
401736213,,mackenzie holmes,0.0,2.0,2.0,pbp
401736213,,nneka ogwumike,6.0,10.0,16.0,pbp
401736213,,olivia nelson-ododa,7.0,5.0,12.0,pbp
401736213,,saniya rivers,0.0,4.0,4.0,pbp
401736213,,skylar diggins,16.0,8.0,24.0,pbp
401736213,,tina charles,7.0,0.0,7.0,pbp
401736213,,zia cooke,2.0,7.0,9.0,pbp
401736214,,aaliyah edwards,3.0,0.0,3.0,pbp
401736214,,arike ogunbowale,10.0,4.0,14.0,pbp
401736214,,aziaha james,6.0,9.0,15.0,pbp
401736214,,brittney sykes,2.0,4.0,6.0,pbp
401736214,,haley jones,6.0,2.0,8.0,pbp
401736214,,jj quinerly,12.0,2.0,14.0,pbp
401736214,,kaila charles,3.0,3.0,6.0,pbp
401736214,,kiki iriafen,2.0,6.0,8.0,pbp
401736214,,li yueru,0.0,4.0,4.0,pbp
401736214,,myisha hines-allen,7.0,6.0,13.0,pbp
401736214,,nalyssa smith,0.0,4.0,4.0,pbp
401736214,,shakira austin,8.0,10.0,18.0,pbp
401736214,,sika kone,2.0,0.0,2.0,pbp
401736214,,sonia citron,7.0,15.0,22.0,pbp
401736214,,sug sutton,7.0,5.0,12.0,pbp
401736215,,allisha gray,8.0,12.0,20.0,pbp
401736215,,breanna stewart,10.0,10.0,20.0,pbp
401736215,,brionna jones,10.0,11.0,21.0,pbp
401736215,,brittney griner,6.0,8.0,14.0,pbp
401736215,,isabelle harrison,4.0,4.0,8.0,pbp
401736215,,jordin canada,9.0,6.0,15.0,pbp
401736215,,kennedy burke,3.0,8.0,11.0,pbp
401736215,,marine johannes,0.0,6.0,6.0,pbp
401736215,,natasha cloud,11.0,9.0,20.0,pbp
401736215,,naz hillmon,5.0,5.0,10.0,pbp
401736215,,nia coffey,0.0,1.0,1.0,pbp
401736215,,rebekah gardner,1.0,0.0,1.0,pbp
401736215,,rhyne howard,5.0,0.0,5.0,pbp
401736215,,sabrina ionescu,4.0,10.0,14.0,pbp
401736215,,shatori walker-kimbrough,2.0,0.0,2.0,pbp
401736215,,te-hina paopao,2.0,0.0,2.0,pbp
401736216,,angel reese,6.0,18.0,24.0,pbp
401736216,,ariel atkins,4.0,16.0,20.0,pbp
401736216,,azura stevens,12.0,5.0,17.0,pbp
401736216,,dearica hamby,8.0,12.0,20.0,pbp
401736216,,elizabeth williams,10.0,2.0,12.0,pbp
401736216,,emma cannon,3.0,12.0,15.0,pbp
401736216,,kelsey plum,8.0,14.0,22.0,pbp
401736216,,kia nurse,6.0,8.0,14.0,pbp
401736216,,michaela onyenwere,0.0,3.0,3.0,pbp
401736216,,odyssey sims,0.0,2.0,2.0,pbp
401736216,,rachel banham,8.0,5.0,13.0,pbp
401736216,,rebecca allen,6.0,0.0,6.0,pbp
401736216,,rickea jackson,0.0,6.0,6.0,pbp
401736216,,shey peddy,3.0,0.0,3.0,pbp
401736217,,a'ja wilson,12.0,14.0,26.0,pbp
401736217,,aaliyah nye,6.0,10.0,16.0,pbp
401736217,,alyssa thomas,7.0,9.0,16.0,pbp
401736217,,chelsea gray,6.0,3.0,9.0,pbp
401736217,,jackie young,4.0,11.0,15.0,pbp
401736217,,jewell loyd,5.0,5.0,10.0,pbp
401736217,,joyner holmes,2.0,0.0,2.0,pbp
401736217,,kahleah copper,8.0,7.0,15.0,pbp
401736217,,kalani brown,2.0,4.0,6.0,pbp
401736217,,kathryn westbeld,6.0,0.0,6.0,pbp
401736217,,kitija laksa,3.0,2.0,5.0,pbp
401736217,,monique akoa makani,4.0,2.0,6.0,pbp
401736217,,natasha mack,3.0,0.0,3.0,pbp
401736217,,sami whitcomb,5.0,9.0,14.0,pbp
401736217,,satou sabally,2.0,8.0,10.0,pbp
401736217,,tiffany mitchell,5.0,1.0,6.0,pbp
401736218,,alanna smith,8.0,1.0,9.0,pbp
401736218,,alissa pili,0.0,5.0,5.0,pbp
401736218,,anastasiia olairi kosu,0.0,6.0,6.0,pbp
401736218,,aneesah morrow,6.0,10.0,16.0,pbp
401736218,,bria hartley,0.0,3.0,3.0,pbp
401736218,,bridget carleton,7.0,0.0,7.0,pbp
401736218,,courtney williams,10.0,2.0,12.0,pbp
401736218,,diamond miller,0.0,2.0,2.0,pbp
401736218,,haley peters,5.0,0.0,5.0,pbp
401736218,,jacy sheldon,7.0,0.0,7.0,pbp
401736218,,jaelyn brown,0.0,5.0,5.0,pbp
401736218,,jessica shepard,2.0,4.0,6.0,pbp
401736218,,kayla mcbride,11.0,9.0,20.0,pbp
401736218,,maria kliundikova,0.0,2.0,2.0,pbp
401736218,,napheesa collier,8.0,15.0,23.0,pbp
401736218,,natisha hiedeman,4.0,6.0,10.0,pbp
401736218,,olivia nelson-ododa,0.0,10.0,10.0,pbp
401736218,,rayah marshall,0.0,4.0,4.0,pbp
401736218,,saniya rivers,4.0,5.0,9.0,pbp
401736218,,tina charles,4.0,0.0,4.0,pbp
401736219,,dominique malonga,0.0,2.0,2.0,pbp
401736219,,erica wheeler,8.0,5.0,13.0,pbp
401736219,,ezi magbegor,0.0,2.0,2.0,pbp
401736219,,gabby williams,0.0,2.0,2.0,pbp
401736219,,kaitlyn chen,0.0,2.0,2.0,pbp
401736219,,kate martin,4.0,7.0,11.0,pbp
401736219,,kayla thornton,2.0,0.0,2.0,pbp
401736219,,laeticia amihere,2.0,13.0,15.0,pbp
401736219,,mackenzie holmes,0.0,2.0,2.0,pbp
401736219,,monique billings,5.0,4.0,9.0,pbp
401736219,,nneka ogwumike,6.0,2.0,8.0,pbp
401736219,,skylar diggins,10.0,8.0,18.0,pbp
401736219,,stephanie talbot,5.0,0.0,5.0,pbp
401736219,,temi fagbenle,2.0,2.0,4.0,pbp
401736219,,tiffany hayes,11.0,10.0,21.0,pbp
401736219,,veronica burton,3.0,12.0,15.0,pbp
401736219,,zia cooke,3.0,7.0,10.0,pbp
401736220,,a'ja wilson,17.0,12.0,29.0,pbp
401736220,,aaliyah nye,0.0,4.0,4.0,pbp
401736220,,aari mcdonald,6.0,2.0,8.0,pbp
401736220,,aliyah boston,14.0,6.0,20.0,pbp
401736220,,chelsea gray,0.0,2.0,2.0,pbp
401736220,,dana evans,3.0,0.0,3.0,pbp
401736220,,jackie young,4.0,2.0,6.0,pbp
401736220,,jewell loyd,0.0,2.0,2.0,pbp
401736220,,kelsey mitchell,12.0,13.0,25.0,pbp
401736220,,kiah stokes,0.0,2.0,2.0,pbp
401736220,,kierstan bell,0.0,2.0,2.0,pbp
401736220,,lexie hull,0.0,7.0,7.0,pbp
401736220,,makayla timpson,2.0,0.0,2.0,pbp
401736220,,nalyssa smith,0.0,4.0,4.0,pbp
401736220,,natasha howard,10.0,1.0,11.0,pbp
401736220,,sophie cunningham,0.0,2.0,2.0,pbp
401736220,,sydney colson,2.0,4.0,6.0,pbp
401736221,,azura stevens,5.0,7.0,12.0,pbp
401736221,,breanna stewart,11.0,6.0,17.0,pbp
401736221,,dearica hamby,10.0,15.0,25.0,pbp
401736221,,emma cannon,2.0,2.0,4.0,pbp
401736221,,isabelle harrison,4.0,3.0,7.0,pbp
401736221,,julie allemand,4.0,6.0,10.0,pbp
401736221,,kelsey plum,8.0,5.0,13.0,pbp
401736221,,kennedy burke,6.0,6.0,12.0,pbp
401736221,,leonie fiebich,2.0,3.0,5.0,pbp
401736221,,marine johannes,5.0,0.0,5.0,pbp
401736221,,mercedes russell,2.0,0.0,2.0,pbp
401736221,,natasha cloud,6.0,17.0,23.0,pbp
401736221,,rae burrell,5.0,0.0,5.0,pbp
401736221,,rickea jackson,5.0,3.0,8.0,pbp
401736221,,sabrina ionescu,3.0,17.0,20.0,pbp
401736222,,allisha gray,8.0,4.0,12.0,pbp
401736222,,alysha clark,6.0,2.0,8.0,pbp
401736222,,brionna jones,10.0,8.0,18.0,pbp
401736222,,brittney griner,2.0,6.0,8.0,pbp
401736222,,erica wheeler,5.0,16.0,21.0,pbp
401736222,,ezi magbegor,5.0,0.0,5.0,pbp
401736222,,gabby williams,9.0,2.0,11.0,pbp
401736222,,jordin canada,13.0,12.0,25.0,pbp
401736222,,maya caldwell,0.0,6.0,6.0,pbp
401736222,,naz hillmon,2.0,6.0,8.0,pbp
401736222,,nneka ogwumike,9.0,15.0,24.0,pbp
401736222,,skylar diggins,5.0,6.0,11.0,pbp
401736222,,te-hina paopao,2.0,0.0,2.0,pbp
401736223,,alyssa thomas,4.0,5.0,9.0,pbp
401736223,,aziaha james,20.0,8.0,28.0,pbp
401736223,,jj quinerly,9.0,8.0,17.0,pbp
401736223,,kahleah copper,16.0,15.0,31.0,pbp
401736223,,kalani brown,0.0,2.0,2.0,pbp
401736223,,kathryn westbeld,4.0,2.0,6.0,pbp
401736223,,kitija laksa,0.0,2.0,2.0,pbp
401736223,,li yueru,8.0,4.0,12.0,pbp
401736223,,luisa geiselsoder,4.0,0.0,4.0,pbp
401736223,,monique akoa makani,10.0,4.0,14.0,pbp
401736223,,myisha hines-allen,2.0,3.0,5.0,pbp
401736223,,paige bueckers,14.0,9.0,23.0,pbp
401736223,,sami whitcomb,3.0,0.0,3.0,pbp
401736223,,satou sabally,6.0,14.0,20.0,pbp
401736223,,teaira mccowan,4.0,5.0,9.0,pbp
401736224,,aaliyah edwards,4.0,11.0,15.0,pbp
401736224,,alanna smith,7.0,3.0,10.0,pbp
401736224,,alissa pili,0.0,3.0,3.0,pbp
401736224,,anastasiia olairi kosu,0.0,2.0,2.0,pbp
401736224,,bridget carleton,8.0,0.0,8.0,pbp
401736224,,brittney sykes,2.0,5.0,7.0,pbp
401736224,,courtney williams,4.0,6.0,10.0,pbp
401736224,,diamond miller,2.0,5.0,7.0,pbp
401736224,,emily engstler,2.0,2.0,4.0,pbp
401736224,,jade melbourne,6.0,0.0,6.0,pbp
401736224,,jessica shepard,2.0,6.0,8.0,pbp
401736224,,kayla mcbride,10.0,0.0,10.0,pbp
401736224,,kiki iriafen,2.0,0.0,2.0,pbp
401736224,,lucy olsen,9.0,10.0,19.0,pbp
401736224,,maria kliundikova,0.0,2.0,2.0,pbp
401736224,,napheesa collier,10.0,18.0,28.0,pbp
401736224,,natisha hiedeman,0.0,4.0,4.0,pbp
401736224,,shakira austin,5.0,5.0,10.0,pbp
401736224,,sika kone,0.0,2.0,2.0,pbp
401736224,,sonia citron,5.0,2.0,7.0,pbp
401736224,,stefanie dolson,3.0,0.0,3.0,pbp
401736225,,aari mcdonald,4.0,0.0,4.0,pbp
401736225,,aliyah boston,13.0,10.0,23.0,pbp
401736225,,azura stevens,9.0,12.0,21.0,pbp
401736225,,dearica hamby,6.0,12.0,18.0,pbp
401736225,,julie allemand,0.0,5.0,5.0,pbp
401736225,,julie vanloo,3.0,0.0,3.0,pbp
401736225,,kelsey mitchell,8.0,11.0,19.0,pbp
401736225,,kelsey plum,11.0,9.0,20.0,pbp
401736225,,lexie hull,3.0,2.0,5.0,pbp
401736225,,makayla timpson,2.0,3.0,5.0,pbp
401736225,,mercedes russell,5.0,0.0,5.0,pbp
401736225,,natasha howard,8.0,13.0,21.0,pbp
401736225,,rae burrell,0.0,2.0,2.0,pbp
401736225,,rickea jackson,8.0,7.0,15.0,pbp
401736225,,sophie cunningham,1.0,3.0,4.0,pbp
401736225,,sydney colson,5.0,0.0,5.0,pbp
401736226,,alanna smith,5.0,0.0,5.0,pbp
401736226,,bridget carleton,2.0,5.0,7.0,pbp
401736226,,cecilia zandalasini,0.0,2.0,2.0,pbp
401736226,,courtney williams,7.0,8.0,15.0,pbp
401736226,,diamond miller,5.0,3.0,8.0,pbp
401736226,,jessica shepard,3.0,5.0,8.0,pbp
401736226,,kate martin,5.0,0.0,5.0,pbp
401736226,,kayla mcbride,5.0,7.0,12.0,pbp
401736226,,kayla thornton,13.0,0.0,13.0,pbp
401736226,,monique billings,5.0,0.0,5.0,pbp
401736226,,napheesa collier,11.0,11.0,22.0,pbp
401736226,,natisha hiedeman,3.0,2.0,5.0,pbp
401736226,,stephanie talbot,0.0,10.0,10.0,pbp
401736226,,temi fagbenle,2.0,5.0,7.0,pbp
401736226,,tiffany hayes,10.0,13.0,23.0,pbp
401736226,,veronica burton,1.0,5.0,6.0,pbp
401736227,,a'ja wilson,11.0,8.0,19.0,pbp
401736227,,aaliyah nye,0.0,5.0,5.0,pbp
401736227,,aneesah morrow,2.0,10.0,12.0,pbp
401736227,,bria hartley,1.0,6.0,7.0,pbp
401736227,,chelsea gray,3.0,3.0,6.0,pbp
401736227,,dana evans,4.0,14.0,18.0,pbp
401736227,,haley peters,3.0,0.0,3.0,pbp
401736227,,jackie young,9.0,5.0,14.0,pbp
401736227,,jacy sheldon,3.0,5.0,8.0,pbp
401736227,,jewell loyd,0.0,3.0,3.0,pbp
401736227,,kiah stokes,2.0,0.0,2.0,pbp
401736227,,kierstan bell,5.0,3.0,8.0,pbp
401736227,,leila lacan,2.0,3.0,5.0,pbp
401736227,,lindsay allen,1.0,2.0,3.0,pbp
401736227,,nalyssa smith,9.0,2.0,11.0,pbp
401736227,,olivia nelson-ododa,2.0,7.0,9.0,pbp
401736227,,saniya rivers,4.0,6.0,10.0,pbp
401736227,,tina charles,10.0,1.0,11.0,pbp
401736228,,alysha clark,5.0,0.0,5.0,pbp
401736228,,breanna stewart,6.0,2.0,8.0,pbp
401736228,,dominique malonga,0.0,11.0,11.0,pbp
401736228,,erica wheeler,3.0,2.0,5.0,pbp
401736228,,ezi magbegor,9.0,5.0,14.0,pbp
401736228,,gabby williams,6.0,10.0,16.0,pbp
401736228,,kennedy burke,2.0,2.0,4.0,pbp
401736228,,leonie fiebich,4.0,3.0,7.0,pbp
401736228,,marquesha davis,0.0,3.0,3.0,pbp
401736228,,natasha cloud,6.0,6.0,12.0,pbp
401736228,,nneka ogwumike,7.0,8.0,15.0,pbp
401736228,,nyara sabally,0.0,6.0,6.0,pbp
401736228,,rebekah gardner,6.0,2.0,8.0,pbp
401736228,,sabrina ionescu,20.0,2.0,22.0,pbp
401736228,,skylar diggins,11.0,2.0,13.0,pbp
401736229,,alanna smith,2.0,2.0,4.0,pbp
401736229,,angel reese,8.0,8.0,16.0,pbp
401736229,,ariel atkins,5.0,6.0,11.0,pbp
401736229,,courtney williams,11.0,14.0,25.0,pbp
401736229,,diamond miller,6.0,4.0,10.0,pbp
401736229,,elizabeth williams,6.0,6.0,12.0,pbp
401736229,,jessica shepard,4.0,0.0,4.0,pbp
401736229,,kayla mcbride,5.0,6.0,11.0,pbp
401736229,,kia nurse,0.0,3.0,3.0,pbp
401736229,,maria kliundikova,2.0,3.0,5.0,pbp
401736229,,michaela onyenwere,4.0,7.0,11.0,pbp
401736229,,napheesa collier,8.0,13.0,21.0,pbp
401736229,,rachel banham,12.0,8.0,20.0,pbp
401736229,,rebecca allen,2.0,0.0,2.0,pbp
401736230,,allisha gray,16.0,8.0,24.0,pbp
401736230,,brionna jones,4.0,10.0,14.0,pbp
401736230,,brittney griner,10.0,1.0,11.0,pbp
401736230,,jordin canada,6.0,1.0,7.0,pbp
401736230,,kaitlyn chen,5.0,2.0,7.0,pbp
401736230,,kate martin,2.0,8.0,10.0,pbp
401736230,,kayla thornton,7.0,8.0,15.0,pbp
401736230,,laeticia amihere,4.0,0.0,4.0,pbp
401736230,,maya caldwell,0.0,3.0,3.0,pbp
401736230,,monique billings,11.0,8.0,19.0,pbp
401736230,,naz hillmon,2.0,14.0,16.0,pbp
401736230,,rhyne howard,5.0,10.0,15.0,pbp
401736230,,stephanie talbot,2.0,0.0,2.0,pbp
401736230,,tiffany hayes,5.0,7.0,12.0,pbp
401736230,,veronica burton,9.0,2.0,11.0,pbp
401736231,,alyssa thomas,7.0,8.0,15.0,pbp
401736231,,aziaha james,10.0,5.0,15.0,pbp
401736231,,jj quinerly,4.0,14.0,18.0,pbp
401736231,,kalani brown,6.0,0.0,6.0,pbp
401736231,,kathryn westbeld,4.0,10.0,14.0,pbp
401736231,,kiana williams,6.0,11.0,17.0,pbp
401736231,,kitija laksa,0.0,6.0,6.0,pbp
401736231,,li yueru,2.0,0.0,2.0,pbp
401736231,,liatu king,2.0,0.0,2.0,pbp
401736231,,luisa geiselsoder,2.0,2.0,4.0,pbp
401736231,,monique akoa makani,0.0,4.0,4.0,pbp
401736231,,myisha hines-allen,8.0,3.0,11.0,pbp
401736231,,natasha mack,0.0,4.0,4.0,pbp
401736231,,paige bueckers,11.0,0.0,11.0,pbp
401736231,,sami whitcomb,29.0,7.0,36.0,pbp
401736231,,teaira mccowan,0.0,9.0,9.0,pbp
401736232,,aaliyah edwards,8.0,0.0,8.0,pbp
401736232,,angel reese,10.0,12.0,22.0,pbp
401736232,,ariel atkins,4.0,7.0,11.0,pbp
401736232,,brittney sykes,4.0,7.0,11.0,pbp
401736232,,elizabeth williams,7.0,13.0,20.0,pbp
401736232,,jade melbourne,7.0,0.0,7.0,pbp
401736232,,kia nurse,6.0,2.0,8.0,pbp
401736232,,kiki iriafen,2.0,9.0,11.0,pbp
401736232,,lucy olsen,2.0,0.0,2.0,pbp
401736232,,maddy westbeld,3.0,0.0,3.0,pbp
401736232,,michaela onyenwere,0.0,2.0,2.0,pbp
401736232,,rachel banham,4.0,8.0,12.0,pbp
401736232,,shakira austin,1.0,14.0,15.0,pbp
401736232,,sonia citron,4.0,8.0,12.0,pbp
401736232,,stefanie dolson,5.0,0.0,5.0,pbp
401736232,,sug sutton,6.0,3.0,9.0,pbp
401736233,,a'ja wilson,2.0,0.0,2.0,pbp
401736233,,breanna stewart,5.0,10.0,15.0,pbp
401736233,,chelsea gray,8.0,3.0,11.0,pbp
401736233,,dana evans,7.0,9.0,16.0,pbp
401736233,,jackie young,11.0,8.0,19.0,pbp
401736233,,jaylyn sherrod,3.0,0.0,3.0,pbp
401736233,,jewell loyd,6.0,4.0,10.0,pbp
401736233,,kennedy burke,3.0,7.0,10.0,pbp
401736233,,kierstan bell,2.0,7.0,9.0,pbp
401736233,,leonie fiebich,8.0,7.0,15.0,pbp
401736233,,marine johannes,5.0,5.0,10.0,pbp
401736233,,nalyssa smith,6.0,5.0,11.0,pbp
401736233,,nyara sabally,4.0,0.0,4.0,pbp
401736233,,rebekah gardner,2.0,0.0,2.0,pbp
401736233,,sabrina ionescu,10.0,18.0,28.0,pbp
401736234,,alysha clark,3.0,1.0,4.0,pbp
401736234,,aneesah morrow,6.0,0.0,6.0,pbp
401736234,,bria hartley,15.0,0.0,15.0,pbp
401736234,,erica wheeler,3.0,7.0,10.0,pbp
401736234,,ezi magbegor,10.0,3.0,13.0,pbp
401736234,,gabby williams,12.0,9.0,21.0,pbp
401736234,,jacy sheldon,2.0,14.0,16.0,pbp
401736234,,leila lacan,0.0,8.0,8.0,pbp
401736234,,nneka ogwumike,11.0,1.0,12.0,pbp
401736234,,olivia nelson-ododa,8.0,0.0,8.0,pbp
401736234,,saniya rivers,0.0,11.0,11.0,pbp
401736234,,skylar diggins,10.0,13.0,23.0,pbp
401736234,,tina charles,10.0,19.0,29.0,pbp
401736235,,aari mcdonald,7.0,0.0,7.0,pbp
401736235,,aliyah boston,4.0,2.0,6.0,pbp
401736235,,caitlin clark,5.0,5.0,10.0,pbp
401736235,,carla leite,3.0,2.0,5.0,pbp
401736235,,damiris dantas,0.0,4.0,4.0,pbp
401736235,,janelle salaun,4.0,0.0,4.0,pbp
401736235,,kaitlyn chen,5.0,0.0,5.0,pbp
401736235,,kate martin,0.0,5.0,5.0,pbp
401736235,,kayla thornton,5.0,13.0,18.0,pbp
401736235,,kelsey mitchell,6.0,6.0,12.0,pbp
401736235,,laeticia amihere,2.0,2.0,4.0,pbp
401736235,,lexie hull,3.0,2.0,5.0,pbp
401736235,,makayla timpson,0.0,10.0,10.0,pbp
401736235,,monique billings,5.0,0.0,5.0,pbp
401736235,,natasha howard,4.0,0.0,4.0,pbp
401736235,,sophie cunningham,3.0,0.0,3.0,pbp
401736235,,temi fagbenle,3.0,4.0,7.0,pbp
401736235,,tiffany hayes,6.0,0.0,6.0,pbp
401736235,,veronica burton,8.0,13.0,21.0,pbp
401736236,,alanna smith,2.0,0.0,2.0,pbp
401736236,,alyssa thomas,15.0,14.0,29.0,pbp
401736236,,bridget carleton,2.0,8.0,10.0,pbp
401736236,,courtney williams,12.0,9.0,21.0,pbp
401736236,,dewanna bonner,7.0,0.0,7.0,pbp
401736236,,jessica shepard,8.0,0.0,8.0,pbp
401736236,,kalani brown,2.0,0.0,2.0,pbp
401736236,,kathryn westbeld,0.0,7.0,7.0,pbp
401736236,,kayla mcbride,6.0,0.0,6.0,pbp
401736236,,kiana williams,0.0,2.0,2.0,pbp
401736236,,kitija laksa,2.0,0.0,2.0,pbp
401736236,,monique akoa makani,5.0,8.0,13.0,pbp
401736236,,napheesa collier,4.0,14.0,18.0,pbp
401736236,,natasha mack,5.0,2.0,7.0,pbp
401736236,,natisha hiedeman,3.0,2.0,5.0,pbp
401736236,,sami whitcomb,4.0,6.0,10.0,pbp
401736237,,angel reese,6.0,9.0,15.0,pbp
401736237,,ariel atkins,2.0,5.0,7.0,pbp
401736237,,aziaha james,4.0,4.0,8.0,pbp
401736237,,elizabeth williams,4.0,4.0,8.0,pbp
401736237,,hailey van lith,2.0,0.0,2.0,pbp
401736237,,haley jones,4.0,0.0,4.0,pbp
401736237,,jj quinerly,7.0,9.0,16.0,pbp
401736237,,kamilla cardoso,7.0,2.0,9.0,pbp
401736237,,kia nurse,3.0,0.0,3.0,pbp
401736237,,li yueru,7.0,11.0,18.0,pbp
401736237,,luisa geiselsoder,0.0,3.0,3.0,pbp
401736237,,michaela onyenwere,5.0,0.0,5.0,pbp
401736237,,myisha hines-allen,5.0,1.0,6.0,pbp
401736237,,paige bueckers,8.0,9.0,17.0,pbp
401736237,,rachel banham,4.0,7.0,11.0,pbp
401736237,,rebecca allen,12.0,15.0,27.0,pbp
401736237,,teaira mccowan,2.0,2.0,4.0,pbp
401736238,,alanna smith,5.0,10.0,15.0,pbp
401736238,,azura stevens,2.0,4.0,6.0,pbp
401736238,,bridget carleton,0.0,4.0,4.0,pbp
401736238,,courtney williams,7.0,9.0,16.0,pbp
401736238,,dearica hamby,4.0,8.0,12.0,pbp
401736238,,diamond miller,6.0,0.0,6.0,pbp
401736238,,emma cannon,0.0,6.0,6.0,pbp
401736238,,jessica shepard,3.0,2.0,5.0,pbp
401736238,,julie allemand,7.0,0.0,7.0,pbp
401736238,,julie vanloo,6.0,9.0,15.0,pbp
401736238,,kayla mcbride,0.0,5.0,5.0,pbp
401736238,,kelsey plum,11.0,5.0,16.0,pbp
401736238,,maria kliundikova,5.0,0.0,5.0,pbp
401736238,,mercedes russell,0.0,2.0,2.0,pbp
401736238,,napheesa collier,8.0,9.0,17.0,pbp
401736238,,natisha hiedeman,16.0,2.0,18.0,pbp
401736238,,rae burrell,2.0,0.0,2.0,pbp
401736238,,rickea jackson,8.0,6.0,14.0,pbp
401736239,,aaliyah edwards,2.0,4.0,6.0,pbp
401736239,,aaliyah nye,2.0,0.0,2.0,pbp
401736239,,brittney sykes,8.0,10.0,18.0,pbp
401736239,,chelsea gray,4.0,9.0,13.0,pbp
401736239,,dana evans,11.0,0.0,11.0,pbp
401736239,,jackie young,2.0,8.0,10.0,pbp
401736239,,jade melbourne,2.0,2.0,4.0,pbp
401736239,,jewell loyd,13.0,7.0,20.0,pbp
401736239,,kierstan bell,0.0,2.0,2.0,pbp
401736239,,kiki iriafen,4.0,8.0,12.0,pbp
401736239,,megan gustafson,4.0,0.0,4.0,pbp
401736239,,nalyssa smith,4.0,2.0,6.0,pbp
401736239,,shakira austin,6.0,10.0,16.0,pbp
401736239,,sonia citron,0.0,9.0,9.0,pbp
401736239,,sug sutton,5.0,0.0,5.0,pbp
401736240,,aari mcdonald,2.0,4.0,6.0,pbp
401736240,,aliyah boston,9.0,10.0,19.0,pbp
401736240,,allisha gray,2.0,4.0,6.0,pbp
401736240,,brionna jones,4.0,2.0,6.0,pbp
401736240,,brittney griner,4.0,6.0,10.0,pbp
401736240,,caitlin clark,4.0,8.0,12.0,pbp
401736240,,damiris dantas,3.0,4.0,7.0,pbp
401736240,,jordin canada,25.0,4.0,29.0,pbp
401736240,,kelsey mitchell,14.0,11.0,25.0,pbp
401736240,,lexie hull,0.0,5.0,5.0,pbp
401736240,,maya caldwell,4.0,2.0,6.0,pbp
401736240,,natasha howard,5.0,4.0,9.0,pbp
401736240,,naz hillmon,0.0,3.0,3.0,pbp
401736240,,nia coffey,0.0,7.0,7.0,pbp
401736240,,rhyne howard,5.0,9.0,14.0,pbp
401736240,,sophie cunningham,3.0,13.0,16.0,pbp
401736241,,aneesah morrow,4.0,0.0,4.0,pbp
401736241,,bria hartley,2.0,5.0,7.0,pbp
401736241,,dominique malonga,0.0,4.0,4.0,pbp
401736241,,erica wheeler,2.0,4.0,6.0,pbp
401736241,,ezi magbegor,8.0,6.0,14.0,pbp
401736241,,gabby williams,4.0,14.0,18.0,pbp
401736241,,leila lacan,4.0,6.0,10.0,pbp
401736241,,lindsay allen,2.0,0.0,2.0,pbp
401736241,,nneka ogwumike,2.0,14.0,16.0,pbp
401736241,,olivia nelson-ododa,8.0,2.0,10.0,pbp
401736241,,saniya rivers,3.0,9.0,12.0,pbp
401736241,,skylar diggins,8.0,6.0,14.0,pbp
401736241,,tiffany mitchell,5.0,0.0,5.0,pbp
401736241,,tina charles,10.0,10.0,20.0,pbp
401736241,,zia cooke,2.0,0.0,2.0,pbp
401736242,,alanna smith,6.0,2.0,8.0,pbp
401736242,,angel reese,15.0,4.0,19.0,pbp
401736242,,ariel atkins,16.0,11.0,27.0,pbp
401736242,,bridget carleton,6.0,0.0,6.0,pbp
401736242,,courtney williams,5.0,8.0,13.0,pbp
401736242,,diamond miller,6.0,0.0,6.0,pbp
401736242,,elizabeth williams,6.0,2.0,8.0,pbp
401736242,,jessica shepard,2.0,0.0,2.0,pbp
401736242,,kamilla cardoso,9.0,8.0,17.0,pbp
401736242,,kayla mcbride,3.0,14.0,17.0,pbp
401736242,,michaela onyenwere,2.0,2.0,4.0,pbp
401736242,,napheesa collier,13.0,13.0,26.0,pbp
401736242,,natisha hiedeman,3.0,0.0,3.0,pbp
401736242,,rachel banham,9.0,3.0,12.0,pbp
401736243,,a'ja wilson,25.0,9.0,34.0,pbp
401736243,,aaliyah nye,2.0,2.0,4.0,pbp
401736243,,carla leite,0.0,6.0,6.0,pbp
401736243,,cecilia zandalasini,3.0,9.0,12.0,pbp
401736243,,chelsea gray,1.0,5.0,6.0,pbp
401736243,,dana evans,4.0,4.0,8.0,pbp
401736243,,jackie young,7.0,23.0,30.0,pbp
401736243,,janelle salaun,9.0,7.0,16.0,pbp
401736243,,jewell loyd,0.0,15.0,15.0,pbp
401736243,,kaitlyn chen,0.0,3.0,3.0,pbp
401736243,,kate martin,6.0,2.0,8.0,pbp
401736243,,kayla thornton,7.0,3.0,10.0,pbp
401736243,,laeticia amihere,0.0,2.0,2.0,pbp
401736243,,megan gustafson,4.0,1.0,5.0,pbp
401736243,,monique billings,5.0,0.0,5.0,pbp
401736243,,nalyssa smith,2.0,0.0,2.0,pbp
401736243,,temi fagbenle,4.0,9.0,13.0,pbp
401736243,,tiffany hayes,9.0,7.0,16.0,pbp
401736243,,veronica burton,3.0,8.0,11.0,pbp
401736244,,aari mcdonald,3.0,2.0,5.0,pbp
401736244,,aliyah boston,9.0,8.0,17.0,pbp
401736244,,arike ogunbowale,0.0,2.0,2.0,pbp
401736244,,aziaha james,8.0,3.0,11.0,pbp
401736244,,caitlin clark,10.0,4.0,14.0,pbp
401736244,,damiris dantas,0.0,2.0,2.0,pbp
401736244,,haley jones,2.0,3.0,5.0,pbp
401736244,,jj quinerly,5.0,8.0,13.0,pbp
401736244,,kelsey mitchell,13.0,7.0,20.0,pbp
401736244,,lexie hull,3.0,0.0,3.0,pbp
401736244,,li yueru,10.0,6.0,16.0,pbp
401736244,,luisa geiselsoder,2.0,5.0,7.0,pbp
401736244,,makayla timpson,4.0,3.0,7.0,pbp
401736244,,myisha hines-allen,0.0,3.0,3.0,pbp
401736244,,natasha howard,13.0,5.0,18.0,pbp
401736244,,paige bueckers,10.0,11.0,21.0,pbp
401736244,,sophie cunningham,9.0,4.0,13.0,pbp
401736244,,sydney colson,0.0,3.0,3.0,pbp
401736244,,teaira mccowan,5.0,0.0,5.0,pbp
401736245,,allisha gray,9.0,7.0,16.0,pbp
401736245,,breanna stewart,8.0,10.0,18.0,pbp
401736245,,brionna jones,8.0,0.0,8.0,pbp
401736245,,brittney griner,6.0,4.0,10.0,pbp
401736245,,isabelle harrison,7.0,2.0,9.0,pbp
401736245,,jordin canada,6.0,6.0,12.0,pbp
401736245,,kennedy burke,2.0,5.0,7.0,pbp
401736245,,leonie fiebich,8.0,13.0,21.0,pbp
401736245,,marine johannes,0.0,6.0,6.0,pbp
401736245,,maya caldwell,7.0,5.0,12.0,pbp
401736245,,natasha cloud,0.0,2.0,2.0,pbp
401736245,,naz hillmon,3.0,8.0,11.0,pbp
401736245,,nyara sabally,2.0,5.0,7.0,pbp
401736245,,sabrina ionescu,4.0,5.0,9.0,pbp
401736245,,te-hina paopao,3.0,0.0,3.0,pbp
401736246,,aneesah morrow,8.0,2.0,10.0,pbp
401736246,,azura stevens,8.0,13.0,21.0,pbp
401736246,,bria hartley,12.0,13.0,25.0,pbp
401736246,,dearica hamby,13.0,4.0,17.0,pbp
401736246,,jacy sheldon,8.0,3.0,11.0,pbp
401736246,,julie allemand,2.0,3.0,5.0,pbp
401736246,,kelsey plum,4.0,18.0,22.0,pbp
401736246,,leila lacan,3.0,4.0,7.0,pbp
401736246,,lindsay allen,0.0,2.0,2.0,pbp
401736246,,olivia nelson-ododa,4.0,0.0,4.0,pbp
401736246,,rae burrell,2.0,5.0,7.0,pbp
401736246,,rickea jackson,17.0,2.0,19.0,pbp
401736246,,saniya rivers,9.0,11.0,20.0,pbp
401736246,,tina charles,5.0,4.0,9.0,pbp
401736247,,aaliyah edwards,6.0,3.0,9.0,pbp
401736247,,brittney sykes,7.0,12.0,19.0,pbp
401736247,,erica wheeler,3.0,3.0,6.0,pbp
401736247,,ezi magbegor,9.0,10.0,19.0,pbp
401736247,,gabby williams,2.0,4.0,6.0,pbp
401736247,,jade melbourne,0.0,3.0,3.0,pbp
401736247,,kiki iriafen,8.0,2.0,10.0,pbp
401736247,,nneka ogwumike,8.0,8.0,16.0,pbp
401736247,,shakira austin,2.0,7.0,9.0,pbp
401736247,,skylar diggins,2.0,8.0,10.0,pbp
401736247,,sonia citron,6.0,11.0,17.0,pbp
401736247,,stefanie dolson,2.0,3.0,5.0,pbp
401736247,,sug sutton,0.0,2.0,2.0,pbp
401736247,,tiffany mitchell,4.0,8.0,12.0,pbp
401736248,,alanna smith,2.0,2.0,4.0,pbp
401736248,,anastasiia olairi kosu,0.0,2.0,2.0,pbp
401736248,,angel reese,11.0,11.0,22.0,pbp
401736248,,ariel atkins,2.0,0.0,2.0,pbp
401736248,,bridget carleton,6.0,5.0,11.0,pbp
401736248,,courtney williams,14.0,4.0,18.0,pbp
401736248,,elizabeth williams,7.0,0.0,7.0,pbp
401736248,,hailey van lith,0.0,4.0,4.0,pbp
401736248,,jessica shepard,0.0,4.0,4.0,pbp
401736248,,kamilla cardoso,4.0,2.0,6.0,pbp
401736248,,kayla mcbride,8.0,9.0,17.0,pbp
401736248,,kia nurse,0.0,4.0,4.0,pbp
401736248,,michaela onyenwere,6.0,2.0,8.0,pbp
401736248,,napheesa collier,14.0,15.0,29.0,pbp
401736248,,natisha hiedeman,0.0,6.0,6.0,pbp
401736248,,rachel banham,10.0,5.0,15.0,pbp
401736248,,rebecca allen,6.0,4.0,10.0,pbp
401736249,,alyssa thomas,4.0,13.0,17.0,pbp
401736249,,carla leite,4.0,2.0,6.0,pbp
401736249,,cecilia zandalasini,3.0,5.0,8.0,pbp
401736249,,dewanna bonner,8.0,14.0,22.0,pbp
401736249,,janelle salaun,0.0,12.0,12.0,pbp
401736249,,kalani brown,1.0,4.0,5.0,pbp
401736249,,kathryn westbeld,8.0,6.0,14.0,pbp
401736249,,kayla thornton,4.0,4.0,8.0,pbp
401736249,,laeticia amihere,0.0,2.0,2.0,pbp
401736249,,monique akoa makani,6.0,3.0,9.0,pbp
401736249,,monique billings,6.0,3.0,9.0,pbp
401736249,,natasha mack,2.0,2.0,4.0,pbp
401736249,,sami whitcomb,7.0,0.0,7.0,pbp
401736249,,tiffany hayes,9.0,6.0,15.0,pbp
401736249,,veronica burton,5.0,11.0,16.0,pbp
401736250,,aari mcdonald,2.0,0.0,2.0,pbp
401736250,,aliyah boston,1.0,10.0,11.0,pbp
401736250,,aneesah morrow,3.0,4.0,7.0,pbp
401736250,,bria hartley,6.0,5.0,11.0,pbp
401736250,,caitlin clark,5.0,9.0,14.0,pbp
401736250,,damiris dantas,3.0,0.0,3.0,pbp
401736250,,jacy sheldon,0.0,1.0,1.0,pbp
401736250,,kelsey mitchell,11.0,9.0,20.0,pbp
401736250,,leila lacan,6.0,13.0,19.0,pbp
401736250,,lexie hull,5.0,0.0,5.0,pbp
401736250,,lindsay allen,4.0,0.0,4.0,pbp
401736250,,makayla timpson,0.0,1.0,1.0,pbp
401736250,,natasha howard,12.0,6.0,18.0,pbp
401736250,,olivia nelson-ododa,6.0,0.0,6.0,pbp
401736250,,saniya rivers,6.0,2.0,8.0,pbp
401736250,,sophie cunningham,5.0,6.0,11.0,pbp
401736250,,tina charles,11.0,10.0,21.0,pbp
401736251,,aaliyah edwards,8.0,5.0,13.0,pbp
401736251,,azura stevens,7.0,8.0,15.0,pbp
401736251,,brittney sykes,2.0,6.0,8.0,pbp
401736251,,dearica hamby,18.0,8.0,26.0,pbp
401736251,,jade melbourne,3.0,0.0,3.0,pbp
401736251,,julie allemand,3.0,0.0,3.0,pbp
401736251,,kelsey plum,14.0,6.0,20.0,pbp
401736251,,kiki iriafen,2.0,6.0,8.0,pbp
401736251,,lucy olsen,0.0,5.0,5.0,pbp
401736251,,rae burrell,4.0,1.0,5.0,pbp
401736251,,rickea jackson,9.0,13.0,22.0,pbp
401736251,,sania feagin,4.0,4.0,8.0,pbp
401736251,,shakira austin,8.0,8.0,16.0,pbp
401736251,,sika kone,0.0,2.0,2.0,pbp
401736251,,sonia citron,3.0,5.0,8.0,pbp
401736251,,stefanie dolson,3.0,0.0,3.0,pbp
401736251,,sug sutton,5.0,9.0,14.0,pbp
401736252,,allisha gray,12.0,2.0,14.0,pbp
401736252,,brionna jones,5.0,9.0,14.0,pbp
401736252,,brittney griner,9.0,6.0,15.0,pbp
401736252,,elizabeth williams,2.0,6.0,8.0,pbp
401736252,,hailey van lith,0.0,4.0,4.0,pbp
401736252,,jordin canada,4.0,3.0,7.0,pbp
401736252,,kamilla cardoso,5.0,3.0,8.0,pbp
401736252,,kia nurse,5.0,0.0,5.0,pbp
401736252,,maddy westbeld,2.0,0.0,2.0,pbp
401736252,,maya caldwell,4.0,4.0,8.0,pbp
401736252,,moriah jefferson,3.0,4.0,7.0,pbp
401736252,,naz hillmon,5.0,5.0,10.0,pbp
401736252,,nia coffey,0.0,2.0,2.0,pbp
401736252,,rachel banham,6.0,0.0,6.0,pbp
401736252,,rebecca allen,0.0,9.0,9.0,pbp
401736252,,shatori walker-kimbrough,0.0,2.0,2.0,pbp
401736252,,taylor thierry,0.0,1.0,1.0,pbp
401736252,,te-hina paopao,2.0,11.0,13.0,pbp
401736253,,alanna smith,2.0,9.0,11.0,pbp
401736253,,alyssa thomas,6.0,6.0,12.0,pbp
401736253,,anastasiia olairi kosu,0.0,2.0,2.0,pbp
401736253,,bridget carleton,2.0,3.0,5.0,pbp
401736253,,courtney williams,7.0,5.0,12.0,pbp
401736253,,dewanna bonner,7.0,4.0,11.0,pbp
401736253,,diamond miller,2.0,0.0,2.0,pbp
401736253,,jessica shepard,6.0,2.0,8.0,pbp
401736253,,kalani brown,5.0,6.0,11.0,pbp
401736253,,kathryn westbeld,0.0,3.0,3.0,pbp
401736253,,kayla mcbride,12.0,6.0,18.0,pbp
401736253,,kiana williams,2.0,6.0,8.0,pbp
401736253,,kitija laksa,2.0,3.0,5.0,pbp
401736253,,maria kliundikova,2.0,5.0,7.0,pbp
401736253,,napheesa collier,2.0,8.0,10.0,pbp
401736253,,natasha mack,2.0,4.0,6.0,pbp
401736253,,natisha hiedeman,2.0,2.0,4.0,pbp
401736253,,sami whitcomb,9.0,0.0,9.0,pbp
401736254,,carla leite,5.0,0.0,5.0,pbp
401736254,,cecilia zandalasini,5.0,7.0,12.0,pbp
401736254,,erica wheeler,2.0,13.0,15.0,pbp
401736254,,ezi magbegor,3.0,0.0,3.0,pbp
401736254,,gabby williams,4.0,0.0,4.0,pbp
401736254,,janelle salaun,6.0,4.0,10.0,pbp
401736254,,kaitlyn chen,2.0,0.0,2.0,pbp
401736254,,kate martin,0.0,3.0,3.0,pbp
401736254,,kayla thornton,4.0,0.0,4.0,pbp
401736254,,laeticia amihere,0.0,4.0,4.0,pbp
401736254,,lexie brown,3.0,4.0,7.0,pbp
401736254,,monique billings,2.0,0.0,2.0,pbp
401736254,,nneka ogwumike,11.0,11.0,22.0,pbp
401736254,,skylar diggins,5.0,5.0,10.0,pbp
401736254,,temi fagbenle,5.0,0.0,5.0,pbp
401736254,,tiffany hayes,0.0,3.0,3.0,pbp
401736254,,tiffany mitchell,3.0,3.0,6.0,pbp
401736254,,veronica burton,2.0,6.0,8.0,pbp
401736255,,aari mcdonald,2.0,7.0,9.0,pbp
401736255,,aliyah boston,5.0,2.0,7.0,pbp
401736255,,breanna stewart,13.0,11.0,24.0,pbp
401736255,,damiris dantas,5.0,6.0,11.0,pbp
401736255,,isabelle harrison,4.0,5.0,9.0,pbp
401736255,,kelsey mitchell,13.0,3.0,16.0,pbp
401736255,,kennedy burke,3.0,3.0,6.0,pbp
401736255,,leonie fiebich,7.0,3.0,10.0,pbp
401736255,,lexie hull,0.0,5.0,5.0,pbp
401736255,,makayla timpson,0.0,8.0,8.0,pbp
401736255,,marine johannes,3.0,8.0,11.0,pbp
401736255,,natasha cloud,9.0,5.0,14.0,pbp
401736255,,natasha howard,8.0,0.0,8.0,pbp
401736255,,nyara sabally,0.0,2.0,2.0,pbp
401736255,,rebekah gardner,2.0,4.0,6.0,pbp
401736255,,sabrina ionescu,12.0,3.0,15.0,pbp
401736255,,sophie cunningham,5.0,7.0,12.0,pbp
401736256,,a'ja wilson,20.0,17.0,37.0,pbp
401736256,,aaliyah nye,6.0,6.0,12.0,pbp
401736256,,arike ogunbowale,6.0,3.0,9.0,pbp
401736256,,aziaha james,2.0,0.0,2.0,pbp
401736256,,chelsea gray,2.0,4.0,6.0,pbp
401736256,,dana evans,4.0,2.0,6.0,pbp
401736256,,haley jones,0.0,12.0,12.0,pbp
401736256,,jackie young,0.0,2.0,2.0,pbp
401736256,,jewell loyd,5.0,9.0,14.0,pbp
401736256,,jj quinerly,7.0,10.0,17.0,pbp
401736256,,li yueru,2.0,8.0,10.0,pbp
401736256,,luisa geiselsoder,14.0,0.0,14.0,pbp
401736256,,megan gustafson,5.0,0.0,5.0,pbp
401736256,,nalyssa smith,4.0,3.0,7.0,pbp
401736256,,paige bueckers,8.0,12.0,20.0,pbp
401736256,,teaira mccowan,2.0,0.0,2.0,pbp
401736257,,aaliyah edwards,4.0,3.0,7.0,pbp
401736257,,azura stevens,9.0,6.0,15.0,pbp
401736257,,brittney sykes,6.0,12.0,18.0,pbp
401736257,,dearica hamby,11.0,13.0,24.0,pbp
401736257,,jade melbourne,4.0,2.0,6.0,pbp
401736257,,julie allemand,3.0,5.0,8.0,pbp
401736257,,julie vanloo,3.0,0.0,3.0,pbp
401736257,,kelsey plum,2.0,9.0,11.0,pbp
401736257,,kiki iriafen,8.0,5.0,13.0,pbp
401736257,,lucy olsen,2.0,0.0,2.0,pbp
401736257,,rae burrell,7.0,0.0,7.0,pbp
401736257,,rickea jackson,2.0,20.0,22.0,pbp
401736257,,sarah ashlee barker,3.0,0.0,3.0,pbp
401736257,,shakira austin,7.0,10.0,17.0,pbp
401736257,,sonia citron,0.0,7.0,7.0,pbp
401736257,,stefanie dolson,2.0,6.0,8.0,pbp
401736257,,sug sutton,2.0,6.0,8.0,pbp
401736258,,aari mcdonald,5.0,0.0,5.0,pbp
401736258,,aliyah boston,8.0,7.0,15.0,pbp
401736258,,breanna stewart,6.0,11.0,17.0,pbp
401736258,,isabelle harrison,6.0,7.0,13.0,pbp
401736258,,jonquel jones,5.0,13.0,18.0,pbp
401736258,,kelsey mitchell,14.0,15.0,29.0,pbp
401736258,,kennedy burke,7.0,0.0,7.0,pbp
401736258,,leonie fiebich,7.0,10.0,17.0,pbp
401736258,,lexie hull,2.0,4.0,6.0,pbp
401736258,,marine johannes,3.0,0.0,3.0,pbp
401736258,,natasha cloud,5.0,5.0,10.0,pbp
401736258,,natasha howard,10.0,3.0,13.0,pbp
401736258,,sabrina ionescu,3.0,10.0,13.0,pbp
401736258,,sophie cunningham,6.0,9.0,15.0,pbp
401736259,,alanna smith,7.0,3.0,10.0,pbp
401736259,,anastasiia olairi kosu,0.0,1.0,1.0,pbp
401736259,,angel reese,7.0,4.0,11.0,pbp
401736259,,bridget carleton,8.0,3.0,11.0,pbp
401736259,,courtney williams,5.0,5.0,10.0,pbp
401736259,,diamond miller,2.0,6.0,8.0,pbp
401736259,,elizabeth williams,4.0,0.0,4.0,pbp
401736259,,hailey van lith,3.0,4.0,7.0,pbp
401736259,,jessica shepard,0.0,7.0,7.0,pbp
401736259,,kamilla cardoso,6.0,4.0,10.0,pbp
401736259,,kayla mcbride,12.0,7.0,19.0,pbp
401736259,,kia nurse,7.0,9.0,16.0,pbp
401736259,,maddy westbeld,2.0,7.0,9.0,pbp
401736259,,maria kliundikova,1.0,1.0,2.0,pbp
401736259,,napheesa collier,8.0,11.0,19.0,pbp
401736259,,natisha hiedeman,4.0,0.0,4.0,pbp
401736259,,rachel banham,6.0,2.0,8.0,pbp
401736259,,rebecca allen,3.0,0.0,3.0,pbp
401736260,,a'ja wilson,10.0,14.0,24.0,pbp
401736260,,aaliyah nye,0.0,2.0,2.0,pbp
401736260,,allisha gray,16.0,8.0,24.0,pbp
401736260,,brionna jones,2.0,5.0,7.0,pbp
401736260,,brittney griner,3.0,6.0,9.0,pbp
401736260,,chelsea gray,5.0,4.0,9.0,pbp
401736260,,dana evans,11.0,3.0,14.0,pbp
401736260,,jackie young,7.0,7.0,14.0,pbp
401736260,,jewell loyd,2.0,5.0,7.0,pbp
401736260,,jordin canada,8.0,4.0,12.0,pbp
401736260,,maya caldwell,2.0,0.0,2.0,pbp
401736260,,megan gustafson,3.0,3.0,6.0,pbp
401736260,,nalyssa smith,7.0,4.0,11.0,pbp
401736260,,naz hillmon,4.0,2.0,6.0,pbp
401736260,,shatori walker-kimbrough,4.0,3.0,7.0,pbp
401736260,,te-hina paopao,0.0,5.0,5.0,pbp
401736261,,arike ogunbowale,7.0,13.0,20.0,pbp
401736261,,aziaha james,2.0,5.0,7.0,pbp
401736261,,dijonai carrington,1.0,3.0,4.0,pbp
401736261,,erica wheeler,4.0,0.0,4.0,pbp
401736261,,ezi magbegor,6.0,6.0,12.0,pbp
401736261,,gabby williams,10.0,4.0,14.0,pbp
401736261,,haley jones,4.0,6.0,10.0,pbp
401736261,,jj quinerly,2.0,7.0,9.0,pbp
401736261,,lexie brown,2.0,0.0,2.0,pbp
401736261,,li yueru,3.0,5.0,8.0,pbp
401736261,,luisa geiselsoder,11.0,2.0,13.0,pbp
401736261,,nneka ogwumike,12.0,10.0,22.0,pbp
401736261,,paige bueckers,2.0,12.0,14.0,pbp
401736261,,teaira mccowan,2.0,0.0,2.0,pbp
401736261,,tiffany mitchell,0.0,2.0,2.0,pbp
401736261,,zia cooke,2.0,5.0,7.0,pbp
401736262,,allisha gray,13.0,15.0,28.0,pbp
401736262,,alyssa thomas,0.0,7.0,7.0,pbp
401736262,,brionna jones,4.0,4.0,8.0,pbp
401736262,,brittney griner,9.0,8.0,17.0,pbp
401736262,,dewanna bonner,7.0,11.0,18.0,pbp
401736262,,jordin canada,5.0,9.0,14.0,pbp
401736262,,kahleah copper,2.0,8.0,10.0,pbp
401736262,,kalani brown,0.0,4.0,4.0,pbp
401736262,,kathryn westbeld,2.0,1.0,3.0,pbp
401736262,,kitija laksa,2.0,0.0,2.0,pbp
401736262,,lexi held,3.0,0.0,3.0,pbp
401736262,,maya caldwell,0.0,3.0,3.0,pbp
401736262,,natasha mack,8.0,0.0,8.0,pbp
401736262,,naz hillmon,2.0,7.0,9.0,pbp
401736262,,sami whitcomb,5.0,6.0,11.0,pbp
401736262,,satou sabally,4.0,8.0,12.0,pbp
401736262,,shatori walker-kimbrough,6.0,5.0,11.0,pbp
401736263,,aneesah morrow,2.0,3.0,5.0,pbp
401736263,,azura stevens,11.0,6.0,17.0,pbp
401736263,,bria hartley,12.0,4.0,16.0,pbp
401736263,,dearica hamby,11.0,9.0,20.0,pbp
401736263,,emma cannon,0.0,3.0,3.0,pbp
401736263,,haley peters,0.0,3.0,3.0,pbp
401736263,,jacy sheldon,3.0,2.0,5.0,pbp
401736263,,julie allemand,0.0,12.0,12.0,pbp
401736263,,julie vanloo,6.0,3.0,9.0,pbp
401736263,,kelsey plum,11.0,19.0,30.0,pbp
401736263,,leila lacan,2.0,0.0,2.0,pbp
401736263,,lindsay allen,0.0,2.0,2.0,pbp
401736263,,marina mabrey,3.0,4.0,7.0,pbp
401736263,,olivia nelson-ododa,8.0,9.0,17.0,pbp
401736263,,rae burrell,2.0,4.0,6.0,pbp
401736263,,rickea jackson,4.0,0.0,4.0,pbp
401736263,,saniya rivers,0.0,5.0,5.0,pbp
401736263,,tina charles,14.0,10.0,24.0,pbp
401736264,,a'ja wilson,12.0,8.0,20.0,pbp
401736264,,aari mcdonald,3.0,6.0,9.0,pbp
401736264,,aliyah boston,7.0,6.0,13.0,pbp
401736264,,chelsea gray,4.0,5.0,9.0,pbp
401736264,,jackie young,13.0,6.0,19.0,pbp
401736264,,jewell loyd,4.0,4.0,8.0,pbp
401736264,,kelsey mitchell,7.0,14.0,21.0,pbp
401736264,,kierstan bell,4.0,0.0,4.0,pbp
401736264,,nalyssa smith,4.0,6.0,10.0,pbp
401736264,,natasha howard,7.0,11.0,18.0,pbp
401736264,,sophie cunningham,7.0,8.0,15.0,pbp
401736264,,sydney colson,4.0,0.0,4.0,pbp
401736265,,alysha clark,0.0,4.0,4.0,pbp
401736265,,dominique malonga,6.0,8.0,14.0,pbp
401736265,,elizabeth williams,4.0,7.0,11.0,pbp
401736265,,erica wheeler,6.0,7.0,13.0,pbp
401736265,,ezi magbegor,6.0,3.0,9.0,pbp
401736265,,gabby williams,3.0,7.0,10.0,pbp
401736265,,hailey van lith,2.0,6.0,8.0,pbp
401736265,,kamilla cardoso,9.0,4.0,13.0,pbp
401736265,,kia nurse,2.0,3.0,5.0,pbp
401736265,,lexie brown,0.0,12.0,12.0,pbp
401736265,,maddy westbeld,3.0,0.0,3.0,pbp
401736265,,marquesha davis,0.0,2.0,2.0,pbp
401736265,,nneka ogwumike,6.0,4.0,10.0,pbp
401736265,,rachel banham,6.0,7.0,13.0,pbp
401736265,,rebecca allen,0.0,2.0,2.0,pbp
401736265,,skylar diggins,12.0,9.0,21.0,pbp
401736265,,zia cooke,0.0,2.0,2.0,pbp
401736266,,alyssa thomas,15.0,5.0,20.0,pbp
401736266,,breanna stewart,4.0,2.0,6.0,pbp
401736266,,dewanna bonner,9.0,0.0,9.0,pbp
401736266,,jonquel jones,11.0,9.0,20.0,pbp
401736266,,kahleah copper,10.0,4.0,14.0,pbp
401736266,,kennedy burke,2.0,2.0,4.0,pbp
401736266,,leonie fiebich,7.0,6.0,13.0,pbp
401736266,,lexi held,0.0,3.0,3.0,pbp
401736266,,marine johannes,0.0,5.0,5.0,pbp
401736266,,monique akoa makani,3.0,6.0,9.0,pbp
401736266,,natasha cloud,8.0,2.0,10.0,pbp
401736266,,natasha mack,4.0,5.0,9.0,pbp
401736266,,sabrina ionescu,12.0,17.0,29.0,pbp
401736266,,sami whitcomb,3.0,3.0,6.0,pbp
401736266,,satou sabally,2.0,4.0,6.0,pbp
401736266,,stephanie talbot,2.0,0.0,2.0,pbp
401736267,,a'ja wilson,11.0,4.0,15.0,pbp
401736267,,aaliyah nye,3.0,4.0,7.0,pbp
401736267,,alanna smith,0.0,4.0,4.0,pbp
401736267,,anastasiia olairi kosu,0.0,5.0,5.0,pbp
401736267,,bridget carleton,8.0,6.0,14.0,pbp
401736267,,chelsea gray,7.0,2.0,9.0,pbp
401736267,,courtney williams,16.0,7.0,23.0,pbp
401736267,,dana evans,2.0,6.0,8.0,pbp
401736267,,diamond miller,4.0,3.0,7.0,pbp
401736267,,jackie young,8.0,6.0,14.0,pbp
401736267,,jessica shepard,2.0,8.0,10.0,pbp
401736267,,kayla mcbride,6.0,7.0,13.0,pbp
401736267,,kierstan bell,0.0,9.0,9.0,pbp
401736267,,maria kliundikova,2.0,0.0,2.0,pbp
401736267,,megan gustafson,0.0,8.0,8.0,pbp
401736267,,nalyssa smith,4.0,4.0,8.0,pbp
401736267,,napheesa collier,13.0,12.0,25.0,pbp
401736267,,natisha hiedeman,0.0,6.0,6.0,pbp
401736268,,arike ogunbowale,11.0,5.0,16.0,pbp
401736268,,aziaha james,5.0,8.0,13.0,pbp
401736268,,carla leite,3.0,11.0,14.0,pbp
401736268,,cecilia zandalasini,3.0,7.0,10.0,pbp
401736268,,dijonai carrington,4.0,0.0,4.0,pbp
401736268,,haley jones,4.0,6.0,10.0,pbp
401736268,,iliana rupert,0.0,9.0,9.0,pbp
401736268,,janelle salaun,8.0,8.0,16.0,pbp
401736268,,jj quinerly,3.0,0.0,3.0,pbp
401736268,,laeticia amihere,0.0,4.0,4.0,pbp
401736268,,li yueru,0.0,4.0,4.0,pbp
401736268,,luisa geiselsoder,4.0,5.0,9.0,pbp
401736268,,paige bueckers,5.0,12.0,17.0,pbp
401736268,,temi fagbenle,6.0,5.0,11.0,pbp
401736268,,tiffany hayes,8.0,9.0,17.0,pbp
401736268,,veronica burton,2.0,3.0,5.0,pbp
401736269,,aari mcdonald,10.0,0.0,10.0,pbp
401736269,,aliyah boston,8.0,6.0,14.0,pbp
401736269,,chloe bibby,8.0,0.0,8.0,pbp
401736269,,elizabeth williams,6.0,3.0,9.0,pbp
401736269,,kamilla cardoso,12.0,0.0,12.0,pbp
401736269,,kelsey mitchell,15.0,20.0,35.0,pbp
401736269,,kia nurse,5.0,9.0,14.0,pbp
401736269,,lexie hull,2.0,5.0,7.0,pbp
401736269,,maddy westbeld,2.0,2.0,4.0,pbp
401736269,,makayla timpson,6.0,8.0,14.0,pbp
401736269,,rachel banham,14.0,12.0,26.0,pbp
401736269,,rebecca allen,0.0,12.0,12.0,pbp
401736269,,sophie cunningham,2.0,3.0,5.0,pbp
401736270,,azura stevens,0.0,17.0,17.0,pbp
401736270,,breanna stewart,3.0,0.0,3.0,pbp
401736270,,dearica hamby,13.0,4.0,17.0,pbp
401736270,,isabelle harrison,3.0,4.0,7.0,pbp
401736270,,jonquel jones,8.0,6.0,14.0,pbp
401736270,,julie allemand,0.0,4.0,4.0,pbp
401736270,,julie vanloo,3.0,0.0,3.0,pbp
401736270,,kelsey plum,11.0,9.0,20.0,pbp
401736270,,kennedy burke,2.0,0.0,2.0,pbp
401736270,,leonie fiebich,4.0,6.0,10.0,pbp
401736270,,marine johannes,0.0,9.0,9.0,pbp
401736270,,natasha cloud,6.0,16.0,22.0,pbp
401736270,,rae burrell,9.0,3.0,12.0,pbp
401736270,,rebekah gardner,2.0,0.0,2.0,pbp
401736270,,rickea jackson,20.0,4.0,24.0,pbp
401736270,,sabrina ionescu,17.0,13.0,30.0,pbp
401736270,,sania feagin,2.0,2.0,4.0,pbp
401736271,,brittney sykes,7.0,4.0,11.0,pbp
401736271,,dominique malonga,2.0,6.0,8.0,pbp
401736271,,emily engstler,2.0,0.0,2.0,pbp
401736271,,erica wheeler,0.0,12.0,12.0,pbp
401736271,,ezi magbegor,8.0,0.0,8.0,pbp
401736271,,gabby williams,2.0,0.0,2.0,pbp
401736271,,jade melbourne,3.0,2.0,5.0,pbp
401736271,,kiki iriafen,4.0,3.0,7.0,pbp
401736271,,lexie brown,0.0,3.0,3.0,pbp
401736271,,lucy olsen,0.0,2.0,2.0,pbp
401736271,,nneka ogwumike,18.0,0.0,18.0,pbp
401736271,,shakira austin,6.0,8.0,14.0,pbp
401736271,,skylar diggins,5.0,0.0,5.0,pbp
401736271,,sonia citron,9.0,2.0,11.0,pbp
401736271,,stefanie dolson,2.0,2.0,4.0,pbp
401736271,,sug sutton,7.0,6.0,13.0,pbp
401736271,,tiffany mitchell,0.0,2.0,2.0,pbp
401736272,,aneesah morrow,4.0,4.0,8.0,pbp
401736272,,bria hartley,12.0,3.0,15.0,pbp
401736272,,carla leite,0.0,5.0,5.0,pbp
401736272,,haley peters,0.0,2.0,2.0,pbp
401736272,,iliana rupert,3.0,9.0,12.0,pbp
401736272,,jacy sheldon,5.0,8.0,13.0,pbp
401736272,,janelle salaun,9.0,0.0,9.0,pbp
401736272,,kaitlyn chen,0.0,3.0,3.0,pbp
401736272,,kate martin,6.0,3.0,9.0,pbp
401736272,,laeticia amihere,0.0,4.0,4.0,pbp
401736272,,leila lacan,0.0,8.0,8.0,pbp
401736272,,lindsay allen,0.0,3.0,3.0,pbp
401736272,,marina mabrey,12.0,3.0,15.0,pbp
401736272,,rayah marshall,0.0,2.0,2.0,pbp
401736272,,saniya rivers,3.0,2.0,5.0,pbp
401736272,,temi fagbenle,5.0,2.0,7.0,pbp
401736272,,tiffany hayes,4.0,0.0,4.0,pbp
401736272,,tina charles,13.0,11.0,24.0,pbp
401736272,,veronica burton,6.0,4.0,10.0,pbp
401736273,,a'ja wilson,10.0,4.0,14.0,pbp
401736273,,aaliyah nye,0.0,3.0,3.0,pbp
401736273,,arike ogunbowale,12.0,6.0,18.0,pbp
401736273,,aziaha james,2.0,3.0,5.0,pbp
401736273,,chelsea gray,7.0,3.0,10.0,pbp
401736273,,dana evans,4.0,1.0,5.0,pbp
401736273,,dijonai carrington,8.0,6.0,14.0,pbp
401736273,,haley jones,12.0,3.0,15.0,pbp
401736273,,jackie young,13.0,9.0,22.0,pbp
401736273,,jewell loyd,5.0,14.0,19.0,pbp
401736273,,jj quinerly,2.0,6.0,8.0,pbp
401736273,,kierstan bell,10.0,9.0,19.0,pbp
401736273,,li yueru,4.0,0.0,4.0,pbp
401736273,,luisa geiselsoder,4.0,0.0,4.0,pbp
401736273,,nalyssa smith,6.0,5.0,11.0,pbp
401736273,,teaira mccowan,0.0,12.0,12.0,pbp
401736274,,alyssa thomas,14.0,13.0,27.0,pbp
401736274,,dewanna bonner,2.0,0.0,2.0,pbp
401736274,,emily engstler,2.0,6.0,8.0,pbp
401736274,,jade melbourne,11.0,2.0,13.0,pbp
401736274,,kahleah copper,4.0,2.0,6.0,pbp
401736274,,kiki iriafen,4.0,2.0,6.0,pbp
401736274,,kitija laksa,7.0,6.0,13.0,pbp
401736274,,lexi held,0.0,2.0,2.0,pbp
401736274,,lucy olsen,0.0,3.0,3.0,pbp
401736274,,monique akoa makani,3.0,10.0,13.0,pbp
401736274,,natasha mack,4.0,6.0,10.0,pbp
401736274,,satou sabally,8.0,7.0,15.0,pbp
401736274,,shakira austin,14.0,6.0,20.0,pbp
401736274,,sonia citron,8.0,5.0,13.0,pbp
401736274,,stefanie dolson,3.0,2.0,5.0,pbp
401736274,,sug sutton,4.0,0.0,4.0,pbp
401736275,,alanna smith,7.0,5.0,12.0,pbp
401736275,,allisha gray,4.0,8.0,12.0,pbp
401736275,,brionna jones,7.0,0.0,7.0,pbp
401736275,,brittney griner,17.0,5.0,22.0,pbp
401736275,,courtney williams,5.0,6.0,11.0,pbp
401736275,,diamond miller,0.0,8.0,8.0,pbp
401736275,,jessica shepard,2.0,2.0,4.0,pbp
401736275,,jordin canada,6.0,12.0,18.0,pbp
401736275,,kayla mcbride,2.0,2.0,4.0,pbp
401736275,,maria kliundikova,5.0,0.0,5.0,pbp
401736275,,maya caldwell,4.0,5.0,9.0,pbp
401736275,,napheesa collier,11.0,21.0,32.0,pbp
401736275,,natisha hiedeman,0.0,10.0,10.0,pbp
401736275,,naz hillmon,5.0,2.0,7.0,pbp
401736275,,shatori walker-kimbrough,3.0,9.0,12.0,pbp
401736275,,te-hina paopao,0.0,3.0,3.0,pbp
401736276,,alysha clark,2.0,2.0,4.0,pbp
401736276,,aneesah morrow,9.0,0.0,9.0,pbp
401736276,,bria hartley,11.0,6.0,17.0,pbp
401736276,,dominique malonga,2.0,10.0,12.0,pbp
401736276,,erica wheeler,5.0,3.0,8.0,pbp
401736276,,ezi magbegor,8.0,2.0,10.0,pbp
401736276,,gabby williams,14.0,2.0,16.0,pbp
401736276,,jacy sheldon,3.0,8.0,11.0,pbp
401736276,,leila lacan,0.0,9.0,9.0,pbp
401736276,,lexie brown,0.0,3.0,3.0,pbp
401736276,,marina mabrey,6.0,2.0,8.0,pbp
401736276,,nneka ogwumike,15.0,11.0,26.0,pbp
401736276,,olivia nelson-ododa,4.0,6.0,10.0,pbp
401736276,,rayah marshall,0.0,5.0,5.0,pbp
401736276,,saniya rivers,2.0,3.0,5.0,pbp
401736276,,skylar diggins,5.0,6.0,11.0,pbp
401736276,,tiffany mitchell,3.0,0.0,3.0,pbp
401736276,,tina charles,11.0,0.0,11.0,pbp
401736276,,zia cooke,3.0,5.0,8.0,pbp
401736277,,arike ogunbowale,14.0,5.0,19.0,pbp
401736277,,aziaha james,0.0,3.0,3.0,pbp
401736277,,dijonai carrington,5.0,4.0,9.0,pbp
401736277,,grace berger,4.0,0.0,4.0,pbp
401736277,,haley jones,6.0,2.0,8.0,pbp
401736277,,isabelle harrison,4.0,6.0,10.0,pbp
401736277,,jj quinerly,2.0,0.0,2.0,pbp
401736277,,jonquel jones,9.0,9.0,18.0,pbp
401736277,,leonie fiebich,2.0,7.0,9.0,pbp
401736277,,li yueru,6.0,2.0,8.0,pbp
401736277,,luisa geiselsoder,12.0,2.0,14.0,pbp
401736277,,marine johannes,5.0,4.0,9.0,pbp
401736277,,myisha hines-allen,2.0,2.0,4.0,pbp
401736277,,natasha cloud,4.0,0.0,4.0,pbp
401736277,,paige bueckers,11.0,9.0,20.0,pbp
401736277,,rebekah gardner,5.0,0.0,5.0,pbp
401736277,,sabrina ionescu,1.0,16.0,17.0,pbp
401736277,,stephanie talbot,6.0,4.0,10.0,pbp
401736278,,allisha gray,7.0,5.0,12.0,pbp
401736278,,brionna jones,6.0,2.0,8.0,pbp
401736278,,brittney griner,4.0,5.0,9.0,pbp
401736278,,carla leite,7.0,5.0,12.0,pbp
401736278,,cecilia zandalasini,11.0,7.0,18.0,pbp
401736278,,janelle salaun,6.0,0.0,6.0,pbp
401736278,,jordin canada,9.0,12.0,21.0,pbp
401736278,,kate martin,0.0,3.0,3.0,pbp
401736278,,laeticia amihere,2.0,4.0,6.0,pbp
401736278,,maya caldwell,6.0,3.0,9.0,pbp
401736278,,monique billings,3.0,0.0,3.0,pbp
401736278,,naz hillmon,5.0,9.0,14.0,pbp
401736278,,te-hina paopao,2.0,0.0,2.0,pbp
401736278,,temi fagbenle,4.0,0.0,4.0,pbp
401736278,,tiffany hayes,4.0,11.0,15.0,pbp
401736278,,veronica burton,2.0,8.0,10.0,pbp
401736279,,angel reese,11.0,11.0,22.0,pbp
401736279,,brittney sykes,8.0,10.0,18.0,pbp
401736279,,elizabeth williams,2.0,0.0,2.0,pbp
401736279,,emily engstler,3.0,2.0,5.0,pbp
401736279,,jade melbourne,0.0,6.0,6.0,pbp
401736279,,kamilla cardoso,10.0,11.0,21.0,pbp
401736279,,kia nurse,4.0,3.0,7.0,pbp
401736279,,kiki iriafen,11.0,11.0,22.0,pbp
401736279,,lucy olsen,3.0,3.0,6.0,pbp
401736279,,michaela onyenwere,2.0,3.0,5.0,pbp
401736279,,rachel banham,8.0,11.0,19.0,pbp
401736279,,rebecca allen,9.0,0.0,9.0,pbp
401736279,,shakira austin,4.0,2.0,6.0,pbp
401736279,,sonia citron,19.0,9.0,28.0,pbp
401736279,,stefanie dolson,4.0,0.0,4.0,pbp
401736279,,sug sutton,3.0,5.0,8.0,pbp
401736280,,a'ja wilson,23.0,11.0,34.0,pbp
401736280,,aaliyah nye,0.0,3.0,3.0,pbp
401736280,,azura stevens,5.0,4.0,9.0,pbp
401736280,,cameron brink,3.0,2.0,5.0,pbp
401736280,,chelsea gray,0.0,5.0,5.0,pbp
401736280,,dana evans,2.0,8.0,10.0,pbp
401736280,,dearica hamby,11.0,4.0,15.0,pbp
401736280,,jackie young,11.0,7.0,18.0,pbp
401736280,,jewell loyd,5.0,3.0,8.0,pbp
401736280,,kelsey plum,7.0,15.0,22.0,pbp
401736280,,kierstan bell,3.0,0.0,3.0,pbp
401736280,,nalyssa smith,4.0,4.0,8.0,pbp
401736280,,rae burrell,4.0,13.0,17.0,pbp
401736280,,rickea jackson,4.0,2.0,6.0,pbp
401736281,,aari mcdonald,17.0,10.0,27.0,pbp
401736281,,aliyah boston,5.0,17.0,22.0,pbp
401736281,,alyssa thomas,14.0,18.0,32.0,pbp
401736281,,chloe bibby,7.0,3.0,10.0,pbp
401736281,,damiris dantas,3.0,9.0,12.0,pbp
401736281,,dewanna bonner,2.0,2.0,4.0,pbp
401736281,,kahleah copper,12.0,10.0,22.0,pbp
401736281,,kathryn westbeld,6.0,0.0,6.0,pbp
401736281,,kelsey mitchell,8.0,0.0,8.0,pbp
401736281,,lexi held,2.0,2.0,4.0,pbp
401736281,,lexie hull,2.0,0.0,2.0,pbp
401736281,,monique akoa makani,2.0,0.0,2.0,pbp
401736281,,natasha howard,2.0,4.0,6.0,pbp
401736281,,natasha mack,2.0,2.0,4.0,pbp
401736281,,sami whitcomb,3.0,15.0,18.0,pbp
401736281,,satou sabally,7.0,2.0,9.0,pbp
401736281,,sophie cunningham,3.0,9.0,12.0,pbp
401736281,,sydney colson,8.0,0.0,8.0,pbp
401736282,,allisha gray,13.0,2.0,15.0,pbp
401736282,,arike ogunbowale,6.0,6.0,12.0,pbp
401736282,,aziaha james,2.0,0.0,2.0,pbp
401736282,,brionna jones,2.0,12.0,14.0,pbp
401736282,,brittney griner,4.0,0.0,4.0,pbp
401736282,,dijonai carrington,0.0,8.0,8.0,pbp
401736282,,haley jones,7.0,5.0,12.0,pbp
401736282,,jj quinerly,2.0,3.0,5.0,pbp
401736282,,li yueru,3.0,4.0,7.0,pbp
401736282,,luisa geiselsoder,8.0,5.0,13.0,pbp
401736282,,maya caldwell,7.0,6.0,13.0,pbp
401736282,,myisha hines-allen,2.0,3.0,5.0,pbp
401736282,,naz hillmon,3.0,18.0,21.0,pbp
401736282,,nia coffey,7.0,0.0,7.0,pbp
401736282,,paige bueckers,10.0,11.0,21.0,pbp
401736282,,shatori walker-kimbrough,3.0,0.0,3.0,pbp
401736282,,te-hina paopao,5.0,6.0,11.0,pbp
401736283,,alanna smith,12.0,0.0,12.0,pbp
401736283,,bridget carleton,4.0,6.0,10.0,pbp
401736283,,courtney williams,0.0,6.0,6.0,pbp
401736283,,isabelle harrison,4.0,11.0,15.0,pbp
401736283,,jessica shepard,6.0,2.0,8.0,pbp
401736283,,jonquel jones,7.0,5.0,12.0,pbp
401736283,,kayla mcbride,8.0,16.0,24.0,pbp
401736283,,leonie fiebich,0.0,6.0,6.0,pbp
401736283,,marine johannes,8.0,6.0,14.0,pbp
401736283,,napheesa collier,19.0,11.0,30.0,pbp
401736283,,natasha cloud,10.0,2.0,12.0,pbp
401736283,,natisha hiedeman,2.0,8.0,10.0,pbp
401736283,,sabrina ionescu,10.0,19.0,29.0,pbp
401736283,,stephanie talbot,3.0,0.0,3.0,pbp
401736284,,brittney sykes,2.0,6.0,8.0,pbp
401736284,,carla leite,1.0,3.0,4.0,pbp
401736284,,emily engstler,0.0,5.0,5.0,pbp
401736284,,iliana rupert,11.0,0.0,11.0,pbp
401736284,,jade melbourne,6.0,0.0,6.0,pbp
401736284,,janelle salaun,4.0,5.0,9.0,pbp
401736284,,kaitlyn chen,0.0,2.0,2.0,pbp
401736284,,kate martin,9.0,5.0,14.0,pbp
401736284,,kiki iriafen,8.0,2.0,10.0,pbp
401736284,,laeticia amihere,3.0,5.0,8.0,pbp
401736284,,lucy olsen,2.0,3.0,5.0,pbp
401736284,,shakira austin,5.0,5.0,10.0,pbp
401736284,,sonia citron,6.0,10.0,16.0,pbp
401736284,,sug sutton,5.0,2.0,7.0,pbp
401736284,,temi fagbenle,8.0,2.0,10.0,pbp
401736284,,veronica burton,10.0,0.0,10.0,pbp
401736285,,allisha gray,16.0,10.0,26.0,pbp
401736285,,alyssa thomas,8.0,4.0,12.0,pbp
401736285,,brionna jones,12.0,4.0,16.0,pbp
401736285,,dewanna bonner,0.0,7.0,7.0,pbp
401736285,,jordin canada,2.0,6.0,8.0,pbp
401736285,,kahleah copper,15.0,4.0,19.0,pbp
401736285,,kalani brown,0.0,6.0,6.0,pbp
401736285,,kathryn westbeld,3.0,0.0,3.0,pbp
401736285,,lexi held,3.0,0.0,3.0,pbp
401736285,,maya caldwell,14.0,0.0,14.0,pbp
401736285,,monique akoa makani,0.0,7.0,7.0,pbp
401736285,,natasha mack,0.0,2.0,2.0,pbp
401736285,,naz hillmon,7.0,11.0,18.0,pbp
401736285,,nia coffey,4.0,0.0,4.0,pbp
401736285,,sami whitcomb,4.0,0.0,4.0,pbp
401736285,,satou sabally,9.0,0.0,9.0,pbp
401736285,,taylor thierry,0.0,2.0,2.0,pbp
401736285,,te-hina paopao,3.0,4.0,7.0,pbp
401736286,,aneesah morrow,0.0,4.0,4.0,pbp
401736286,,bria hartley,3.0,1.0,4.0,pbp
401736286,,isabelle harrison,2.0,4.0,6.0,pbp
401736286,,jonquel jones,6.0,8.0,14.0,pbp
401736286,,leila lacan,11.0,5.0,16.0,pbp
401736286,,leonie fiebich,2.0,0.0,2.0,pbp
401736286,,marina mabrey,7.0,11.0,18.0,pbp
401736286,,natasha cloud,7.0,0.0,7.0,pbp
401736286,,olivia nelson-ododa,8.0,8.0,16.0,pbp
401736286,,rebekah gardner,5.0,0.0,5.0,pbp
401736286,,sabrina ionescu,11.0,11.0,22.0,pbp
401736286,,saniya rivers,3.0,2.0,5.0,pbp
401736286,,stephanie talbot,3.0,2.0,5.0,pbp
401736286,,tina charles,12.0,3.0,15.0,pbp
401736287,,carla leite,9.0,2.0,11.0,pbp
401736287,,elizabeth williams,7.0,8.0,15.0,pbp
401736287,,iliana rupert,5.0,9.0,14.0,pbp
401736287,,janelle salaun,7.0,9.0,16.0,pbp
401736287,,kaila charles,3.0,2.0,5.0,pbp
401736287,,kamilla cardoso,5.0,9.0,14.0,pbp
401736287,,kate martin,0.0,3.0,3.0,pbp
401736287,,kia nurse,7.0,3.0,10.0,pbp
401736287,,laeticia amihere,2.0,0.0,2.0,pbp
401736287,,maddy westbeld,2.0,0.0,2.0,pbp
401736287,,michaela onyenwere,3.0,0.0,3.0,pbp
401736287,,rachel banham,7.0,7.0,14.0,pbp
401736287,,rebecca allen,3.0,0.0,3.0,pbp
401736287,,sevgi uzun,3.0,2.0,5.0,pbp
401736287,,temi fagbenle,4.0,0.0,4.0,pbp
401736287,,veronica burton,7.0,11.0,18.0,pbp
401736288,,aari mcdonald,5.0,10.0,15.0,pbp
401736288,,aliyah boston,8.0,4.0,12.0,pbp
401736288,,arike ogunbowale,6.0,2.0,8.0,pbp
401736288,,aziaha james,4.0,5.0,9.0,pbp
401736288,,chloe bibby,6.0,0.0,6.0,pbp
401736288,,damiris dantas,2.0,3.0,5.0,pbp
401736288,,dijonai carrington,4.0,0.0,4.0,pbp
401736288,,haley jones,2.0,5.0,7.0,pbp
401736288,,jj quinerly,2.0,4.0,6.0,pbp
401736288,,kelsey mitchell,9.0,14.0,23.0,pbp
401736288,,lexie hull,2.0,5.0,7.0,pbp
401736288,,li yueru,0.0,3.0,3.0,pbp
401736288,,luisa geiselsoder,2.0,2.0,4.0,pbp
401736288,,myisha hines-allen,7.0,2.0,9.0,pbp
401736288,,natasha howard,9.0,2.0,11.0,pbp
401736288,,paige bueckers,15.0,7.0,22.0,pbp
401736288,,sophie cunningham,4.0,2.0,6.0,pbp
401736288,,sydney colson,3.0,0.0,3.0,pbp
401736288,,teaira mccowan,0.0,6.0,6.0,pbp
401736289,,azura stevens,9.0,12.0,21.0,pbp
401736289,,cameron brink,0.0,7.0,7.0,pbp
401736289,,dearica hamby,12.0,9.0,21.0,pbp
401736289,,dominique malonga,6.0,0.0,6.0,pbp
401736289,,erica wheeler,6.0,9.0,15.0,pbp
401736289,,ezi magbegor,0.0,9.0,9.0,pbp
401736289,,gabby williams,0.0,14.0,14.0,pbp
401736289,,julie allemand,2.0,6.0,8.0,pbp
401736289,,kelsey plum,2.0,20.0,22.0,pbp
401736289,,lexie brown,5.0,0.0,5.0,pbp
401736289,,nneka ogwumike,13.0,24.0,37.0,pbp
401736289,,rae burrell,0.0,2.0,2.0,pbp
401736289,,rickea jackson,11.0,16.0,27.0,pbp
401736289,,skylar diggins,9.0,9.0,18.0,pbp
401736289,,tiffany mitchell,0.0,2.0,2.0,pbp
401736290,,a'ja wilson,6.0,4.0,10.0,pbp
401736290,,aaliyah nye,3.0,3.0,6.0,pbp
401736290,,alanna smith,5.0,2.0,7.0,pbp
401736290,,anastasiia olairi kosu,0.0,4.0,4.0,pbp
401736290,,bridget carleton,6.0,0.0,6.0,pbp
401736290,,chelsea gray,3.0,0.0,3.0,pbp
401736290,,courtney williams,9.0,0.0,9.0,pbp
401736290,,dana evans,0.0,1.0,1.0,pbp
401736290,,jackie young,6.0,0.0,6.0,pbp
401736290,,jessica shepard,14.0,4.0,18.0,pbp
401736290,,jewell loyd,10.0,2.0,12.0,pbp
401736290,,kayla mcbride,23.0,0.0,23.0,pbp
401736290,,kiah stokes,0.0,3.0,3.0,pbp
401736290,,kierstan bell,0.0,4.0,4.0,pbp
401736290,,maria kliundikova,0.0,8.0,8.0,pbp
401736290,,megan gustafson,0.0,6.0,6.0,pbp
401736290,,nalyssa smith,5.0,2.0,7.0,pbp
401736290,,napheesa collier,4.0,14.0,18.0,pbp
401736290,,natisha hiedeman,5.0,12.0,17.0,pbp
401736291,,allisha gray,12.0,10.0,22.0,pbp
401736291,,brionna jones,5.0,18.0,23.0,pbp
401736291,,brittney sykes,6.0,0.0,6.0,pbp
401736291,,emily engstler,4.0,0.0,4.0,pbp
401736291,,jade melbourne,2.0,0.0,2.0,pbp
401736291,,jordin canada,8.0,8.0,16.0,pbp
401736291,,kiki iriafen,10.0,12.0,22.0,pbp
401736291,,lucy olsen,0.0,2.0,2.0,pbp
401736291,,maya caldwell,0.0,2.0,2.0,pbp
401736291,,naz hillmon,5.0,9.0,14.0,pbp
401736291,,nia coffey,5.0,10.0,15.0,pbp
401736291,,shakira austin,6.0,10.0,16.0,pbp
401736291,,sonia citron,3.0,13.0,16.0,pbp
401736291,,stefanie dolson,2.0,0.0,2.0,pbp
401736291,,sug sutton,6.0,7.0,13.0,pbp
401736291,,te-hina paopao,5.0,2.0,7.0,pbp
401736292,,aneesah morrow,8.0,8.0,16.0,pbp
401736292,,bria hartley,6.0,6.0,12.0,pbp
401736292,,emma meesseman,0.0,11.0,11.0,pbp
401736292,,isabelle harrison,0.0,2.0,2.0,pbp
401736292,,jacy sheldon,2.0,2.0,4.0,pbp
401736292,,jonquel jones,13.0,8.0,21.0,pbp
401736292,,leila lacan,4.0,0.0,4.0,pbp
401736292,,leonie fiebich,2.0,3.0,5.0,pbp
401736292,,marina mabrey,5.0,5.0,10.0,pbp
401736292,,marine johannes,3.0,0.0,3.0,pbp
401736292,,natasha cloud,3.0,0.0,3.0,pbp
401736292,,olivia nelson-ododa,3.0,5.0,8.0,pbp
401736292,,rebekah gardner,4.0,2.0,6.0,pbp
401736292,,sabrina ionescu,20.0,16.0,36.0,pbp
401736292,,saniya rivers,2.0,5.0,7.0,pbp
401736292,,tina charles,8.0,9.0,17.0,pbp
401736293,,alyssa thomas,6.0,4.0,10.0,pbp
401736293,,dewanna bonner,2.0,4.0,6.0,pbp
401736293,,elizabeth williams,4.0,11.0,15.0,pbp
401736293,,hailey van lith,0.0,5.0,5.0,pbp
401736293,,kahleah copper,12.0,13.0,25.0,pbp
401736293,,kalani brown,0.0,5.0,5.0,pbp
401736293,,kamilla cardoso,10.0,2.0,12.0,pbp
401736293,,kia nurse,4.0,1.0,5.0,pbp
401736293,,kitija laksa,2.0,2.0,4.0,pbp
401736293,,lexi held,3.0,2.0,5.0,pbp
401736293,,maddy westbeld,6.0,3.0,9.0,pbp
401736293,,michaela onyenwere,6.0,7.0,13.0,pbp
401736293,,monique akoa makani,8.0,0.0,8.0,pbp
401736293,,natasha mack,4.0,5.0,9.0,pbp
401736293,,rachel banham,0.0,2.0,2.0,pbp
401736293,,rebecca allen,2.0,2.0,4.0,pbp
401736293,,sami whitcomb,5.0,6.0,11.0,pbp
401736293,,sevgi uzun,2.0,0.0,2.0,pbp
401736294,,a'ja wilson,10.0,4.0,14.0,pbp
401736294,,aaliyah nye,3.0,5.0,8.0,pbp
401736294,,carla leite,4.0,10.0,14.0,pbp
401736294,,chelsea gray,8.0,3.0,11.0,pbp
401736294,,dana evans,5.0,2.0,7.0,pbp
401736294,,iliana rupert,4.0,13.0,17.0,pbp
401736294,,jackie young,5.0,15.0,20.0,pbp
401736294,,janelle salaun,6.0,0.0,6.0,pbp
401736294,,jewell loyd,13.0,14.0,27.0,pbp
401736294,,kaila charles,0.0,13.0,13.0,pbp
401736294,,kaitlyn chen,0.0,3.0,3.0,pbp
401736294,,kate martin,0.0,2.0,2.0,pbp
401736294,,kierstan bell,2.0,0.0,2.0,pbp
401736294,,laeticia amihere,6.0,8.0,14.0,pbp
401736294,,megan gustafson,0.0,8.0,8.0,pbp
401736294,,nalyssa smith,4.0,0.0,4.0,pbp
401736294,,veronica burton,5.0,3.0,8.0,pbp
401736295,,aari mcdonald,4.0,5.0,9.0,pbp
401736295,,aliyah boston,6.0,10.0,16.0,pbp
401736295,,damiris dantas,6.0,0.0,6.0,pbp
401736295,,dominique malonga,4.0,8.0,12.0,pbp
401736295,,erica wheeler,4.0,5.0,9.0,pbp
401736295,,ezi magbegor,4.0,4.0,8.0,pbp
401736295,,gabby williams,6.0,6.0,12.0,pbp
401736295,,kelsey mitchell,4.0,5.0,9.0,pbp
401736295,,natasha howard,12.0,9.0,21.0,pbp
401736295,,nneka ogwumike,7.0,9.0,16.0,pbp
401736295,,skylar diggins,7.0,6.0,13.0,pbp
401736295,,sophie cunningham,9.0,7.0,16.0,pbp
401736295,,tiffany mitchell,2.0,2.0,4.0,pbp
401736296,,arike ogunbowale,5.0,9.0,14.0,pbp
401736296,,aziaha james,2.0,2.0,4.0,pbp
401736296,,emma meesseman,5.0,8.0,13.0,pbp
401736296,,grace berger,2.0,0.0,2.0,pbp
401736296,,haley jones,2.0,9.0,11.0,pbp
401736296,,isabelle harrison,4.0,0.0,4.0,pbp
401736296,,jj quinerly,2.0,0.0,2.0,pbp
401736296,,jonquel jones,10.0,5.0,15.0,pbp
401736296,,leonie fiebich,6.0,8.0,14.0,pbp
401736296,,li yueru,3.0,1.0,4.0,pbp
401736296,,luisa geiselsoder,5.0,0.0,5.0,pbp
401736296,,maddy siegrist,7.0,6.0,13.0,pbp
401736296,,marine johannes,0.0,2.0,2.0,pbp
401736296,,natasha cloud,3.0,9.0,12.0,pbp
401736296,,paige bueckers,7.0,14.0,21.0,pbp
401736296,,rebekah gardner,3.0,0.0,3.0,pbp
401736296,,sabrina ionescu,3.0,6.0,9.0,pbp
401736296,,stephanie talbot,3.0,10.0,13.0,pbp
401736297,,aaliyah edwards,0.0,3.0,3.0,pbp
401736297,,ariel atkins,2.0,13.0,15.0,pbp
401736297,,elizabeth williams,8.0,10.0,18.0,pbp
401736297,,emily engstler,3.0,2.0,5.0,pbp
401736297,,jade melbourne,2.0,6.0,8.0,pbp
401736297,,kamilla cardoso,12.0,4.0,16.0,pbp
401736297,,kia nurse,4.0,0.0,4.0,pbp
401736297,,kiki iriafen,6.0,4.0,10.0,pbp
401736297,,lucy olsen,2.0,5.0,7.0,pbp
401736297,,maddy westbeld,0.0,2.0,2.0,pbp
401736297,,michaela onyenwere,7.0,5.0,12.0,pbp
401736297,,rachel banham,0.0,5.0,5.0,pbp
401736297,,sevgi uzun,2.0,4.0,6.0,pbp
401736297,,shakira austin,4.0,4.0,8.0,pbp
401736297,,sonia citron,3.0,10.0,13.0,pbp
401736297,,stefanie dolson,0.0,2.0,2.0,pbp
401736297,,sug sutton,8.0,0.0,8.0,pbp
401736298,,aari mcdonald,2.0,13.0,15.0,pbp
401736298,,aliyah boston,8.0,7.0,15.0,pbp
401736298,,azura stevens,8.0,11.0,19.0,pbp
401736298,,damiris dantas,2.0,0.0,2.0,pbp
401736298,,dearica hamby,14.0,2.0,16.0,pbp
401736298,,julie allemand,2.0,3.0,5.0,pbp
401736298,,julie vanloo,3.0,0.0,3.0,pbp
401736298,,kelsey mitchell,13.0,21.0,34.0,pbp
401736298,,kelsey plum,14.0,11.0,25.0,pbp
401736298,,natasha howard,10.0,7.0,17.0,pbp
401736298,,rae burrell,5.0,2.0,7.0,pbp
401736298,,rickea jackson,8.0,17.0,25.0,pbp
401736298,,sophie cunningham,8.0,0.0,8.0,pbp
401736299,,alyssa thomas,8.0,5.0,13.0,pbp
401736299,,bria hartley,2.0,5.0,7.0,pbp
401736299,,dewanna bonner,13.0,5.0,18.0,pbp
401736299,,jacy sheldon,0.0,7.0,7.0,pbp
401736299,,kahleah copper,7.0,8.0,15.0,pbp
401736299,,kathryn westbeld,1.0,0.0,1.0,pbp
401736299,,leila lacan,4.0,6.0,10.0,pbp
401736299,,mamignan toure,0.0,2.0,2.0,pbp
401736299,,marina mabrey,11.0,7.0,18.0,pbp
401736299,,monique akoa makani,6.0,3.0,9.0,pbp
401736299,,olivia nelson-ododa,0.0,4.0,4.0,pbp
401736299,,sami whitcomb,0.0,3.0,3.0,pbp
401736299,,saniya rivers,2.0,0.0,2.0,pbp
401736299,,satou sabally,9.0,14.0,23.0,pbp
401736299,,tina charles,9.0,7.0,16.0,pbp
401736300,,alanna smith,3.0,3.0,6.0,pbp
401736300,,bridget carleton,0.0,11.0,11.0,pbp
401736300,,courtney williams,6.0,14.0,20.0,pbp
401736300,,dijonai carrington,1.0,12.0,13.0,pbp
401736300,,dominique malonga,8.0,4.0,12.0,pbp
401736300,,erica wheeler,12.0,7.0,19.0,pbp
401736300,,ezi magbegor,2.0,6.0,8.0,pbp
401736300,,gabby williams,5.0,4.0,9.0,pbp
401736300,,jessica shepard,6.0,7.0,13.0,pbp
401736300,,kayla mcbride,8.0,6.0,14.0,pbp
401736300,,maria kliundikova,6.0,2.0,8.0,pbp
401736300,,natisha hiedeman,5.0,0.0,5.0,pbp
401736300,,nneka ogwumike,10.0,13.0,23.0,pbp
401736300,,skylar diggins,4.0,7.0,11.0,pbp
401736300,,tiffany mitchell,2.0,3.0,5.0,pbp
401736301,,a'ja wilson,14.0,13.0,27.0,pbp
401736301,,carla leite,7.0,4.0,11.0,pbp
401736301,,cecilia zandalasini,5.0,2.0,7.0,pbp
401736301,,chelsea gray,6.0,2.0,8.0,pbp
401736301,,dana evans,0.0,4.0,4.0,pbp
401736301,,iliana rupert,0.0,2.0,2.0,pbp
401736301,,jackie young,7.0,7.0,14.0,pbp
401736301,,janelle salaun,6.0,7.0,13.0,pbp
401736301,,jewell loyd,5.0,9.0,14.0,pbp
401736301,,kaila charles,7.0,4.0,11.0,pbp
401736301,,kierstan bell,3.0,0.0,3.0,pbp
401736301,,nalyssa smith,8.0,0.0,8.0,pbp
401736301,,temi fagbenle,6.0,2.0,8.0,pbp
401736301,,tiffany hayes,4.0,10.0,14.0,pbp
401736301,,veronica burton,3.0,3.0,6.0,pbp
401736302,,allisha gray,11.0,14.0,25.0,pbp
401736302,,ariel atkins,4.0,4.0,8.0,pbp
401736302,,brionna jones,5.0,3.0,8.0,pbp
401736302,,elizabeth williams,2.0,6.0,8.0,pbp
401736302,,jordin canada,7.0,10.0,17.0,pbp
401736302,,kamilla cardoso,8.0,4.0,12.0,pbp
401736302,,kia nurse,0.0,2.0,2.0,pbp
401736302,,maddy westbeld,4.0,2.0,6.0,pbp
401736302,,michaela onyenwere,2.0,0.0,2.0,pbp
401736302,,naz hillmon,2.0,5.0,7.0,pbp
401736302,,nia coffey,0.0,10.0,10.0,pbp
401736302,,rachel banham,11.0,7.0,18.0,pbp
401736302,,rebecca allen,3.0,2.0,5.0,pbp
401736302,,sevgi uzun,0.0,4.0,4.0,pbp
401736302,,shatori walker-kimbrough,0.0,7.0,7.0,pbp
401736302,,te-hina paopao,3.0,9.0,12.0,pbp
401736303,,aneesah morrow,6.0,0.0,6.0,pbp
401736303,,azura stevens,3.0,7.0,10.0,pbp
401736303,,bria hartley,11.0,5.0,16.0,pbp
401736303,,cameron brink,2.0,9.0,11.0,pbp
401736303,,dearica hamby,13.0,8.0,21.0,pbp
401736303,,julie allemand,6.0,4.0,10.0,pbp
401736303,,julie vanloo,3.0,0.0,3.0,pbp
401736303,,kelsey plum,1.0,17.0,18.0,pbp
401736303,,leila lacan,4.0,6.0,10.0,pbp
401736303,,mamignan toure,6.0,0.0,6.0,pbp
401736303,,marina mabrey,4.0,15.0,19.0,pbp
401736303,,olivia nelson-ododa,1.0,7.0,8.0,pbp
401736303,,rae burrell,4.0,5.0,9.0,pbp
401736303,,rickea jackson,17.0,3.0,20.0,pbp
401736303,,saniya rivers,7.0,0.0,7.0,pbp
401736303,,tina charles,12.0,7.0,19.0,pbp
401736304,,aari mcdonald,2.0,2.0,4.0,pbp
401736304,,aliyah boston,0.0,4.0,4.0,pbp
401736304,,alyssa thomas,10.0,8.0,18.0,pbp
401736304,,brianna turner,0.0,2.0,2.0,pbp
401736304,,damiris dantas,2.0,4.0,6.0,pbp
401736304,,dewanna bonner,9.0,14.0,23.0,pbp
401736304,,kahleah copper,8.0,3.0,11.0,pbp
401736304,,kathryn westbeld,0.0,3.0,3.0,pbp
401736304,,kelsey mitchell,8.0,4.0,12.0,pbp
401736304,,kitija laksa,0.0,3.0,3.0,pbp
401736304,,lexi held,0.0,5.0,5.0,pbp
401736304,,lexie hull,0.0,2.0,2.0,pbp
401736304,,makayla timpson,5.0,0.0,5.0,pbp
401736304,,monique akoa makani,5.0,0.0,5.0,pbp
401736304,,natasha howard,7.0,0.0,7.0,pbp
401736304,,natasha mack,0.0,4.0,4.0,pbp
401736304,,sami whitcomb,5.0,3.0,8.0,pbp
401736304,,satou sabally,10.0,5.0,15.0,pbp
401736304,,sophie cunningham,11.0,5.0,16.0,pbp
401736305,,arike ogunbowale,3.0,14.0,17.0,pbp
401736305,,aziaha james,3.0,0.0,3.0,pbp
401736305,,diamond miller,6.0,1.0,7.0,pbp
401736305,,emma meesseman,14.0,0.0,14.0,pbp
401736305,,grace berger,2.0,4.0,6.0,pbp
401736305,,haley jones,2.0,2.0,4.0,pbp
401736305,,isabelle harrison,6.0,2.0,8.0,pbp
401736305,,jj quinerly,4.0,0.0,4.0,pbp
401736305,,jonquel jones,6.0,8.0,14.0,pbp
401736305,,leonie fiebich,6.0,8.0,14.0,pbp
401736305,,li yueru,3.0,0.0,3.0,pbp
401736305,,luisa geiselsoder,2.0,4.0,6.0,pbp
401736305,,maddy siegrist,4.0,11.0,15.0,pbp
401736305,,marine johannes,0.0,10.0,10.0,pbp
401736305,,myisha hines-allen,5.0,7.0,12.0,pbp
401736305,,natasha cloud,8.0,2.0,10.0,pbp
401736305,,sabrina ionescu,8.0,8.0,16.0,pbp
401736305,,stephanie talbot,2.0,0.0,2.0,pbp
401736306,,alanna smith,7.0,18.0,25.0,pbp
401736306,,alysha clark,0.0,3.0,3.0,pbp
401736306,,bridget carleton,2.0,0.0,2.0,pbp
401736306,,courtney williams,8.0,6.0,14.0,pbp
401736306,,dijonai carrington,4.0,8.0,12.0,pbp
401736306,,emily engstler,2.0,3.0,5.0,pbp
401736306,,jessica shepard,3.0,1.0,4.0,pbp
401736306,,kayla mcbride,4.0,7.0,11.0,pbp
401736306,,kiki iriafen,6.0,6.0,12.0,pbp
401736306,,lucy olsen,6.0,0.0,6.0,pbp
401736306,,maria kliundikova,5.0,0.0,5.0,pbp
401736306,,natisha hiedeman,5.0,2.0,7.0,pbp
401736306,,shakira austin,8.0,4.0,12.0,pbp
401736306,,sonia citron,7.0,19.0,26.0,pbp
401736306,,stefanie dolson,6.0,2.0,8.0,pbp
401736306,,sug sutton,0.0,4.0,4.0,pbp
401736307,,a'ja wilson,18.0,11.0,29.0,pbp
401736307,,brittney sykes,3.0,11.0,14.0,pbp
401736307,,chelsea gray,10.0,3.0,13.0,pbp
401736307,,dana evans,2.0,0.0,2.0,pbp
401736307,,dominique malonga,4.0,18.0,22.0,pbp
401736307,,erica wheeler,8.0,8.0,16.0,pbp
401736307,,ezi magbegor,8.0,0.0,8.0,pbp
401736307,,gabby williams,5.0,9.0,14.0,pbp
401736307,,jackie young,7.0,19.0,26.0,pbp
401736307,,jewell loyd,4.0,6.0,10.0,pbp
401736307,,nalyssa smith,6.0,4.0,10.0,pbp
401736307,,nneka ogwumike,8.0,4.0,12.0,pbp
401736308,,alissa pili,0.0,1.0,1.0,pbp
401736308,,azura stevens,3.0,1.0,4.0,pbp
401736308,,cameron brink,2.0,3.0,5.0,pbp
401736308,,carla leite,2.0,7.0,9.0,pbp
401736308,,cecilia zandalasini,13.0,0.0,13.0,pbp
401736308,,dearica hamby,0.0,15.0,15.0,pbp
401736308,,iliana rupert,0.0,4.0,4.0,pbp
401736308,,janelle salaun,5.0,6.0,11.0,pbp
401736308,,julie allemand,3.0,7.0,10.0,pbp
401736308,,julie vanloo,0.0,2.0,2.0,pbp
401736308,,kaila charles,0.0,2.0,2.0,pbp
401736308,,kelsey plum,0.0,4.0,4.0,pbp
401736308,,rae burrell,7.0,3.0,10.0,pbp
401736308,,rickea jackson,8.0,0.0,8.0,pbp
401736308,,temi fagbenle,4.0,4.0,8.0,pbp
401736308,,tiffany hayes,2.0,6.0,8.0,pbp
401736308,,veronica burton,6.0,10.0,16.0,pbp
401736309,,aliyah boston,10.0,5.0,15.0,pbp
401736309,,ariel atkins,8.0,0.0,8.0,pbp
401736309,,damiris dantas,2.0,2.0,4.0,pbp
401736309,,elizabeth williams,4.0,4.0,8.0,pbp
401736309,,hailey van lith,0.0,6.0,6.0,pbp
401736309,,kamilla cardoso,6.0,0.0,6.0,pbp
401736309,,kelsey mitchell,11.0,14.0,25.0,pbp
401736309,,kia nurse,2.0,0.0,2.0,pbp
401736309,,lexie hull,5.0,12.0,17.0,pbp
401736309,,maddy westbeld,2.0,8.0,10.0,pbp
401736309,,makayla timpson,2.0,5.0,7.0,pbp
401736309,,michaela onyenwere,5.0,2.0,7.0,pbp
401736309,,natasha howard,7.0,0.0,7.0,pbp
401736309,,rachel banham,5.0,6.0,11.0,pbp
401736309,,rebecca allen,2.0,7.0,9.0,pbp
401736309,,sevgi uzun,3.0,0.0,3.0,pbp
401736309,,sophie cunningham,10.0,6.0,16.0,pbp
401736310,,alanna smith,2.0,6.0,8.0,pbp
401736310,,bridget carleton,3.0,0.0,3.0,pbp
401736310,,courtney williams,8.0,6.0,14.0,pbp
401736310,,dijonai carrington,3.0,12.0,15.0,pbp
401736310,,emma meesseman,4.0,7.0,11.0,pbp
401736310,,isabelle harrison,9.0,0.0,9.0,pbp
401736310,,jessica shepard,6.0,0.0,6.0,pbp
401736310,,jonquel jones,5.0,6.0,11.0,pbp
401736310,,kayla mcbride,8.0,10.0,18.0,pbp
401736310,,leonie fiebich,3.0,3.0,6.0,pbp
401736310,,maria kliundikova,6.0,0.0,6.0,pbp
401736310,,marine johannes,4.0,6.0,10.0,pbp
401736310,,natasha cloud,9.0,5.0,14.0,pbp
401736310,,natisha hiedeman,0.0,13.0,13.0,pbp
401736310,,sabrina ionescu,4.0,6.0,10.0,pbp
401736311,,alysha clark,5.0,4.0,9.0,pbp
401736311,,arike ogunbowale,6.0,6.0,12.0,pbp
401736311,,aziaha james,0.0,2.0,2.0,pbp
401736311,,emily engstler,5.0,6.0,11.0,pbp
401736311,,haley jones,8.0,3.0,11.0,pbp
401736311,,jacy sheldon,4.0,4.0,8.0,pbp
401736311,,jade melbourne,4.0,4.0,8.0,pbp
401736311,,jj quinerly,3.0,6.0,9.0,pbp
401736311,,kiki iriafen,6.0,17.0,23.0,pbp
401736311,,luisa geiselsoder,6.0,4.0,10.0,pbp
401736311,,maddy siegrist,4.0,5.0,9.0,pbp
401736311,,myisha hines-allen,3.0,5.0,8.0,pbp
401736311,,paige bueckers,11.0,6.0,17.0,pbp
401736311,,sonia citron,1.0,17.0,18.0,pbp
401736311,,stefanie dolson,5.0,9.0,14.0,pbp
401736312,,azura stevens,5.0,10.0,15.0,pbp
401736312,,brittney sykes,9.0,18.0,27.0,pbp
401736312,,cameron brink,4.0,10.0,14.0,pbp
401736312,,dearica hamby,6.0,13.0,19.0,pbp
401736312,,dominique malonga,7.0,13.0,20.0,pbp
401736312,,erica wheeler,5.0,0.0,5.0,pbp
401736312,,ezi magbegor,0.0,2.0,2.0,pbp
401736312,,gabby williams,5.0,0.0,5.0,pbp
401736312,,julie allemand,2.0,3.0,5.0,pbp
401736312,,julie vanloo,0.0,4.0,4.0,pbp
401736312,,kelsey plum,13.0,6.0,19.0,pbp
401736312,,nneka ogwumike,11.0,4.0,15.0,pbp
401736312,,rae burrell,8.0,0.0,8.0,pbp
401736312,,rickea jackson,6.0,2.0,8.0,pbp
401736312,,skylar diggins,8.0,9.0,17.0,pbp
401736313,,allisha gray,5.0,12.0,17.0,pbp
401736313,,alyssa thomas,8.0,13.0,21.0,pbp
401736313,,brionna jones,6.0,9.0,15.0,pbp
401736313,,brittney griner,2.0,0.0,2.0,pbp
401736313,,dewanna bonner,8.0,8.0,16.0,pbp
401736313,,jordin canada,7.0,6.0,13.0,pbp
401736313,,kahleah copper,2.0,7.0,9.0,pbp
401736313,,kathryn westbeld,5.0,0.0,5.0,pbp
401736313,,maya caldwell,3.0,2.0,5.0,pbp
401736313,,monique akoa makani,3.0,0.0,3.0,pbp
401736313,,natasha mack,0.0,2.0,2.0,pbp
401736313,,naz hillmon,9.0,4.0,13.0,pbp
401736313,,rhyne howard,2.0,2.0,4.0,pbp
401736313,,sami whitcomb,3.0,0.0,3.0,pbp
401736313,,satou sabally,5.0,2.0,7.0,pbp
401736313,,te-hina paopao,5.0,0.0,5.0,pbp
401736314,,a'ja wilson,13.0,19.0,32.0,pbp
401736314,,aaliyah edwards,0.0,4.0,4.0,pbp
401736314,,aneesah morrow,4.0,3.0,7.0,pbp
401736314,,bria hartley,5.0,3.0,8.0,pbp
401736314,,chelsea gray,5.0,2.0,7.0,pbp
401736314,,dana evans,0.0,10.0,10.0,pbp
401736314,,jackie young,13.0,7.0,20.0,pbp
401736314,,jewell loyd,6.0,6.0,12.0,pbp
401736314,,kierstan bell,3.0,0.0,3.0,pbp
401736314,,leila lacan,11.0,2.0,13.0,pbp
401736314,,marina mabrey,13.0,9.0,22.0,pbp
401736314,,megan gustafson,0.0,3.0,3.0,pbp
401736314,,nalyssa smith,4.0,2.0,6.0,pbp
401736314,,olivia nelson-ododa,2.0,4.0,6.0,pbp
401736314,,saniya rivers,5.0,12.0,17.0,pbp
401736314,,tina charles,4.0,4.0,8.0,pbp
401736315,,aaliyah edwards,1.0,7.0,8.0,pbp
401736315,,aneesah morrow,6.0,7.0,13.0,pbp
401736315,,bria hartley,3.0,0.0,3.0,pbp
401736315,,cecilia zandalasini,6.0,11.0,17.0,pbp
401736315,,iliana rupert,0.0,10.0,10.0,pbp
401736315,,janelle salaun,5.0,11.0,16.0,pbp
401736315,,kaila charles,0.0,2.0,2.0,pbp
401736315,,kate martin,0.0,3.0,3.0,pbp
401736315,,leila lacan,1.0,5.0,6.0,pbp
401736315,,mamignan toure,3.0,0.0,3.0,pbp
401736315,,marina mabrey,2.0,1.0,3.0,pbp
401736315,,olivia nelson-ododa,1.0,11.0,12.0,pbp
401736315,,saniya rivers,9.0,0.0,9.0,pbp
401736315,,temi fagbenle,6.0,0.0,6.0,pbp
401736315,,tiffany hayes,12.0,5.0,17.0,pbp
401736315,,veronica burton,3.0,0.0,3.0,pbp
401736316,,aliyah boston,8.0,6.0,14.0,pbp
401736316,,brianna turner,0.0,2.0,2.0,pbp
401736316,,chloe bibby,8.0,3.0,11.0,pbp
401736316,,damiris dantas,0.0,3.0,3.0,pbp
401736316,,diamond miller,3.0,0.0,3.0,pbp
401736316,,grace berger,2.0,0.0,2.0,pbp
401736316,,haley jones,5.0,0.0,5.0,pbp
401736316,,jj quinerly,0.0,5.0,5.0,pbp
401736316,,kelsey mitchell,12.0,12.0,24.0,pbp
401736316,,li yueru,10.0,10.0,20.0,pbp
401736316,,maddy siegrist,12.0,10.0,22.0,pbp
401736316,,myisha hines-allen,2.0,6.0,8.0,pbp
401736316,,natasha howard,5.0,7.0,12.0,pbp
401736316,,paige bueckers,8.0,8.0,16.0,pbp
401736316,,sophie cunningham,9.0,5.0,14.0,pbp
401736317,,azura stevens,7.0,10.0,17.0,pbp
401736317,,cameron brink,2.0,0.0,2.0,pbp
401736317,,dearica hamby,9.0,12.0,21.0,pbp
401736317,,emma meesseman,8.0,16.0,24.0,pbp
401736317,,jonquel jones,14.0,7.0,21.0,pbp
401736317,,julie vanloo,0.0,6.0,6.0,pbp
401736317,,kelsey plum,12.0,14.0,26.0,pbp
401736317,,leonie fiebich,6.0,14.0,20.0,pbp
401736317,,marine johannes,6.0,3.0,9.0,pbp
401736317,,natasha cloud,5.0,6.0,11.0,pbp
401736317,,rae burrell,6.0,3.0,9.0,pbp
401736317,,rebekah gardner,3.0,0.0,3.0,pbp
401736317,,rickea jackson,8.0,8.0,16.0,pbp
401736317,,sabrina ionescu,8.0,6.0,14.0,pbp
401736317,,stephanie talbot,0.0,3.0,3.0,pbp
401736318,,aaliyah edwards,2.0,0.0,2.0,pbp
401736318,,aneesah morrow,6.0,3.0,9.0,pbp
401736318,,ariel atkins,5.0,0.0,5.0,pbp
401736318,,elizabeth williams,5.0,7.0,12.0,pbp
401736318,,kamilla cardoso,6.0,18.0,24.0,pbp
401736318,,kia nurse,2.0,3.0,5.0,pbp
401736318,,leila lacan,9.0,8.0,17.0,pbp
401736318,,lindsay allen,2.0,0.0,2.0,pbp
401736318,,marina mabrey,8.0,2.0,10.0,pbp
401736318,,michaela onyenwere,4.0,2.0,6.0,pbp
401736318,,olivia nelson-ododa,8.0,0.0,8.0,pbp
401736318,,rachel banham,6.0,4.0,10.0,pbp
401736318,,saniya rivers,3.0,5.0,8.0,pbp
401736318,,tina charles,4.0,11.0,15.0,pbp
401736319,,alysha clark,0.0,2.0,2.0,pbp
401736319,,carla leite,5.0,0.0,5.0,pbp
401736319,,cecilia zandalasini,14.0,6.0,20.0,pbp
401736319,,emily engstler,5.0,8.0,13.0,pbp
401736319,,iliana rupert,0.0,3.0,3.0,pbp
401736319,,jacy sheldon,5.0,0.0,5.0,pbp
401736319,,jade melbourne,3.0,7.0,10.0,pbp
401736319,,janelle salaun,5.0,6.0,11.0,pbp
401736319,,kate martin,0.0,3.0,3.0,pbp
401736319,,kiki iriafen,6.0,8.0,14.0,pbp
401736319,,lucy olsen,0.0,4.0,4.0,pbp
401736319,,sonia citron,0.0,15.0,15.0,pbp
401736319,,stefanie dolson,3.0,2.0,5.0,pbp
401736319,,sug sutton,6.0,9.0,15.0,pbp
401736319,,temi fagbenle,2.0,0.0,2.0,pbp
401736319,,tiffany hayes,10.0,4.0,14.0,pbp
401736319,,veronica burton,10.0,20.0,30.0,pbp
401736320,,a'ja wilson,11.0,6.0,17.0,pbp
401736320,,aaliyah nye,3.0,0.0,3.0,pbp
401736320,,chelsea gray,11.0,2.0,13.0,pbp
401736320,,dana evans,3.0,5.0,8.0,pbp
401736320,,emma meesseman,12.0,12.0,24.0,pbp
401736320,,jackie young,3.0,11.0,14.0,pbp
401736320,,jewell loyd,9.0,12.0,21.0,pbp
401736320,,jonquel jones,8.0,3.0,11.0,pbp
401736320,,kennedy burke,2.0,6.0,8.0,pbp
401736320,,leonie fiebich,5.0,0.0,5.0,pbp
401736320,,marine johannes,5.0,0.0,5.0,pbp
401736320,,nalyssa smith,0.0,6.0,6.0,pbp
401736320,,natasha cloud,6.0,0.0,6.0,pbp
401736320,,sabrina ionescu,5.0,13.0,18.0,pbp
401736321,,allisha gray,10.0,12.0,22.0,pbp
401736321,,brionna jones,0.0,8.0,8.0,pbp
401736321,,brittney griner,9.0,2.0,11.0,pbp
401736321,,brittney sykes,5.0,2.0,7.0,pbp
401736321,,dominique malonga,4.0,0.0,4.0,pbp
401736321,,erica wheeler,3.0,3.0,6.0,pbp
401736321,,ezi magbegor,2.0,6.0,8.0,pbp
401736321,,gabby williams,4.0,7.0,11.0,pbp
401736321,,maya caldwell,10.0,0.0,10.0,pbp
401736321,,naz hillmon,3.0,4.0,7.0,pbp
401736321,,nneka ogwumike,16.0,13.0,29.0,pbp
401736321,,rhyne howard,7.0,18.0,25.0,pbp
401736321,,skylar diggins,5.0,2.0,7.0,pbp
401736321,,te-hina paopao,2.0,0.0,2.0,pbp
401736321,,tiffany mitchell,0.0,3.0,3.0,pbp
401736322,,aliyah boston,8.0,12.0,20.0,pbp
401736322,,alysha clark,3.0,7.0,10.0,pbp
401736322,,damiris dantas,3.0,7.0,10.0,pbp
401736322,,emily engstler,4.0,3.0,7.0,pbp
401736322,,jade melbourne,2.0,5.0,7.0,pbp
401736322,,kelsey mitchell,10.0,4.0,14.0,pbp
401736322,,kiki iriafen,12.0,6.0,18.0,pbp
401736322,,lexie hull,4.0,3.0,7.0,pbp
401736322,,lucy olsen,2.0,0.0,2.0,pbp
401736322,,makayla timpson,2.0,1.0,3.0,pbp
401736322,,natasha howard,9.0,2.0,11.0,pbp
401736322,,odyssey sims,9.0,2.0,11.0,pbp
401736322,,sonia citron,9.0,12.0,21.0,pbp
401736322,,sophie cunningham,0.0,7.0,7.0,pbp
401736322,,stefanie dolson,4.0,5.0,9.0,pbp
401736322,,sug sutton,4.0,9.0,13.0,pbp
401736323,,ariel atkins,5.0,2.0,7.0,pbp
401736323,,carla leite,5.0,2.0,7.0,pbp
401736323,,cecilia zandalasini,7.0,13.0,20.0,pbp
401736323,,elizabeth williams,10.0,0.0,10.0,pbp
401736323,,hailey van lith,0.0,2.0,2.0,pbp
401736323,,iliana rupert,3.0,11.0,14.0,pbp
401736323,,janelle salaun,9.0,6.0,15.0,pbp
401736323,,kaitlyn chen,0.0,2.0,2.0,pbp
401736323,,kamilla cardoso,12.0,2.0,14.0,pbp
401736323,,kate martin,5.0,0.0,5.0,pbp
401736323,,michaela onyenwere,2.0,0.0,2.0,pbp
401736323,,rachel banham,5.0,9.0,14.0,pbp
401736323,,rebecca allen,0.0,3.0,3.0,pbp
401736323,,sevgi uzun,6.0,0.0,6.0,pbp
401736323,,temi fagbenle,3.0,0.0,3.0,pbp
401736323,,tiffany hayes,7.0,6.0,13.0,pbp
401736323,,veronica burton,3.0,8.0,11.0,pbp
401736324,,aziaha james,2.0,8.0,10.0,pbp
401736324,,azura stevens,8.0,7.0,15.0,pbp
401736324,,cameron brink,0.0,3.0,3.0,pbp
401736324,,dearica hamby,16.0,4.0,20.0,pbp
401736324,,diamond miller,6.0,0.0,6.0,pbp
401736324,,haley jones,2.0,2.0,4.0,pbp
401736324,,jj quinerly,0.0,11.0,11.0,pbp
401736324,,julie allemand,0.0,12.0,12.0,pbp
401736324,,kelsey plum,12.0,16.0,28.0,pbp
401736324,,li yueru,3.0,0.0,3.0,pbp
401736324,,luisa geiselsoder,9.0,0.0,9.0,pbp
401736324,,maddy siegrist,6.0,9.0,15.0,pbp
401736324,,myisha hines-allen,7.0,2.0,9.0,pbp
401736324,,paige bueckers,15.0,14.0,29.0,pbp
401736324,,rae burrell,4.0,0.0,4.0,pbp
401736324,,rickea jackson,13.0,2.0,15.0,pbp
401736325,,allisha gray,7.0,5.0,12.0,pbp
401736325,,brionna jones,7.0,11.0,18.0,pbp
401736325,,brittney griner,4.0,6.0,10.0,pbp
401736325,,brittney sykes,8.0,5.0,13.0,pbp
401736325,,dominique malonga,6.0,6.0,12.0,pbp
401736325,,ezi magbegor,4.0,3.0,7.0,pbp
401736325,,gabby williams,7.0,4.0,11.0,pbp
401736325,,maya caldwell,2.0,0.0,2.0,pbp
401736325,,naz hillmon,4.0,2.0,6.0,pbp
401736325,,nia coffey,0.0,4.0,4.0,pbp
401736325,,nneka ogwumike,9.0,7.0,16.0,pbp
401736325,,rhyne howard,7.0,14.0,21.0,pbp
401736325,,skylar diggins,6.0,15.0,21.0,pbp
401736325,,te-hina paopao,3.0,2.0,5.0,pbp
401736326,,a'ja wilson,20.0,10.0,30.0,pbp
401736326,,aaliyah nye,2.0,0.0,2.0,pbp
401736326,,alyssa thomas,9.0,6.0,15.0,pbp
401736326,,chelsea gray,6.0,10.0,16.0,pbp
401736326,,dewanna bonner,6.0,6.0,12.0,pbp
401736326,,jackie young,5.0,12.0,17.0,pbp
401736326,,jewell loyd,5.0,5.0,10.0,pbp
401736326,,kahleah copper,9.0,5.0,14.0,pbp
401736326,,kierstan bell,2.0,2.0,4.0,pbp
401736326,,monique akoa makani,2.0,6.0,8.0,pbp
401736326,,nalyssa smith,1.0,6.0,7.0,pbp
401736326,,natasha mack,2.0,2.0,4.0,pbp
401736326,,sami whitcomb,0.0,3.0,3.0,pbp
401736326,,satou sabally,13.0,13.0,26.0,pbp
401736327,,alanna smith,2.0,12.0,14.0,pbp
401736327,,courtney williams,14.0,12.0,26.0,pbp
401736327,,dijonai carrington,2.0,2.0,4.0,pbp
401736327,,emma meesseman,0.0,10.0,10.0,pbp
401736327,,jessica shepard,6.0,11.0,17.0,pbp
401736327,,jonquel jones,9.0,8.0,17.0,pbp
401736327,,kayla mcbride,6.0,11.0,17.0,pbp
401736327,,kennedy burke,4.0,7.0,11.0,pbp
401736327,,leonie fiebich,3.0,4.0,7.0,pbp
401736327,,maria kliundikova,3.0,0.0,3.0,pbp
401736327,,marine johannes,6.0,5.0,11.0,pbp
401736327,,natasha cloud,8.0,2.0,10.0,pbp
401736327,,natisha hiedeman,5.0,0.0,5.0,pbp
401736327,,sabrina ionescu,3.0,10.0,13.0,pbp
401736328,,alysha clark,5.0,2.0,7.0,pbp
401736328,,azura stevens,4.0,2.0,6.0,pbp
401736328,,dearica hamby,6.0,20.0,26.0,pbp
401736328,,emily engstler,3.0,1.0,4.0,pbp
401736328,,jade melbourne,5.0,6.0,11.0,pbp
401736328,,julie allemand,0.0,2.0,2.0,pbp
401736328,,kelsey plum,8.0,17.0,25.0,pbp
401736328,,kiki iriafen,11.0,7.0,18.0,pbp
401736328,,lucy olsen,0.0,4.0,4.0,pbp
401736328,,madison scott,2.0,0.0,2.0,pbp
401736328,,rae burrell,10.0,0.0,10.0,pbp
401736328,,rickea jackson,13.0,4.0,17.0,pbp
401736328,,shakira austin,10.0,4.0,14.0,pbp
401736328,,sonia citron,6.0,18.0,24.0,pbp
401736328,,stefanie dolson,3.0,0.0,3.0,pbp
401736328,,sug sutton,8.0,0.0,8.0,pbp
401736329,,aaliyah edwards,5.0,0.0,5.0,pbp
401736329,,aliyah boston,4.0,10.0,14.0,pbp
401736329,,aneesah morrow,7.0,3.0,10.0,pbp
401736329,,bria hartley,0.0,4.0,4.0,pbp
401736329,,kelsey mitchell,4.0,34.0,38.0,pbp
401736329,,leila lacan,2.0,5.0,7.0,pbp
401736329,,lexie hull,0.0,8.0,8.0,pbp
401736329,,makayla timpson,2.0,0.0,2.0,pbp
401736329,,marina mabrey,12.0,15.0,27.0,pbp
401736329,,natasha howard,13.0,5.0,18.0,pbp
401736329,,odyssey sims,6.0,13.0,19.0,pbp
401736329,,olivia nelson-ododa,3.0,1.0,4.0,pbp
401736329,,saniya rivers,7.0,8.0,15.0,pbp
401736329,,tina charles,12.0,9.0,21.0,pbp
401736330,,a'ja wilson,18.0,16.0,34.0,pbp
401736330,,aaliyah nye,0.0,4.0,4.0,pbp
401736330,,aziaha james,7.0,2.0,9.0,pbp
401736330,,chelsea gray,10.0,0.0,10.0,pbp
401736330,,dana evans,3.0,3.0,6.0,pbp
401736330,,diamond miller,2.0,2.0,4.0,pbp
401736330,,grace berger,2.0,4.0,6.0,pbp
401736330,,haley jones,5.0,2.0,7.0,pbp
401736330,,jackie young,5.0,3.0,8.0,pbp
401736330,,jewell loyd,3.0,9.0,12.0,pbp
401736330,,jj quinerly,0.0,4.0,4.0,pbp
401736330,,kierstan bell,12.0,6.0,18.0,pbp
401736330,,luisa geiselsoder,4.0,3.0,7.0,pbp
401736330,,maddy siegrist,11.0,12.0,23.0,pbp
401736330,,myisha hines-allen,2.0,7.0,9.0,pbp
401736330,,nalyssa smith,4.0,10.0,14.0,pbp
401736330,,paige bueckers,11.0,7.0,18.0,pbp
401736331,,alyssa thomas,11.0,8.0,19.0,pbp
401736331,,brittney sykes,5.0,6.0,11.0,pbp
401736331,,dewanna bonner,6.0,4.0,10.0,pbp
401736331,,dominique malonga,2.0,4.0,6.0,pbp
401736331,,erica wheeler,0.0,8.0,8.0,pbp
401736331,,ezi magbegor,2.0,4.0,6.0,pbp
401736331,,gabby williams,5.0,8.0,13.0,pbp
401736331,,kahleah copper,4.0,12.0,16.0,pbp
401736331,,kathryn westbeld,3.0,5.0,8.0,pbp
401736331,,lexi held,3.0,0.0,3.0,pbp
401736331,,natasha mack,2.0,0.0,2.0,pbp
401736331,,nneka ogwumike,13.0,11.0,24.0,pbp
401736331,,sami whitcomb,8.0,7.0,15.0,pbp
401736331,,satou sabally,6.0,5.0,11.0,pbp
401736331,,skylar diggins,10.0,4.0,14.0,pbp
401736332,,allisha gray,0.0,13.0,13.0,pbp
401736332,,brionna jones,3.0,10.0,13.0,pbp
401736332,,brittney griner,6.0,2.0,8.0,pbp
401736332,,carla leite,0.0,2.0,2.0,pbp
401736332,,cecilia zandalasini,3.0,8.0,11.0,pbp
401736332,,iliana rupert,3.0,0.0,3.0,pbp
401736332,,janelle salaun,5.0,0.0,5.0,pbp
401736332,,kate martin,2.0,5.0,7.0,pbp
401736332,,laeticia amihere,0.0,7.0,7.0,pbp
401736332,,maya caldwell,0.0,5.0,5.0,pbp
401736332,,naz hillmon,2.0,10.0,12.0,pbp
401736332,,nia coffey,4.0,0.0,4.0,pbp
401736332,,rhyne howard,3.0,11.0,14.0,pbp
401736332,,te-hina paopao,7.0,3.0,10.0,pbp
401736332,,temi fagbenle,4.0,4.0,8.0,pbp
401736332,,tiffany hayes,3.0,1.0,4.0,pbp
401736332,,veronica burton,5.0,11.0,16.0,pbp
401736333,,alanna smith,5.0,0.0,5.0,pbp
401736333,,bridget carleton,3.0,0.0,3.0,pbp
401736333,,courtney williams,4.0,13.0,17.0,pbp
401736333,,dijonai carrington,7.0,4.0,11.0,pbp
401736333,,emma meesseman,6.0,7.0,13.0,pbp
401736333,,jessica shepard,4.0,2.0,6.0,pbp
401736333,,jonquel jones,17.0,5.0,22.0,pbp
401736333,,kayla mcbride,3.0,3.0,6.0,pbp
401736333,,kennedy burke,2.0,6.0,8.0,pbp
401736333,,leonie fiebich,5.0,5.0,10.0,pbp
401736333,,maria kliundikova,5.0,6.0,11.0,pbp
401736333,,marine johannes,3.0,0.0,3.0,pbp
401736333,,natasha cloud,5.0,5.0,10.0,pbp
401736333,,natisha hiedeman,6.0,10.0,16.0,pbp
401736333,,sabrina ionescu,10.0,7.0,17.0,pbp
401736333,,stephanie talbot,0.0,2.0,2.0,pbp
401736334,,aaliyah edwards,8.0,0.0,8.0,pbp
401736334,,alysha clark,0.0,4.0,4.0,pbp
401736334,,aneesah morrow,2.0,0.0,2.0,pbp
401736334,,bria hartley,1.0,2.0,3.0,pbp
401736334,,emily engstler,2.0,0.0,2.0,pbp
401736334,,jade melbourne,8.0,3.0,11.0,pbp
401736334,,kiki iriafen,7.0,2.0,9.0,pbp
401736334,,leila lacan,4.0,4.0,8.0,pbp
401736334,,lindsay allen,5.0,0.0,5.0,pbp
401736334,,lucy olsen,1.0,0.0,1.0,pbp
401736334,,madison scott,4.0,0.0,4.0,pbp
401736334,,marina mabrey,5.0,4.0,9.0,pbp
401736334,,olivia nelson-ododa,4.0,11.0,15.0,pbp
401736334,,saniya rivers,11.0,6.0,17.0,pbp
401736334,,shakira austin,6.0,6.0,12.0,pbp
401736334,,sonia citron,7.0,12.0,19.0,pbp
401736334,,sug sutton,0.0,7.0,7.0,pbp
401736334,,tina charles,7.0,6.0,13.0,pbp
401736335,,angel reese,6.0,13.0,19.0,pbp
401736335,,ariel atkins,7.0,12.0,19.0,pbp
401736335,,brittney sykes,2.0,10.0,12.0,pbp
401736335,,dominique malonga,7.0,8.0,15.0,pbp
401736335,,elizabeth williams,2.0,8.0,10.0,pbp
401736335,,ezi magbegor,5.0,6.0,11.0,pbp
401736335,,gabby williams,9.0,0.0,9.0,pbp
401736335,,kamilla cardoso,8.0,2.0,10.0,pbp
401736335,,kia nurse,0.0,13.0,13.0,pbp
401736335,,nneka ogwumike,11.0,10.0,21.0,pbp
401736335,,rachel banham,3.0,2.0,5.0,pbp
401736335,,rebecca allen,3.0,2.0,5.0,pbp
401736335,,sevgi uzun,5.0,2.0,7.0,pbp
401736335,,skylar diggins,12.0,12.0,24.0,pbp
401736335,,tiffany mitchell,0.0,2.0,2.0,pbp
401736336,,a'ja wilson,14.0,18.0,32.0,pbp
401736336,,allisha gray,10.0,6.0,16.0,pbp
401736336,,brionna jones,4.0,2.0,6.0,pbp
401736336,,brittney griner,8.0,8.0,16.0,pbp
401736336,,chelsea gray,2.0,6.0,8.0,pbp
401736336,,dana evans,3.0,0.0,3.0,pbp
401736336,,jackie young,12.0,4.0,16.0,pbp
401736336,,jewell loyd,2.0,5.0,7.0,pbp
401736336,,kierstan bell,3.0,0.0,3.0,pbp
401736336,,nalyssa smith,5.0,0.0,5.0,pbp
401736336,,naz hillmon,0.0,1.0,1.0,pbp
401736336,,nia coffey,5.0,2.0,7.0,pbp
401736336,,rhyne howard,6.0,13.0,19.0,pbp
401736336,,te-hina paopao,7.0,0.0,7.0,pbp
401736337,,alyssa thomas,4.0,9.0,13.0,pbp
401736337,,carla leite,7.0,8.0,15.0,pbp
401736337,,dewanna bonner,5.0,7.0,12.0,pbp
401736337,,janelle salaun,11.0,2.0,13.0,pbp
401736337,,kahleah copper,15.0,9.0,24.0,pbp
401736337,,kaila charles,5.0,0.0,5.0,pbp
401736337,,kaitlyn chen,2.0,0.0,2.0,pbp
401736337,,kate martin,8.0,6.0,14.0,pbp
401736337,,kathryn westbeld,3.0,0.0,3.0,pbp
401736337,,laeticia amihere,3.0,8.0,11.0,pbp
401736337,,lexi held,3.0,0.0,3.0,pbp
401736337,,monique akoa makani,0.0,6.0,6.0,pbp
401736337,,natasha mack,6.0,8.0,14.0,pbp
401736337,,sami whitcomb,3.0,2.0,5.0,pbp
401736337,,satou sabally,7.0,10.0,17.0,pbp
401736337,,temi fagbenle,5.0,2.0,7.0,pbp
401736337,,veronica burton,18.0,6.0,24.0,pbp
401736338,,aziaha james,4.0,0.0,4.0,pbp
401736338,,azura stevens,0.0,5.0,5.0,pbp
401736338,,cameron brink,5.0,6.0,11.0,pbp
401736338,,dearica hamby,6.0,7.0,13.0,pbp
401736338,,grace berger,0.0,2.0,2.0,pbp
401736338,,haley jones,0.0,3.0,3.0,pbp
401736338,,jj quinerly,5.0,0.0,5.0,pbp
401736338,,julie vanloo,5.0,0.0,5.0,pbp
401736338,,kelsey plum,9.0,11.0,20.0,pbp
401736338,,luisa geiselsoder,3.0,6.0,9.0,pbp
401736338,,maddy siegrist,9.0,4.0,13.0,pbp
401736338,,paige bueckers,16.0,28.0,44.0,pbp
401736338,,rae burrell,2.0,0.0,2.0,pbp
401736338,,rickea jackson,17.0,8.0,25.0,pbp
401736339,,aaliyah edwards,6.0,4.0,10.0,pbp
401736339,,aneesah morrow,2.0,4.0,6.0,pbp
401736339,,bria hartley,3.0,0.0,3.0,pbp
401736339,,emily engstler,1.0,4.0,5.0,pbp
401736339,,jade melbourne,2.0,2.0,4.0,pbp
401736339,,kiki iriafen,9.0,4.0,13.0,pbp
401736339,,leila lacan,0.0,5.0,5.0,pbp
401736339,,lucy olsen,0.0,2.0,2.0,pbp
401736339,,marina mabrey,5.0,2.0,7.0,pbp
401736339,,olivia nelson-ododa,5.0,3.0,8.0,pbp
401736339,,saniya rivers,5.0,2.0,7.0,pbp
401736339,,shakira austin,2.0,4.0,6.0,pbp
401736339,,sonia citron,7.0,8.0,15.0,pbp
401736339,,stefanie dolson,5.0,2.0,7.0,pbp
401736339,,sug sutton,0.0,4.0,4.0,pbp
401736339,,tina charles,7.0,14.0,21.0,pbp
401736340,,angel reese,6.0,15.0,21.0,pbp
401736340,,ariel atkins,10.0,8.0,18.0,pbp
401736340,,elizabeth williams,4.0,4.0,8.0,pbp
401736340,,emma meesseman,1.0,4.0,5.0,pbp
401736340,,jonquel jones,10.0,15.0,25.0,pbp
401736340,,kamilla cardoso,10.0,12.0,22.0,pbp
401736340,,kennedy burke,3.0,2.0,5.0,pbp
401736340,,kia nurse,2.0,0.0,2.0,pbp
401736340,,leonie fiebich,8.0,0.0,8.0,pbp
401736340,,marine johannes,9.0,0.0,9.0,pbp
401736340,,michaela onyenwere,9.0,4.0,13.0,pbp
401736340,,natasha cloud,10.0,4.0,14.0,pbp
401736340,,rachel banham,3.0,0.0,3.0,pbp
401736340,,rebekah gardner,3.0,0.0,3.0,pbp
401736340,,sabrina ionescu,2.0,14.0,16.0,pbp
401736340,,sevgi uzun,0.0,3.0,3.0,pbp
401736341,,alanna smith,2.0,8.0,10.0,pbp
401736341,,allisha gray,12.0,15.0,27.0,pbp
401736341,,bridget carleton,10.0,6.0,16.0,pbp
401736341,,brionna jones,4.0,4.0,8.0,pbp
401736341,,brittney griner,4.0,2.0,6.0,pbp
401736341,,courtney williams,2.0,4.0,6.0,pbp
401736341,,dijonai carrington,2.0,1.0,3.0,pbp
401736341,,jessica shepard,8.0,7.0,15.0,pbp
401736341,,kayla mcbride,11.0,3.0,14.0,pbp
401736341,,maria kliundikova,2.0,2.0,4.0,pbp
401736341,,maya caldwell,6.0,2.0,8.0,pbp
401736341,,natisha hiedeman,2.0,2.0,4.0,pbp
401736341,,naz hillmon,0.0,2.0,2.0,pbp
401736341,,rhyne howard,11.0,5.0,16.0,pbp
401736341,,te-hina paopao,5.0,3.0,8.0,pbp
401736342,,a'ja wilson,10.0,9.0,19.0,pbp
401736342,,alyssa thomas,9.0,8.0,17.0,pbp
401736342,,chelsea gray,8.0,4.0,12.0,pbp
401736342,,dana evans,6.0,11.0,17.0,pbp
401736342,,dewanna bonner,0.0,2.0,2.0,pbp
401736342,,jackie young,8.0,3.0,11.0,pbp
401736342,,jewell loyd,0.0,5.0,5.0,pbp
401736342,,kahleah copper,6.0,0.0,6.0,pbp
401736342,,kalani brown,0.0,2.0,2.0,pbp
401736342,,kathryn westbeld,0.0,2.0,2.0,pbp
401736342,,kierstan bell,6.0,0.0,6.0,pbp
401736342,,lexi held,0.0,2.0,2.0,pbp
401736342,,monique akoa makani,2.0,7.0,9.0,pbp
401736342,,nalyssa smith,4.0,8.0,12.0,pbp
401736342,,natasha mack,1.0,2.0,3.0,pbp
401736342,,sami whitcomb,3.0,0.0,3.0,pbp
401736342,,satou sabally,8.0,6.0,14.0,pbp
401736343,,alanna smith,0.0,8.0,8.0,pbp
401736343,,aliyah boston,3.0,12.0,15.0,pbp
401736343,,bridget carleton,3.0,4.0,7.0,pbp
401736343,,courtney williams,0.0,2.0,2.0,pbp
401736343,,damiris dantas,3.0,0.0,3.0,pbp
401736343,,dijonai carrington,4.0,0.0,4.0,pbp
401736343,,jessica shepard,11.0,11.0,22.0,pbp
401736343,,kayla mcbride,16.0,13.0,29.0,pbp
401736343,,kelsey mitchell,13.0,14.0,27.0,pbp
401736343,,lexie hull,18.0,5.0,23.0,pbp
401736343,,maria kliundikova,6.0,0.0,6.0,pbp
401736343,,natasha howard,4.0,4.0,8.0,pbp
401736343,,natisha hiedeman,10.0,7.0,17.0,pbp
401736343,,odyssey sims,2.0,2.0,4.0,pbp
401736343,,shey peddy,9.0,1.0,10.0,pbp
401736344,,amy okonkwo,2.0,6.0,8.0,pbp
401736344,,aziaha james,2.0,5.0,7.0,pbp
401736344,,brittney sykes,7.0,1.0,8.0,pbp
401736344,,diamond miller,2.0,6.0,8.0,pbp
401736344,,dominique malonga,13.0,9.0,22.0,pbp
401736344,,erica wheeler,6.0,11.0,17.0,pbp
401736344,,ezi magbegor,6.0,0.0,6.0,pbp
401736344,,gabby williams,2.0,7.0,9.0,pbp
401736344,,grace berger,2.0,2.0,4.0,pbp
401736344,,haley jones,0.0,2.0,2.0,pbp
401736344,,lexie brown,0.0,5.0,5.0,pbp
401736344,,luisa geiselsoder,3.0,0.0,3.0,pbp
401736344,,mackenzie holmes,0.0,2.0,2.0,pbp
401736344,,maddy siegrist,10.0,2.0,12.0,pbp
401736344,,myisha hines-allen,2.0,3.0,5.0,pbp
401736344,,nneka ogwumike,4.0,0.0,4.0,pbp
401736344,,paige bueckers,11.0,0.0,11.0,pbp
401736344,,skylar diggins,6.0,0.0,6.0,pbp
401736344,,tiffany mitchell,4.0,7.0,11.0,pbp
401736344,,zia cooke,0.0,5.0,5.0,pbp
401736345,,alyssa thomas,7.0,6.0,13.0,pbp
401736345,,carla leite,4.0,2.0,6.0,pbp
401736345,,dewanna bonner,6.0,8.0,14.0,pbp
401736345,,iliana rupert,3.0,6.0,9.0,pbp
401736345,,janelle salaun,13.0,2.0,15.0,pbp
401736345,,kahleah copper,5.0,7.0,12.0,pbp
401736345,,kaila charles,0.0,9.0,9.0,pbp
401736345,,kate martin,0.0,6.0,6.0,pbp
401736345,,kathryn westbeld,0.0,3.0,3.0,pbp
401736345,,laeticia amihere,4.0,2.0,6.0,pbp
401736345,,monique akoa makani,11.0,7.0,18.0,pbp
401736345,,natasha mack,1.0,2.0,3.0,pbp
401736345,,sami whitcomb,6.0,0.0,6.0,pbp
401736345,,satou sabally,5.0,7.0,12.0,pbp
401736345,,temi fagbenle,0.0,4.0,4.0,pbp
401736345,,tiffany hayes,2.0,3.0,5.0,pbp
401736345,,veronica burton,5.0,6.0,11.0,pbp
401736346,,allisha gray,11.0,8.0,19.0,pbp
401736346,,brionna jones,9.0,8.0,17.0,pbp
401736346,,brittney griner,2.0,2.0,4.0,pbp
401736346,,emma meesseman,4.0,6.0,10.0,pbp
401736346,,jonquel jones,8.0,3.0,11.0,pbp
401736346,,kennedy burke,4.0,9.0,13.0,pbp
401736346,,leonie fiebich,4.0,4.0,8.0,pbp
401736346,,marine johannes,0.0,7.0,7.0,pbp
401736346,,maya caldwell,3.0,4.0,7.0,pbp
401736346,,natasha cloud,7.0,0.0,7.0,pbp
401736346,,naz hillmon,9.0,2.0,11.0,pbp
401736346,,nia coffey,2.0,0.0,2.0,pbp
401736346,,rebekah gardner,0.0,4.0,4.0,pbp
401736346,,rhyne howard,6.0,3.0,9.0,pbp
401736346,,stephanie talbot,2.0,0.0,2.0,pbp
401736346,,te-hina paopao,6.0,3.0,9.0,pbp
401736347,,a'ja wilson,17.0,19.0,36.0,pbp
401736347,,alysha clark,6.0,0.0,6.0,pbp
401736347,,chelsea gray,4.0,1.0,5.0,pbp
401736347,,dana evans,8.0,13.0,21.0,pbp
401736347,,emily engstler,4.0,4.0,8.0,pbp
401736347,,jackie young,5.0,5.0,10.0,pbp
401736347,,jade melbourne,0.0,2.0,2.0,pbp
401736347,,jewell loyd,3.0,5.0,8.0,pbp
401736347,,kierstan bell,3.0,0.0,3.0,pbp
401736347,,kiki iriafen,13.0,8.0,21.0,pbp
401736347,,lucy olsen,0.0,6.0,6.0,pbp
401736347,,madison scott,0.0,2.0,2.0,pbp
401736347,,nalyssa smith,4.0,4.0,8.0,pbp
401736347,,shakira austin,9.0,9.0,18.0,pbp
401736347,,sonia citron,4.0,9.0,13.0,pbp
401736347,,stefanie dolson,1.0,0.0,1.0,pbp
401736347,,sug sutton,2.0,2.0,4.0,pbp
401736348,,aneesah morrow,4.0,3.0,7.0,pbp
401736348,,angel reese,8.0,3.0,11.0,pbp
401736348,,ariel atkins,2.0,10.0,12.0,pbp
401736348,,bria hartley,9.0,14.0,23.0,pbp
401736348,,elizabeth williams,2.0,2.0,4.0,pbp
401736348,,kamilla cardoso,11.0,7.0,18.0,pbp
401736348,,kia nurse,6.0,13.0,19.0,pbp
401736348,,leila lacan,4.0,2.0,6.0,pbp
401736348,,mamignan toure,2.0,0.0,2.0,pbp
401736348,,marina mabrey,16.0,4.0,20.0,pbp
401736348,,michaela onyenwere,0.0,3.0,3.0,pbp
401736348,,rachel banham,8.0,0.0,8.0,pbp
401736348,,rebecca allen,0.0,3.0,3.0,pbp
401736348,,saniya rivers,10.0,3.0,13.0,pbp
401736348,,sevgi uzun,4.0,2.0,6.0,pbp
401736348,,tina charles,10.0,13.0,23.0,pbp
401736349,,alysha clark,0.0,2.0,2.0,pbp
401736349,,brittney sykes,7.0,3.0,10.0,pbp
401736349,,dominique malonga,10.0,7.0,17.0,pbp
401736349,,erica wheeler,0.0,1.0,1.0,pbp
401736349,,ezi magbegor,4.0,2.0,6.0,pbp
401736349,,gabby williams,7.0,3.0,10.0,pbp
401736349,,jade melbourne,2.0,2.0,4.0,pbp
401736349,,kiki iriafen,10.0,2.0,12.0,pbp
401736349,,nneka ogwumike,15.0,15.0,30.0,pbp
401736349,,shakira austin,13.0,17.0,30.0,pbp
401736349,,skylar diggins,5.0,5.0,10.0,pbp
401736349,,sonia citron,6.0,8.0,14.0,pbp
401736349,,stefanie dolson,3.0,8.0,11.0,pbp
401736349,,sug sutton,5.0,3.0,8.0,pbp
401736350,,amy okonkwo,10.0,2.0,12.0,pbp
401736350,,grace berger,7.0,4.0,11.0,pbp
401736350,,haley jones,0.0,15.0,15.0,pbp
401736350,,iliana rupert,8.0,9.0,17.0,pbp
401736350,,janelle salaun,5.0,4.0,9.0,pbp
401736350,,kaila charles,9.0,7.0,16.0,pbp
401736350,,kaitlyn chen,2.0,0.0,2.0,pbp
401736350,,kate martin,3.0,9.0,12.0,pbp
401736350,,luisa geiselsoder,0.0,3.0,3.0,pbp
401736350,,maddy siegrist,8.0,8.0,16.0,pbp
401736350,,myisha hines-allen,13.0,2.0,15.0,pbp
401736350,,paige bueckers,0.0,9.0,9.0,pbp
401736350,,temi fagbenle,5.0,4.0,9.0,pbp
401736350,,veronica burton,4.0,21.0,25.0,pbp
401736351,,aerial powers,3.0,2.0,5.0,pbp
401736351,,alanna smith,4.0,4.0,8.0,pbp
401736351,,aliyah boston,8.0,6.0,14.0,pbp
401736351,,brianna turner,0.0,2.0,2.0,pbp
401736351,,bridget carleton,2.0,5.0,7.0,pbp
401736351,,courtney williams,3.0,11.0,14.0,pbp
401736351,,dijonai carrington,2.0,3.0,5.0,pbp
401736351,,kayla mcbride,11.0,2.0,13.0,pbp
401736351,,kelsey mitchell,16.0,10.0,26.0,pbp
401736351,,lexie hull,3.0,3.0,6.0,pbp
401736351,,makayla timpson,0.0,2.0,2.0,pbp
401736351,,maria kliundikova,11.0,2.0,13.0,pbp
401736351,,napheesa collier,14.0,18.0,32.0,pbp
401736351,,natasha howard,6.0,4.0,10.0,pbp
401736351,,natisha hiedeman,5.0,0.0,5.0,pbp
401736351,,odyssey sims,3.0,0.0,3.0,pbp
401736351,,shey peddy,6.0,10.0,16.0,pbp
401736352,,aaliyah edwards,0.0,2.0,2.0,pbp
401736352,,aneesah morrow,6.0,12.0,18.0,pbp
401736352,,breanna stewart,12.0,7.0,19.0,pbp
401736352,,bria hartley,3.0,0.0,3.0,pbp
401736352,,emma meesseman,6.0,4.0,10.0,pbp
401736352,,jonquel jones,9.0,9.0,18.0,pbp
401736352,,kennedy burke,6.0,8.0,14.0,pbp
401736352,,leila lacan,9.0,13.0,22.0,pbp
401736352,,leonie fiebich,2.0,5.0,7.0,pbp
401736352,,marina mabrey,8.0,8.0,16.0,pbp
401736352,,marine johannes,0.0,2.0,2.0,pbp
401736352,,olivia nelson-ododa,2.0,0.0,2.0,pbp
401736352,,sabrina ionescu,2.0,9.0,11.0,pbp
401736352,,saniya rivers,0.0,3.0,3.0,pbp
401736352,,tina charles,8.0,5.0,13.0,pbp
401736353,,a'ja wilson,4.0,14.0,18.0,pbp
401736353,,angel reese,3.0,7.0,10.0,pbp
401736353,,ariel atkins,19.0,11.0,30.0,pbp
401736353,,chelsea gray,8.0,6.0,14.0,pbp
401736353,,dana evans,3.0,5.0,8.0,pbp
401736353,,elizabeth williams,4.0,2.0,6.0,pbp
401736353,,jackie young,19.0,2.0,21.0,pbp
401736353,,jewell loyd,0.0,2.0,2.0,pbp
401736353,,kamilla cardoso,4.0,15.0,19.0,pbp
401736353,,kia nurse,0.0,1.0,1.0,pbp
401736353,,kierstan bell,0.0,2.0,2.0,pbp
401736353,,megan gustafson,3.0,0.0,3.0,pbp
401736353,,michaela onyenwere,2.0,3.0,5.0,pbp
401736353,,nalyssa smith,6.0,4.0,10.0,pbp
401736353,,rachel banham,0.0,2.0,2.0,pbp
401736354,,aerial powers,2.0,0.0,2.0,pbp
401736354,,aliyah boston,11.0,16.0,27.0,pbp
401736354,,brianna turner,0.0,4.0,4.0,pbp
401736354,,brittney sykes,6.0,6.0,12.0,pbp
401736354,,damiris dantas,4.0,0.0,4.0,pbp
401736354,,dominique malonga,4.0,4.0,8.0,pbp
401736354,,erica wheeler,3.0,3.0,6.0,pbp
401736354,,ezi magbegor,6.0,2.0,8.0,pbp
401736354,,gabby williams,2.0,0.0,2.0,pbp
401736354,,kelsey mitchell,16.0,5.0,21.0,pbp
401736354,,lexie brown,0.0,2.0,2.0,pbp
401736354,,lexie hull,3.0,2.0,5.0,pbp
401736354,,mackenzie holmes,0.0,4.0,4.0,pbp
401736354,,makayla timpson,0.0,2.0,2.0,pbp
401736354,,natasha howard,2.0,4.0,6.0,pbp
401736354,,nneka ogwumike,12.0,5.0,17.0,pbp
401736354,,odyssey sims,10.0,12.0,22.0,pbp
401736354,,shey peddy,2.0,0.0,2.0,pbp
401736354,,skylar diggins,6.0,0.0,6.0,pbp
401736354,,tiffany mitchell,0.0,5.0,5.0,pbp
401736354,,zia cooke,0.0,5.0,5.0,pbp
401736355,,alyssa thomas,1.0,11.0,12.0,pbp
401736355,,azura stevens,3.0,2.0,5.0,pbp
401736355,,cameron brink,4.0,0.0,4.0,pbp
401736355,,dearica hamby,13.0,12.0,25.0,pbp
401736355,,dewanna bonner,7.0,7.0,14.0,pbp
401736355,,kahleah copper,10.0,8.0,18.0,pbp
401736355,,kathryn westbeld,3.0,3.0,6.0,pbp
401736355,,kelsey plum,5.0,15.0,20.0,pbp
401736355,,lexi held,2.0,0.0,2.0,pbp
401736355,,natasha mack,4.0,0.0,4.0,pbp
401736355,,rae burrell,2.0,7.0,9.0,pbp
401736355,,rickea jackson,13.0,7.0,20.0,pbp
401736355,,sami whitcomb,9.0,8.0,17.0,pbp
401736355,,satou sabally,12.0,7.0,19.0,pbp
401736356,,a'ja wilson,16.0,17.0,33.0,pbp
401736356,,allisha gray,5.0,10.0,15.0,pbp
401736356,,brionna jones,15.0,4.0,19.0,pbp
401736356,,brittney griner,2.0,0.0,2.0,pbp
401736356,,chelsea gray,7.0,7.0,14.0,pbp
401736356,,dana evans,0.0,2.0,2.0,pbp
401736356,,jackie young,6.0,4.0,10.0,pbp
401736356,,jewell loyd,6.0,8.0,14.0,pbp
401736356,,kierstan bell,3.0,2.0,5.0,pbp
401736356,,maya caldwell,6.0,0.0,6.0,pbp
401736356,,nalyssa smith,2.0,0.0,2.0,pbp
401736356,,naz hillmon,4.0,3.0,7.0,pbp
401736356,,nia coffey,2.0,0.0,2.0,pbp
401736356,,rhyne howard,8.0,11.0,19.0,pbp
401736356,,te-hina paopao,0.0,5.0,5.0,pbp
401736357,,amy okonkwo,7.0,7.0,14.0,pbp
401736357,,aneesah morrow,4.0,7.0,11.0,pbp
401736357,,aziaha james,9.0,13.0,22.0,pbp
401736357,,bria hartley,0.0,8.0,8.0,pbp
401736357,,diamond miller,2.0,3.0,5.0,pbp
401736357,,grace berger,3.0,2.0,5.0,pbp
401736357,,haley jones,10.0,2.0,12.0,pbp
401736357,,leila lacan,15.0,7.0,22.0,pbp
401736357,,luisa geiselsoder,2.0,2.0,4.0,pbp
401736357,,maddy siegrist,9.0,6.0,15.0,pbp
401736357,,mamignan toure,5.0,0.0,5.0,pbp
401736357,,marina mabrey,12.0,6.0,18.0,pbp
401736357,,myisha hines-allen,7.0,11.0,18.0,pbp
401736357,,olivia nelson-ododa,0.0,8.0,8.0,pbp
401736357,,saniya rivers,6.0,5.0,11.0,pbp
401736357,,tina charles,12.0,6.0,18.0,pbp
401736358,,alysha clark,2.0,0.0,2.0,pbp
401736358,,breanna stewart,1.0,11.0,12.0,pbp
401736358,,emily engstler,3.0,2.0,5.0,pbp
401736358,,emma meesseman,7.0,8.0,15.0,pbp
401736358,,isabelle harrison,9.0,7.0,16.0,pbp
401736358,,jade melbourne,2.0,0.0,2.0,pbp
401736358,,kennedy burke,5.0,2.0,7.0,pbp
401736358,,kiki iriafen,6.0,10.0,16.0,pbp
401736358,,leonie fiebich,4.0,2.0,6.0,pbp
401736358,,lucy olsen,7.0,2.0,9.0,pbp
401736358,,madison scott,0.0,2.0,2.0,pbp
401736358,,marine johannes,9.0,5.0,14.0,pbp
401736358,,rebekah gardner,2.0,6.0,8.0,pbp
401736358,,shakira austin,0.0,7.0,7.0,pbp
401736358,,sonia citron,15.0,3.0,18.0,pbp
401736358,,stephanie talbot,6.0,5.0,11.0,pbp
401736358,,sug sutton,2.0,0.0,2.0,pbp
401736359,,alanna smith,0.0,8.0,8.0,pbp
401736359,,bridget carleton,3.0,0.0,3.0,pbp
401736359,,brittney sykes,5.0,3.0,8.0,pbp
401736359,,courtney williams,16.0,2.0,18.0,pbp
401736359,,dijonai carrington,2.0,4.0,6.0,pbp
401736359,,dominique malonga,6.0,7.0,13.0,pbp
401736359,,erica wheeler,3.0,10.0,13.0,pbp
401736359,,ezi magbegor,0.0,8.0,8.0,pbp
401736359,,gabby williams,8.0,8.0,16.0,pbp
401736359,,jessica shepard,2.0,0.0,2.0,pbp
401736359,,kayla mcbride,12.0,8.0,20.0,pbp
401736359,,napheesa collier,9.0,9.0,18.0,pbp
401736359,,natisha hiedeman,2.0,2.0,4.0,pbp
401736359,,nneka ogwumike,7.0,5.0,12.0,pbp
401736359,,skylar diggins,4.0,19.0,23.0,pbp
401736360,,alyssa thomas,2.0,13.0,15.0,pbp
401736360,,angel reese,7.0,8.0,15.0,pbp
401736360,,ariel atkins,2.0,7.0,9.0,pbp
401736360,,dewanna bonner,2.0,6.0,8.0,pbp
401736360,,elizabeth williams,2.0,0.0,2.0,pbp
401736360,,kahleah copper,14.0,14.0,28.0,pbp
401736360,,kamilla cardoso,5.0,10.0,15.0,pbp
401736360,,kathryn westbeld,0.0,2.0,2.0,pbp
401736360,,kia nurse,6.0,11.0,17.0,pbp
401736360,,michaela onyenwere,3.0,3.0,6.0,pbp
401736360,,monique akoa makani,6.0,0.0,6.0,pbp
401736360,,natasha mack,8.0,2.0,10.0,pbp
401736360,,rachel banham,5.0,8.0,13.0,pbp
401736360,,sami whitcomb,5.0,0.0,5.0,pbp
401736360,,satou sabally,0.0,9.0,9.0,pbp
401736360,,sevgi uzun,0.0,2.0,2.0,pbp
401736361,,allisha gray,12.0,7.0,19.0,pbp
401736361,,amy okonkwo,4.0,7.0,11.0,pbp
401736361,,brionna jones,2.0,14.0,16.0,pbp
401736361,,brittney griner,9.0,2.0,11.0,pbp
401736361,,christyn williams,0.0,2.0,2.0,pbp
401736361,,diamond miller,4.0,2.0,6.0,pbp
401736361,,grace berger,4.0,5.0,9.0,pbp
401736361,,maddy siegrist,16.0,7.0,23.0,pbp
401736361,,maya caldwell,0.0,6.0,6.0,pbp
401736361,,myisha hines-allen,6.0,5.0,11.0,pbp
401736361,,naz hillmon,0.0,4.0,4.0,pbp
401736361,,nia coffey,3.0,3.0,6.0,pbp
401736361,,paige bueckers,6.0,10.0,16.0,pbp
401736361,,rhyne howard,14.0,9.0,23.0,pbp
401736361,,te-hina paopao,9.0,5.0,14.0,pbp
401736362,,aerial powers,6.0,3.0,9.0,pbp
401736362,,aliyah boston,12.0,10.0,22.0,pbp
401736362,,azura stevens,8.0,9.0,17.0,pbp
401736362,,brianna turner,2.0,0.0,2.0,pbp
401736362,,cameron brink,2.0,2.0,4.0,pbp
401736362,,dearica hamby,7.0,4.0,11.0,pbp
401736362,,julie allemand,3.0,6.0,9.0,pbp
401736362,,kelsey mitchell,12.0,0.0,12.0,pbp
401736362,,kelsey plum,12.0,0.0,12.0,pbp
401736362,,lexie hull,0.0,5.0,5.0,pbp
401736362,,natasha howard,2.0,3.0,5.0,pbp
401736362,,odyssey sims,10.0,11.0,21.0,pbp
401736362,,rae burrell,7.0,5.0,12.0,pbp
401736362,,rickea jackson,8.0,0.0,8.0,pbp
401736362,,sarah ashlee barker,0.0,2.0,2.0,pbp
401736363,,aaliyah edwards,0.0,11.0,11.0,pbp
401736363,,alanna smith,8.0,10.0,18.0,pbp
401736363,,aneesah morrow,0.0,6.0,6.0,pbp
401736363,,courtney williams,11.0,4.0,15.0,pbp
401736363,,dijonai carrington,4.0,14.0,18.0,pbp
401736363,,haley peters,0.0,2.0,2.0,pbp
401736363,,jaylyn sherrod,0.0,2.0,2.0,pbp
401736363,,jessica shepard,2.0,2.0,4.0,pbp
401736363,,kayla mcbride,6.0,9.0,15.0,pbp
401736363,,leila lacan,6.0,0.0,6.0,pbp
401736363,,lindsay allen,2.0,0.0,2.0,pbp
401736363,,mamignan toure,2.0,6.0,8.0,pbp
401736363,,marina mabrey,9.0,5.0,14.0,pbp
401736363,,napheesa collier,6.0,11.0,17.0,pbp
401736363,,natisha hiedeman,5.0,0.0,5.0,pbp
401736363,,rayah marshall,0.0,1.0,1.0,pbp
401736363,,saniya rivers,2.0,4.0,6.0,pbp
401736363,,tina charles,8.0,6.0,14.0,pbp
401736364,,carla leite,9.0,10.0,19.0,pbp
401736364,,iliana rupert,3.0,4.0,7.0,pbp
401736364,,jade melbourne,0.0,2.0,2.0,pbp
401736364,,janelle salaun,9.0,11.0,20.0,pbp
401736364,,kaila charles,7.0,9.0,16.0,pbp
401736364,,kate martin,2.0,4.0,6.0,pbp
401736364,,kiki iriafen,7.0,2.0,9.0,pbp
401736364,,laeticia amihere,6.0,5.0,11.0,pbp
401736364,,lucy olsen,0.0,13.0,13.0,pbp
401736364,,madison scott,0.0,2.0,2.0,pbp
401736364,,shakira austin,3.0,3.0,6.0,pbp
401736364,,sonia citron,5.0,6.0,11.0,pbp
401736364,,stefanie dolson,2.0,0.0,2.0,pbp
401736364,,sug sutton,5.0,12.0,17.0,pbp
401736364,,temi fagbenle,0.0,5.0,5.0,pbp
401736364,,veronica burton,15.0,0.0,15.0,pbp
401736365,,angel reese,7.0,13.0,20.0,pbp
401736365,,ariel atkins,4.0,3.0,7.0,pbp
401736365,,brittney sykes,4.0,7.0,11.0,pbp
401736365,,elizabeth williams,5.0,4.0,9.0,pbp
401736365,,erica wheeler,9.0,2.0,11.0,pbp
401736365,,ezi magbegor,7.0,6.0,13.0,pbp
401736365,,gabby williams,4.0,8.0,12.0,pbp
401736365,,kamilla cardoso,3.0,6.0,9.0,pbp
401736365,,kia nurse,0.0,4.0,4.0,pbp
401736365,,michaela onyenwere,7.0,4.0,11.0,pbp
401736365,,nneka ogwumike,13.0,7.0,20.0,pbp
401736365,,rachel banham,4.0,1.0,5.0,pbp
401736365,,rebecca allen,2.0,0.0,2.0,pbp
401736365,,sevgi uzun,2.0,0.0,2.0,pbp
401736365,,skylar diggins,7.0,5.0,12.0,pbp
401736366,,alyssa thomas,4.0,10.0,14.0,pbp
401736366,,breanna stewart,9.0,5.0,14.0,pbp
401736366,,dewanna bonner,2.0,7.0,9.0,pbp
401736366,,emma meesseman,6.0,11.0,17.0,pbp
401736366,,isabelle harrison,0.0,2.0,2.0,pbp
401736366,,jonquel jones,4.0,2.0,6.0,pbp
401736366,,kahleah copper,12.0,9.0,21.0,pbp
401736366,,kathryn westbeld,0.0,6.0,6.0,pbp
401736366,,kennedy burke,0.0,1.0,1.0,pbp
401736366,,leonie fiebich,3.0,1.0,4.0,pbp
401736366,,lexi held,0.0,2.0,2.0,pbp
401736366,,marine johannes,4.0,0.0,4.0,pbp
401736366,,monique akoa makani,3.0,2.0,5.0,pbp
401736366,,natasha cloud,11.0,2.0,13.0,pbp
401736366,,natasha mack,6.0,2.0,8.0,pbp
401736366,,rebekah gardner,2.0,0.0,2.0,pbp
401736366,,satou sabally,9.0,5.0,14.0,pbp
401736367,,azura stevens,4.0,5.0,9.0,pbp
401736367,,cameron brink,2.0,3.0,5.0,pbp
401736367,,dearica hamby,10.0,10.0,20.0,pbp
401736367,,emily engstler,0.0,6.0,6.0,pbp
401736367,,jade melbourne,7.0,2.0,9.0,pbp
401736367,,julie allemand,4.0,0.0,4.0,pbp
401736367,,kelsey plum,4.0,14.0,18.0,pbp
401736367,,kiki iriafen,7.0,15.0,22.0,pbp
401736367,,lucy olsen,4.0,2.0,6.0,pbp
401736367,,rae burrell,2.0,4.0,6.0,pbp
401736367,,rickea jackson,11.0,5.0,16.0,pbp
401736367,,sarah ashlee barker,3.0,0.0,3.0,pbp
401736367,,shakira austin,2.0,9.0,11.0,pbp
401736367,,sonia citron,2.0,10.0,12.0,pbp
401736367,,stefanie dolson,7.0,3.0,10.0,pbp
401736367,,sug sutton,2.0,0.0,2.0,pbp
401736368,,aerial powers,5.0,12.0,17.0,pbp
401736368,,aliyah boston,2.0,2.0,4.0,pbp
401736368,,brianna turner,2.0,0.0,2.0,pbp
401736368,,carla leite,0.0,7.0,7.0,pbp
401736368,,iliana rupert,11.0,10.0,21.0,pbp
401736368,,janelle salaun,10.0,0.0,10.0,pbp
401736368,,kaila charles,7.0,2.0,9.0,pbp
401736368,,kate martin,6.0,4.0,10.0,pbp
401736368,,kelsey mitchell,9.0,5.0,14.0,pbp
401736368,,laeticia amihere,2.0,2.0,4.0,pbp
401736368,,lexie hull,5.0,3.0,8.0,pbp
401736368,,natasha howard,4.0,9.0,13.0,pbp
401736368,,odyssey sims,5.0,0.0,5.0,pbp
401736368,,temi fagbenle,2.0,4.0,6.0,pbp
401736368,,veronica burton,6.0,2.0,8.0,pbp
401736369,,aaliyah edwards,0.0,4.0,4.0,pbp
401736369,,allisha gray,11.0,6.0,17.0,pbp
401736369,,aneesah morrow,6.0,0.0,6.0,pbp
401736369,,brionna jones,8.0,2.0,10.0,pbp
401736369,,brittney griner,7.0,0.0,7.0,pbp
401736369,,jordin canada,0.0,15.0,15.0,pbp
401736369,,leila lacan,11.0,6.0,17.0,pbp
401736369,,lindsay allen,4.0,1.0,5.0,pbp
401736369,,marina mabrey,10.0,2.0,12.0,pbp
401736369,,naz hillmon,9.0,8.0,17.0,pbp
401736369,,nia coffey,1.0,0.0,1.0,pbp
401736369,,rhyne howard,3.0,20.0,23.0,pbp
401736369,,saniya rivers,4.0,6.0,10.0,pbp
401736369,,te-hina paopao,3.0,0.0,3.0,pbp
401736369,,tina charles,13.0,9.0,22.0,pbp
401736370,,alanna smith,2.0,2.0,4.0,pbp
401736370,,amy okonkwo,10.0,2.0,12.0,pbp
401736370,,anastasiia olairi kosu,0.0,2.0,2.0,pbp
401736370,,bridget carleton,6.0,6.0,12.0,pbp
401736370,,christyn williams,4.0,5.0,9.0,pbp
401736370,,courtney williams,11.0,4.0,15.0,pbp
401736370,,diamond miller,6.0,6.0,12.0,pbp
401736370,,dijonai carrington,4.0,0.0,4.0,pbp
401736370,,grace berger,0.0,2.0,2.0,pbp
401736370,,jaylyn sherrod,0.0,2.0,2.0,pbp
401736370,,jessica shepard,0.0,8.0,8.0,pbp
401736370,,maddy siegrist,10.0,2.0,12.0,pbp
401736370,,maria kliundikova,2.0,2.0,4.0,pbp
401736370,,myisha hines-allen,2.0,5.0,7.0,pbp
401736370,,napheesa collier,18.0,7.0,25.0,pbp
401736370,,natisha hiedeman,5.0,14.0,19.0,pbp
401736370,,paige bueckers,9.0,8.0,17.0,pbp
401736371,,azura stevens,3.0,0.0,3.0,pbp
401736371,,brittney sykes,2.0,5.0,7.0,pbp
401736371,,cameron brink,3.0,6.0,9.0,pbp
401736371,,dearica hamby,10.0,17.0,27.0,pbp
401736371,,dominique malonga,4.0,4.0,8.0,pbp
401736371,,erica wheeler,3.0,3.0,6.0,pbp
401736371,,ezi magbegor,11.0,0.0,11.0,pbp
401736371,,gabby williams,4.0,4.0,8.0,pbp
401736371,,julie allemand,0.0,2.0,2.0,pbp
401736371,,kelsey plum,4.0,10.0,14.0,pbp
401736371,,nneka ogwumike,15.0,6.0,21.0,pbp
401736371,,rae burrell,9.0,2.0,11.0,pbp
401736371,,rickea jackson,8.0,15.0,23.0,pbp
401736371,,sarah ashlee barker,2.0,0.0,2.0,pbp
401736371,,skylar diggins,11.0,10.0,21.0,pbp
401736371,,tiffany mitchell,3.0,0.0,3.0,pbp
401736372,,breanna stewart,2.0,17.0,19.0,pbp
401736372,,carla leite,2.0,4.0,6.0,pbp
401736372,,emma meesseman,5.0,4.0,9.0,pbp
401736372,,iliana rupert,2.0,0.0,2.0,pbp
401736372,,janelle salaun,4.0,6.0,10.0,pbp
401736372,,jonquel jones,5.0,0.0,5.0,pbp
401736372,,kaila charles,4.0,6.0,10.0,pbp
401736372,,kate martin,11.0,0.0,11.0,pbp
401736372,,leonie fiebich,0.0,3.0,3.0,pbp
401736372,,marine johannes,3.0,0.0,3.0,pbp
401736372,,monique billings,5.0,0.0,5.0,pbp
401736372,,natasha cloud,11.0,8.0,19.0,pbp
401736372,,temi fagbenle,9.0,7.0,16.0,pbp
401736372,,veronica burton,3.0,3.0,6.0,pbp
401736373,,aerial powers,0.0,6.0,6.0,pbp
401736373,,aliyah boston,8.0,3.0,11.0,pbp
401736373,,alyssa thomas,14.0,9.0,23.0,pbp
401736373,,brianna turner,2.0,2.0,4.0,pbp
401736373,,damiris dantas,0.0,2.0,2.0,pbp
401736373,,dewanna bonner,11.0,8.0,19.0,pbp
401736373,,kahleah copper,9.0,2.0,11.0,pbp
401736373,,kathryn westbeld,2.0,0.0,2.0,pbp
401736373,,kelsey mitchell,14.0,14.0,28.0,pbp
401736373,,lexie hull,10.0,8.0,18.0,pbp
401736373,,monique akoa makani,3.0,0.0,3.0,pbp
401736373,,natasha howard,4.0,0.0,4.0,pbp
401736373,,natasha mack,0.0,4.0,4.0,pbp
401736373,,odyssey sims,0.0,5.0,5.0,pbp
401736373,,sami whitcomb,6.0,4.0,10.0,pbp
401736373,,satou sabally,9.0,4.0,13.0,pbp
401736374,,alissa pili,0.0,2.0,2.0,pbp
401736374,,azura stevens,3.0,2.0,5.0,pbp
401736374,,brionna jones,9.0,7.0,16.0,pbp
401736374,,brittney griner,4.0,0.0,4.0,pbp
401736374,,cameron brink,3.0,0.0,3.0,pbp
401736374,,dearica hamby,12.0,9.0,21.0,pbp
401736374,,jordin canada,7.0,3.0,10.0,pbp
401736374,,julie allemand,3.0,0.0,3.0,pbp
401736374,,kelsey plum,11.0,7.0,18.0,pbp
401736374,,maya caldwell,9.0,5.0,14.0,pbp
401736374,,naz hillmon,6.0,9.0,15.0,pbp
401736374,,nia coffey,3.0,0.0,3.0,pbp
401736374,,rae burrell,2.0,1.0,3.0,pbp
401736374,,rhyne howard,11.0,7.0,18.0,pbp
401736374,,rickea jackson,6.0,9.0,15.0,pbp
401736374,,sania feagin,0.0,2.0,2.0,pbp
401736374,,sarah ashlee barker,1.0,2.0,3.0,pbp
401736374,,te-hina paopao,3.0,2.0,5.0,pbp
401736375,,aaliyah edwards,2.0,2.0,4.0,pbp
401736375,,aneesah morrow,2.0,0.0,2.0,pbp
401736375,,angel reese,9.0,9.0,18.0,pbp
401736375,,ariel atkins,3.0,3.0,6.0,pbp
401736375,,elizabeth williams,6.0,4.0,10.0,pbp
401736375,,haley peters,0.0,3.0,3.0,pbp
401736375,,kamilla cardoso,12.0,4.0,16.0,pbp
401736375,,kia nurse,2.0,10.0,12.0,pbp
401736375,,leila lacan,2.0,6.0,8.0,pbp
401736375,,lindsay allen,4.0,4.0,8.0,pbp
401736375,,maddy westbeld,0.0,4.0,4.0,pbp
401736375,,michaela onyenwere,5.0,0.0,5.0,pbp
401736375,,rachel banham,5.0,5.0,10.0,pbp
401736375,,rayah marshall,2.0,2.0,4.0,pbp
401736375,,rebecca allen,0.0,5.0,5.0,pbp
401736375,,saniya rivers,2.0,14.0,16.0,pbp
401736375,,sevgi uzun,0.0,2.0,2.0,pbp
401736375,,tina charles,13.0,6.0,19.0,pbp
401736376,,alysha clark,7.0,2.0,9.0,pbp
401736376,,alyssa thomas,4.0,8.0,12.0,pbp
401736376,,dewanna bonner,6.0,3.0,9.0,pbp
401736376,,emily engstler,4.0,0.0,4.0,pbp
401736376,,jade melbourne,2.0,0.0,2.0,pbp
401736376,,kahleah copper,14.0,4.0,18.0,pbp
401736376,,kathryn westbeld,1.0,0.0,1.0,pbp
401736376,,kiki iriafen,8.0,10.0,18.0,pbp
401736376,,lucy olsen,3.0,2.0,5.0,pbp
401736376,,monique akoa makani,3.0,2.0,5.0,pbp
401736376,,natasha mack,6.0,2.0,8.0,pbp
401736376,,sami whitcomb,5.0,6.0,11.0,pbp
401736376,,satou sabally,4.0,6.0,10.0,pbp
401736376,,shakira austin,9.0,6.0,15.0,pbp
401736376,,sonia citron,3.0,4.0,7.0,pbp
401736376,,sug sutton,0.0,9.0,9.0,pbp
401736377,,amy okonkwo,2.0,0.0,2.0,pbp
401736377,,aziaha james,3.0,2.0,5.0,pbp
401736377,,carla leite,3.0,12.0,15.0,pbp
401736377,,haley jones,11.0,6.0,17.0,pbp
401736377,,iliana rupert,5.0,5.0,10.0,pbp
401736377,,janelle salaun,5.0,14.0,19.0,pbp
401736377,,kate martin,6.0,3.0,9.0,pbp
401736377,,maddy siegrist,11.0,5.0,16.0,pbp
401736377,,monique billings,6.0,5.0,11.0,pbp
401736377,,myisha hines-allen,7.0,5.0,12.0,pbp
401736377,,paige bueckers,6.0,21.0,27.0,pbp
401736377,,temi fagbenle,3.0,2.0,5.0,pbp
401736377,,veronica burton,4.0,11.0,15.0,pbp
401736378,,a'ja wilson,17.0,14.0,31.0,pbp
401736378,,aaliyah nye,3.0,3.0,6.0,pbp
401736378,,alanna smith,7.0,6.0,13.0,pbp
401736378,,anastasiia olairi kosu,0.0,2.0,2.0,pbp
401736378,,bridget carleton,9.0,0.0,9.0,pbp
401736378,,chelsea gray,6.0,7.0,13.0,pbp
401736378,,courtney williams,10.0,4.0,14.0,pbp
401736378,,dana evans,2.0,4.0,6.0,pbp
401736378,,jackie young,12.0,8.0,20.0,pbp
401736378,,jessica shepard,0.0,2.0,2.0,pbp
401736378,,jewell loyd,3.0,3.0,6.0,pbp
401736378,,kayla mcbride,7.0,3.0,10.0,pbp
401736378,,kierstan bell,2.0,3.0,5.0,pbp
401736378,,maria kliundikova,0.0,3.0,3.0,pbp
401736378,,nalyssa smith,2.0,8.0,10.0,pbp
401736378,,napheesa collier,7.0,5.0,12.0,pbp
401736378,,natisha hiedeman,4.0,18.0,22.0,pbp
401736379,,alissa pili,2.0,4.0,6.0,pbp
401736379,,azura stevens,3.0,0.0,3.0,pbp
401736379,,brionna jones,2.0,10.0,12.0,pbp
401736379,,brittney griner,4.0,4.0,8.0,pbp
401736379,,cameron brink,0.0,1.0,1.0,pbp
401736379,,dearica hamby,18.0,8.0,26.0,pbp
401736379,,jordin canada,1.0,3.0,4.0,pbp
401736379,,julie allemand,4.0,5.0,9.0,pbp
401736379,,kelsey plum,12.0,8.0,20.0,pbp
401736379,,maya caldwell,5.0,14.0,19.0,pbp
401736379,,naz hillmon,3.0,5.0,8.0,pbp
401736379,,nia coffey,5.0,0.0,5.0,pbp
401736379,,rae burrell,0.0,3.0,3.0,pbp
401736379,,rhyne howard,29.0,8.0,37.0,pbp
401736379,,rickea jackson,13.0,4.0,17.0,pbp
401736379,,sika kone,0.0,4.0,4.0,pbp
401736379,,te-hina paopao,7.0,0.0,7.0,pbp
401736380,,aerial powers,4.0,6.0,10.0,pbp
401736380,,aliyah boston,4.0,7.0,11.0,pbp
401736380,,ariel atkins,8.0,2.0,10.0,pbp
401736380,,brianna turner,0.0,2.0,2.0,pbp
401736380,,damiris dantas,4.0,3.0,7.0,pbp
401736380,,elizabeth williams,9.0,4.0,13.0,pbp
401736380,,kamilla cardoso,9.0,9.0,18.0,pbp
401736380,,kelsey mitchell,15.0,5.0,20.0,pbp
401736380,,kia nurse,2.0,1.0,3.0,pbp
401736380,,lexie hull,6.0,3.0,9.0,pbp
401736380,,maddy westbeld,0.0,7.0,7.0,pbp
401736380,,makayla timpson,0.0,4.0,4.0,pbp
401736380,,michaela onyenwere,6.0,12.0,18.0,pbp
401736380,,natasha howard,10.0,8.0,18.0,pbp
401736380,,odyssey sims,13.0,0.0,13.0,pbp
401736380,,rebecca allen,3.0,0.0,3.0,pbp
401736380,,sevgi uzun,4.0,1.0,5.0,pbp
401736380,,shey peddy,0.0,3.0,3.0,pbp
401736381,,breanna stewart,8.0,16.0,24.0,pbp
401736381,,brittney sykes,4.0,7.0,11.0,pbp
401736381,,dominique malonga,6.0,2.0,8.0,pbp
401736381,,emma meesseman,7.0,2.0,9.0,pbp
401736381,,erica wheeler,9.0,3.0,12.0,pbp
401736381,,ezi magbegor,0.0,2.0,2.0,pbp
401736381,,gabby williams,7.0,0.0,7.0,pbp
401736381,,isabelle harrison,0.0,1.0,1.0,pbp
401736381,,jonquel jones,2.0,0.0,2.0,pbp
401736381,,kennedy burke,0.0,13.0,13.0,pbp
401736381,,leonie fiebich,16.0,5.0,21.0,pbp
401736381,,natasha cloud,4.0,6.0,10.0,pbp
401736381,,nneka ogwumike,10.0,10.0,20.0,pbp
401736381,,rebekah gardner,2.0,2.0,4.0,pbp
401736381,,skylar diggins,9.0,5.0,14.0,pbp
401736381,,tiffany mitchell,2.0,0.0,2.0,pbp
401736382,,aaliyah edwards,0.0,4.0,4.0,pbp
401736382,,alyssa thomas,9.0,5.0,14.0,pbp
401736382,,aneesah morrow,0.0,9.0,9.0,pbp
401736382,,dewanna bonner,6.0,3.0,9.0,pbp
401736382,,haley peters,3.0,0.0,3.0,pbp
401736382,,kahleah copper,6.0,12.0,18.0,pbp
401736382,,kathryn westbeld,3.0,0.0,3.0,pbp
401736382,,leila lacan,6.0,8.0,14.0,pbp
401736382,,lexi held,2.0,0.0,2.0,pbp
401736382,,lindsay allen,2.0,1.0,3.0,pbp
401736382,,mamignan toure,3.0,0.0,3.0,pbp
401736382,,marina mabrey,14.0,9.0,23.0,pbp
401736382,,monique akoa makani,7.0,0.0,7.0,pbp
401736382,,natasha mack,3.0,4.0,7.0,pbp
401736382,,sami whitcomb,8.0,5.0,13.0,pbp
401736382,,saniya rivers,2.0,3.0,5.0,pbp
401736382,,satou sabally,6.0,5.0,11.0,pbp
401736382,,tina charles,16.0,6.0,22.0,pbp
401736383,,bridget carleton,0.0,4.0,4.0,pbp
401736383,,courtney williams,7.0,7.0,14.0,pbp
401736383,,iliana rupert,5.0,10.0,15.0,pbp
401736383,,janelle salaun,8.0,7.0,15.0,pbp
401736383,,jessica shepard,6.0,6.0,12.0,pbp
401736383,,kaila charles,10.0,5.0,15.0,pbp
401736383,,kate martin,2.0,0.0,2.0,pbp
401736383,,kayla mcbride,0.0,4.0,4.0,pbp
401736383,,monique billings,3.0,2.0,5.0,pbp
401736383,,napheesa collier,8.0,12.0,20.0,pbp
401736383,,natisha hiedeman,10.0,13.0,23.0,pbp
401736383,,temi fagbenle,6.0,0.0,6.0,pbp
401736383,,veronica burton,2.0,12.0,14.0,pbp
401736384,,aerial powers,5.0,10.0,15.0,pbp
401736384,,aliyah boston,8.0,4.0,12.0,pbp
401736384,,alysha clark,5.0,2.0,7.0,pbp
401736384,,brianna turner,0.0,2.0,2.0,pbp
401736384,,damiris dantas,3.0,6.0,9.0,pbp
401736384,,emily engstler,4.0,0.0,4.0,pbp
401736384,,jade melbourne,0.0,4.0,4.0,pbp
401736384,,kelsey mitchell,3.0,7.0,10.0,pbp
401736384,,kiki iriafen,2.0,9.0,11.0,pbp
401736384,,lexie hull,4.0,3.0,7.0,pbp
401736384,,lucy olsen,2.0,2.0,4.0,pbp
401736384,,makayla timpson,0.0,3.0,3.0,pbp
401736384,,natasha howard,10.0,7.0,17.0,pbp
401736384,,odyssey sims,4.0,2.0,6.0,pbp
401736384,,shakira austin,7.0,4.0,11.0,pbp
401736384,,shey peddy,8.0,5.0,13.0,pbp
401736384,,sonia citron,13.0,4.0,17.0,pbp
401736384,,stefanie dolson,3.0,0.0,3.0,pbp
401736384,,sug sutton,2.0,2.0,4.0,pbp
401736385,,amy okonkwo,4.0,5.0,9.0,pbp
401736385,,aziaha james,2.0,0.0,2.0,pbp
401736385,,azura stevens,11.0,2.0,13.0,pbp
401736385,,cameron brink,2.0,4.0,6.0,pbp
401736385,,christyn williams,0.0,4.0,4.0,pbp
401736385,,dearica hamby,8.0,7.0,15.0,pbp
401736385,,diamond miller,0.0,3.0,3.0,pbp
401736385,,grace berger,5.0,2.0,7.0,pbp
401736385,,haley jones,6.0,0.0,6.0,pbp
401736385,,julie allemand,5.0,16.0,21.0,pbp
401736385,,kelsey plum,7.0,5.0,12.0,pbp
401736385,,maddy siegrist,4.0,9.0,13.0,pbp
401736385,,myisha hines-allen,4.0,11.0,15.0,pbp
401736385,,paige bueckers,8.0,10.0,18.0,pbp
401736385,,rae burrell,0.0,13.0,13.0,pbp
401736385,,rickea jackson,9.0,2.0,11.0,pbp
401736386,,a'ja wilson,15.0,16.0,31.0,pbp
401736386,,chelsea gray,10.0,3.0,13.0,pbp
401736386,,dana evans,4.0,0.0,4.0,pbp
401736386,,elizabeth williams,2.0,8.0,10.0,pbp
401736386,,jackie young,10.0,10.0,20.0,pbp
401736386,,jewell loyd,0.0,6.0,6.0,pbp
401736386,,kamilla cardoso,10.0,0.0,10.0,pbp
401736386,,kia nurse,2.0,6.0,8.0,pbp
401736386,,kiah stokes,0.0,2.0,2.0,pbp
401736386,,maddy westbeld,0.0,2.0,2.0,pbp
401736386,,megan gustafson,4.0,0.0,4.0,pbp
401736386,,michaela onyenwere,6.0,6.0,12.0,pbp
401736386,,rachel banham,8.0,4.0,12.0,pbp
401736386,,rebecca allen,0.0,2.0,2.0,pbp
401736386,,sevgi uzun,2.0,8.0,10.0,pbp
401736387,,aaliyah edwards,2.0,1.0,3.0,pbp
401736387,,allisha gray,8.0,7.0,15.0,pbp
401736387,,aneesah morrow,6.0,7.0,13.0,pbp
401736387,,brionna jones,6.0,2.0,8.0,pbp
401736387,,brittney griner,6.0,4.0,10.0,pbp
401736387,,haley peters,3.0,0.0,3.0,pbp
401736387,,jordin canada,2.0,4.0,6.0,pbp
401736387,,lindsay allen,4.0,0.0,4.0,pbp
401736387,,mamignan toure,0.0,3.0,3.0,pbp
401736387,,marina mabrey,8.0,0.0,8.0,pbp
401736387,,maya caldwell,3.0,8.0,11.0,pbp
401736387,,naz hillmon,12.0,2.0,14.0,pbp
401736387,,rhyne howard,6.0,12.0,18.0,pbp
401736387,,saniya rivers,10.0,6.0,16.0,pbp
401736387,,te-hina paopao,2.0,3.0,5.0,pbp
401736387,,tina charles,10.0,2.0,12.0,pbp
401736388,,alysha clark,2.0,3.0,5.0,pbp
401736388,,breanna stewart,12.0,2.0,14.0,pbp
401736388,,emma meesseman,8.0,11.0,19.0,pbp
401736388,,isabelle harrison,0.0,2.0,2.0,pbp
401736388,,jade melbourne,0.0,6.0,6.0,pbp
401736388,,jonquel jones,1.0,11.0,12.0,pbp
401736388,,kennedy burke,3.0,2.0,5.0,pbp
401736388,,kiki iriafen,9.0,7.0,16.0,pbp
401736388,,leonie fiebich,3.0,0.0,3.0,pbp
401736388,,lucy olsen,4.0,2.0,6.0,pbp
401736388,,madison scott,0.0,2.0,2.0,pbp
401736388,,natasha cloud,9.0,2.0,11.0,pbp
401736388,,rebekah gardner,3.0,0.0,3.0,pbp
401736388,,sabrina ionescu,2.0,4.0,6.0,pbp
401736388,,shakira austin,4.0,9.0,13.0,pbp
401736388,,sonia citron,5.0,8.0,13.0,pbp
401736388,,sug sutton,2.0,3.0,5.0,pbp
401736389,,aerial powers,8.0,0.0,8.0,pbp
401736389,,alanna smith,4.0,7.0,11.0,pbp
401736389,,aliyah boston,6.0,6.0,12.0,pbp
401736389,,anastasiia olairi kosu,0.0,6.0,6.0,pbp
401736389,,brianna turner,1.0,2.0,3.0,pbp
401736389,,bridget carleton,2.0,2.0,4.0,pbp
401736389,,camryn taylor,0.0,3.0,3.0,pbp
401736389,,courtney williams,8.0,0.0,8.0,pbp
401736389,,damiris dantas,3.0,7.0,10.0,pbp
401736389,,jaylyn sherrod,0.0,2.0,2.0,pbp
401736389,,jessica shepard,10.0,6.0,16.0,pbp
401736389,,kayla mcbride,2.0,2.0,4.0,pbp
401736389,,kelsey mitchell,9.0,9.0,18.0,pbp
401736389,,lexie hull,0.0,4.0,4.0,pbp
401736389,,maria kliundikova,6.0,6.0,12.0,pbp
401736389,,natasha howard,8.0,2.0,10.0,pbp
401736389,,natisha hiedeman,4.0,2.0,6.0,pbp
401736389,,odyssey sims,11.0,4.0,15.0,pbp
401736389,,shey peddy,3.0,0.0,3.0,pbp
401736390,,a'ja wilson,7.0,4.0,11.0,pbp
401736390,,aaliyah nye,2.0,0.0,2.0,pbp
401736390,,chelsea gray,7.0,3.0,10.0,pbp
401736390,,cheyenne parker-tyus,2.0,6.0,8.0,pbp
401736390,,dana evans,5.0,8.0,13.0,pbp
401736390,,elizabeth williams,4.0,0.0,4.0,pbp
401736390,,jackie young,5.0,9.0,14.0,pbp
401736390,,jewell loyd,6.0,9.0,15.0,pbp
401736390,,kamilla cardoso,11.0,2.0,13.0,pbp
401736390,,kia nurse,0.0,9.0,9.0,pbp
401736390,,maddy westbeld,0.0,7.0,7.0,pbp
401736390,,megan gustafson,0.0,5.0,5.0,pbp
401736390,,michaela onyenwere,9.0,4.0,13.0,pbp
401736390,,nalyssa smith,9.0,4.0,13.0,pbp
401736390,,rachel banham,0.0,4.0,4.0,pbp
401736390,,rebecca allen,7.0,0.0,7.0,pbp
401736390,,sevgi uzun,4.0,0.0,4.0,pbp
401736391,,alyssa thomas,8.0,2.0,10.0,pbp
401736391,,azura stevens,0.0,8.0,8.0,pbp
401736391,,cameron brink,4.0,0.0,4.0,pbp
401736391,,dearica hamby,7.0,18.0,25.0,pbp
401736391,,julie allemand,4.0,3.0,7.0,pbp
401736391,,kahleah copper,5.0,4.0,9.0,pbp
401736391,,kalani brown,0.0,7.0,7.0,pbp
401736391,,kathryn westbeld,2.0,0.0,2.0,pbp
401736391,,kelsey plum,11.0,6.0,17.0,pbp
401736391,,kiana williams,0.0,7.0,7.0,pbp
401736391,,kitija laksa,0.0,3.0,3.0,pbp
401736391,,lexi held,0.0,4.0,4.0,pbp
401736391,,monique akoa makani,4.0,2.0,6.0,pbp
401736391,,rae burrell,14.0,6.0,20.0,pbp
401736391,,rickea jackson,5.0,2.0,7.0,pbp
401736391,,sami whitcomb,8.0,3.0,11.0,pbp
401736391,,satou sabally,17.0,7.0,24.0,pbp
401736392,,brittney sykes,6.0,8.0,14.0,pbp
401736392,,dominique malonga,6.0,3.0,9.0,pbp
401736392,,erica wheeler,3.0,14.0,17.0,pbp
401736392,,ezi magbegor,3.0,3.0,6.0,pbp
401736392,,gabby williams,2.0,0.0,2.0,pbp
401736392,,iliana rupert,3.0,3.0,6.0,pbp
401736392,,janelle salaun,5.0,17.0,22.0,pbp
401736392,,kaila charles,12.0,0.0,12.0,pbp
401736392,,monique billings,0.0,5.0,5.0,pbp
401736392,,nneka ogwumike,7.0,9.0,16.0,pbp
401736392,,skylar diggins,6.0,4.0,10.0,pbp
401736392,,temi fagbenle,9.0,5.0,14.0,pbp
401736392,,veronica burton,7.0,7.0,14.0,pbp
401736393,,aaliyah edwards,0.0,4.0,4.0,pbp
401736393,,allisha gray,7.0,6.0,13.0,pbp
401736393,,aneesah morrow,4.0,7.0,11.0,pbp
401736393,,brionna jones,7.0,6.0,13.0,pbp
401736393,,brittney griner,11.0,6.0,17.0,pbp
401736393,,jordin canada,2.0,2.0,4.0,pbp
401736393,,lindsay allen,0.0,4.0,4.0,pbp
401736393,,mamignan toure,0.0,4.0,4.0,pbp
401736393,,marina mabrey,9.0,13.0,22.0,pbp
401736393,,maya caldwell,0.0,3.0,3.0,pbp
401736393,,naz hillmon,4.0,3.0,7.0,pbp
401736393,,nia coffey,10.0,0.0,10.0,pbp
401736393,,rayah marshall,2.0,0.0,2.0,pbp
401736393,,rhyne howard,8.0,7.0,15.0,pbp
401736393,,saniya rivers,5.0,11.0,16.0,pbp
401736393,,te-hina paopao,2.0,4.0,6.0,pbp
401736393,,tina charles,8.0,1.0,9.0,pbp
401736394,,breanna stewart,16.0,8.0,24.0,pbp
401736394,,emma meesseman,10.0,4.0,14.0,pbp
401736394,,jonquel jones,5.0,2.0,7.0,pbp
401736394,,kamilla cardoso,11.0,10.0,21.0,pbp
401736394,,kennedy burke,2.0,2.0,4.0,pbp
401736394,,kia nurse,7.0,2.0,9.0,pbp
401736394,,leonie fiebich,3.0,2.0,5.0,pbp
401736394,,maddy westbeld,9.0,15.0,24.0,pbp
401736394,,marine johannes,0.0,3.0,3.0,pbp
401736394,,michaela onyenwere,5.0,6.0,11.0,pbp
401736394,,natasha cloud,2.0,0.0,2.0,pbp
401736394,,nyara sabally,0.0,4.0,4.0,pbp
401736394,,rachel banham,6.0,7.0,13.0,pbp
401736394,,rebecca allen,3.0,3.0,6.0,pbp
401736394,,rebekah gardner,7.0,8.0,15.0,pbp
401736394,,sabrina ionescu,11.0,0.0,11.0,pbp
401736394,,stephanie talbot,0.0,2.0,2.0,pbp
401736395,,alyssa thomas,3.0,0.0,3.0,pbp
401736395,,amy okonkwo,11.0,9.0,20.0,pbp
401736395,,aziaha james,13.0,6.0,19.0,pbp
401736395,,christyn williams,0.0,2.0,2.0,pbp
401736395,,diamond miller,0.0,4.0,4.0,pbp
401736395,,grace berger,4.0,0.0,4.0,pbp
401736395,,haley jones,2.0,4.0,6.0,pbp
401736395,,kahleah copper,5.0,3.0,8.0,pbp
401736395,,kalani brown,8.0,4.0,12.0,pbp
401736395,,kathryn westbeld,4.0,5.0,9.0,pbp
401736395,,kiana williams,0.0,8.0,8.0,pbp
401736395,,kitija laksa,3.0,5.0,8.0,pbp
401736395,,lexi held,5.0,0.0,5.0,pbp
401736395,,maddy siegrist,4.0,6.0,10.0,pbp
401736395,,monique akoa makani,6.0,0.0,6.0,pbp
401736395,,myisha hines-allen,7.0,0.0,7.0,pbp
401736395,,natasha mack,2.0,1.0,3.0,pbp
401736395,,paige bueckers,15.0,9.0,24.0,pbp
401736395,,satou sabally,11.0,3.0,14.0,pbp
401736396,,bridget carleton,0.0,3.0,3.0,pbp
401736396,,carla leite,0.0,1.0,1.0,pbp
401736396,,cecilia zandalasini,5.0,3.0,8.0,pbp
401736396,,courtney williams,6.0,0.0,6.0,pbp
401736396,,iliana rupert,0.0,8.0,8.0,pbp
401736396,,janelle salaun,0.0,5.0,5.0,pbp
401736396,,jaylyn sherrod,0.0,2.0,2.0,pbp
401736396,,jessica shepard,4.0,7.0,11.0,pbp
401736396,,kaila charles,6.0,2.0,8.0,pbp
401736396,,kayla mcbride,5.0,3.0,8.0,pbp
401736396,,laeticia amihere,0.0,3.0,3.0,pbp
401736396,,maria kliundikova,2.0,0.0,2.0,pbp
401736396,,monique billings,2.0,4.0,6.0,pbp
401736396,,napheesa collier,12.0,7.0,19.0,pbp
401736396,,natisha hiedeman,5.0,16.0,21.0,pbp
401736396,,temi fagbenle,6.0,0.0,6.0,pbp
401736396,,veronica burton,3.0,5.0,8.0,pbp
401736397,,a'ja wilson,6.0,17.0,23.0,pbp
401736397,,aaliyah nye,3.0,3.0,6.0,pbp
401736397,,alissa pili,0.0,7.0,7.0,pbp
401736397,,azura stevens,5.0,0.0,5.0,pbp
401736397,,cameron brink,2.0,0.0,2.0,pbp
401736397,,chelsea gray,12.0,3.0,15.0,pbp
401736397,,cheyenne parker-tyus,0.0,7.0,7.0,pbp
401736397,,dearica hamby,7.0,8.0,15.0,pbp
401736397,,jackie young,12.0,3.0,15.0,pbp
401736397,,jewell loyd,12.0,8.0,20.0,pbp
401736397,,julie vanloo,0.0,2.0,2.0,pbp
401736397,,kelsey plum,11.0,4.0,15.0,pbp
401736397,,megan gustafson,0.0,3.0,3.0,pbp
401736397,,nalyssa smith,6.0,4.0,10.0,pbp
401736397,,rae burrell,3.0,7.0,10.0,pbp
401736397,,sania feagin,2.0,2.0,4.0,pbp
401736397,,sarah ashlee barker,4.0,11.0,15.0,pbp
401736430,,aari mcdonald,7.0,5.0,12.0,pbp
401736430,,alanna smith,7.0,8.0,15.0,pbp
401736430,,aliyah boston,2.0,10.0,12.0,pbp
401736430,,courtney williams,5.0,6.0,11.0,pbp
401736430,,jessica shepard,4.0,5.0,9.0,pbp
401736430,,kayla mcbride,2.0,5.0,7.0,pbp
401736430,,kelsey mitchell,8.0,4.0,12.0,pbp
401736430,,lexie hull,0.0,6.0,6.0,pbp
401736430,,maria kliundikova,2.0,0.0,2.0,pbp
401736430,,napheesa collier,6.0,6.0,12.0,pbp
401736430,,natasha howard,6.0,10.0,16.0,pbp
401736430,,natisha hiedeman,1.0,2.0,3.0,pbp
401736430,,sophie cunningham,6.0,7.0,13.0,pbp
401736430,,sydney colson,3.0,0.0,3.0,pbp
401761344,,allisha gray,5.0,2.0,7.0,pbp
401761344,,ashten prechtel,2.0,5.0,7.0,pbp
401761344,,brionna jones,4.0,2.0,6.0,pbp
401761344,,brittney griner,14.0,2.0,16.0,pbp
401761344,,brittney sykes,11.0,2.0,13.0,pbp
401761344,,emily engstler,2.0,7.0,9.0,pbp
401761344,,jade melbourne,6.0,0.0,6.0,pbp
401761344,,khadijiah cave,0.0,4.0,4.0,pbp
401761344,,kiki iriafen,2.0,10.0,12.0,pbp
401761344,,lucy olsen,2.0,0.0,2.0,pbp
401761344,,maria gakdeng,0.0,2.0,2.0,pbp
401761344,,maya caldwell,0.0,3.0,3.0,pbp
401761344,,naz hillmon,0.0,2.0,2.0,pbp
401761344,,nia coffey,5.0,9.0,14.0,pbp
401761344,,rhyne howard,11.0,3.0,14.0,pbp
401761344,,shatori walker-kimbrough,5.0,1.0,6.0,pbp
401761344,,sonia citron,5.0,0.0,5.0,pbp
401761344,,stefanie dolson,2.0,0.0,2.0,pbp
401761344,,sug sutton,2.0,2.0,4.0,pbp
401761344,,taylor thierry,0.0,3.0,3.0,pbp
401761344,,te-hina paopao,5.0,2.0,7.0,pbp
401761344,,zaay green,0.0,6.0,6.0,pbp
401761345,,aliyah boston,7.0,2.0,9.0,pbp
401761345,,allisha gray,2.0,2.0,4.0,pbp
401761345,,ashley joens,0.0,5.0,5.0,pbp
401761345,,brianna turner,2.0,0.0,2.0,pbp
401761345,,brionna jones,5.0,6.0,11.0,pbp
401761345,,brittney griner,3.0,0.0,3.0,pbp
401761345,,caitlin clark,10.0,2.0,12.0,pbp
401761345,,dewanna bonner,4.0,4.0,8.0,pbp
401761345,,haley jones,0.0,7.0,7.0,pbp
401761345,,jaelyn brown,0.0,5.0,5.0,pbp
401761345,,kelsey mitchell,4.0,8.0,12.0,pbp
401761345,,lexie hull,0.0,14.0,14.0,pbp
401761345,,makayla timpson,0.0,2.0,2.0,pbp
401761345,,natasha howard,8.0,0.0,8.0,pbp
401761345,,naz hillmon,5.0,2.0,7.0,pbp
401761345,,nia coffey,2.0,0.0,2.0,pbp
401761345,,rhyne howard,7.0,3.0,10.0,pbp
401761345,,shatori walker-kimbrough,5.0,3.0,8.0,pbp
401761345,,sophie cunningham,5.0,0.0,5.0,pbp
401761345,,sydney colson,1.0,2.0,3.0,pbp
401761345,,taylor thierry,0.0,5.0,5.0,pbp
401761345,,te-hina paopao,11.0,3.0,14.0,pbp
401761346,,alex wilson,0.0,3.0,3.0,pbp
401761346,,aline moura,3.0,9.0,12.0,pbp
401761346,,angel reese,11.0,4.0,15.0,pbp
401761346,,arella guirantes,0.0,2.0,2.0,pbp
401761346,,ariel atkins,2.0,0.0,2.0,pbp
401761346,,ayla mcdowell,0.0,2.0,2.0,pbp
401761346,,bella nascimento,3.0,0.0,3.0,pbp
401761346,,catarina ferreira,5.0,4.0,9.0,pbp
401761346,,cerina martins,0.0,4.0,4.0,pbp
401761346,,courtney vandersloot,2.0,0.0,2.0,pbp
401761346,,elizabeth williams,4.0,2.0,6.0,pbp
401761346,,emanuely de oliveria,1.0,2.0,3.0,pbp
401761346,,hailey van lith,0.0,7.0,7.0,pbp
401761346,,iza nicoletti,0.0,2.0,2.0,pbp
401761346,,iza varejao,0.0,4.0,4.0,pbp
401761346,,kamilla cardoso,6.0,0.0,6.0,pbp
401761346,,kia nurse,11.0,0.0,11.0,pbp
401761346,,licinara rodrigues,2.0,2.0,4.0,pbp
401761346,,maddy westbeld,0.0,5.0,5.0,pbp
401761346,,manu alves,8.0,1.0,9.0,pbp
401761346,,michaela onyenwere,5.0,0.0,5.0,pbp
401761346,,morgan bertsch,0.0,5.0,5.0,pbp
401761346,,moriah jefferson,2.0,0.0,2.0,pbp
401761346,,rachel banham,4.0,0.0,4.0,pbp
401761346,,rebecca allen,5.0,0.0,5.0,pbp
401761346,,sammie puisis,0.0,2.0,2.0,pbp
401761346,,taissa queiroz,5.0,0.0,5.0,pbp
401761346,,tilly boler,0.0,7.0,7.0,pbp
401761346,,vitoria marcelino,0.0,5.0,5.0,pbp
401761347,,alanna smith,6.0,4.0,10.0,pbp
401761347,,alex wilson,0.0,5.0,5.0,pbp
401761347,,alissa pili,3.0,6.0,9.0,pbp
401761347,,anastasiia olairi kosu,0.0,4.0,4.0,pbp
401761347,,angel reese,7.0,2.0,9.0,pbp
401761347,,ariel atkins,5.0,5.0,10.0,pbp
401761347,,bridget carleton,3.0,5.0,8.0,pbp
401761347,,courtney vandersloot,11.0,0.0,11.0,pbp
401761347,,courtney williams,4.0,2.0,6.0,pbp
401761347,,elizabeth williams,4.0,2.0,6.0,pbp
401761347,,grace berger,2.0,5.0,7.0,pbp
401761347,,hailey van lith,0.0,3.0,3.0,pbp
401761347,,jessika carter,0.0,2.0,2.0,pbp
401761347,,kamilla cardoso,10.0,0.0,10.0,pbp
401761347,,karlie samuelson,5.0,0.0,5.0,pbp
401761347,,kia nurse,5.0,0.0,5.0,pbp
401761347,,marieme badiane,7.0,0.0,7.0,pbp
401761347,,michaela onyenwere,0.0,5.0,5.0,pbp
401761347,,morgan bertsch,0.0,2.0,2.0,pbp
401761347,,napheesa collier,4.0,4.0,8.0,pbp
401761347,,natisha hiedeman,2.0,3.0,5.0,pbp
401761347,,rachel banham,0.0,3.0,3.0,pbp
401761347,,rebecca allen,0.0,3.0,3.0,pbp
401761348,,alissa pili,2.0,0.0,2.0,pbp
401761348,,anastasiia olairi kosu,0.0,1.0,1.0,pbp
401761348,,angel reese,3.0,7.0,10.0,pbp
401761348,,ariel atkins,3.0,4.0,7.0,pbp
401761348,,bridget carleton,7.0,4.0,11.0,pbp
401761348,,courtney williams,8.0,9.0,17.0,pbp
401761348,,diamond miller,5.0,0.0,5.0,pbp
401761348,,elizabeth williams,3.0,4.0,7.0,pbp
401761348,,hailey van lith,0.0,8.0,8.0,pbp
401761348,,jessica shepard,8.0,2.0,10.0,pbp
401761348,,kamilla cardoso,6.0,7.0,13.0,pbp
401761348,,karlie samuelson,6.0,2.0,8.0,pbp
401761348,,kia nurse,11.0,3.0,14.0,pbp
401761348,,marieme badiane,6.0,0.0,6.0,pbp
401761348,,michaela onyenwere,3.0,3.0,6.0,pbp
401761348,,moriah jefferson,0.0,3.0,3.0,pbp
401761348,,napheesa collier,4.0,22.0,26.0,pbp
401761348,,natisha hiedeman,2.0,4.0,6.0,pbp
401761348,,rachel banham,11.0,3.0,14.0,pbp
401761348,,rebecca allen,2.0,3.0,5.0,pbp
401761349,,alysha clark,7.0,0.0,7.0,pbp
401761349,,amy okonkwo,6.0,4.0,10.0,pbp
401761349,,brianna fraser,0.0,5.0,5.0,pbp
401761349,,erica wheeler,0.0,4.0,4.0,pbp
401761349,,haley peters,5.0,6.0,11.0,pbp
401761349,,jacy sheldon,3.0,2.0,5.0,pbp
401761349,,kariata diaby,2.0,4.0,6.0,pbp
401761349,,lexie brown,2.0,1.0,3.0,pbp
401761349,,li yueru,9.0,6.0,15.0,pbp
401761349,,lindsay allen,2.0,0.0,2.0,pbp
401761349,,mackenzie holmes,3.0,6.0,9.0,pbp
401761349,,madison hayes,3.0,0.0,3.0,pbp
401761349,,nneka ogwumike,10.0,8.0,18.0,pbp
401761349,,olivia nelson-ododa,0.0,4.0,4.0,pbp
401761349,,rayah marshall,0.0,2.0,2.0,pbp
401761349,,serena sundell,0.0,1.0,1.0,pbp
401761349,,skylar diggins,9.0,0.0,9.0,pbp
401761349,,tina charles,8.0,5.0,13.0,pbp
401761349,,yvonne anderson,3.0,0.0,3.0,pbp
401761349,,zia cooke,5.0,3.0,8.0,pbp
401761350,,arike ogunbowale,14.0,3.0,17.0,pbp
401761350,,aziaha james,2.0,2.0,4.0,pbp
401761350,,dijonai carrington,8.0,4.0,12.0,pbp
401761350,,jj quinerly,2.0,2.0,4.0,pbp
401761350,,joyner holmes,0.0,7.0,7.0,pbp
401761350,,kaila charles,0.0,10.0,10.0,pbp
401761350,,luseane heilala palei,6.0,2.0,8.0,pbp
401761350,,maddy siegrist,10.0,4.0,14.0,pbp
401761350,,mai yamamoto,0.0,2.0,2.0,pbp
401761350,,maika miura,11.0,0.0,11.0,pbp
401761350,,mana kaneda,5.0,0.0,5.0,pbp
401761350,,miyuu okamoto,0.0,5.0,5.0,pbp
401761350,,myisha hines-allen,10.0,2.0,12.0,pbp
401761350,,nalyssa smith,9.0,0.0,9.0,pbp
401761350,,paige bueckers,9.0,6.0,15.0,pbp
401761350,,riko furuki,2.0,0.0,2.0,pbp
401761350,,susan amaka okonkwo,1.0,2.0,3.0,pbp
401761350,,teaira mccowan,2.0,10.0,12.0,pbp
401761350,,ufuoma tanaka,4.0,2.0,6.0,pbp
401761350,,yuuna onodera,4.0,7.0,11.0,pbp
401761351,,aari mcdonald,2.0,10.0,12.0,pbp
401761351,,azura stevens,6.0,3.0,9.0,pbp
401761351,,carla leite,3.0,1.0,4.0,pbp
401761351,,chloe bibby,0.0,3.0,3.0,pbp
401761351,,dearica hamby,2.0,2.0,4.0,pbp
401761351,,elissa cunane,0.0,4.0,4.0,pbp
401761351,,emma cannon,2.0,3.0,5.0,pbp
401761351,,julie vanloo,1.0,2.0,3.0,pbp
401761351,,kaitlyn chen,0.0,2.0,2.0,pbp
401761351,,kate martin,0.0,8.0,8.0,pbp
401761351,,kayla thornton,6.0,3.0,9.0,pbp
401761351,,kelsey plum,7.0,4.0,11.0,pbp
401761351,,kyara linskens,0.0,4.0,4.0,pbp
401761351,,laeticia amihere,3.0,16.0,19.0,pbp
401761351,,liatu king,0.0,6.0,6.0,pbp
401761351,,mercedes russell,4.0,0.0,4.0,pbp
401761351,,migna toure,0.0,2.0,2.0,pbp
401761351,,monique billings,7.0,2.0,9.0,pbp
401761351,,odyssey sims,4.0,7.0,11.0,pbp
401761351,,rickea jackson,12.0,1.0,13.0,pbp
401761351,,sania feagin,0.0,3.0,3.0,pbp
401761351,,sarah ashlee barker,0.0,5.0,5.0,pbp
401761351,,temi fagbenle,0.0,2.0,2.0,pbp
401761351,,tiffany hayes,3.0,3.0,6.0,pbp
401761351,,veronica burton,2.0,4.0,6.0,pbp
401761352,,alexis prince,0.0,2.0,2.0,pbp
401761352,,alyssa thomas,12.0,3.0,15.0,pbp
401761352,,carla leite,2.0,9.0,11.0,pbp
401761352,,celeste taylor,0.0,9.0,9.0,pbp
401761352,,chloe bibby,0.0,7.0,7.0,pbp
401761352,,elissa cunane,0.0,2.0,2.0,pbp
401761352,,julie vanloo,0.0,6.0,6.0,pbp
401761352,,kalani brown,0.0,9.0,9.0,pbp
401761352,,kathryn westbeld,5.0,3.0,8.0,pbp
401761352,,kayla thornton,9.0,3.0,12.0,pbp
401761352,,kyara linskens,0.0,1.0,1.0,pbp
401761352,,laeticia amihere,5.0,0.0,5.0,pbp
401761352,,megan mcconnell,0.0,3.0,3.0,pbp
401761352,,migna toure,3.0,16.0,19.0,pbp
401761352,,monique billings,2.0,0.0,2.0,pbp
401761352,,natasha mack,5.0,7.0,12.0,pbp
401761352,,sami whitcomb,0.0,2.0,2.0,pbp
401761352,,satou sabally,12.0,2.0,14.0,pbp
401761352,,sevgi uzun,2.0,2.0,4.0,pbp
401761352,,temi fagbenle,3.0,3.0,6.0,pbp
401761352,,tiffany hayes,3.0,5.0,8.0,pbp
401761352,,veronica burton,2.0,3.0,5.0,pbp
401761353,,aliyah boston,3.0,4.0,7.0,pbp
401761353,,ashten prechtel,2.0,1.0,3.0,pbp
401761353,,brittney sykes,14.0,4.0,18.0,pbp
401761353,,dewanna bonner,5.0,4.0,9.0,pbp
401761353,,emily engstler,4.0,5.0,9.0,pbp
401761353,,jade melbourne,2.0,1.0,3.0,pbp
401761353,,jaelyn brown,0.0,2.0,2.0,pbp
401761353,,jojo lacey,0.0,2.0,2.0,pbp
401761353,,kelsey mitchell,2.0,10.0,12.0,pbp
401761353,,kiki iriafen,4.0,3.0,7.0,pbp
401761353,,lexie hull,4.0,9.0,13.0,pbp
401761353,,lucy olsen,2.0,0.0,2.0,pbp
401761353,,makayla timpson,0.0,4.0,4.0,pbp
401761353,,morgan jones,0.0,3.0,3.0,pbp
401761353,,natasha howard,9.0,2.0,11.0,pbp
401761353,,sonia citron,5.0,10.0,15.0,pbp
401761353,,sophie cunningham,12.0,9.0,21.0,pbp
401761353,,stefanie dolson,5.0,5.0,10.0,pbp
401761353,,zaay green,0.0,2.0,2.0,pbp
401761354,,aline moura,2.0,2.0,4.0,pbp
401761354,,aliyah boston,7.0,4.0,11.0,pbp
401761354,,ayla mcdowell,0.0,4.0,4.0,pbp
401761354,,bella nascimento,3.0,2.0,5.0,pbp
401761354,,bree hall,0.0,9.0,9.0,pbp
401761354,,caitlin clark,12.0,3.0,15.0,pbp
401761354,,catarina ferreira,3.0,2.0,5.0,pbp
401761354,,cerina martins,5.0,0.0,5.0,pbp
401761354,,dewanna bonner,7.0,0.0,7.0,pbp
401761354,,iza nicoletti,0.0,9.0,9.0,pbp
401761354,,iza varejao,2.0,0.0,2.0,pbp
401761354,,jaelyn brown,0.0,2.0,2.0,pbp
401761354,,jillian alleyne,0.0,3.0,3.0,pbp
401761354,,kelsey mitchell,12.0,5.0,17.0,pbp
401761354,,lexie hull,9.0,0.0,9.0,pbp
401761354,,licinara rodrigues,0.0,1.0,1.0,pbp
401761354,,makayla timpson,5.0,4.0,9.0,pbp
401761354,,manu alves,5.0,0.0,5.0,pbp
401761354,,natasha howard,8.0,2.0,10.0,pbp
401761354,,sophie cunningham,6.0,0.0,6.0,pbp
401761354,,sydney colson,3.0,0.0,3.0,pbp
401761354,,taissa queiroz,2.0,0.0,2.0,pbp
401761354,,vitoria marcelino,2.0,0.0,2.0,pbp
401761354,,yvonne ejim,0.0,6.0,6.0,pbp
401761355,,a'ja wilson,14.0,0.0,14.0,pbp
401761355,,aaliyah nye,0.0,5.0,5.0,pbp
401761355,,alexa held,3.0,0.0,3.0,pbp
401761355,,alexis prince,4.0,6.0,10.0,pbp
401761355,,alyssa thomas,5.0,0.0,5.0,pbp
401761355,,anna makurat,0.0,5.0,5.0,pbp
401761355,,celeste taylor,0.0,2.0,2.0,pbp
401761355,,chelsea gray,8.0,2.0,10.0,pbp
401761355,,crystal bradford,4.0,5.0,9.0,pbp
401761355,,deja kelly,0.0,15.0,15.0,pbp
401761355,,harmoni turner,0.0,4.0,4.0,pbp
401761355,,jackie young,7.0,3.0,10.0,pbp
401761355,,jewell loyd,11.0,0.0,11.0,pbp
401761355,,kahleah copper,6.0,0.0,6.0,pbp
401761355,,kalani brown,0.0,2.0,2.0,pbp
401761355,,kathryn westbeld,9.0,5.0,14.0,pbp
401761355,,kiah stokes,0.0,3.0,3.0,pbp
401761355,,megan mcconnell,0.0,3.0,3.0,pbp
401761355,,monique akoa makani,0.0,5.0,5.0,pbp
401761355,,natasha mack,3.0,4.0,7.0,pbp
401761355,,sami whitcomb,3.0,0.0,3.0,pbp
401761355,,satou sabally,14.0,0.0,14.0,pbp
401761355,,sevgi uzun,0.0,2.0,2.0,pbp
401761355,,shyla heal,0.0,3.0,3.0,pbp
401761355,,tiffany mitchell,2.0,2.0,4.0,pbp
401761558,,a'ja wilson,11.0,8.0,19.0,pbp
401761558,,aaliyah nye,8.0,9.0,17.0,pbp
401761558,,arike ogunbowale,2.0,3.0,5.0,pbp
401761558,,aziaha james,10.0,0.0,10.0,pbp
401761558,,chelsea gray,7.0,6.0,13.0,pbp
401761558,,crystal bradford,0.0,2.0,2.0,pbp
401761558,,deja kelly,0.0,9.0,9.0,pbp
401761558,,dijonai carrington,6.0,0.0,6.0,pbp
401761558,,jackie young,19.0,9.0,28.0,pbp
401761558,,jewell loyd,5.0,5.0,10.0,pbp
401761558,,jj quinerly,1.0,15.0,16.0,pbp
401761558,,kaila charles,0.0,5.0,5.0,pbp
401761558,,kiah stokes,0.0,3.0,3.0,pbp
401761558,,maddy siegrist,9.0,2.0,11.0,pbp
401761558,,mai yamamoto,0.0,3.0,3.0,pbp
401761558,,nalyssa smith,2.0,6.0,8.0,pbp
401761558,,paige bueckers,4.0,6.0,10.0,pbp
401761558,,teaira mccowan,2.0,1.0,3.0,pbp
401761558,,tiffany mitchell,5.0,5.0,10.0,pbp
401765028,,amy okonkwo,0.0,4.0,4.0,pbp
401765028,,esmery martinez,0.0,2.0,2.0,pbp
401765028,,haley peters,2.0,0.0,2.0,pbp
401765028,,isabelle harrison,0.0,2.0,2.0,pbp
401765028,,jacy sheldon,8.0,7.0,15.0,pbp
401765028,,jaylyn sherrod,0.0,11.0,11.0,pbp
401765028,,jonquel jones,4.0,3.0,7.0,pbp
401765028,,kariata diaby,0.0,2.0,2.0,pbp
401765028,,kennedy burke,7.0,3.0,10.0,pbp
401765028,,leaonna odom,0.0,6.0,6.0,pbp
401765028,,lindsay allen,5.0,0.0,5.0,pbp
401765028,,marina mabrey,13.0,0.0,13.0,pbp
401765028,,marine johannes,9.0,3.0,12.0,pbp
401765028,,marquesha davis,4.0,6.0,10.0,pbp
401765028,,natasha cloud,2.0,0.0,2.0,pbp
401765028,,nyara sabally,5.0,0.0,5.0,pbp
401765028,,olivia nelson-ododa,10.0,5.0,15.0,pbp
401765028,,rayah marshall,0.0,5.0,5.0,pbp
401765028,,rebekah gardner,11.0,0.0,11.0,pbp
401765028,,robyn parks,3.0,6.0,9.0,pbp
401765028,,sabrina ionescu,8.0,0.0,8.0,pbp
401765028,,tina charles,10.0,7.0,17.0,pbp
401765028,,yvonne anderson,2.0,4.0,6.0,pbp
401765029,,breanna stewart,16.0,0.0,16.0,pbp
401765029,,esmery martinez,0.0,2.0,2.0,pbp
401765029,,isabelle harrison,0.0,2.0,2.0,pbp
401765029,,jaylyn sherrod,2.0,2.0,4.0,pbp
401765029,,jonquel jones,6.0,0.0,6.0,pbp
401765029,,kennedy burke,0.0,4.0,4.0,pbp
401765029,,leaonna odom,0.0,2.0,2.0,pbp
401765029,,maika miura,8.0,8.0,16.0,pbp
401765029,,mana kaneda,8.0,2.0,10.0,pbp
401765029,,marine johannes,8.0,2.0,10.0,pbp
401765029,,marquesha davis,0.0,3.0,3.0,pbp
401765029,,miyuu okamoto,7.0,0.0,7.0,pbp
401765029,,moe nagata,0.0,8.0,8.0,pbp
401765029,,natasha cloud,0.0,1.0,1.0,pbp
401765029,,nyara sabally,3.0,4.0,7.0,pbp
401765029,,rebekah gardner,0.0,2.0,2.0,pbp
401765029,,riko furuki,3.0,0.0,3.0,pbp
401765029,,sabrina ionescu,8.0,17.0,25.0,pbp
401765029,,susan amaka okonkwo,0.0,4.0,4.0,pbp
401765029,,ufuoma tanaka,3.0,2.0,5.0,pbp
401765029,,yuuna onodera,8.0,0.0,8.0,pbp
401781604,,a'ja wilson,4.0,0.0,4.0,pbp
401781604,,aliyah boston,5.0,4.0,9.0,pbp
401781604,,allisha gray,8.0,10.0,18.0,pbp
401781604,,alyssa thomas,4.0,2.0,6.0,pbp
401781604,,angel reese,4.0,2.0,6.0,pbp
401781604,,breanna stewart,6.0,2.0,8.0,pbp
401781604,,brionna jones,3.0,8.0,11.0,pbp
401781604,,brittney sykes,4.0,12.0,16.0,pbp
401781604,,courtney williams,4.0,9.0,13.0,pbp
401781604,,gabby williams,8.0,8.0,16.0,pbp
401781604,,kayla mcbride,8.0,7.0,15.0,pbp
401781604,,kayla thornton,9.0,5.0,14.0,pbp
401781604,,kelsey mitchell,6.0,14.0,20.0,pbp
401781604,,kelsey plum,14.0,2.0,16.0,pbp
401781604,,kiki iriafen,9.0,8.0,17.0,pbp
401781604,,napheesa collier,18.0,18.0,36.0,pbp
401781604,,nneka ogwumike,9.0,7.0,16.0,pbp
401781604,,paige bueckers,4.0,2.0,6.0,pbp
401781604,,sabrina ionescu,8.0,4.0,12.0,pbp
401781604,,skylar diggins,3.0,8.0,11.0,pbp
401781604,,sonia citron,3.0,8.0,11.0,pbp
401820272,,alanna smith,5.0,4.0,9.0,pbp
401820272,,anastasiia olairi kosu,0.0,6.0,6.0,pbp
401820272,,bridget carleton,2.0,0.0,2.0,pbp
401820272,,carla leite,0.0,4.0,4.0,pbp
401820272,,cecilia zandalasini,10.0,4.0,14.0,pbp
401820272,,courtney williams,0.0,11.0,11.0,pbp
401820272,,dijonai carrington,0.0,6.0,6.0,pbp
401820272,,janelle salaun,8.0,5.0,13.0,pbp
401820272,,jessica shepard,6.0,6.0,12.0,pbp
401820272,,kaila charles,0.0,2.0,2.0,pbp
401820272,,kaitlyn chen,0.0,2.0,2.0,pbp
401820272,,kate martin,0.0,11.0,11.0,pbp
401820272,,kayla mcbride,14.0,3.0,17.0,pbp
401820272,,napheesa collier,11.0,9.0,20.0,pbp
401820272,,natisha hiedeman,9.0,9.0,18.0,pbp
401820272,,temi fagbenle,12.0,0.0,12.0,pbp
401820272,,veronica burton,10.0,4.0,14.0,pbp
401820313,,aerial powers,1.0,4.0,5.0,pbp
401820313,,aliyah boston,4.0,4.0,8.0,pbp
401820313,,allisha gray,13.0,7.0,20.0,pbp
401820313,,bree hall,0.0,4.0,4.0,pbp
401820313,,brionna jones,4.0,8.0,12.0,pbp
401820313,,brittney griner,2.0,0.0,2.0,pbp
401820313,,jordin canada,2.0,0.0,2.0,pbp
401820313,,kelsey mitchell,12.0,14.0,26.0,pbp
401820313,,lexie hull,2.0,7.0,9.0,pbp
401820313,,maya caldwell,4.0,0.0,4.0,pbp
401820313,,natasha howard,5.0,0.0,5.0,pbp
401820313,,naz hillmon,2.0,14.0,16.0,pbp
401820313,,nia coffey,2.0,0.0,2.0,pbp
401820313,,odyssey sims,8.0,2.0,10.0,pbp
401820313,,rhyne howard,9.0,11.0,20.0,pbp
401820313,,te-hina paopao,2.0,0.0,2.0,pbp
401820314,,alyssa thomas,8.0,6.0,14.0,pbp
401820314,,breanna stewart,11.0,7.0,18.0,pbp
401820314,,dewanna bonner,4.0,8.0,12.0,pbp
401820314,,emma meesseman,2.0,0.0,2.0,pbp
401820314,,jonquel jones,5.0,2.0,7.0,pbp
401820314,,kahleah copper,11.0,4.0,15.0,pbp
401820314,,kathryn westbeld,0.0,3.0,3.0,pbp
401820314,,leonie fiebich,2.0,8.0,10.0,pbp
401820314,,monique akoa makani,5.0,3.0,8.0,pbp
401820314,,natasha cloud,13.0,10.0,23.0,pbp
401820314,,natasha mack,2.0,0.0,2.0,pbp
401820314,,sabrina ionescu,11.0,5.0,16.0,pbp
401820314,,sami whitcomb,6.0,0.0,6.0,pbp
401820314,,satou sabally,7.0,2.0,9.0,pbp
401820315,,a'ja wilson,16.0,13.0,29.0,pbp
401820315,,chelsea gray,3.0,2.0,5.0,pbp
401820315,,cheyenne parker-tyus,0.0,7.0,7.0,pbp
401820315,,dana evans,5.0,8.0,13.0,pbp
401820315,,dominique malonga,2.0,10.0,12.0,pbp
401820315,,erica wheeler,7.0,2.0,9.0,pbp
401820315,,ezi magbegor,0.0,2.0,2.0,pbp
401820315,,gabby williams,6.0,10.0,16.0,pbp
401820315,,jackie young,6.0,11.0,17.0,pbp
401820315,,jewell loyd,7.0,7.0,14.0,pbp
401820315,,kierstan bell,0.0,5.0,5.0,pbp
401820315,,lexie brown,0.0,5.0,5.0,pbp
401820315,,nalyssa smith,8.0,3.0,11.0,pbp
401820315,,nneka ogwumike,9.0,2.0,11.0,pbp
401820315,,skylar diggins,0.0,12.0,12.0,pbp
401820315,,tiffany mitchell,0.0,6.0,6.0,pbp
401820315,,zia cooke,0.0,3.0,3.0,pbp
401820316,,aerial powers,3.0,0.0,3.0,pbp
401820316,,aliyah boston,6.0,9.0,15.0,pbp
401820316,,allisha gray,5.0,4.0,9.0,pbp
401820316,,brianna turner,0.0,4.0,4.0,pbp
401820316,,brionna jones,8.0,0.0,8.0,pbp
401820316,,brittney griner,2.0,5.0,7.0,pbp
401820316,,jordin canada,4.0,0.0,4.0,pbp
401820316,,kelsey mitchell,11.0,8.0,19.0,pbp
401820316,,lexie hull,4.0,3.0,7.0,pbp
401820316,,makayla timpson,2.0,7.0,9.0,pbp
401820316,,maya caldwell,0.0,3.0,3.0,pbp
401820316,,natasha howard,6.0,6.0,12.0,pbp
401820316,,naz hillmon,4.0,4.0,8.0,pbp
401820316,,odyssey sims,0.0,5.0,5.0,pbp
401820316,,rhyne howard,6.0,4.0,10.0,pbp
401820316,,shey peddy,3.0,0.0,3.0,pbp
401820316,,te-hina paopao,0.0,11.0,11.0,pbp
401820317,,a'ja wilson,16.0,5.0,21.0,pbp
401820317,,brittney sykes,2.0,2.0,4.0,pbp
401820317,,chelsea gray,7.0,0.0,7.0,pbp
401820317,,cheyenne parker-tyus,0.0,1.0,1.0,pbp
401820317,,dana evans,2.0,0.0,2.0,pbp
401820317,,dominique malonga,6.0,5.0,11.0,pbp
401820317,,erica wheeler,0.0,10.0,10.0,pbp
401820317,,ezi magbegor,4.0,0.0,4.0,pbp
401820317,,gabby williams,4.0,2.0,6.0,pbp
401820317,,jackie young,4.0,21.0,25.0,pbp
401820317,,jewell loyd,9.0,4.0,13.0,pbp
401820317,,kierstan bell,3.0,4.0,7.0,pbp
401820317,,nalyssa smith,4.0,3.0,7.0,pbp
401820317,,nneka ogwumike,13.0,11.0,24.0,pbp
401820317,,skylar diggins,14.0,11.0,25.0,pbp
401820318,,alyssa thomas,13.0,2.0,15.0,pbp
401820318,,breanna stewart,2.0,4.0,6.0,pbp
401820318,,dewanna bonner,4.0,10.0,14.0,pbp
401820318,,emma meesseman,7.0,4.0,11.0,pbp
401820318,,isabelle harrison,0.0,4.0,4.0,pbp
401820318,,jonquel jones,7.0,0.0,7.0,pbp
401820318,,kahleah copper,12.0,2.0,14.0,pbp
401820318,,kathryn westbeld,5.0,5.0,10.0,pbp
401820318,,kennedy burke,4.0,2.0,6.0,pbp
401820318,,kitija laksa,0.0,3.0,3.0,pbp
401820318,,leonie fiebich,2.0,0.0,2.0,pbp
401820318,,marine johannes,0.0,3.0,3.0,pbp
401820318,,monique akoa makani,2.0,4.0,6.0,pbp
401820318,,natasha cloud,6.0,2.0,8.0,pbp
401820318,,natasha mack,0.0,6.0,6.0,pbp
401820318,,nyara sabally,0.0,1.0,1.0,pbp
401820318,,rebekah gardner,0.0,3.0,3.0,pbp
401820318,,sabrina ionescu,9.0,0.0,9.0,pbp
401820318,,sami whitcomb,3.0,0.0,3.0,pbp
401820318,,satou sabally,12.0,3.0,15.0,pbp
401820319,,alanna smith,2.0,0.0,2.0,pbp
401820319,,bridget carleton,0.0,12.0,12.0,pbp
401820319,,cecilia zandalasini,5.0,9.0,14.0,pbp
401820319,,courtney williams,4.0,2.0,6.0,pbp
401820319,,dijonai carrington,5.0,5.0,10.0,pbp
401820319,,iliana rupert,6.0,2.0,8.0,pbp
401820319,,janelle salaun,9.0,5.0,14.0,pbp
401820319,,kaila charles,2.0,3.0,5.0,pbp
401820319,,kate martin,5.0,0.0,5.0,pbp
401820319,,kayla mcbride,7.0,11.0,18.0,pbp
401820319,,monique billings,8.0,7.0,15.0,pbp
401820319,,napheesa collier,10.0,14.0,24.0,pbp
401820319,,natisha hiedeman,0.0,2.0,2.0,pbp
401820319,,veronica burton,6.0,7.0,13.0,pbp
401820320,,aerial powers,2.0,2.0,4.0,pbp
401820320,,aliyah boston,3.0,11.0,14.0,pbp
401820320,,allisha gray,10.0,9.0,19.0,pbp
401820320,,brianna turner,0.0,2.0,2.0,pbp
401820320,,brionna jones,10.0,2.0,12.0,pbp
401820320,,brittney griner,3.0,2.0,5.0,pbp
401820320,,jordin canada,13.0,5.0,18.0,pbp
401820320,,kelsey mitchell,19.0,5.0,24.0,pbp
401820320,,lexie hull,8.0,2.0,10.0,pbp
401820320,,makayla timpson,2.0,0.0,2.0,pbp
401820320,,natasha howard,6.0,6.0,12.0,pbp
401820320,,naz hillmon,5.0,4.0,9.0,pbp
401820320,,odyssey sims,9.0,7.0,16.0,pbp
401820320,,rhyne howard,9.0,7.0,16.0,pbp
401820320,,shey peddy,0.0,3.0,3.0,pbp
401820320,,te-hina paopao,6.0,0.0,6.0,pbp
401820321,,a'ja wilson,13.0,25.0,38.0,pbp
401820321,,brittney sykes,2.0,7.0,9.0,pbp
401820321,,chelsea gray,7.0,5.0,12.0,pbp
401820321,,cheyenne parker-tyus,0.0,2.0,2.0,pbp
401820321,,dana evans,0.0,2.0,2.0,pbp
401820321,,dominique malonga,1.0,2.0,3.0,pbp
401820321,,erica wheeler,7.0,9.0,16.0,pbp
401820321,,ezi magbegor,5.0,4.0,9.0,pbp
401820321,,gabby williams,4.0,3.0,7.0,pbp
401820321,,jackie young,9.0,5.0,14.0,pbp
401820321,,jewell loyd,2.0,2.0,4.0,pbp
401820321,,nalyssa smith,2.0,0.0,2.0,pbp
401820321,,nneka ogwumike,2.0,14.0,16.0,pbp
401820321,,skylar diggins,4.0,8.0,12.0,pbp
401820322,,a'ja wilson,9.0,12.0,21.0,pbp
401820322,,alyssa thomas,10.0,5.0,15.0,pbp
401820322,,chelsea gray,3.0,5.0,8.0,pbp
401820322,,dana evans,10.0,11.0,21.0,pbp
401820322,,dewanna bonner,5.0,5.0,10.0,pbp
401820322,,jackie young,8.0,2.0,10.0,pbp
401820322,,jewell loyd,13.0,5.0,18.0,pbp
401820322,,kahleah copper,18.0,2.0,20.0,pbp
401820322,,kierstan bell,0.0,5.0,5.0,pbp
401820322,,megan gustafson,2.0,0.0,2.0,pbp
401820322,,monique akoa makani,0.0,11.0,11.0,pbp
401820322,,nalyssa smith,0.0,4.0,4.0,pbp
401820322,,natasha mack,4.0,0.0,4.0,pbp
401820322,,sami whitcomb,3.0,3.0,6.0,pbp
401820322,,satou sabally,9.0,10.0,19.0,pbp
401820324,,alyssa thomas,12.0,8.0,20.0,pbp
401820324,,breanna stewart,14.0,16.0,30.0,pbp
401820324,,dewanna bonner,0.0,4.0,4.0,pbp
401820324,,jonquel jones,3.0,0.0,3.0,pbp
401820324,,kahleah copper,10.0,2.0,12.0,pbp
401820324,,kathryn westbeld,3.0,0.0,3.0,pbp
401820324,,kennedy burke,4.0,4.0,8.0,pbp
401820324,,leonie fiebich,3.0,0.0,3.0,pbp
401820324,,monique akoa makani,2.0,2.0,4.0,pbp
401820324,,natasha cloud,3.0,4.0,7.0,pbp
401820324,,sabrina ionescu,14.0,8.0,22.0,pbp
401820324,,sami whitcomb,4.0,9.0,13.0,pbp
401820324,,satou sabally,14.0,9.0,23.0,pbp
401820325,,a'ja wilson,20.0,8.0,28.0,pbp
401820325,,alyssa thomas,8.0,2.0,10.0,pbp
401820325,,chelsea gray,9.0,1.0,10.0,pbp
401820325,,dana evans,0.0,5.0,5.0,pbp
401820325,,dewanna bonner,2.0,2.0,4.0,pbp
401820325,,jackie young,9.0,23.0,32.0,pbp
401820325,,jewell loyd,6.0,3.0,9.0,pbp
401820325,,kahleah copper,14.0,8.0,22.0,pbp
401820325,,kalani brown,0.0,2.0,2.0,pbp
401820325,,kiana williams,0.0,2.0,2.0,pbp
401820325,,kierstan bell,0.0,2.0,2.0,pbp
401820325,,megan gustafson,2.0,0.0,2.0,pbp
401820325,,monique akoa makani,6.0,3.0,9.0,pbp
401820325,,nalyssa smith,0.0,3.0,3.0,pbp
401820325,,natasha mack,2.0,4.0,6.0,pbp
401820325,,satou sabally,4.0,18.0,22.0,pbp
401820326,,a'ja wilson,17.0,17.0,34.0,pbp
401820326,,alyssa thomas,11.0,3.0,14.0,pbp
401820326,,chelsea gray,7.0,4.0,11.0,pbp
401820326,,dana evans,6.0,0.0,6.0,pbp
401820326,,dewanna bonner,10.0,15.0,25.0,pbp
401820326,,jackie young,10.0,10.0,20.0,pbp
401820326,,jewell loyd,12.0,4.0,16.0,pbp
401820326,,kahleah copper,4.0,13.0,17.0,pbp
401820326,,kathryn westbeld,0.0,2.0,2.0,pbp
401820326,,monique akoa makani,3.0,3.0,6.0,pbp
401820326,,nalyssa smith,2.0,0.0,2.0,pbp
401820326,,satou sabally,15.0,9.0,24.0,pbp
401820327,,a'ja wilson,12.0,4.0,16.0,pbp
401820327,,aliyah boston,4.0,2.0,6.0,pbp
401820327,,bree hall,0.0,2.0,2.0,pbp
401820327,,brianna turner,2.0,4.0,6.0,pbp
401820327,,chelsea gray,5.0,8.0,13.0,pbp
401820327,,dana evans,4.0,10.0,14.0,pbp
401820327,,jackie young,9.0,10.0,19.0,pbp
401820327,,jewell loyd,0.0,3.0,3.0,pbp
401820327,,kelsey mitchell,17.0,17.0,34.0,pbp
401820327,,lexie hull,0.0,6.0,6.0,pbp
401820327,,makayla timpson,2.0,0.0,2.0,pbp
401820327,,megan gustafson,2.0,2.0,4.0,pbp
401820327,,nalyssa smith,4.0,0.0,4.0,pbp
401820327,,natasha howard,10.0,2.0,12.0,pbp
401820327,,odyssey sims,4.0,13.0,17.0,pbp
401820327,,shey peddy,2.0,2.0,4.0,pbp
401820328,,alanna smith,2.0,2.0,4.0,pbp
401820328,,alyssa thomas,16.0,2.0,18.0,pbp
401820328,,bridget carleton,0.0,5.0,5.0,pbp
401820328,,courtney williams,11.0,12.0,23.0,pbp
401820328,,jessica shepard,2.0,0.0,2.0,pbp
401820328,,kahleah copper,11.0,11.0,22.0,pbp
401820328,,kayla mcbride,12.0,9.0,21.0,pbp
401820328,,maria kliundikova,0.0,4.0,4.0,pbp
401820328,,monique akoa makani,2.0,0.0,2.0,pbp
401820328,,napheesa collier,10.0,8.0,18.0,pbp
401820328,,natasha mack,4.0,2.0,6.0,pbp
401820328,,natisha hiedeman,3.0,2.0,5.0,pbp
401820328,,sami whitcomb,6.0,5.0,11.0,pbp
401820328,,satou sabally,8.0,2.0,10.0,pbp
401820329,,a'ja wilson,14.0,17.0,31.0,pbp
401820329,,alyssa thomas,11.0,6.0,17.0,pbp
401820329,,chelsea gray,10.0,8.0,18.0,pbp
401820329,,dana evans,8.0,2.0,10.0,pbp
401820329,,dewanna bonner,5.0,5.0,10.0,pbp
401820329,,jackie young,5.0,13.0,18.0,pbp
401820329,,jewell loyd,9.0,3.0,12.0,pbp
401820329,,kahleah copper,9.0,21.0,30.0,pbp
401820329,,kalani brown,3.0,7.0,10.0,pbp
401820329,,kathryn westbeld,0.0,3.0,3.0,pbp
401820329,,kierstan bell,3.0,0.0,3.0,pbp
401820329,,lexi held,3.0,0.0,3.0,pbp
401820329,,monique akoa makani,4.0,6.0,10.0,pbp
401820329,,nalyssa smith,5.0,0.0,5.0,pbp
401820329,,sami whitcomb,3.0,0.0,3.0,pbp
401820330,,alanna smith,9.0,4.0,13.0,pbp
401820330,,alyssa thomas,6.0,13.0,19.0,pbp
401820330,,bridget carleton,0.0,2.0,2.0,pbp
401820330,,courtney williams,10.0,10.0,20.0,pbp
401820330,,dewanna bonner,0.0,4.0,4.0,pbp
401820330,,jessica shepard,1.0,2.0,3.0,pbp
401820330,,kahleah copper,5.0,3.0,8.0,pbp
401820330,,kathryn westbeld,0.0,8.0,8.0,pbp
401820330,,kayla mcbride,11.0,10.0,21.0,pbp
401820330,,monique akoa makani,2.0,7.0,9.0,pbp
401820330,,napheesa collier,17.0,7.0,24.0,pbp
401820330,,natasha mack,4.0,0.0,4.0,pbp
401820330,,sami whitcomb,5.0,8.0,13.0,pbp
401820330,,satou sabally,10.0,14.0,24.0,pbp
401820331,,a'ja wilson,13.0,12.0,25.0,pbp
401820331,,aerial powers,0.0,1.0,1.0,pbp
401820331,,aliyah boston,8.0,2.0,10.0,pbp
401820331,,brianna turner,0.0,1.0,1.0,pbp
401820331,,chelsea gray,2.0,4.0,6.0,pbp
401820331,,cheyenne parker-tyus,0.0,2.0,2.0,pbp
401820331,,dana evans,6.0,4.0,10.0,pbp
401820331,,jackie young,10.0,3.0,13.0,pbp
401820331,,jewell loyd,5.0,5.0,10.0,pbp
401820331,,kelsey mitchell,9.0,4.0,13.0,pbp
401820331,,kierstan bell,0.0,4.0,4.0,pbp
401820331,,lexie hull,9.0,6.0,15.0,pbp
401820331,,megan gustafson,0.0,2.0,2.0,pbp
401820331,,nalyssa smith,10.0,8.0,18.0,pbp
401820331,,natasha howard,4.0,2.0,6.0,pbp
401820331,,odyssey sims,3.0,15.0,18.0,pbp
401820331,,shey peddy,2.0,2.0,4.0,pbp
401820333,,alyssa thomas,11.0,10.0,21.0,pbp
401820333,,bridget carleton,6.0,0.0,6.0,pbp
401820333,,courtney williams,7.0,7.0,14.0,pbp
401820333,,dewanna bonner,4.0,0.0,4.0,pbp
401820333,,kahleah copper,17.0,4.0,21.0,pbp
401820333,,kathryn westbeld,3.0,0.0,3.0,pbp
401820333,,kayla mcbride,5.0,7.0,12.0,pbp
401820333,,maria kliundikova,2.0,6.0,8.0,pbp
401820333,,monique akoa makani,5.0,3.0,8.0,pbp
401820333,,napheesa collier,13.0,4.0,17.0,pbp
401820333,,natisha hiedeman,11.0,8.0,19.0,pbp
401820333,,sami whitcomb,4.0,0.0,4.0,pbp
401820333,,satou sabally,4.0,19.0,23.0,pbp
401820334,,a'ja wilson,3.0,10.0,13.0,pbp
401820334,,aerial powers,0.0,1.0,1.0,pbp
401820334,,aliyah boston,6.0,6.0,12.0,pbp
401820334,,brianna turner,2.0,0.0,2.0,pbp
401820334,,chelsea gray,7.0,8.0,15.0,pbp
401820334,,dana evans,2.0,8.0,10.0,pbp
401820334,,jackie young,10.0,15.0,25.0,pbp
401820334,,kelsey mitchell,11.0,10.0,21.0,pbp
401820334,,lexie hull,10.0,6.0,16.0,pbp
401820334,,makayla timpson,2.0,3.0,5.0,pbp
401820334,,megan gustafson,5.0,0.0,5.0,pbp
401820334,,nalyssa smith,8.0,8.0,16.0,pbp
401820334,,natasha howard,2.0,3.0,5.0,pbp
401820334,,odyssey sims,0.0,2.0,2.0,pbp
401820334,,shey peddy,1.0,7.0,8.0,pbp
401820337,,a'ja wilson,12.0,19.0,31.0,pbp
401820337,,aliyah boston,7.0,17.0,24.0,pbp
401820337,,brianna turner,2.0,0.0,2.0,pbp
401820337,,chelsea gray,2.0,10.0,12.0,pbp
401820337,,dana evans,3.0,0.0,3.0,pbp
401820337,,jackie young,7.0,11.0,18.0,pbp
401820337,,jewell loyd,6.0,0.0,6.0,pbp
401820337,,kelsey mitchell,14.0,10.0,24.0,pbp
401820337,,kierstan bell,0.0,3.0,3.0,pbp
401820337,,lexie hull,3.0,4.0,7.0,pbp
401820337,,megan gustafson,2.0,0.0,2.0,pbp
401820337,,nalyssa smith,6.0,2.0,8.0,pbp
401820337,,natasha howard,5.0,2.0,7.0,pbp
401820337,,odyssey sims,7.0,11.0,18.0,pbp
401820337,,shey peddy,7.0,0.0,7.0,pbp
401820338,,alanna smith,4.0,4.0,8.0,pbp
401820338,,alyssa thomas,11.0,12.0,23.0,pbp
401820338,,bridget carleton,0.0,3.0,3.0,pbp
401820338,,courtney williams,8.0,12.0,20.0,pbp
401820338,,dewanna bonner,2.0,11.0,13.0,pbp
401820338,,jessica shepard,12.0,2.0,14.0,pbp
401820338,,kahleah copper,0.0,13.0,13.0,pbp
401820338,,kathryn westbeld,0.0,3.0,3.0,pbp
401820338,,kayla mcbride,11.0,19.0,30.0,pbp
401820338,,maria kliundikova,2.0,0.0,2.0,pbp
401820338,,monique akoa makani,3.0,0.0,3.0,pbp
401820338,,natasha mack,4.0,0.0,4.0,pbp
401820338,,natisha hiedeman,1.0,2.0,3.0,pbp
401820338,,sami whitcomb,0.0,6.0,6.0,pbp
401820338,,satou sabally,17.0,3.0,20.0,pbp
401820340,,a'ja wilson,14.0,21.0,35.0,pbp
401820340,,aerial powers,0.0,2.0,2.0,pbp
401820340,,aliyah boston,7.0,4.0,11.0,pbp
401820340,,brianna turner,2.0,0.0,2.0,pbp
401820340,,chelsea gray,7.0,10.0,17.0,pbp
401820340,,dana evans,3.0,2.0,5.0,pbp
401820340,,jackie young,11.0,20.0,31.0,pbp
401820340,,jewell loyd,3.0,5.0,8.0,pbp
401820340,,kelsey mitchell,12.0,3.0,15.0,pbp
401820340,,lexie hull,4.0,8.0,12.0,pbp
401820340,,megan gustafson,5.0,0.0,5.0,pbp
401820340,,nalyssa smith,3.0,2.0,5.0,pbp
401820340,,natasha howard,4.0,12.0,16.0,pbp
401820340,,odyssey sims,9.0,18.0,27.0,pbp
401820340,,shey peddy,7.0,6.0,13.0,pbp
401856890,20260508,aneesah morrow,4.0,11.0,15.0,halves
401856890,20260508,aubrey griffin,0.0,2.0,2.0,halves
401856890,20260508,betnijah laney-hamilton,8.0,4.0,12.0,halves
401856890,20260508,breanna stewart,21.0,10.0,31.0,halves
401856890,20260508,brittney griner,9.0,4.0,13.0,halves
401856890,20260508,charlisse leger-walker,2.0,2.0,4.0,halves
401856890,20260508,diamond miller,8.0,8.0,16.0,halves
401856890,20260508,gianna kneepkens,3.0,4.0,7.0,halves
401856890,20260508,hailey van lith,5.0,4.0,9.0,halves
401856890,20260508,han xu,2.0,6.0,8.0,halves
401856890,20260508,jonquel jones,8.0,2.0,10.0,halves
401856890,20260508,julie vanloo,9.0,3.0,12.0,halves
401856890,20260508,kennedy burke,2.0,2.0,4.0,halves
401856890,20260508,marine johannes,12.0,5.0,17.0,halves
401856890,20260508,olivia nelson-ododa,1.0,0.0,1.0,halves
401856890,20260508,pauline astier,5.0,0.0,5.0,halves
401856890,20260508,raegan beers,0.0,1.0,1.0,halves
401856890,20260508,rebekah gardner,1.0,8.0,9.0,halves
401856890,20260508,saniya rivers,3.0,2.0,5.0,halves
401856891,20260508,alex wilson,2.0,0.0,2.0,halves
401856891,20260508,angela dugalic,2.0,0.0,2.0,halves
401856891,20260508,brittney sykes,7.0,7.0,14.0,halves
401856891,20260508,cassandre prosper,2.0,0.0,2.0,halves
401856891,20260508,georgia amoore,6.0,0.0,6.0,halves
401856891,20260508,julie allemand,3.0,0.0,3.0,halves
401856891,20260508,kia nurse,2.0,0.0,2.0,halves
401856891,20260508,kiki iriafen,6.0,6.0,12.0,halves
401856891,20260508,laura juskaite,0.0,7.0,7.0,halves
401856891,20260508,maria conde,0.0,2.0,2.0,halves
401856891,20260508,marina mabrey,10.0,17.0,27.0,halves
401856891,20260508,nyara sabally,6.0,2.0,8.0,halves
401856891,20260508,shakira austin,10.0,8.0,18.0,halves
401856891,20260508,sonia citron,9.0,17.0,26.0,halves
401856891,20260508,temi fagbenle,2.0,0.0,2.0,halves
401856892,20260508,cecilia zandalasini,8.0,0.0,8.0,halves
401856892,20260508,dominique malonga,9.0,12.0,21.0,halves
401856892,20260508,flau'jae johnson,6.0,6.0,12.0,halves
401856892,20260508,gabby williams,2.0,5.0,7.0,halves
401856892,20260508,grace vanslooten,0.0,5.0,5.0,halves
401856892,20260508,jade melbourne,11.0,2.0,13.0,halves
401856892,20260508,janelle salaun,7.0,13.0,20.0,halves
401856892,20260508,kaila charles,3.0,0.0,3.0,halves
401856892,20260508,kaitlyn chen,0.0,14.0,14.0,halves
401856892,20260508,kayla thornton,9.0,4.0,13.0,halves
401856892,20260508,kiah stokes,2.0,4.0,6.0,halves
401856892,20260508,laeticia amihere,3.0,0.0,3.0,halves
401856892,20260508,mackenzie holmes,0.0,2.0,2.0,halves
401856892,20260508,natisha hiedeman,5.0,1.0,6.0,halves
401856892,20260508,stefanie dolson,3.0,3.0,6.0,halves
401856892,20260508,tiffany hayes,1.0,0.0,1.0,halves
401856892,20260508,veronica burton,14.0,2.0,16.0,halves
401856892,20260508,zia cooke,7.0,8.0,15.0,halves
401856893,20260509,alanna smith,0.0,6.0,6.0,halves
401856893,20260509,aliyah boston,12.0,11.0,23.0,halves
401856893,20260509,alysha clark,3.0,0.0,3.0,halves
401856893,20260509,arike ogunbowale,13.0,9.0,22.0,halves
401856893,20260509,aziaha james,6.0,4.0,10.0,halves
401856893,20260509,azzi fudd,3.0,0.0,3.0,halves
401856893,20260509,caitlin clark,8.0,12.0,20.0,halves
401856893,20260509,damiris dantas,5.0,2.0,7.0,halves
401856893,20260509,jessica shepard,10.0,3.0,13.0,halves
401856893,20260509,kelsey mitchell,15.0,15.0,30.0,halves
401856893,20260509,li yueru,0.0,3.0,3.0,halves
401856893,20260509,maddy siegrist,7.0,0.0,7.0,halves
401856893,20260509,makayla timpson,0.0,11.0,11.0,halves
401856893,20260509,myisha hines-allen,4.0,2.0,6.0,halves
401856893,20260509,odyssey sims,8.0,12.0,20.0,halves
401856893,20260509,paige bueckers,10.0,10.0,20.0,halves
401856893,20260509,raven johnson,4.0,0.0,4.0,halves
401856893,20260509,sophie cunningham,3.0,0.0,3.0,halves
401856894,20260509,a'ja wilson,14.0,5.0,19.0,halves
401856894,20260509,alyssa thomas,10.0,10.0,20.0,halves
401856894,20260509,anneli maley,0.0,1.0,1.0,halves
401856894,20260509,chelsea gray,2.0,2.0,4.0,halves
401856894,20260509,chennedy carter,0.0,10.0,10.0,halves
401856894,20260509,cheyenne parker-tyus,2.0,0.0,2.0,halves
401856894,20260509,dewanna bonner,7.0,6.0,13.0,halves
401856894,20260509,jackie young,12.0,0.0,12.0,halves
401856894,20260509,jewell loyd,2.0,4.0,6.0,halves
401856894,20260509,jovana nogic,19.0,0.0,19.0,halves
401856894,20260509,kahleah copper,5.0,8.0,13.0,halves
401856894,20260509,kiana williams,3.0,8.0,11.0,halves
401856894,20260509,kyara linskens,2.0,0.0,2.0,halves
401856894,20260509,nalyssa smith,3.0,8.0,11.0,halves
401856894,20260509,natasha mack,8.0,2.0,10.0,halves
401856894,20260509,noemie brochant,0.0,8.0,8.0,halves
401856894,20260509,sha carter,2.0,0.0,2.0,halves
401856894,20260509,stephanie talbot,0.0,2.0,2.0,halves
401856895,20260509,bridget carleton,2.0,11.0,13.0,halves
401856895,20260509,carla leite,6.0,12.0,18.0,halves
401856895,20260509,elizabeth williams,2.0,8.0,10.0,halves
401856895,20260509,emily engstler,2.0,2.0,4.0,halves
401856895,20260509,frieda buhner,2.0,2.0,4.0,halves
401856895,20260509,gabriela jaquez,5.0,5.0,10.0,halves
401856895,20260509,haley jones,0.0,4.0,4.0,halves
401856895,20260509,jacy sheldon,8.0,5.0,13.0,halves
401856895,20260509,jordan harrison,0.0,4.0,4.0,halves
401856895,20260509,kamilla cardoso,11.0,11.0,22.0,halves
401856895,20260509,luisa geiselsoder,8.0,0.0,8.0,halves
401856895,20260509,megan gustafson,4.0,6.0,10.0,halves
401856895,20260509,nyadiew puoch,2.0,3.0,5.0,halves
401856895,20260509,rachel banham,0.0,3.0,3.0,halves
401856895,20260509,rickea jackson,12.0,7.0,19.0,halves
401856895,20260509,sarah ashlee barker,11.0,2.0,13.0,halves
401856895,20260509,skylar diggins,12.0,9.0,21.0,halves
401856896,20260510,aneesah morrow,12.0,5.0,17.0,halves
401856896,20260510,brittney griner,10.0,6.0,16.0,halves
401856896,20260510,charlisse leger-walker,4.0,2.0,6.0,halves
401856896,20260510,diamond miller,8.0,5.0,13.0,halves
401856896,20260510,dominique malonga,0.0,6.0,6.0,halves
401856896,20260510,flau'jae johnson,11.0,5.0,16.0,halves
401856896,20260510,gianna kneepkens,2.0,0.0,2.0,halves
401856896,20260510,grace vanslooten,5.0,0.0,5.0,halves
401856896,20260510,hailey van lith,4.0,5.0,9.0,halves
401856896,20260510,jade melbourne,7.0,8.0,15.0,halves
401856896,20260510,jordan horston,4.0,0.0,4.0,halves
401856896,20260510,kennedy burke,6.0,6.0,12.0,halves
401856896,20260510,lexie brown,3.0,14.0,17.0,halves
401856896,20260510,mackenzie holmes,2.0,3.0,5.0,halves
401856896,20260510,natisha hiedeman,4.0,7.0,11.0,halves
401856896,20260510,olivia nelson-ododa,1.0,4.0,5.0,halves
401856896,20260510,saniya rivers,2.0,0.0,2.0,halves
401856896,20260510,stefanie dolson,4.0,2.0,6.0,halves
401856896,20260510,zia cooke,4.0,0.0,4.0,halves
401856897,20260510,alex wilson,0.0,5.0,5.0,halves
401856897,20260510,angela dugalic,5.0,0.0,5.0,halves
401856897,20260510,betnijah laney-hamilton,1.0,2.0,3.0,halves
401856897,20260510,breanna stewart,11.0,12.0,23.0,halves
401856897,20260510,cassandre prosper,4.0,4.0,8.0,halves
401856897,20260510,georgia amoore,2.0,5.0,7.0,halves
401856897,20260510,han xu,2.0,2.0,4.0,halves
401856897,20260510,jonquel jones,8.0,5.0,13.0,halves
401856897,20260510,julie vanloo,3.0,0.0,3.0,halves
401856897,20260510,kiki iriafen,4.0,16.0,20.0,halves
401856897,20260510,lauren betts,7.0,0.0,7.0,halves
401856897,20260510,lucy olsen,5.0,0.0,5.0,halves
401856897,20260510,marine johannes,17.0,8.0,25.0,halves
401856897,20260510,pauline astier,9.0,9.0,18.0,halves
401856897,20260510,rebekah gardner,4.0,5.0,9.0,halves
401856897,20260510,rori harmon,3.0,0.0,3.0,halves
401856897,20260510,shakira austin,10.0,6.0,16.0,halves
401856897,20260510,sonia citron,8.0,9.0,17.0,halves
401856898,20260510,a'ja wilson,11.0,8.0,19.0,halves
401856898,20260510,ariel atkins,6.0,2.0,8.0,halves
401856898,20260510,brianna turner,0.0,4.0,4.0,halves
401856898,20260510,chelsea gray,5.0,11.0,16.0,halves
401856898,20260510,chennedy carter,6.0,16.0,22.0,halves
401856898,20260510,cheyenne parker-tyus,0.0,2.0,2.0,halves
401856898,20260510,dearica hamby,7.0,5.0,12.0,halves
401856898,20260510,emma cannon,0.0,3.0,3.0,halves
401856898,20260510,erica wheeler,0.0,2.0,2.0,halves
401856898,20260510,jackie young,8.0,12.0,20.0,halves
401856898,20260510,jewell loyd,0.0,2.0,2.0,halves
401856898,20260510,kelsey plum,13.0,14.0,27.0,halves
401856898,20260510,nalyssa smith,8.0,4.0,12.0,halves
401856898,20260510,nneka ogwumike,15.0,4.0,19.0,halves
401856898,20260510,rae burrell,0.0,5.0,5.0,halves
401856898,20260510,stephanie talbot,4.0,4.0,8.0,halves
401856898,20260510,ta'niya latson,0.0,2.0,2.0,halves
401856899,20260509,allisha gray,8.0,16.0,24.0,halves
401856899,20260509,anastasiia olairi kosu,0.0,4.0,4.0,halves
401856899,20260509,angel reese,3.0,8.0,11.0,halves
401856899,20260509,antonia delaere,2.0,0.0,2.0,halves
401856899,20260509,courtney williams,10.0,4.0,14.0,halves
401856899,20260509,emese hof,0.0,2.0,2.0,halves
401856899,20260509,emma cechova,4.0,8.0,12.0,halves
401856899,20260509,jordin canada,5.0,7.0,12.0,halves
401856899,20260509,kayla mcbride,15.0,5.0,20.0,halves
401856899,20260509,madina okot,4.0,4.0,8.0,halves
401856899,20260509,maya caldwell,6.0,0.0,6.0,halves
401856899,20260509,natasha howard,6.0,0.0,6.0,halves
401856899,20260509,naz hillmon,6.0,9.0,15.0,halves
401856899,20260509,nia coffey,3.0,0.0,3.0,halves
401856899,20260509,olivia miles,6.0,15.0,21.0,halves
401856899,20260509,rhyne howard,9.0,6.0,15.0,halves
401856899,20260509,te-hina paopao,2.0,4.0,6.0,halves
401856900,20260510,alyssa thomas,9.0,10.0,19.0,halves
401856900,20260510,dewanna bonner,0.0,5.0,5.0,halves
401856900,20260510,gabby williams,8.0,11.0,19.0,halves
401856900,20260510,janelle salaun,7.0,14.0,21.0,halves
401856900,20260510,jovana nogic,7.0,9.0,16.0,halves
401856900,20260510,kahleah copper,3.0,8.0,11.0,halves
401856900,20260510,kaila charles,5.0,2.0,7.0,halves
401856900,20260510,kaitlyn chen,2.0,0.0,2.0,halves
401856900,20260510,kayla thornton,14.0,5.0,19.0,halves
401856900,20260510,kiah stokes,1.0,0.0,1.0,halves
401856900,20260510,kiana williams,3.0,3.0,6.0,halves
401856900,20260510,kyara linskens,2.0,0.0,2.0,halves
401856900,20260510,laeticia amihere,7.0,6.0,13.0,halves
401856900,20260510,natasha mack,4.0,7.0,11.0,halves
401856900,20260510,noemie brochant,3.0,6.0,9.0,halves
401856900,20260510,veronica burton,4.0,9.0,13.0,halves
401856901,20260512,alanna smith,2.0,0.0,2.0,halves
401856901,20260512,allisha gray,9.0,17.0,26.0,halves
401856901,20260512,alysha clark,2.0,0.0,2.0,halves
401856901,20260512,angel reese,6.0,6.0,12.0,halves
401856901,20260512,arike ogunbowale,7.0,13.0,20.0,halves
401856901,20260512,awak kuier,3.0,3.0,6.0,halves
401856901,20260512,aziaha james,6.0,0.0,6.0,halves
401856901,20260512,isobel borlase,3.0,0.0,3.0,halves
401856901,20260512,jessica shepard,4.0,8.0,12.0,halves
401856901,20260512,jordin canada,9.0,10.0,19.0,halves
401856901,20260512,maddy siegrist,2.0,0.0,2.0,halves
401856901,20260512,naz hillmon,0.0,1.0,1.0,halves
401856901,20260512,odyssey sims,7.0,0.0,7.0,halves
401856901,20260512,paige bueckers,8.0,7.0,15.0,halves
401856901,20260512,rhyne howard,9.0,5.0,14.0,halves
401856901,20260512,te-hina paopao,2.0,0.0,2.0,halves
401856902,20260512,alyssa thomas,5.0,5.0,10.0,halves
401856902,20260512,anastasiia olairi kosu,2.0,0.0,2.0,halves
401856902,20260512,antonia delaere,2.0,6.0,8.0,halves
401856902,20260512,courtney williams,5.0,6.0,11.0,halves
401856902,20260512,dewanna bonner,12.0,4.0,16.0,halves
401856902,20260512,eliska hamzova,2.0,0.0,2.0,halves
401856902,20260512,emma cechova,2.0,9.0,11.0,halves
401856902,20260512,jovana nogic,0.0,2.0,2.0,halves
401856902,20260512,kahleah copper,13.0,17.0,30.0,halves
401856902,20260512,kayla mcbride,9.0,5.0,14.0,halves
401856902,20260512,kiana williams,0.0,3.0,3.0,halves
401856902,20260512,kyara linskens,8.0,0.0,8.0,halves
401856902,20260512,natasha howard,6.0,8.0,14.0,halves
401856902,20260512,natasha mack,4.0,5.0,9.0,halves
401856902,20260512,nia coffey,5.0,8.0,13.0,halves
401856902,20260512,olivia miles,8.0,5.0,13.0,halves
401856902,20260512,valeriane ayayi,3.0,3.0,6.0,halves
401856903,20260512,betnijah laney-hamilton,10.0,0.0,10.0,halves
401856903,20260512,breanna stewart,4.0,12.0,16.0,halves
401856903,20260512,bridget carleton,8.0,18.0,26.0,halves
401856903,20260512,carla leite,11.0,10.0,21.0,halves
401856903,20260512,emily engstler,3.0,3.0,6.0,halves
401856903,20260512,frieda buhner,0.0,2.0,2.0,halves
401856903,20260512,haley jones,4.0,2.0,6.0,halves
401856903,20260512,jonquel jones,11.0,6.0,17.0,halves
401856903,20260512,julie vanloo,0.0,3.0,3.0,halves
401856903,20260512,kamiah smalls,6.0,7.0,13.0,halves
401856903,20260512,luisa geiselsoder,10.0,3.0,13.0,halves
401856903,20260512,marine johannes,13.0,5.0,18.0,halves
401856903,20260512,megan gustafson,2.0,4.0,6.0,halves
401856903,20260512,pauline astier,16.0,8.0,24.0,halves
401856903,20260512,rebekah gardner,0.0,8.0,8.0,halves
401856903,20260512,sarah ashlee barker,3.0,2.0,5.0,halves
401856904,20260513,brittney sykes,6.0,12.0,18.0,halves
401856904,20260513,dominique malonga,14.0,7.0,21.0,halves
401856904,20260513,flau'jae johnson,4.0,3.0,7.0,halves
401856904,20260513,grace vanslooten,0.0,2.0,2.0,halves
401856904,20260513,jade melbourne,10.0,4.0,14.0,halves
401856904,20260513,jordan horston,0.0,1.0,1.0,halves
401856904,20260513,julie allemand,2.0,0.0,2.0,halves
401856904,20260513,kiki rice,9.0,3.0,12.0,halves
401856904,20260513,maria conde,10.0,6.0,16.0,halves
401856904,20260513,marina mabrey,10.0,16.0,26.0,halves
401856904,20260513,natisha hiedeman,2.0,3.0,5.0,halves
401856904,20260513,nikolina milic,0.0,2.0,2.0,halves
401856904,20260513,nyara sabally,5.0,3.0,8.0,halves
401856904,20260513,stefanie dolson,10.0,6.0,16.0,halves
401856904,20260513,teonni key,2.0,0.0,2.0,halves
401856904,20260513,zia cooke,5.0,2.0,7.0,halves
401856905,20260513,a'ja wilson,6.0,16.0,22.0,halves
401856905,20260513,aneesah morrow,15.0,1.0,16.0,halves
401856905,20260513,charlisse leger-walker,2.0,0.0,2.0,halves
401856905,20260513,chelsea gray,2.0,5.0,7.0,halves
401856905,20260513,chennedy carter,14.0,13.0,27.0,halves
401856905,20260513,cheyenne parker-tyus,8.0,2.0,10.0,halves
401856905,20260513,diamond miller,2.0,3.0,5.0,halves
401856905,20260513,gianna kneepkens,4.0,0.0,4.0,halves
401856905,20260513,hailey van lith,0.0,9.0,9.0,halves
401856905,20260513,jackie young,9.0,2.0,11.0,halves
401856905,20260513,jewell loyd,5.0,6.0,11.0,halves
401856905,20260513,kennedy burke,2.0,2.0,4.0,halves
401856905,20260513,nalyssa smith,2.0,4.0,6.0,halves
401856905,20260513,olivia nelson-ododa,4.0,10.0,14.0,halves
401856905,20260513,raegan beers,0.0,7.0,7.0,halves
401856905,20260513,saniya rivers,8.0,0.0,8.0,halves
401856905,20260513,stephanie talbot,2.0,2.0,4.0,halves
401856906,20260513,elizabeth williams,2.0,0.0,2.0,halves
401856906,20260513,gabby williams,10.0,8.0,18.0,halves
401856906,20260513,gabriela jaquez,2.0,5.0,7.0,halves
401856906,20260513,jacy sheldon,2.0,10.0,12.0,halves
401856906,20260513,janelle salaun,0.0,6.0,6.0,halves
401856906,20260513,kaila charles,2.0,7.0,9.0,halves
401856906,20260513,kaitlyn chen,2.0,2.0,4.0,halves
401856906,20260513,kamilla cardoso,2.0,6.0,8.0,halves
401856906,20260513,kiah stokes,6.0,1.0,7.0,halves
401856906,20260513,laeticia amihere,2.0,1.0,3.0,halves
401856906,20260513,natasha cloud,2.0,5.0,7.0,halves
401856906,20260513,rickea jackson,4.0,14.0,18.0,halves
401856906,20260513,skylar diggins,10.0,5.0,15.0,halves
401856906,20260513,veronica burton,6.0,10.0,16.0,halves
401856907,20260513,aliyah boston,0.0,4.0,4.0,halves
401856907,20260513,ariel atkins,0.0,2.0,2.0,halves
401856907,20260513,caitlin clark,11.0,13.0,24.0,halves
401856907,20260513,cameron brink,2.0,9.0,11.0,halves
401856907,20260513,chance gray,0.0,2.0,2.0,halves
401856907,20260513,damiris dantas,3.0,0.0,3.0,halves
401856907,20260513,dearica hamby,8.0,8.0,16.0,halves
401856907,20260513,erica wheeler,2.0,0.0,2.0,halves
401856907,20260513,kelsey mitchell,17.0,6.0,23.0,halves
401856907,20260513,kelsey plum,13.0,12.0,25.0,halves
401856907,20260513,lexie hull,1.0,0.0,1.0,halves
401856907,20260513,makayla timpson,0.0,2.0,2.0,halves
401856907,20260513,monique billings,6.0,3.0,9.0,halves
401856907,20260513,myisha hines-allen,0.0,2.0,2.0,halves
401856907,20260513,nneka ogwumike,5.0,5.0,10.0,halves
401856907,20260513,rae burrell,4.0,6.0,10.0,halves
401856907,20260513,sophie cunningham,7.0,5.0,12.0,halves
401856907,20260513,tyasha harris,3.0,4.0,7.0,halves
401856908,20260514,alanna smith,2.0,4.0,6.0,halves
401856908,20260514,anastasiia olairi kosu,0.0,2.0,2.0,halves
401856908,20260514,arike ogunbowale,6.0,0.0,6.0,halves
401856908,20260514,aziaha james,2.0,2.0,4.0,halves
401856908,20260514,azzi fudd,6.0,2.0,8.0,halves
401856908,20260514,courtney williams,13.0,8.0,21.0,halves
401856908,20260514,emma cechova,2.0,0.0,2.0,halves
401856908,20260514,jessica shepard,2.0,5.0,7.0,halves
401856908,20260514,kayla mcbride,2.0,9.0,11.0,halves
401856908,20260514,maddy siegrist,17.0,0.0,17.0,halves
401856908,20260514,natasha howard,7.0,19.0,26.0,halves
401856908,20260514,nia coffey,5.0,8.0,13.0,halves
401856908,20260514,odyssey sims,6.0,5.0,11.0,halves
401856908,20260514,olivia miles,11.0,4.0,15.0,halves
401856908,20260514,paige bueckers,7.0,20.0,27.0,halves
401856909,20260514,alex fowler,5.0,7.0,12.0,halves
401856909,20260514,betnijah laney-hamilton,5.0,3.0,8.0,halves
401856909,20260514,breanna stewart,7.0,15.0,22.0,halves
401856909,20260514,bridget carleton,0.0,11.0,11.0,halves
401856909,20260514,emily engstler,8.0,3.0,11.0,halves
401856909,20260514,haley jones,0.0,10.0,10.0,halves
401856909,20260514,han xu,1.0,2.0,3.0,halves
401856909,20260514,jonquel jones,4.0,2.0,6.0,halves
401856909,20260514,julie vanloo,6.0,3.0,9.0,halves
401856909,20260514,kamiah smalls,0.0,2.0,2.0,halves
401856909,20260514,luisa geiselsoder,4.0,2.0,6.0,halves
401856909,20260514,marine johannes,3.0,0.0,3.0,halves
401856909,20260514,megan gustafson,10.0,4.0,14.0,halves
401856909,20260514,nyadiew puoch,8.0,5.0,13.0,halves
401856909,20260514,pauline astier,8.0,12.0,20.0,halves
401856909,20260514,rebecca allen,0.0,3.0,3.0,halves
401856909,20260514,rebekah gardner,0.0,14.0,14.0,halves
401856909,20260514,sarah ashlee barker,3.0,3.0,6.0,halves
401856909,20260514,serah williams,0.0,1.0,1.0,halves
401856909,20260514,sug sutton,4.0,4.0,8.0,halves
401856910,20260515,a'ja wilson,19.0,26.0,45.0,halves
401856910,20260515,aaliyah edwards,6.0,0.0,6.0,halves
401856910,20260515,aneesah morrow,4.0,6.0,10.0,halves
401856910,20260515,charlisse leger-walker,6.0,4.0,10.0,halves
401856910,20260515,chelsea gray,5.0,7.0,12.0,halves
401856910,20260515,chennedy carter,13.0,5.0,18.0,halves
401856910,20260515,cheyenne parker-tyus,2.0,0.0,2.0,halves
401856910,20260515,diamond miller,5.0,5.0,10.0,halves
401856910,20260515,gianna kneepkens,2.0,1.0,3.0,halves
401856910,20260515,hailey van lith,4.0,13.0,17.0,halves
401856910,20260515,jackie young,7.0,6.0,13.0,halves
401856910,20260515,jewell loyd,3.0,3.0,6.0,halves
401856910,20260515,kennedy burke,9.0,2.0,11.0,halves
401856910,20260515,nalyssa smith,4.0,0.0,4.0,halves
401856910,20260515,nell angloma,2.0,5.0,7.0,halves
401856910,20260515,raegan beers,0.0,6.0,6.0,halves
401856910,20260515,saniya rivers,6.0,8.0,14.0,halves
401856910,20260515,stephanie talbot,1.0,0.0,1.0,halves
401856911,20260515,alex wilson,3.0,0.0,3.0,halves
401856911,20260515,aliyah boston,7.0,2.0,9.0,halves
401856911,20260515,caitlin clark,6.0,26.0,32.0,halves
401856911,20260515,cassandre prosper,2.0,0.0,2.0,halves
401856911,20260515,cotie mcmahon,6.0,7.0,13.0,halves
401856911,20260515,damiris dantas,3.0,0.0,3.0,halves
401856911,20260515,georgia amoore,5.0,2.0,7.0,halves
401856911,20260515,kelsey mitchell,7.0,17.0,24.0,halves
401856911,20260515,kiki iriafen,4.0,21.0,25.0,halves
401856911,20260515,lauren betts,2.0,2.0,4.0,halves
401856911,20260515,lexie hull,0.0,9.0,9.0,halves
401856911,20260515,monique billings,7.0,3.0,10.0,halves
401856911,20260515,myisha hines-allen,0.0,6.0,6.0,halves
401856911,20260515,rori harmon,0.0,1.0,1.0,halves
401856911,20260515,shakira austin,12.0,7.0,19.0,halves
401856911,20260515,sonia citron,7.0,23.0,30.0,halves
401856911,20260515,sophie cunningham,5.0,2.0,7.0,halves
401856911,20260515,tyasha harris,2.0,0.0,2.0,halves
401856912,20260515,brittney sykes,10.0,17.0,27.0,halves
401856912,20260515,cameron brink,3.0,7.0,10.0,halves
401856912,20260515,dearica hamby,10.0,9.0,19.0,halves
401856912,20260515,erica wheeler,2.0,8.0,10.0,halves
401856912,20260515,julie allemand,5.0,0.0,5.0,halves
401856912,20260515,kelsey plum,7.0,20.0,27.0,halves
401856912,20260515,kia nurse,0.0,4.0,4.0,halves
401856912,20260515,kiki rice,6.0,5.0,11.0,halves
401856912,20260515,laura juskaite,4.0,12.0,16.0,halves
401856912,20260515,maria conde,3.0,3.0,6.0,halves
401856912,20260515,marina mabrey,2.0,5.0,7.0,halves
401856912,20260515,nneka ogwumike,11.0,9.0,20.0,halves
401856912,20260515,nyara sabally,6.0,8.0,14.0,halves
401856912,20260515,rae burrell,13.0,0.0,13.0,halves
401856912,20260515,teonni key,2.0,3.0,5.0,halves
401856913,20260515,aicha coulibaly,6.0,2.0,8.0,halves
401856913,20260515,alyssa thomas,2.0,15.0,17.0,halves
401856913,20260515,dewanna bonner,6.0,2.0,8.0,halves
401856913,20260515,elizabeth williams,0.0,1.0,1.0,halves
401856913,20260515,gabriela jaquez,9.0,4.0,13.0,halves
401856913,20260515,jacy sheldon,5.0,3.0,8.0,halves
401856913,20260515,jovana nogic,17.0,10.0,27.0,halves
401856913,20260515,kahleah copper,11.0,6.0,17.0,halves
401856913,20260515,kamilla cardoso,0.0,7.0,7.0,halves
401856913,20260515,kiana williams,2.0,0.0,2.0,halves
401856913,20260515,natasha cloud,4.0,3.0,7.0,halves
401856913,20260515,natasha mack,3.0,7.0,10.0,halves
401856913,20260515,noemie brochant,2.0,0.0,2.0,halves
401856913,20260515,rachel banham,5.0,0.0,5.0,halves
401856913,20260515,rickea jackson,6.0,23.0,29.0,halves
401856913,20260515,sydney taylor,0.0,5.0,5.0,halves
401856913,20260515,valeriane ayayi,2.0,6.0,8.0,halves
401856914,20260517,aicha coulibaly,2.0,6.0,8.0,halves
401856914,20260517,anastasiia olairi kosu,2.0,0.0,2.0,halves
401856914,20260517,courtney williams,7.0,10.0,17.0,halves
401856914,20260517,elizabeth williams,2.0,0.0,2.0,halves
401856914,20260517,emese hof,3.0,0.0,3.0,halves
401856914,20260517,gabriela jaquez,6.0,14.0,20.0,halves
401856914,20260517,jacy sheldon,7.0,3.0,10.0,halves
401856914,20260517,kamilla cardoso,5.0,6.0,11.0,halves
401856914,20260517,kayla mcbride,12.0,8.0,20.0,halves
401856914,20260517,maya caldwell,2.0,3.0,5.0,halves
401856914,20260517,natasha cloud,6.0,5.0,11.0,halves
401856914,20260517,natasha howard,6.0,11.0,17.0,halves
401856914,20260517,nia coffey,2.0,0.0,2.0,halves
401856914,20260517,olivia miles,4.0,9.0,13.0,halves
401856914,20260517,rachel banham,3.0,10.0,13.0,halves
401856914,20260517,rickea jackson,6.0,0.0,6.0,halves
401856914,20260517,sydney taylor,3.0,2.0,5.0,halves
401856915,20260517,a'ja wilson,14.0,6.0,20.0,halves
401856915,20260517,allisha gray,13.0,12.0,25.0,halves
401856915,20260517,angel reese,7.0,2.0,9.0,halves
401856915,20260517,chelsea gray,13.0,8.0,21.0,halves
401856915,20260517,chennedy carter,12.0,8.0,20.0,halves
401856915,20260517,cheyenne parker-tyus,4.0,0.0,4.0,halves
401856915,20260517,jewell loyd,6.0,1.0,7.0,halves
401856915,20260517,jordin canada,7.0,4.0,11.0,halves
401856915,20260517,madina okot,6.0,8.0,14.0,halves
401856915,20260517,nalyssa smith,2.0,11.0,13.0,halves
401856915,20260517,naz hillmon,1.0,5.0,6.0,halves
401856915,20260517,te-hina paopao,10.0,9.0,19.0,halves
401856916,20260517,caitlin clark,17.0,4.0,21.0,halves
401856916,20260517,damiris dantas,3.0,0.0,3.0,halves
401856916,20260517,flau'jae johnson,7.0,7.0,14.0,halves
401856916,20260517,grace vanslooten,2.0,3.0,5.0,halves
401856916,20260517,jade melbourne,8.0,4.0,12.0,halves
401856916,20260517,jordan horston,2.0,0.0,2.0,halves
401856916,20260517,kelsey mitchell,8.0,9.0,17.0,halves
401856916,20260517,lexie brown,0.0,3.0,3.0,halves
401856916,20260517,lexie hull,6.0,3.0,9.0,halves
401856916,20260517,mackenzie holmes,4.0,0.0,4.0,halves
401856916,20260517,makayla timpson,2.0,4.0,6.0,halves
401856916,20260517,monique billings,4.0,0.0,4.0,halves
401856916,20260517,myisha hines-allen,6.0,2.0,8.0,halves
401856916,20260517,natisha hiedeman,11.0,8.0,19.0,halves
401856916,20260517,sophie cunningham,7.0,10.0,17.0,halves
401856916,20260517,stefanie dolson,2.0,4.0,6.0,halves
401856916,20260517,tyasha harris,2.0,2.0,4.0,halves
401856916,20260517,zia cooke,8.0,5.0,13.0,halves
401856917,20260517,brittney sykes,14.0,24.0,38.0,halves
401856917,20260517,cameron brink,4.0,3.0,7.0,halves
401856917,20260517,chance gray,4.0,0.0,4.0,halves
401856917,20260517,dearica hamby,9.0,12.0,21.0,halves
401856917,20260517,erica wheeler,1.0,3.0,4.0,halves
401856917,20260517,jihyun park,2.0,0.0,2.0,halves
401856917,20260517,kate martin,3.0,8.0,11.0,halves
401856917,20260517,kelsey plum,8.0,20.0,28.0,halves
401856917,20260517,kia nurse,8.0,2.0,10.0,halves
401856917,20260517,kiki rice,9.0,10.0,19.0,halves
401856917,20260517,laura juskaite,5.0,2.0,7.0,halves
401856917,20260517,maria conde,0.0,5.0,5.0,halves
401856917,20260517,marina mabrey,6.0,8.0,14.0,halves
401856917,20260517,nneka ogwumike,9.0,8.0,17.0,halves
401856917,20260517,nyara sabally,5.0,2.0,7.0,halves
401856917,20260517,rae burrell,0.0,2.0,2.0,halves
401856917,20260517,teonni key,2.0,4.0,6.0,halves
401856918,20260518,alanna smith,3.0,0.0,3.0,halves
401856918,20260518,alex wilson,2.0,0.0,2.0,halves
401856918,20260518,alysha clark,3.0,0.0,3.0,halves
401856918,20260518,angela dugalic,0.0,2.0,2.0,halves
401856918,20260518,arike ogunbowale,7.0,9.0,16.0,halves
401856918,20260518,awak kuier,3.0,6.0,9.0,halves
401856918,20260518,aziaha james,0.0,8.0,8.0,halves
401856918,20260518,azzi fudd,4.0,8.0,12.0,halves
401856918,20260518,cassandre prosper,5.0,1.0,6.0,halves
401856918,20260518,cotie mcmahon,0.0,7.0,7.0,halves
401856918,20260518,georgia amoore,0.0,3.0,3.0,halves
401856918,20260518,jessica shepard,4.0,8.0,12.0,halves
401856918,20260518,kiki iriafen,4.0,5.0,9.0,halves
401856918,20260518,lauren betts,2.0,9.0,11.0,halves
401856918,20260518,li yueru,1.0,0.0,1.0,halves
401856918,20260518,lucy olsen,0.0,8.0,8.0,halves
401856918,20260518,maddy siegrist,8.0,2.0,10.0,halves
401856918,20260518,paige bueckers,5.0,13.0,18.0,halves
401856918,20260518,rori harmon,2.0,0.0,2.0,halves
401856918,20260518,shakira austin,10.0,2.0,12.0,halves
401856918,20260518,sonia citron,4.0,3.0,7.0,halves
401856919,20260518,aaliyah edwards,8.0,4.0,12.0,halves
401856919,20260518,aneesah morrow,10.0,2.0,12.0,halves
401856919,20260518,bridget carleton,4.0,14.0,18.0,halves
401856919,20260518,brittney griner,4.0,12.0,16.0,halves
401856919,20260518,charlisse leger-walker,1.0,9.0,10.0,halves
401856919,20260518,diamond miller,3.0,0.0,3.0,halves
401856919,20260518,emily engstler,10.0,5.0,15.0,halves
401856919,20260518,gianna kneepkens,0.0,3.0,3.0,halves
401856919,20260518,hailey van lith,7.0,5.0,12.0,halves
401856919,20260518,holly winterburn,2.0,0.0,2.0,halves
401856919,20260518,luisa geiselsoder,2.0,0.0,2.0,halves
401856919,20260518,megan gustafson,3.0,0.0,3.0,halves
401856919,20260518,nell angloma,1.0,0.0,1.0,halves
401856919,20260518,nyadiew puoch,7.0,3.0,10.0,halves
401856919,20260518,raegan beers,4.0,0.0,4.0,halves
401856919,20260518,saniya rivers,4.0,5.0,9.0,halves
401856919,20260518,sarah ashlee barker,5.0,13.0,18.0,halves
401856919,20260518,serah williams,2.0,1.0,3.0,halves
401856919,20260518,sug sutton,3.0,9.0,12.0,halves
401856920,20260519,alyssa thomas,6.0,11.0,17.0,halves
401856920,20260519,brittney sykes,14.0,17.0,31.0,halves
401856920,20260519,dewanna bonner,4.0,9.0,13.0,halves
401856920,20260519,jovana nogic,9.0,4.0,13.0,halves
401856920,20260519,kahleah copper,8.0,10.0,18.0,halves
401856920,20260519,kiana williams,2.0,5.0,7.0,halves
401856920,20260519,kiki rice,3.0,12.0,15.0,halves
401856920,20260519,kyara linskens,2.0,0.0,2.0,halves
401856920,20260519,laura juskaite,7.0,3.0,10.0,halves
401856920,20260519,lexi held,3.0,0.0,3.0,halves
401856920,20260519,maria conde,0.0,2.0,2.0,halves
401856920,20260519,marina mabrey,15.0,15.0,30.0,halves
401856920,20260519,natasha mack,10.0,2.0,12.0,halves
401856920,20260519,nikolina milic,0.0,4.0,4.0,halves
401856920,20260519,noemie brochant,2.0,3.0,5.0,halves
401856920,20260519,teonni key,3.0,0.0,3.0,halves
401856920,20260519,valeriane ayayi,1.0,2.0,3.0,halves
401856921,20260520,aliyah boston,13.0,11.0,24.0,halves
401856921,20260520,bridget carleton,12.0,4.0,16.0,halves
401856921,20260520,carla leite,6.0,0.0,6.0,halves
401856921,20260520,emily engstler,3.0,2.0,5.0,halves
401856921,20260520,haley jones,2.0,4.0,6.0,halves
401856921,20260520,holly winterburn,0.0,4.0,4.0,halves
401856921,20260520,kelsey mitchell,16.0,5.0,21.0,halves
401856921,20260520,lexie hull,5.0,11.0,16.0,halves
401856921,20260520,luisa geiselsoder,4.0,0.0,4.0,halves
401856921,20260520,makayla timpson,0.0,2.0,2.0,halves
401856921,20260520,megan gustafson,2.0,2.0,4.0,halves
401856921,20260520,monique billings,6.0,3.0,9.0,halves
401856921,20260520,myisha hines-allen,7.0,0.0,7.0,halves
401856921,20260520,raven johnson,4.0,5.0,9.0,halves
401856921,20260520,sarah ashlee barker,2.0,6.0,8.0,halves
401856921,20260520,serah williams,2.0,4.0,6.0,halves
401856921,20260520,sophie cunningham,2.0,0.0,2.0,halves
401856921,20260520,sug sutton,4.0,10.0,14.0,halves
401856922,20260520,alanna smith,5.0,2.0,7.0,halves
401856922,20260520,arike ogunbowale,6.0,17.0,23.0,halves
401856922,20260520,aziaha james,2.0,2.0,4.0,halves
401856922,20260520,azzi fudd,6.0,6.0,12.0,halves
401856922,20260520,elizabeth williams,2.0,3.0,5.0,halves
401856922,20260520,gabriela jaquez,8.0,4.0,12.0,halves
401856922,20260520,jacy sheldon,0.0,2.0,2.0,halves
401856922,20260520,jessica shepard,8.0,10.0,18.0,halves
401856922,20260520,kamilla cardoso,12.0,12.0,24.0,halves
401856922,20260520,li yueru,1.0,6.0,7.0,halves
401856922,20260520,natasha cloud,9.0,12.0,21.0,halves
401856922,20260520,odyssey sims,0.0,4.0,4.0,halves
401856922,20260520,paige bueckers,9.0,15.0,24.0,halves
401856922,20260520,rachel banham,4.0,6.0,10.0,halves
401856922,20260520,skylar diggins,3.0,12.0,15.0,halves
401856923,20260520,aaliyah edwards,2.0,10.0,12.0,halves
401856923,20260520,aneesah morrow,2.0,0.0,2.0,halves
401856923,20260520,ashlon jackson,2.0,2.0,4.0,halves
401856923,20260520,charlisse leger-walker,5.0,11.0,16.0,halves
401856923,20260520,diamond miller,0.0,2.0,2.0,halves
401856923,20260520,flau'jae johnson,5.0,0.0,5.0,halves
401856923,20260520,gianna kneepkens,2.0,0.0,2.0,halves
401856923,20260520,jade melbourne,3.0,8.0,11.0,halves
401856923,20260520,kennedy burke,8.0,7.0,15.0,halves
401856923,20260520,lexie brown,0.0,5.0,5.0,halves
401856923,20260520,mackenzie holmes,14.0,4.0,18.0,halves
401856923,20260520,natisha hiedeman,10.0,10.0,20.0,halves
401856923,20260520,nell angloma,13.0,2.0,15.0,halves
401856923,20260520,raegan beers,10.0,0.0,10.0,halves
401856923,20260520,saniya rivers,2.0,0.0,2.0,halves
401856923,20260520,stefanie dolson,0.0,3.0,3.0,halves
401856923,20260520,taylor thierry,0.0,6.0,6.0,halves
401856923,20260520,zia cooke,9.0,1.0,10.0,halves
401856924,20260521,breanna stewart,11.0,7.0,18.0,halves
401856924,20260521,gabby williams,11.0,5.0,16.0,halves
401856924,20260521,han xu,0.0,5.0,5.0,halves
401856924,20260521,janelle salaun,2.0,10.0,12.0,halves
401856924,20260521,jonquel jones,7.0,9.0,16.0,halves
401856924,20260521,julie vanloo,2.0,0.0,2.0,halves
401856924,20260521,kaila charles,10.0,3.0,13.0,halves
401856924,20260521,kaitlyn chen,0.0,2.0,2.0,halves
401856924,20260521,kayla thornton,6.0,5.0,11.0,halves
401856924,20260521,kiah stokes,3.0,3.0,6.0,halves
401856924,20260521,laeticia amihere,2.0,3.0,5.0,halves
401856924,20260521,pauline astier,7.0,0.0,7.0,halves
401856924,20260521,rebecca allen,0.0,5.0,5.0,halves
401856924,20260521,rebekah gardner,5.0,7.0,12.0,halves
401856924,20260521,satou sabally,2.0,3.0,5.0,halves
401856924,20260521,tiffany hayes,2.0,7.0,9.0,halves
401856924,20260521,veronica burton,6.0,7.0,13.0,halves
401856925,20260521,anastasiia olairi kosu,2.0,3.0,5.0,halves
401856925,20260521,antonia delaere,0.0,3.0,3.0,halves
401856925,20260521,brittney sykes,4.0,2.0,6.0,halves
401856925,20260521,courtney williams,12.0,3.0,15.0,halves
401856925,20260521,eliska hamzova,0.0,4.0,4.0,halves
401856925,20260521,kayla mcbride,7.0,6.0,13.0,halves
401856925,20260521,kia nurse,6.0,17.0,23.0,halves
401856925,20260521,kiki rice,2.0,9.0,11.0,halves
401856925,20260521,laura juskaite,5.0,2.0,7.0,halves
401856925,20260521,lexi held,3.0,0.0,3.0,halves
401856925,20260521,liatu king,5.0,4.0,9.0,halves
401856925,20260521,maria conde,3.0,0.0,3.0,halves
401856925,20260521,mariella fasoula,0.0,4.0,4.0,halves
401856925,20260521,marina mabrey,3.0,0.0,3.0,halves
401856925,20260521,maya caldwell,7.0,9.0,16.0,halves
401856925,20260521,natasha howard,9.0,4.0,13.0,halves
401856925,20260521,nia coffey,4.0,4.0,8.0,halves
401856925,20260521,nikolina milic,4.0,4.0,8.0,halves
401856925,20260521,olivia miles,7.0,7.0,14.0,halves
401856925,20260521,teonni key,2.0,2.0,4.0,halves
401856926,20260521,alyssa thomas,8.0,15.0,23.0,halves
401856926,20260521,ariel atkins,5.0,6.0,11.0,halves
401856926,20260521,cameron brink,10.0,2.0,12.0,halves
401856926,20260521,dearica hamby,10.0,17.0,27.0,halves
401856926,20260521,dewanna bonner,2.0,7.0,9.0,halves
401856926,20260521,erica wheeler,2.0,3.0,5.0,halves
401856926,20260521,jihyun park,2.0,0.0,2.0,halves
401856926,20260521,jovana nogic,10.0,5.0,15.0,halves
401856926,20260521,kahleah copper,10.0,12.0,22.0,halves
401856926,20260521,kelsey plum,14.0,2.0,16.0,halves
401856926,20260521,kiana williams,3.0,0.0,3.0,halves
401856926,20260521,marta suarez,6.0,0.0,6.0,halves
401856926,20260521,natasha mack,4.0,6.0,10.0,halves
401856926,20260521,nneka ogwumike,10.0,2.0,12.0,halves
401856926,20260521,rae burrell,7.0,5.0,12.0,halves
401856927,20260522,alanna smith,0.0,2.0,2.0,halves
401856927,20260522,allisha gray,6.0,10.0,16.0,halves
401856927,20260522,angel reese,9.0,6.0,15.0,halves
401856927,20260522,arike ogunbowale,2.0,0.0,2.0,halves
401856927,20260522,awak kuier,3.0,13.0,16.0,halves
401856927,20260522,aziaha james,2.0,4.0,6.0,halves
401856927,20260522,azzi fudd,5.0,2.0,7.0,halves
401856927,20260522,indya nivar,0.0,2.0,2.0,halves
401856927,20260522,isobel borlase,0.0,2.0,2.0,halves
401856927,20260522,jessica shepard,4.0,6.0,10.0,halves
401856927,20260522,jordin canada,4.0,5.0,9.0,halves
401856927,20260522,maddy siegrist,5.0,0.0,5.0,halves
401856927,20260522,naz hillmon,4.0,2.0,6.0,halves
401856927,20260522,odyssey sims,5.0,9.0,14.0,halves
401856927,20260522,paige bueckers,5.0,2.0,7.0,halves
401856927,20260522,rhyne howard,13.0,12.0,25.0,halves
401856927,20260522,sika kone,2.0,0.0,2.0,halves
401856927,20260522,te-hina paopao,6.0,3.0,9.0,halves
401856928,20260522,aliyah boston,6.0,14.0,20.0,halves
401856928,20260522,caitlin clark,10.0,12.0,22.0,halves
401856928,20260522,gabby williams,4.0,2.0,6.0,halves
401856928,20260522,janelle salaun,0.0,4.0,4.0,halves
401856928,20260522,kaila charles,0.0,4.0,4.0,halves
401856928,20260522,kaitlyn chen,12.0,6.0,18.0,halves
401856928,20260522,kayla thornton,7.0,3.0,10.0,halves
401856928,20260522,kelsey mitchell,11.0,8.0,19.0,halves
401856928,20260522,kiah stokes,2.0,0.0,2.0,halves
401856928,20260522,laeticia amihere,2.0,0.0,2.0,halves
401856928,20260522,lexie hull,3.0,4.0,7.0,halves
401856928,20260522,monique billings,2.0,0.0,2.0,halves
401856928,20260522,myisha hines-allen,0.0,2.0,2.0,halves
401856928,20260522,raven johnson,2.0,5.0,7.0,halves
401856928,20260522,sophie cunningham,3.0,8.0,11.0,halves
401856928,20260522,tiffany hayes,10.0,9.0,19.0,halves
401856928,20260522,veronica burton,7.0,10.0,17.0,halves
401856929,20260522,aaliyah edwards,4.0,6.0,10.0,halves
401856929,20260522,aneesah morrow,0.0,7.0,7.0,halves
401856929,20260522,charlisse leger-walker,0.0,5.0,5.0,halves
401856929,20260522,diamond miller,7.0,6.0,13.0,halves
401856929,20260522,flau'jae johnson,5.0,12.0,17.0,halves
401856929,20260522,gianna kneepkens,4.0,0.0,4.0,halves
401856929,20260522,hailey van lith,2.0,3.0,5.0,halves
401856929,20260522,jade melbourne,4.0,0.0,4.0,halves
401856929,20260522,jordan horston,6.0,2.0,8.0,halves
401856929,20260522,joyner holmes,2.0,0.0,2.0,halves
401856929,20260522,kennedy burke,7.0,0.0,7.0,halves
401856929,20260522,lexie brown,0.0,3.0,3.0,halves
401856929,20260522,mackenzie holmes,2.0,0.0,2.0,halves
401856929,20260522,natisha hiedeman,2.0,9.0,11.0,halves
401856929,20260522,nell angloma,2.0,0.0,2.0,halves
401856929,20260522,raegan beers,2.0,2.0,4.0,halves
401856929,20260522,saniya rivers,0.0,2.0,2.0,halves
401856929,20260522,stefanie dolson,0.0,5.0,5.0,halves
401856929,20260522,zia cooke,16.0,9.0,25.0,halves
401856930,20260523,antonia delaere,3.0,0.0,3.0,halves
401856930,20260523,azura stevens,2.0,4.0,6.0,halves
401856930,20260523,courtney williams,9.0,8.0,17.0,halves
401856930,20260523,elizabeth williams,2.0,2.0,4.0,halves
401856930,20260523,emese hof,2.0,0.0,2.0,halves
401856930,20260523,gabriela jaquez,4.0,3.0,7.0,halves
401856930,20260523,jacy sheldon,5.0,0.0,5.0,halves
401856930,20260523,kamilla cardoso,11.0,6.0,17.0,halves
401856930,20260523,kayla mcbride,5.0,8.0,13.0,halves
401856930,20260523,maya caldwell,2.0,0.0,2.0,halves
401856930,20260523,natasha cloud,2.0,4.0,6.0,halves
401856930,20260523,natasha howard,22.0,4.0,26.0,halves
401856930,20260523,nia coffey,3.0,5.0,8.0,halves
401856930,20260523,olivia miles,6.0,8.0,14.0,halves
401856930,20260523,rachel banham,3.0,3.0,6.0,halves
401856930,20260523,skylar diggins,9.0,4.0,13.0,halves
401856930,20260523,sydney taylor,0.0,11.0,11.0,halves
401856931,20260523,bridget carleton,6.0,9.0,15.0,halves
401856931,20260523,brittney sykes,2.0,8.0,10.0,halves
401856931,20260523,carla leite,10.0,5.0,15.0,halves
401856931,20260523,emily engstler,2.0,14.0,16.0,halves
401856931,20260523,frieda buhner,3.0,2.0,5.0,halves
401856931,20260523,kia nurse,2.0,2.0,4.0,halves
401856931,20260523,kiki rice,13.0,6.0,19.0,halves
401856931,20260523,laura juskaite,0.0,3.0,3.0,halves
401856931,20260523,lexi held,0.0,3.0,3.0,halves
401856931,20260523,luisa geiselsoder,2.0,4.0,6.0,halves
401856931,20260523,maria conde,2.0,6.0,8.0,halves
401856931,20260523,marina mabrey,15.0,4.0,19.0,halves
401856931,20260523,megan gustafson,11.0,3.0,14.0,halves
401856931,20260523,nikolina milic,1.0,0.0,1.0,halves
401856931,20260523,nyadiew puoch,0.0,5.0,5.0,halves
401856931,20260523,nyara sabally,5.0,4.0,9.0,halves
401856931,20260523,sarah ashlee barker,5.0,7.0,12.0,halves
401856931,20260523,serah williams,2.0,6.0,8.0,halves
401856931,20260523,teja oblak,3.0,0.0,3.0,halves
401856931,20260523,teonni key,4.0,0.0,4.0,halves
401856932,20260523,a'ja wilson,8.0,16.0,24.0,halves
401856932,20260523,ariel atkins,9.0,2.0,11.0,halves
401856932,20260523,brianna turner,2.0,0.0,2.0,halves
401856932,20260523,cameron brink,9.0,7.0,16.0,halves
401856932,20260523,chelsea gray,8.0,4.0,12.0,halves
401856932,20260523,chennedy carter,16.0,7.0,23.0,halves
401856932,20260523,dearica hamby,7.0,9.0,16.0,halves
401856932,20260523,erica wheeler,0.0,10.0,10.0,halves
401856932,20260523,jewell loyd,9.0,1.0,10.0,halves
401856932,20260523,kelsey plum,14.0,24.0,38.0,halves
401856932,20260523,nalyssa smith,9.0,13.0,22.0,halves
401856932,20260523,rae burrell,7.0,3.0,10.0,halves
401856932,20260523,stephanie talbot,0.0,2.0,2.0,halves
401856933,20260524,allisha gray,10.0,8.0,18.0,halves
401856933,20260524,alyssa thomas,10.0,10.0,20.0,halves
401856933,20260524,angel reese,8.0,9.0,17.0,halves
401856933,20260524,dewanna bonner,0.0,4.0,4.0,halves
401856933,20260524,indya nivar,3.0,0.0,3.0,halves
401856933,20260524,isobel borlase,2.0,3.0,5.0,halves
401856933,20260524,jordin canada,4.0,7.0,11.0,halves
401856933,20260524,jovana nogic,11.0,0.0,11.0,halves
401856933,20260524,kahleah copper,12.0,8.0,20.0,halves
401856933,20260524,kiana williams,0.0,3.0,3.0,halves
401856933,20260524,kyara linskens,3.0,7.0,10.0,halves
401856933,20260524,natasha mack,4.0,2.0,6.0,halves
401856933,20260524,naz hillmon,4.0,0.0,4.0,halves
401856933,20260524,noemie brochant,4.0,2.0,6.0,halves
401856933,20260524,rhyne howard,6.0,15.0,21.0,halves
401856933,20260524,te-hina paopao,0.0,3.0,3.0,halves
401856934,20260524,arike ogunbowale,13.0,6.0,19.0,halves
401856934,20260524,awak kuier,5.0,5.0,10.0,halves
401856934,20260524,aziaha james,2.0,0.0,2.0,halves
401856934,20260524,azzi fudd,4.0,20.0,24.0,halves
401856934,20260524,breanna stewart,8.0,6.0,14.0,halves
401856934,20260524,han xu,6.0,0.0,6.0,halves
401856934,20260524,jessica shepard,6.0,4.0,10.0,halves
401856934,20260524,jonquel jones,2.0,12.0,14.0,halves
401856934,20260524,maddy siegrist,2.0,0.0,2.0,halves
401856934,20260524,paige bueckers,11.0,13.0,24.0,halves
401856934,20260524,pauline astier,7.0,0.0,7.0,halves
401856934,20260524,rebekah gardner,0.0,4.0,4.0,halves
401856934,20260524,sabrina ionescu,11.0,0.0,11.0,halves
401856934,20260524,satou sabally,10.0,10.0,20.0,halves
401856935,20260524,angela dugalic,4.0,9.0,13.0,halves
401856935,20260524,awa fam,2.0,8.0,10.0,halves
401856935,20260524,cassandre prosper,2.0,0.0,2.0,halves
401856935,20260524,cotie mcmahon,0.0,2.0,2.0,halves
401856935,20260524,flau'jae johnson,9.0,8.0,17.0,halves
401856935,20260524,georgia amoore,9.0,4.0,13.0,halves
401856935,20260524,jade melbourne,1.0,2.0,3.0,halves
401856935,20260524,jordan horston,5.0,0.0,5.0,halves
401856935,20260524,katie lou samuelson,0.0,3.0,3.0,halves
401856935,20260524,kiki iriafen,3.0,10.0,13.0,halves
401856935,20260524,lauren betts,4.0,2.0,6.0,halves
401856935,20260524,lexie brown,0.0,7.0,7.0,halves
401856935,20260524,mackenzie holmes,2.0,0.0,2.0,halves
401856935,20260524,michaela onyenwere,2.0,4.0,6.0,halves
401856935,20260524,natisha hiedeman,18.0,6.0,24.0,halves
401856935,20260524,rori harmon,2.0,0.0,2.0,halves
401856935,20260524,shakira austin,9.0,3.0,12.0,halves
401856935,20260524,sonia citron,2.0,14.0,16.0,halves
401856935,20260524,stefanie dolson,5.0,11.0,16.0,halves
401856935,20260524,zia cooke,7.0,3.0,10.0,halves
401856936,20260525,breanna stewart,7.0,18.0,25.0,halves
401856936,20260525,bridget carleton,1.0,9.0,10.0,halves
401856936,20260525,carla leite,8.0,10.0,18.0,halves
401856936,20260525,emily engstler,4.0,4.0,8.0,halves
401856936,20260525,han xu,4.0,4.0,8.0,halves
401856936,20260525,jonquel jones,5.0,7.0,12.0,halves
401856936,20260525,karlie samuelson,2.0,0.0,2.0,halves
401856936,20260525,luisa geiselsoder,3.0,3.0,6.0,halves
401856936,20260525,marine johannes,11.0,6.0,17.0,halves
401856936,20260525,megan gustafson,2.0,9.0,11.0,halves
401856936,20260525,nyadiew puoch,5.0,0.0,5.0,halves
401856936,20260525,pauline astier,0.0,4.0,4.0,halves
401856936,20260525,rebecca allen,0.0,2.0,2.0,halves
401856936,20260525,rebekah gardner,4.0,0.0,4.0,halves
401856936,20260525,sarah ashlee barker,0.0,7.0,7.0,halves
401856936,20260525,satou sabally,2.0,0.0,2.0,halves
401856936,20260525,serah williams,4.0,0.0,4.0,halves
401856936,20260525,teja oblak,6.0,4.0,10.0,halves
401856937,20260525,aaliyah edwards,4.0,4.0,8.0,halves
401856937,20260525,aneesah morrow,8.0,3.0,11.0,halves
401856937,20260525,ashlon jackson,0.0,6.0,6.0,halves
401856937,20260525,ashten prechtel,0.0,5.0,5.0,halves
401856937,20260525,cecilia zandalasini,6.0,0.0,6.0,halves
401856937,20260525,charlisse leger-walker,5.0,4.0,9.0,halves
401856937,20260525,diamond miller,2.0,2.0,4.0,halves
401856937,20260525,gabby williams,10.0,5.0,15.0,halves
401856937,20260525,gianna kneepkens,0.0,6.0,6.0,halves
401856937,20260525,hailey van lith,0.0,5.0,5.0,halves
401856937,20260525,janelle salaun,3.0,6.0,9.0,halves
401856937,20260525,juste jocyte,0.0,5.0,5.0,halves
401856937,20260525,kaila charles,5.0,7.0,12.0,halves
401856937,20260525,kaitlyn chen,6.0,4.0,10.0,halves
401856937,20260525,kayla thornton,2.0,3.0,5.0,halves
401856937,20260525,kennedy burke,1.0,2.0,3.0,halves
401856937,20260525,kiah stokes,1.0,0.0,1.0,halves
401856937,20260525,laeticia amihere,1.0,8.0,9.0,halves
401856937,20260525,nell angloma,2.0,4.0,6.0,halves
401856937,20260525,olivia nelson-ododa,3.0,4.0,7.0,halves
401856937,20260525,raegan beers,3.0,0.0,3.0,halves
401856937,20260525,saniya rivers,2.0,0.0,2.0,halves
401856937,20260525,tiffany hayes,7.0,2.0,9.0,halves
401856937,20260525,veronica burton,6.0,5.0,11.0,halves
401856938,20260527,alyssa thomas,5.0,4.0,9.0,halves
401856938,20260527,betnijah laney-hamilton,0.0,7.0,7.0,halves
401856938,20260527,breanna stewart,2.0,9.0,11.0,halves
401856938,20260527,dewanna bonner,2.0,0.0,2.0,halves
401856938,20260527,han xu,8.0,0.0,8.0,halves
401856938,20260527,jonquel jones,7.0,10.0,17.0,halves
401856938,20260527,jovana nogic,9.0,0.0,9.0,halves
401856938,20260527,kahleah copper,10.0,9.0,19.0,halves
401856938,20260527,kiana williams,0.0,3.0,3.0,halves
401856938,20260527,kyara linskens,3.0,0.0,3.0,halves
401856938,20260527,leonie fiebich,6.0,3.0,9.0,halves
401856938,20260527,marine johannes,15.0,6.0,21.0,halves
401856938,20260527,monique akoa makani,4.0,5.0,9.0,halves
401856938,20260527,natasha mack,6.0,8.0,14.0,halves
401856938,20260527,noemie brochant,3.0,0.0,3.0,halves
401856938,20260527,pauline astier,2.0,5.0,7.0,halves
401856938,20260527,rebecca allen,0.0,2.0,2.0,halves
401856938,20260527,rebekah gardner,2.0,0.0,2.0,halves
401856938,20260527,valeriane ayayi,1.0,2.0,3.0,halves
401856939,20260527,aicha coulibaly,5.0,4.0,9.0,halves
401856939,20260527,azura stevens,5.0,5.0,10.0,halves
401856939,20260527,brittney sykes,13.0,7.0,20.0,halves
401856939,20260527,elizabeth williams,8.0,3.0,11.0,halves
401856939,20260527,jacy sheldon,4.0,0.0,4.0,halves
401856939,20260527,kamilla cardoso,0.0,2.0,2.0,halves
401856939,20260527,kiki rice,7.0,7.0,14.0,halves
401856939,20260527,laura juskaite,0.0,7.0,7.0,halves
401856939,20260527,maria conde,9.0,3.0,12.0,halves
401856939,20260527,marina mabrey,10.0,14.0,24.0,halves
401856939,20260527,natasha cloud,9.0,9.0,18.0,halves
401856939,20260527,nikolina milic,2.0,0.0,2.0,halves
401856939,20260527,nyara sabally,14.0,15.0,29.0,halves
401856939,20260527,skylar diggins,13.0,10.0,23.0,halves
401856939,20260527,sydney taylor,4.0,23.0,27.0,halves
401856939,20260527,teonni key,0.0,3.0,3.0,halves
401856940,20260527,allisha gray,9.0,12.0,21.0,halves
401856940,20260527,anastasiia olairi kosu,0.0,2.0,2.0,halves
401856940,20260527,angel reese,6.0,4.0,10.0,halves
401856940,20260527,courtney williams,7.0,18.0,25.0,halves
401856940,20260527,isobel borlase,0.0,4.0,4.0,halves
401856940,20260527,jordin canada,5.0,4.0,9.0,halves
401856940,20260527,kayla mcbride,4.0,8.0,12.0,halves
401856940,20260527,liatu king,3.0,0.0,3.0,halves
401856940,20260527,madina okot,0.0,4.0,4.0,halves
401856940,20260527,maya caldwell,0.0,2.0,2.0,halves
401856940,20260527,natasha howard,6.0,16.0,22.0,halves
401856940,20260527,naz hillmon,9.0,6.0,15.0,halves
401856940,20260527,nia coffey,11.0,3.0,14.0,halves
401856940,20260527,olivia miles,11.0,5.0,16.0,halves
401856940,20260527,rhyne howard,3.0,7.0,10.0,halves
401856940,20260527,sika kone,5.0,0.0,5.0,halves
401856940,20260527,te-hina paopao,0.0,3.0,3.0,halves
401856941,20260527,aneesah morrow,8.0,5.0,13.0,halves
401856941,20260527,bridget carleton,11.0,2.0,13.0,halves
401856941,20260527,carla leite,9.0,11.0,20.0,halves
401856941,20260527,charlisse leger-walker,2.0,9.0,11.0,halves
401856941,20260527,diamond miller,0.0,5.0,5.0,halves
401856941,20260527,emily engstler,2.0,2.0,4.0,halves
401856941,20260527,frieda buhner,0.0,9.0,9.0,halves
401856941,20260527,gianna kneepkens,0.0,4.0,4.0,halves
401856941,20260527,hailey van lith,4.0,3.0,7.0,halves
401856941,20260527,kennedy burke,6.0,0.0,6.0,halves
401856941,20260527,luisa geiselsoder,3.0,0.0,3.0,halves
401856941,20260527,megan gustafson,7.0,3.0,10.0,halves
401856941,20260527,nyadiew puoch,2.0,0.0,2.0,halves
401856941,20260527,olivia nelson-ododa,2.0,2.0,4.0,halves
401856941,20260527,raegan beers,2.0,2.0,4.0,halves
401856941,20260527,saniya rivers,3.0,4.0,7.0,halves
401856941,20260527,sarah ashlee barker,2.0,2.0,4.0,halves
401856941,20260527,serah williams,0.0,1.0,1.0,halves
401856941,20260527,teja oblak,1.0,4.0,5.0,halves
401856942,20260527,alicia florez getino,6.0,3.0,9.0,halves
401856942,20260527,angela dugalic,0.0,2.0,2.0,halves
401856942,20260527,awa fam,2.0,4.0,6.0,halves
401856942,20260527,cassandre prosper,0.0,2.0,2.0,halves
401856942,20260527,flau'jae johnson,0.0,8.0,8.0,halves
401856942,20260527,georgia amoore,7.0,0.0,7.0,halves
401856942,20260527,jade melbourne,3.0,12.0,15.0,halves
401856942,20260527,jordan horston,2.0,2.0,4.0,halves
401856942,20260527,katie lou samuelson,6.0,2.0,8.0,halves
401856942,20260527,kiki iriafen,8.0,5.0,13.0,halves
401856942,20260527,lauren betts,0.0,6.0,6.0,halves
401856942,20260527,lexie brown,3.0,0.0,3.0,halves
401856942,20260527,mackenzie holmes,3.0,5.0,8.0,halves
401856942,20260527,michaela onyenwere,13.0,1.0,14.0,halves
401856942,20260527,natisha hiedeman,6.0,2.0,8.0,halves
401856942,20260527,shakira austin,14.0,4.0,18.0,halves
401856942,20260527,sonia citron,0.0,7.0,7.0,halves
401856942,20260527,zia cooke,4.0,0.0,4.0,halves
401856943,20260528,a'ja wilson,9.0,12.0,21.0,halves
401856943,20260528,alysha clark,0.0,6.0,6.0,halves
401856943,20260528,arike ogunbowale,0.0,1.0,1.0,halves
401856943,20260528,awak kuier,4.0,8.0,12.0,halves
401856943,20260528,aziaha james,2.0,0.0,2.0,halves
401856943,20260528,azzi fudd,9.0,13.0,22.0,halves
401856943,20260528,chelsea gray,8.0,0.0,8.0,halves
401856943,20260528,chennedy carter,12.0,2.0,14.0,halves
401856943,20260528,cheyenne parker-tyus,6.0,3.0,9.0,halves
401856943,20260528,jackie young,9.0,6.0,15.0,halves
401856943,20260528,jessica shepard,9.0,13.0,22.0,halves
401856943,20260528,jewell loyd,5.0,4.0,9.0,halves
401856943,20260528,maddy siegrist,8.0,0.0,8.0,halves
401856943,20260528,nalyssa smith,4.0,5.0,9.0,halves
401856943,20260528,odyssey sims,2.0,0.0,2.0,halves
401856943,20260528,paige bueckers,11.0,9.0,20.0,halves
401856943,20260528,stephanie talbot,0.0,2.0,2.0,halves
401856944,20260528,aliyah boston,0.0,13.0,13.0,halves
401856944,20260528,caitlin clark,11.0,5.0,16.0,halves
401856944,20260528,cecilia zandalasini,5.0,3.0,8.0,halves
401856944,20260528,gabby williams,8.0,11.0,19.0,halves
401856944,20260528,janelle salaun,8.0,11.0,19.0,halves
401856944,20260528,juste jocyte,0.0,3.0,3.0,halves
401856944,20260528,kaila charles,7.0,0.0,7.0,halves
401856944,20260528,kaitlyn chen,2.0,0.0,2.0,halves
401856944,20260528,kelsey mitchell,7.0,7.0,14.0,halves
401856944,20260528,kiah stokes,2.0,2.0,4.0,halves
401856944,20260528,laeticia amihere,0.0,3.0,3.0,halves
401856944,20260528,lexie hull,0.0,5.0,5.0,halves
401856944,20260528,makayla timpson,5.0,2.0,7.0,halves
401856944,20260528,monique billings,2.0,2.0,4.0,halves
401856944,20260528,myisha hines-allen,2.0,0.0,2.0,halves
401856944,20260528,raven johnson,8.0,8.0,16.0,halves
401856944,20260528,sophie cunningham,9.0,2.0,11.0,halves
401856944,20260528,veronica burton,12.0,13.0,25.0,halves
401856945,20260529,alyssa thomas,13.0,2.0,15.0,halves
401856945,20260529,betnijah laney-hamilton,9.0,4.0,13.0,halves
401856945,20260529,breanna stewart,4.0,5.0,9.0,halves
401856945,20260529,dewanna bonner,0.0,4.0,4.0,halves
401856945,20260529,han xu,4.0,5.0,9.0,halves
401856945,20260529,jonquel jones,2.0,7.0,9.0,halves
401856945,20260529,jovana nogic,5.0,3.0,8.0,halves
401856945,20260529,kahleah copper,2.0,14.0,16.0,halves
401856945,20260529,kyara linskens,2.0,2.0,4.0,halves
401856945,20260529,leonie fiebich,0.0,3.0,3.0,halves
401856945,20260529,marine johannes,6.0,0.0,6.0,halves
401856945,20260529,monique akoa makani,5.0,8.0,13.0,halves
401856945,20260529,natasha mack,2.0,4.0,6.0,halves
401856945,20260529,noemie brochant,2.0,0.0,2.0,halves
401856945,20260529,pauline astier,7.0,9.0,16.0,halves
401856945,20260529,rebekah gardner,0.0,6.0,6.0,halves
401856945,20260529,satou sabally,2.0,2.0,4.0,halves
401856946,20260529,alicia florez getino,0.0,5.0,5.0,halves
401856946,20260529,angela dugalic,6.0,0.0,6.0,halves
401856946,20260529,ariel atkins,4.0,4.0,8.0,halves
401856946,20260529,cameron brink,14.0,2.0,16.0,halves
401856946,20260529,cassandre prosper,5.0,0.0,5.0,halves
401856946,20260529,chance gray,3.0,3.0,6.0,halves
401856946,20260529,cotie mcmahon,5.0,0.0,5.0,halves
401856946,20260529,dearica hamby,5.0,9.0,14.0,halves
401856946,20260529,erica wheeler,4.0,17.0,21.0,halves
401856946,20260529,georgia amoore,0.0,1.0,1.0,halves
401856946,20260529,kiki iriafen,6.0,7.0,13.0,halves
401856946,20260529,lauren betts,2.0,0.0,2.0,halves
401856946,20260529,michaela onyenwere,0.0,4.0,4.0,halves
401856946,20260529,nneka ogwumike,8.0,12.0,20.0,halves
401856946,20260529,rae burrell,2.0,2.0,4.0,halves
401856946,20260529,shakira austin,7.0,18.0,25.0,halves
401856946,20260529,sonia citron,6.0,15.0,21.0,halves
401856946,20260529,ta'niya latson,2.0,1.0,3.0,halves
401856947,20260529,aicha coulibaly,4.0,0.0,4.0,halves
401856947,20260529,anastasiia olairi kosu,0.0,2.0,2.0,halves
401856947,20260529,azura stevens,2.0,2.0,4.0,halves
401856947,20260529,courtney williams,6.0,4.0,10.0,halves
401856947,20260529,jacy sheldon,5.0,0.0,5.0,halves
401856947,20260529,kamilla cardoso,4.0,8.0,12.0,halves
401856947,20260529,kayla mcbride,4.0,5.0,9.0,halves
401856947,20260529,liatu king,2.0,0.0,2.0,halves
401856947,20260529,maya caldwell,5.0,0.0,5.0,halves
401856947,20260529,natasha cloud,4.0,2.0,6.0,halves
401856947,20260529,natasha howard,6.0,8.0,14.0,halves
401856947,20260529,nia coffey,5.0,15.0,20.0,halves
401856947,20260529,olivia miles,5.0,12.0,17.0,halves
401856947,20260529,rachel banham,3.0,5.0,8.0,halves
401856947,20260529,skylar diggins,8.0,4.0,12.0,halves
401856947,20260529,sydney taylor,0.0,7.0,7.0,halves
401856948,20260529,allisha gray,5.0,8.0,13.0,halves
401856948,20260529,angel reese,8.0,10.0,18.0,halves
401856948,20260529,carla leite,6.0,5.0,11.0,halves
401856948,20260529,emily engstler,8.0,2.0,10.0,halves
401856948,20260529,frieda buhner,0.0,7.0,7.0,halves
401856948,20260529,holly winterburn,6.0,0.0,6.0,halves
401856948,20260529,indya nivar,0.0,4.0,4.0,halves
401856948,20260529,isobel borlase,2.0,0.0,2.0,halves
401856948,20260529,jordin canada,4.0,5.0,9.0,halves
401856948,20260529,luisa geiselsoder,0.0,6.0,6.0,halves
401856948,20260529,madina okot,5.0,2.0,7.0,halves
401856948,20260529,megan gustafson,5.0,5.0,10.0,halves
401856948,20260529,naz hillmon,5.0,9.0,14.0,halves
401856948,20260529,nyadiew puoch,2.0,0.0,2.0,halves
401856948,20260529,rhyne howard,9.0,5.0,14.0,halves
401856948,20260529,sarah ashlee barker,4.0,10.0,14.0,halves
401856948,20260529,te-hina paopao,0.0,5.0,5.0,halves
401856949,20260530,awa fam,2.0,5.0,7.0,halves
401856949,20260530,brittney sykes,8.0,7.0,15.0,halves
401856949,20260530,flau'jae johnson,5.0,2.0,7.0,halves
401856949,20260530,jade melbourne,5.0,3.0,8.0,halves
401856949,20260530,jordan horston,8.0,7.0,15.0,halves
401856949,20260530,julie allemand,0.0,6.0,6.0,halves
401856949,20260530,katie lou samuelson,0.0,2.0,2.0,halves
401856949,20260530,kiki rice,4.0,13.0,17.0,halves
401856949,20260530,laura juskaite,2.0,12.0,14.0,halves
401856949,20260530,mackenzie holmes,2.0,4.0,6.0,halves
401856949,20260530,maria conde,5.0,8.0,13.0,halves
401856949,20260530,marina mabrey,12.0,6.0,18.0,halves
401856949,20260530,natisha hiedeman,10.0,8.0,18.0,halves
401856949,20260530,nyara sabally,6.0,2.0,8.0,halves
401856949,20260530,stefanie dolson,2.0,5.0,7.0,halves
401856949,20260530,tima pouye,0.0,2.0,2.0,halves
401856949,20260530,zia cooke,2.0,0.0,2.0,halves
401856950,20260530,aneesah morrow,8.0,9.0,17.0,halves
401856950,20260530,ariel atkins,10.0,6.0,16.0,halves
401856950,20260530,brittney griner,9.0,0.0,9.0,halves
401856950,20260530,cameron brink,0.0,2.0,2.0,halves
401856950,20260530,chance gray,0.0,6.0,6.0,halves
401856950,20260530,charlisse leger-walker,0.0,2.0,2.0,halves
401856950,20260530,dearica hamby,5.0,6.0,11.0,halves
401856950,20260530,diamond miller,4.0,8.0,12.0,halves
401856950,20260530,erica wheeler,4.0,9.0,13.0,halves
401856950,20260530,gianna kneepkens,3.0,0.0,3.0,halves
401856950,20260530,kate martin,2.0,0.0,2.0,halves
401856950,20260530,kennedy burke,5.0,9.0,14.0,halves
401856950,20260530,leila lacan,7.0,5.0,12.0,halves
401856950,20260530,nell angloma,0.0,2.0,2.0,halves
401856950,20260530,nneka ogwumike,8.0,4.0,12.0,halves
401856950,20260530,olivia nelson-ododa,0.0,4.0,4.0,halves
401856950,20260530,rae burrell,4.0,12.0,16.0,halves
401856950,20260530,saniya rivers,3.0,6.0,9.0,halves
401856950,20260530,ta'niya latson,3.0,0.0,3.0,halves
401856951,20260530,aliyah boston,8.0,10.0,18.0,halves
401856951,20260530,bridget carleton,7.0,7.0,14.0,halves
401856951,20260530,caitlin clark,5.0,1.0,6.0,halves
401856951,20260530,carla leite,8.0,10.0,18.0,halves
401856951,20260530,emily engstler,7.0,9.0,16.0,halves
401856951,20260530,frieda buhner,6.0,4.0,10.0,halves
401856951,20260530,grace vanslooten,0.0,2.0,2.0,halves
401856951,20260530,kelsey mitchell,10.0,7.0,17.0,halves
401856951,20260530,makayla timpson,2.0,9.0,11.0,halves
401856951,20260530,megan gustafson,13.0,9.0,22.0,halves
401856951,20260530,myisha hines-allen,2.0,5.0,7.0,halves
401856951,20260530,nyadiew puoch,2.0,0.0,2.0,halves
401856951,20260530,raven johnson,3.0,0.0,3.0,halves
401856951,20260530,sarah ashlee barker,7.0,8.0,15.0,halves
401856951,20260530,sophie cunningham,7.0,8.0,15.0,halves
401856951,20260530,teja oblak,0.0,3.0,3.0,halves
401856951,20260530,tyasha harris,0.0,5.0,5.0,halves
401856952,20260531,a'ja wilson,13.0,15.0,28.0,halves
401856952,20260531,brianna turner,0.0,4.0,4.0,halves
401856952,20260531,cecilia zandalasini,8.0,1.0,9.0,halves
401856952,20260531,chelsea gray,2.0,3.0,5.0,halves
401856952,20260531,chennedy carter,6.0,0.0,6.0,halves
401856952,20260531,gabby williams,10.0,10.0,20.0,halves
401856952,20260531,jackie young,10.0,13.0,23.0,halves
401856952,20260531,janelle salaun,5.0,11.0,16.0,halves
401856952,20260531,juste jocyte,0.0,5.0,5.0,halves
401856952,20260531,kaitlyn chen,3.0,2.0,5.0,halves
401856952,20260531,kayla thornton,6.0,6.0,12.0,halves
401856952,20260531,laeticia amihere,0.0,2.0,2.0,halves
401856952,20260531,nalyssa smith,6.0,9.0,15.0,halves
401856952,20260531,stephanie talbot,6.0,4.0,10.0,halves
401856952,20260531,tiffany hayes,4.0,1.0,5.0,halves
401856952,20260531,veronica burton,5.0,2.0,7.0,halves
401856953,20260601,alanna smith,0.0,5.0,5.0,halves
401856953,20260601,alysha clark,0.0,6.0,6.0,halves
401856953,20260601,arike ogunbowale,4.0,5.0,9.0,halves
401856953,20260601,awa fam,4.0,4.0,8.0,halves
401856953,20260601,aziaha james,4.0,14.0,18.0,halves
401856953,20260601,azzi fudd,5.0,4.0,9.0,halves
401856953,20260601,flau'jae johnson,4.0,12.0,16.0,halves
401856953,20260601,jade melbourne,0.0,5.0,5.0,halves
401856953,20260601,jessica shepard,8.0,1.0,9.0,halves
401856953,20260601,jordan horston,2.0,0.0,2.0,halves
401856953,20260601,katie lou samuelson,0.0,6.0,6.0,halves
401856953,20260601,li yueru,0.0,2.0,2.0,halves
401856953,20260601,mackenzie holmes,0.0,2.0,2.0,halves
401856953,20260601,maddy siegrist,5.0,4.0,9.0,halves
401856953,20260601,natisha hiedeman,11.0,0.0,11.0,halves
401856953,20260601,odyssey sims,0.0,2.0,2.0,halves
401856953,20260601,paige bueckers,10.0,0.0,10.0,halves
401856953,20260601,stefanie dolson,2.0,0.0,2.0,halves
401856953,20260601,zia cooke,2.0,2.0,4.0,halves
401856954,20260601,alyssa thomas,6.0,0.0,6.0,halves
401856954,20260601,anastasiia olairi kosu,2.0,10.0,12.0,halves
401856954,20260601,antonia delaere,5.0,8.0,13.0,halves
401856954,20260601,courtney williams,19.0,11.0,30.0,halves
401856954,20260601,dewanna bonner,2.0,0.0,2.0,halves
401856954,20260601,jovana nogic,0.0,8.0,8.0,halves
401856954,20260601,kahleah copper,11.0,7.0,18.0,halves
401856954,20260601,kayla mcbride,7.0,0.0,7.0,halves
401856954,20260601,kyara linskens,3.0,4.0,7.0,halves
401856954,20260601,lexi held,0.0,5.0,5.0,halves
401856954,20260601,maya caldwell,0.0,5.0,5.0,halves
401856954,20260601,monique akoa makani,8.0,2.0,10.0,halves
401856954,20260601,natasha howard,11.0,0.0,11.0,halves
401856954,20260601,natasha mack,2.0,2.0,4.0,halves
401856954,20260601,nia coffey,6.0,2.0,8.0,halves
401856954,20260601,noemie brochant,8.0,3.0,11.0,halves
401856954,20260601,olivia miles,13.0,6.0,19.0,halves
401856954,20260601,sha carter,0.0,6.0,6.0,halves
401856954,20260601,teaira mccowan,4.0,2.0,6.0,halves
401856955,20260602,allisha gray,18.0,8.0,26.0,halves
401856955,20260602,aneesah morrow,11.0,9.0,20.0,halves
401856955,20260602,angel reese,2.0,10.0,12.0,halves
401856955,20260602,brittney griner,7.0,0.0,7.0,halves
401856955,20260602,diamond miller,4.0,4.0,8.0,halves
401856955,20260602,jordin canada,5.0,7.0,12.0,halves
401856955,20260602,kennedy burke,2.0,0.0,2.0,halves
401856955,20260602,leila lacan,8.0,3.0,11.0,halves
401856955,20260602,naz hillmon,3.0,2.0,5.0,halves
401856955,20260602,nell angloma,4.0,2.0,6.0,halves
401856955,20260602,olivia nelson-ododa,6.0,4.0,10.0,halves
401856955,20260602,rhyne howard,22.0,14.0,36.0,halves
401856955,20260602,saniya rivers,7.0,4.0,11.0,halves
401856956,20260602,alicia florez getino,5.0,3.0,8.0,halves
401856956,20260602,angela dugalic,4.0,4.0,8.0,halves
401856956,20260602,azura stevens,5.0,2.0,7.0,halves
401856956,20260602,cassandre prosper,7.0,0.0,7.0,halves
401856956,20260602,cotie mcmahon,6.0,2.0,8.0,halves
401856956,20260602,elizabeth williams,4.0,6.0,10.0,halves
401856956,20260602,georgia amoore,0.0,3.0,3.0,halves
401856956,20260602,jacy sheldon,4.0,5.0,9.0,halves
401856956,20260602,kamilla cardoso,12.0,0.0,12.0,halves
401856956,20260602,kiki iriafen,7.0,8.0,15.0,halves
401856956,20260602,lauren betts,2.0,6.0,8.0,halves
401856956,20260602,lucy olsen,0.0,3.0,3.0,halves
401856956,20260602,michaela onyenwere,7.0,6.0,13.0,halves
401856956,20260602,rachel banham,0.0,5.0,5.0,halves
401856956,20260602,shakira austin,9.0,8.0,17.0,halves
401856956,20260602,skylar diggins,6.0,8.0,14.0,halves
401856956,20260602,sydney taylor,9.0,6.0,15.0,halves
401856957,20260602,bridget carleton,6.0,5.0,11.0,halves
401856957,20260602,carla leite,4.0,6.0,10.0,halves
401856957,20260602,cecilia zandalasini,5.0,4.0,9.0,halves
401856957,20260602,emily engstler,9.0,3.0,12.0,halves
401856957,20260602,gabby williams,6.0,2.0,8.0,halves
401856957,20260602,janelle salaun,11.0,7.0,18.0,halves
401856957,20260602,juste jocyte,6.0,2.0,8.0,halves
401856957,20260602,kaila charles,3.0,4.0,7.0,halves
401856957,20260602,kaitlyn chen,4.0,5.0,9.0,halves
401856957,20260602,karlie samuelson,2.0,0.0,2.0,halves
401856957,20260602,kayla thornton,14.0,5.0,19.0,halves
401856957,20260602,kiah stokes,3.0,3.0,6.0,halves
401856957,20260602,luisa geiselsoder,0.0,3.0,3.0,halves
401856957,20260602,megan gustafson,8.0,5.0,13.0,halves
401856957,20260602,sarah ashlee barker,3.0,5.0,8.0,halves
401856957,20260602,serah williams,0.0,7.0,7.0,halves
401856957,20260602,teja oblak,4.0,7.0,11.0,halves
401856957,20260602,tiffany hayes,0.0,1.0,1.0,halves
401856957,20260602,veronica burton,4.0,6.0,10.0,halves
401856958,20260602,a'ja wilson,13.0,12.0,25.0,halves
401856958,20260602,ariel atkins,7.0,2.0,9.0,halves
401856958,20260602,cameron brink,0.0,9.0,9.0,halves
401856958,20260602,chance gray,0.0,3.0,3.0,halves
401856958,20260602,chelsea gray,5.0,7.0,12.0,halves
401856958,20260602,cheyenne parker-tyus,3.0,2.0,5.0,halves
401856958,20260602,dearica hamby,2.0,0.0,2.0,halves
401856958,20260602,erica wheeler,4.0,6.0,10.0,halves
401856958,20260602,jackie young,8.0,8.0,16.0,halves
401856958,20260602,kierstan bell,3.0,3.0,6.0,halves
401856958,20260602,nalyssa smith,2.0,5.0,7.0,halves
401856958,20260602,nneka ogwumike,4.0,8.0,12.0,halves
401856958,20260602,rae burrell,11.0,11.0,22.0,halves
401856958,20260602,stephanie talbot,3.0,5.0,8.0,halves
401856958,20260602,ta'niya latson,2.0,0.0,2.0,halves
401856959,20260603,betnijah laney-hamilton,1.0,0.0,1.0,halves
401856959,20260603,breanna stewart,2.0,17.0,19.0,halves
401856959,20260603,brittney sykes,6.0,11.0,17.0,halves
401856959,20260603,han xu,0.0,4.0,4.0,halves
401856959,20260603,jonquel jones,17.0,5.0,22.0,halves
401856959,20260603,julie allemand,2.0,5.0,7.0,halves
401856959,20260603,kiki rice,4.0,5.0,9.0,halves
401856959,20260603,laura juskaite,2.0,6.0,8.0,halves
401856959,20260603,leonie fiebich,3.0,11.0,14.0,halves
401856959,20260603,maria conde,7.0,0.0,7.0,halves
401856959,20260603,marina mabrey,2.0,15.0,17.0,halves
401856959,20260603,marine johannes,8.0,7.0,15.0,halves
401856959,20260603,nikolina milic,2.0,2.0,4.0,halves
401856959,20260603,nyara sabally,9.0,2.0,11.0,halves
401856959,20260603,pauline astier,3.0,7.0,10.0,halves
401856959,20260603,satou sabally,6.0,6.0,12.0,halves
401856959,20260603,tima pouye,0.0,2.0,2.0,halves
401856960,20260603,alyssa thomas,5.0,4.0,9.0,halves
401856960,20260603,awa fam,8.0,10.0,18.0,halves
401856960,20260603,dewanna bonner,5.0,5.0,10.0,halves
401856960,20260603,flau'jae johnson,8.0,1.0,9.0,halves
401856960,20260603,jade melbourne,3.0,2.0,5.0,halves
401856960,20260603,jordan horston,0.0,5.0,5.0,halves
401856960,20260603,jovana nogic,4.0,0.0,4.0,halves
401856960,20260603,kahleah copper,8.0,8.0,16.0,halves
401856960,20260603,katie lou samuelson,0.0,3.0,3.0,halves
401856960,20260603,mackenzie holmes,2.0,2.0,4.0,halves
401856960,20260603,monique akoa makani,3.0,9.0,12.0,halves
401856960,20260603,natasha mack,10.0,6.0,16.0,halves
401856960,20260603,natisha hiedeman,5.0,10.0,15.0,halves
401856960,20260603,noemie brochant,0.0,4.0,4.0,halves
401856960,20260603,valeriane ayayi,1.0,0.0,1.0,halves
401856960,20260603,zia cooke,7.0,2.0,9.0,halves
401856961,20260604,aliyah boston,8.0,11.0,19.0,halves
401856961,20260604,allisha gray,2.0,11.0,13.0,halves
401856961,20260604,angel reese,4.0,7.0,11.0,halves
401856961,20260604,caitlin clark,7.0,10.0,17.0,halves
401856961,20260604,indya nivar,0.0,1.0,1.0,halves
401856961,20260604,isobel borlase,2.0,2.0,4.0,halves
401856961,20260604,jordin canada,7.0,6.0,13.0,halves
401856961,20260604,kelsey mitchell,14.0,11.0,25.0,halves
401856961,20260604,lexie hull,4.0,0.0,4.0,halves
401856961,20260604,madina okot,5.0,2.0,7.0,halves
401856961,20260604,myisha hines-allen,2.0,3.0,5.0,halves
401856961,20260604,naz hillmon,7.0,5.0,12.0,halves
401856961,20260604,raven johnson,0.0,5.0,5.0,halves
401856961,20260604,rhyne howard,2.0,6.0,8.0,halves
401856961,20260604,sika kone,0.0,2.0,2.0,halves
401856961,20260604,sophie cunningham,3.0,5.0,8.0,halves
401856962,20260604,anastasiia olairi kosu,4.0,4.0,8.0,halves
401856962,20260604,cecilia zandalasini,8.0,10.0,18.0,halves
401856962,20260604,courtney williams,4.0,13.0,17.0,halves
401856962,20260604,gabby williams,5.0,0.0,5.0,halves
401856962,20260604,janelle salaun,6.0,11.0,17.0,halves
401856962,20260604,kaitlyn chen,5.0,0.0,5.0,halves
401856962,20260604,kayla mcbride,7.0,7.0,14.0,halves
401856962,20260604,kayla thornton,7.0,2.0,9.0,halves
401856962,20260604,kiah stokes,2.0,5.0,7.0,halves
401856962,20260604,maya caldwell,5.0,0.0,5.0,halves
401856962,20260604,natasha howard,5.0,7.0,12.0,halves
401856962,20260604,nia coffey,0.0,3.0,3.0,halves
401856962,20260604,olivia miles,17.0,11.0,28.0,halves
401856962,20260604,tiffany hayes,7.0,8.0,15.0,halves
401856962,20260604,veronica burton,4.0,4.0,8.0,halves
401856963,20260605,aneesah morrow,6.0,2.0,8.0,halves
401856963,20260605,azura stevens,7.0,6.0,13.0,halves
401856963,20260605,brittney griner,5.0,11.0,16.0,halves
401856963,20260605,charlisse leger-walker,2.0,2.0,4.0,halves
401856963,20260605,diamond miller,15.0,1.0,16.0,halves
401856963,20260605,elizabeth williams,4.0,6.0,10.0,halves
401856963,20260605,gianna kneepkens,0.0,2.0,2.0,halves
401856963,20260605,hailey van lith,4.0,0.0,4.0,halves
401856963,20260605,jacy sheldon,3.0,2.0,5.0,halves
401856963,20260605,kamilla cardoso,6.0,4.0,10.0,halves
401856963,20260605,leila lacan,3.0,0.0,3.0,halves
401856963,20260605,natasha cloud,0.0,13.0,13.0,halves
401856963,20260605,nell angloma,0.0,6.0,6.0,halves
401856963,20260605,olivia nelson-ododa,0.0,2.0,2.0,halves
401856963,20260605,rachel banham,5.0,1.0,6.0,halves
401856963,20260605,raegan beers,2.0,3.0,5.0,halves
401856963,20260605,saniya rivers,8.0,6.0,14.0,halves
401856963,20260605,skylar diggins,18.0,6.0,24.0,halves
401856963,20260605,sydney taylor,0.0,4.0,4.0,halves
401856964,20260605,alanna smith,4.0,0.0,4.0,halves
401856964,20260605,ariel atkins,10.0,6.0,16.0,halves
401856964,20260605,arike ogunbowale,17.0,13.0,30.0,halves
401856964,20260605,aziaha james,0.0,3.0,3.0,halves
401856964,20260605,azzi fudd,9.0,2.0,11.0,halves
401856964,20260605,cameron brink,5.0,5.0,10.0,halves
401856964,20260605,dearica hamby,9.0,6.0,15.0,halves
401856964,20260605,erica wheeler,5.0,2.0,7.0,halves
401856964,20260605,jessica shepard,13.0,9.0,22.0,halves
401856964,20260605,kate martin,5.0,0.0,5.0,halves
401856964,20260605,kelsey plum,13.0,14.0,27.0,halves
401856964,20260605,maddy siegrist,6.0,10.0,16.0,halves
401856964,20260605,nneka ogwumike,6.0,7.0,13.0,halves
401856964,20260605,paige bueckers,5.0,13.0,18.0,halves
401856964,20260605,rae burrell,2.0,1.0,3.0,halves
401856965,20260605,bridget carleton,4.0,2.0,6.0,halves
401856965,20260605,carla leite,7.0,0.0,7.0,halves
401856965,20260605,dewanna bonner,8.0,11.0,19.0,halves
401856965,20260605,emily engstler,3.0,0.0,3.0,halves
401856965,20260605,frieda buhner,3.0,2.0,5.0,halves
401856965,20260605,jovana nogic,4.0,5.0,9.0,halves
401856965,20260605,karlie samuelson,7.0,6.0,13.0,halves
401856965,20260605,lexi held,4.0,4.0,8.0,halves
401856965,20260605,luisa geiselsoder,2.0,3.0,5.0,halves
401856965,20260605,megan gustafson,2.0,5.0,7.0,halves
401856965,20260605,monique akoa makani,7.0,4.0,11.0,halves
401856965,20260605,natasha mack,8.0,8.0,16.0,halves
401856965,20260605,noemie brochant,5.0,6.0,11.0,halves
401856965,20260605,quionche carter,0.0,2.0,2.0,halves
401856965,20260605,sarah ashlee barker,4.0,11.0,15.0,halves
401856965,20260605,teja oblak,2.0,9.0,11.0,halves
401856965,20260605,valeriane ayayi,2.0,0.0,2.0,halves
401856966,20260606,anastasiia olairi kosu,0.0,4.0,4.0,halves
401856966,20260606,awa fam,3.0,2.0,5.0,halves
401856966,20260606,courtney williams,9.0,2.0,11.0,halves
401856966,20260606,dominique malonga,4.0,3.0,7.0,halves
401856966,20260606,flau'jae johnson,8.0,2.0,10.0,halves
401856966,20260606,jade melbourne,5.0,9.0,14.0,halves
401856966,20260606,jordan horston,5.0,2.0,7.0,halves
401856966,20260606,kayla mcbride,6.0,5.0,11.0,halves
401856966,20260606,mackenzie holmes,0.0,1.0,1.0,halves
401856966,20260606,maya caldwell,3.0,3.0,6.0,halves
401856966,20260606,natasha howard,12.0,15.0,27.0,halves
401856966,20260606,natisha hiedeman,9.0,5.0,14.0,halves
401856966,20260606,nia coffey,3.0,3.0,6.0,halves
401856966,20260606,olivia miles,12.0,7.0,19.0,halves
401856966,20260606,stefanie dolson,6.0,0.0,6.0,halves
401856966,20260606,teaira mccowan,0.0,4.0,4.0,halves
401856966,20260606,zia cooke,3.0,1.0,4.0,halves
401856967,20260606,a'ja wilson,20.0,8.0,28.0,halves
401856967,20260606,cecilia zandalasini,2.0,2.0,4.0,halves
401856967,20260606,chelsea gray,8.0,4.0,12.0,halves
401856967,20260606,gabby williams,10.0,17.0,27.0,halves
401856967,20260606,jackie young,5.0,22.0,27.0,halves
401856967,20260606,janelle salaun,8.0,3.0,11.0,halves
401856967,20260606,jewell loyd,0.0,5.0,5.0,halves
401856967,20260606,kaila charles,0.0,5.0,5.0,halves
401856967,20260606,kayla thornton,8.0,2.0,10.0,halves
401856967,20260606,kiah stokes,2.0,0.0,2.0,halves
401856967,20260606,nalyssa smith,2.0,4.0,6.0,halves
401856967,20260606,stephanie talbot,3.0,3.0,6.0,halves
401856967,20260606,tiffany hayes,2.0,3.0,5.0,halves
401856967,20260606,veronica burton,3.0,12.0,15.0,halves
401856968,20260606,aaliyah nye,0.0,3.0,3.0,halves
401856968,20260606,alicia florez getino,0.0,2.0,2.0,halves
401856968,20260606,allisha gray,13.0,2.0,15.0,halves
401856968,20260606,angel reese,8.0,10.0,18.0,halves
401856968,20260606,angela dugalic,2.0,3.0,5.0,halves
401856968,20260606,cassandre prosper,2.0,2.0,4.0,halves
401856968,20260606,cotie mcmahon,0.0,7.0,7.0,halves
401856968,20260606,indya nivar,0.0,2.0,2.0,halves
401856968,20260606,isobel borlase,7.0,2.0,9.0,halves
401856968,20260606,jordin canada,1.0,10.0,11.0,halves
401856968,20260606,kiki iriafen,13.0,11.0,24.0,halves
401856968,20260606,lauren betts,2.0,4.0,6.0,halves
401856968,20260606,madina okot,2.0,9.0,11.0,halves
401856968,20260606,michaela onyenwere,2.0,2.0,4.0,halves
401856968,20260606,naz hillmon,3.0,3.0,6.0,halves
401856968,20260606,rhyne howard,12.0,7.0,19.0,halves
401856968,20260606,shakira austin,7.0,0.0,7.0,halves
401856968,20260606,sika kone,0.0,9.0,9.0,halves
401856968,20260606,sonia citron,6.0,12.0,18.0,halves
401856968,20260606,te-hina paopao,0.0,6.0,6.0,halves
401856969,20260606,aliyah boston,6.0,7.0,13.0,halves
401856969,20260606,betnijah laney-hamilton,2.0,0.0,2.0,halves
401856969,20260606,breanna stewart,7.0,23.0,30.0,halves
401856969,20260606,caitlin clark,5.0,5.0,10.0,halves
401856969,20260606,han xu,2.0,0.0,2.0,halves
401856969,20260606,jonquel jones,4.0,4.0,8.0,halves
401856969,20260606,kelsey mitchell,10.0,11.0,21.0,halves
401856969,20260606,leonie fiebich,4.0,0.0,4.0,halves
401856969,20260606,lexie hull,2.0,3.0,5.0,halves
401856969,20260606,marine johannes,8.0,0.0,8.0,halves
401856969,20260606,monique billings,8.0,7.0,15.0,halves
401856969,20260606,myisha hines-allen,3.0,0.0,3.0,halves
401856969,20260606,pauline astier,2.0,10.0,12.0,halves
401856969,20260606,raven johnson,4.0,2.0,6.0,halves
401856969,20260606,rebekah gardner,2.0,2.0,4.0,halves
401856969,20260606,satou sabally,6.0,7.0,13.0,halves
401856969,20260606,sophie cunningham,2.0,0.0,2.0,halves
401856970,20260607,azura stevens,11.0,7.0,18.0,halves
401856970,20260607,brittney sykes,9.0,16.0,25.0,halves
401856970,20260607,elizabeth williams,1.0,3.0,4.0,halves
401856970,20260607,gabriela jaquez,4.0,7.0,11.0,halves
401856970,20260607,isabelle harrison,9.0,5.0,14.0,halves
401856970,20260607,jacy sheldon,6.0,4.0,10.0,halves
401856970,20260607,julie allemand,4.0,0.0,4.0,halves
401856970,20260607,kamilla cardoso,5.0,4.0,9.0,halves
401856970,20260607,kia nurse,2.0,0.0,2.0,halves
401856970,20260607,laura juskaite,5.0,5.0,10.0,halves
401856970,20260607,maria conde,2.0,3.0,5.0,halves
401856970,20260607,marina mabrey,3.0,6.0,9.0,halves
401856970,20260607,natasha cloud,0.0,6.0,6.0,halves
401856970,20260607,nyara sabally,14.0,1.0,15.0,halves
401856970,20260607,rachel banham,3.0,0.0,3.0,halves
401856970,20260607,skylar diggins,3.0,4.0,7.0,halves
401856970,20260607,teonni key,0.0,1.0,1.0,halves
401856971,20260607,ariel atkins,4.0,2.0,6.0,halves
401856971,20260607,bridget carleton,2.0,5.0,7.0,halves
401856971,20260607,cameron brink,2.0,0.0,2.0,halves
401856971,20260607,carla leite,8.0,2.0,10.0,halves
401856971,20260607,chance gray,2.0,0.0,2.0,halves
401856971,20260607,dearica hamby,6.0,16.0,22.0,halves
401856971,20260607,emily engstler,4.0,6.0,10.0,halves
401856971,20260607,erica wheeler,6.0,0.0,6.0,halves
401856971,20260607,frieda buhner,5.0,2.0,7.0,halves
401856971,20260607,karlie samuelson,4.0,2.0,6.0,halves
401856971,20260607,kate martin,0.0,5.0,5.0,halves
401856971,20260607,kelsey plum,3.0,13.0,16.0,halves
401856971,20260607,luisa geiselsoder,2.0,2.0,4.0,halves
401856971,20260607,megan gustafson,10.0,6.0,16.0,halves
401856971,20260607,nneka ogwumike,11.0,9.0,20.0,halves
401856971,20260607,nyadiew puoch,2.0,2.0,4.0,halves
401856971,20260607,rae burrell,7.0,3.0,10.0,halves
401856971,20260607,sarah ashlee barker,6.0,0.0,6.0,halves
401856971,20260607,teja oblak,0.0,2.0,2.0,halves
401856972,20260608,aaliyah edwards,8.0,7.0,15.0,halves
401856972,20260608,betnijah laney-hamilton,3.0,8.0,11.0,halves
401856972,20260608,breanna stewart,14.0,14.0,28.0,halves
401856972,20260608,charlisse leger-walker,4.0,0.0,4.0,halves
401856972,20260608,diamond miller,5.0,5.0,10.0,halves
401856972,20260608,gianna kneepkens,2.0,3.0,5.0,halves
401856972,20260608,han xu,3.0,11.0,14.0,halves
401856972,20260608,kennedy burke,0.0,1.0,1.0,halves
401856972,20260608,leila lacan,2.0,5.0,7.0,halves
401856972,20260608,leonie fiebich,0.0,5.0,5.0,halves
401856972,20260608,marine johannes,7.0,0.0,7.0,halves
401856972,20260608,nell angloma,5.0,2.0,7.0,halves
401856972,20260608,olivia nelson-ododa,3.0,12.0,15.0,halves
401856972,20260608,pauline astier,0.0,6.0,6.0,halves
401856972,20260608,raegan beers,4.0,0.0,4.0,halves
401856972,20260608,raquel carrera,4.0,3.0,7.0,halves
401856972,20260608,rebekah gardner,0.0,2.0,2.0,halves
401856972,20260608,saniya rivers,2.0,10.0,12.0,halves
401856972,20260608,satou sabally,7.0,2.0,9.0,halves
401856973,20260608,aliyah boston,8.0,6.0,14.0,halves
401856973,20260608,angela dugalic,5.0,2.0,7.0,halves
401856973,20260608,caitlin clark,10.0,9.0,19.0,halves
401856973,20260608,cassandre prosper,1.0,0.0,1.0,halves
401856973,20260608,cotie mcmahon,3.0,4.0,7.0,halves
401856973,20260608,damiris dantas,3.0,0.0,3.0,halves
401856973,20260608,georgia amoore,0.0,12.0,12.0,halves
401856973,20260608,kelsey mitchell,9.0,6.0,15.0,halves
401856973,20260608,kiki iriafen,2.0,0.0,2.0,halves
401856973,20260608,lauren betts,2.0,6.0,8.0,halves
401856973,20260608,lexie hull,3.0,5.0,8.0,halves
401856973,20260608,michaela onyenwere,7.0,10.0,17.0,halves
401856973,20260608,monique billings,2.0,2.0,4.0,halves
401856973,20260608,myisha hines-allen,5.0,0.0,5.0,halves
401856973,20260608,shakira austin,4.0,6.0,10.0,halves
401856973,20260608,sonia citron,5.0,7.0,12.0,halves
401856973,20260608,sophie cunningham,3.0,5.0,8.0,halves
401856973,20260608,tyasha harris,0.0,2.0,2.0,halves
401856974,20260608,a'ja wilson,21.0,13.0,34.0,halves
401856974,20260608,awa fam,9.0,7.0,16.0,halves
401856974,20260608,chelsea gray,7.0,5.0,12.0,halves
401856974,20260608,dominique malonga,12.0,7.0,19.0,halves
401856974,20260608,flau'jae johnson,4.0,9.0,13.0,halves
401856974,20260608,jackie young,7.0,22.0,29.0,halves
401856974,20260608,jade melbourne,2.0,4.0,6.0,halves
401856974,20260608,jewell loyd,2.0,3.0,5.0,halves
401856974,20260608,katie lou samuelson,5.0,2.0,7.0,halves
401856974,20260608,kierstan bell,0.0,2.0,2.0,halves
401856974,20260608,mackenzie holmes,3.0,0.0,3.0,halves
401856974,20260608,nalyssa smith,13.0,3.0,16.0,halves
401856974,20260608,natisha hiedeman,2.0,15.0,17.0,halves
401856974,20260608,stefanie dolson,0.0,3.0,3.0,halves
401856974,20260608,stephanie talbot,0.0,3.0,3.0,halves
401856974,20260608,zia cooke,6.0,1.0,7.0,halves
401856975,20260609,allisha gray,2.0,12.0,14.0,halves
401856975,20260609,angel reese,11.0,6.0,17.0,halves
401856975,20260609,azura stevens,2.0,6.0,8.0,halves
401856975,20260609,elizabeth williams,4.0,3.0,7.0,halves
401856975,20260609,gabriela jaquez,1.0,2.0,3.0,halves
401856975,20260609,isobel borlase,4.0,0.0,4.0,halves
401856975,20260609,jacy sheldon,3.0,3.0,6.0,halves
401856975,20260609,jordin canada,8.0,6.0,14.0,halves
401856975,20260609,kamilla cardoso,11.0,2.0,13.0,halves
401856975,20260609,natasha cloud,7.0,11.0,18.0,halves
401856975,20260609,naz hillmon,8.0,8.0,16.0,halves
401856975,20260609,rachel banham,3.0,0.0,3.0,halves
401856975,20260609,rhyne howard,6.0,11.0,17.0,halves
401856975,20260609,skylar diggins,11.0,6.0,17.0,halves
401856976,20260609,anastasiia olairi kosu,4.0,2.0,6.0,halves
401856976,20260609,antonia delaere,0.0,2.0,2.0,halves
401856976,20260609,arike ogunbowale,12.0,4.0,16.0,halves
401856976,20260609,aziaha james,5.0,4.0,9.0,halves
401856976,20260609,azzi fudd,0.0,6.0,6.0,halves
401856976,20260609,costanza verona,0.0,4.0,4.0,halves
401856976,20260609,courtney williams,12.0,4.0,16.0,halves
401856976,20260609,jessica shepard,4.0,8.0,12.0,halves
401856976,20260609,kayla mcbride,12.0,10.0,22.0,halves
401856976,20260609,li yueru,0.0,2.0,2.0,halves
401856976,20260609,maddy siegrist,4.0,0.0,4.0,halves
401856976,20260609,maya caldwell,0.0,3.0,3.0,halves
401856976,20260609,natasha howard,14.0,7.0,21.0,halves
401856976,20260609,nia coffey,2.0,4.0,6.0,halves
401856976,20260609,olivia miles,14.0,10.0,24.0,halves
401856976,20260609,paige bueckers,13.0,10.0,23.0,halves
401856977,20260609,alyssa thomas,2.0,20.0,22.0,halves
401856977,20260609,dewanna bonner,0.0,3.0,3.0,halves
401856977,20260609,gabby williams,10.0,15.0,25.0,halves
401856977,20260609,janelle salaun,5.0,6.0,11.0,halves
401856977,20260609,jovana nogic,2.0,0.0,2.0,halves
401856977,20260609,kahleah copper,6.0,3.0,9.0,halves
401856977,20260609,kaila charles,0.0,4.0,4.0,halves
401856977,20260609,kayla thornton,7.0,5.0,12.0,halves
401856977,20260609,kiah stokes,3.0,0.0,3.0,halves
401856977,20260609,lexi held,0.0,5.0,5.0,halves
401856977,20260609,monique akoa makani,11.0,8.0,19.0,halves
401856977,20260609,natasha mack,5.0,4.0,9.0,halves
401856977,20260609,noemie brochant,4.0,6.0,10.0,halves
401856977,20260609,quionche carter,2.0,0.0,2.0,halves
401856977,20260609,tiffany hayes,5.0,2.0,7.0,halves
401856977,20260609,veronica burton,19.0,6.0,25.0,halves
401856978,20260610,aaliyah edwards,14.0,10.0,24.0,halves
401856978,20260610,brittney sykes,15.0,23.0,38.0,halves
401856978,20260610,charlisse leger-walker,2.0,2.0,4.0,halves
401856978,20260610,diamond miller,7.0,4.0,11.0,halves
401856978,20260610,isabelle harrison,3.0,2.0,5.0,halves
401856978,20260610,julie allemand,6.0,0.0,6.0,halves
401856978,20260610,kennedy burke,7.0,4.0,11.0,halves
401856978,20260610,laura juskaite,8.0,11.0,19.0,halves
401856978,20260610,leila lacan,15.0,9.0,24.0,halves
401856978,20260610,marina mabrey,8.0,13.0,21.0,halves
401856978,20260610,nell angloma,2.0,2.0,4.0,halves
401856978,20260610,nyara sabally,6.0,9.0,15.0,halves
401856978,20260610,olivia nelson-ododa,3.0,6.0,9.0,halves
401856978,20260610,raegan beers,3.0,0.0,3.0,halves
401856978,20260610,saniya rivers,4.0,8.0,12.0,halves
401856978,20260610,tima pouye,0.0,2.0,2.0,halves
401856979,20260610,ariel atkins,3.0,4.0,7.0,halves
401856979,20260610,awa fam,0.0,12.0,12.0,halves
401856979,20260610,cameron brink,8.0,7.0,15.0,halves
401856979,20260610,chance gray,0.0,3.0,3.0,halves
401856979,20260610,dearica hamby,2.0,4.0,6.0,halves
401856979,20260610,dominique malonga,9.0,6.0,15.0,halves
401856979,20260610,erica wheeler,5.0,5.0,10.0,halves
401856979,20260610,flau'jae johnson,9.0,5.0,14.0,halves
401856979,20260610,jade melbourne,4.0,0.0,4.0,halves
401856979,20260610,jordan horston,5.0,6.0,11.0,halves
401856979,20260610,katie lou samuelson,3.0,0.0,3.0,halves
401856979,20260610,kelsey plum,12.0,7.0,19.0,halves
401856979,20260610,natisha hiedeman,2.0,14.0,16.0,halves
401856979,20260610,nneka ogwumike,6.0,18.0,24.0,halves
401856979,20260610,rae burrell,4.0,0.0,4.0,halves
401856979,20260610,stefanie dolson,2.0,0.0,2.0,halves
401856979,20260610,zia cooke,6.0,0.0,6.0,halves
401856980,20260611,aicha coulibaly,1.0,5.0,6.0,halves
401856980,20260611,aliyah boston,8.0,26.0,34.0,halves
401856980,20260611,azura stevens,3.0,7.0,10.0,halves
401856980,20260611,caitlin clark,14.0,18.0,32.0,halves
401856980,20260611,damiris dantas,0.0,2.0,2.0,halves
401856980,20260611,elizabeth williams,2.0,5.0,7.0,halves
401856980,20260611,gabriela jaquez,4.0,2.0,6.0,halves
401856980,20260611,jacy sheldon,9.0,1.0,10.0,halves
401856980,20260611,kamilla cardoso,6.0,4.0,10.0,halves
401856980,20260611,kelsey mitchell,8.0,11.0,19.0,halves
401856980,20260611,lexie hull,7.0,4.0,11.0,halves
401856980,20260611,makayla timpson,0.0,4.0,4.0,halves
401856980,20260611,myisha hines-allen,2.0,3.0,5.0,halves
401856980,20260611,natasha cloud,4.0,2.0,6.0,halves
401856980,20260611,raven johnson,3.0,0.0,3.0,halves
401856980,20260611,skylar diggins,2.0,19.0,21.0,halves
401856980,20260611,sydney taylor,9.0,21.0,30.0,halves
401856980,20260611,tyasha harris,4.0,0.0,4.0,halves
401856981,20260611,allisha gray,5.0,13.0,18.0,halves
401856981,20260611,angel reese,14.0,11.0,25.0,halves
401856981,20260611,breanna stewart,9.0,10.0,19.0,halves
401856981,20260611,isobel borlase,5.0,0.0,5.0,halves
401856981,20260611,jonquel jones,8.0,8.0,16.0,halves
401856981,20260611,jordin canada,3.0,0.0,3.0,halves
401856981,20260611,leonie fiebich,3.0,3.0,6.0,halves
401856981,20260611,madina okot,0.0,3.0,3.0,halves
401856981,20260611,marine johannes,14.0,3.0,17.0,halves
401856981,20260611,naz hillmon,2.0,5.0,7.0,halves
401856981,20260611,pauline astier,9.0,7.0,16.0,halves
401856981,20260611,raquel carrera,0.0,3.0,3.0,halves
401856981,20260611,rebekah gardner,2.0,6.0,8.0,halves
401856981,20260611,rhyne howard,12.0,12.0,24.0,halves
401856981,20260611,satou sabally,6.0,13.0,19.0,halves
401856981,20260611,sika kone,0.0,2.0,2.0,halves
401856981,20260611,te-hina paopao,3.0,0.0,3.0,halves
401856982,20260611,alanna smith,0.0,2.0,2.0,halves
401856982,20260611,alyssa thomas,2.0,4.0,6.0,halves
401856982,20260611,arike ogunbowale,2.0,0.0,2.0,halves
401856982,20260611,awak kuier,4.0,0.0,4.0,halves
401856982,20260611,aziaha james,2.0,5.0,7.0,halves
401856982,20260611,azzi fudd,8.0,9.0,17.0,halves
401856982,20260611,dewanna bonner,5.0,4.0,9.0,halves
401856982,20260611,jessica shepard,5.0,12.0,17.0,halves
401856982,20260611,jj quinerly,0.0,2.0,2.0,halves
401856982,20260611,jovana nogic,3.0,4.0,7.0,halves
401856982,20260611,kahleah copper,3.0,10.0,13.0,halves
401856982,20260611,lexi held,11.0,6.0,17.0,halves
401856982,20260611,li yueru,0.0,3.0,3.0,halves
401856982,20260611,monique akoa makani,2.0,4.0,6.0,halves
401856982,20260611,natasha mack,8.0,0.0,8.0,halves
401856982,20260611,noemie brochant,2.0,2.0,4.0,halves
401856982,20260611,paige bueckers,24.0,7.0,31.0,halves
401856983,20260611,a'ja wilson,12.0,20.0,32.0,halves
401856983,20260611,bridget carleton,7.0,6.0,13.0,halves
401856983,20260611,carla leite,10.0,8.0,18.0,halves
401856983,20260611,chelsea gray,18.0,11.0,29.0,halves
401856983,20260611,cheyenne parker-tyus,2.0,2.0,4.0,halves
401856983,20260611,emily engstler,5.0,2.0,7.0,halves
401856983,20260611,frieda buhner,2.0,0.0,2.0,halves
401856983,20260611,jackie young,12.0,6.0,18.0,halves
401856983,20260611,jewell loyd,2.0,0.0,2.0,halves
401856983,20260611,karlie samuelson,0.0,1.0,1.0,halves
401856983,20260611,luisa geiselsoder,2.0,4.0,6.0,halves
401856983,20260611,megan gustafson,6.0,11.0,17.0,halves
401856983,20260611,nalyssa smith,10.0,2.0,12.0,halves
401856983,20260611,sarah ashlee barker,9.0,5.0,14.0,halves
401856983,20260611,serah williams,0.0,2.0,2.0,halves
401856983,20260611,stephanie talbot,0.0,8.0,8.0,halves
401856983,20260611,teja oblak,9.0,0.0,9.0,halves
401856984,20260612,alicia florez,2.0,0.0,2.0,halves
401856984,20260612,angela dugalic,2.0,8.0,10.0,halves
401856984,20260612,brittney sykes,18.0,2.0,20.0,halves
401856984,20260612,cotie mcmahon,7.0,2.0,9.0,halves
401856984,20260612,georgia amoore,0.0,1.0,1.0,halves
401856984,20260612,isabelle harrison,4.0,4.0,8.0,halves
401856984,20260612,julie allemand,4.0,5.0,9.0,halves
401856984,20260612,laura juskaite,4.0,4.0,8.0,halves
401856984,20260612,lauren betts,8.0,10.0,18.0,halves
401856984,20260612,maria conde,0.0,7.0,7.0,halves
401856984,20260612,marina mabrey,5.0,22.0,27.0,halves
401856984,20260612,michaela onyenwere,13.0,4.0,17.0,halves
401856984,20260612,shakira austin,2.0,10.0,12.0,halves
401856984,20260612,sonia citron,6.0,11.0,17.0,halves
401856984,20260612,teonni key,2.0,0.0,2.0,halves
401856984,20260612,tima pouye,0.0,4.0,4.0,halves
401856985,20260612,awa fam,6.0,2.0,8.0,halves
401856985,20260612,cecilia zandalasini,2.0,0.0,2.0,halves
401856985,20260612,dominique malonga,0.0,9.0,9.0,halves
401856985,20260612,flau'jae johnson,2.0,6.0,8.0,halves
401856985,20260612,gabby williams,9.0,10.0,19.0,halves
401856985,20260612,jade melbourne,3.0,2.0,5.0,halves
401856985,20260612,janelle salaun,13.0,9.0,22.0,halves
401856985,20260612,jordan horston,3.0,2.0,5.0,halves
401856985,20260612,kaila charles,0.0,1.0,1.0,halves
401856985,20260612,katie lou samuelson,8.0,0.0,8.0,halves
401856985,20260612,kayla thornton,2.0,0.0,2.0,halves
401856985,20260612,kiah stokes,2.0,0.0,2.0,halves
401856985,20260612,natisha hiedeman,13.0,13.0,26.0,halves
401856985,20260612,stefanie dolson,3.0,0.0,3.0,halves
401856985,20260612,tiffany hayes,7.0,10.0,17.0,halves
401856985,20260612,veronica burton,5.0,6.0,11.0,halves
401856986,20260613,aaliyah edwards,4.0,3.0,7.0,halves
401856986,20260613,aliyah boston,7.0,6.0,13.0,halves
401856986,20260613,aneesah morrow,4.0,4.0,8.0,halves
401856986,20260613,brittney griner,4.0,6.0,10.0,halves
401856986,20260613,caitlin clark,12.0,13.0,25.0,halves
401856986,20260613,charlisse leger-walker,0.0,3.0,3.0,halves
401856986,20260613,diamond miller,3.0,1.0,4.0,halves
401856986,20260613,kelsey mitchell,15.0,4.0,19.0,halves
401856986,20260613,kennedy burke,7.0,3.0,10.0,halves
401856986,20260613,leila lacan,4.0,7.0,11.0,halves
401856986,20260613,lexie hull,0.0,2.0,2.0,halves
401856986,20260613,makayla timpson,2.0,0.0,2.0,halves
401856986,20260613,monique billings,8.0,2.0,10.0,halves
401856986,20260613,nell angloma,0.0,1.0,1.0,halves
401856986,20260613,olivia nelson-ododa,8.0,4.0,12.0,halves
401856986,20260613,raven johnson,3.0,0.0,3.0,halves
401856986,20260613,saniya rivers,4.0,5.0,9.0,halves
401856986,20260613,sophie cunningham,0.0,11.0,11.0,halves
401856987,20260613,a'ja wilson,14.0,10.0,24.0,halves
401856987,20260613,antonia delaere,3.0,0.0,3.0,halves
401856987,20260613,chelsea gray,16.0,7.0,23.0,halves
401856987,20260613,chennedy carter,4.0,0.0,4.0,halves
401856987,20260613,cheyenne parker-tyus,9.0,0.0,9.0,halves
401856987,20260613,courtney williams,11.0,6.0,17.0,halves
401856987,20260613,jackie young,3.0,13.0,16.0,halves
401856987,20260613,jewell loyd,0.0,9.0,9.0,halves
401856987,20260613,kayla mcbride,8.0,11.0,19.0,halves
401856987,20260613,liatu king,0.0,4.0,4.0,halves
401856987,20260613,nalyssa smith,11.0,4.0,15.0,halves
401856987,20260613,natasha howard,16.0,6.0,22.0,halves
401856987,20260613,nia coffey,0.0,3.0,3.0,halves
401856987,20260613,olivia miles,13.0,16.0,29.0,halves
401856988,20260613,alanna smith,4.0,0.0,4.0,halves
401856988,20260613,alysha clark,0.0,1.0,1.0,halves
401856988,20260613,arike ogunbowale,10.0,12.0,22.0,halves
401856988,20260613,awak kuier,1.0,2.0,3.0,halves
401856988,20260613,aziaha james,6.0,11.0,17.0,halves
401856988,20260613,azzi fudd,10.0,8.0,18.0,halves
401856988,20260613,bridget carleton,11.0,9.0,20.0,halves
401856988,20260613,carla leite,8.0,2.0,10.0,halves
401856988,20260613,emily engstler,2.0,9.0,11.0,halves
401856988,20260613,frieda buhner,2.0,3.0,5.0,halves
401856988,20260613,jessica shepard,4.0,9.0,13.0,halves
401856988,20260613,luisa geiselsoder,3.0,4.0,7.0,halves
401856988,20260613,maddy siegrist,2.0,3.0,5.0,halves
401856988,20260613,megan gustafson,8.0,8.0,16.0,halves
401856988,20260613,sarah ashlee barker,5.0,5.0,10.0,halves
401856988,20260613,serah williams,2.0,0.0,2.0,halves
401856988,20260613,teja oblak,3.0,0.0,3.0,halves
401856989,20260613,alyssa thomas,2.0,8.0,10.0,halves
401856989,20260613,ariel atkins,3.0,3.0,6.0,halves
401856989,20260613,cameron brink,3.0,6.0,9.0,halves
401856989,20260613,dearica hamby,8.0,0.0,8.0,halves
401856989,20260613,dewanna bonner,10.0,0.0,10.0,halves
401856989,20260613,erica wheeler,3.0,3.0,6.0,halves
401856989,20260613,jovana nogic,4.0,0.0,4.0,halves
401856989,20260613,kahleah copper,21.0,20.0,41.0,halves
401856989,20260613,kelsey plum,11.0,32.0,43.0,halves
401856989,20260613,lexi held,4.0,5.0,9.0,halves
401856989,20260613,monique akoa makani,3.0,6.0,9.0,halves
401856989,20260613,natasha mack,4.0,7.0,11.0,halves
401856989,20260613,nneka ogwumike,7.0,8.0,15.0,halves
401856989,20260613,noemie brochant,6.0,2.0,8.0,halves
401856989,20260613,rae burrell,16.0,8.0,24.0,halves
401856990,20260614,alicia florez,0.0,7.0,7.0,halves
401856990,20260614,angela dugalic,4.0,0.0,4.0,halves
401856990,20260614,betnijah laney-hamilton,0.0,4.0,4.0,halves
401856990,20260614,breanna stewart,11.0,3.0,14.0,halves
401856990,20260614,cassandre prosper,0.0,2.0,2.0,halves
401856990,20260614,cotie mcmahon,5.0,3.0,8.0,halves
401856990,20260614,han xu,6.0,0.0,6.0,halves
401856990,20260614,jonquel jones,3.0,17.0,20.0,halves
401856990,20260614,lauren betts,4.0,0.0,4.0,halves
401856990,20260614,leonie fiebich,8.0,0.0,8.0,halves
401856990,20260614,lucy olsen,0.0,2.0,2.0,halves
401856990,20260614,marine johannes,8.0,0.0,8.0,halves
401856990,20260614,michaela onyenwere,5.0,12.0,17.0,halves
401856990,20260614,pauline astier,0.0,6.0,6.0,halves
401856990,20260614,raquel carrera,0.0,4.0,4.0,halves
401856990,20260614,rebekah gardner,0.0,4.0,4.0,halves
401856990,20260614,sabrina ionescu,0.0,5.0,5.0,halves
401856990,20260614,satou sabally,0.0,7.0,7.0,halves
401856990,20260614,shakira austin,4.0,4.0,8.0,halves
401856990,20260614,sonia citron,6.0,6.0,12.0,halves
401856991,20260614,allisha gray,11.0,15.0,26.0,halves
401856991,20260614,angel reese,3.0,12.0,15.0,halves
401856991,20260614,brittney sykes,6.0,5.0,11.0,halves
401856991,20260614,isabelle harrison,15.0,2.0,17.0,halves
401856991,20260614,isobel borlase,9.0,8.0,17.0,halves
401856991,20260614,jordin canada,2.0,3.0,5.0,halves
401856991,20260614,julie allemand,5.0,8.0,13.0,halves
401856991,20260614,kia nurse,3.0,0.0,3.0,halves
401856991,20260614,laura juskaite,2.0,3.0,5.0,halves
401856991,20260614,maria conde,6.0,6.0,12.0,halves
401856991,20260614,marina mabrey,2.0,7.0,9.0,halves
401856991,20260614,naz hillmon,7.0,2.0,9.0,halves
401856991,20260614,rhyne howard,15.0,9.0,24.0,halves
401856991,20260614,te-hina paopao,0.0,6.0,6.0,halves
401856991,20260614,temi fagbenle,0.0,7.0,7.0,halves
401856992,20260615,a'ja wilson,14.0,4.0,18.0,halves
401856992,20260615,alanna smith,4.0,0.0,4.0,halves
401856992,20260615,arike ogunbowale,11.0,11.0,22.0,halves
401856992,20260615,awak kuier,7.0,0.0,7.0,halves
401856992,20260615,aziaha james,2.0,8.0,10.0,halves
401856992,20260615,azzi fudd,11.0,8.0,19.0,halves
401856992,20260615,brianna turner,0.0,2.0,2.0,halves
401856992,20260615,cheyenne parker-tyus,2.0,2.0,4.0,halves
401856992,20260615,jackie young,4.0,2.0,6.0,halves
401856992,20260615,jessica shepard,13.0,2.0,15.0,halves
401856992,20260615,jewell loyd,15.0,6.0,21.0,halves
401856992,20260615,kierstan bell,0.0,2.0,2.0,halves
401856992,20260615,maddy siegrist,3.0,2.0,5.0,halves
401856992,20260615,nalyssa smith,2.0,7.0,9.0,halves
401856992,20260615,paige bueckers,5.0,5.0,10.0,halves
401856992,20260615,stephanie talbot,0.0,4.0,4.0,halves
401856992,20260615,sug sutton,0.0,4.0,4.0,halves
401856993,20260615,anastasiia olairi kosu,2.0,9.0,11.0,halves
401856993,20260615,antonia delaere,3.0,3.0,6.0,halves
401856993,20260615,bridget carleton,0.0,3.0,3.0,halves
401856993,20260615,carla leite,6.0,4.0,10.0,halves
401856993,20260615,courtney williams,11.0,5.0,16.0,halves
401856993,20260615,eliska hamzova,0.0,4.0,4.0,halves
401856993,20260615,emily engstler,5.0,4.0,9.0,halves
401856993,20260615,frieda buhner,4.0,6.0,10.0,halves
401856993,20260615,holly winterburn,0.0,2.0,2.0,halves
401856993,20260615,kayla mcbride,12.0,2.0,14.0,halves
401856993,20260615,luisa geiselsoder,6.0,3.0,9.0,halves
401856993,20260615,maya caldwell,2.0,9.0,11.0,halves
401856993,20260615,megan gustafson,7.0,2.0,9.0,halves
401856993,20260615,natasha howard,11.0,7.0,18.0,halves
401856993,20260615,nia coffey,13.0,2.0,15.0,halves
401856993,20260615,nyadiew puoch,0.0,3.0,3.0,halves
401856993,20260615,olivia miles,6.0,6.0,12.0,halves
401856993,20260615,sarah ashlee barker,5.0,3.0,8.0,halves
401856993,20260615,serah williams,0.0,2.0,2.0,halves
401856993,20260615,teja oblak,7.0,2.0,9.0,halves
401856994,20260615,ariel atkins,4.0,2.0,6.0,halves
401856994,20260615,cameron brink,8.0,2.0,10.0,halves
401856994,20260615,cecilia zandalasini,4.0,6.0,10.0,halves
401856994,20260615,dearica hamby,0.0,6.0,6.0,halves
401856994,20260615,gabby williams,8.0,8.0,16.0,halves
401856994,20260615,janelle salaun,7.0,0.0,7.0,halves
401856994,20260615,jihyun park,0.0,2.0,2.0,halves
401856994,20260615,kaila charles,6.0,7.0,13.0,halves
401856994,20260615,kaitlyn chen,4.0,2.0,6.0,halves
401856994,20260615,kate martin,0.0,3.0,3.0,halves
401856994,20260615,kayla thornton,4.0,2.0,6.0,halves
401856994,20260615,kelsey plum,6.0,3.0,9.0,halves
401856994,20260615,kiah stokes,3.0,1.0,4.0,halves
401856994,20260615,nneka ogwumike,4.0,5.0,9.0,halves
401856994,20260615,rae burrell,4.0,9.0,13.0,halves
401856994,20260615,tiffany hayes,2.0,2.0,4.0,halves
401856994,20260615,veronica burton,7.0,5.0,12.0,halves
401856995,20260616,aliyah boston,11.0,7.0,18.0,halves
401856995,20260616,brittney sykes,9.0,2.0,11.0,halves
401856995,20260616,caitlin clark,9.0,12.0,21.0,halves
401856995,20260616,damiris dantas,0.0,4.0,4.0,halves
401856995,20260616,isabelle harrison,10.0,1.0,11.0,halves
401856995,20260616,kelsey mitchell,13.0,14.0,27.0,halves
401856995,20260616,kia nurse,0.0,10.0,10.0,halves
401856995,20260616,laura juskaite,14.0,5.0,19.0,halves
401856995,20260616,lexie hull,2.0,4.0,6.0,halves
401856995,20260616,makayla timpson,2.0,0.0,2.0,halves
401856995,20260616,maria conde,3.0,9.0,12.0,halves
401856995,20260616,marina mabrey,11.0,7.0,18.0,halves
401856995,20260616,monique billings,5.0,0.0,5.0,halves
401856995,20260616,raven johnson,3.0,3.0,6.0,halves
401856995,20260616,sophie cunningham,8.0,16.0,24.0,halves
401856995,20260616,temi fagbenle,1.0,2.0,3.0,halves
401856995,20260616,teonni key,2.0,0.0,2.0,halves
401856995,20260616,tima pouye,0.0,5.0,5.0,halves
401856996,20260617,aaliyah edwards,5.0,4.0,9.0,halves
401856996,20260617,aneesah morrow,8.0,3.0,11.0,halves
401856996,20260617,angela dugalic,4.0,2.0,6.0,halves
401856996,20260617,brittney griner,2.0,4.0,6.0,halves
401856996,20260617,cassandre prosper,0.0,3.0,3.0,halves
401856996,20260617,charlisse leger-walker,2.0,8.0,10.0,halves
401856996,20260617,cotie mcmahon,2.0,0.0,2.0,halves
401856996,20260617,diamond miller,4.0,3.0,7.0,halves
401856996,20260617,georgia amoore,8.0,2.0,10.0,halves
401856996,20260617,kennedy burke,4.0,6.0,10.0,halves
401856996,20260617,lauren betts,2.0,11.0,13.0,halves
401856996,20260617,leila lacan,0.0,11.0,11.0,halves
401856996,20260617,lucy olsen,4.0,2.0,6.0,halves
401856996,20260617,michaela onyenwere,8.0,14.0,22.0,halves
401856996,20260617,nell angloma,2.0,2.0,4.0,halves
401856996,20260617,olivia nelson-ododa,0.0,5.0,5.0,halves
401856996,20260617,raegan beers,0.0,2.0,2.0,halves
401856996,20260617,saniya rivers,2.0,4.0,6.0,halves
401856996,20260617,sonia citron,8.0,18.0,26.0,halves
401856997,20260617,azura stevens,4.0,2.0,6.0,halves
401856997,20260617,breanna stewart,13.0,4.0,17.0,halves
401856997,20260617,elizabeth williams,0.0,3.0,3.0,halves
401856997,20260617,gabriela jaquez,10.0,12.0,22.0,halves
401856997,20260617,han xu,0.0,2.0,2.0,halves
401856997,20260617,jonquel jones,7.0,12.0,19.0,halves
401856997,20260617,kamilla cardoso,4.0,6.0,10.0,halves
401856997,20260617,leonie fiebich,5.0,4.0,9.0,halves
401856997,20260617,marine johannes,3.0,0.0,3.0,halves
401856997,20260617,natasha cloud,3.0,8.0,11.0,halves
401856997,20260617,pauline astier,2.0,7.0,9.0,halves
401856997,20260617,rebekah gardner,4.0,6.0,10.0,halves
401856997,20260617,sabrina ionescu,0.0,10.0,10.0,halves
401856997,20260617,satou sabally,13.0,4.0,17.0,halves
401856997,20260617,skylar diggins,11.0,8.0,19.0,halves
401856997,20260617,sydney taylor,13.0,11.0,24.0,halves
401856998,20260617,alanna smith,3.0,2.0,5.0,halves
401856998,20260617,arike ogunbowale,6.0,15.0,21.0,halves
401856998,20260617,awak kuier,3.0,0.0,3.0,halves
401856998,20260617,aziaha james,0.0,2.0,2.0,halves
401856998,20260617,azzi fudd,0.0,10.0,10.0,halves
401856998,20260617,cecilia zandalasini,2.0,0.0,2.0,halves
401856998,20260617,gabby williams,13.0,12.0,25.0,halves
401856998,20260617,janelle salaun,7.0,5.0,12.0,halves
401856998,20260617,jessica shepard,12.0,2.0,14.0,halves
401856998,20260617,kaila charles,3.0,3.0,6.0,halves
401856998,20260617,kaitlyn chen,9.0,6.0,15.0,halves
401856998,20260617,kayla thornton,3.0,5.0,8.0,halves
401856998,20260617,kiah stokes,2.0,0.0,2.0,halves
401856998,20260617,maddy siegrist,1.0,0.0,1.0,halves
401856998,20260617,paige bueckers,2.0,13.0,15.0,halves
401856998,20260617,sug sutton,6.0,3.0,9.0,halves
401856998,20260617,tiffany hayes,5.0,5.0,10.0,halves
401856998,20260617,veronica burton,0.0,11.0,11.0,halves
401856999,20260617,anastasiia olairi kosu,0.0,4.0,4.0,halves
401856999,20260617,antonia delaere,3.0,3.0,6.0,halves
401856999,20260617,ariel atkins,0.0,4.0,4.0,halves
401856999,20260617,chance gray,3.0,5.0,8.0,halves
401856999,20260617,courtney williams,7.0,6.0,13.0,halves
401856999,20260617,dearica hamby,10.0,2.0,12.0,halves
401856999,20260617,emma cannon,0.0,5.0,5.0,halves
401856999,20260617,erica wheeler,4.0,2.0,6.0,halves
401856999,20260617,jihyun park,4.0,9.0,13.0,halves
401856999,20260617,kayla mcbride,5.0,9.0,14.0,halves
401856999,20260617,maya caldwell,0.0,7.0,7.0,halves
401856999,20260617,natasha howard,9.0,6.0,15.0,halves
401856999,20260617,nia coffey,4.0,3.0,7.0,halves
401856999,20260617,nneka ogwumike,2.0,8.0,10.0,halves
401856999,20260617,olivia miles,24.0,7.0,31.0,halves
401856999,20260617,rae burrell,14.0,5.0,19.0,halves
401856999,20260617,ta'niya latson,0.0,6.0,6.0,halves
401856999,20260617,teaira mccowan,0.0,2.0,2.0,halves
401857000,20260617,a'ja wilson,18.0,15.0,33.0,halves
401857000,20260617,alyssa thomas,6.0,4.0,10.0,halves
401857000,20260617,brianna turner,2.0,0.0,2.0,halves
401857000,20260617,chelsea gray,3.0,2.0,5.0,halves
401857000,20260617,cheyenne parker-tyus,2.0,0.0,2.0,halves
401857000,20260617,dewanna bonner,10.0,0.0,10.0,halves
401857000,20260617,jackie young,12.0,8.0,20.0,halves
401857000,20260617,jovana nogic,9.0,3.0,12.0,halves
401857000,20260617,kahleah copper,14.0,12.0,26.0,halves
401857000,20260617,kyara linskens,3.0,0.0,3.0,halves
401857000,20260617,lexi held,5.0,2.0,7.0,halves
401857000,20260617,monique akoa makani,0.0,4.0,4.0,halves
401857000,20260617,nalyssa smith,8.0,13.0,21.0,halves
401857000,20260617,noemie brochant,2.0,2.0,4.0,halves
401857000,20260617,stephanie talbot,0.0,3.0,3.0,halves
401857001,20260617,awa fam,3.0,15.0,18.0,halves
401857001,20260617,bridget carleton,10.0,14.0,24.0,halves
401857001,20260617,carla leite,11.0,9.0,20.0,halves
401857001,20260617,dominique malonga,13.0,15.0,28.0,halves
401857001,20260617,emily engstler,4.0,5.0,9.0,halves
401857001,20260617,flau'jae johnson,8.0,0.0,8.0,halves
401857001,20260617,frieda buhner,3.0,0.0,3.0,halves
401857001,20260617,jade melbourne,0.0,6.0,6.0,halves
401857001,20260617,karlie samuelson,2.0,8.0,10.0,halves
401857001,20260617,mackenzie holmes,3.0,0.0,3.0,halves
401857001,20260617,megan gustafson,3.0,5.0,8.0,halves
401857001,20260617,natisha hiedeman,14.0,5.0,19.0,halves
401857001,20260617,nyadiew puoch,2.0,0.0,2.0,halves
401857001,20260617,sarah ashlee barker,9.0,3.0,12.0,halves
401857001,20260617,serah williams,0.0,1.0,1.0,halves
401857001,20260617,teja oblak,3.0,2.0,5.0,halves
401857001,20260617,zia cooke,7.0,0.0,7.0,halves
401857002,20260618,aliyah boston,9.0,14.0,23.0,halves
401857002,20260618,allisha gray,10.0,7.0,17.0,halves
401857002,20260618,angel reese,8.0,13.0,21.0,halves
401857002,20260618,caitlin clark,17.0,9.0,26.0,halves
401857002,20260618,isobel borlase,9.0,0.0,9.0,halves
401857002,20260618,jordin canada,9.0,9.0,18.0,halves
401857002,20260618,kelsey mitchell,5.0,21.0,26.0,halves
401857002,20260618,lexie hull,2.0,0.0,2.0,halves
401857002,20260618,makayla timpson,4.0,2.0,6.0,halves
401857002,20260618,monique billings,2.0,4.0,6.0,halves
401857002,20260618,naz hillmon,5.0,12.0,17.0,halves
401857002,20260618,rhyne howard,10.0,6.0,16.0,halves
401857002,20260618,sika kone,3.0,0.0,3.0,halves
401857002,20260618,sophie cunningham,10.0,2.0,12.0,halves
401857002,20260618,te-hina paopao,4.0,3.0,7.0,halves
401857003,20260619,aaliyah edwards,4.0,2.0,6.0,halves
401857003,20260619,aneesah morrow,2.0,6.0,8.0,halves
401857003,20260619,brittney griner,11.0,5.0,16.0,halves
401857003,20260619,charlisse leger-walker,4.0,3.0,7.0,halves
401857003,20260619,diamond miller,6.0,4.0,10.0,halves
401857003,20260619,isabelle harrison,13.0,2.0,15.0,halves
401857003,20260619,julie allemand,0.0,4.0,4.0,halves
401857003,20260619,kennedy burke,9.0,9.0,18.0,halves
401857003,20260619,laura juskaite,0.0,4.0,4.0,halves
401857003,20260619,leila lacan,5.0,11.0,16.0,halves
401857003,20260619,maria conde,9.0,10.0,19.0,halves
401857003,20260619,marina mabrey,11.0,26.0,37.0,halves
401857003,20260619,olivia nelson-ododa,9.0,4.0,13.0,halves
401857003,20260619,saniya rivers,0.0,3.0,3.0,halves
401857003,20260619,temi fagbenle,4.0,15.0,19.0,halves
401857003,20260619,tima pouye,0.0,3.0,3.0,halves
401857004,20260619,breanna stewart,6.0,10.0,16.0,halves
401857004,20260619,cotie mcmahon,5.0,2.0,7.0,halves
401857004,20260619,georgia amoore,3.0,7.0,10.0,halves
401857004,20260619,han xu,8.0,0.0,8.0,halves
401857004,20260619,jonquel jones,6.0,4.0,10.0,halves
401857004,20260619,kiki iriafen,4.0,16.0,20.0,halves
401857004,20260619,lauren betts,6.0,2.0,8.0,halves
401857004,20260619,leonie fiebich,3.0,16.0,19.0,halves
401857004,20260619,marine johannes,1.0,3.0,4.0,halves
401857004,20260619,michaela onyenwere,2.0,9.0,11.0,halves
401857004,20260619,pauline astier,2.0,0.0,2.0,halves
401857004,20260619,rebekah gardner,2.0,0.0,2.0,halves
401857004,20260619,sabrina ionescu,7.0,2.0,9.0,halves
401857004,20260619,satou sabally,8.0,5.0,13.0,halves
401857004,20260619,shakira austin,8.0,6.0,14.0,halves
401857004,20260619,sonia citron,11.0,5.0,16.0,halves
401857005,20260619,anastasiia olairi kosu,0.0,4.0,4.0,halves
401857005,20260619,cecilia zandalasini,14.0,9.0,23.0,halves
401857005,20260619,courtney williams,12.0,9.0,21.0,halves
401857005,20260619,gabby williams,10.0,5.0,15.0,halves
401857005,20260619,janelle salaun,6.0,9.0,15.0,halves
401857005,20260619,kaila charles,2.0,0.0,2.0,halves
401857005,20260619,kaitlyn chen,7.0,0.0,7.0,halves
401857005,20260619,kayla mcbride,6.0,11.0,17.0,halves
401857005,20260619,kayla thornton,0.0,3.0,3.0,halves
401857005,20260619,kiah stokes,2.0,0.0,2.0,halves
401857005,20260619,laeticia amihere,0.0,1.0,1.0,halves
401857005,20260619,natasha howard,4.0,6.0,10.0,halves
401857005,20260619,nia coffey,17.0,5.0,22.0,halves
401857005,20260619,olivia miles,2.0,5.0,7.0,halves
401857005,20260619,tiffany hayes,2.0,0.0,2.0,halves
401857005,20260619,veronica burton,3.0,2.0,5.0,halves
401857006,20260620,aliyah boston,8.0,5.0,13.0,halves
401857006,20260620,allisha gray,9.0,13.0,22.0,halves
401857006,20260620,angel reese,8.0,10.0,18.0,halves
401857006,20260620,caitlin clark,15.0,11.0,26.0,halves
401857006,20260620,damiris dantas,0.0,3.0,3.0,halves
401857006,20260620,indya nivar,0.0,3.0,3.0,halves
401857006,20260620,isobel borlase,3.0,0.0,3.0,halves
401857006,20260620,jordin canada,0.0,12.0,12.0,halves
401857006,20260620,kelsey mitchell,16.0,0.0,16.0,halves
401857006,20260620,madina okot,3.0,0.0,3.0,halves
401857006,20260620,monique billings,7.0,0.0,7.0,halves
401857006,20260620,myisha hines-allen,7.0,2.0,9.0,halves
401857006,20260620,naz hillmon,15.0,4.0,19.0,halves
401857006,20260620,raven johnson,2.0,7.0,9.0,halves
401857006,20260620,rhyne howard,12.0,12.0,24.0,halves
401857006,20260620,sophie cunningham,4.0,9.0,13.0,halves
401857006,20260620,te-hina paopao,6.0,3.0,9.0,halves
401857007,20260620,alyssa thomas,6.0,2.0,8.0,halves
401857007,20260620,awa fam,5.0,0.0,5.0,halves
401857007,20260620,dewanna bonner,8.0,2.0,10.0,halves
401857007,20260620,dominique malonga,9.0,1.0,10.0,halves
401857007,20260620,flau'jae johnson,9.0,4.0,13.0,halves
401857007,20260620,jade melbourne,2.0,0.0,2.0,halves
401857007,20260620,kahleah copper,7.0,10.0,17.0,halves
401857007,20260620,katie lou samuelson,2.0,5.0,7.0,halves
401857007,20260620,kyara linskens,3.0,0.0,3.0,halves
401857007,20260620,lexi held,4.0,7.0,11.0,halves
401857007,20260620,natasha mack,1.0,9.0,10.0,halves
401857007,20260620,natisha hiedeman,11.0,9.0,20.0,halves
401857007,20260620,noemie brochant,10.0,6.0,16.0,halves
401857007,20260620,stefanie dolson,3.0,3.0,6.0,halves
401857007,20260620,valeriane ayayi,9.0,9.0,18.0,halves
401857007,20260620,zia cooke,0.0,10.0,10.0,halves
401857008,20260620,alanna smith,3.0,0.0,3.0,halves
401857008,20260620,arike ogunbowale,6.0,6.0,12.0,halves
401857008,20260620,awak kuier,3.0,0.0,3.0,halves
401857008,20260620,aziaha james,0.0,4.0,4.0,halves
401857008,20260620,azura stevens,8.0,0.0,8.0,halves
401857008,20260620,azzi fudd,5.0,8.0,13.0,halves
401857008,20260620,elizabeth williams,2.0,2.0,4.0,halves
401857008,20260620,gabriela jaquez,6.0,0.0,6.0,halves
401857008,20260620,jacy sheldon,1.0,5.0,6.0,halves
401857008,20260620,jessica shepard,4.0,17.0,21.0,halves
401857008,20260620,kamilla cardoso,14.0,12.0,26.0,halves
401857008,20260620,li yueru,2.0,3.0,5.0,halves
401857008,20260620,maddy siegrist,8.0,1.0,9.0,halves
401857008,20260620,natasha cloud,7.0,3.0,10.0,halves
401857008,20260620,paige bueckers,7.0,12.0,19.0,halves
401857008,20260620,skylar diggins,3.0,11.0,14.0,halves
401857008,20260620,sug sutton,0.0,4.0,4.0,halves
401857008,20260620,sydney taylor,2.0,16.0,18.0,halves
401857009,20260621,a'ja wilson,8.0,11.0,19.0,halves
401857009,20260621,cecilia zandalasini,8.0,4.0,12.0,halves
401857009,20260621,chelsea gray,11.0,4.0,15.0,halves
401857009,20260621,gabby williams,8.0,2.0,10.0,halves
401857009,20260621,jackie young,13.0,8.0,21.0,halves
401857009,20260621,janelle salaun,0.0,5.0,5.0,halves
401857009,20260621,jewell loyd,6.0,8.0,14.0,halves
401857009,20260621,juste jocyte,0.0,3.0,3.0,halves
401857009,20260621,kaila charles,0.0,7.0,7.0,halves
401857009,20260621,kaitlyn chen,6.0,5.0,11.0,halves
401857009,20260621,kayla thornton,0.0,2.0,2.0,halves
401857009,20260621,kiah stokes,2.0,0.0,2.0,halves
401857009,20260621,kierstan bell,2.0,3.0,5.0,halves
401857009,20260621,laeticia amihere,0.0,10.0,10.0,halves
401857009,20260621,nadia fingall,0.0,2.0,2.0,halves
401857009,20260621,nalyssa smith,10.0,4.0,14.0,halves
401857009,20260621,stephanie talbot,0.0,4.0,4.0,halves
401857009,20260621,tiffany hayes,6.0,1.0,7.0,halves
401857009,20260621,veronica burton,0.0,2.0,2.0,halves
401857010,20260621,anastasiia olairi kosu,0.0,1.0,1.0,halves
401857010,20260621,angela dugalic,6.0,0.0,6.0,halves
401857010,20260621,cotie mcmahon,6.0,9.0,15.0,halves
401857010,20260621,courtney williams,11.0,2.0,13.0,halves
401857010,20260621,georgia amoore,2.0,6.0,8.0,halves
401857010,20260621,kayla mcbride,2.0,10.0,12.0,halves
401857010,20260621,kiki iriafen,6.0,11.0,17.0,halves
401857010,20260621,lauren betts,0.0,2.0,2.0,halves
401857010,20260621,lucy olsen,3.0,0.0,3.0,halves
401857010,20260621,maya caldwell,4.0,0.0,4.0,halves
401857010,20260621,michaela onyenwere,0.0,5.0,5.0,halves
401857010,20260621,natasha howard,10.0,10.0,20.0,halves
401857010,20260621,nia coffey,5.0,0.0,5.0,halves
401857010,20260621,olivia miles,8.0,14.0,22.0,halves
401857010,20260621,shakira austin,3.0,4.0,7.0,halves
401857010,20260621,sonia citron,9.0,12.0,21.0,halves
401857010,20260621,teaira mccowan,2.0,0.0,2.0,halves
401857011,20260621,ariel atkins,3.0,7.0,10.0,halves
401857011,20260621,breanna stewart,8.0,10.0,18.0,halves
401857011,20260621,dearica hamby,8.0,4.0,12.0,halves
401857011,20260621,erica wheeler,8.0,7.0,15.0,halves
401857011,20260621,jonquel jones,9.0,9.0,18.0,halves
401857011,20260621,kelsey plum,9.0,3.0,12.0,halves
401857011,20260621,kiana williams,2.0,0.0,2.0,halves
401857011,20260621,laura ziegler,2.0,2.0,4.0,halves
401857011,20260621,leonie fiebich,7.0,6.0,13.0,halves
401857011,20260621,marine johannes,10.0,0.0,10.0,halves
401857011,20260621,nneka ogwumike,4.0,20.0,24.0,halves
401857011,20260621,pauline astier,8.0,9.0,17.0,halves
401857011,20260621,rae burrell,7.0,12.0,19.0,halves
401857011,20260621,rebecca allen,0.0,3.0,3.0,halves
401857011,20260621,rebekah gardner,2.0,0.0,2.0,halves
401857011,20260621,sabrina ionescu,0.0,2.0,2.0,halves
401857011,20260621,satou sabally,11.0,3.0,14.0,halves
401857012,20260622,aaliyah edwards,5.0,6.0,11.0,halves
401857012,20260622,aneesah morrow,1.0,0.0,1.0,halves
401857012,20260622,azura stevens,9.0,2.0,11.0,halves
401857012,20260622,brittney griner,10.0,4.0,14.0,halves
401857012,20260622,charlisse leger-walker,11.0,2.0,13.0,halves
401857012,20260622,diamond miller,3.0,6.0,9.0,halves
401857012,20260622,elizabeth williams,2.0,0.0,2.0,halves
401857012,20260622,gabriela jaquez,5.0,0.0,5.0,halves
401857012,20260622,gianna kneepkens,0.0,4.0,4.0,halves
401857012,20260622,jacy sheldon,0.0,6.0,6.0,halves
401857012,20260622,kamilla cardoso,4.0,12.0,16.0,halves
401857012,20260622,kennedy burke,6.0,2.0,8.0,halves
401857012,20260622,leila lacan,5.0,7.0,12.0,halves
401857012,20260622,maddy westbeld,0.0,3.0,3.0,halves
401857012,20260622,natasha cloud,2.0,2.0,4.0,halves
401857012,20260622,nell angloma,0.0,1.0,1.0,halves
401857012,20260622,olivia nelson-ododa,6.0,5.0,11.0,halves
401857012,20260622,rachel banham,3.0,0.0,3.0,halves
401857012,20260622,raegan beers,0.0,4.0,4.0,halves
401857012,20260622,saniya rivers,0.0,4.0,4.0,halves
401857012,20260622,skylar diggins,2.0,1.0,3.0,halves
401857012,20260622,sydney taylor,3.0,7.0,10.0,halves
401857013,20260622,allisha gray,16.0,2.0,18.0,halves
401857013,20260622,angel reese,6.0,5.0,11.0,halves
401857013,20260622,isabelle harrison,14.0,7.0,21.0,halves
401857013,20260622,isobel borlase,5.0,3.0,8.0,halves
401857013,20260622,jordin canada,7.0,4.0,11.0,halves
401857013,20260622,julie allemand,3.0,1.0,4.0,halves
401857013,20260622,kia nurse,0.0,4.0,4.0,halves
401857013,20260622,laura juskaite,4.0,4.0,8.0,halves
401857013,20260622,madina okot,16.0,2.0,18.0,halves
401857013,20260622,maria conde,0.0,8.0,8.0,halves
401857013,20260622,marina mabrey,5.0,18.0,23.0,halves
401857013,20260622,naz hillmon,2.0,4.0,6.0,halves
401857013,20260622,nyara sabally,7.0,2.0,9.0,halves
401857013,20260622,rhyne howard,5.0,15.0,20.0,halves
401857013,20260622,te-hina paopao,2.0,0.0,2.0,halves
401857013,20260622,temi fagbenle,8.0,2.0,10.0,halves
401857014,20260622,aliyah boston,2.0,6.0,8.0,halves
401857014,20260622,alyssa thomas,11.0,8.0,19.0,halves
401857014,20260622,caitlin clark,15.0,9.0,24.0,halves
401857014,20260622,dewanna bonner,7.0,0.0,7.0,halves
401857014,20260622,kahleah copper,11.0,9.0,20.0,halves
401857014,20260622,kelsey mitchell,11.0,11.0,22.0,halves
401857014,20260622,kyara linskens,4.0,0.0,4.0,halves
401857014,20260622,lexi held,4.0,0.0,4.0,halves
401857014,20260622,lexie hull,5.0,3.0,8.0,halves
401857014,20260622,makayla timpson,0.0,1.0,1.0,halves
401857014,20260622,monique billings,3.0,11.0,14.0,halves
401857014,20260622,myisha hines-allen,3.0,0.0,3.0,halves
401857014,20260622,natasha mack,2.0,2.0,4.0,halves
401857014,20260622,noemie brochant,2.0,5.0,7.0,halves
401857014,20260622,raven johnson,2.0,2.0,4.0,halves
401857014,20260622,shay ciezki,0.0,3.0,3.0,halves
401857014,20260622,sophie cunningham,0.0,2.0,2.0,halves
401857014,20260622,valeriane ayayi,0.0,9.0,9.0,halves
401857015,20260622,arike ogunbowale,4.0,0.0,4.0,halves
401857015,20260622,awa fam,4.0,14.0,18.0,halves
401857015,20260622,awak kuier,6.0,0.0,6.0,halves
401857015,20260622,aziaha james,5.0,13.0,18.0,halves
401857015,20260622,azzi fudd,7.0,19.0,26.0,halves
401857015,20260622,dominique malonga,10.0,27.0,37.0,halves
401857015,20260622,flau'jae johnson,9.0,2.0,11.0,halves
401857015,20260622,jessica shepard,8.0,6.0,14.0,halves
401857015,20260622,katie lou samuelson,0.0,3.0,3.0,halves
401857015,20260622,li yueru,0.0,10.0,10.0,halves
401857015,20260622,maddy siegrist,2.0,5.0,7.0,halves
401857015,20260622,natisha hiedeman,5.0,16.0,21.0,halves
401857015,20260622,paige bueckers,8.0,19.0,27.0,halves
401857015,20260622,taina mair,2.0,0.0,2.0,halves
401857015,20260622,zia cooke,12.0,6.0,18.0,halves
401857016,20260623,a'ja wilson,6.0,10.0,16.0,pbp
401857016,20260623,breanna stewart,4.0,16.0,20.0,pbp
401857016,20260623,chelsea gray,0.0,10.0,10.0,pbp
401857016,20260623,cheyenne parker-tyus,4.0,10.0,14.0,pbp
401857016,20260623,han xu,0.0,12.0,12.0,pbp
401857016,20260623,jackie young,12.0,6.0,18.0,pbp
401857016,20260623,jewell loyd,0.0,6.0,6.0,pbp
401857016,20260623,jonquel jones,8.0,6.0,14.0,pbp
401857016,20260623,leonie fiebich,9.0,3.0,12.0,pbp
401857016,20260623,marine johannes,6.0,0.0,6.0,pbp
401857016,20260623,nalyssa smith,7.0,0.0,7.0,pbp
401857016,20260623,pauline astier,7.0,0.0,7.0,pbp
401857016,20260623,sabrina ionescu,8.0,8.0,16.0,pbp
401857016,20260623,stephanie talbot,3.0,0.0,3.0,pbp
401857017,20260624,aliyah boston,10.0,13.0,23.0,pbp
401857017,20260624,alyssa thomas,12.0,12.0,24.0,pbp
401857017,20260624,caitlin clark,16.0,3.0,19.0,pbp
401857017,20260624,dewanna bonner,11.0,2.0,13.0,pbp
401857017,20260624,kahleah copper,15.0,13.0,28.0,pbp
401857017,20260624,kelsey mitchell,13.0,17.0,30.0,pbp
401857017,20260624,lexi held,3.0,6.0,9.0,pbp
401857017,20260624,lexie hull,4.0,5.0,9.0,pbp
401857017,20260624,marta suarez,2.0,4.0,6.0,pbp
401857017,20260624,monique billings,4.0,4.0,8.0,pbp
401857017,20260624,myisha hines-allen,5.0,8.0,13.0,pbp
401857017,20260624,noemie brochant,4.0,7.0,11.0,pbp
401857017,20260624,raven johnson,0.0,2.0,2.0,pbp
401857017,20260624,sophie cunningham,3.0,2.0,5.0,pbp
401857017,20260624,valeriane ayayi,5.0,14.0,19.0,pbp
401857018,20260624,anastasiia olairi kosu,2.0,0.0,2.0,pbp
401857018,20260624,angela dugalic,2.0,1.0,3.0,pbp
401857018,20260624,cotie mcmahon,7.0,0.0,7.0,pbp
401857018,20260624,courtney williams,2.0,3.0,5.0,pbp
401857018,20260624,georgia amoore,1.0,5.0,6.0,pbp
401857018,20260624,kayla mcbride,14.0,5.0,19.0,pbp
401857018,20260624,kiki iriafen,9.0,4.0,13.0,pbp
401857018,20260624,lauren betts,0.0,4.0,4.0,pbp
401857018,20260624,lucy olsen,2.0,0.0,2.0,pbp
401857018,20260624,maya caldwell,0.0,5.0,5.0,pbp
401857018,20260624,michaela onyenwere,0.0,2.0,2.0,pbp
401857018,20260624,natasha howard,11.0,10.0,21.0,pbp
401857018,20260624,nia coffey,2.0,2.0,4.0,pbp
401857018,20260624,olivia miles,9.0,12.0,21.0,pbp
401857018,20260624,shakira austin,2.0,9.0,11.0,pbp
401857018,20260624,sonia citron,17.0,11.0,28.0,pbp
401857019,20260624,aicha coulibaly,6.0,4.0,10.0,pbp
401857019,20260624,azura stevens,4.0,7.0,11.0,pbp
401857019,20260624,bridget carleton,2.0,5.0,7.0,pbp
401857019,20260624,carla leite,1.0,9.0,10.0,pbp
401857019,20260624,elizabeth williams,0.0,2.0,2.0,pbp
401857019,20260624,emily engstler,6.0,4.0,10.0,pbp
401857019,20260624,frieda buhner,0.0,2.0,2.0,pbp
401857019,20260624,gabriela jaquez,2.0,8.0,10.0,pbp
401857019,20260624,holly winterburn,0.0,2.0,2.0,pbp
401857019,20260624,jacy sheldon,4.0,10.0,14.0,pbp
401857019,20260624,kamilla cardoso,8.0,5.0,13.0,pbp
401857019,20260624,karlie samuelson,5.0,0.0,5.0,pbp
401857019,20260624,luisa geiselsoder,0.0,2.0,2.0,pbp
401857019,20260624,megan gustafson,10.0,7.0,17.0,pbp
401857019,20260624,natasha cloud,7.0,2.0,9.0,pbp
401857019,20260624,rachel banham,0.0,3.0,3.0,pbp
401857019,20260624,sarah ashlee barker,11.0,2.0,13.0,pbp
401857019,20260624,serah williams,0.0,6.0,6.0,pbp
401857019,20260624,skylar diggins,3.0,12.0,15.0,pbp
401857019,20260624,sydney taylor,12.0,2.0,14.0,pbp
401857019,20260624,teja oblak,3.0,0.0,3.0,pbp
401857020,20260624,allisha gray,6.0,2.0,8.0,pbp
401857020,20260624,angel reese,0.0,10.0,10.0,pbp
401857020,20260624,cecilia zandalasini,2.0,11.0,13.0,pbp
401857020,20260624,gabby williams,14.0,9.0,23.0,pbp
401857020,20260624,indya nivar,0.0,2.0,2.0,pbp
401857020,20260624,isobel borlase,2.0,0.0,2.0,pbp
401857020,20260624,janelle salaun,6.0,0.0,6.0,pbp
401857020,20260624,jordin canada,5.0,3.0,8.0,pbp
401857020,20260624,kaila charles,2.0,0.0,2.0,pbp
401857020,20260624,kayla thornton,10.0,6.0,16.0,pbp
401857020,20260624,kiah stokes,0.0,1.0,1.0,pbp
401857020,20260624,laeticia amihere,2.0,4.0,6.0,pbp
401857020,20260624,madina okot,3.0,13.0,16.0,pbp
401857020,20260624,naz hillmon,2.0,0.0,2.0,pbp
401857020,20260624,rhyne howard,7.0,5.0,12.0,pbp
401857020,20260624,sika kone,0.0,4.0,4.0,pbp
401857020,20260624,te-hina paopao,2.0,0.0,2.0,pbp
401857020,20260624,veronica burton,6.0,2.0,8.0,pbp
401857021,20260625,chance gray,0.0,7.0,7.0,pbp
401857021,20260625,dearica hamby,12.0,9.0,21.0,pbp
401857021,20260625,emma cannon,3.0,7.0,10.0,pbp
401857021,20260625,erica wheeler,8.0,0.0,8.0,pbp
401857021,20260625,isabelle harrison,4.0,5.0,9.0,pbp
401857021,20260625,jihyun park,0.0,5.0,5.0,pbp
401857021,20260625,julie allemand,10.0,3.0,13.0,pbp
401857021,20260625,kia nurse,3.0,9.0,12.0,pbp
401857021,20260625,kiana williams,0.0,8.0,8.0,pbp
401857021,20260625,laura juskaite,3.0,7.0,10.0,pbp
401857021,20260625,maria conde,8.0,4.0,12.0,pbp
401857021,20260625,marina mabrey,25.0,24.0,49.0,pbp
401857021,20260625,nneka ogwumike,8.0,13.0,21.0,pbp
401857021,20260625,nyara sabally,5.0,0.0,5.0,pbp
401857021,20260625,rae burrell,8.0,9.0,17.0,pbp
401857021,20260625,temi fagbenle,2.0,2.0,4.0,pbp
401857021,20260625,tima pouye,1.0,5.0,6.0,pbp
401857022,20260625,a'ja wilson,16.0,16.0,32.0,pbp
401857022,20260625,arike ogunbowale,0.0,4.0,4.0,pbp
401857022,20260625,awak kuier,6.0,2.0,8.0,pbp
401857022,20260625,aziaha james,0.0,8.0,8.0,pbp
401857022,20260625,azzi fudd,7.0,0.0,7.0,pbp
401857022,20260625,chelsea gray,5.0,6.0,11.0,pbp
401857022,20260625,cheyenne parker-tyus,7.0,6.0,13.0,pbp
401857022,20260625,jackie young,9.0,11.0,20.0,pbp
401857022,20260625,jessica shepard,13.0,9.0,22.0,pbp
401857022,20260625,jewell loyd,5.0,2.0,7.0,pbp
401857022,20260625,kierstan bell,3.0,7.0,10.0,pbp
401857022,20260625,li yueru,0.0,5.0,5.0,pbp
401857022,20260625,maddy siegrist,0.0,2.0,2.0,pbp
401857022,20260625,nalyssa smith,2.0,2.0,4.0,pbp
401857022,20260625,paige bueckers,10.0,15.0,25.0,pbp
401857022,20260625,sug sutton,3.0,0.0,3.0,pbp
401857023,20260625,awa fam,7.0,8.0,15.0,pbp
401857023,20260625,betnijah laney-hamilton,3.0,0.0,3.0,pbp
401857023,20260625,dominique malonga,14.0,6.0,20.0,pbp
401857023,20260625,flau'jae johnson,14.0,13.0,27.0,pbp
401857023,20260625,han xu,6.0,2.0,8.0,pbp
401857023,20260625,jade melbourne,3.0,15.0,18.0,pbp
401857023,20260625,jonquel jones,11.0,15.0,26.0,pbp
401857023,20260625,katie lou samuelson,2.0,0.0,2.0,pbp
401857023,20260625,leonie fiebich,11.0,8.0,19.0,pbp
401857023,20260625,marine johannes,0.0,6.0,6.0,pbp
401857023,20260625,natisha hiedeman,8.0,3.0,11.0,pbp
401857023,20260625,pauline astier,0.0,3.0,3.0,pbp
401857023,20260625,raquel carrera,4.0,3.0,7.0,pbp
401857023,20260625,rebekah gardner,0.0,2.0,2.0,pbp
401857023,20260625,sabrina ionescu,5.0,9.0,14.0,pbp
401857023,20260625,stefanie dolson,0.0,2.0,2.0,pbp
401857023,20260625,zia cooke,0.0,3.0,3.0,pbp
401857024,20260626,aaliyah edwards,4.0,2.0,6.0,pbp
401857024,20260626,angela dugalic,2.0,0.0,2.0,pbp
401857024,20260626,brittney griner,2.0,8.0,10.0,pbp
401857024,20260626,charlisse leger-walker,2.0,8.0,10.0,pbp
401857024,20260626,cotie mcmahon,2.0,2.0,4.0,pbp
401857024,20260626,diamond miller,4.0,0.0,4.0,pbp
401857024,20260626,georgia amoore,6.0,8.0,14.0,pbp
401857024,20260626,kennedy burke,5.0,5.0,10.0,pbp
401857024,20260626,kiki iriafen,5.0,6.0,11.0,pbp
401857024,20260626,lauren betts,0.0,5.0,5.0,pbp
401857024,20260626,leila lacan,6.0,6.0,12.0,pbp
401857024,20260626,michaela onyenwere,0.0,4.0,4.0,pbp
401857024,20260626,olivia nelson-ododa,4.0,8.0,12.0,pbp
401857024,20260626,raegan beers,3.0,0.0,3.0,pbp
401857024,20260626,shakira austin,6.0,0.0,6.0,pbp
401857024,20260626,sonia citron,5.0,6.0,11.0,pbp
401857025,20260626,azura stevens,9.0,3.0,12.0,pbp
401857025,20260626,bridget carleton,13.0,7.0,20.0,pbp
401857025,20260626,carla leite,9.0,9.0,18.0,pbp
401857025,20260626,courtney vandersloot,5.0,5.0,10.0,pbp
401857025,20260626,elizabeth williams,0.0,8.0,8.0,pbp
401857025,20260626,emily engstler,4.0,0.0,4.0,pbp
401857025,20260626,frieda buhner,2.0,8.0,10.0,pbp
401857025,20260626,gabriela jaquez,2.0,2.0,4.0,pbp
401857025,20260626,holly winterburn,0.0,2.0,2.0,pbp
401857025,20260626,jacy sheldon,5.0,6.0,11.0,pbp
401857025,20260626,jordan harrison,0.0,3.0,3.0,pbp
401857025,20260626,kamilla cardoso,17.0,13.0,30.0,pbp
401857025,20260626,megan gustafson,6.0,7.0,13.0,pbp
401857025,20260626,natasha cloud,2.0,0.0,2.0,pbp
401857025,20260626,nyadiew puoch,2.0,0.0,2.0,pbp
401857025,20260626,rachel banham,0.0,8.0,8.0,pbp
401857025,20260626,sarah ashlee barker,6.0,5.0,11.0,pbp
401857025,20260626,serah williams,4.0,2.0,6.0,pbp
401857025,20260626,skylar diggins,7.0,3.0,10.0,pbp
401857025,20260626,sydney taylor,6.0,23.0,29.0,pbp
401857025,20260626,teja oblak,2.0,3.0,5.0,pbp
401857026,20260626,allisha gray,8.0,6.0,14.0,pbp
401857026,20260626,angel reese,6.0,9.0,15.0,pbp
401857026,20260626,cecilia zandalasini,4.0,0.0,4.0,pbp
401857026,20260626,gabby williams,3.0,13.0,16.0,pbp
401857026,20260626,isobel borlase,2.0,0.0,2.0,pbp
401857026,20260626,janelle salaun,6.0,2.0,8.0,pbp
401857026,20260626,jordin canada,13.0,10.0,23.0,pbp
401857026,20260626,kaila charles,0.0,2.0,2.0,pbp
401857026,20260626,kaitlyn chen,6.0,7.0,13.0,pbp
401857026,20260626,kiah stokes,7.0,6.0,13.0,pbp
401857026,20260626,madina okot,4.0,3.0,7.0,pbp
401857026,20260626,naz hillmon,0.0,2.0,2.0,pbp
401857026,20260626,rhyne howard,2.0,7.0,9.0,pbp
401857026,20260626,te-hina paopao,0.0,3.0,3.0,pbp
401857026,20260626,tiffany hayes,0.0,12.0,12.0,pbp
401857026,20260626,veronica burton,6.0,4.0,10.0,pbp
401857027,20260627,dewanna bonner,5.0,8.0,13.0,pbp
401857027,20260627,isabelle harrison,6.0,6.0,12.0,pbp
401857027,20260627,julie allemand,6.0,5.0,11.0,pbp
401857027,20260627,kahleah copper,13.0,14.0,27.0,pbp
401857027,20260627,kia nurse,8.0,3.0,11.0,pbp
401857027,20260627,kyara linskens,3.0,1.0,4.0,pbp
401857027,20260627,lexi held,7.0,8.0,15.0,pbp
401857027,20260627,maria conde,4.0,6.0,10.0,pbp
401857027,20260627,marta suarez,0.0,4.0,4.0,pbp
401857027,20260627,noemie brochant,0.0,3.0,3.0,pbp
401857027,20260627,nyara sabally,3.0,11.0,14.0,pbp
401857027,20260627,quionche carter,2.0,0.0,2.0,pbp
401857027,20260627,temi fagbenle,6.0,2.0,8.0,pbp
401857027,20260627,tima pouye,10.0,3.0,13.0,pbp
401857027,20260627,valeriane ayayi,11.0,9.0,20.0,pbp
401857028,20260627,aliyah boston,17.0,0.0,17.0,pbp
401857028,20260627,ariel atkins,5.0,7.0,12.0,pbp
401857028,20260627,bree hall,0.0,4.0,4.0,pbp
401857028,20260627,chance gray,0.0,6.0,6.0,pbp
401857028,20260627,dearica hamby,8.0,7.0,15.0,pbp
401857028,20260627,emma cannon,0.0,6.0,6.0,pbp
401857028,20260627,erica wheeler,2.0,0.0,2.0,pbp
401857028,20260627,grace vanslooten,0.0,4.0,4.0,pbp
401857028,20260627,jihyun park,5.0,3.0,8.0,pbp
401857028,20260627,kelsey mitchell,10.0,14.0,24.0,pbp
401857028,20260627,kiana williams,2.0,2.0,4.0,pbp
401857028,20260627,laura ziegler,0.0,4.0,4.0,pbp
401857028,20260627,lexie hull,0.0,5.0,5.0,pbp
401857028,20260627,makayla timpson,3.0,2.0,5.0,pbp
401857028,20260627,monique billings,8.0,7.0,15.0,pbp
401857028,20260627,myisha hines-allen,2.0,5.0,7.0,pbp
401857028,20260627,nneka ogwumike,9.0,8.0,17.0,pbp
401857028,20260627,rae burrell,6.0,5.0,11.0,pbp
401857028,20260627,raven johnson,2.0,0.0,2.0,pbp
401857028,20260627,sophie cunningham,3.0,6.0,9.0,pbp
401857028,20260627,ta'niya latson,0.0,2.0,2.0,pbp
401857028,20260627,tyasha harris,11.0,5.0,16.0,pbp
401857029,20260627,allisha gray,5.0,10.0,15.0,pbp
401857029,20260627,amy okonkwo,0.0,1.0,1.0,pbp
401857029,20260627,angel reese,7.0,10.0,17.0,pbp
401857029,20260627,awa fam,16.0,5.0,21.0,pbp
401857029,20260627,dominique malonga,7.0,9.0,16.0,pbp
401857029,20260627,flau'jae johnson,9.0,14.0,23.0,pbp
401857029,20260627,isobel borlase,0.0,7.0,7.0,pbp
401857029,20260627,jade melbourne,5.0,5.0,10.0,pbp
401857029,20260627,jordin canada,6.0,2.0,8.0,pbp
401857029,20260627,katie lou samuelson,2.0,0.0,2.0,pbp
401857029,20260627,mackenzie holmes,0.0,1.0,1.0,pbp
401857029,20260627,madina okot,4.0,2.0,6.0,pbp
401857029,20260627,natisha hiedeman,2.0,18.0,20.0,pbp
401857029,20260627,rhyne howard,15.0,12.0,27.0,pbp
401857029,20260627,sika kone,2.0,4.0,6.0,pbp
401857029,20260627,stefanie dolson,5.0,0.0,5.0,pbp
401857029,20260627,te-hina paopao,0.0,3.0,3.0,pbp
401857029,20260627,zia cooke,0.0,6.0,6.0,pbp
401857030,20260628,arike ogunbowale,3.0,2.0,5.0,pbp
401857030,20260628,awak kuier,2.0,0.0,2.0,pbp
401857030,20260628,aziaha james,0.0,2.0,2.0,pbp
401857030,20260628,azzi fudd,2.0,17.0,19.0,pbp
401857030,20260628,courtney williams,10.0,2.0,12.0,pbp
401857030,20260628,jessica shepard,6.0,2.0,8.0,pbp
401857030,20260628,kayla mcbride,12.0,5.0,17.0,pbp
401857030,20260628,maddy siegrist,6.0,6.0,12.0,pbp
401857030,20260628,maya caldwell,5.0,0.0,5.0,pbp
401857030,20260628,natasha howard,5.0,16.0,21.0,pbp
401857030,20260628,nia coffey,6.0,3.0,9.0,pbp
401857030,20260628,olivia miles,7.0,14.0,21.0,pbp
401857030,20260628,paige bueckers,10.0,15.0,25.0,pbp
401857030,20260628,sug sutton,0.0,2.0,2.0,pbp
401857031,20260628,alicia florez,0.0,8.0,8.0,pbp
401857031,20260628,angela dugalic,0.0,3.0,3.0,pbp
401857031,20260628,bridget carleton,10.0,4.0,14.0,pbp
401857031,20260628,carla leite,8.0,24.0,32.0,pbp
401857031,20260628,cotie mcmahon,3.0,2.0,5.0,pbp
401857031,20260628,emily engstler,6.0,0.0,6.0,pbp
401857031,20260628,frieda buhner,9.0,0.0,9.0,pbp
401857031,20260628,georgia amoore,2.0,0.0,2.0,pbp
401857031,20260628,kiki iriafen,13.0,14.0,27.0,pbp
401857031,20260628,lauren betts,4.0,0.0,4.0,pbp
401857031,20260628,lucy olsen,2.0,2.0,4.0,pbp
401857031,20260628,megan gustafson,5.0,14.0,19.0,pbp
401857031,20260628,michaela onyenwere,9.0,20.0,29.0,pbp
401857031,20260628,nyadiew puoch,5.0,4.0,9.0,pbp
401857031,20260628,sarah ashlee barker,8.0,17.0,25.0,pbp
401857031,20260628,serah williams,2.0,2.0,4.0,pbp
401857031,20260628,shakira austin,7.0,2.0,9.0,pbp
401857031,20260628,sonia citron,6.0,25.0,31.0,pbp
401857031,20260628,teja oblak,0.0,2.0,2.0,pbp
401857032,20260628,a'ja wilson,10.0,20.0,30.0,pbp
401857032,20260628,aicha coulibaly,2.0,0.0,2.0,pbp
401857032,20260628,azura stevens,11.0,13.0,24.0,pbp
401857032,20260628,chelsea gray,12.0,6.0,18.0,pbp
401857032,20260628,chennedy carter,9.0,2.0,11.0,pbp
401857032,20260628,courtney vandersloot,0.0,5.0,5.0,pbp
401857032,20260628,elizabeth williams,8.0,2.0,10.0,pbp
401857032,20260628,gabriela jaquez,0.0,2.0,2.0,pbp
401857032,20260628,jackie young,17.0,10.0,27.0,pbp
401857032,20260628,jacy sheldon,0.0,5.0,5.0,pbp
401857032,20260628,jewell loyd,0.0,5.0,5.0,pbp
401857032,20260628,kamilla cardoso,14.0,10.0,24.0,pbp
401857032,20260628,kierstan bell,4.0,0.0,4.0,pbp
401857032,20260628,nalyssa smith,4.0,2.0,6.0,pbp
401857032,20260628,natasha cloud,3.0,3.0,6.0,pbp
401857032,20260628,skylar diggins,3.0,4.0,7.0,pbp
401857032,20260628,stephanie talbot,3.0,0.0,3.0,pbp
401857032,20260628,sydney taylor,9.0,5.0,14.0,pbp
401857033,20260628,breanna stewart,4.0,11.0,15.0,pbp
401857033,20260628,cecilia zandalasini,9.0,1.0,10.0,pbp
401857033,20260628,gabby williams,5.0,2.0,7.0,pbp
401857033,20260628,han xu,0.0,4.0,4.0,pbp
401857033,20260628,janelle salaun,6.0,4.0,10.0,pbp
401857033,20260628,jonquel jones,14.0,7.0,21.0,pbp
401857033,20260628,kaila charles,5.0,8.0,13.0,pbp
401857033,20260628,kaitlyn chen,4.0,4.0,8.0,pbp
401857033,20260628,kayla thornton,7.0,3.0,10.0,pbp
401857033,20260628,kiah stokes,0.0,1.0,1.0,pbp
401857033,20260628,leonie fiebich,6.0,0.0,6.0,pbp
401857033,20260628,marine johannes,0.0,2.0,2.0,pbp
401857033,20260628,pauline astier,5.0,0.0,5.0,pbp
401857033,20260628,rebekah gardner,0.0,4.0,4.0,pbp
401857033,20260628,sabrina ionescu,0.0,9.0,9.0,pbp
401857033,20260628,tiffany hayes,0.0,8.0,8.0,pbp
401857033,20260628,veronica burton,5.0,3.0,8.0,pbp
401857034,20260702,alicia florez,5.0,8.0,13.0,pbp
401857034,20260702,allisha gray,11.0,6.0,17.0,pbp
401857034,20260702,angel reese,8.0,5.0,13.0,pbp
401857034,20260702,angela dugalic,0.0,2.0,2.0,pbp
401857034,20260702,cassandre prosper,0.0,2.0,2.0,pbp
401857034,20260702,cotie mcmahon,0.0,7.0,7.0,pbp
401857034,20260702,georgia amoore,4.0,6.0,10.0,pbp
401857034,20260702,isobel borlase,0.0,3.0,3.0,pbp
401857034,20260702,jordin canada,6.0,4.0,10.0,pbp
401857034,20260702,kiki iriafen,1.0,13.0,14.0,pbp
401857034,20260702,lauren betts,4.0,0.0,4.0,pbp
401857034,20260702,lucy olsen,3.0,0.0,3.0,pbp
401857034,20260702,madina okot,4.0,0.0,4.0,pbp
401857034,20260702,michaela onyenwere,4.0,0.0,4.0,pbp
401857034,20260702,naz hillmon,0.0,5.0,5.0,pbp
401857034,20260702,rhyne howard,11.0,12.0,23.0,pbp
401857034,20260702,shakira austin,11.0,10.0,21.0,pbp
401857035,20260702,aaliyah edwards,2.0,9.0,11.0,pbp
401857035,20260702,alanna smith,3.0,8.0,11.0,pbp
401857035,20260702,aneesah morrow,3.0,0.0,3.0,pbp
401857035,20260702,arike ogunbowale,5.0,3.0,8.0,pbp
401857035,20260702,awak kuier,5.0,0.0,5.0,pbp
401857035,20260702,aziaha james,2.0,2.0,4.0,pbp
401857035,20260702,azzi fudd,0.0,4.0,4.0,pbp
401857035,20260702,brittney griner,4.0,9.0,13.0,pbp
401857035,20260702,charlisse leger-walker,9.0,5.0,14.0,pbp
401857035,20260702,diamond miller,0.0,3.0,3.0,pbp
401857035,20260702,jessica shepard,0.0,14.0,14.0,pbp
401857035,20260702,kennedy burke,7.0,1.0,8.0,pbp
401857035,20260702,leila lacan,12.0,6.0,18.0,pbp
401857035,20260702,li yueru,0.0,5.0,5.0,pbp
401857035,20260702,maddy siegrist,7.0,0.0,7.0,pbp
401857035,20260702,odyssey sims,0.0,2.0,2.0,pbp
401857035,20260702,olivia nelson-ododa,6.0,5.0,11.0,pbp
401857035,20260702,paige bueckers,12.0,13.0,25.0,pbp
401857035,20260702,saniya rivers,0.0,2.0,2.0,pbp
401857036,20260702,alyssa thomas,5.0,4.0,9.0,pbp
401857036,20260702,awa fam,4.0,9.0,13.0,pbp
401857036,20260702,dewanna bonner,4.0,2.0,6.0,pbp
401857036,20260702,dominique malonga,3.0,2.0,5.0,pbp
401857036,20260702,ezi magbegor,8.0,0.0,8.0,pbp
401857036,20260702,flau'jae johnson,2.0,8.0,10.0,pbp
401857036,20260702,jade melbourne,8.0,3.0,11.0,pbp
401857036,20260702,jordan horston,0.0,6.0,6.0,pbp
401857036,20260702,kahleah copper,23.0,7.0,30.0,pbp
401857036,20260702,lexi held,5.0,10.0,15.0,pbp
401857036,20260702,marta suarez,4.0,2.0,6.0,pbp
401857036,20260702,monique akoa makani,0.0,3.0,3.0,pbp
401857036,20260702,natisha hiedeman,11.0,2.0,13.0,pbp
401857036,20260702,quionche carter,1.0,0.0,1.0,pbp
401857036,20260702,valeriane ayayi,12.0,6.0,18.0,pbp
401857037,20260703,anastasiia olairi kosu,7.0,2.0,9.0,pbp
401857037,20260703,antonia delaere,3.0,3.0,6.0,pbp
401857037,20260703,breanna stewart,18.0,18.0,36.0,pbp
401857037,20260703,courtney williams,7.0,9.0,16.0,pbp
401857037,20260703,han xu,3.0,2.0,5.0,pbp
401857037,20260703,jonquel jones,11.0,3.0,14.0,pbp
401857037,20260703,kayla mcbride,8.0,10.0,18.0,pbp
401857037,20260703,leonie fiebich,6.0,7.0,13.0,pbp
401857037,20260703,liatu king,0.0,6.0,6.0,pbp
401857037,20260703,maya caldwell,0.0,3.0,3.0,pbp
401857037,20260703,natasha howard,5.0,2.0,7.0,pbp
401857037,20260703,nia coffey,7.0,0.0,7.0,pbp
401857037,20260703,olivia miles,12.0,2.0,14.0,pbp
401857037,20260703,pauline astier,10.0,4.0,14.0,pbp
401857037,20260703,sabrina ionescu,11.0,6.0,17.0,pbp
401857038,20260703,azura stevens,4.0,7.0,11.0,pbp
401857038,20260703,chelsea gray,4.0,14.0,18.0,pbp
401857038,20260703,chennedy carter,4.0,0.0,4.0,pbp
401857038,20260703,cheyenne parker-tyus,4.0,1.0,5.0,pbp
401857038,20260703,courtney vandersloot,6.0,5.0,11.0,pbp
401857038,20260703,elizabeth williams,4.0,1.0,5.0,pbp
401857038,20260703,gabriela jaquez,2.0,0.0,2.0,pbp
401857038,20260703,jackie young,6.0,10.0,16.0,pbp
401857038,20260703,jacy sheldon,5.0,0.0,5.0,pbp
401857038,20260703,jewell loyd,11.0,7.0,18.0,pbp
401857038,20260703,kamilla cardoso,4.0,12.0,16.0,pbp
401857038,20260703,kierstan bell,0.0,3.0,3.0,pbp
401857038,20260703,nalyssa smith,15.0,14.0,29.0,pbp
401857038,20260703,natasha cloud,3.0,12.0,15.0,pbp
401857038,20260703,skylar diggins,8.0,11.0,19.0,pbp
401857038,20260703,stephanie talbot,4.0,0.0,4.0,pbp
401857038,20260703,sydney taylor,1.0,4.0,5.0,pbp
401857039,20260704,allisha gray,8.0,14.0,22.0,pbp
401857039,20260704,angel reese,9.0,8.0,17.0,pbp
401857039,20260704,cecilia zandalasini,9.0,0.0,9.0,pbp
401857039,20260704,gabby williams,5.0,14.0,19.0,pbp
401857039,20260704,janelle salaun,11.0,3.0,14.0,pbp
401857039,20260704,jordin canada,5.0,2.0,7.0,pbp
401857039,20260704,kaila charles,0.0,7.0,7.0,pbp
401857039,20260704,kaitlyn chen,0.0,4.0,4.0,pbp
401857039,20260704,kayla thornton,0.0,2.0,2.0,pbp
401857039,20260704,kiah stokes,3.0,2.0,5.0,pbp
401857039,20260704,laeticia amihere,2.0,0.0,2.0,pbp
401857039,20260704,madina okot,4.0,7.0,11.0,pbp
401857039,20260704,naz hillmon,3.0,0.0,3.0,pbp
401857039,20260704,rhyne howard,5.0,14.0,19.0,pbp
401857039,20260704,sika kone,1.0,3.0,4.0,pbp
401857039,20260704,tiffany hayes,2.0,3.0,5.0,pbp
401857039,20260704,veronica burton,10.0,11.0,21.0,pbp
401857040,20260704,awa fam,6.0,6.0,12.0,pbp
401857040,20260704,bridget carleton,4.0,10.0,14.0,pbp
401857040,20260704,carla leite,6.0,14.0,20.0,pbp
401857040,20260704,dominique malonga,2.0,20.0,22.0,pbp
401857040,20260704,emily engstler,8.0,0.0,8.0,pbp
401857040,20260704,ezi magbegor,2.0,2.0,4.0,pbp
401857040,20260704,flau'jae johnson,1.0,0.0,1.0,pbp
401857040,20260704,frieda buhner,2.0,7.0,9.0,pbp
401857040,20260704,holly winterburn,2.0,2.0,4.0,pbp
401857040,20260704,jade melbourne,5.0,0.0,5.0,pbp
401857040,20260704,jordan horston,0.0,2.0,2.0,pbp
401857040,20260704,katie lou samuelson,2.0,3.0,5.0,pbp
401857040,20260704,megan gustafson,0.0,10.0,10.0,pbp
401857040,20260704,natisha hiedeman,12.0,2.0,14.0,pbp
401857040,20260704,nyadiew puoch,0.0,2.0,2.0,pbp
401857040,20260704,sarah ashlee barker,4.0,0.0,4.0,pbp
401857040,20260704,stefanie dolson,0.0,2.0,2.0,pbp
401857040,20260704,teja oblak,5.0,0.0,5.0,pbp
401857040,20260704,zia cooke,0.0,4.0,4.0,pbp
401857041,20260705,alanna smith,2.0,0.0,2.0,pbp
401857041,20260705,alysha clark,0.0,3.0,3.0,pbp
401857041,20260705,arike ogunbowale,5.0,5.0,10.0,pbp
401857041,20260705,awak kuier,3.0,7.0,10.0,pbp
401857041,20260705,aziaha james,3.0,0.0,3.0,pbp
401857041,20260705,azzi fudd,11.0,5.0,16.0,pbp
401857041,20260705,isabelle harrison,4.0,9.0,13.0,pbp
401857041,20260705,jessica shepard,8.0,6.0,14.0,pbp
401857041,20260705,kia nurse,5.0,6.0,11.0,pbp
401857041,20260705,laura juskaite,4.0,4.0,8.0,pbp
401857041,20260705,maddy siegrist,2.0,0.0,2.0,pbp
401857041,20260705,maria conde,3.0,0.0,3.0,pbp
401857041,20260705,marina mabrey,13.0,5.0,18.0,pbp
401857041,20260705,nyara sabally,7.0,6.0,13.0,pbp
401857041,20260705,odyssey sims,2.0,0.0,2.0,pbp
401857041,20260705,ornella bankole,0.0,2.0,2.0,pbp
401857041,20260705,paige bueckers,10.0,12.0,22.0,pbp
401857041,20260705,sug sutton,0.0,4.0,4.0,pbp
401857041,20260705,teonni key,0.0,2.0,2.0,pbp
401857041,20260705,tima pouye,3.0,0.0,3.0,pbp
401857042,20260705,aliyah boston,7.0,11.0,18.0,pbp
401857042,20260705,brianna turner,4.0,2.0,6.0,pbp
401857042,20260705,chelsea gray,4.0,6.0,10.0,pbp
401857042,20260705,cheyenne parker-tyus,5.0,4.0,9.0,pbp
401857042,20260705,jackie young,9.0,6.0,15.0,pbp
401857042,20260705,jewell loyd,12.0,0.0,12.0,pbp
401857042,20260705,kelsey mitchell,12.0,15.0,27.0,pbp
401857042,20260705,lexie hull,8.0,2.0,10.0,pbp
401857042,20260705,makayla timpson,2.0,0.0,2.0,pbp
401857042,20260705,monique billings,6.0,0.0,6.0,pbp
401857042,20260705,myisha hines-allen,0.0,2.0,2.0,pbp
401857042,20260705,nalyssa smith,4.0,5.0,9.0,pbp
401857042,20260705,raven johnson,2.0,4.0,6.0,pbp
401857042,20260705,sophie cunningham,3.0,6.0,9.0,pbp
401857042,20260705,stephanie talbot,3.0,4.0,7.0,pbp
401857042,20260705,tyasha harris,2.0,2.0,4.0,pbp
401857043,20260706,alicia florez,1.0,0.0,1.0,pbp
401857043,20260706,cecilia zandalasini,4.0,2.0,6.0,pbp
401857043,20260706,cotie mcmahon,5.0,3.0,8.0,pbp
401857043,20260706,gabby williams,0.0,2.0,2.0,pbp
401857043,20260706,georgia amoore,3.0,0.0,3.0,pbp
401857043,20260706,janelle salaun,4.0,3.0,7.0,pbp
401857043,20260706,kaila charles,6.0,2.0,8.0,pbp
401857043,20260706,kaitlyn chen,5.0,9.0,14.0,pbp
401857043,20260706,kayla thornton,2.0,0.0,2.0,pbp
401857043,20260706,kiah stokes,3.0,3.0,6.0,pbp
401857043,20260706,kiki iriafen,6.0,6.0,12.0,pbp
401857043,20260706,lauren betts,7.0,0.0,7.0,pbp
401857043,20260706,lucy olsen,5.0,0.0,5.0,pbp
401857043,20260706,michaela onyenwere,2.0,0.0,2.0,pbp
401857043,20260706,shakira austin,4.0,7.0,11.0,pbp
401857043,20260706,tiffany hayes,4.0,5.0,9.0,pbp
401857043,20260706,veronica burton,2.0,5.0,7.0,pbp
401857044,20260706,aaliyah edwards,5.0,0.0,5.0,pbp
401857044,20260706,anastasiia olairi kosu,3.0,0.0,3.0,pbp
401857044,20260706,antonia delaere,3.0,5.0,8.0,pbp
401857044,20260706,brittney griner,13.0,16.0,29.0,pbp
401857044,20260706,charlisse leger-walker,0.0,5.0,5.0,pbp
401857044,20260706,courtney williams,16.0,7.0,23.0,pbp
401857044,20260706,diamond miller,0.0,5.0,5.0,pbp
401857044,20260706,dorka juhasz,0.0,3.0,3.0,pbp
401857044,20260706,eliska hamzova,0.0,2.0,2.0,pbp
401857044,20260706,gianna kneepkens,2.0,0.0,2.0,pbp
401857044,20260706,kayla mcbride,14.0,11.0,25.0,pbp
401857044,20260706,kennedy burke,8.0,8.0,16.0,pbp
401857044,20260706,leila lacan,7.0,5.0,12.0,pbp
401857044,20260706,maya caldwell,2.0,0.0,2.0,pbp
401857044,20260706,natasha howard,2.0,16.0,18.0,pbp
401857044,20260706,nia coffey,2.0,0.0,2.0,pbp
401857044,20260706,olivia nelson-ododa,8.0,2.0,10.0,pbp
401857044,20260706,saniya rivers,4.0,0.0,4.0,pbp
401857045,20260706,ariel atkins,5.0,0.0,5.0,pbp
401857045,20260706,awa fam,7.0,0.0,7.0,pbp
401857045,20260706,chance gray,0.0,3.0,3.0,pbp
401857045,20260706,dearica hamby,14.0,3.0,17.0,pbp
401857045,20260706,dominique malonga,2.0,0.0,2.0,pbp
401857045,20260706,emma cannon,2.0,3.0,5.0,pbp
401857045,20260706,erica wheeler,3.0,0.0,3.0,pbp
401857045,20260706,flau'jae johnson,17.0,6.0,23.0,pbp
401857045,20260706,jade melbourne,5.0,5.0,10.0,pbp
401857045,20260706,jordan horston,2.0,4.0,6.0,pbp
401857045,20260706,kate martin,0.0,8.0,8.0,pbp
401857045,20260706,katie lou samuelson,6.0,3.0,9.0,pbp
401857045,20260706,kiana williams,2.0,2.0,4.0,pbp
401857045,20260706,natisha hiedeman,6.0,9.0,15.0,pbp
401857045,20260706,nneka ogwumike,8.0,6.0,14.0,pbp
401857045,20260706,rae burrell,3.0,2.0,5.0,pbp
401857045,20260706,stefanie dolson,2.0,0.0,2.0,pbp
401857045,20260706,zia cooke,0.0,7.0,7.0,pbp
401857046,20260707,alanna smith,6.0,2.0,8.0,pbp
401857046,20260707,arike ogunbowale,4.0,4.0,8.0,pbp
401857046,20260707,awak kuier,6.0,4.0,10.0,pbp
401857046,20260707,aziaha james,4.0,0.0,4.0,pbp
401857046,20260707,azzi fudd,6.0,6.0,12.0,pbp
401857046,20260707,breanna stewart,10.0,19.0,29.0,pbp
401857046,20260707,han xu,2.0,0.0,2.0,pbp
401857046,20260707,jessica shepard,12.0,10.0,22.0,pbp
401857046,20260707,jonquel jones,8.0,8.0,16.0,pbp
401857046,20260707,marine johannes,5.0,2.0,7.0,pbp
401857046,20260707,odyssey sims,4.0,4.0,8.0,pbp
401857046,20260707,paige bueckers,4.0,11.0,15.0,pbp
401857046,20260707,pauline astier,4.0,0.0,4.0,pbp
401857046,20260707,rebekah gardner,2.0,2.0,4.0,pbp
401857046,20260707,sabrina ionescu,0.0,12.0,12.0,pbp
401857047,20260707,aicha coulibaly,6.0,2.0,8.0,pbp
401857047,20260707,alyssa thomas,3.0,8.0,11.0,pbp
401857047,20260707,azura stevens,7.0,2.0,9.0,pbp
401857047,20260707,courtney vandersloot,1.0,6.0,7.0,pbp
401857047,20260707,dewanna bonner,4.0,7.0,11.0,pbp
401857047,20260707,elizabeth williams,2.0,2.0,4.0,pbp
401857047,20260707,gabriela jaquez,0.0,3.0,3.0,pbp
401857047,20260707,jacy sheldon,0.0,3.0,3.0,pbp
401857047,20260707,kahleah copper,11.0,14.0,25.0,pbp
401857047,20260707,kamilla cardoso,6.0,3.0,9.0,pbp
401857047,20260707,monique akoa makani,5.0,4.0,9.0,pbp
401857047,20260707,natasha cloud,6.0,5.0,11.0,pbp
401857047,20260707,rachel banham,3.0,4.0,7.0,pbp
401857047,20260707,sydney taylor,6.0,10.0,16.0,pbp
401857047,20260707,valeriane ayayi,7.0,2.0,9.0,pbp
401857048,20260708,cecilia zandalasini,3.0,0.0,3.0,pbp
401857048,20260708,gabby williams,5.0,2.0,7.0,pbp
401857048,20260708,isabelle harrison,10.0,14.0,24.0,pbp
401857048,20260708,janelle salaun,5.0,21.0,26.0,pbp
401857048,20260708,julie allemand,5.0,4.0,9.0,pbp
401857048,20260708,kaila charles,1.0,4.0,5.0,pbp
401857048,20260708,kaitlyn chen,8.0,8.0,16.0,pbp
401857048,20260708,kayla thornton,9.0,6.0,15.0,pbp
401857048,20260708,kia nurse,3.0,5.0,8.0,pbp
401857048,20260708,laeticia amihere,3.0,0.0,3.0,pbp
401857048,20260708,laura juskaite,0.0,5.0,5.0,pbp
401857048,20260708,maria conde,4.0,5.0,9.0,pbp
401857048,20260708,marina mabrey,5.0,6.0,11.0,pbp
401857048,20260708,nyara sabally,2.0,0.0,2.0,pbp
401857048,20260708,teonni key,0.0,5.0,5.0,pbp
401857048,20260708,tiffany hayes,2.0,0.0,2.0,pbp
401857048,20260708,tima pouye,2.0,0.0,2.0,pbp
401857048,20260708,veronica burton,5.0,1.0,6.0,pbp
401857049,20260708,aaliyah edwards,0.0,2.0,2.0,pbp
401857049,20260708,anastasiia olairi kosu,1.0,4.0,5.0,pbp
401857049,20260708,antonia delaere,2.0,8.0,10.0,pbp
401857049,20260708,charlisse leger-walker,4.0,3.0,7.0,pbp
401857049,20260708,courtney williams,8.0,4.0,12.0,pbp
401857049,20260708,diamond miller,5.0,8.0,13.0,pbp
401857049,20260708,dorka juhasz,3.0,9.0,12.0,pbp
401857049,20260708,eliska hamzova,2.0,3.0,5.0,pbp
401857049,20260708,gianna kneepkens,3.0,3.0,6.0,pbp
401857049,20260708,kayla mcbride,13.0,10.0,23.0,pbp
401857049,20260708,kennedy burke,3.0,0.0,3.0,pbp
401857049,20260708,leila lacan,12.0,3.0,15.0,pbp
401857049,20260708,maya caldwell,3.0,3.0,6.0,pbp
401857049,20260708,natasha howard,9.0,3.0,12.0,pbp
401857049,20260708,nell angloma,4.0,6.0,10.0,pbp
401857049,20260708,nia coffey,0.0,1.0,1.0,pbp
401857049,20260708,olivia nelson-ododa,6.0,8.0,14.0,pbp
401857049,20260708,raegan beers,3.0,2.0,5.0,pbp
401857049,20260708,saniya rivers,5.0,0.0,5.0,pbp
401857050,20260708,alissa pili,2.0,2.0,4.0,pbp
401857050,20260708,ariel atkins,3.0,9.0,12.0,pbp
401857050,20260708,caitlin clark,4.0,5.0,9.0,pbp
401857050,20260708,damiris dantas,0.0,12.0,12.0,pbp
401857050,20260708,dearica hamby,13.0,8.0,21.0,pbp
401857050,20260708,emma cannon,3.0,0.0,3.0,pbp
401857050,20260708,erica wheeler,2.0,9.0,11.0,pbp
401857050,20260708,jihyun park,3.0,0.0,3.0,pbp
401857050,20260708,kelsey mitchell,13.0,16.0,29.0,pbp
401857050,20260708,kiana williams,2.0,2.0,4.0,pbp
401857050,20260708,lexie hull,8.0,6.0,14.0,pbp
401857050,20260708,makayla timpson,3.0,6.0,9.0,pbp
401857050,20260708,monique billings,4.0,0.0,4.0,pbp
401857050,20260708,nneka ogwumike,9.0,14.0,23.0,pbp
401857050,20260708,rae burrell,10.0,12.0,22.0,pbp
401857050,20260708,raven johnson,0.0,3.0,3.0,pbp
401857050,20260708,sophie cunningham,2.0,0.0,2.0,pbp
401857050,20260708,tyasha harris,7.0,3.0,10.0,pbp
401857051,20260709,allisha gray,14.0,8.0,22.0,pbp
401857051,20260709,angel reese,10.0,8.0,18.0,pbp
401857051,20260709,awa fam,4.0,0.0,4.0,pbp
401857051,20260709,dominique malonga,10.0,5.0,15.0,pbp
401857051,20260709,ezi magbegor,2.0,0.0,2.0,pbp
401857051,20260709,flau'jae johnson,2.0,12.0,14.0,pbp
401857051,20260709,isobel borlase,2.0,2.0,4.0,pbp
401857051,20260709,jade melbourne,1.0,4.0,5.0,pbp
401857051,20260709,jordan horston,2.0,4.0,6.0,pbp
401857051,20260709,jordin canada,7.0,7.0,14.0,pbp
401857051,20260709,katie lou samuelson,3.0,0.0,3.0,pbp
401857051,20260709,madina okot,5.0,0.0,5.0,pbp
401857051,20260709,natisha hiedeman,8.0,12.0,20.0,pbp
401857051,20260709,naz hillmon,5.0,2.0,7.0,pbp
401857051,20260709,rhyne howard,11.0,7.0,18.0,pbp
401857051,20260709,stefanie dolson,2.0,2.0,4.0,pbp
401857051,20260709,zia cooke,4.0,1.0,5.0,pbp
401857052,20260709,aliyah boston,10.0,11.0,21.0,pbp
401857052,20260709,alyssa thomas,8.0,14.0,22.0,pbp
401857052,20260709,dewanna bonner,4.0,5.0,9.0,pbp
401857052,20260709,kahleah copper,12.0,10.0,22.0,pbp
401857052,20260709,kelsey mitchell,15.0,14.0,29.0,pbp
401857052,20260709,lexie hull,8.0,2.0,10.0,pbp
401857052,20260709,marta suarez,5.0,5.0,10.0,pbp
401857052,20260709,monique akoa makani,14.0,0.0,14.0,pbp
401857052,20260709,monique billings,2.0,0.0,2.0,pbp
401857052,20260709,raven johnson,4.0,2.0,6.0,pbp
401857052,20260709,sami whitcomb,0.0,2.0,2.0,pbp
401857052,20260709,sophie cunningham,2.0,6.0,8.0,pbp
401857052,20260709,tyasha harris,6.0,9.0,15.0,pbp
401857052,20260709,valeriane ayayi,10.0,0.0,10.0,pbp
401857053,20260709,a'ja wilson,20.0,12.0,32.0,pbp
401857053,20260709,brianna turner,0.0,2.0,2.0,pbp
401857053,20260709,bridget carleton,2.0,6.0,8.0,pbp
401857053,20260709,carla leite,8.0,5.0,13.0,pbp
401857053,20260709,chelsea gray,5.0,3.0,8.0,pbp
401857053,20260709,emily engstler,2.0,8.0,10.0,pbp
401857053,20260709,frieda buhner,0.0,6.0,6.0,pbp
401857053,20260709,holly winterburn,0.0,3.0,3.0,pbp
401857053,20260709,jackie young,6.0,12.0,18.0,pbp
401857053,20260709,jewell loyd,6.0,0.0,6.0,pbp
401857053,20260709,kierstan bell,0.0,5.0,5.0,pbp
401857053,20260709,luisa geiselsoder,0.0,3.0,3.0,pbp
401857053,20260709,megan gustafson,11.0,0.0,11.0,pbp
401857053,20260709,nalyssa smith,8.0,8.0,16.0,pbp
401857053,20260709,nyadiew puoch,0.0,4.0,4.0,pbp
401857053,20260709,sarah ashlee barker,2.0,5.0,7.0,pbp
401857053,20260709,serah williams,2.0,0.0,2.0,pbp
401857053,20260709,teja oblak,5.0,6.0,11.0,pbp
401857054,20260710,aaliyah edwards,6.0,5.0,11.0,pbp
401857054,20260710,cecilia zandalasini,4.0,0.0,4.0,pbp
401857054,20260710,charlisse leger-walker,7.0,3.0,10.0,pbp
401857054,20260710,diamond miller,4.0,10.0,14.0,pbp
401857054,20260710,janelle salaun,8.0,8.0,16.0,pbp
401857054,20260710,kaila charles,6.0,3.0,9.0,pbp
401857054,20260710,kaitlyn chen,2.0,6.0,8.0,pbp
401857054,20260710,kayla thornton,0.0,2.0,2.0,pbp
401857054,20260710,kiah stokes,0.0,5.0,5.0,pbp
401857054,20260710,laeticia amihere,4.0,2.0,6.0,pbp
401857054,20260710,leila lacan,0.0,8.0,8.0,pbp
401857054,20260710,nadia fingall,0.0,3.0,3.0,pbp
401857054,20260710,nell angloma,2.0,4.0,6.0,pbp
401857054,20260710,olivia nelson-ododa,6.0,6.0,12.0,pbp
401857054,20260710,raegan beers,0.0,3.0,3.0,pbp
401857054,20260710,tiffany hayes,3.0,6.0,9.0,pbp
401857054,20260710,veronica burton,3.0,14.0,17.0,pbp
401857055,20260710,alysha clark,0.0,9.0,9.0,pbp
401857055,20260710,arike ogunbowale,8.0,12.0,20.0,pbp
401857055,20260710,awak kuier,3.0,0.0,3.0,pbp
401857055,20260710,azzi fudd,7.0,5.0,12.0,pbp
401857055,20260710,isabelle harrison,11.0,7.0,18.0,pbp
401857055,20260710,jessica shepard,15.0,5.0,20.0,pbp
401857055,20260710,julie allemand,0.0,2.0,2.0,pbp
401857055,20260710,kayla alexander,0.0,1.0,1.0,pbp
401857055,20260710,laura juskaite,17.0,8.0,25.0,pbp
401857055,20260710,maria conde,6.0,5.0,11.0,pbp
401857055,20260710,marina mabrey,18.0,15.0,33.0,pbp
401857055,20260710,odyssey sims,3.0,5.0,8.0,pbp
401857055,20260710,paige bueckers,16.0,18.0,34.0,pbp
401857055,20260710,tima pouye,2.0,0.0,2.0,pbp
401857056,20260710,aicha coulibaly,5.0,2.0,7.0,pbp
401857056,20260710,ariel atkins,11.0,6.0,17.0,pbp
401857056,20260710,azura stevens,0.0,10.0,10.0,pbp
401857056,20260710,courtney vandersloot,6.0,0.0,6.0,pbp
401857056,20260710,dearica hamby,8.0,8.0,16.0,pbp
401857056,20260710,emma cannon,0.0,9.0,9.0,pbp
401857056,20260710,erica wheeler,15.0,0.0,15.0,pbp
401857056,20260710,gabriela jaquez,9.0,6.0,15.0,pbp
401857056,20260710,jacy sheldon,10.0,0.0,10.0,pbp
401857056,20260710,kamilla cardoso,8.0,7.0,15.0,pbp
401857056,20260710,kate martin,2.0,0.0,2.0,pbp
401857056,20260710,natasha cloud,4.0,5.0,9.0,pbp
401857056,20260710,nneka ogwumike,10.0,15.0,25.0,pbp
401857056,20260710,rae burrell,6.0,10.0,16.0,pbp
401857056,20260710,sydney taylor,6.0,9.0,15.0,pbp
401857057,20260711,antonia delaere,6.0,0.0,6.0,pbp
401857057,20260711,breanna stewart,9.0,7.0,16.0,pbp
401857057,20260711,courtney williams,7.0,5.0,12.0,pbp
401857057,20260711,han xu,5.0,3.0,8.0,pbp
401857057,20260711,jonquel jones,7.0,8.0,15.0,pbp
401857057,20260711,kayla mcbride,3.0,22.0,25.0,pbp
401857057,20260711,marine johannes,2.0,12.0,14.0,pbp
401857057,20260711,maya caldwell,5.0,0.0,5.0,pbp
401857057,20260711,natasha howard,7.0,9.0,16.0,pbp
401857057,20260711,nia coffey,3.0,0.0,3.0,pbp
401857057,20260711,olivia miles,11.0,12.0,23.0,pbp
401857057,20260711,pauline astier,4.0,0.0,4.0,pbp
401857057,20260711,raquel carrera,0.0,2.0,2.0,pbp
401857057,20260711,sabrina ionescu,4.0,21.0,25.0,pbp
401857058,20260711,a'ja wilson,16.0,5.0,21.0,pbp
401857058,20260711,alyssa thomas,1.0,6.0,7.0,pbp
401857058,20260711,chelsea gray,10.0,4.0,14.0,pbp
401857058,20260711,cheyenne parker-tyus,11.0,4.0,15.0,pbp
401857058,20260711,dewanna bonner,2.0,0.0,2.0,pbp
401857058,20260711,jackie young,6.0,2.0,8.0,pbp
401857058,20260711,jewell loyd,7.0,2.0,9.0,pbp
401857058,20260711,justine pissott,0.0,19.0,19.0,pbp
401857058,20260711,kahleah copper,4.0,5.0,9.0,pbp
401857058,20260711,kierstan bell,0.0,3.0,3.0,pbp
401857058,20260711,lexi held,2.0,9.0,11.0,pbp
401857058,20260711,marta suarez,0.0,5.0,5.0,pbp
401857058,20260711,monique akoa makani,7.0,5.0,12.0,pbp
401857058,20260711,nalyssa smith,6.0,8.0,14.0,pbp
401857058,20260711,noemie brochant,6.0,0.0,6.0,pbp
401857058,20260711,stephanie talbot,0.0,2.0,2.0,pbp
401857058,20260711,valeriane ayayi,0.0,5.0,5.0,pbp
401857059,20260711,allisha gray,11.0,9.0,20.0,pbp
401857059,20260711,bridget carleton,12.0,0.0,12.0,pbp
401857059,20260711,carla leite,4.0,9.0,13.0,pbp
401857059,20260711,emily engstler,5.0,9.0,14.0,pbp
401857059,20260711,frieda buhner,8.0,3.0,11.0,pbp
401857059,20260711,holly winterburn,0.0,1.0,1.0,pbp
401857059,20260711,isobel borlase,2.0,2.0,4.0,pbp
401857059,20260711,jordin canada,9.0,1.0,10.0,pbp
401857059,20260711,madina okot,10.0,9.0,19.0,pbp
401857059,20260711,megan gustafson,10.0,7.0,17.0,pbp
401857059,20260711,naz hillmon,5.0,10.0,15.0,pbp
401857059,20260711,nyadiew puoch,4.0,5.0,9.0,pbp
401857059,20260711,rhyne howard,0.0,9.0,9.0,pbp
401857059,20260711,serah williams,5.0,10.0,15.0,pbp
401857059,20260711,sika kone,7.0,4.0,11.0,pbp
401857059,20260711,te-hina paopao,0.0,3.0,3.0,pbp
401857059,20260711,teja oblak,3.0,7.0,10.0,pbp
401857060,20260712,betnijah laney-hamilton,4.0,2.0,6.0,pbp
401857060,20260712,breanna stewart,4.0,18.0,22.0,pbp
401857060,20260712,han xu,2.0,2.0,4.0,pbp
401857060,20260712,isabelle harrison,3.0,6.0,9.0,pbp
401857060,20260712,jonquel jones,7.0,3.0,10.0,pbp
401857060,20260712,julie allemand,2.0,2.0,4.0,pbp
401857060,20260712,kia nurse,2.0,0.0,2.0,pbp
401857060,20260712,laura juskaite,11.0,6.0,17.0,pbp
401857060,20260712,maria conde,10.0,4.0,14.0,pbp
401857060,20260712,marina mabrey,10.0,18.0,28.0,pbp
401857060,20260712,marine johannes,7.0,0.0,7.0,pbp
401857060,20260712,nyara sabally,6.0,7.0,13.0,pbp
401857060,20260712,pauline astier,2.0,12.0,14.0,pbp
401857060,20260712,sabrina ionescu,13.0,15.0,28.0,pbp
401857060,20260712,tima pouye,2.0,0.0,2.0,pbp
401857061,20260712,alicia florez,2.0,2.0,4.0,pbp
401857061,20260712,awa fam,0.0,5.0,5.0,pbp
401857061,20260712,cassandre prosper,3.0,0.0,3.0,pbp
401857061,20260712,cotie mcmahon,2.0,2.0,4.0,pbp
401857061,20260712,dominique malonga,4.0,6.0,10.0,pbp
401857061,20260712,flau'jae johnson,8.0,1.0,9.0,pbp
401857061,20260712,georgia amoore,0.0,4.0,4.0,pbp
401857061,20260712,jade melbourne,7.0,2.0,9.0,pbp
401857061,20260712,jordan horston,0.0,4.0,4.0,pbp
401857061,20260712,katie lou samuelson,3.0,0.0,3.0,pbp
401857061,20260712,kiki iriafen,7.0,5.0,12.0,pbp
401857061,20260712,lauren betts,4.0,7.0,11.0,pbp
401857061,20260712,mackenzie holmes,2.0,0.0,2.0,pbp
401857061,20260712,natisha hiedeman,17.0,13.0,30.0,pbp
401857061,20260712,shakira austin,12.0,15.0,27.0,pbp
401857061,20260712,sonia citron,10.0,9.0,19.0,pbp
401857061,20260712,stefanie dolson,3.0,0.0,3.0,pbp
401857061,20260712,zia cooke,0.0,3.0,3.0,pbp
401857062,20260712,alanna smith,2.0,0.0,2.0,pbp
401857062,20260712,alysha clark,0.0,2.0,2.0,pbp
401857062,20260712,arike ogunbowale,8.0,8.0,16.0,pbp
401857062,20260712,azura stevens,4.0,13.0,17.0,pbp
401857062,20260712,azzi fudd,5.0,10.0,15.0,pbp
401857062,20260712,courtney vandersloot,4.0,5.0,9.0,pbp
401857062,20260712,elizabeth williams,2.0,4.0,6.0,pbp
401857062,20260712,gabriela jaquez,4.0,4.0,8.0,pbp
401857062,20260712,jessica shepard,4.0,15.0,19.0,pbp
401857062,20260712,kamilla cardoso,8.0,4.0,12.0,pbp
401857062,20260712,li yueru,10.0,0.0,10.0,pbp
401857062,20260712,maddy siegrist,0.0,5.0,5.0,pbp
401857062,20260712,natasha cloud,7.0,8.0,15.0,pbp
401857062,20260712,odyssey sims,3.0,0.0,3.0,pbp
401857062,20260712,paige bueckers,12.0,10.0,22.0,pbp
401857062,20260712,rachel banham,3.0,0.0,3.0,pbp
401857062,20260712,sydney taylor,7.0,13.0,20.0,pbp
401857063,20260712,a'ja wilson,12.0,8.0,20.0,pbp
401857063,20260712,aliyah boston,15.0,4.0,19.0,pbp
401857063,20260712,brianna turner,4.0,0.0,4.0,pbp
401857063,20260712,caitlin clark,5.0,7.0,12.0,pbp
401857063,20260712,chelsea gray,9.0,0.0,9.0,pbp
401857063,20260712,dana evans,0.0,8.0,8.0,pbp
401857063,20260712,jackie young,8.0,6.0,14.0,pbp
401857063,20260712,jewell loyd,8.0,0.0,8.0,pbp
401857063,20260712,justine pissott,0.0,2.0,2.0,pbp
401857063,20260712,kelsey mitchell,20.0,7.0,27.0,pbp
401857063,20260712,makayla timpson,4.0,2.0,6.0,pbp
401857063,20260712,monique billings,7.0,3.0,10.0,pbp
401857063,20260712,nalyssa smith,7.0,2.0,9.0,pbp
401857063,20260712,raven johnson,0.0,5.0,5.0,pbp
401857063,20260712,sophie cunningham,5.0,15.0,20.0,pbp
401857063,20260712,tyasha harris,3.0,7.0,10.0,pbp
401857064,20260713,allisha gray,11.0,9.0,20.0,pbp
401857064,20260713,angel reese,12.0,11.0,23.0,pbp
401857064,20260713,ariel atkins,4.0,9.0,13.0,pbp
401857064,20260713,dearica hamby,4.0,8.0,12.0,pbp
401857064,20260713,emma cannon,3.0,2.0,5.0,pbp
401857064,20260713,erica wheeler,13.0,7.0,20.0,pbp
401857064,20260713,isobel borlase,10.0,0.0,10.0,pbp
401857064,20260713,jordin canada,6.0,10.0,16.0,pbp
401857064,20260713,kiana williams,3.0,2.0,5.0,pbp
401857064,20260713,madina okot,7.0,2.0,9.0,pbp
401857064,20260713,naz hillmon,8.0,2.0,10.0,pbp
401857064,20260713,nneka ogwumike,11.0,8.0,19.0,pbp
401857064,20260713,rae burrell,10.0,8.0,18.0,pbp
401857064,20260713,rhyne howard,4.0,5.0,9.0,pbp
401857064,20260713,te-hina paopao,0.0,2.0,2.0,pbp
401857065,20260713,alyssa thomas,8.0,11.0,19.0,pbp
401857065,20260713,courtney williams,6.0,2.0,8.0,pbp
401857065,20260713,dewanna bonner,10.0,7.0,17.0,pbp
401857065,20260713,eliska hamzova,0.0,8.0,8.0,pbp
401857065,20260713,kahleah copper,14.0,12.0,26.0,pbp
401857065,20260713,kayla mcbride,16.0,21.0,37.0,pbp
401857065,20260713,lexi held,2.0,2.0,4.0,pbp
401857065,20260713,marta suarez,2.0,0.0,2.0,pbp
401857065,20260713,monique akoa makani,6.0,11.0,17.0,pbp
401857065,20260713,natasha howard,9.0,4.0,13.0,pbp
401857065,20260713,nia coffey,5.0,0.0,5.0,pbp
401857065,20260713,noemie brochant,2.0,0.0,2.0,pbp
401857065,20260713,olivia miles,14.0,19.0,33.0,pbp
401857065,20260713,sami whitcomb,3.0,6.0,9.0,pbp
401857065,20260713,valeriane ayayi,2.0,2.0,4.0,pbp
401857066,20260714,aaliyah edwards,15.0,6.0,21.0,pbp
401857066,20260714,bridget carleton,8.0,4.0,12.0,pbp
401857066,20260714,brittney griner,6.0,14.0,20.0,pbp
401857066,20260714,carla leite,5.0,13.0,18.0,pbp
401857066,20260714,charlisse leger-walker,2.0,2.0,4.0,pbp
401857066,20260714,diamond miller,3.0,5.0,8.0,pbp
401857066,20260714,emily engstler,7.0,7.0,14.0,pbp
401857066,20260714,frieda buhner,3.0,4.0,7.0,pbp
401857066,20260714,karlie samuelson,2.0,6.0,8.0,pbp
401857066,20260714,kennedy burke,0.0,2.0,2.0,pbp
401857066,20260714,leila lacan,10.0,4.0,14.0,pbp
401857066,20260714,megan gustafson,4.0,11.0,15.0,pbp
401857066,20260714,nell angloma,4.0,0.0,4.0,pbp
401857066,20260714,olivia nelson-ododa,10.0,6.0,16.0,pbp
401857066,20260714,raegan beers,0.0,1.0,1.0,pbp
401857066,20260714,sarah ashlee barker,7.0,2.0,9.0,pbp
401857066,20260714,serah williams,2.0,0.0,2.0,pbp
401857066,20260714,teja oblak,2.0,0.0,2.0,pbp
401857067,20260714,cotie mcmahon,2.0,0.0,2.0,pbp
401857067,20260714,georgia amoore,0.0,7.0,7.0,pbp
401857067,20260714,isabelle harrison,4.0,4.0,8.0,pbp
401857067,20260714,julie allemand,9.0,6.0,15.0,pbp
401857067,20260714,kayla alexander,2.0,0.0,2.0,pbp
401857067,20260714,kia nurse,0.0,2.0,2.0,pbp
401857067,20260714,kiki iriafen,12.0,13.0,25.0,pbp
401857067,20260714,laura juskaite,6.0,1.0,7.0,pbp
401857067,20260714,lauren betts,0.0,6.0,6.0,pbp
401857067,20260714,lucy olsen,5.0,0.0,5.0,pbp
401857067,20260714,maria conde,2.0,0.0,2.0,pbp
401857067,20260714,marina mabrey,5.0,3.0,8.0,pbp
401857067,20260714,michaela onyenwere,3.0,12.0,15.0,pbp
401857067,20260714,nyara sabally,4.0,9.0,13.0,pbp
401857067,20260714,shakira austin,4.0,13.0,17.0,pbp
401857067,20260714,sonia citron,0.0,2.0,2.0,pbp
401857067,20260714,tima pouye,0.0,5.0,5.0,pbp
401857068,20260715,awa fam,9.0,5.0,14.0,pbp
401857068,20260715,azura stevens,18.0,2.0,20.0,pbp
401857068,20260715,chloe bibby,6.0,8.0,14.0,pbp
401857068,20260715,courtney vandersloot,1.0,7.0,8.0,pbp
401857068,20260715,dominique malonga,5.0,11.0,16.0,pbp
401857068,20260715,elizabeth williams,1.0,4.0,5.0,pbp
401857068,20260715,flau'jae johnson,16.0,9.0,25.0,pbp
401857068,20260715,gabriela jaquez,6.0,4.0,10.0,pbp
401857068,20260715,jacy sheldon,2.0,0.0,2.0,pbp
401857068,20260715,jade melbourne,0.0,11.0,11.0,pbp
401857068,20260715,jordan horston,1.0,0.0,1.0,pbp
401857068,20260715,katie lou samuelson,9.0,2.0,11.0,pbp
401857068,20260715,natasha cloud,5.0,8.0,13.0,pbp
401857068,20260715,natisha hiedeman,2.0,4.0,6.0,pbp
401857068,20260715,rachel banham,2.0,3.0,5.0,pbp
401857068,20260715,sydney taylor,14.0,3.0,17.0,pbp
401857068,20260715,zia cooke,2.0,4.0,6.0,pbp
401857321,20260630,breanna stewart,10.0,15.0,25.0,pbp
401857321,20260630,chelsea gray,4.0,3.0,7.0,pbp
401857321,20260630,chennedy carter,12.0,6.0,18.0,pbp
401857321,20260630,cheyenne parker-tyus,5.0,3.0,8.0,pbp
401857321,20260630,jackie young,6.0,25.0,31.0,pbp
401857321,20260630,jewell loyd,2.0,3.0,5.0,pbp
401857321,20260630,jonquel jones,6.0,3.0,9.0,pbp
401857321,20260630,kierstan bell,2.0,5.0,7.0,pbp
401857321,20260630,leonie fiebich,0.0,2.0,2.0,pbp
401857321,20260630,marine johannes,5.0,2.0,7.0,pbp
401857321,20260630,nalyssa smith,6.0,3.0,9.0,pbp
401857321,20260630,pauline astier,6.0,9.0,15.0,pbp
401857321,20260630,raquel carrera,2.0,0.0,2.0,pbp
401857321,20260630,rebekah gardner,5.0,2.0,7.0,pbp
401857321,20260630,sabrina ionescu,16.0,9.0,25.0,pbp
401866519,,aneesah morrow,6.0,2.0,8.0,pbp
401866519,,anneli maley,8.0,5.0,13.0,pbp
401866519,,breanna stewart,4.0,0.0,4.0,pbp
401866519,,brittney griner,14.0,2.0,16.0,pbp
401866519,,derin erdogan,0.0,7.0,7.0,pbp
401866519,,diamond miller,2.0,4.0,6.0,pbp
401866519,,gianna kneepkens,2.0,3.0,5.0,pbp
401866519,,han xu,2.0,2.0,4.0,pbp
401866519,,harmoni turner,0.0,7.0,7.0,pbp
401866519,,jonquel jones,7.0,8.0,15.0,pbp
401866519,,kennedy burke,2.0,0.0,2.0,pbp
401866519,,madison hayes,0.0,2.0,2.0,pbp
401866519,,marine johannes,3.0,9.0,12.0,pbp
401866519,,olivia nelson-ododa,4.0,5.0,9.0,pbp
401866519,,pauline astier,10.0,2.0,12.0,pbp
401866519,,raegan beers,3.0,2.0,5.0,pbp
401866519,,rebekah gardner,4.0,2.0,6.0,pbp
401866519,,sabrina ionescu,4.0,2.0,6.0,pbp
401866519,,saniya rivers,6.0,0.0,6.0,pbp
401866520,,a'ja wilson,11.0,7.0,18.0,pbp
401866520,,alanna smith,9.0,2.0,11.0,pbp
401866520,,alysha clark,0.0,6.0,6.0,pbp
401866520,,amy okonkwo,0.0,8.0,8.0,pbp
401866520,,aziaha james,9.0,8.0,17.0,pbp
401866520,,azzi fudd,7.0,5.0,12.0,pbp
401866520,,chelsea gray,7.0,3.0,10.0,pbp
401866520,,chennedy carter,2.0,3.0,5.0,pbp
401866520,,cheyenne parker-tyus,0.0,4.0,4.0,pbp
401866520,,grace berger,0.0,2.0,2.0,pbp
401866520,,jackie young,11.0,5.0,16.0,pbp
401866520,,jessica shepard,4.0,2.0,6.0,pbp
401866520,,jewell loyd,0.0,9.0,9.0,pbp
401866520,,jj quinerly,0.0,7.0,7.0,pbp
401866520,,kierstan bell,2.0,2.0,4.0,pbp
401866520,,maddy siegrist,12.0,2.0,14.0,pbp
401866520,,nalyssa smith,5.0,4.0,9.0,pbp
401866520,,odyssey sims,5.0,0.0,5.0,pbp
401866520,,paige bueckers,7.0,4.0,11.0,pbp
401866520,,stephanie talbot,2.0,5.0,7.0,pbp
401866521,,ariel atkins,4.0,0.0,4.0,pbp
401866521,,bridget carleton,4.0,5.0,9.0,pbp
401866521,,carla leite,6.0,5.0,11.0,pbp
401866521,,chance gray,2.0,4.0,6.0,pbp
401866521,,dearica hamby,11.0,2.0,13.0,pbp
401866521,,emma cannon,0.0,3.0,3.0,pbp
401866521,,erica wheeler,3.0,3.0,6.0,pbp
401866521,,frieda bühner,0.0,5.0,5.0,pbp
401866521,,haley jones,2.0,6.0,8.0,pbp
401866521,,jihyun park,0.0,2.0,2.0,pbp
401866521,,jordan harrison,4.0,5.0,9.0,pbp
401866521,,kelsey plum,13.0,0.0,13.0,pbp
401866521,,luisa geiselsoder,5.0,2.0,7.0,pbp
401866521,,maya caldwell,0.0,2.0,2.0,pbp
401866521,,nneka ogwumike,11.0,6.0,17.0,pbp
401866521,,nyadiew puoch,8.0,4.0,12.0,pbp
401866521,,rae burrell,2.0,2.0,4.0,pbp
401866521,,sania feagin,0.0,8.0,8.0,pbp
401866521,,serah williams,3.0,9.0,12.0,pbp
401866521,,sevgi uzun,0.0,2.0,2.0,pbp
401866521,,ta'niya latson,2.0,5.0,7.0,pbp
401867793,,aaliyah nye,5.0,0.0,5.0,pbp
401867793,,anastasiia olairi kosu,6.0,4.0,10.0,pbp
401867793,,antonia delaere,2.0,0.0,2.0,pbp
401867793,,brittney sykes,4.0,4.0,8.0,pbp
401867793,,eliska hamzova,2.0,5.0,7.0,pbp
401867793,,elizabeth balogun,7.0,5.0,12.0,pbp
401867793,,emma cechova,4.0,12.0,16.0,pbp
401867793,,julie allemand,5.0,0.0,5.0,pbp
401867793,,kayla mcbride,11.0,2.0,13.0,pbp
401867793,,kia nurse,0.0,7.0,7.0,pbp
401867793,,kiki rice,7.0,3.0,10.0,pbp
401867793,,laura juskaite,4.0,2.0,6.0,pbp
401867793,,lexi held,3.0,2.0,5.0,pbp
401867793,,liatu king,1.0,2.0,3.0,pbp
401867793,,nia coffey,4.0,5.0,9.0,pbp
401867793,,olivia miles,6.0,7.0,13.0,pbp
401867793,,temi fagbenle,2.0,2.0,4.0,pbp
401867793,,teonni key,0.0,4.0,4.0,pbp
401867794,,aliyah boston,4.0,0.0,4.0,pbp
401867794,,blessing ejiofor,4.0,4.0,8.0,pbp
401867794,,caitlin clark,12.0,0.0,12.0,pbp
401867794,,damiris dantas,5.0,11.0,16.0,pbp
401867794,,ezinne kalu,5.0,3.0,8.0,pbp
401867794,,jemi klaku,0.0,2.0,2.0,pbp
401867794,,jessica timmons,0.0,3.0,3.0,pbp
401867794,,kayana traylor,0.0,5.0,5.0,pbp
401867794,,kelsey mitchell,15.0,0.0,15.0,pbp
401867794,,makayla timpson,10.0,2.0,12.0,pbp
401867794,,monique billings,7.0,0.0,7.0,pbp
401867794,,myisha hines-allen,0.0,5.0,5.0,pbp
401867794,,nicole enabosi,3.0,0.0,3.0,pbp
401867794,,pallas kunaiyi,3.0,3.0,6.0,pbp
401867794,,promise amukamara,0.0,2.0,2.0,pbp
401867794,,raven johnson,7.0,2.0,9.0,pbp
401867794,,shatori walker-kimbrough,0.0,5.0,5.0,pbp
401867794,,shay ijiwoye,6.0,4.0,10.0,pbp
401867794,,sophie cunningham,7.0,0.0,7.0,pbp
401867794,,suzie rafiu,2.0,4.0,6.0,pbp
401867794,,tyasha harris,0.0,2.0,2.0,pbp
401867794,,vera ojenuwa,4.0,4.0,8.0,pbp
401867794,,victoria macaulay,2.0,2.0,4.0,pbp
401867795,,allisha gray,3.0,0.0,3.0,pbp
401867795,,angel reese,10.0,0.0,10.0,pbp
401867795,,angela dugalic,5.0,2.0,7.0,pbp
401867795,,cassandre prosper,2.0,1.0,3.0,pbp
401867795,,christeen iwuala,0.0,2.0,2.0,pbp
401867795,,cotie mcmahon,0.0,9.0,9.0,pbp
401867795,,darianna littlepage-buggs,0.0,5.0,5.0,pbp
401867795,,georgia amoore,6.0,2.0,8.0,pbp
401867795,,holly winterburn,0.0,12.0,12.0,pbp
401867795,,indya nivar,0.0,4.0,4.0,pbp
401867795,,isobel borlase,0.0,2.0,2.0,pbp
401867795,,jordin canada,3.0,0.0,3.0,pbp
401867795,,kiki iriafen,5.0,5.0,10.0,pbp
401867795,,lauren betts,15.0,2.0,17.0,pbp
401867795,,lucy olsen,2.0,7.0,9.0,pbp
401867795,,madina okot,7.0,2.0,9.0,pbp
401867795,,maite cazorla,0.0,5.0,5.0,pbp
401867795,,rhyne howard,2.0,0.0,2.0,pbp
401867795,,rori harmon,2.0,4.0,6.0,pbp
401867795,,sika kone,4.0,0.0,4.0,pbp
401867795,,sonia citron,6.0,0.0,6.0,pbp
401867795,,stephanie jones,2.0,1.0,3.0,pbp
401867795,,taylor thierry,3.0,4.0,7.0,pbp
401867795,,te-hina paopao,8.0,0.0,8.0,pbp
