game_id,player,side,nfoul,t3,f3_h1,t2,times
401537457,Tiffany Mitchell,home,4,2085.0,0,232.0,28|232|2085|2215
401537457,Jazmine Jones,away,3,1967.0,0,396.0,123|396|1967
401537457,Amanda Zahui B.,away,1,,0,,163
401537457,Ariel Atkins,away,2,,0,306.0,249|306
401537457,Stephanie Jones,away,2,,0,2359.8,276|2360
401537457,Rachel Banham,home,3,1759.0,0,910.0,501|910|1759
401537457,Diamond Miller,home,4,1435.0,0,995.0,751|995|1435|1923
401537457,Emily Engstler,away,1,,0,,809
401537457,Elena Tsineke,away,6,1884.0,0,1810.0,939|1810|1884|2298|2347|2382
401537457,Natasha Cloud,away,2,,0,1600.0,1032|1600
401537457,Lindsay Allen,home,1,,0,,1335
401537457,Taylor Soule,home,1,,0,,1641
401537457,Alisia Jenkins,away,2,,0,2090.0,1909|2090
401537457,Tianna Hawkins,away,1,,0,,1913
401537457,Napheesa Collier,home,2,,0,2063.0,2032|2063
401537457,Evina Westbrook,away,1,,0,,2231
401537457,Stephanie Watts,home,1,,0,,2341
401537457,Maya Dodson,home,1,,0,,2389
401537458,Natasha Howard,home,3,1343.0,0,154.0,112|154|1343
401537458,Elizabeth Williams,away,5,1328.0,0,1296.0,293|1296|1328|2137|2323
401537458,Isabelle Harrison,away,4,878.0,1,441.0,360|441|878|1607
401537458,Feyonda Fitzgerald,away,3,614.0,1,535.0,470|535|614
401537458,Teaira McCowan,home,2,,0,2282.0,566|2282
401537458,Alanna Smith,away,1,,0,,628
401537458,Kahleah Copper,away,4,1421.0,0,945.0,681|945|1421|1958
401537458,James Wade,away,1,,0,,878
401537458,Jasmine Dickey,home,2,,0,1519.0,905|1519
401537458,Morgan Bertsch,away,1,,0,,997
401537458,Abby Meyers,home,1,,0,,1023
401537458,Charli Collier,home,3,2026.0,0,1808.0,1085|1808|2026
401537458,Kristine Anigwe,away,1,,0,,1100
401537458,Kayana Traylor,away,1,,0,,1146
401537458,Angel Baker,away,1,,0,,1162
401537458,Veronica Burton,home,2,,0,1451.0,1256|1451
401537458,Arike Ogunbowale,home,2,,0,1460.0,1290|1460
401537458,Rebekah Gardner,away,2,,0,1663.0,1564|1663
401537458,Ashley Joens,home,1,,0,,1676
401537458,Satou Sabally,home,1,,0,,1776
401537458,Dana Evans,away,2,,0,2387.0,2051|2387
401537458,Awak Kuier,home,1,,0,,2068
401537459,Aliyah Boston,away,3,1464.0,0,1351.0,163|1351|1464
401537459,Elizabeth Williams,home,1,,0,,192
401537459,Dana Evans,home,3,1264.0,0,873.0,197|873|1264
401537459,Victoria Vivians,away,3,1427.0,0,1022.0,217|1022|1427
401537459,Destanni Henderson,away,1,,0,,375
401537459,Feyonda Fitzgerald,home,1,,0,,454
401537459,Kayana Traylor,home,1,,0,,514
401537459,Morgan Bertsch,home,2,,0,1932.0,524|1932
401537459,Emma Cannon,away,2,,0,1198.9,568|1199
401537459,NaLyssa Smith,away,1,,0,,725
401537459,Taylor Mikesell,away,1,,0,,887
401537459,Alanna Smith,home,1,,0,,1049
401537459,Isabelle Harrison,home,2,,0,1184.0,1101|1184
401537459,Lexie Hull,away,1,,0,,1601
401537459,Courtney Williams,home,2,,0,2095.0,1644|2095
401537459,Victaria Saxton personal,away,1,,0,,1907
401537459,Queen Egbo,away,1,,0,,1957
401537459,Kristine Anigwe,home,3,2319.0,0,2280.0,1977|2280|2319
401537459,Victaria Saxton,away,1,,0,,1987
401537459,Anneli Maley,home,1,,0,,2163
401535138,Mercedes Russell,home,2,,0,225.0,115|225
401535138,Megan Gustafson,away,2,,0,1491.0,138|1491
401535138,Sophie Cunningham,away,4,661.0,1,639.0,176|639|661|1061
401535138,Theresa Plaisance,home,2,,0,452.0,230|452
401535138,Kia Nurse,home,1,,0,,267
401535138,Sug Sutton,away,1,,0,,363
401535138,Sam Thomas,away,2,,0,1884.0,554|1884
401535138,Jordan Horston,home,2,,0,1004.0,667|1004
401535138,Kaila Charles,home,1,,0,,675
401535138,Brianna Turner,away,1,,0,,708
401535138,Arella Guirantes,home,3,2172.0,0,2014.0,849|2014|2172
401535138,Sami Whitcomb,home,1,,0,,1013
401535138,Moriah Jefferson,away,1,,0,,1095
401535138,Kadi Sissoko defensive 3-seconds (technical,away,1,,0,,1147
401535138,Jennie Simms,away,4,1992.0,0,1389.0,1313|1389|1992|2138
401535138,Ezi Magbegor,home,1,,0,,1473
401535138,Yvonne Turner,home,1,,0,,1477
401535138,Liz Dixon,away,4,2110.0,0,1834.0,1668|1834|2110|2317
401535138,Jasmine Walker,home,1,,0,,1705
401535138,Madi Williams,home,2,,0,2043.0,1945|2043
401535138,Dulcy Fankam Mendjiadeu,home,1,,0,,2079
401535138,Essence Booker,away,1,,0,,2273
401535138,Jade Loville,home,1,,0,,2394
401537460,Tiffany Hayes,home,1,,0,,71
401537460,Nyara Sabally,away,3,1294.0,0,521.0,108|521|1294
401537460,Stefanie Dolson,away,4,1311.0,0,977.0,121|977|1311|1399
401537460,Sabrina Ionescu,away,2,,0,681.0,159|681
401537460,Betnijah Laney,away,1,,0,,294
401537460,Brionna Jones,home,2,,0,935.0,348|935
401537460,Han Xu,away,2,,0,711.0,446|711
401537460,Natisha Hiedeman,home,1,,0,,463
401537460,DiJonai Carrington,home,2,,0,2306.0,632|2306
401537460,Rebecca Allen,home,2,,0,1189.9,786|1190
401537460,Jocelyn Willoughby,away,2,,0,1977.0,949|1977
401537460,Alyssa Thomas,home,1,,0,,1162
401537460,Ashten Prechtel,home,4,1752.9,0,1338.0,1329|1338|1753|2392
401537460,Olivia Nelson-Ododa,home,2,,0,2126.0,1487|2126
401537460,Epiphanny Prince,away,1,,0,,1609
401537460,Sika Koné,away,3,2315.0,0,2153.0,1727|2153|2315
401537460,Caitlin Bickle,home,2,,0,1991.0,1771|1991
401537460,Morgan Green,away,2,,0,2055.0,1889|2055
401537460,Jayla Everett,home,1,,0,,1962
401537460,Alexis Morris,home,1,,0,,2037
401537460,Stephanie Mawuli,away,1,,0,,2385
401537461,Monique Billings,away,5,1796.0,0,621.0,108|621|1796|2142|2228
401537461,Amanda Zahui B.,home,4,773.0,1,631.0,155|631|773|1666
401537461,Aari McDonald,away,3,1998.0,0,1335.0,418|1335|1998
401537461,Tianna Hawkins,home,3,1906.0,0,579.0,572|579|1906
401537461,Allisha Gray,away,1,,0,,597
401537461,Laeticia Amihere,away,4,1219.0,0,1215.0,773|1215|1219|1364
401537461,Elena Delle Donne,home,3,1471.0,0,918.0,840|918|1471
401537461,Emily Engstler,home,3,2371.9,0,2126.0,1011|2126|2372
401537461,Nia Coffey,away,2,,0,1669.0,1156|1669
401537461,Ariel Atkins,home,2,,0,1426.0,1236|1426
401537461,Natasha Cloud,home,2,,0,1464.0,1324|1464
401537461,Brittney Sykes,home,3,1422.0,0,1391.0,1373|1391|1422
401537461,Lorela Cubaj,away,2,,0,1970.0,1442|1970
401537461,Shatori Walker-Kimbrough,home,1,,0,,1507
401537461,Stephanie Jones,home,1,,0,,2013
401537461,Emily Engstler defensive 3-seconds (technical,home,1,,0,,2073
401537461,Jazmine Jones,home,2,,0,2388.9,2103|2389
401537461,Naz Hillmon,away,1,,0,,2187
401537461,Nia Coffey defensive 3-seconds (technical,away,1,,0,,2275
401535139,Chiney Ogwumike,away,3,1532.0,0,193.0,144|193|1532
401535139,Michaela Onyenwere,home,1,,0,,334
401535139,Karlie Samuelson,away,3,1862.0,0,504.0,430|504|1862
401535139,Monika Czinano,away,3,1853.0,0,1771.9,515|1772|1853
401535139,Sophie Cunningham,home,1,,0,,534
401535139,Zia Cooke,away,2,,0,961.0,591|961
401535139,Kadi Sissoko,home,1,,0,,799
401535139,Rae Burrell,away,3,1151.9,1,1139.0,846|1139|1152
401535139,Brianna Turner,home,2,,0,1235.0,862|1235
401535139,Jennie Simms,home,3,2189.0,0,1800.0,873|1800|2189
401535139,Crystal Bradford,away,2,,0,1115.0,970|1115
401535139,Sug Sutton,home,2,,0,1458.0,1195|1458
401535139,Diana Taurasi,home,2,,0,1366.0,1253|1366
401535139,Brittney Griner,home,1,,0,,1344
401535139,Lexie Brown,away,1,,0,,1354
401535139,Jordin Canada,away,1,,0,,1519
401535139,Megan Gustafson,home,1,,0,,1826
401535139,Evina Westbrook,home,3,2274.0,0,1992.0,1829|1992|2274
401535139,Liz Dixon,home,2,,0,2086.0,2054|2086
401535139,Sam Thomas,home,1,,0,,2103
401535139,Reshanda Gray,away,3,2259.0,0,2221.0,2171|2221|2259
401537462,Aliyah Boston,home,6,734.0,1,676.0,10|676|734|1378|1816|2213
401537462,Veronica Burton,away,2,,0,790.0,159|790
401537462,Kelsey Mitchell,home,2,,0,1140.9,214|1141
401537462,Kalani Brown,away,3,941.0,1,233.0,222|233|941
401537462,Satou Sabally,away,3,1963.0,0,992.0,281|992|1963
401537462,Charli Collier,away,2,,0,1662.0,409|1662
401537462,Victaria Saxton,home,4,1825.0,0,1755.0,543|1755|1825|1937
401537462,Kristy Wallace,home,3,2046.0,0,1696.0,546|1696|2046
401537462,NaLyssa Smith,home,3,1367.0,0,952.0,628|952|1367
401537462,Lexie Hull,home,3,1276.0,0,1223.0,649|1223|1276
401537462,Teaira McCowan,away,3,1311.0,0,1250.0,670|1250|1311
401537462,Erica Wheeler,home,3,2378.9,0,1953.0,802|1953|2379
401537462,Natasha Howard,away,3,2296.0,0,821.0,815|821|2296
401537462,Queen Egbo,home,3,2324.0,0,976.0,866|976|2324
401537462,Grace Berger,home,2,,0,1869.0,1036|1869
401537462,Arike Ogunbowale,away,1,,0,,1392
401537462,Maya Caldwell,home,1,,0,,1677
401537462,Ashley Joens,away,1,,0,,1798
401537462,Jasmine Dickey,away,1,,0,,2184
401537462,Crystal Dangerfield personal,away,1,,0,,2372
401525954,Bridget Carleton,home,3,1162.9,1,918.0,97|918|1163
401525954,Morgan Bertsch,away,1,,0,,269
401525954,Rebekah Gardner,away,2,,0,2098.0,447|2098
401525954,Feyonda Fitzgerald,away,2,,0,686.0,453|686
401525954,Diamond Miller,home,4,939.0,1,595.0,459|595|939|2077
401525954,Dorka Juhasz,home,2,,0,1520.0,600|1520
401525954,Robyn Parks,away,2,,0,1756.9,676|1757
401525954,Anneli Maley,away,3,2229.0,0,771.0,724|771|2229
401525954,Kristine Anigwe,away,3,2344.0,0,2180.0,870|2180|2344
401525954,Tiffany Mitchell,home,2,,0,1557.0,927|1557
401525954,Taylor Soule,home,3,1603.0,0,1161.0,985|1161|1603
401525954,Aerial Powers,home,3,1818.0,0,1105.0,1011|1105|1818
401525954,Alanna Smith,away,3,1385.0,0,1071.0,1070|1071|1385
401525954,Dana Evans,away,1,,0,,1415
401525954,Damiris Dantas,home,1,,0,,1934
401545052,Chelsea Gray,home,3,1167.0,1,356.0,183|356|1167
401545052,Stefanie Dolson,away,4,1133.0,1,1015.0,254|1015|1133|1511
401545052,Sabrina Ionescu,away,2,,0,720.0,284|720
401545052,DiDi Richards,away,3,567.0,1,496.0,374|496|567
401545052,Alexis Peterson,home,2,,0,2376.9,769|2377
401545052,Jackie Young,home,1,,0,,876
401545052,A'ja Wilson,home,2,,0,1340.0,949|1340
401545052,Kayla Thornton,away,1,,0,,1222
401545052,Kelsey Plum,home,2,,0,1443.0,1315|1443
401545052,Jonquel Jones,away,1,,0,,1433
401545052,Epiphanny Prince,away,1,,0,,1545
401545052,Kierstan Bell,home,2,,0,1602.0,1553|1602
401545052,Stephanie Mawuli,away,3,2063.0,0,2018.0,1717|2018|2063
401545052,Nyara Sabally,away,2,,0,1901.0,1791|1901
401545052,Cayla George,home,2,,0,1946.0,1889|1946
401545052,Morgan Green,away,2,,0,2116.0,1943|2116
401545052,Jocelyn Willoughby,away,1,,0,,2008
401545052,Alysha Clark,home,2,,0,2373.8,2079|2374
401545052,Sika Kone,away,1,,0,,2122
401537464,Rebecca Allen,away,3,1683.0,0,1134.0,81|1134|1683
401537464,Cheyenne Parker,home,2,,0,1393.0,190|1393
401537464,Natisha Hiedeman,away,2,,0,867.0,274|867
401537464,Danielle Robinson,home,4,1141.9,1,1113.0,304|1113|1142|1934
401537464,Allisha Gray,home,1,,0,,327
401537464,Alyssa Thomas,away,4,814.0,1,791.0,333|791|814|1647
401537464,Tyasha Harris,away,2,,0,2014.0,399|2014
401537464,Naz Hillmon,home,4,1509.0,0,1480.0,413|1480|1509|1580
401537464,Aari McDonald,home,2,,0,1426.0,501|1426
401537464,Brionna Jones,away,4,1022.0,1,1009.0,560|1009|1022|1588
401537464,Lorela Cubaj,home,4,1769.0,0,1631.0,642|1631|1769|2368
401537464,Olivia Nelson-Ododa,away,6,1087.0,1,855.0,716|855|1087|1708|1737|2147
401537464,DiJonai Carrington,away,1,,0,,762
401537464,Leigha Brown,home,2,,0,909.0,821|909
401537464,Lauren Cox,away,1,,0,,1074
401537464,Nia Coffey,home,2,,0,1291.0,1170|1291
401537464,Nia Coffey defensive 3-seconds (technical,home,1,,0,,1318
401537464,Haley Jones,home,1,,0,,1828
401537464,Caitlin Bickle,away,5,1986.0,0,1897.0,1839|1897|1986|2182|2199
401537464,Stephanie White,away,1,,0,,2100
401537464,Laeticia Amihere,home,1,,0,,2153
401537464,Jayla Everett,away,3,2312.0,0,2287.0,2223|2287|2312
401507130,Tiffany Hayes,away,4,760.0,1,233.0,72|233|760|1445
401507130,NaLyssa Smith,home,4,1259.0,0,430.0,90|430|1259|1269
401507130,Brionna Jones,away,6,1893.0,0,726.0,124|726|1893|1914|2078|2154
401507130,Erica Wheeler,home,2,,0,1969.0,188|1969
401507130,Aliyah Boston,home,6,1092.0,1,795.0,217|795|1092|1344|2340|2352
401507130,Queen Egbo,home,3,1704.0,0,1457.0,478|1457|1704
401507130,Rebecca Allen,away,4,852.0,1,571.9,495|572|852|1687
401507130,Natisha Hiedeman,away,2,,0,2227.0,558|2227
401507130,Lexie Hull,home,1,,0,,609
401507130,Kristy Wallace,home,2,,0,1492.0,632|1492
401507130,Alyssa Thomas,away,3,1935.0,0,1269.0,695|1269|1935
401507130,Kelsey Mitchell,home,1,,0,,937
401507130,Olivia Nelson-Ododa,away,2,,0,1114.0,1104|1114
401507130,Victoria Vivians,home,3,1671.0,0,1647.0,1363|1647|1671
401507130,Victaria Saxton,home,2,,0,1753.0,1724|1753
401507130,Leigha Brown,away,1,,0,,1842
401507131,Ariel Atkins,home,4,2026.0,0,1242.0,84|1242|2026|2121
401507131,Betnijah Laney,away,2,,0,1353.0,110|1353
401507131,Brittney Sykes,home,3,1366.0,0,830.0,160|830|1366
401507131,Courtney Vandersloot,away,3,1358.0,0,960.0,333|960|1358
401507131,Breanna Stewart,away,4,1348.0,0,1281.0,907|1281|1348|1578
401507131,Stefanie Dolson,away,2,,0,2127.0,981|2127
401507131,Natasha Cloud,home,4,1641.0,0,1610.0,1165|1610|1641|2228
401507131,Jonquel Jones,away,1,,0,,1236
401507131,Shakira Austin,home,4,1883.0,0,1370.0,1322|1370|1883|2349
401507131,Epiphanny Prince,away,1,,0,,1680
401507131,Amanda Zahui B.,home,1,,0,,1690
401507131,Elena Delle Donne,home,1,,0,,2048
401507132,Rachel Banham,home,3,2273.0,0,2255.0,234|2255|2273
401507132,Morgan Bertsch,away,4,1357.0,0,1309.0,250|1309|1357|1936
401507132,Diamond Miller,home,2,,0,1254.0,358|1254
401507132,Rebekah Gardner,away,3,1830.0,0,1586.0,364|1586|1830
401507132,Tiffany Mitchell,home,1,,0,,487
401507132,Alanna Smith,away,4,1610.0,0,894.0,561|894|1610|1650
401507132,Kristine Anigwe,away,3,1861.0,0,822.0,592|822|1861
401507132,Kahleah Copper,away,2,,0,1008.0,831|1008
401507132,Marina Mabrey,away,1,,0,,1441
401507132,Napheesa Collier,home,2,,0,2051.0,1517|2051
401507132,Jessica Shepard,home,2,,0,2344.9,2300|2345
401507133,Chiney Ogwumike,home,4,1270.0,0,1017.0,161|1017|1270|2006
401507133,Lexie Brown,home,4,1178.9,1,913.0,252|913|1179|1224
401507133,Michaela Onyenwere,away,5,654.0,1,320.0,287|320|654|720|2144
401507133,Sug Sutton,away,3,2048.0,0,839.0,615|839|2048
401507133,Joyner Holmes,home,1,,0,,632
401507133,Karlie Samuelson,home,2,,0,1740.0,862|1740
401507133,Diana Taurasi,away,3,2167.0,0,1420.0,934|1420|2167
401507133,Brittney Griner,away,2,,0,1855.0,1024|1855
401507133,Evina Westbrook,away,3,2278.0,0,1518.0,1058|1518|2278
401507133,Jordin Canada,home,1,,0,,1427
401507133,Zia Cooke,home,1,,0,,1487
401507133,Nia Clouden,home,2,,0,1933.0,1742|1933
401507133,Dearica Hamby,home,2,,0,1875.0,1771|1875
401507133,Brianna Turner,away,2,,0,2192.0,2054|2192
401507133,Nneka Ogwumike,home,2,,0,2131.0,2081|2131
401507133,Moriah Jefferson,away,1,,0,,2100
401507135,Teaira McCowan,home,3,1136.0,1,696.0,9|696|1136
401507135,Allisha Gray,away,3,2282.0,0,1318.0,17|1318|2282
401507135,Rhyne Howard,away,5,2090.0,0,1435.0,62|1435|2090|2140|2243
401507135,Cheyenne Parker,away,2,,0,667.0,81|667
401507135,Veronica Burton,home,3,1903.0,0,888.0,169|888|1903
401507135,Naz Hillmon,away,3,1527.0,0,1158.9,271|1159|1527
401507135,Natasha Howard,home,3,2336.0,0,1582.0,381|1582|2336
401507135,Aari McDonald,away,4,1797.9,0,1367.0,720|1367|1798|2060
401507135,Maddy Siegrist,home,1,,0,,931
401507135,Satou Sabally,home,2,,0,2302.0,1001|2302
401507135,Danielle Robinson,away,1,,0,,1062
401507135,Awak Kuier,home,1,,0,,1185
401507135,Nia Coffey,away,2,,0,1883.0,1232|1883
401507135,Arike Ogunbowale,home,3,2008.0,0,1716.0,1398|1716|2008
401507135,Jasmine Dickey,home,1,,0,,1530
401507135,Crystal Dangerfield,home,1,,0,,2036
401507135,Nia Coffey personal,away,2,,0,2389.0,2373|2389
401507134,Kaila Charles,home,3,1903.0,0,340.0,272|340|1903
401507134,Jackie Young,away,3,1516.0,0,467.0,365|467|1516
401507134,Kia Nurse,home,1,,0,,541
401507134,Jewell Loyd,home,1,,0,,599
401507134,Ivana Dojkic,home,2,,0,1746.8,633|1747
401507134,Chelsea Gray,away,2,,0,2126.0,647|2126
401507134,Ezi Magbegor,home,3,1930.0,0,1185.0,799|1185|1930
401507134,Yvonne Turner,home,2,,0,1281.0,1057|1281
401507134,A'ja Wilson,away,1,,0,,1106
401507134,Jordan Horston,home,2,,0,2167.0,1172|2167
401507134,Kelsey Plum,away,1,,0,,1431
401507134,Kiah Stokes,away,1,,0,,1645
401507134,Alysha Clark,away,2,,0,1943.0,1777|1943
401507134,Candace Parker,away,2,,0,1913.0,1834|1913
401507134,Kierstan Bell,away,1,,0,,2093
401507134,Jade Melbourne,home,1,,0,,2181
401507134,Sydney Colson,away,1,,0,,2390
401507136,Natisha Hiedeman,home,3,1688.0,0,1669.0,12|1669|1688
401507136,Shakira Austin,away,4,2164.0,0,409.0,33|409|2164|2249
401507136,Alyssa Thomas,home,4,1370.0,0,1345.0,53|1345|1370|2188
401507136,Tiffany Hayes,home,1,,0,,145
401507136,Brionna Jones,home,5,868.0,1,464.0,232|464|868|1856|2383
401507136,DeWanna Bonner,home,3,1984.0,0,1540.0,324|1540|1984
401507136,Rebecca Allen,home,1,,0,,437
401507136,Tianna Hawkins,away,2,,0,1056.0,452|1056
401507136,Kristi Toliver,away,2,,0,1910.0,569|1910
401507136,Natasha Cloud,away,3,1458.0,0,1156.9,866|1157|1458
401507136,Olivia Nelson-Ododa,home,2,,0,1179.9,915|1180
401507136,Tyasha Harris,home,2,,0,2210.0,975|2210
401507136,Shatori Walker-Kimbrough,away,2,,0,2393.9,1009|2394
401507136,Eric Thibault,away,1,,0,,1033
401507136,Ariel Atkins,away,3,2354.0,0,1301.0,1109|1301|2354
401507136,Elena Delle Donne,away,4,2315.0,0,2217.0,1326|2217|2315|2374
401507136,Amanda Zahui B.,away,2,,0,1731.0,1700|1731
401507136,Brittney Sykes,away,2,,0,2385.0,1947|2385
401507136,Brionna Jones defensive 3-seconds (technical,home,1,,0,,2055
401507137,Erica Wheeler,away,3,1045.0,1,591.8,29|592|1045
401507137,Aliyah Boston,away,2,,0,1280.0,115|1280
401507137,Jonquel Jones,home,2,,0,212.0,202|212
401507137,Emma Cannon,away,1,,0,,388
401507137,Betnijah Laney,home,3,2290.0,0,639.0,433|639|2290
401507137,Lexie Hull,away,1,,0,,463
401507137,Kristy Wallace,away,2,,0,1822.0,472|1822
401507137,Kayla Thornton,home,3,1164.9,1,684.0,635|684|1165
401507137,Courtney Vandersloot,home,3,949.0,1,846.0,645|846|949
401507137,NaLyssa Smith,away,3,1383.0,0,1023.0,732|1023|1383
401507137,Breanna Stewart,home,3,2211.0,0,1771.9,925|1772|2211
401507137,Kelsey Mitchell,away,1,,0,,1176
401507137,Queen Egbo,away,1,,0,,1538
401507137,Stefanie Dolson,home,2,,0,1575.0,1569|1575
401507137,Maya Caldwell,away,1,,0,,1667
401507137,Epiphanny Prince,home,3,1976.0,0,1730.0,1684|1730|1976
401507137,Han Xu,home,1,,0,,2316
401507138,Elizabeth Williams,away,5,1077.0,1,1022.0,14|1022|1077|1231|2196
401507138,Diana Taurasi,home,5,1398.0,0,981.0,109|981|1398|1398|1667
401507138,Sophie Cunningham,home,2,,0,722.0,284|722
401507138,Kahleah Copper,away,5,1216.0,0,1092.0,289|1092|1216|1295|2394
401507138,Rebekah Gardner,away,4,407.0,1,349.0,338|349|407|1508
401507138,Michaela Onyenwere,home,3,1633.0,0,987.0,377|987|1633
401507138,Evina Westbrook,home,1,,0,,436
401507138,Brianna Turner,home,1,,0,,467
401507138,Brittney Griner,home,3,1377.0,0,1242.0,557|1242|1377
401507138,Kristine Anigwe,away,3,2200.0,0,1131.0,572|1131|2200
401507138,Alanna Smith,away,3,1967.0,0,1676.0,752|1676|1967
401507138,Dana Evans,away,2,,0,1485.0,1037|1485
401507138,Robyn Parks,away,1,,0,,1560
401507138,Moriah Jefferson,home,2,,0,2238.0,1774|2238
401507138,Morgan Bertsch,away,1,,0,,2292
401507138,Moriah Jefferson personal,home,1,,0,,2381
401507138,Brittney Griner personal,home,1,,0,,2384
401507138,Brianna Turner personal,home,1,,0,,2396
401507139,Tiffany Hayes,away,4,1341.0,0,355.0,109|355|1341|1981
401507139,Ariel Atkins,home,5,1350.0,0,335.0,153|335|1350|1468|2127
401507139,Natasha Cloud,home,2,,0,2312.0,183|2312
401507139,Brionna Jones,away,4,1971.0,0,783.0,427|783|1971|2038
401507139,Amanda Zahui B.,home,2,,0,511.0,473|511
401507139,Leigha Brown,away,2,,0,1915.0,563|1915
401507139,Tyasha Harris,away,1,,0,,682
401507139,Natisha Hiedeman,away,3,1833.0,0,1598.0,848|1598|1833
401507139,Elena Delle Donne,home,2,,0,2362.9,908|2363
401507139,Shakira Austin,home,3,2283.0,0,2060.0,915|2060|2283
401507139,DeWanna Bonner,away,2,,0,2137.0,935|2137
401507139,Alyssa Thomas,away,3,2159.0,0,2025.0,970|2025|2159
401507139,Tianna Hawkins,home,3,1993.0,0,1733.0,1035|1733|1993
401507139,Tianna Hawkins defensive 3-seconds (technical,home,1,,0,,1066
401507139,Tiffany Hayes defensive 3-seconds (technical,away,1,,0,,1125
401507139,Olivia Nelson-Ododa,away,2,,0,1483.0,1179|1483
401507139,Brittney Sykes,home,2,,0,2177.0,1710|2177
401507139,Shatori Walker-Kimbrough,home,1,,0,,2379
401507139,Kristi Toliver,home,1,,0,,2394
401507140,Cheyenne Parker,away,3,2021.0,0,1211.0,41|1211|2021
401507140,Diamond Miller,home,3,880.0,1,319.0,61|319|880
401507140,Napheesa Collier,home,6,934.0,1,305.0,104|305|934|1937|2110|2257
401507140,Nikolina Milic,home,3,977.0,1,424.0,392|424|977
401507140,Monique Billings,away,2,,0,1315.0,398|1315
401507140,Haley Jones,away,2,,0,469.0,418|469
401507140,Aari McDonald,away,2,,0,853.0,513|853
401507140,Rhyne Howard,away,4,2010.0,0,1476.0,648|1476|2010|2370
401507140,Bridget Carleton,home,1,,0,,741
401507140,Tiffany Mitchell,home,3,1582.0,0,1180.9,998|1181|1582
401507140,Lindsay Allen,home,4,1849.0,0,1376.0,1162|1376|1849|2390
401507140,Kayla McBride,home,3,2246.0,0,1899.0,1223|1899|2246
401507140,Jessica Shepard,home,2,,0,1431.0,1329|1431
401507140,AD Durr,away,1,,0,,1651
401507140,Naz Hillmon,away,2,,0,2016.0,1907|2016
401507140,Diamond Miller personal,home,1,,0,,2379
401507141,Chiney Ogwumike,home,4,1779.9,0,279.0,133|279|1780|2253
401507141,Jackie Young,away,2,,0,2279.0,296|2279
401507141,Chelsea Gray,away,4,1264.0,0,401.0,325|401|1264|2005
401507141,Alysha Clark,away,3,853.0,1,390.0,380|390|853
401507141,Jordin Canada,home,4,2151.0,0,1458.0,841|1458|2151|2380
401507141,Candace Parker,away,1,,0,,882
401507141,Kelsey Plum,away,3,2357.0,0,1296.0,1086|1296|2357
401507141,Karlie Samuelson,home,4,2021.0,0,1666.0,1116|1666|2021|2348
401507141,Dearica Hamby,home,4,1491.0,0,1279.0,1167|1279|1491|2371
401507141,A'ja Wilson,away,4,1702.0,0,1429.0,1351|1429|1702|2036
401507141,Layshia Clarendon,home,3,2184.0,0,1750.0,1429|1750|2184
401507141,Joyner Holmes,home,2,,0,1576.0,1550|1576
401507141,Zia Cooke,home,1,,0,,1826
401507142,Sophie Cunningham,home,6,965.0,1,400.0,59|400|965|1929|2053|2308
401507142,Diamond Miller,away,3,1519.0,0,1182.0,117|1182|1519
401507142,Lindsay Allen,away,5,1358.0,0,782.0,139|782|1358|1865|2325
401507142,Michaela Onyenwere,home,4,722.0,1,323.0,179|323|722|1300
401507142,Brittney Griner,home,3,1257.0,0,814.0,217|814|1257
401507142,Jessica Shepard,away,1,,0,,302
401507142,Brianna Turner,home,4,2017.0,0,1595.0,387|1595|2017|2337
401507142,Tiffany Mitchell,away,3,1343.0,0,792.0,465|792|1343
401507142,Rachel Banham,away,2,,0,533.0,490|533
401507142,Bridget Carleton,away,4,2081.0,0,2078.0,559|2078|2081|2347
401507142,Brittney Griner defensive 3-seconds (technical,home,1,,0,,570
401507142,Kadi Sissoko,home,3,1637.0,0,1625.0,1038|1625|1637
401507142,Evina Westbrook,home,1,,0,,1058
401507142,Napheesa Collier,away,1,,0,,1392
401507142,Diana Taurasi,home,1,,0,,1437
401507142,Moriah Jefferson,home,2,,0,2170.0,1725|2170
401507142,Sug Sutton,home,1,,0,,2007
401507142,Dorka Juhasz,away,1,,0,,2123
401507142,Jessica Shepard personal,away,2,,0,2372.9,2364|2373
401507143,Marina Mabrey,home,2,,0,1036.0,72|1036
401507143,Courtney Williams,home,2,,0,1053.0,377|1053
401507143,Kristine Anigwe,home,1,,0,,518
401507143,Alanna Smith,home,5,792.0,1,741.0,544|741|792|1592|1634
401507143,Brittney Sykes,away,2,,0,1143.8,675|1144
401507143,Li Meng,away,1,,0,,849
401507143,Kahleah Copper,home,2,,0,1644.0,933|1644
401507143,James Wade,home,1,,0,,972
401507143,Elizabeth Williams,home,2,,0,2391.0,1017|2391
401507143,Natasha Cloud,away,3,2182.0,0,1442.0,1080|1442|2182
401507143,Ariel Atkins,away,2,,0,1241.0,1096|1241
401507143,Shakira Austin,away,3,2390.0,0,2296.0,1246|2296|2390
401507143,Dana Evans,home,2,,0,1759.9,1508|1760
401507143,Kristi Toliver,away,2,,0,1695.0,1618|1695
401507143,Amanda Zahui B.,away,1,,0,,1833
401507143,Rebekah Gardner,home,1,,0,,2149
401507143,Kahleah Copper personal,home,1,,0,,2393
401507144,Satou Sabally,away,4,1396.0,0,1315.0,88|1315|1396|2316
401507144,Veronica Burton,away,3,2044.0,0,272.0,144|272|2044
401507144,Ezi Magbegor,home,3,1761.8,0,447.0,179|447|1762
401507144,Jasmine Dickey,away,4,1476.0,0,560.9,309|561|1476|1705
401507144,Kaila Charles,home,2,,0,1947.0,482|1947
401507144,Natasha Howard,away,3,2335.0,0,1241.0,770|1241|2335
401507144,Jewell Loyd,home,2,,0,1426.0,818|1426
401507144,Arike Ogunbowale,away,2,,0,2188.0,987|2188
401507144,Mercedes Russell,home,1,,0,,1016
401507144,Jordan Horston,home,1,,0,,1098
401507144,Yvonne Turner,home,2,,0,1389.0,1351|1389
401507144,Kia Nurse,home,2,,0,1977.0,1539|1977
401507144,Maddy Siegrist,away,1,,0,,1578
401507144,Sami Whitcomb,home,4,1903.0,0,1715.0,1659|1715|1903|2030
401507144,Arella Guirantes,home,1,,0,,1933
401507145,Jonquel Jones,home,5,1359.0,0,1069.0,67|1069|1359|1407|2014
401507145,Stefanie Dolson,home,3,1763.9,0,1691.0,688|1691|1764
401507145,Olivia Nelson-Ododa,away,1,,0,,716
401507145,Alyssa Thomas,away,4,1781.9,0,1016.0,928|1016|1782|1800
401507145,Brionna Jones,away,3,2240.0,0,1443.0,975|1443|2240
401507145,Betnijah Laney,home,2,,0,1410.0,1133|1410
401507145,Breanna Stewart,home,2,,0,1483.0,1173|1483
401507145,Natisha Hiedeman,away,2,,0,2055.0,1556|2055
401507145,Tiffany Hayes,away,3,2121.0,0,2107.0,1666|2107|2121
401507145,Courtney Vandersloot,home,1,,0,,1812
401507145,Leigha Brown,away,2,,0,1937.0,1865|1937
401507145,Nyara Sabally,home,2,,0,2151.0,1971|2151
401507145,Kayla Thornton,home,1,,0,,2007
401507145,Sabrina Ionescu,home,1,,0,,2320
401507146,Nia Clouden,away,2,,0,1499.0,118|1499
401507146,Kelsey Plum,home,1,,0,,151
401507146,Chelsea Gray,home,1,,0,,187
401507146,Jackie Young,home,3,1667.0,0,542.9,215|543|1667
401507146,Dearica Hamby,away,4,1172.9,1,568.0,331|568|1173|1336
401507146,Nneka Ogwumike,away,3,732.0,1,427.0,383|427|732
401507146,Rae Burrell,away,2,,0,2047.0,431|2047
401507146,Karlie Samuelson,away,4,1123.0,1,734.0,609|734|1123|2258
401507146,Candace Parker,home,3,1427.0,0,1195.9,644|1196|1427
401507146,A'ja Wilson,home,3,1387.0,0,1318.0,1165|1318|1387
401507146,Alysha Clark,home,1,,0,,1892
401507146,Kiah Stokes,home,1,,0,,1982
401507146,Kierstan Bell,home,1,,0,,2240
401507146,Sydney Colson,home,1,,0,,2308
401507146,Cayla George,home,1,,0,,2324
401507147,Lexie Hull,away,3,1983.0,0,1446.0,79|1446|1983
401507147,Cheyenne Parker,home,4,1706.0,0,1176.8,86|1177|1706|2210
401507147,Aliyah Boston,away,3,1700.0,0,837.0,163|837|1700
401507147,Aari McDonald,home,2,,0,1038.0,204|1038
401507147,Erica Wheeler,away,2,,0,2176.0,271|2176
401507147,Kelsey Mitchell,away,1,,0,,277
401507147,NaLyssa Smith,away,4,967.0,1,938.0,300|938|967|1918
401507147,Monique Billings,home,2,,0,625.0,531|625
401507147,Queen Egbo,away,4,1079.0,1,1013.0,546|1013|1079|2044
401507147,Grace Berger,away,3,2112.0,0,1011.0,784|1011|2112
401507147,Allisha Gray,home,3,2067.0,0,1281.0,794|1281|2067
401507147,Rhyne Howard,home,3,2369.9,0,1190.9,1163|1191|2370
401507147,Nia Coffey,home,1,,0,,1422
401507147,AD Durr,home,1,,0,,1507
401507147,Kristy Wallace,away,1,,0,,1620
401507147,Naz Hillmon,home,1,,0,,1936
401507147,Victoria Vivians,away,1,,0,,2358
401507147,Allisha Gray personal,home,1,,0,,2387
401507148,Veronica Burton,away,3,1994.0,0,967.0,118|967|1994
401507148,Alanna Smith,home,3,1763.8,0,416.0,321|416|1764
401507148,Jasmine Dickey,away,1,,0,,488
401507148,Sika Kone,home,4,2141.0,0,1643.0,492|1643|2141|2262
401507148,Arike Ogunbowale,away,2,,0,1134.0,576|1134
401507148,Kristine Anigwe,home,1,,0,,716
401507148,Maddy Siegrist,away,1,,0,,749
401507148,Natasha Howard,away,3,1873.0,0,1428.0,851|1428|1873
401507148,Kahleah Copper,home,2,,0,1094.0,875|1094
401507148,Satou Sabally,away,4,1618.0,0,994.0,958|994|1618|2385
401507148,Elizabeth Williams,home,2,,0,1410.0,1086|1410
401507148,Crystal Dangerfield,away,2,,0,2377.9,1257|2378
401507148,Marina Mabrey,home,3,2340.9,0,1474.0,1343|1474|2341
401507148,Awak Kuier,away,1,,0,,2269
401507148,Arike Ogunbowale personal,away,1,,0,,2377
401507148,Veronica Burton personal,away,1,,0,,2394
401507149,Napheesa Collier,away,3,1199.9,1,1165.0,483|1165|1200
401507149,Alysha Clark,home,3,1835.0,0,839.0,552|839|1835
401507149,Kiah Stokes,home,3,1706.0,0,1573.0,758|1573|1706
401507149,Chelsea Gray,home,3,1880.0,0,1346.0,764|1346|1880
401507149,Candace Parker,home,1,,0,,812
401507149,Nikolina Milic,away,2,,0,1126.0,916|1126
401507149,Bridget Carleton,away,1,,0,,969
401507149,Aerial Powers,away,1,,0,,972
401507149,Kelsey Plum,home,4,2059.0,0,1558.0,1029|1558|2059|2151
401507149,Kierstan Bell,home,2,,0,2335.0,1070|2335
401507149,Jackie Young,home,1,,0,,1153
401507149,Tiffany Mitchell,away,3,2258.0,0,1615.0,1237|1615|2258
401507149,Lindsay Allen,away,1,,0,,1677
401507149,Jessica Shepard,away,3,2230.0,0,2201.0,1729|2201|2230
401507149,Rachel Banham,away,2,,0,2192.0,1917|2192
401507149,Diamond Miller,away,2,,0,2052.0,1956|2052
401507149,A'ja Wilson,home,1,,0,,1993
401507149,Cayla George,home,1,,0,,2364
401507149,Sydney Colson,home,1,,0,,2393
401507150,Aari McDonald,home,3,2335.0,0,797.0,101|797|2335
401507150,Elizabeth Williams,away,2,,0,856.0,348|856
401507150,Sika Kone,away,3,706.0,1,576.9,437|577|706
401507150,Kristine Anigwe,away,5,1172.9,1,1030.0,592|1030|1173|1693|1830
401507150,Haley Jones,home,2,,0,2129.0,596|2129
401507150,Nia Coffey,home,2,,0,1983.0,872|1983
401507150,AD Durr,home,2,,0,2263.0,1189|2263
401507150,Marina Mabrey,away,1,,0,,1271
401507150,Courtney Williams,away,4,1969.0,0,1518.0,1410|1518|1969|1969
401507150,Alanna Smith,away,1,,0,,1589
401507150,Laeticia Amihere,home,1,,0,,2288
401507151,NaLyssa Smith,away,2,,0,1778.0,90|1778
401507151,Natisha Hiedeman,home,2,,0,1294.0,129|1294
401507151,DeWanna Bonner,home,2,,0,2190.0,163|2190
401507151,Lexie Hull,away,5,1434.0,0,1259.0,167|1259|1434|2252|2391
401507151,Aliyah Boston,away,4,1158.0,1,517.0,216|517|1158|1547
401507151,Brionna Jones,home,4,2204.0,0,831.0,244|831|2204|2223
401507151,Queen Egbo,away,2,,0,1910.0,527|1910
401507151,Maya Caldwell,away,4,1080.0,1,917.0,610|917|1080|1874
401507151,Tyasha Harris,home,2,,0,793.0,656|793
401507151,Rebecca Allen,home,1,,0,,946
401507151,Grace Berger,away,2,,0,1080.0,1051|1080
401507151,Alyssa Thomas,home,3,2323.0,0,2300.0,1228|2300|2323
401507151,Kristy Wallace,away,1,,0,,1951
401507151,DiJonai Carrington,home,1,,0,,2064
401507152,Tiffany Mitchell,away,4,1534.0,0,1424.0,12|1424|1534|1991
401507152,Natasha Howard,home,5,1381.0,0,736.0,46|736|1381|1540|1915
401507152,Diamond Miller,away,2,,0,387.0,93|387
401507152,Veronica Burton,home,3,1750.9,0,1016.0,301|1016|1751
401507152,Nikolina Milic,away,3,1046.0,1,617.0,497|617|1046
401507152,Crystal Dangerfield,home,2,,0,2326.0,698|2326
401507152,Satou Sabally,home,2,,0,875.0,831|875
401507152,Kayla McBride,away,1,,0,,1017
401507152,Kalani Brown,home,2,,0,2033.0,1031|2033
401507152,Arike Ogunbowale,home,2,,0,1757.9,1107|1758
401507152,Dorka Juhasz,away,2,,0,1685.0,1114|1685
401507152,Jessica Shepard,away,1,,0,,1339
401507152,Rachel Banham,away,2,,0,2304.0,2129|2304
401507152,Napheesa Collier,away,1,,0,,2140
401507152,Napheesa Collier personal,away,1,,0,,2365
401507152,Rachel Banham personal,away,1,,0,,2367
401507152,Tiffany Mitchell personal,away,1,,0,,2381
401507152,Kayla McBride personal,away,1,,0,,2393
401507153,Kia Nurse,home,5,1915.0,0,816.0,122|816|1915|2126|2156
401507153,Jewell Loyd,home,3,1314.0,0,1095.0,317|1095|1314
401507153,Jordan Horston,home,2,,0,1597.0,409|1597
401507153,Sabrina Ionescu,away,2,,0,1971.0,456|1971
401507153,Courtney Vandersloot,away,2,,0,1167.0,522|1167
401507153,Jade Melbourne,home,3,1911.0,0,562.9,533|563|1911
401507153,Nyara Sabally,away,1,,0,,573
401507153,Stefanie Dolson,away,5,2277.0,0,2206.0,619|2206|2277|2307|2354
401507153,Kayla Thornton,away,1,,0,,659
401507153,Arella Guirantes,home,1,,0,,747
401507153,Jonquel Jones,away,2,,0,1404.0,769|1404
401507153,Mercedes Russell,home,2,,0,2151.0,781|2151
401507153,Ezi Magbegor,home,3,1647.0,0,1163.0,984|1163|1647
401507153,Sami Whitcomb,home,2,,0,2180.0,1058|2180
401507153,Nyara Sabally defensive 3-seconds (technical,away,1,,0,,1108
401507153,Breanna Stewart,away,2,,0,1539.0,1174|1539
401507153,Yvonne Turner,home,1,,0,,1337
401507153,Betnijah Laney,away,1,,0,,2014
401507154,Tiffany Mitchell,home,3,1234.0,0,755.0,263|755|1234
401507154,Brionna Jones,away,5,660.0,1,434.0,288|434|660|1989|2137
401507154,Tyasha Harris,away,1,,0,,395
401507154,Rebecca Allen,away,2,,0,499.0,422|499
401507154,Jessica Shepard,home,3,2178.0,0,1426.0,514|1426|2178
401507154,Alyssa Thomas,away,4,1685.0,0,996.0,702|996|1685|1973
401507154,Napheesa Collier,home,4,2379.9,0,996.0,711|996|2380|2383
401507154,Lindsay Allen,home,1,,0,,725
401507154,Kayla McBride,home,2,,0,1312.0,799|1312
401507154,DeWanna Bonner,away,2,,0,2197.0,819|2197
401507154,Olivia Nelson-Ododa,away,1,,0,,851
401507154,Dorka Juhasz,home,3,2106.0,0,1323.0,857|1323|2106
401507154,Alyssa Thomas defensive 3-seconds (technical,away,1,,0,,964
401507154,Bridget Carleton,home,1,,0,,1602
401507154,Rachel Banham,home,1,,0,,1948
401507154,DiJonai Carrington,away,1,,0,,2158
401507154,Tiffany Hayes,away,2,,0,2309.0,2262|2309
401507154,Natisha Hiedeman,away,1,,0,,2379
401507157,Sabrina Ionescu,away,3,1776.0,0,317.0,97|317|1776
401507157,Marina Mabrey,home,2,,0,1512.0,125|1512
401507157,Kayla Thornton,away,3,2275.0,0,2064.0,437|2064|2275
401507157,Kayla Thornton defensive 3-seconds (technical,away,1,,0,,638
401507157,Jonquel Jones,away,2,,0,1241.0,709|1241
401507157,Dana Evans,home,2,,0,1799.8,817|1800
401507157,Kahleah Copper,home,3,2165.0,0,912.0,907|912|2165
401507157,Breanna Stewart,away,2,,0,1364.0,1071|1364
401507157,Alanna Smith,home,4,1256.0,0,1216.0,1085|1216|1256|2350
401507157,Kristine Anigwe,home,2,,0,1931.0,1696|1931
401507157,Betnijah Laney,away,2,,0,2336.0,1926|2336
401507157,Elizabeth Williams,home,2,,0,2221.0,2117|2221
401507157,Courtney Williams,home,1,,0,,2311
401507155,Crystal Dangerfield,away,2,,0,514.0,44|514
401507155,Veronica Burton,away,2,,0,1006.0,280|1006
401507155,Kalani Brown,away,3,1520.0,0,485.0,409|485|1520
401507155,Ariel Atkins,home,2,,0,450.0,423|450
401507155,Amanda Zahui B.,home,2,,0,497.0,472|497
401507155,Tianna Hawkins,home,1,,0,,612
401507155,Awak Kuier,away,1,,0,,667
401507155,Jasmine Dickey,away,3,2374.9,0,769.0,671|769|2375
401507155,Natasha Howard,away,4,1640.0,0,1503.0,728|1503|1640|2394
401507155,Li Meng,home,1,,0,,835
401507155,Satou Sabally,away,5,1336.0,0,1145.9,864|1146|1336|2188|2207
401507155,Arike Ogunbowale,away,3,2349.8,0,2344.9,987|2345|2350
401507155,Natasha Cloud,home,2,,0,1180.9,1173|1181
401507155,Elena Delle Donne,home,3,2369.9,0,1991.0,1452|1991|2370
401507155,Maddy Siegrist,away,2,,0,2015.0,1626|2015
401507155,Shakira Austin,home,4,1950.0,0,1922.0,1784|1922|1950|2385
401507155,Brittney Sykes,home,1,,0,,2140
401507156,Cheyenne Parker,home,3,1255.0,0,805.0,245|805|1255
401507156,Naz Hillmon,home,3,1649.0,0,1611.0,388|1611|1649
401507156,Monique Billings,home,4,1142.8,1,485.0,416|485|1143|1561
401507156,Kelsey Plum,away,2,,0,1403.0,458|1403
401507156,Alysha Clark,away,4,1123.0,1,1036.0,677|1036|1123|2060
401507156,Kiah Stokes,away,3,2171.0,0,2024.0,790|2024|2171
401507156,A'ja Wilson,away,1,,0,,1009
401507156,Haley Jones,home,2,,0,1887.0,1073|1887
401507156,Candace Parker,away,2,,0,2254.0,1326|2254
401507156,Nia Coffey,home,1,,0,,1398
401507156,Rhyne Howard,home,1,,0,,1466
401507156,Allisha Gray,home,2,,0,1738.0,1531|1738
401507156,Lorela Cubaj,home,4,2163.0,0,1937.0,1775|1937|2163|2302
401507156,Jackie Young,away,1,,0,,2364
401507156,Rhyne Howard personal,home,1,,0,,2381
401507158,Brianna Turner,home,3,1558.0,0,1547.0,12|1547|1558
401507158,Brittney Griner,home,4,1974.0,0,1439.0,39|1439|1974|2619
401507158,Sophie Cunningham,home,4,2080.0,0,492.0,70|492|2080|2221
401507158,Chiney Ogwumike,away,6,947.0,1,774.0,219|774|947|1276|1960|2379
401507158,Karlie Samuelson,away,3,1713.0,0,619.0,562|619|1713
401507158,Joyner Holmes,away,2,,0,609.0,565|609
401507158,Nia Clouden,away,1,,0,,600
401507158,Nneka Ogwumike,away,5,1452.0,0,1101.0,669|1101|1452|1774|2186
401507158,Diana Taurasi,home,4,1633.0,0,891.0,763|891|1633|1835
401507158,Megan Gustafson,home,1,,0,,984
401507158,Michaela Onyenwere,home,3,2154.0,0,1938.0,1254|1938|2154
401507158,Moriah Jefferson,home,4,1898.0,0,1847.0,1287|1847|1898|2685
401507158,Jordin Canada,away,2,,0,2645.8,1361|2646
401507158,Dearica Hamby,away,1,,0,,1541
401507158,Zia Cooke,away,1,,0,,1915
401507158,Lexie Brown,away,1,,0,,1997
401507159,Ariel Atkins,home,5,1197.9,1,447.0,133|447|1198|1967|2112
401507159,Brittney Sykes,home,3,1761.9,0,693.0,162|693|1762
401507159,Dorka Juhasz,away,2,,0,1493.0,281|1493
401507159,Napheesa Collier,away,3,2345.9,0,1518.0,378|1518|2346
401507159,Tianna Hawkins,home,3,1737.0,0,966.0,572|966|1737
401507159,Nikolina Milic,away,2,,0,655.0,632|655
401507159,Li Meng,home,2,,0,1775.0,733|1775
401507159,Tiffany Mitchell,away,4,1539.0,0,1038.0,947|1038|1539|1977
401507159,Napheesa Collier defensive 3-seconds (technical,away,1,,0,,1053
401507159,Kayla McBride,away,1,,0,,1381
401507159,Elena Delle Donne,home,3,2226.0,0,2120.0,1412|2120|2226
401507159,Lindsay Allen,away,1,,0,,1664
401507159,Natasha Cloud,home,1,,0,,2385
401507160,Layshia Clarendon,home,4,2189.0,0,1429.0,162|1429|2189|2235
401507160,Mercedes Russell,away,1,,0,,172
401507160,Chiney Ogwumike,home,2,,0,771.0,298|771
401507160,Yvonne Turner,away,1,,0,,315
401507160,Ezi Magbegor,away,5,1221.0,0,1017.0,402|1017|1221|1723|2388
401507160,Jordan Horston,away,1,,0,,504
401507160,Joyner Holmes,home,1,,0,,658
401507160,Zia Cooke,home,1,,0,,713
401507160,Jordin Canada,home,1,,0,,944
401507160,Kia Nurse,away,3,1946.0,0,1517.0,1214|1517|1946
401507160,Nneka Ogwumike,home,3,2151.0,0,1753.9,1506|1754|2151
401507160,Kaila Charles,away,4,2069.0,0,1771.9,1717|1772|2069|2116
401507160,Sami Whitcomb,away,3,2357.9,0,2103.0,1744|2103|2358
401507160,Jade Melbourne,away,3,2394.0,0,2254.0,1824|2254|2394
401507160,Jewell Loyd,away,1,,0,,2180
401507160,Dearica Hamby,home,1,,0,,2342
401507160,Jordin Canada clear path,home,1,,0,,2371
401507161,Veronica Burton,away,2,,0,1628.0,235|1628
401507161,Natasha Howard,away,6,631.0,1,350.0,257|350|631|1657|2208|2354
401507161,Satou Sabally,away,5,1757.0,0,404.0,305|404|1757|1835|2368
401507161,DeWanna Bonner,home,1,,0,,514
401507161,Tiffany Hayes,home,5,1381.0,0,1230.0,600|1230|1381|2066|2385
401507161,Arike Ogunbowale,away,5,1669.0,0,1434.0,732|1434|1669|1870|2340
401507161,Rebecca Allen,home,2,,0,930.0,773|930
401507161,Olivia Nelson-Ododa,home,1,,0,,888
401507161,Maddy Siegrist,away,3,1649.0,0,1647.0,904|1647|1649
401507161,Alyssa Thomas,home,2,,0,2006.0,977|2006
401507161,Natisha Hiedeman,home,3,2011.0,0,1067.0,982|1067|2011
401507161,Awak Kuier,away,1,,0,,988
401507161,Kalani Brown,away,1,,0,,1125
401507161,Brionna Jones,home,3,2363.9,0,2125.0,1143|2125|2364
401507161,DiJonai Carrington,home,1,,0,,1902
401507161,Arike Ogunbowale personal,away,1,,0,,2392
401507162,Kahleah Copper,away,3,1445.0,0,617.0,195|617|1445
401507162,Kristine Anigwe,away,3,1602.0,0,650.0,551|650|1602
401507162,Nyara Sabally,home,1,,0,,791
401507162,Kayla Thornton,home,2,,0,1695.0,849|1695
401507162,Stefanie Dolson,home,4,997.0,1,986.0,921|986|997|1499
401507162,Betnijah Laney,home,2,,0,2071.0,1046|2071
401507162,Marine Johannes,home,2,,0,2285.0,1106|2285
401507162,Courtney Williams,away,2,,0,1578.0,1141|1578
401507162,Jonquel Jones,home,1,,0,,1379
401507162,Breanna Stewart,home,3,2355.8,0,2148.0,1391|2148|2356
401507162,Courtney Vandersloot,home,4,2376.9,0,1454.0,1425|1454|2377|2383
401507162,Sabrina Ionescu,home,4,2333.0,0,1844.0,1479|1844|2333|2373
401507162,Kristine Anigwe defensive 3-seconds (technical,away,1,,0,,1635
401507162,Marina Mabrey,away,2,,0,2229.0,1646|2229
401507162,Alanna Smith,away,2,,0,2062.0,1959|2062
401507162,Elizabeth Williams,away,1,,0,,2308
401507162,Sabrina Ionescu personal,home,1,,0,,2392
401507163,Lexie Hull,home,4,1458.0,0,199.0,51|199|1458|1532
401507163,Kelsey Plum,away,2,,0,1520.0,86|1520
401507163,Erica Wheeler,home,4,1395.0,0,1322.0,149|1322|1395|2152
401507163,A'ja Wilson,away,3,1307.0,0,981.0,181|981|1307
401507163,Aliyah Boston,home,5,963.0,1,408.0,276|408|963|1567|2089
401507163,Jackie Young,away,2,,0,2132.0,581|2132
401507163,Grace Berger,home,2,,0,698.0,636|698
401507163,Kierstan Bell,away,1,,0,,679
401507163,Alysha Clark,away,2,,0,1642.0,689|1642
401507163,Queen Egbo,home,3,1866.0,0,1089.0,1030|1089|1866
401507163,Chelsea Gray,away,2,,0,1304.0,1282|1304
401507163,Kiah Stokes,away,2,,0,2280.0,1909|2280
401507163,Victoria Vivians,home,1,,0,,2015
401507163,NaLyssa Smith,home,2,,0,2375.9,2063|2376
401507163,Kelsey Mitchell,home,1,,0,,2157
401507163,Candace Parker,away,1,,0,,2353
401507163,Erica Wheeler personal,home,1,,0,,2399
401507164,Brionna Jones,home,1,,0,,16
401507164,Jackie Young,away,2,,0,1271.0,57|1271
401507164,Chelsea Gray,away,2,,0,1247.0,330|1247
401507164,DiJonai Carrington,home,2,,0,1112.0,392|1112
401507164,Tiffany Hayes,home,5,1389.0,0,761.0,403|761|1389|1817|1847
401507164,Tyasha Harris,home,1,,0,,631
401507164,Kelsey Plum,away,3,1162.9,1,653.0,639|653|1163
401507164,Olivia Nelson-Ododa,home,1,,0,,673
401507164,Natisha Hiedeman,home,5,1015.0,1,872.0,840|872|1015|1516|2372
401507164,Alyssa Thomas,home,2,,0,1859.0,913|1859
401507164,Candace Parker,away,4,1476.0,0,1131.0,1021|1131|1476|2065
401507164,A'ja Wilson,away,4,2081.0,0,1793.8,1049|1794|2081|2283
401507164,DeWanna Bonner,home,2,,0,1821.0,1323|1821
401507164,Kiah Stokes,away,1,,0,,1714
401507164,Alysha Clark,away,1,,0,,2266
401507164,Rebecca Allen,home,1,,0,,2325
401507164,Brionna Jones personal,home,1,,0,,2381
401507165,NaLyssa Smith,away,3,774.0,1,426.0,18|426|774
401507165,Lexie Hull,away,1,,0,,115
401507165,Elizabeth Williams,home,5,998.0,1,734.0,179|734|998|1679|2550
401507165,Kahleah Copper,home,2,,0,402.0,369|402
401507165,Queen Egbo,away,2,,0,534.0,522|534
401507165,Sika Kone,home,2,,0,816.0,595|816
401507165,Erica Wheeler,away,4,2266.0,0,1697.0,777|1697|2266|2287
401507165,Victoria Vivians,away,3,1588.0,0,1052.0,976|1052|1588
401507165,Aliyah Boston defensive 3-seconds (technical,away,1,,0,,1084
401507165,Alanna Smith,home,3,1996.0,0,1386.0,1108|1386|1996
401507165,Aliyah Boston,away,2,,0,2273.0,1326|2273
401507165,Dana Evans,home,2,,0,2036.0,1447|2036
401507165,Robyn Parks,home,2,,0,1917.0,1750|1917
401507165,Marina Mabrey,home,1,,0,,1779
401507165,Grace Berger,away,1,,0,,1945
401507165,Kristy Wallace personal,away,2,,0,2679.9,2679|2680
401507165,Kelsey Mitchell personal,away,2,,0,2694.0,2689|2694
401507166,Jewell Loyd,home,3,2032.0,0,793.0,102|793|2032
401507166,Sami Whitcomb,home,2,,0,930.0,244|930
401507166,Dulcy Fankam Mendjiadeu,home,3,2022.0,0,1636.0,278|1636|2022
401507166,Azura Stevens,away,4,741.0,1,688.0,421|688|741|1200
401507166,Nneka Ogwumike,away,3,1716.0,0,537.0,473|537|1716
401507166,Jade Melbourne,home,3,1912.0,0,1859.0,512|1859|1912
401507166,Ezi Magbegor,home,4,1403.0,0,1190.9,523|1191|1403|1597
401507166,Jordin Canada,away,3,2202.0,0,2004.0,890|2004|2202
401507166,Lexie Brown,away,4,2122.0,0,1957.0,1019|1957|2122|2301
401507166,Layshia Clarendon,away,5,1269.0,0,1051.0,1039|1051|1269|1445|1542
401507166,Yvonne Turner,home,1,,0,,1078
401507166,Mercedes Russell,home,3,1374.0,0,1339.0,1239|1339|1374
401507166,Dearica Hamby,away,1,,0,,1328
401507166,Kia Nurse,home,1,,0,,1366
401507166,Jordan Horston,home,1,,0,,1476
401507166,Karlie Samuelson,away,1,,0,,1648
401507166,Ivana Dojkic,home,1,,0,,2219
401507168,Satou Sabally,home,4,2129.0,0,258.0,151|258|2129|2389
401507168,Michaela Onyenwere,away,3,2163.0,0,807.0,233|807|2163
401507168,Diana Taurasi,away,4,1701.0,0,1421.0,267|1421|1701|2153
401507168,Natasha Howard,home,4,643.0,1,378.0,340|378|643|1640
401507168,Kalani Brown,home,5,852.0,1,676.0,547|676|852|1525|1793
401507168,Arike Ogunbowale,home,2,,0,1861.0,767|1861
401507168,Shey Peddy,away,2,,0,1466.0,984|1466
401507168,Sug Sutton,away,1,,0,,999
401507168,Kadi Sissoko,away,1,,0,,1002
401507168,Sophie Cunningham,away,6,2004.0,0,1767.9,1121|1768|2004|2035|2102|2373
401507168,Brittney Griner,away,2,,0,1625.0,1147|1625
401507168,Odyssey Sims,home,1,,0,,1338
401507168,Brianna Turner,away,3,1988.0,0,1710.0,1657|1710|1988
401507168,Veronica Burton,home,1,,0,,1923
401507168,Diana Taurasi personal,away,1,,0,,2374
401507168,Brianna Turner personal,away,1,,0,,2380
401507168,Brittney Griner personal,away,1,,0,,2396
401507169,Kelsey Plum,away,3,1774.0,0,1650.0,15|1650|1774
401507169,DeWanna Bonner,home,3,2039.0,0,76.0,68|76|2039
401507169,Alyssa Thomas,home,3,1641.0,0,880.0,317|880|1641
401507169,Brionna Jones,home,2,,0,1704.0,493|1704
401507169,Natisha Hiedeman,home,2,,0,718.0,510|718
401507169,Kiah Stokes,away,3,1734.0,0,992.0,520|992|1734
401507169,Chelsea Gray,away,4,1292.0,0,887.0,585|887|1292|1949
401507169,Tiffany Hayes,home,3,2140.0,0,1480.0,824|1480|2140
401507169,Alysha Clark,away,2,,0,2255.0,845|2255
401507169,Jackie Young,away,2,,0,2053.0,880|2053
401507169,Tyasha Harris,home,1,,0,,1107
401507169,Candace Parker,away,1,,0,,1178
401507169,Cayla George,away,2,,0,2211.0,1553|2211
401507169,Rebecca Allen,home,1,,0,,2132
401507169,Olivia Nelson-Ododa,home,1,,0,,2336
401507169,DiJonai Carrington,home,2,,0,2350.0,2342|2350
401507169,Sydney Colson personal,away,1,,0,,2343
401507170,Cheyenne Parker,home,2,,0,349.0,87|349
401507170,Betnijah Laney,away,2,,0,981.0,121|981
401507170,Allisha Gray,home,2,,0,860.0,205|860
401507170,Courtney Vandersloot,away,1,,0,,214
401507170,Haley Jones,home,4,1677.0,0,589.9,416|590|1677|1909
401507170,Breanna Stewart,away,3,1186.9,1,1050.0,483|1050|1187
401507170,Laeticia Amihere,home,2,,0,1817.0,685|1817
401507170,Rhyne Howard,home,2,,0,1946.0,692|1946
401507170,Naz Hillmon,home,4,1077.0,1,831.0,766|831|1077|1101
401507170,Cheyenne Parker defensive 3-seconds (technical,home,1,,0,,828
401507170,Stefanie Dolson,away,3,1371.0,0,955.0,877|955|1371
401507170,Nia Coffey,home,3,1858.0,0,1168.9,927|1169|1858
401507170,AD Durr,home,1,,0,,1003
401507170,Jonquel Jones,away,4,1265.0,0,1243.0,1070|1243|1265|1825
401507170,Sabrina Ionescu,away,1,,0,,1254
401507170,Marine Johannes,away,2,,0,1840.0,1750|1840
401507170,Kayla Thornton,away,1,,0,,1896
401507170,Nyara Sabally,away,3,2353.9,0,2340.0,2222|2340|2354
401507171,Sug Sutton,away,2,,0,509.0,55|509
401507171,Natasha Howard,home,2,,0,498.0,72|498
401507171,Sophie Cunningham,away,3,1480.0,0,883.0,104|883|1480
401507171,Kalani Brown,home,4,1978.0,0,731.0,179|731|1978|2095
401507171,Veronica Burton,home,3,1432.0,0,1078.0,217|1078|1432
401507171,Odyssey Sims,home,1,,0,,467
401507171,Satou Sabally,home,3,2089.0,0,737.0,655|737|2089
401507171,Brittney Griner,away,3,1945.0,0,1181.9,687|1182|1945
401507171,Arike Ogunbowale,home,4,1656.0,0,1648.0,754|1648|1656|1799
401507171,Diana Taurasi,away,2,,0,1931.0,836|1931
401507171,Michaela Onyenwere,away,2,,0,1457.0,852|1457
401507171,Megan Gustafson,away,1,,0,,903
401507171,Brianna Turner,away,3,2275.0,0,1088.0,1057|1088|2275
401507171,Shey Peddy,away,2,,0,2126.0,1737|2126
401507171,Jasmine Dickey,home,2,,0,2399.0,2373|2399
401507172,Lexie Hull,away,3,335.0,1,182.0,116|182|335
401507172,Jessica Shepard,home,2,,0,2085.0,157|2085
401507172,Napheesa Collier,home,1,,0,,472
401507172,Lindsay Allen,home,1,,0,,485
401507172,Victoria Vivians,away,3,1628.0,0,951.0,573|951|1628
401507172,Queen Egbo,away,3,846.0,1,804.0,665|804|846
401507172,Maya Caldwell,away,1,,0,,836
401507172,Tiffany Mitchell,home,1,,0,,869
401507172,NaLyssa Smith,away,2,,0,2276.0,1059|2276
401507172,Dorka Juhasz,home,3,2337.0,0,1557.0,1134|1557|2337
401507172,Aliyah Boston,away,3,2162.0,0,1729.0,1169|1729|2162
401507172,Kelsey Mitchell,away,1,,0,,1400
401507172,Kristy Wallace,away,3,2223.0,0,1500.0,1497|1500|2223
401507172,Rachel Banham,home,3,2286.0,0,2211.0,1836|2211|2286
401507172,Erica Wheeler,away,1,,0,,2233
401507172,Kayla McBride,home,1,,0,,2300
401507172,Tiffany Mitchell personal,home,1,,0,,2396
401507173,Marina Mabrey,away,4,2129.0,0,1975.0,54|1975|2129|2233
401507173,Nneka Ogwumike,home,2,,0,991.0,100|991
401507173,Kahleah Copper,away,2,,0,2292.0,133|2292
401507173,Elizabeth Williams,away,2,,0,2268.0,217|2268
401507173,Alanna Smith,away,5,1206.0,0,1141.0,497|1141|1206|1254|1811
401507173,Dearica Hamby,home,1,,0,,505
401507173,Sika Kone,away,2,,0,1646.0,583|1646
401507173,Azura Stevens,home,1,,0,,728
401507173,Jordin Canada,home,2,,0,2200.0,1068|2200
401507173,Dana Evans,away,2,,0,1883.0,1112|1883
401507173,Karlie Samuelson,home,2,,0,2277.0,1370|2277
401507173,Courtney Williams,away,1,,0,,1533
401507173,Jasmine Thomas,home,1,,0,,1818
401507173,Zia Cooke defensive 3-seconds (technical,home,1,,0,,1903
401507174,Kia Nurse,home,2,,0,2163.0,107|2163
401507174,Ariel Atkins,away,2,,0,1280.0,231|1280
401507174,Jordan Horston,home,2,,0,2113.0,397|2113
401507174,Shatori Walker-Kimbrough,away,1,,0,,523
401507174,Jade Melbourne,home,3,2326.0,0,1967.0,532|1967|2326
401507174,Kristi Toliver,away,2,,0,1586.0,607|1586
401507174,Ivana Dojkic,home,2,,0,2320.0,752|2320
401507174,Jade Melbourne defensive 3-seconds (technical,home,1,,0,,794
401507174,Shakira Austin,away,2,,0,2343.0,983|2343
401507174,Elena Delle Donne,away,3,2218.0,0,1834.0,1032|1834|2218
401507174,Li Meng,away,2,,0,2086.0,1055|2086
401507174,Ezi Magbegor,home,3,1711.0,0,1589.0,1145|1589|1711
401507174,Natasha Cloud,away,2,,0,1913.0,1337|1913
401507174,Dulcy Fankam Mendjiadeu,home,1,,0,,1775
401507174,Arella Guirantes,home,1,,0,,1798
401507174,Tianna Hawkins,away,2,,0,2245.0,1861|2245
401507174,Brittney Sykes,away,1,,0,,2311
401507174,Sami Whitcomb,home,1,,0,,2398
401507175,Veronica Burton,away,2,,0,862.0,18|862
401507175,Betnijah Laney,home,5,1431.0,0,181.0,138|181|1431|2208|2300
401507175,Satou Sabally,away,4,1481.0,0,1416.0,196|1416|1481|1876
401507175,Courtney Vandersloot,home,3,2341.9,0,926.0,275|926|2342
401507175,Arike Ogunbowale,away,2,,0,1126.0,421|1126
401507175,Kayla Thornton,home,1,,0,,568
401507175,Nyara Sabally,home,2,,0,1864.0,665|1864
401507175,Natasha Howard,away,5,1407.0,0,913.0,686|913|1407|1449|1990
401507175,Jonquel Jones,home,5,1424.0,0,832.0,811|832|1424|2036|2272
401507175,Stefanie Dolson,home,1,,0,,1068
401507175,Odyssey Sims,away,2,,0,2222.0,1131|2222
401507175,Jasmine Dickey,away,2,,0,2310.0,1194|2310
401507175,Sabrina Ionescu,home,2,,0,2114.0,1766|2114
401507175,Kalani Brown,away,1,,0,,1837
401507175,Maddy Siegrist,away,1,,0,,2187
401507176,Chelsea Gray,home,2,,0,1376.0,300|1376
401507176,Elizabeth Williams,away,3,877.0,1,442.0,325|442|877
401507176,Marina Mabrey,away,3,2273.0,0,1098.0,472|1098|2273
401507176,Jackie Young,home,2,,0,760.0,492|760
401507176,Alanna Smith,away,4,1513.0,0,547.0,541|547|1513|1620
401507176,James Wade,away,1,,0,,541
401507176,Kelsey Plum,home,2,,0,1084.0,808|1084
401507176,Candace Parker,home,2,,0,1798.9,917|1799
401507176,A'ja Wilson,home,1,,0,,999
401507176,Sika Kone,away,1,,0,,1145
401507176,Alysha Clark,home,3,2175.0,0,2052.0,1519|2052|2175
401507176,Kiah Stokes,home,3,2266.0,0,1819.0,1630|1819|2266
401507176,Courtney Williams,away,1,,0,,1788
401507176,Kahleah Copper,away,1,,0,,2025
401507176,Sydney Colson,home,1,,0,,2118
401507176,Cayla George,home,1,,0,,2163
401507176,Kierstan Bell,home,1,,0,,2279
401507179,Shakira Austin,away,3,2232.0,0,2070.0,144|2070|2232
401507179,Kia Nurse,home,3,2323.0,0,2091.0,235|2091|2323
401507179,Ezi Magbegor,home,1,,0,,240
401507179,Jewell Loyd,home,2,,0,359.0,258|359
401507179,Natasha Cloud,away,5,1388.0,0,869.0,526|869|1388|2119|2129
401507179,Li Meng,away,2,,0,1813.0,628|1813
401507179,Brittney Sykes,away,3,1307.0,0,841.0,656|841|1307
401507179,Sami Whitcomb,home,1,,0,,669
401507179,Amanda Zahui B.,away,2,,0,1865.0,718|1865
401507179,Jade Melbourne,home,3,1908.0,0,970.0,836|970|1908
401507179,Myisha Hines-Allen,away,3,2141.0,0,2107.0,873|2107|2141
401507179,Ivana Dojkic,home,4,1714.0,0,1537.0,1002|1537|1714|1741
401507179,Jordan Horston,home,5,1646.0,0,1599.0,1270|1599|1646|1669|1991
401507179,Tianna Hawkins,away,1,,0,,1283
401507179,Ariel Atkins,away,1,,0,,1310
401507179,Jordan Horston personal,home,1,,0,,2385
401507179,Ivana Dojkic personal,home,1,,0,,2386
401507177,Allisha Gray,home,2,,0,318.0,71|318
401507177,Brionna Jones,away,5,985.0,1,444.0,134|444|985|1359|2025
401507177,Tiffany Hayes,away,5,717.0,1,292.0,159|292|717|1326|1530
401507177,Cheyenne Parker,home,4,1209.0,0,727.0,214|727|1209|1971
401507177,Monique Billings,home,3,1039.0,1,887.0,346|887|1039
401507177,AD Durr,home,4,816.0,1,598.0,432|598|816|1600
401507177,DiJonai Carrington,away,3,1926.0,0,1748.0,515|1748|1926
401507177,Naz Hillmon,home,4,1480.0,0,990.0,559|990|1480|1778
401507177,Olivia Nelson-Ododa,away,3,1565.0,0,1059.0,675|1059|1565
401507177,Nia Coffey,home,5,1141.9,1,1140.0,705|1140|1142|1918|2336
401507177,Alyssa Thomas,away,2,,0,1554.0,737|1554
401507177,Rebecca Allen,away,3,2010.0,0,1939.0,774|1939|2010
401507177,Rhyne Howard,home,2,,0,2214.0,947|2214
401507177,Natisha Hiedeman,away,1,,0,,1103
401507177,Laeticia Amihere,home,1,,0,,1124
401507177,Haley Jones,home,3,2352.9,0,1414.0,1241|1414|2353
401507178,Aliyah Boston,home,5,1457.0,0,1019.0,68|1019|1457|1483|2274
401507178,Michaela Onyenwere,away,3,2176.0,0,1191.9,268|1192|2176
401507178,Lexie Hull,home,3,1357.0,0,286.0,280|286|1357
401507178,Kadi Sissoko,away,2,,0,527.0,371|527
401507178,Sug Sutton,away,2,,0,1101.0,414|1101
401507178,Maya Caldwell,home,2,,0,509.0,444|509
401507178,Victoria Vivians,home,1,,0,,511
401507178,Queen Egbo,home,5,1513.0,0,1037.0,558|1037|1513|1840|1940
401507178,Brittney Griner,away,4,1318.0,0,793.0,740|793|1318|2295
401507178,Erica Wheeler,home,1,,0,,942
401507178,Sophie Cunningham,away,2,,0,2061.0,977|2061
401507178,Brianna Turner,away,2,,0,2250.0,989|2250
401507178,Kelsey Mitchell,home,1,,0,,997
401507178,Kristy Wallace,home,1,,0,,1012
401507178,NaLyssa Smith,home,1,,0,,1615
401507178,Diana Taurasi,away,2,,0,2135.0,1679|2135
401507178,Brittney Griner defensive 3-seconds (technical,away,1,,0,,1916
401507180,Jessica Shepard,home,1,,0,,63
401507180,Karlie Samuelson,away,2,,0,1008.0,162|1008
401507180,Nneka Ogwumike,away,4,1395.0,0,1322.0,173|1322|1395|1949
401507180,Jasmine Thomas,away,1,,0,,522
401507180,Azura Stevens,away,3,1046.0,1,771.0,526|771|1046
401507180,Napheesa Collier,home,2,,0,1087.0,556|1087
401507180,Nikolina Milic,home,2,,0,1889.0,615|1889
401507180,Zia Cooke,away,1,,0,,626
401507180,Rachel Banham,home,1,,0,,810
401507180,Tiffany Mitchell,home,5,1336.0,0,1279.0,925|1279|1336|1458|2170
401507180,Jordin Canada,away,3,2390.9,0,2300.0,936|2300|2391
401507180,Dearica Hamby,away,4,2023.0,0,1878.0,1093|1878|2023|2049
401507180,Dorka Juhasz,home,1,,0,,1176
401507180,Bridget Carleton,home,1,,0,,1592
401507180,Kayla McBride,home,2,,0,2075.0,1992|2075
401507180,Lexie Brown,away,1,,0,,2259
401507180,Karlie Samuelson personal,away,1,,0,,2381
401507181,Shakira Austin,away,3,2218.0,0,1683.0,26|1683|2218
401507181,Aliyah Boston,home,1,,0,,43
401507181,Erica Wheeler,home,5,1369.0,0,705.0,170|705|1369|2123|2356
401507181,Lexie Hull,home,3,1722.0,0,364.0,201|364|1722
401507181,Ariel Atkins,away,4,808.0,1,455.0,341|455|808|2314
401507181,Myisha Hines-Allen,away,2,,0,1556.0,474|1556
401507181,Tianna Hawkins,away,3,1977.0,0,1940.0,652|1940|1977
401507181,Kristy Wallace,home,2,,0,1723.0,699|1723
401507181,Li Meng defensive 3-seconds (technical,away,1,,0,,715
401507181,Li Meng,away,1,,0,,738
401507181,Victoria Vivians,home,3,1602.0,0,789.0,782|789|1602
401507181,Maya Caldwell,home,1,,0,,884
401507181,Shatori Walker-Kimbrough,away,2,,0,2392.9,968|2393
401507181,Brittney Sykes,away,2,,0,2240.0,1016|2240
401507181,NaLyssa Smith,home,2,,0,2015.0,1027|2015
401507181,Elena Delle Donne,away,2,,0,1493.0,1159|1493
401507181,Kelsey Mitchell,home,2,,0,1912.0,1217|1912
401507181,Eric Thibault,away,1,,0,,1512
401507182,Courtney Vandersloot,home,3,1310.0,0,972.0,48|972|1310
401507182,Jonquel Jones,home,4,1860.0,0,122.0,74|122|1860|2330
401507182,Allisha Gray,away,2,,0,2245.0,337|2245
401507182,Rhyne Howard,away,5,1734.0,0,861.0,437|861|1734|2119|2321
401507182,Kayla Thornton,home,2,,0,1986.0,503|1986
401507182,Nyara Sabally,home,1,,0,,537
401507182,Cheyenne Parker,away,2,,0,2076.0,631|2076
401507182,Breanna Stewart,home,3,2251.0,0,1794.9,1110|1795|2251
401507182,Marine Johannes,home,4,2050.0,0,1933.0,1117|1933|2050|2358
401507182,Nia Coffey,away,2,,0,1199.0,1124|1199
401507182,Haley Jones,away,2,,0,2041.0,1424|2041
401507182,Monique Billings,away,4,1926.0,0,1915.0,1635|1915|1926|2071
401507182,Stefanie Dolson,home,1,,0,,1648
401507182,AD Durr,away,1,,0,,1711
401507182,Betnijah Laney,home,1,,0,,2062
401507182,Breanna Stewart personal,home,1,,0,,2365
401507183,Michaela Onyenwere,home,3,1122.0,1,906.0,225|906|1122
401507183,Ivana Dojkic,away,2,,0,1136.0,249|1136
401507183,Diana Taurasi,home,3,1258.0,0,658.0,323|658|1258
401507183,Moriah Jefferson,home,3,2179.0,0,1625.0,610|1625|2179
401507183,Sophie Cunningham,home,3,1192.9,1,987.0,643|987|1193
401507183,Brittney Griner,home,1,,0,,705
401507183,Kia Nurse,away,3,1349.0,0,717.0,708|717|1349
401507183,Ezi Magbegor,away,2,,0,1681.0,863|1681
401507183,Jordan Horston,away,2,,0,1484.0,1068|1484
401507183,Brianna Turner,home,1,,0,,1094
401507183,Jewell Loyd,away,1,,0,,1443
401507183,Sami Whitcomb,away,3,1811.0,0,1770.0,1611|1770|1811
401507183,Megan Gustafson,home,2,,0,2257.0,1740|2257
401507183,Sug Sutton,home,1,,0,,2050
401507183,Kadi Sissoko,home,1,,0,,2213
401507183,Jade Melbourne,away,1,,0,,2300
401507183,Joyner Holmes,away,1,,0,,2377
401507184,Natasha Howard defensive 3-seconds (technical,home,1,,0,,37
401507184,Arike Ogunbowale,home,5,1504.0,0,1123.0,63|1123|1504|1920|2090
401507184,Kalani Brown,home,4,1609.0,0,650.0,161|650|1609|1940
401507184,Azura Stevens,away,4,1484.0,0,1467.0,176|1467|1484|2052
401507184,Azura Stevens defensive 3-seconds (technical,away,1,,0,,253
401507184,Dearica Hamby,away,2,,0,903.0,274|903
401507184,Nneka Ogwumike,away,3,1182.9,1,724.0,456|724|1183
401507184,Jordin Canada,away,2,,0,1702.0,495|1702
401507184,Karlie Samuelson,away,4,1981.0,0,1168.0,835|1168|1981|2345
401507184,Odyssey Sims,home,3,1737.0,0,1662.0,887|1662|1737
401507184,Awak Kuier,home,2,,0,2262.0,896|2262
401507184,Satou Sabally,home,2,,0,1770.8,918|1771
401507184,Zia Cooke,away,1,,0,,939
401507184,Natasha Howard,home,2,,0,2118.0,1159|2118
401507184,Lexie Brown,away,2,,0,2163.0,1307|2163
401507184,Veronica Burton,home,1,,0,,2080
401507185,Tiffany Hayes,home,3,2629.0,0,204.0,63|204|2629
401507185,Rhyne Howard,away,3,2237.0,0,2049.0,81|2049|2237
401507185,Cheyenne Parker,away,5,1292.0,0,828.0,229|828|1292|1538|2297
401507185,DeWanna Bonner,home,2,,0,1139.0,368|1139
401507185,Haley Jones,away,6,1366.0,0,1154.8,477|1155|1366|1496|2093|2598
401507185,Allisha Gray,away,4,2024.0,0,1372.0,525|1372|2024|2689
401507185,Monique Billings,away,3,1917.0,0,1049.0,576|1049|1917
401507185,Rebecca Allen,home,4,1970.0,0,1027.0,762|1027|1970|2043
401507185,Alyssa Thomas,home,3,2107.0,0,1453.0,862|1453|2107
401507185,Brionna Jones,home,6,1469.0,0,1190.8,1009|1191|1469|2202|2487|2679
401507185,Nia Coffey,away,1,,0,,1125
401507185,Natisha Hiedeman,home,1,,0,,1423
401507185,DiJonai Carrington,home,1,,0,,1432
401507185,Naz Hillmon,away,2,,0,1988.0,1810|1988
401507185,DiJonai Carrington personal,home,1,,0,,2691
401507186,Lexie Hull,away,2,,0,1286.0,85|1286
401507186,Courtney Williams,home,1,,0,,99
401507186,Marina Mabrey,home,4,2148.0,0,1649.0,149|1649|2148|2222
401507186,NaLyssa Smith,away,3,1476.0,0,859.0,183|859|1476
401507186,Victoria Vivians,away,3,1961.0,0,1580.0,341|1580|1961
401507186,Elizabeth Williams,home,2,,0,1501.0,374|1501
401507186,Kelsey Mitchell,away,2,,0,1511.0,514|1511
401507186,Alanna Smith,home,3,1776.8,0,1213.0,529|1213|1777
401507186,Aliyah Boston,away,1,,0,,570
401507186,Sika Kone,home,2,,0,655.0,576|655
401507186,Erica Wheeler,away,2,,0,2252.0,674|2252
401507186,Queen Egbo,away,2,,0,728.0,679|728
401507186,Robyn Parks,home,5,1116.0,1,990.0,776|990|1116|1392|1891
401507186,James Wade,home,1,,0,,1777
401507186,Kristy Wallace,away,2,,0,2392.9,1941|2393
401507186,Maya Caldwell,away,1,,0,,1983
401507186,Dana Evans,home,1,,0,,2202
401507187,Kelsey Plum,home,3,1548.0,0,1325.0,137|1325|1548
401507187,Ezi Magbegor,away,4,1798.9,0,985.0,307|985|1799|2233
401507187,Mercedes Russell,away,1,,0,,481
401507187,Chelsea Gray,home,4,1400.0,0,829.0,735|829|1400|1686
401507187,Sami Whitcomb,away,1,,0,,747
401507187,Jordan Horston,away,1,,0,,998
401507187,Candace Parker,home,3,2189.0,0,2164.0,1160|2164|2189
401507187,Ivana Dojkic,away,3,1341.0,0,1218.0,1172|1218|1341
401507187,A'ja Wilson,home,1,,0,,1265
401507187,Dulcy Fankam Mendjiadeu,away,3,2149.0,0,1603.0,1599|1603|2149
401507187,Cayla George,home,3,2348.8,0,2292.0,1919|2292|2349
401507187,Yvonne Turner,away,1,,0,,1946
401507187,Kia Nurse,away,1,,0,,2008
401507188,Moriah Jefferson,away,2,,0,1324.0,4|1324
401507188,Li Meng,home,3,2001.0,0,245.0,238|245|2001
401507188,Sophie Cunningham defensive 3-seconds (technical,away,1,,0,,282
401507188,Michaela Onyenwere,away,3,1774.9,0,1424.0,409|1424|1775
401507188,Shakira Austin,home,2,,0,433.0,422|433
401507188,Kadi Sissoko,away,5,657.0,1,509.0,498|509|657|1655|2353
401507188,Evina Westbrook,away,1,,0,,572
401507188,Brittney Sykes,home,3,1394.0,0,869.0,719|869|1394
401507188,Brianna Turner,away,3,1683.0,0,1195.9,762|1196|1683
401507188,Sophie Cunningham,away,2,,0,1871.0,882|1871
401507188,Myisha Hines-Allen,home,1,,0,,945
401507188,Elena Delle Donne,home,3,2123.0,0,1333.0,1015|1333|2123
401507188,Kristi Toliver,home,1,,0,,1179
401507188,Tianna Hawkins,home,1,,0,,1494
401507188,Megan Gustafson,away,3,2386.0,0,2079.0,1567|2079|2386
401507188,Ariel Atkins,home,2,,0,2085.0,1911|2085
401507188,Amanda Zahui B.,home,1,,0,,1971
401507188,Sug Sutton,away,1,,0,,2203
401507188,technical,home,1,,0,,2386
401507189,Azura Stevens,home,1,,0,,104
401507189,Dearica Hamby,home,4,1873.0,0,1114.0,222|1114|1873|2367
401507189,Tiffany Mitchell,away,4,1689.0,0,1344.0,351|1344|1689|2305
401507189,Napheesa Collier,away,1,,0,,375
401507189,Nikolina Milic,away,4,1673.0,0,875.0,474|875|1673|1732
401507189,Jordin Canada,home,2,,0,1543.0,488|1543
401507189,Nneka Ogwumike,home,4,1145.0,1,713.0,519|713|1145|2045
401507189,Lindsay Allen,away,2,,0,635.0,564|635
401507189,Kayla McBride,away,1,,0,,594
401507189,Chiney Ogwumike,home,4,2053.0,0,1975.0,763|1975|2053|2164
401507189,Karlie Samuelson,home,6,1077.0,1,1011.0,851|1011|1077|1489|1496|2334
401507189,Rachel Banham,away,3,2312.0,0,2214.0,1193|2214|2312
401507189,Zia Cooke,home,1,,0,,1314
401507189,Dorka Juhasz,away,2,,0,2068.0,1412|2068
401507189,Rachel Banham defensive 3-seconds (technical,away,1,,0,,1679
401507189,Jasmine Thomas,home,1,,0,,2118
401507189,Azura Stevens personal,home,1,,0,,2382
401507190,Ivana Dojkic,away,5,2164.0,0,150.0,96|150|2164|2269|2364
401507190,Arike Ogunbowale,home,5,1491.0,0,912.0,103|912|1491|1786|2308
401507190,Satou Sabally,home,5,1608.0,0,865.0,199|865|1608|1859|2035
401507190,Natasha Howard,home,3,1642.0,0,1163.0,274|1163|1642
401507190,Crystal Dangerfield,home,4,1669.0,0,1171.8,372|1172|1669|2374
401507190,Mercedes Russell,away,1,,0,,391
401507190,Kia Nurse,away,3,1441.0,0,1319.0,475|1319|1441
401507190,Awak Kuier,home,1,,0,,555
401507190,Ezi Magbegor,away,4,972.0,1,712.0,639|712|972|1455
401507190,Dulcy Fankam Mendjiadeu,away,1,,0,,664
401507190,Jordan Horston,away,2,,0,1878.0,766|1878
401507190,Jewell Loyd,away,4,1524.0,0,1045.0,829|1045|1524|1689
401507190,Maddy Siegrist,home,1,,0,,877
401507190,Kalani Brown,home,3,1900.0,0,1631.0,1560|1631|1900
401507190,Veronica Burton,home,2,,0,2283.0,1663|2283
401507190,Veronica Burton personal,home,2,,0,2394.8,2385|2395
401507191,Jonquel Jones defensive 3-seconds (technical,home,1,,0,,181
401507191,Michaela Onyenwere,away,2,,0,827.0,186|827
401507191,Marine Johannes,home,3,1404.0,0,1013.0,236|1013|1404
401507191,Sophie Cunningham,away,5,1116.0,1,1080.0,283|1080|1116|2094|2294
401507191,Kayla Thornton,home,2,,0,1518.0,462|1518
401507191,Stefanie Dolson,home,1,,0,,487
401507191,Megan Gustafson,away,5,777.0,1,754.0,498|754|777|1471|1673
401507191,Brianna Turner,away,3,2373.0,0,2025.0,550|2025|2373
401507191,Moriah Jefferson,away,3,2183.0,0,2039.0,697|2039|2183
401507191,Betnijah Laney,home,2,,0,2074.0,1282|2074
401507191,Shey Peddy,away,4,2202.0,0,1618.0,1559|1618|2202|2319
401507191,Jocelyn Willoughby,home,1,,0,,1656
401507191,Evina Westbrook,away,1,,0,,1722
401507191,Nyara Sabally,home,1,,0,,1763
401507191,Stefanie Dolson defensive 3-seconds (technical,home,1,,0,,1969
401507191,Jonquel Jones,home,1,,0,,2100
401507191,Courtney Vandersloot,home,2,,0,2383.0,2219|2383
401507191,Sug Sutton,away,1,,0,,2245
401507192,Natasha Cloud,home,2,,0,1572.0,46|1572
401507192,Elizabeth Williams,away,1,,0,,62
401507192,Alanna Smith,away,5,1162.9,1,244.0,71|244|1163|1301|2322
401507192,Morgan Bertsch,away,4,1553.0,0,477.0,170|477|1553|2055
401507192,Ariel Atkins,home,4,1519.0,0,281.0,175|281|1519|1530
401507192,Taylor Soule,away,2,,0,594.0,217|594
401507192,Elena Delle Donne,home,1,,0,,263
401507192,Dana Evans,away,1,,0,,382
401507192,Sika Kone,away,2,,0,446.0,434|446
401507192,Shatori Walker-Kimbrough,home,2,,0,1597.0,482|1597
401507192,Myisha Hines-Allen,home,2,,0,994.0,495|994
401507192,Brittney Sykes,home,2,,0,2234.0,900|2234
401507192,Kahleah Copper,away,1,,0,,949
401507192,Courtney Williams,away,2,,0,1380.0,1241|1380
401507192,Marina Mabrey,away,1,,0,,1255
401507192,Shakira Austin,home,1,,0,,1771
401507192,Li Meng,home,1,,0,,2008
401507193,Nia Coffey,away,3,2082.0,0,628.0,173|628|2082
401507193,NaLyssa Smith,home,2,,0,727.0,195|727
401507193,Allisha Gray,away,2,,0,1586.0,276|1586
401507193,Kelsey Mitchell,home,4,1312.0,0,1054.0,332|1054|1312|2385
401507193,Danielle Robinson,away,3,1733.0,0,454.0,426|454|1733
401507193,Aliyah Boston,home,6,1985.0,0,1958.0,561|1958|1985|2146|2330|2398
401507193,NaLyssa Smith defensive 3-seconds (technical,home,1,,0,,654
401507193,Lexie Hull,home,2,,0,1416.0,761|1416
401507193,Cheyenne Parker,away,4,1973.0,0,1078.0,775|1078|1973|2356
401507193,Monique Billings,away,2,,0,886.0,853|886
401507193,Grace Berger,home,2,,0,1067.0,895|1067
401507193,Rhyne Howard,away,2,,0,2295.0,997|2295
401507193,Naz Hillmon,away,1,,0,,1101
401507193,Queen Egbo,home,1,,0,,1127
401507193,AD Durr,away,1,,0,,1132
401507193,Haley Jones,away,2,,0,2108.0,1966|2108
401507193,Kristy Wallace,home,1,,0,,2241
401507193,Erica Wheeler,home,2,,0,2370.9,2361|2371
401507194,Nneka Ogwumike,home,2,,0,1668.0,65|1668
401507194,Zia Cooke,home,1,,0,,182
401507194,Tiffany Hayes,away,2,,0,1471.0,220|1471
401507194,Brionna Jones,away,3,1360.0,0,499.0,410|499|1360
401507194,Dearica Hamby,home,2,,0,849.0,429|849
401507194,Alyssa Thomas,away,4,1338.0,0,613.0,461|613|1338|1550
401507194,Jasmine Thomas,home,1,,0,,640
401507194,Rebecca Allen,away,1,,0,,860
401507194,DiJonai Carrington,away,4,1658.0,0,937.0,928|937|1658|2175
401507194,Natisha Hiedeman,away,2,,0,1104.0,947|1104
401507194,Azura Stevens,home,1,,0,,969
401507194,Chiney Ogwumike,home,3,1985.0,0,1877.0,1187|1877|1985
401507194,DeWanna Bonner,away,2,,0,1847.0,1621|1847
401507194,Chiney Ogwumike defensive 3-seconds (technical,home,1,,0,,1632
401507194,Karlie Samuelson,home,3,2232.0,0,1829.0,1795|1829|2232
401507194,Curt Miller,home,1,,0,,2313
401507194,Jordin Canada,home,1,,0,,2362
401507195,Bridget Carleton,away,4,1407.0,0,698.0,205|698|1407|1462
401507195,Napheesa Collier,away,2,,0,1748.9,383|1749
401507195,Kelsey Plum,home,2,,0,877.0,394|877
401507195,Lindsay Allen,away,2,,0,1540.0,400|1540
401507195,Alysha Clark,home,3,2312.0,0,1585.0,706|1585|2312
401507195,Cayla George,home,2,,0,2234.0,925|2234
401507195,A'ja Wilson,home,1,,0,,941
401507195,Rachel Banham,away,2,,0,1079.0,1031|1079
401507195,Candace Parker,home,2,,0,2057.0,1048|2057
401507195,Tiffany Mitchell,away,2,,0,2023.0,1057|2023
401507195,Jackie Young,home,1,,0,,1554
401507195,Emily Engstler,away,1,,0,,1799
401507195,Nikolina Milic,away,1,,0,,1980
401507195,Dorka Juhasz,away,1,,0,,2157
401507195,Sydney Colson,home,1,,0,,2271
401507195,Kierstan Bell,home,1,,0,,2277
401507196,Nia Coffey defensive 3-seconds (technical,away,1,,0,,52
401507196,Natasha Howard,home,3,1535.0,0,877.0,78|877|1535
401507196,Rhyne Howard,away,1,,0,,149
401507196,Satou Sabally,home,4,1639.0,0,1496.0,187|1496|1639|2036
401507196,Haley Jones,away,4,1321.0,0,704.0,317|704|1321|2328
401507196,Danielle Robinson,away,6,1172.9,1,494.0,350|494|1173|1678|2169|2253
401507196,Kalani Brown,home,4,1065.0,1,974.0,516|974|1065|1695
401507196,Naz Hillmon,away,1,,0,,635
401507196,Teaira McCowan,home,4,1880.0,0,1288.0,655|1288|1880|1961
401507196,Allisha Gray,away,3,1482.0,0,1271.0,908|1271|1482
401507196,Cheyenne Parker defensive 3-seconds (technical,away,1,,0,,1012
401507196,Crystal Dangerfield,home,2,,0,1388.0,1222|1388
401507196,Nia Coffey,away,1,,0,,1272
401507196,Arike Ogunbowale,home,2,,0,2298.0,1310|2298
401507196,Cheyenne Parker,away,1,,0,,1447
401507196,Danielle Robinson defensive 3-seconds (technical,away,1,,0,,1487
401507196,Monique Billings,away,1,,0,,1652
401507196,Veronica Burton,home,3,2382.0,0,2370.9,1665|2371|2382
401507196,AD Durr,away,1,,0,,1735
401507196,Maddy Siegrist,home,1,,0,,1749
401507196,Satou Sabally defensive 3-seconds (technical,home,1,,0,,1835
401507196,Laeticia Amihere,away,1,,0,,2209
401507196,Laeticia Amihere defensive 3-seconds (technical,away,1,,0,,2285
401507196,Latricia Trammell,home,1,,0,,2298
401507197,Kayla McBride,away,2,,0,1979.0,180|1979
401507197,Tiffany Mitchell,away,4,1091.0,1,934.0,259|934|1091|1269
401507197,Dearica Hamby,home,2,,0,1463.0,282|1463
401507197,Karlie Samuelson,home,2,,0,641.0,293|641
401507197,Chiney Ogwumike,home,3,823.0,1,704.0,574|704|823
401507197,Azura Stevens,home,3,1416.0,0,1177.9,847|1178|1416
401507197,Azura Stevens defensive 3-seconds (technical,home,1,,0,,957
401507197,Rae Burrell,home,1,,0,,1018
401507197,Napheesa Collier,away,4,1717.0,0,1451.0,1042|1451|1717|2146
401507197,Lindsay Allen,away,1,,0,,1070
401507197,Nneka Ogwumike,home,2,,0,1505.0,1108|1505
401507197,Jordin Canada,home,5,1795.9,0,1795.9,1285|1796|1796|2096|2399
401507197,Nikolina Milic,away,2,,0,2150.0,1493|2150
401507197,Bridget Carleton,away,1,,0,,2014
401507197,Azura Stevens personal,home,1,,0,,2391
401507197,Nneka Ogwumike personal,home,1,,0,,2392
401507198,Tiffany Hayes,away,5,913.0,1,354.0,24|354|913|1872|2310
401507198,Kia Nurse,home,2,,0,1227.0,71|1227
401507198,Jewell Loyd,home,2,,0,2211.0,198|2211
401507198,Noelle Quinn,home,2,,0,2246.0,298|2246
401507198,Ezi Magbegor,home,3,1034.0,1,512.0,334|512|1034
401507198,Brionna Jones,away,5,1735.0,0,494.0,420|494|1735|1958|2169
401507198,Natisha Hiedeman,away,4,2071.0,0,1303.0,448|1303|2071|2389
401507198,Rebecca Allen,away,2,,0,523.0,489|523
401507198,Olivia Nelson-Ododa,away,3,1872.0,0,651.0,643|651|1872
401507198,DiJonai Carrington,away,3,2355.9,0,973.0,655|973|2356
401507198,Joyner Holmes,home,2,,0,1608.0,701|1608
401507198,Jordan Horston,home,3,1768.0,0,1565.0,824|1565|1768
401507198,Alyssa Thomas,away,2,,0,1868.0,1017|1868
401507198,Mercedes Russell,home,3,1450.0,0,1410.0,1217|1410|1450
401507198,Ivana Dojkic,home,3,2336.0,0,1948.0,1455|1948|2336
401507198,Sami Whitcomb,home,1,,0,,1812
401507199,Sug Sutton,home,3,2374.9,0,308.0,69|308|2375
401507199,Moriah Jefferson,home,4,1277.0,0,1151.9,140|1152|1277|1757
401507199,A'ja Wilson,away,4,1650.0,0,893.0,208|893|1650|1657
401507199,Brianna Turner,home,3,1426.0,0,1040.0,226|1040|1426
401507199,Jackie Young,away,1,,0,,280
401507199,Sophie Cunningham,home,5,1048.0,1,431.0,400|431|1048|1387|2082
401507199,Kelsey Plum,away,2,,0,1252.0,553|1252
401507199,Chelsea Gray,away,1,,0,,555
401507199,Alysha Clark,away,2,,0,2069.0,868|2069
401507199,Michaela Onyenwere,home,5,2088.0,0,1454.0,1233|1454|2088|2150|2184
401507199,Sam Thomas,home,1,,0,,1605
401507199,Candace Parker,away,2,,0,2003.0,1895|2003
401507199,Kierstan Bell,away,2,,0,2200.0,2112|2200
401507199,Sydney Colson,away,2,,0,2343.9,2322|2344
401507199,Megan Gustafson,home,1,,0,,2371
401507200,Brittney Sykes,away,2,,0,1729.0,15|1729
401507200,Alanna Smith,home,4,1508.0,0,1054.0,102|1054|1508|2013
401507200,Morgan Bertsch,home,1,,0,,621
401507200,Abby Meyers,away,1,,0,,693
401507200,Dana Evans,home,1,,0,,728
401507200,Courtney Williams,home,3,2264.0,0,2103.0,825|2103|2264
401507200,Ariel Atkins,away,4,1876.0,0,1082.0,860|1082|1876|1883
401507200,Marina Mabrey,home,2,,0,1391.0,954|1391
401507200,Natasha Cloud,away,3,2066.0,0,1455.0,1156|1455|2066
401507200,Shatori Walker-Kimbrough,away,3,1793.9,0,1694.0,1194|1694|1794
401507200,Kahleah Copper,home,4,1939.0,0,1411.0,1278|1411|1939|1939
401507200,Shakira Austin,away,2,,0,2090.0,1593|2090
401507200,Myisha Hines-Allen defensive 3-seconds (technical,away,1,,0,,1692
401507200,Tianna Hawkins,away,3,2020.0,0,1924.0,1714|1924|2020
401507200,Elena Delle Donne,away,1,,0,,1990
401507200,Myisha Hines-Allen,away,2,,0,2325.0,2055|2325
401507201,Tiffany Mitchell,home,3,1263.0,0,683.0,63|683|1263
401507201,DeWanna Bonner,away,3,1442.0,0,143.0,75|143|1442
401507201,Kayla McBride,home,1,,0,,163
401507201,Rebecca Allen,away,2,,0,1109.0,189|1109
401507201,Bridget Carleton,home,4,2159.0,0,1263.0,196|1263|2159|2322
401507201,Lindsay Allen,home,5,1001.0,1,791.0,264|791|1001|1586|1999
401507201,Dorka Juhasz,home,5,914.0,1,307.0,270|307|914|2129|2168
401507201,Alyssa Thomas,away,2,,0,1105.0,367|1105
401507201,Olivia Nelson-Ododa,away,3,566.9,1,518.0,479|518|567
401507201,DiJonai Carrington,away,4,1937.0,0,770.0,507|770|1937|2240
401507201,Napheesa Collier,home,1,,0,,545
401507201,Nikolina Milic,home,3,1659.0,0,1034.0,642|1034|1659
401507201,Tiffany Hayes,away,3,1377.0,0,1045.0,982|1045|1377
401507201,Natisha Hiedeman,away,2,,0,2138.0,1309|2138
401507201,Emily Engstler,home,1,,0,,1663
401507201,Rachel Banham,home,1,,0,,1757
401507201,Leigha Brown,away,4,2147.0,0,2065.0,1828|2065|2147|2336
401507202,Lexie Hull,away,2,,0,347.0,188|347
401507202,Mercedes Russell,home,1,,0,,210
401507202,Aliyah Boston,away,2,,0,2278.0,256|2278
401507202,Emma Cannon,away,3,1659.0,0,533.0,457|533|1659
401507202,Ezi Magbegor,home,3,1437.0,0,838.0,667|838|1437
401507202,NaLyssa Smith,away,5,1430.0,0,1336.0,832|1336|1430|1468|2243
401507202,Sami Whitcomb,home,3,910.0,1,890.0,855|890|910
401507202,Maya Caldwell,away,2,,0,2084.0,866|2084
401507202,Queen Egbo,away,1,,0,,1063
401507202,Kristy Wallace,away,2,,0,1771.9,1108|1772
401507202,Ivana Dojkic,home,2,,0,1661.0,1204|1661
401507202,Jewell Loyd,home,4,1961.0,0,1845.0,1422|1845|1961|2148
401507202,Erica Wheeler,away,1,,0,,1458
401507202,Aliyah Boston defensive 3-seconds (technical,away,1,,0,,1539
401507202,Jordan Horston,home,2,,0,1740.0,1710|1740
401507202,Joyner Holmes,home,1,,0,,1825
401507202,Victaria Saxton,away,2,,0,1925.0,1854|1925
401507202,Kelsey Mitchell,away,2,,0,2355.0,2201|2355
401507203,Haley Jones,home,4,1945.0,0,1299.0,113|1299|1945|2321
401507203,Courtney Vandersloot,away,4,1451.0,0,793.0,245|793|1451|1511
401507203,Rhyne Howard,home,4,1642.0,0,444.0,289|444|1642|1706
401507203,Nia Coffey,home,1,,0,,319
401507203,Marine Johannes,away,1,,0,,337
401507203,Stefanie Dolson,away,5,1561.0,0,509.0,376|509|1561|1623|2150
401507203,AD Durr,home,1,,0,,498
401507203,Cheyenne Parker,home,1,,0,,637
401507203,Monique Billings,home,3,2378.0,0,2278.0,921|2278|2378
401507203,Allisha Gray,home,2,,0,1236.0,949|1236
401507203,Breanna Stewart,away,3,1175.0,1,1160.8,1048|1161|1175
401507203,Laeticia Amihere,home,1,,0,,1196
401507203,Jonquel Jones,away,3,1877.0,0,1494.0,1284|1494|1877
401507203,Betnijah Laney,away,1,,0,,1690
401507203,Naz Hillmon,home,2,,0,2185.0,1727|2185
401507203,Sabrina Ionescu,away,1,,0,,1799
401507203,Naz Hillmon defensive 3-seconds (technical,home,1,,0,,1816
401507203,Danielle Robinson,home,1,,0,,1853
401507203,Kayla Thornton,away,1,,0,,2027
401507203,Tanisha Wright,home,1,,0,,2150
401507203,Jocelyn Willoughby,away,1,,0,,2177
401507203,excess timeout,home,1,,0,,2278
401507204,Veronica Burton,away,2,,0,2174.0,596|2174
401507204,Chiney Ogwumike,home,6,1978.0,0,1701.0,640|1701|1978|2118|2151|2291
401507204,Natasha Howard,away,5,1576.0,0,1444.0,677|1444|1576|1786|2252
401507204,Teaira McCowan,away,6,1712.0,0,1249.0,742|1249|1712|1712|2061|2346
401507204,Crystal Dangerfield,away,2,,0,1890.0,778|1890
401507204,Nneka Ogwumike,home,1,,0,,1056
401507204,Satou Sabally,away,3,1603.0,0,1484.0,1192|1484|1603
401507204,Arike Ogunbowale,away,2,,0,1985.0,1350|1985
401507204,Azura Stevens,home,3,1558.0,0,1366.0,1360|1366|1558
401507204,Karlie Samuelson,home,2,,0,1938.0,1518|1938
401507204,Kalani Brown,away,2,,0,2182.0,1535|2182
401507204,Jordin Canada,home,1,,0,,1659
401507204,Destanni Henderson,home,1,,0,,1689
401507204,Maddy Siegrist,away,1,,0,,1724
401507204,Jasmine Dickey,away,1,,0,,1758
401507204,Rae Burrell,home,1,,0,,1819
401507205,A'ja Wilson,home,4,1540.0,0,1492.0,114|1492|1540|1639
401507205,Aliyah Boston,away,5,1347.0,0,1035.0,262|1035|1347|2025|2315
401507205,Candace Parker,home,2,,0,820.0,281|820
401507205,Lexie Hull,away,4,1887.0,0,1341.0,298|1341|1887|2335
401507205,Queen Egbo,away,2,,0,1847.0,517|1847
401507205,Jackie Young,home,2,,0,1910.0,587|1910
401507205,Victoria Vivians,away,3,1862.0,0,810.0,620|810|1862
401507205,NaLyssa Smith,away,4,1274.0,0,1174.0,773|1174|1274|2192
401507205,Chelsea Gray,home,1,,0,,1115
401507205,Kelsey Mitchell,away,1,,0,,1260
401507205,Kelsey Plum,home,1,,0,,1412
401507205,Alysha Clark,home,2,,0,2139.0,1746|2139
401507205,Kiah Stokes,home,2,,0,2097.0,2043|2097
401507205,Kristy Wallace,away,1,,0,,2298
401507206,Ivana Dojkic,home,3,1396.0,0,156.0,135|156|1396
401507206,Kia Nurse,home,4,1881.0,0,1349.0,144|1349|1881|1935
401507206,Diana Taurasi,away,2,,0,1358.0,195|1358
401507206,Michaela Onyenwere,away,5,1358.0,0,720.0,214|720|1358|1897|2011
401507206,Moriah Jefferson,away,3,1141.0,1,457.0,239|457|1141
401507206,Joyner Holmes,home,4,2115.0,0,1740.0,270|1740|2115|2156
401507206,Jennie Simms,away,2,,0,1570.0,311|1570
401507206,Megan Gustafson,away,3,2284.0,0,1960.0,426|1960|2284
401507206,Mercedes Russell,home,3,1312.0,0,666.0,562|666|1312
401507206,Sug Sutton,away,2,,0,1019.0,732|1019
401507206,Yvonne Turner,home,1,,0,,808
401507206,Brittney Griner,away,1,,0,,1160
401507206,Jewell Loyd,home,1,,0,,1539
401507206,Brianna Turner,away,1,,0,,1698
401507206,Sami Whitcomb,home,1,,0,,2067
401507206,Kadi Sissoko,away,1,,0,,2180
401507206,Dulcy Fankam Mendjiadeu,home,4,2303.0,0,2293.0,2184|2293|2303|2333
401507207,Alyssa Thomas,home,2,,0,1165.0,41|1165
401507207,Elizabeth Williams,away,3,1655.0,0,377.0,61|377|1655
401507207,Courtney Williams,away,4,1459.0,0,1234.0,260|1234|1459|2216
401507207,Rebecca Allen,home,2,,0,1304.0,399|1304
401507207,Alanna Smith,away,1,,0,,447
401507207,Robyn Parks,away,2,,0,2362.8,529|2363
401507207,James Wade,away,1,,0,,965
401507207,DiJonai Carrington,home,3,2332.0,0,1751.9,1019|1752|2332
401507207,Kahleah Copper,away,1,,0,,1318
401507207,Tiffany Hayes defensive 3-seconds (technical,home,1,,0,,1567
401507207,Natisha Hiedeman,home,3,1922.0,0,1704.0,1685|1704|1922
401507207,Marina Mabrey,away,3,1928.0,0,1843.0,1829|1843|1928
401507207,DeWanna Bonner,home,2,,0,2053.0,1860|2053
401507207,Tiffany Hayes,home,1,,0,,2002
401507207,Tyasha Harris,home,1,,0,,2082
401507207,Olivia Nelson-Ododa,home,2,,0,2355.9,2155|2356
401507208,Sabrina Ionescu,home,3,1857.0,0,163.0,146|163|1857
401507208,Elena Delle Donne,away,4,1981.0,0,961.0,298|961|1981|2211
401507208,Marine Johannes,home,2,,0,2581.0,400|2581
401507208,Shakira Austin,away,2,,0,860.0,417|860
401507208,Natasha Cloud,away,1,,0,,451
401507208,Tianna Hawkins,away,6,2327.0,0,1892.0,477|1892|2327|2390|2444|2681
401507208,Nyara Sabally,home,1,,0,,590
401507208,Shatori Walker-Kimbrough,away,1,,0,,596
401507208,Jonquel Jones,home,2,,0,705.0,629|705
401507208,Kayla Thornton,home,1,,0,,642
401507208,Abby Meyers,away,2,,0,717.0,687|717
401507208,Betnijah Laney,home,3,2184.0,0,1131.0,1038|1131|2184
401507208,Myisha Hines-Allen,away,1,,0,,1136
401507208,Breanna Stewart,home,5,1719.0,0,1403.0,1149|1403|1719|2099|2213
401507208,Courtney Vandersloot,home,5,2378.9,0,2377.8,1289|2378|2379|2421|2535
401507208,Brittney Sykes,away,5,1638.0,0,1495.0,1440|1495|1638|2077|2297
401507208,Courtney Vandersloot personal,home,1,,0,,1477
401507208,Ariel Atkins,away,4,2273.0,0,2026.0,1525|2026|2273|2677
401507208,Betnijah Laney personal,home,1,,0,,2391
401507209,Azura Stevens,home,3,1454.0,0,1218.0,148|1218|1454
401507209,Jordin Canada,home,2,,0,1574.0,243|1574
401507209,Satou Sabally,away,5,558.0,1,351.0,297|351|558|1493|2150
401507209,Teaira McCowan,away,3,1866.0,0,1316.0,319|1316|1866
401507209,Nneka Ogwumike,home,4,1772.9,0,1593.0,574|1593|1773|2110
401507209,Awak Kuier,away,2,,0,1751.9,728|1752
401507209,Dearica Hamby,home,1,,0,,927
401507209,Kalani Brown,away,1,,0,,1010
401507209,Karlie Samuelson,home,1,,0,,1082
401507209,Kalani Brown defensive 3-seconds (technical,away,1,,0,,1121
401507209,Arike Ogunbowale,away,3,2364.0,0,2348.9,1310|2349|2364
401507209,Chiney Ogwumike,home,1,,0,,1541
401507209,Destanni Henderson,home,2,,0,2362.8,1684|2363
401507209,Jasmine Dickey,away,1,,0,,1799
401507209,Natasha Howard,away,1,,0,,2337
401507209,Crystal Dangerfield personal,away,1,,0,,2377
401507210,Kelsey Mitchell,away,5,1860.0,0,1068.0,65|1068|1860|2359|2380
401507210,Candace Parker,home,3,1050.0,1,767.0,78|767|1050
401507210,Aliyah Boston,away,2,,0,878.0,189|878
401507210,Lexie Hull,away,3,1854.0,0,1695.0,215|1695|1854
401507210,Kiah Stokes,home,4,955.0,1,379.0,324|379|955|1979
401507210,Kristy Wallace,away,4,1656.0,0,1587.0,626|1587|1656|1660
401507210,Queen Egbo,away,1,,0,,637
401507210,Chelsea Gray,home,2,,0,1800.0,691|1800
401507210,Alysha Clark,home,5,1815.0,0,1649.0,712|1649|1815|2006|2366
401507210,Kelsey Plum,home,1,,0,,869
401507210,Maya Caldwell,away,1,,0,,888
401507210,Erica Wheeler,away,3,2346.0,0,2188.0,915|2188|2346
401507210,A'ja Wilson,home,4,2152.0,0,1612.0,988|1612|2152|2391
401507210,NaLyssa Smith,away,2,,0,1472.0,1017|1472
401507210,Jackie Young,home,2,,0,1486.0,1227|1486
401507210,Christie Sides,away,1,,0,,1695
401507211,Betnijah Laney,away,4,1884.0,0,759.0,21|759|1884|2272
401507211,Jonquel Jones,away,2,,0,1420.0,111|1420
401507211,Breanna Stewart,away,2,,0,1637.0,181|1637
401507211,Natisha Hiedeman,home,2,,0,462.0,248|462
401507211,Nyara Sabally,away,3,1696.0,0,526.0,473|526|1696
401507211,Rebecca Allen,home,3,1574.0,0,1508.0,565|1508|1574
401507211,Olivia Nelson-Ododa,home,1,,0,,800
401507211,DiJonai Carrington,home,1,,0,,1151
401507211,Alyssa Thomas,home,1,,0,,1982
401507211,Courtney Vandersloot,away,1,,0,,2101
401507211,Tyasha Harris,home,1,,0,,2193
401507211,Tyasha Harris personal,home,1,,0,,2374
401507211,Olivia Nelson-Ododa personal,home,1,,0,,2384
401507212,Napheesa Collier,home,3,1835.0,0,1600.0,139|1600|1835
401507212,Ivana Dojkic,away,2,,0,320.0,288|320
401507212,Ezi Magbegor,away,5,1680.0,0,1193.9,475|1194|1680|1876|2170
401507212,Rachel Banham,home,1,,0,,517
401507212,Emily Engstler,home,1,,0,,670
401507212,Kia Nurse,away,4,2087.0,0,2078.0,773|2078|2087|2180
401507212,Sami Whitcomb,away,3,1816.0,0,1651.0,896|1651|1816
401507212,Lindsay Allen,home,2,,0,1106.0,1028|1106
401507212,Diamond Miller,home,2,,0,1697.0,1102|1697
401507212,Jewell Loyd,away,2,,0,1350.0,1226|1350
401507212,Kayla McBride,home,1,,0,,1393
401507212,Bridget Carleton,home,1,,0,,1518
401507212,Nikolina Milic,home,2,,0,1869.0,1527|1869
401507212,Joyner Holmes,away,1,,0,,1966
401507212,Dorka Juhasz,home,1,,0,,2112
401507212,Lindsay Allen personal,home,1,,0,,2328
401507213,Brianna Turner,home,2,,0,444.0,230|444
401507213,Brittney Griner,home,2,,0,1853.0,242|1853
401507213,Crystal Dangerfield,away,2,,0,2009.0,272|2009
401507213,Teaira McCowan,away,4,789.0,1,367.0,307|367|789|1810
401507213,Maddy Siegrist,away,1,,0,,683
401507213,Awak Kuier,away,2,,0,1932.0,694|1932
401507213,Kalani Brown,away,4,1696.0,0,984.0,771|984|1696|1702
401507213,Natasha Howard,away,5,1530.0,0,1472.0,827|1472|1530|2205|2348
401507213,Diana Taurasi,home,3,1317.0,0,1080.0,889|1080|1317
401507213,Moriah Jefferson,home,3,2145.0,0,1857.0,1318|1857|2145
401507213,Satou Sabally defensive 3-seconds (technical,away,1,,0,,1339
401507213,Michaela Onyenwere,home,4,1929.0,0,1685.0,1429|1685|1929|2260
401507213,Jennie Simms,home,2,,0,2053.0,1496|2053
401507213,Maddy Siegrist defensive 3-seconds (technical,away,1,,0,,1744
401507214,Jordin Canada,away,3,2188.0,0,238.0,97|238|2188
401507214,Dearica Hamby,away,4,1250.0,0,1087.0,123|1087|1250|2056
401507214,Elizabeth Williams,home,3,1242.0,0,1073.0,244|1073|1242
401507214,Nneka Ogwumike defensive 3-seconds (technical,away,1,,0,,430
401507214,Nneka Ogwumike,away,2,,0,1256.0,515|1256
401507214,Karlie Samuelson,away,4,1110.0,1,1048.0,556|1048|1110|1377
401507214,Morgan Bertsch,home,4,1643.0,0,703.0,670|703|1643|1649
401507214,Destanni Henderson,away,2,,0,785.0,731|785
401507214,Jasmine Thomas,away,2,,0,1470.0,901|1470
401507214,Kahleah Copper,home,4,1287.0,0,1287.0,928|1287|1287|1456
401507214,Marina Mabrey,home,2,,0,2214.0,931|2214
401507214,Alanna Smith,home,4,1362.0,0,1034.0,964|1034|1362|1716
401507214,Rae Burrell,away,2,,0,1666.0,1546|1666
401507214,Chiney Ogwumike,away,4,1909.0,0,1731.0,1658|1731|1909|1952
401507214,Robyn Parks,home,1,,0,,2387
401507215,Danielle Robinson,away,4,760.0,1,262.0,202|262|760|1998
401507215,Natasha Cloud,home,2,,0,1509.0,275|1509
401507215,Rhyne Howard,away,4,883.0,1,362.0,313|362|883|1627
401507215,Ariel Atkins,home,2,,0,905.0,393|905
401507215,Amanda Zahui B.,home,4,1694.0,0,1181.0,438|1181|1694|1718
401507215,AD Durr,away,1,,0,,486
401507215,Haley Jones,away,2,,0,915.0,562|915
401507215,Tianna Hawkins,home,4,2086.0,0,1315.0,737|1315|2086|2086
401507215,Allisha Gray,away,4,1437.0,0,1056.0,804|1056|1437|2028
401507215,Elena Delle Donne,home,3,1964.0,0,1559.0,825|1559|1964
401507215,Brittney Sykes,home,2,,0,2359.8,1021|2360
401507215,Cheyenne Parker,away,2,,0,1706.0,1033|1706
401507215,Nia Coffey,away,3,2052.0,0,2040.0,1394|2040|2052
401507215,Myisha Hines-Allen,home,4,2140.0,0,1676.0,1616|1676|2140|2187
401507215,Abby Meyers,home,1,,0,,1878
401507215,Eric Thibault,home,1,,0,,1964
401507216,Sabrina Ionescu,away,4,1242.0,0,729.0,140|729|1242|1616
401507216,Chelsea Gray defensive 3-seconds (technical,home,1,,0,,193
401507216,Kayla Thornton,away,2,,0,1604.0,485|1604
401507216,Marine Johannes,away,1,,0,,512
401507216,Jackie Young,home,3,1519.0,0,863.0,553|863|1519
401507216,Jonquel Jones,away,3,1457.0,0,973.0,722|973|1457
401507216,Alysha Clark,home,2,,0,1911.0,850|1911
401507216,A'ja Wilson,home,2,,0,1322.0,940|1322
401507216,Kelsey Plum,home,2,,0,1199.0,1046|1199
401507216,Courtney Vandersloot,away,1,,0,,1110
401507216,Chelsea Gray,home,2,,0,1524.0,1133|1524
401507216,Candace Parker,home,2,,0,1898.0,1514|1898
401507216,Jonquel Jones clear path,away,1,,0,,1592
401507216,Candace Parker defensive 3-seconds (technical,home,1,,0,,2017
401507216,Nyara Sabally,away,1,,0,,2124
401507216,Cayla George,home,1,,0,,2232
401507216,Jocelyn Willoughby,away,1,,0,,2239
401507216,Kierstan Bell,home,1,,0,,2341
401507217,NaLyssa Smith,away,3,1490.0,0,718.0,333|718|1490
401507217,Aliyah Boston,away,5,874.0,1,643.0,379|643|874|1379|2056
401507217,Moriah Jefferson,home,1,,0,,423
401507217,Erica Wheeler,away,3,1698.0,0,573.0,498|573|1698
401507217,Diana Taurasi,home,3,1978.0,0,1335.0,540|1335|1978
401507217,Brittney Griner,home,1,,0,,715
401507217,Alaina Coates,home,1,,0,,812
401507217,Sophie Cunningham,home,2,,0,1248.0,908|1248
401507217,Queen Egbo,away,1,,0,,959
401507217,Emma Cannon,away,2,,0,1705.0,1039|1705
401507217,Sug Sutton,home,3,2179.0,0,1795.9,1147|1796|2179
401507217,Lexie Hull,away,2,,0,1448.0,1163|1448
401507217,Brianna Turner,home,2,,0,2134.0,1509|2134
401507217,Kristy Wallace,away,2,,0,2077.0,1878|2077
401507217,Jennie Simms,home,1,,0,,2311
401507217,Kadi Sissoko,home,1,,0,,2378
401507218,Lindsay Allen,away,5,1075.0,1,749.0,25|749|1075|1350|1466
401507218,Dorka Juhasz,away,3,1272.0,0,309.0,121|309|1272
401507218,Diamond Miller,away,5,1255.0,0,810.0,275|810|1255|1827|2215
401507218,Joyner Holmes,home,6,1169.9,1,871.0,323|871|1170|1230|2225|2371
401507218,Kia Nurse,home,2,,0,1759.0,439|1759
401507218,Dulcy Fankam Mendjiadeu,home,3,1811.0,0,855.0,460|855|1811
401507218,Ezi Magbegor,home,5,1709.0,0,971.0,672|971|1709|2546|2668
401507218,Napheesa Collier,away,3,2347.8,0,1753.9,1120|1754|2348
401507218,Rachel Banham,away,2,,0,1593.0,1135|1593
401507218,Kayana Traylor,away,1,,0,,1162
401507218,Dulcy Fankam Mendjiadeu defensive 3-seconds (technical,home,1,,0,,1392
401507218,Sami Whitcomb,home,1,,0,,1476
401507218,Ivana Dojkic,home,2,,0,2437.0,1722|2437
401507218,Kayla McBride,away,1,,0,,1754
401507218,Jewell Loyd,home,1,,0,,2086
401507219,Danielle Robinson,home,4,874.0,1,128.0,99|128|874|1396
401507219,Tianna Hawkins,away,5,1287.0,0,215.0,130|215|1287|1455|2352
401507219,Haley Jones,home,3,454.0,1,254.0,199|254|454
401507219,Elena Delle Donne,away,4,1997.0,0,1798.0,222|1798|1997|2385
401507219,Allisha Gray,home,3,2089.0,0,1377.0,264|1377|2089
401507219,Ariel Atkins,away,5,1632.0,0,1013.0,325|1013|1632|1923|2173
401507219,Myisha Hines-Allen,away,2,,0,1533.0,392|1533
401507219,Shatori Walker-Kimbrough,away,3,1873.0,0,1199.9,791|1200|1873
401507219,Monique Billings,home,3,1748.9,0,982.0,824|982|1749
401507219,Brittney Sykes,away,4,1272.0,0,1146.9,833|1147|1272|1867
401507219,Nia Coffey,home,2,,0,2365.9,923|2366
401507219,Natasha Cloud,away,1,,0,,1004
401507219,Cheyenne Parker,home,5,1212.0,0,1169.9,1022|1170|1212|1914|2175
401507219,Linnae Harper,away,1,,0,,1766
401507219,AD Durr,home,1,,0,,1820
401507219,Rhyne Howard,home,3,2196.0,0,2110.0,2021|2110|2196
401507220,Alanna Smith,home,2,,0,1224.0,312|1224
401507220,Kahleah Copper,home,5,1701.0,0,1445.0,428|1445|1701|1920|2064
401507220,Morgan Bertsch,home,5,1714.0,0,1511.0,840|1511|1714|1743|1853
401507220,Karlie Samuelson,away,1,,0,,960
401507220,Elizabeth Williams,home,3,1360.0,0,1047.0,1020|1047|1360
401507220,Nneka Ogwumike,away,1,,0,,1077
401507220,Azura Stevens defensive 3-seconds (technical,away,1,,0,,1139
401507220,Rae Burrell,away,1,,0,,1143
401507220,Azura Stevens,away,2,,0,2161.0,1166|2161
401507220,Jordin Canada,away,1,,0,,1198
401507220,Dana Evans,home,1,,0,,1461
401507220,Zia Cooke,away,3,1941.0,0,1575.0,1513|1575|1941
401507220,Courtney Williams,home,1,,0,,1677
401507220,Destanni Henderson,away,2,,0,2079.0,1726|2079
401507220,Dearica Hamby,away,1,,0,,1824
401507220,Jasmine Thomas,away,1,,0,,2297
401507221,Chelsea Gray,home,4,1529.0,0,1459.0,37|1459|1529|1868
401507221,Natisha Hiedeman,away,2,,0,1125.0,177|1125
401507221,Alyssa Thomas,away,3,1321.0,0,770.0,202|770|1321
401507221,Kelsey Plum,home,3,839.0,1,468.0,225|468|839
401507221,Jackie Young,home,2,,0,1524.0,253|1524
401507221,Tyasha Harris,away,4,794.0,1,591.9,487|592|794|1728
401507221,Alysha Clark,home,3,1669.0,0,729.0,494|729|1669
401507221,Olivia Nelson-Ododa,away,2,,0,888.0,762|888
401507221,A'ja Wilson,home,2,,0,1648.0,889|1648
401507221,DeWanna Bonner,away,3,1524.0,0,1105.0,1012|1105|1524
401507221,Rebecca Allen,away,2,,0,1944.0,1221|1944
401507221,Tiffany Hayes,away,3,1591.0,0,1591.0,1565|1591|1591
401507221,Kierstan Bell,home,2,,0,2266.0,1863|2266
401507221,DiJonai Carrington,away,2,,0,2124.0,1891|2124
401507221,Kiah Stokes,home,3,2339.0,0,1936.0,1905|1936|2339
401507221,Candace Parker,home,1,,0,,1981
401507221,Sydney Colson,home,2,,0,2349.0,2204|2349
401507222,Diamond Miller,away,5,977.0,1,319.0,145|319|977|1814|2304
401507222,Moriah Jefferson,home,3,1524.0,0,561.0,188|561|1524
401507222,Jennie Simms,home,1,,0,,340
401507222,Michaela Onyenwere,home,6,848.0,1,841.0,389|841|848|1312|1826|1866
401507222,Kadi Sissoko,home,1,,0,,415
401507222,Napheesa Collier,away,1,,0,,433
401507222,Bridget Carleton,away,1,,0,,452
401507222,Megan Gustafson,home,2,,0,1584.0,461|1584
401507222,Nikolina Milic,away,3,1584.0,0,647.0,531|647|1584
401507222,Diana Taurasi,home,1,,0,,541
401507222,Brittney Griner,home,2,,0,2158.0,633|2158
401507222,Rachel Banham,away,2,,0,1750.0,735|1750
401507222,Dorka Juhasz,away,3,1403.0,0,1100.0,743|1100|1403
401507222,Sug Sutton,home,1,,0,,1112
401507222,Lindsay Allen,away,2,,0,2139.0,1417|2139
401507222,Brianna Turner,home,3,2348.9,0,1796.0,1498|1796|2349
401507222,Megan Gustafson defensive 3-seconds (technical,home,1,,0,,1600
401507222,Shey Peddy,home,1,,0,,1904
401507222,Kayla McBride,away,1,,0,,2303
401507223,Destanni Henderson,away,2,,0,2242.0,39|2242
401507223,Cheyenne Parker,home,3,1510.0,0,556.8,85|557|1510
401507223,Karlie Samuelson,away,5,810.0,1,597.8,264|598|810|1302|2021
401507223,Dearica Hamby,away,2,,0,2346.8,313|2347
401507223,Naz Hillmon,home,4,2307.0,0,2194.0,367|2194|2307|2371
401507223,Rae Burrell,away,2,,0,1497.0,531|1497
401507223,Azura Stevens,away,5,1867.0,0,939.0,570|939|1867|1930|2233
401507223,Allisha Gray,home,2,,0,2088.0,619|2088
401507223,Nia Coffey,home,2,,0,1287.0,662|1287
401507223,Nneka Ogwumike,away,2,,0,1720.0,683|1720
401507223,Monique Billings,home,1,,0,,952
401507223,Rhyne Howard,home,5,1710.0,0,1460.0,1079|1460|1710|1737|2040
401507223,Jasmine Thomas,away,2,,0,1446.0,1404|1446
401507223,Danielle Robinson,home,1,,0,,1574
401507223,Laeticia Amihere defensive 3-seconds (technical,home,1,,0,,1825
401507223,Laeticia Amihere,home,1,,0,,1920
401507223,Zia Cooke,away,1,,0,,2389
401507225,Arike Ogunbowale,home,4,1527.0,0,1087.0,137|1087|1527|2199
401507225,Myisha Hines-Allen,away,2,,0,1082.0,278|1082
401507225,Brittney Sykes,away,3,2146.0,0,1769.9,293|1770|2146
401507225,Natasha Cloud,away,4,1454.0,0,1395.0,499|1395|1454|1582
401507225,Veronica Burton,home,1,,0,,541
401507225,Kalani Brown,home,1,,0,,599
401507225,Linnae Harper,away,2,,0,2325.0,617|2325
401507225,Teaira McCowan,home,5,1423.0,0,1423.0,674|1423|1423|1492|1877
401507225,Amanda Zahui B.,away,4,1352.0,0,1164.0,724|1164|1352|1994
401507225,Natasha Howard,home,5,1253.0,0,1040.0,906|1040|1253|1905|2005
401507225,Odyssey Sims,home,3,2342.9,0,2035.0,979|2035|2343
401507225,Satou Sabally,home,2,,0,2124.0,1012|2124
401507225,Awak Kuier,home,2,,0,1776.0,1199|1776
401507225,Amanda Zahui B. defensive 3-seconds (technical,away,1,,0,,1887
401507225,Ariel Atkins,away,2,,0,2294.0,2107|2294
401507225,Maddy Siegrist,home,1,,0,,2159
401507224,Lexie Hull,home,2,,0,437.0,97|437
401507224,NaLyssa Smith,home,4,954.0,1,147.0,121|147|954|2065
401507224,Marina Mabrey,away,2,,0,1134.0,156|1134
401507224,Kahleah Copper,away,4,702.0,1,242.0,239|242|702|1541
401507224,Courtney Williams,away,3,616.0,1,398.0,398|398|616
401507224,Victoria Vivians,home,2,,0,470.0,450|470
401507224,Robyn Parks,away,1,,0,,526
401507224,Kristine Anigwe,away,1,,0,,563
401507224,Alanna Smith,away,3,838.0,1,701.0,647|701|838
401507224,Erica Wheeler,home,2,,0,1045.0,747|1045
401507224,Dana Evans,away,2,,0,1689.0,990|1689
401507224,Maya Caldwell defensive 3-seconds (technical,home,1,,0,,1147
401507224,Kelsey Mitchell,home,5,1919.0,0,1373.0,1154|1373|1919|1924|2088
401507224,Elizabeth Williams,away,2,,0,1405.0,1217|1405
401507224,Aliyah Boston,home,3,2275.0,0,1653.0,1384|1653|2275
401507224,Morgan Bertsch,away,4,2080.0,0,1454.0,1395|1454|2080|2220
401507226,Courtney Vandersloot,away,2,,0,1175.0,50|1175
401507226,Kia Nurse,home,1,,0,,112
401507226,Ivana Dojkic,home,3,1407.0,0,1279.0,178|1279|1407
401507226,Mercedes Russell,home,1,,0,,457
401507226,Jordan Horston,home,3,1196.0,1,743.0,670|743|1196
401507226,Jonquel Jones,away,5,1487.0,0,1328.0,768|1328|1487|1861|1906
401507226,Kayla Thornton,away,4,1933.0,0,1590.0,833|1590|1933|2033
401507226,Breanna Stewart,away,2,,0,1455.0,1004|1455
401507226,excess timeout,home,1,,0,,1095
401507226,Marine Johannes,away,1,,0,,1140
401507226,Sabrina Ionescu,away,2,,0,1532.0,1286|1532
401507226,Jade Melbourne,home,1,,0,,1603
401507226,Dulcy Fankam Mendjiadeu,home,3,2174.0,0,1883.0,1610|1883|2174
401507226,Jewell Loyd,home,2,,0,1767.0,1650|1767
401507226,Ezi Magbegor,home,1,,0,,1982
401507226,Betnijah Laney,away,2,,0,2331.0,2157|2331
401507227,Sophie Cunningham,away,3,1445.0,0,1248.0,90|1248|1445
401507227,Diana Taurasi,away,2,,0,833.0,121|833
401507227,Moriah Jefferson,away,3,1173.9,1,656.0,174|656|1174
401507227,Courtney Vandersloot,home,2,,0,926.0,218|926
401507227,Megan Gustafson,away,1,,0,,431
401507227,Michaela Onyenwere,away,3,1936.0,0,916.0,492|916|1936
401507227,Marine Johannes,home,2,,0,2069.0,571|2069
401507227,Betnijah Laney,home,4,1367.0,0,1136.0,632|1136|1367|1498
401507227,Sug Sutton,away,2,,0,2034.0,699|2034
401507227,Brianna Turner,away,6,1469.0,0,1199.9,705|1200|1469|1830|1989|2250
401507227,Brittney Griner,away,2,,0,1325.0,839|1325
401507227,Nikki Blue,away,1,,0,,839
401507227,Jonquel Jones,home,4,1846.0,0,857.0,849|857|1846|2367
401507227,Shey Peddy,away,1,,0,,1119
401507227,Breanna Stewart,home,2,,0,1585.0,1144|1585
401507227,Kayla Thornton,home,4,1749.9,0,1573.0,1531|1573|1750|1791
401507227,Sabrina Ionescu,home,2,,0,2198.0,1731|2198
401507227,Kadi Sissoko,away,1,,0,,2029
401507227,Sophie Cunningham personal,away,1,,0,,2397
401507228,Erica Wheeler,away,2,,0,1765.9,290|1766
401507228,Lexie Hull,away,3,1455.0,0,1004.0,342|1004|1455
401507228,Grace Berger,away,2,,0,421.0,352|421
401507228,Napheesa Collier,home,4,1722.0,0,466.0,409|466|1722|2047
401507228,NaLyssa Smith,away,6,1477.0,0,1050.0,458|1050|1477|1598|1671|1671
401507228,Rachel Banham,home,1,,0,,481
401507228,Emma Cannon,away,1,,0,,548
401507228,Nikolina Milic,home,3,1930.0,0,616.0,563|616|1930
401507228,Kelsey Mitchell,away,2,,0,2311.0,720|2311
401507228,Diamond Miller defensive 3-seconds (technical,home,1,,0,,731
401507228,Victoria Vivians,away,2,,0,1799.9,756|1800
401507228,Dorka Juhasz,home,3,1111.0,1,1035.0,800|1035|1111
401507228,Aliyah Boston,away,2,,0,1128.0,1043|1128
401507228,Kayla McBride,home,1,,0,,1461
401507228,Lindsay Allen,home,2,,0,1586.0,1482|1586
401507228,Bridget Carleton defensive 3-seconds (technical,home,1,,0,,1522
401507228,Kelsey Mitchell defensive 3-seconds (technical,away,1,,0,,1553
401507228,Bridget Carleton,home,1,,0,,1624
401507228,Kristy Wallace,away,1,,0,,2159
401507228,Maya Caldwell,away,1,,0,,2199
401507228,Erica Wheeler personal,away,3,2395.0,0,2387.0,2381|2387|2395
401507229,Satou Sabally,away,1,,0,,155
401507229,Kiah Stokes,home,1,,0,,431
401507229,Kierstan Bell,home,2,,0,687.0,448|687
401507229,Alysha Clark,home,2,,0,1410.0,459|1410
401507229,Awak Kuier,away,2,,0,1478.0,585|1478
401507229,Teaira McCowan,away,3,2093.0,0,2034.0,738|2034|2093
401507229,Arike Ogunbowale,away,3,2016.0,0,1434.0,769|1434|2016
401507229,A'ja Wilson,home,4,1336.0,0,1044.0,880|1044|1336|2304
401507229,Natasha Howard,away,4,1422.0,0,1162.0,1069|1162|1422|1754
401507229,Crystal Dangerfield,away,1,,0,,1105
401507229,Candace Parker,home,2,,0,2298.0,1218|2298
401507229,Becky Hammon,home,1,,0,,1604
401507229,Veronica Burton,away,4,2379.9,0,1749.0,1653|1749|2380|2382
401507229,Maddy Siegrist,away,1,,0,,1783
401507229,Chelsea Gray,home,1,,0,,2335
401507230,Nneka Ogwumike,home,3,2275.0,0,2178.0,195|2178|2275
401507230,Jasmine Thomas,home,2,,0,1600.0,252|1600
401507230,Nia Coffey,away,3,1996.0,0,1077.0,257|1077|1996
401507230,Rhyne Howard,away,4,1453.0,0,864.0,427|864|1453|1774
401507230,Monique Billings,away,2,,0,1720.0,540|1720
401507230,Haley Jones,away,3,1038.0,1,658.0,550|658|1038
401507230,Zia Cooke,home,3,2219.0,0,1703.0,584|1703|2219
401507230,Azura Stevens,home,5,1661.0,0,1137.0,584|1137|1661|1846|1909
401507230,AD Durr,away,1,,0,,600
401507230,Dearica Hamby,home,1,,0,,730
401507230,Jordin Canada,home,3,2140.0,0,1646.0,764|1646|2140
401507230,Destanni Henderson,home,1,,0,,876
401507230,Rae Burrell,home,2,,0,980.0,934|980
401507230,Allisha Gray,away,4,2197.0,0,1116.0,1114|1116|2197|2304
401507230,Cheyenne Parker,away,1,,0,,1281
401507230,Danielle Robinson,away,1,,0,,2156
401507231,Ivana Dojkic,away,3,1321.0,0,928.0,107|928|1321
401507231,Tiffany Hayes,home,4,1473.0,0,960.0,115|960|1473|1669
401507231,Ezi Magbegor,away,2,,0,1633.0,251|1633
401507231,Alyssa Thomas,home,2,,0,1365.0,432|1365
401507231,Dulcy Fankam Mendjiadeu,away,3,2374.9,0,2253.0,745|2253|2375
401507231,Natisha Hiedeman,home,3,1761.0,0,1685.0,812|1685|1761
401507231,Jewell Loyd,away,3,1715.0,0,1464.0,858|1464|1715
401507231,DeWanna Bonner,home,2,,0,1154.9,936|1155
401507231,DeWanna Bonner defensive 3-seconds (technical,home,1,,0,,998
401507231,Jordan Horston,away,2,,0,2207.0,1381|2207
401507231,Noelle Quinn,away,1,,0,,1601
401507231,Leigha Brown,home,1,,0,,1727
401507231,Tyasha Harris,home,3,2359.0,0,1811.0,1795|1811|2359
401507231,Jade Melbourne,away,2,,0,2146.0,1949|2146
401507231,Olivia Nelson-Ododa,home,2,,0,1972.0,1962|1972
401507231,Liz Dixon,home,1,,0,,2093
401507232,Brittney Sykes,home,4,2135.0,0,1581.0,204|1581|2135|2285
401507232,Queen Egbo,home,4,566.0,1,465.0,215|465|566|2217
401507232,Aliyah Boston,away,4,1465.0,0,1316.0,353|1316|1465|2152
401507232,Tianna Hawkins,home,3,1769.0,0,1012.0,364|1012|1769
401507232,NaLyssa Smith,away,5,917.0,1,875.0,448|875|917|1226|2324
401507232,Lexie Hull,away,6,2060.0,0,1913.0,518|1913|2060|2354|2381|2393
401507232,Victoria Vivians,away,4,1525.0,0,1506.0,652|1506|1525|2012
401507232,Myisha Hines-Allen,home,4,1901.0,0,1398.0,664|1398|1901|2359
401507232,Ariel Atkins,home,3,1541.0,0,1186.0,695|1186|1541
401507232,Kristy Wallace,away,4,1687.0,0,732.0,705|732|1687|2362
401507232,Shatori Walker-Kimbrough,home,1,,0,,829
401507232,Erica Wheeler,away,3,1023.0,1,891.0,883|891|1023
401507232,Kelsey Mitchell,away,2,,0,1838.0,1123|1838
401507232,Queen Egbo defensive 3-seconds (technical,home,1,,0,,1668
401507232,Linnae Harper,home,1,,0,,1764
401507232,Maya Caldwell,away,1,,0,,1781
401507233,Rhyne Howard,away,2,,0,599.0,41|599
401507233,Alanna Smith,home,3,1025.0,1,249.0,159|249|1025
401507233,Cheyenne Parker,away,3,2076.0,0,2028.0,173|2028|2076
401507233,Danielle Robinson,away,1,,0,,408
401507233,Morgan Bertsch,home,2,,0,1979.0,455|1979
401507233,Robyn Parks,home,1,,0,,469
401507233,Haley Jones,away,1,,0,,714
401507233,Monique Billings,away,3,2330.0,0,1560.0,747|1560|2330
401507233,Elizabeth Williams,home,3,2220.0,0,2093.0,840|2093|2220
401507233,Kahleah Copper,home,2,,0,1409.0,878|1409
401507233,AD Durr,away,1,,0,,910
401507233,Nia Coffey,away,2,,0,2034.0,1188|2034
401507233,Allisha Gray,away,2,,0,2207.0,1383|2207
401507233,Marina Mabrey,home,2,,0,1915.0,1395|1915
401507233,Dana Evans,home,2,,0,1781.9,1728|1782
401507233,Naz Hillmon,away,1,,0,,1994
401507233,Taylor Soule,home,1,,0,,2347
401507234,Teaira McCowan,home,4,1584.0,0,1280.0,185|1280|1584|2128
401507234,Arike Ogunbowale,home,4,948.0,1,781.0,289|781|948|1842
401507234,Kelsey Plum,away,2,,0,2318.0,309|2318
401507234,A'ja Wilson,away,2,,0,2399.9,377|2400
401507234,Alysha Clark,away,1,,0,,434
401507234,Satou Sabally,home,4,889.0,1,848.0,502|848|889|1982
401507234,Chelsea Gray,away,5,1776.9,0,961.0,611|961|1777|2192|2254
401507234,Natasha Howard,home,3,1400.0,0,1352.0,914|1352|1400
401507234,Awak Kuier,home,1,,0,,1543
401507234,Kiah Stokes,away,3,1760.0,0,1712.0,1594|1712|1760
401507234,Candace Parker,away,1,,0,,1968
401507235,Diamond Miller,home,5,840.0,1,387.0,188|387|840|1360|2057
401507235,Sophie Cunningham,away,3,1856.0,0,1075.0,429|1075|1856
401507235,Michaela Onyenwere,away,1,,0,,548
401507235,Sug Sutton,away,2,,0,1668.0,582|1668
401507235,Emily Engstler,home,1,,0,,636
401507235,Rachel Banham,home,1,,0,,675
401507235,Kayana Traylor,home,2,,0,714.0,685|714
401507235,Brianna Turner,away,3,1862.0,0,1526.0,740|1526|1862
401507235,Moriah Jefferson,away,1,,0,,929
401507235,Shey Peddy,away,3,2276.0,0,2159.0,1005|2159|2276
401507235,Megan Gustafson,away,2,,0,1709.0,1009|1709
401507235,Kayla McBride,home,2,,0,1447.0,1222|1447
401507235,Brittney Griner,away,3,2221.0,0,1374.0,1281|1374|2221
401507235,Lindsay Allen,home,1,,0,,1426
401507235,Dorka Juhasz,home,2,,0,2322.0,1852|2322
401507236,Kia Nurse,away,2,,0,190.0,51|190
401507236,Jonquel Jones,home,4,1848.0,0,1208.0,86|1208|1848|1990
401507236,Nyara Sabally,home,3,2124.0,0,1678.0,398|1678|2124
401507236,Kayla Thornton,home,3,1921.0,0,1817.0,546|1817|1921
401507236,Ezi Magbegor,away,4,1131.0,1,1105.0,760|1105|1131|1411
401507236,Breanna Stewart,home,2,,0,1171.0,841|1171
401507236,Jewell Loyd,away,1,,0,,853
401507236,Courtney Vandersloot,home,1,,0,,909
401507236,Sabrina Ionescu,home,2,,0,2078.0,957|2078
401507236,Nyara Sabally defensive 3-seconds (technical,home,1,,0,,1077
401507236,Marine Johannes,home,1,,0,,1123
401507236,Sami Whitcomb,away,2,,0,2190.0,1193|2190
401507236,Dulcy Fankam Mendjiadeu,away,3,1753.9,0,1747.9,1341|1748|1754
401507236,Jordan Horston,away,2,,0,1718.0,1657|1718
401507236,Ivana Dojkic,away,3,2382.9,0,2378.9,1955|2379|2383
401507237,Elena Delle Donne,away,1,,0,,46
401507237,Rebecca Allen,home,4,1120.0,1,769.0,190|769|1120|1410
401507237,Ariel Atkins,away,4,1098.0,1,292.0,225|292|1098|1541
401507237,Alyssa Thomas,home,3,1390.0,0,1351.0,236|1351|1390
401507237,Tiffany Hayes,home,4,1932.0,0,452.0,348|452|1932|2153
401507237,Li Meng,away,3,1745.8,0,983.0,433|983|1746
401507237,Olivia Nelson-Ododa,home,2,,0,812.0,697|812
401507237,Brittney Sykes,away,4,2133.0,0,1964.0,721|1964|2133|2248
401507237,Natisha Hiedeman,home,2,,0,1255.0,891|1255
401507237,Tianna Hawkins defensive 3-seconds (technical,away,1,,0,,989
401507237,Myisha Hines-Allen,away,3,2311.0,0,2196.0,1056|2196|2311
401507237,Shatori Walker-Kimbrough,away,2,,0,1993.0,1398|1993
401507237,Tianna Hawkins,away,1,,0,,1618
401507237,DeWanna Bonner,home,1,,0,,1661
401507237,Tyasha Harris,home,1,,0,,1693
401507237,Queen Egbo,away,2,,0,1943.0,1708|1943
401507237,Linnae Harper,away,1,,0,,1755
401507238,NaLyssa Smith,home,2,,0,2383.9,53|2384
401507238,Kelsey Mitchell,home,1,,0,,134
401507238,Teaira McCowan,away,3,2249.0,0,942.0,195|942|2249
401507238,Lexie Hull,home,5,1323.0,0,917.0,355|917|1323|2010|2328
401507238,Aliyah Boston,home,3,2342.9,0,1083.0,408|1083|2343
401507238,Maya Caldwell,home,3,1217.0,0,542.9,505|543|1217
401507238,Awak Kuier,away,1,,0,,517
401507238,Erica Wheeler,home,2,,0,2217.0,823|2217
401507238,Crystal Dangerfield,away,2,,0,1409.0,892|1409
401507238,Grace Berger,home,2,,0,1561.0,924|1561
401507238,Satou Sabally,away,5,1398.0,0,1212.0,1014|1212|1398|1923|2292
401507238,Natasha Howard,away,5,1892.0,0,1494.0,1178|1494|1892|1989|2070
401507238,Victoria Vivians,home,1,,0,,1687
401507238,Amanda Zahui B.,home,2,,0,1878.0,1769|1878
401507238,Arike Ogunbowale,away,1,,0,,1825
401507239,Jasmine Thomas,away,1,,0,,69
401507239,Brittney Griner,home,4,2157.0,0,1063.0,178|1063|2157|2167
401507239,Jordin Canada,away,6,1354.0,0,389.0,300|389|1354|1617|2379|2388
401507239,Michaela Onyenwere,home,5,1473.0,0,533.0,374|533|1473|1488|1554
401507239,Moriah Jefferson,home,1,,0,,456
401507239,Zia Cooke,away,2,,0,967.0,473|967
401507239,Azura Stevens,away,5,1898.0,0,934.0,635|934|1898|2147|2355
401507239,Diana Taurasi,home,4,977.0,1,706.0,678|706|977|2196
401507239,Destanni Henderson,away,3,1845.0,0,731.0,723|731|1845
401507239,Sophie Cunningham,home,4,2262.0,0,1525.0,1376|1525|2262|2319
401507239,Megan Gustafson,home,1,,0,,1578
401507239,Nneka Ogwumike,away,1,,0,,2040
401507240,Diamond Miller,home,2,,0,169.0,56|169
401507240,Kelsey Plum,away,2,,0,2308.0,259|2308
401507240,Bridget Carleton,home,3,1894.0,0,1816.0,358|1816|1894
401507240,Cayla George,away,2,,0,2131.0,500|2131
401507240,Dorka Juhasz,home,2,,0,2082.0,992|2082
401507240,Napheesa Collier,home,3,1585.0,0,1330.0,1121|1330|1585
401507240,Jackie Young,away,1,,0,,1346
401507240,A'ja Wilson,away,1,,0,,1654
401507240,Kierstan Bell,away,2,,0,2265.0,1939|2265
401507240,Rachel Banham,home,2,,0,2159.0,1998|2159
401507240,Emily Engstler,home,1,,0,,2013
401507240,Sydney Colson,away,1,,0,,2199
401507240,Alysha Clark,away,2,,0,2217.0,2216|2217
401507240,Kayana Traylor,home,1,,0,,2300
401507241,Danielle Robinson,away,3,1791.0,0,1369.0,211|1369|1791
401507241,Marina Mabrey,home,2,,0,1709.0,242|1709
401507241,Cheyenne Parker,away,4,2278.0,0,895.0,251|895|2278|2354
401507241,Nia Coffey,away,2,,0,1684.0,260|1684
401507241,Alanna Smith,home,2,,0,359.0,282|359
401507241,Kahleah Copper,home,4,1765.8,0,288.0,286|288|1766|2110
401507241,Elizabeth Williams,home,4,1926.0,0,1421.0,387|1421|1926|2106
401507241,Dana Evans,home,1,,0,,499
401507241,Haley Jones,away,3,1562.0,0,955.0,546|955|1562
401507241,Monique Billings,away,2,,0,1684.0,674|1684
401507241,Rhyne Howard,away,1,,0,,1541
401507241,Courtney Williams,home,1,,0,,1671
401507241,Morgan Bertsch,home,2,,0,1925.0,1875|1925
401507241,Allisha Gray,away,2,,0,2121.0,2012|2121
401507242,Tianna Hawkins,home,2,,0,1966.0,91|1966
401507242,Ariel Atkins,home,1,,0,,169
401507242,Brittney Sykes,home,2,,0,912.0,316|912
401507242,Jewell Loyd,away,3,1299.0,0,613.0,391|613|1299
401507242,Jordan Horston,away,1,,0,,556
401507242,Ezi Magbegor,away,3,2297.0,0,1639.0,670|1639|2297
401507242,Kia Nurse,away,2,,0,1294.0,717|1294
401507242,Li Meng,home,1,,0,,762
401507242,Dulcy Fankam Mendjiadeu,away,2,,0,1198.0,863|1198
401507242,Shatori Walker-Kimbrough,home,2,,0,1888.0,1348|1888
401507242,Myisha Hines-Allen,home,2,,0,1679.0,1387|1679
401507242,Joyner Holmes,away,1,,0,,1663
401507242,Jade Melbourne,away,2,,0,2189.0,1905|2189
401507242,Linnae Harper,home,1,,0,,1911
401507242,Natasha Cloud,home,3,2221.0,0,2221.0,1988|2221|2221
401507242,Gabby Williams,away,2,,0,2262.0,2126|2262
401507243,Kelsey Plum,home,2,,0,759.0,260|759
401507243,Jackie Young,home,2,,0,750.0,263|750
401507243,Megan Gustafson,away,3,2319.0,0,316.0,289|316|2319
401507243,Alysha Clark,home,4,1808.0,0,655.0,307|655|1808|2297
401507243,Michaela Onyenwere,away,2,,0,645.0,384|645
401507243,Sug Sutton,away,3,2201.0,0,1903.0,388|1903|2201
401507243,Diana Taurasi,away,4,1329.0,0,796.0,494|796|1329|1613
401507243,Kiah Stokes,home,3,1779.0,0,743.0,509|743|1779
401507243,Kierstan Bell,home,3,2004.0,0,1728.0,538|1728|2004
401507243,Moriah Jefferson,away,2,,0,999.0,913|999
401507243,Sophie Cunningham,away,2,,0,1341.0,915|1341
401507243,Brianna Turner,away,2,,0,1214.0,1175|1214
401507243,A'ja Wilson,home,1,,0,,1508
401507243,Brittney Griner,away,1,,0,,1556
401507243,Shey Peddy,away,1,,0,,1745
401507244,Jonquel Jones,away,4,535.0,1,126.0,37|126|535|1453
401507244,Maya Caldwell,home,3,1237.0,0,224.0,143|224|1237
401507244,Erica Wheeler,home,4,2440.0,0,1514.0,299|1514|2440|2642
401507244,Kelsey Mitchell,home,1,,0,,340
401507244,Nyara Sabally,away,4,782.0,1,482.0,422|482|782|1466
401507244,Emma Cannon,home,5,1568.0,0,732.0,554|732|1568|1913|2675
401507244,Victoria Vivians,home,3,2502.0,0,957.0,607|957|2502
401507244,Breanna Stewart,away,1,,0,,829
401507244,Courtney Vandersloot,away,5,2102.0,0,1361.0,861|1361|2102|2388|2420
401507244,Kayla Thornton,away,2,,0,1683.0,919|1683
401507244,Sabrina Ionescu,away,2,,0,2183.0,1312|2183
401507244,Marine Johannes,away,2,,0,2006.0,1866|2006
401507244,Amanda Zahui B.,home,1,,0,,1871
401507244,Jocelyn Willoughby,away,1,,0,,1965
401507244,Grace Berger,home,2,,0,2314.0,2041|2314
401507244,Betnijah Laney,away,1,,0,,2162
401507244,Erica Wheeler personal,home,1,,0,,2376
401507244,Grace Berger personal,home,2,,0,2684.0,2394|2684
401507245,Alanna Smith,home,3,1010.0,1,135.0,97|135|1010
401507245,Kahleah Copper,home,2,,0,1536.0,124|1536
401507245,Morgan Bertsch,home,2,,0,1725.0,228|1725
401507245,Tiffany Hayes,away,2,,0,1769.8,256|1770
401507245,Courtney Williams,home,3,1048.0,1,1019.0,269|1019|1048
401507245,Dana Evans,home,1,,0,,455
401507245,DiJonai Carrington,away,3,809.0,1,585.0,579|585|809
401507245,Marina Mabrey,home,4,1389.0,0,1241.0,598|1241|1389|2376
401507245,Tyasha Harris,away,3,2350.0,0,2236.0,760|2236|2350
401507245,Alyssa Thomas,away,2,,0,1932.0,905|1932
401507245,DeWanna Bonner,away,1,,0,,1072
401507245,Rebecca Allen,away,2,,0,1475.0,1184|1475
401507245,Elizabeth Williams,home,1,,0,,2277
401507245,Leigha Brown,away,1,,0,,2322
401507246,Teaira McCowan,away,4,1682.0,0,1101.0,111|1101|1682|2113
401507246,Napheesa Collier,home,2,,0,1186.9,305|1187
401507246,Satou Sabally,away,2,,0,1976.0,381|1976
401507246,Natasha Howard,away,4,1691.0,0,1452.0,882|1452|1691|2373
401507246,Kayla McBride,home,2,,0,1318.0,1059|1318
401507246,Diamond Miller,home,2,,0,2066.0,1072|2066
401507246,Bridget Carleton,home,2,,0,1589.0,1153|1589
401507246,Arike Ogunbowale,away,1,,0,,1306
401507246,Odyssey Sims,away,1,,0,,1598
401507246,Nikolina Milic,home,2,,0,1827.0,1811|1827
401507246,Emily Engstler,home,1,,0,,1920
401507246,Dorka Juhasz,home,3,2096.0,0,2000.0,1946|2000|2096
401507246,Maddy Siegrist,away,2,,0,2233.0,1961|2233
401507246,Kayana Traylor,home,1,,0,,2113
401507246,Rachel Banham,home,1,,0,,2294
401507247,Dulcy Fankam Mendjiadeu,away,5,889.0,1,285.0,23|285|889|1284|2250
401507247,Ivana Dojkic,away,1,,0,,239
401507247,Rhyne Howard,home,3,2295.0,0,914.0,257|914|2295
401507247,Jordan Horston,away,2,,0,2073.0,384|2073
401507247,Jade Melbourne,away,4,2266.0,0,559.0,452|559|2266|2280
401507247,Gabby Williams,away,2,,0,2140.0,467|2140
401507247,Naz Hillmon,home,2,,0,1842.0,483|1842
401507247,Haley Jones,home,5,1666.0,0,809.0,492|809|1666|1989|2150
401507247,Sami Whitcomb,away,2,,0,2314.0,647|2314
401507247,Joyner Holmes,away,2,,0,1140.9,722|1141
401507247,Laeticia Amihere,home,2,,0,2132.0,797|2132
401507247,Danielle Robinson,home,3,1487.0,0,842.0,830|842|1487
401507247,Nia Coffey defensive 3-seconds (technical,home,1,,0,,945
401507247,Allisha Gray,home,2,,0,2034.0,1175|2034
401507247,Kia Nurse,away,1,,0,,1254
401507247,Monique Billings,home,3,1960.0,0,1878.0,1687|1878|1960
401507247,AD Durr,home,1,,0,,1723
401507247,Yvonne Turner,away,1,,0,,1761
401507248,Nneka Ogwumike,home,4,1348.0,0,1041.0,137|1041|1348|1443
401507248,A'ja Wilson,away,2,,0,1172.9,219|1173
401507248,Dearica Hamby,home,2,,0,806.0,523|806
401507248,Jordin Canada,home,4,1236.0,0,749.0,581|749|1236|1661
401507248,Kiah Stokes,away,3,1837.0,0,1524.0,821|1524|1837
401507248,Jackie Young,away,3,2135.0,0,1049.0,938|1049|2135
401507248,Kelsey Plum,away,3,2036.0,0,1680.0,1247|1680|2036
401507248,Jasmine Thomas,home,1,,0,,1568
401507248,Cayla George,away,2,,0,2285.0,1816|2285
401507248,Destanni Henderson,home,1,,0,,1847
401507248,Chelsea Gray,away,1,,0,,1881
401507248,Zia Cooke,home,1,,0,,2073
401558893,Alyssa Thomas,home,1,,0,,974
401558893,Arike Ogunbowale,home,1,,0,,1195
401558893,Brittney Griner,away,1,,0,,1751
401558893,Jewell Loyd,away,1,,0,,2304
401507249,Monique Billings,home,2,,0,2209.0,129|2209
401507249,Rhyne Howard,home,4,1384.0,0,664.0,174|664|1384|2130
401507249,Allisha Gray,home,2,,0,421.0,252|421
401507249,Diamond Miller,away,3,794.0,1,397.0,277|397|794
401507249,Allisha Gray defensive 3-seconds (technical,home,1,,0,,312
401507249,Kayla McBride,away,2,,0,2374.0,439|2374
401507249,Haley Jones,home,3,1438.0,0,719.0,704|719|1438
401507249,Nia Coffey,home,4,1403.0,0,1370.0,813|1370|1403|1852
401507249,Cheyenne Parker,home,3,1977.0,0,1751.0,824|1751|1977
401507249,AD Durr,home,2,,0,1876.0,890|1876
401507249,Tiffany Mitchell,away,2,,0,2106.0,948|2106
401507249,Dorka Juhasz,away,2,,0,2280.0,1059|2280
401507249,Napheesa Collier,away,4,2023.0,0,1701.0,1390|1701|2023|2170
401507249,Naz Hillmon,home,1,,0,,1518
401507249,Nikolina Milic,away,2,,0,1864.0,1652|1864
401507249,Bridget Carleton,away,2,,0,2303.0,2001|2303
401507250,Brittney Griner,home,2,,0,578.9,213|579
401507250,Sug Sutton,home,3,1932.0,0,1045.0,332|1045|1932
401507250,Brianna Turner,home,3,2319.0,0,1706.0,336|1706|2319
401507250,Tiffany Hayes,away,3,1513.0,0,1125.0,453|1125|1513
401507250,Olivia Nelson-Ododa,away,5,849.0,1,699.0,546|699|849|1557|2312
401507250,Sophie Cunningham,home,3,1468.0,0,1317.0,555|1317|1468
401507250,Michaela Onyenwere,home,3,986.0,1,639.0,592|639|986
401507250,Diana Taurasi,home,3,1996.0,0,1141.9,669|1142|1996
401507250,Moriah Jefferson,home,3,2115.0,0,2055.0,768|2055|2115
401507250,Kadi Sissoko,home,1,,0,,1087
401507250,Kristine Anigwe,away,1,,0,,1129
401507250,Alyssa Thomas,away,4,1737.0,0,1547.0,1217|1547|1737|2071
401507250,DeWanna Bonner,away,1,,0,,1217
401507250,Shey Peddy,home,3,2380.9,0,2195.0,1416|2195|2381
401507250,Rebecca Allen,away,2,,0,1596.0,1519|1596
401507250,Tyasha Harris,away,1,,0,,2128
401507251,Kristy Wallace,away,3,1913.0,0,773.0,165|773|1913
401507251,Erica Wheeler,away,4,1315.0,0,1054.0,177|1054|1315|1408
401507251,Amanda Zahui B.,away,2,,0,562.0,339|562
401507251,Tianna Hawkins,home,4,1428.0,0,1384.0,373|1384|1428|2246
401507251,Kelsey Mitchell,away,3,2294.0,0,1312.0,387|1312|2294
401507251,Emma Cannon,away,2,,0,2223.0,703|2223
401507251,Brittney Sykes,home,5,2171.0,0,1194.9,756|1195|2171|2173|2334
401507251,Linnae Harper,home,2,,0,797.0,765|797
401507251,Queen Egbo,home,4,1135.0,1,931.0,874|931|1135|2014
401507251,Aliyah Boston,away,3,2071.0,0,1557.0,1356|1557|2071
401507251,Grace Berger,away,1,,0,,1465
401507251,Cyesha Goree,home,1,,0,,1698
401507251,Myisha Hines-Allen,home,1,,0,,2305
401507251,Shatori Walker-Kimbrough personal,home,1,,0,,2393
401507251,Natasha Cloud personal,home,1,,0,,2396
401507252,Jonquel Jones,home,6,805.0,1,727.0,225|727|805|805|1643|2158
401507252,Courtney Vandersloot,home,2,,0,2301.0,351|2301
401507252,Nyara Sabally,home,6,871.0,1,595.8,378|596|871|979|1677|1821
401507252,Natasha Howard,away,3,1978.0,0,392.0,385|392|1978
401507252,Sabrina Ionescu,home,1,,0,,616
401507252,Kayla Thornton,home,1,,0,,679
401507252,Arike Ogunbowale,away,3,1436.0,0,964.0,830|964|1436
401507252,Satou Sabally,away,3,2241.0,0,2202.0,1028|2202|2241
401507252,Maddy Siegrist,away,2,,0,1192.9,1132|1193
401507252,Breanna Stewart,home,1,,0,,1449
401507252,Awak Kuier,away,1,,0,,1506
401507252,Teaira McCowan,away,2,,0,1733.0,1700|1733
401507252,Jocelyn Willoughby,home,1,,0,,1740
401507252,Crystal Dangerfield,away,1,,0,,2011
401507252,Odyssey Sims,away,1,,0,,2137
401507253,Monique Billings,away,1,,0,,137
401507253,Nia Coffey,away,2,,0,1112.0,271|1112
401507253,Iliana Rupert,away,1,,0,,288
401507253,Tiffany Hayes,home,4,1200.0,0,486.0,380|486|1200|1696
401507253,Rhyne Howard,away,4,1935.0,0,944.0,611|944|1935|1935
401507253,Olivia Nelson-Ododa,home,2,,0,774.0,648|774
401507253,Cheyenne Parker,away,4,1149.9,1,861.0,662|861|1150|2117
401507253,Allisha Gray,away,3,2284.0,0,1660.0,728|1660|2284
401507253,DiJonai Carrington,home,2,,0,2104.0,790|2104
401507253,Haley Jones,away,1,,0,,809
401507253,DeWanna Bonner,home,2,,0,1387.0,982|1387
401507253,Rebecca Allen,home,2,,0,2099.0,1008|2099
401507253,Danielle Robinson,away,4,1304.0,0,1250.0,1023|1250|1304|1810
401507253,Alyssa Thomas,home,4,1838.0,0,1273.0,1214|1273|1838|1907
401507253,Natisha Hiedeman,home,2,,0,2058.0,1538|2058
401507253,Aari McDonald,away,1,,0,,1627
401507253,Leigha Brown,home,1,,0,,2331
401507253,Kristine Anigwe,home,1,,0,,2342
401507254,Azura Stevens,away,5,915.0,1,733.0,46|733|915|1360|1860
401507254,Layshia Clarendon,away,3,1521.0,0,737.0,74|737|1521
401507254,Diamond Miller,home,4,1470.0,0,1089.0,271|1089|1470|2014
401507254,Napheesa Collier,home,3,975.0,1,572.9,355|573|975
401507254,Lindsay Allen,home,3,1597.0,0,1545.0,425|1545|1597
401507254,Karlie Samuelson,away,2,,0,2259.0,443|2259
401507254,Nikolina Milic defensive 3-seconds (technical,home,1,,0,,509
401507254,Bridget Carleton,home,1,,0,,662
401507254,Dearica Hamby,away,4,2190.0,0,1991.0,1002|1991|2190|2290
401507254,Nneka Ogwumike,away,1,,0,,1348
401507254,Tiffany Mitchell,home,1,,0,,1752
401507254,Jordin Canada,away,1,,0,,1759
401507254,Dorka Juhasz,home,1,,0,,1902
401507254,Rae Burrell,away,3,2079.0,0,1932.0,1906|1932|2079
401507254,Nikolina Milic,home,1,,0,,1946
401507255,Elizabeth Williams,away,4,1166.9,1,781.0,129|781|1167|1952
401507255,Moriah Jefferson,home,1,,0,,497
401507255,Megan Gustafson,home,1,,0,,505
401507255,Ruthy Hebard,away,1,,0,,519
401507255,Brittney Griner,home,1,,0,,653
401507255,Michaela Onyenwere,home,1,,0,,897
401507255,Sug Sutton,home,2,,0,1097.0,899|1097
401507255,Shey Peddy,home,1,,0,,1013
401507255,Alanna Smith,away,4,1169.9,1,1097.0,1045|1097|1170|1792
401507255,Kadi Sissoko,home,1,,0,,1103
401507255,Sophie Cunningham,home,4,1735.0,0,1663.0,1143|1663|1735|1967
401507255,Kahleah Copper,away,2,,0,1542.0,1196|1542
401507255,Brianna Turner,home,2,,0,2218.0,1378|2218
401507255,Morgan Bertsch,away,1,,0,,2046
401507256,Kelsey Plum,away,4,1972.0,0,1090.0,312|1090|1972|2123
401507256,Gabby Williams,home,1,,0,,393
401507256,Jordan Horston,home,3,1934.0,0,1128.0,463|1128|1934
401507256,Ivana Dojkic,home,1,,0,,527
401507256,Mercedes Russell,home,1,,0,,559
401507256,Kia Nurse,home,2,,0,1833.0,722|1833
401507256,Kierstan Bell,away,1,,0,,773
401507256,Chelsea Gray,away,2,,0,959.0,784|959
401507256,Dulcy Fankam Mendjiadeu,home,4,1248.0,0,1000.0,941|1000|1248|1451
401507256,Kiah Stokes,away,2,,0,1532.0,1234|1532
401507256,Ezi Magbegor,home,3,2189.0,0,1991.0,1354|1991|2189
401507256,A'ja Wilson,away,4,1842.0,0,1703.0,1415|1703|1842|2321
401507256,Cayla George,away,2,,0,1817.0,1756|1817
401507256,Sami Whitcomb,home,1,,0,,2074
401507256,Alysha Clark,away,2,,0,2135.0,2114|2135
401507256,Jackie Young,away,2,,0,2342.0,2173|2342
401507257,Brittney Sykes,home,2,,0,2202.0,11|2202
401507257,Natasha Cloud,home,3,2053.0,0,367.0,225|367|2053
401507257,Queen Egbo,home,4,1427.0,0,594.0,377|594|1427|1626
401507257,Kayla Thornton,away,1,,0,,407
401507257,Marine Johannes,away,2,,0,597.9,431|598
401507257,Sabrina Ionescu,away,3,2182.0,0,481.0,475|481|2182
401507257,Myisha Hines-Allen,home,1,,0,,741
401507257,Breanna Stewart,away,2,,0,2222.0,937|2222
401507257,Betnijah Laney,away,3,2312.0,0,1936.0,1044|1936|2312
401507257,Tianna Hawkins,home,4,2000.0,0,1170.0,1153|1170|2000|2099
401507257,Jonquel Jones,away,2,,0,1857.0,1552|1857
401507257,Shatori Walker-Kimbrough,home,2,,0,1959.0,1782|1959
401507257,Courtney Vandersloot,away,2,,0,2287.0,1832|2287
401507257,Li Meng,home,2,,0,2372.9,1841|2373
401507257,Jocelyn Willoughby,away,1,,0,,2395
401507258,Danielle Robinson,home,1,,0,,73
401507258,Cheyenne Parker,home,4,1957.0,0,1344.0,105|1344|1957|2323
401507258,Tiffany Hayes,away,3,1510.0,0,338.0,142|338|1510
401507258,Allisha Gray,home,6,1747.8,0,1539.0,183|1539|1748|1760|1792|2355
401507258,Rhyne Howard,home,3,976.0,1,307.0,188|307|976
401507258,Alyssa Thomas,away,2,,0,1502.0,236|1502
401507258,Natisha Hiedeman,away,2,,0,1574.0,317|1574
401507258,Rebecca Allen,away,3,2255.0,0,499.0,374|499|2255
401507258,Olivia Nelson-Ododa,away,4,1000.0,1,775.0,584|775|1000|1880
401507258,Monique Billings,home,1,,0,,600
401507258,AD Durr,home,1,,0,,659
401507258,DiJonai Carrington,away,2,,0,2021.0,691|2021
401507258,DiJonai Carrington clear path,away,1,,0,,707
401507258,DeWanna Bonner,away,2,,0,1141.0,893|1141
401507258,Kristine Anigwe,away,1,,0,,1075
401507258,Aari McDonald,home,1,,0,,1554
401507258,Iliana Rupert,home,1,,0,,1891
401507258,Nia Coffey,home,2,,0,2132.0,2051|2132
401507261,Kayla McBride,home,4,1091.0,1,1068.0,92|1068|1091|1463
401507261,Dorka Juhasz,home,2,,0,1303.0,160|1303
401507261,Napheesa Collier,home,3,2134.0,0,1550.0,179|1550|2134
401507261,Jackie Young,away,2,,0,1463.0,273|1463
401507261,Tiffany Mitchell,home,1,,0,,362
401507261,Alysha Clark,away,5,1560.0,0,1155.9,489|1156|1560|1600|1837
401507261,Kelsey Plum,away,2,,0,1906.0,496|1906
401507261,Nikolina Milic defensive 3-seconds (technical,home,1,,0,,618
401507261,Napheesa Collier defensive 3-seconds (technical,home,2,,0,1236.0,709|1236
401507261,Nikolina Milic,home,3,1856.0,0,1703.0,746|1703|1856
401507261,Chelsea Gray,away,1,,0,,765
401507261,Diamond Miller,home,3,1944.0,0,1407.0,1008|1407|1944
401507261,Bridget Carleton,home,2,,0,1871.0,1045|1871
401507261,Lindsay Allen,home,2,,0,2091.0,1382|2091
401507261,Cayla George,away,1,,0,,2067
401507261,Sydney Colson,away,2,,0,2366.0,2334|2366
401507260,Satou Sabally,home,4,1896.0,0,1143.0,54|1143|1896|2182
401507260,Azura Stevens,away,2,,0,1309.0,74|1309
401507260,Arike Ogunbowale,home,2,,0,560.9,238|561
401507260,Jordin Canada,away,1,,0,,324
401507260,Layshia Clarendon,away,2,,0,1611.0,474|1611
401507260,Teaira McCowan,home,3,1857.0,0,1507.0,777|1507|1857
401507260,Dearica Hamby,away,5,1644.0,0,1553.0,965|1553|1644|1712|2273
401507260,Natasha Howard,home,3,1413.0,0,1333.0,1068|1333|1413
401507260,Rae Burrell,away,1,,0,,1084
401507260,Odyssey Sims,home,1,,0,,1991
401507260,Double,home,1,,0,,1991
401507260,Nneka Ogwumike,away,1,,0,,2205
401507260,Natasha Howard personal,home,1,,0,,2321
401507259,Ezi Magbegor,home,4,1105.0,1,413.0,105|413|1105|1428
401507259,Marina Mabrey,away,5,1405.0,0,458.0,192|458|1405|1416|1542
401507259,Elizabeth Williams,away,5,713.0,1,611.0,198|611|713|1309|2125
401507259,Dulcy Fankam Mendjiadeu,home,2,,0,784.0,272|784
401507259,Alanna Smith,away,4,1238.0,0,964.0,320|964|1238|2013
401507259,Kia Nurse,home,2,,0,472.0,433|472
401507259,Jordan Horston,home,3,2259.0,0,1971.0,518|1971|2259
401507259,Ruthy Hebard,away,4,1740.9,0,1623.0,598|1623|1741|2267
401507259,Joyner Holmes,home,3,1593.0,0,752.0,645|752|1593
401507259,Jewell Loyd,home,2,,0,1392.0,949|1392
401507259,Jade Melbourne,home,5,1542.0,0,1092.0,1084|1092|1542|1555|2209
401507259,Courtney Williams,away,1,,0,,1333
401507259,Kia Nurse defensive 3-seconds (technical,home,1,,0,,1846
401507259,Mercedes Russell,home,1,,0,,1863
401507259,Sami Whitcomb,home,2,,0,2034.0,1910|2034
401507259,Dana Evans,away,1,,0,,2048
401507259,Sika Kone,away,1,,0,,2374
401507263,Sug Sutton,away,4,1752.9,0,1085.0,169|1085|1753|2064
401507263,Brianna Turner,away,1,,0,,238
401507263,Sophie Cunningham,away,3,2151.0,0,1000.0,266|1000|2151
401507263,Brittney Sykes,home,4,1520.0,0,918.0,346|918|1520|2313
401507263,Natasha Cloud,home,1,,0,,492
401507263,Moriah Jefferson,away,4,2158.0,0,797.0,574|797|2158|2280
401507263,Michaela Onyenwere,away,4,1386.0,0,614.0,591|614|1386|2264
401507263,Cyesha Goree,home,2,,0,1930.0,637|1930
401507263,Myisha Hines-Allen,home,2,,0,708.0,703|708
401507263,Queen Egbo,home,3,2033.0,0,1670.0,750|1670|2033
401507263,Shey Peddy,away,1,,0,,1490
401507263,Li Meng,home,1,,0,,1761
401507263,Megan Gustafson,away,2,,0,2387.9,1766|2388
401507263,Linnae Harper,home,1,,0,,2338
401507262,Kelsey Mitchell clear path,away,1,,0,,81
401507262,Victoria Vivians,away,1,,0,,161
401507262,Erica Wheeler,away,2,,0,1407.0,308|1407
401507262,Aliyah Boston,away,4,447.0,1,378.0,359|378|447|1562
401507262,Jonquel Jones,home,4,1492.0,0,1021.0,407|1021|1492|1692
401507262,Grace Berger,away,1,,0,,468
401507262,Nyara Sabally,home,2,,0,1849.0,586|1849
401507262,Lexie Hull,away,6,1313.0,0,833.0,763|833|1313|1418|2033|2140
401507262,Jocelyn Willoughby,home,1,,0,,771
401507262,Marine Johannes,home,2,,0,1821.0,943|1821
401507262,Epiphanny Prince,home,1,,0,,1159
401507262,Courtney Vandersloot,home,4,1991.0,0,1389.0,1294|1389|1991|1991
401507262,Kelsey Mitchell,away,1,,0,,1889
401507262,Kayla Thornton,home,1,,0,,2115
401507262,Sabrina Ionescu,home,1,,0,,2255
401507264,Sophie Cunningham,away,4,1065.0,1,567.9,98|568|1065|1843
401507264,Shey Peddy,away,3,1578.0,0,1184.9,210|1185|1578
401507264,Kadi Sissoko,away,2,,0,307.0,251|307
401507264,Monique Billings,home,1,,0,,411
401507264,Brianna Turner,away,1,,0,,429
401507264,Naz Hillmon,home,1,,0,,471
401507264,Aari McDonald,home,1,,0,,549
401507264,AD Durr,home,1,,0,,580
401507264,Haley Jones,home,2,,0,2288.0,678|2288
401507264,Michaela Onyenwere,away,2,,0,1033.0,725|1033
401507264,Allisha Gray,home,2,,0,1232.0,1071|1232
401507264,Nia Coffey,home,1,,0,,1106
401507264,Danielle Robinson,home,1,,0,,1224
401507264,Sug Sutton,away,1,,0,,1640
401507264,Danielle Robinson personal,home,1,,0,,1820
401507264,Laeticia Amihere,home,4,2080.0,0,1929.0,1865|1929|2080|2339
401507264,Iliana Rupert,home,3,2080.0,0,1936.0,1877|1936|2080
401507264,Brittney Griner,away,3,2048.0,0,1918.0,1918|1918|2048
401507264,Megan Gustafson,away,1,,0,,2235
401507264,Liz Dixon,away,1,,0,,2324
401507265,Ezi Magbegor,away,2,,0,2348.9,163|2349
401507265,Dulcy Fankam Mendjiadeu,away,4,1149.9,1,1018.0,234|1018|1150|1360
401507265,Betnijah Laney,home,3,2146.0,0,903.0,243|903|2146
401507265,Kia Nurse,away,2,,0,1888.0,557|1888
401507265,Marine Johannes,home,1,,0,,723
401507265,Sami Whitcomb,away,2,,0,1571.0,900|1571
401507265,Jonquel Jones,home,4,1636.0,0,1298.0,933|1298|1636|1835
401507265,Sabrina Ionescu,home,1,,0,,1150
401507265,Courtney Vandersloot,home,2,,0,1997.0,1381|1997
401507265,Gabby Williams,away,2,,0,2294.0,1392|2294
401507265,Kayla Thornton,home,1,,0,,1762
401507265,Sandy Brondello,home,1,,0,,1835
401507265,Jewell Loyd,away,1,,0,,2377
401507265,Sami Whitcomb personal,away,1,,0,,2382
401507265,Mercedes Russell personal,away,1,,0,,2393
401507266,Elizabeth Williams,home,2,,0,1830.0,100|1830
401507266,Kahleah Copper,home,3,1757.9,0,1716.0,222|1716|1758
401507266,A'ja Wilson,away,4,1507.0,0,1289.0,482|1289|1507|2062
401507266,Dana Evans,home,2,,0,2046.0,514|2046
401507266,Morgan Bertsch,home,3,2002.0,0,1937.0,547|1937|2002
401507266,Alysha Clark,away,2,,0,1029.0,734|1029
401507266,Alanna Smith,home,2,,0,800.0,783|800
401507266,Robyn Parks,home,3,2248.0,0,1734.0,811|1734|2248
401507266,Kelsey Plum,away,3,2291.0,0,1726.0,976|1726|2291
401507266,Courtney Williams,home,4,1343.0,0,1299.0,1188|1299|1343|2083
401507266,Marina Mabrey,home,2,,0,2191.0,1262|2191
401507266,Kiah Stokes,away,1,,0,,1352
401507266,Kierstan Bell,away,1,,0,,1769
401507266,Chelsea Gray,away,1,,0,,2305
401507267,Tiffany Hayes,away,4,1071.0,1,991.0,110|991|1071|1748
401507267,Teaira McCowan,home,4,1719.0,0,1655.0,314|1655|1719|1890
401507267,Odyssey Sims,home,1,,0,,330
401507267,Arike Ogunbowale,home,3,1529.0,0,479.0,350|479|1529
401507267,Alyssa Thomas,away,3,2182.0,0,396.0,374|396|2182
401507267,Kalani Brown,home,1,,0,,748
401507267,Olivia Nelson-Ododa,away,3,2189.0,0,1966.0,764|1966|2189
401507267,DiJonai Carrington,away,1,,0,,955
401507267,Natasha Howard,home,6,1470.0,0,1361.0,1020|1361|1470|1488|1981|2369
401507267,Rebecca Allen,away,2,,0,1440.0,1261|1440
401507267,Satou Sabally,home,3,2353.9,0,2059.0,1300|2059|2354
401507267,Crystal Dangerfield,home,1,,0,,1426
401507267,Awak Kuier,home,1,,0,,1622
401507267,DeWanna Bonner,away,1,,0,,1734
401507267,Natisha Hiedeman,away,1,,0,,1935
401507267,Odyssey Sims personal,home,1,,0,,2380
401507268,Aliyah Boston,away,4,1301.0,0,535.0,176|535|1301|1395
401507268,Victoria Vivians,away,1,,0,,203
401507268,Lexie Brown,home,2,,0,1889.0,291|1889
401507268,Nneka Ogwumike,home,3,1765.9,0,1324.0,527|1324|1766
401507268,Amanda Zahui B.,away,3,1898.0,0,1539.0,553|1539|1898
401507268,Jordin Canada,home,2,,0,1060.0,595|1060
401507268,Dearica Hamby,home,1,,0,,648
401507268,Kelsey Mitchell,away,3,2269.0,0,2007.0,711|2007|2269
401507268,Layshia Clarendon,home,4,2306.0,0,1468.0,786|1468|2306|2343
401507268,Azura Stevens,home,1,,0,,995
401507268,Aliyah Boston defensive 3-seconds (technical,away,1,,0,,1014
401507268,Lexie Hull,away,2,,0,2272.0,1252|2272
401507268,Erica Wheeler,away,1,,0,,1570
401507268,Kristy Wallace,away,1,,0,,2124
401507269,Myisha Hines-Allen,away,1,,0,,25
401507269,Lindsay Allen,home,2,,0,1025.0,61|1025
401507269,Brittney Sykes,away,4,1768.9,0,693.0,129|693|1769|2032
401507269,Dorka Juhasz,home,1,,0,,156
401507269,Queen Egbo,away,2,,0,400.0,248|400
401507269,Natasha Cloud,away,3,2258.0,0,1565.0,330|1565|2258
401507269,Tianna Hawkins,away,3,835.0,1,753.0,457|753|835
401507269,Abby Meyers,away,1,,0,,480
401507269,Diamond Miller,home,3,2202.0,0,1088.0,595|1088|2202
401507269,Cyesha Goree,away,1,,0,,723
401507269,Kayla McBride,home,1,,0,,1100
401507269,Shatori Walker-Kimbrough,away,4,1774.8,0,1774.8,1195|1775|1775|2003
401507269,Napheesa Collier,home,1,,0,,1672
401507269,Eric Thibault,away,1,,0,,2032
401507270,Victoria Vivians,away,4,2110.0,0,1365.0,308|1365|2110|2288
401507270,Karlie Samuelson,home,2,,0,2066.0,320|2066
401507270,Aliyah Boston,away,3,1553.0,0,1000.0,474|1000|1553
401507270,Dearica Hamby,home,1,,0,,512
401507270,Amanda Zahui B.,away,3,2023.0,0,1937.0,649|1937|2023
401507270,Azura Stevens,home,2,,0,1217.0,676|1217
401507270,Jasmine Thomas,home,1,,0,,775
401507270,Emma Cannon,away,3,1899.0,0,851.0,812|851|1899
401507270,Layshia Clarendon,home,2,,0,1122.0,820|1122
401507270,Grace Berger,away,1,,0,,838
401507270,Erica Wheeler,away,2,,0,2250.0,1107|2250
401507270,Lexie Hull,away,3,1745.9,0,1713.0,1510|1713|1746
401507270,Nneka Ogwumike,home,1,,0,,1974
401507271,Rhyne Howard,away,4,1690.0,0,680.0,192|680|1690|1958
401507271,Sabrina Ionescu,home,3,2198.0,0,1565.0,374|1565|2198
401507271,Kayla Thornton,home,3,1742.9,0,653.0,465|653|1743
401507271,Breanna Stewart,home,1,,0,,476
401507271,Tanisha Wright,away,1,,0,,522
401507271,Nyara Sabally,home,2,,0,1128.0,542|1128
401507271,Marine Johannes,home,2,,0,1667.0,549|1667
401507271,Jonquel Jones,home,5,1982.0,0,773.0,732|773|1982|2059|2078
401507271,Iliana Rupert,away,2,,0,896.0,745|896
401507271,Courtney Vandersloot,home,3,1528.0,0,1397.0,844|1397|1528
401507271,Cheyenne Parker,away,3,1356.0,0,1250.0,913|1250|1356
401507271,Nia Coffey,away,3,1327.0,0,1319.0,1043|1319|1327
401507271,Laeticia Amihere,away,2,,0,1756.9,1138|1757
401507271,Danielle Robinson,away,2,,0,1582.0,1270|1582
401507271,Aari McDonald,away,1,,0,,1444
401507271,Jocelyn Willoughby,home,1,,0,,2033
401507271,Epiphanny Prince,home,1,,0,,2353
401507272,Dulcy Fankam Mendjiadeu,away,1,,0,,177
401507272,Ezi Magbegor,away,3,2149.0,0,1526.0,262|1526|2149
401507272,Elizabeth Williams,home,3,2386.0,0,992.0,378|992|2386
401507272,Kia Nurse,away,3,1784.9,0,1610.0,819|1610|1785
401507272,Jordan Horston,away,3,1905.0,0,1056.0,1002|1056|1905
401507272,Gabby Williams,away,3,1815.0,0,1778.9,1057|1779|1815
401507272,Sami Whitcomb,away,2,,0,1980.0,1144|1980
401507272,Kahleah Copper,home,3,2063.0,0,2042.0,1168|2042|2063
401507272,Courtney Williams,home,2,,0,2382.0,1179|2382
401507272,Alanna Smith,home,2,,0,2322.0,1586|2322
401507272,Marina Mabrey,home,1,,0,,1759
401507272,Mercedes Russell,away,1,,0,,1943
401507272,Jewell Loyd,away,2,,0,2255.0,2170|2255
401507272,Dana Evans,home,1,,0,,2319
401507273,Natasha Howard,home,1,,0,,212
401507273,Natasha Cloud,away,3,1143.0,1,897.0,230|897|1143
401507273,Arike Ogunbowale,home,2,,0,1882.0,357|1882
401507273,Cyesha Goree,away,5,1709.0,0,1441.0,379|1441|1709|2188|2229
401507273,Brittney Sykes,away,2,,0,535.0,447|535
401507273,Tianna Hawkins,away,2,,0,1520.0,807|1520
401507273,Satou Sabally,home,4,2121.0,0,1791.8,982|1792|2121|2140
401507273,Li Meng,away,1,,0,,1041
401507273,Teaira McCowan,home,2,,0,1154.9,1053|1155
401507273,Veronica Burton,home,2,,0,1486.0,1372|1486
401507273,Myisha Hines-Allen,away,2,,0,1773.0,1421|1773
401507273,Kalani Brown,home,1,,0,,1452
401507273,Crystal Dangerfield,home,1,,0,,1568
401507273,Maddy Siegrist,home,1,,0,,2018
401507273,Shatori Walker-Kimbrough,away,1,,0,,2097
401558197,Marine Johannes,home,3,946.0,1,294.0,161|294|946
401558197,Jocelyn Willoughby,home,2,,0,527.0,397|527
401558197,Emily Engstler,away,2,,0,903.0,419|903
401558197,Diamond Miller,away,4,2030.0,0,1069.0,461|1069|2030|2223
401558197,Nyara Sabally,home,1,,0,,488
401558197,Betnijah Laney,home,4,2354.9,0,1481.0,1010|1481|2355|2377
401558197,Tiffany Mitchell,away,3,2332.0,0,1640.0,1094|1640|2332
401558197,Jonquel Jones,home,2,,0,1305.0,1137|1305
401558197,Dorka Juhasz,away,3,1547.0,0,1274.0,1198|1274|1547
401558197,Breanna Stewart,home,2,,0,1329.0,1302|1329
401558197,Kayla McBride defensive 3-seconds (technical,away,1,,0,,1389
401558197,Lindsay Allen,away,2,,0,1696.0,1443|1696
401558197,Kayla Thornton,home,4,1979.0,0,1765.9,1489|1766|1979|2168
401558197,Sabrina Ionescu,home,2,,0,2387.9,1529|2388
401558197,Nikolina Milic,away,1,,0,,2177
401558197,Kayla McBride,away,2,,0,2395.9,2368|2396
401558197,Bridget Carleton,away,1,,0,,2376
401558197,Sabrina Ionescu personal,home,1,,0,,2397
401507274,Rebecca Allen,home,2,,0,112.0,51|112
401507274,Diamond Miller,away,3,1197.0,1,826.0,153|826|1197
401507274,Nikolina Milic,away,4,1481.0,0,1230.0,326|1230|1481|2102
401507274,Jessica Shepard,away,4,1748.9,0,472.0,365|472|1749|2223
401507274,DiJonai Carrington,home,4,2199.0,0,1861.0,570|1861|2199|2400
401507274,Dorka Juhasz,away,3,2027.0,0,867.0,689|867|2027
401507274,Natisha Hiedeman,home,4,1711.0,0,922.0,835|922|1711|2296
401507274,Lindsay Allen,away,4,1953.0,0,1023.0,900|1023|1953|2359
401507274,Alyssa Thomas,home,1,,0,,914
401507274,Olivia Nelson-Ododa,home,1,,0,,1791
401507274,Aerial Powers,away,2,,0,1896.0,1816|1896
401507274,Kayla McBride,away,1,,0,,2264
401507274,Natisha Hiedeman personal,home,1,,0,,2381
401507274,DiJonai Carrington personal,home,1,,0,,2389
401507275,Myisha Hines-Allen,away,3,2340.0,0,1282.0,15|1282|2340
401507275,Danielle Robinson,home,3,1213.0,0,253.0,91|253|1213
401507275,Tianna Hawkins,away,4,1195.9,1,910.0,141|910|1196|1587
401507275,Nia Coffey,home,2,,0,2380.9,165|2381
401507275,Rhyne Howard clear path,home,1,,0,,370
401507275,Naz Hillmon,home,1,,0,,389
401507275,Queen Egbo,away,5,2071.0,0,457.0,408|457|2071|2078|2103
401507275,Monique Billings,home,3,1579.0,0,1561.0,474|1561|1579
401507275,Li Meng,away,1,,0,,710
401507275,Rhyne Howard,home,2,,0,1718.0,766|1718
401507275,Natasha Cloud,away,2,,0,2368.9,790|2369
401507275,Iliana Rupert,home,3,1748.9,0,896.0,846|896|1749
401507275,Aari McDonald,home,1,,0,,1048
401507275,AD Durr,home,1,,0,,1103
401507275,Brittney Sykes,away,3,2256.0,0,1778.0,1452|1778|2256
401507275,Cheyenne Parker,home,1,,0,,2277
401507275,Linnae Harper,away,1,,0,,2375
401507275,Natasha Cloud personal,away,2,,0,2381.9,2377|2382
401507276,Jewell Loyd,away,1,,0,,12
401507276,Dulcy Fankam Mendjiadeu,away,3,1227.0,0,1153.0,209|1153|1227
401507276,Kelsey Mitchell,home,1,,0,,339
401507276,Sami Whitcomb,away,5,1063.0,1,874.0,442|874|1063|1272|2021
401507276,Ezi Magbegor,away,4,1091.0,1,986.0,515|986|1091|2043
401507276,Gabby Williams,away,3,2170.0,0,1081.0,528|1081|2170
401507276,Emma Cannon,home,2,,0,1669.0,579|1669
401507276,Mercedes Russell,away,2,,0,1950.0,836|1950
401507276,Lexie Hull,home,5,1674.0,0,1457.0,853|1457|1674|1785|2130
401507276,Kristy Wallace,home,2,,0,1751.0,1025|1751
401507276,Aliyah Boston,home,1,,0,,1237
401507276,Kia Nurse,away,1,,0,,1704
401507277,Moriah Jefferson,away,3,1872.0,0,1509.0,141|1509|1872
401507277,Michaela Onyenwere,away,2,,0,434.0,185|434
401507277,Brianna Turner,away,3,1253.0,0,721.0,240|721|1253
401507277,Shey Peddy,away,1,,0,,372
401507277,Dana Evans,home,1,,0,,448
401507277,Megan Gustafson,away,2,,0,1970.0,491|1970
401507277,Marina Mabrey,home,2,,0,1637.0,507|1637
401507277,Ruthy Hebard,home,1,,0,,593
401507277,Morgan Bertsch,home,1,,0,,680
401507277,Alanna Smith,home,1,,0,,789
401507277,Sophie Cunningham,away,2,,0,2077.0,926|2077
401507277,Robyn Parks,home,2,,0,1887.0,1046|1887
401507277,Sug Sutton,away,1,,0,,1112
401507277,Elizabeth Williams,home,2,,0,2146.0,1197|2146
401507277,Courtney Williams,home,1,,0,,1444
401507277,Diana Taurasi,away,1,,0,,1965
401507279,Jonquel Jones,away,5,1956.0,0,891.0,186|891|1956|1975|2025
401507279,Layshia Clarendon,home,3,1795.9,0,1713.0,326|1713|1796
401507279,Marine Johannes,away,4,1914.0,0,586.0,540|586|1914|2389
401507279,Dearica Hamby,home,2,,0,2272.0,812|2272
401507279,Nyara Sabally,away,1,,0,,1044
401507279,Jordin Canada,home,1,,0,,1074
401507279,Courtney Vandersloot,away,1,,0,,1182
401507279,Breanna Stewart,away,2,,0,1633.0,1324|1633
401507279,Nneka Ogwumike,home,2,,0,1577.0,1336|1577
401507279,Betnijah Laney,away,3,2293.0,0,1471.0,1450|1471|2293
401507279,Karlie Samuelson,home,2,,0,2241.0,1620|2241
401507279,Kayla Thornton,away,2,,0,1741.9,1647|1742
401507279,Jocelyn Willoughby,away,1,,0,,1761
401507279,Azura Stevens,home,1,,0,,1975
401507279,Curt Miller,home,1,,0,,2378
401507279,Rae Burrell personal,home,1,,0,,2380
401507279,Dearica Hamby personal,home,1,,0,,2382
401507278,Satou Sabally,away,5,1570.0,0,398.0,164|398|1570|1908|2319
401507278,Kiah Stokes,home,4,1429.0,0,633.0,242|633|1429|1984
401507278,A'ja Wilson,home,3,1721.0,0,1646.0,301|1646|1721
401507278,Alysha Clark,home,3,1938.0,0,577.9,330|578|1938
401507278,Veronica Burton,away,1,,0,,482
401507278,Cayla George,home,1,,0,,722
401507278,Natasha Howard,away,4,2044.0,0,1301.0,735|1301|2044|2352
401507278,Natasha Howard defensive 3-seconds (technical,away,1,,0,,751
401507278,Kierstan Bell,home,3,1799.9,0,949.0,832|949|1800
401507278,Kelsey Plum,home,1,,0,,833
401507278,Becky Hammon,home,1,,0,,949
401507278,Kalani Brown,away,4,1193.0,1,1158.9,1080|1159|1193|1657
401507278,Jackie Young,home,1,,0,,1112
401507278,Arike Ogunbowale,away,2,,0,1704.0,1254|1704
401507278,Odyssey Sims,away,3,1674.0,0,1590.0,1583|1590|1674
401507278,Double,away,1,,0,,1590
401507278,Teaira McCowan,away,3,2312.0,0,2091.0,1922|2091|2312
401507278,Crystal Dangerfield,away,1,,0,,2000
401507278,Chelsea Gray,home,2,,0,2172.0,2040|2172
401507280,DeWanna Bonner,home,3,2336.0,0,2070.0,84|2070|2336
401507280,Tiffany Hayes,home,4,1997.0,0,1664.0,140|1664|1997|2341
401507280,Dorka Juhasz,away,3,1037.0,1,693.0,424|693|1037
401507280,Lindsay Allen,away,4,1006.0,1,478.0,438|478|1006|1997
401507280,Olivia Nelson-Ododa,home,4,1643.0,0,502.0,497|502|1643|1919
401507280,Alyssa Thomas,home,2,,0,2322.0,692|2322
401507280,DiJonai Carrington,home,3,2256.0,0,887.0,727|887|2256
401507280,Tiffany Mitchell,away,1,,0,,783
401507280,Aerial Powers,away,1,,0,,808
401507280,Diamond Miller,away,1,,0,,842
401507280,Nikolina Milic,away,1,,0,,996
401507280,Tyasha Harris,home,1,,0,,1122
401507280,Natisha Hiedeman,home,1,,0,,1341
401507280,Rebecca Allen,home,1,,0,,1465
401507280,Kayla McBride,away,1,,0,,1672
401507280,Bridget Carleton personal,away,1,,0,,2361
401507281,Erica Wheeler,home,4,1858.0,0,1309.0,32|1309|1858|1904
401507281,Sophie Cunningham,away,4,1703.0,0,392.0,92|392|1703|1746
401507281,Megan Gustafson,away,3,1986.0,0,1795.9,141|1796|1986
401507281,Diana Taurasi,away,5,597.0,1,597.0,184|597|597|1260|1295
401507281,Michaela Onyenwere,away,2,,0,1365.0,237|1365
401507281,Emma Cannon,home,4,1400.0,0,841.0,377|841|1400|2025
401507281,Kadi Sissoko,away,2,,0,694.0,433|694
401507281,Victaria Saxton,home,2,,0,1164.8,511|1165
401507281,Grace Berger,home,1,,0,,563
401507281,Brianna Turner,away,2,,0,1451.0,731|1451
401507281,Amanda Zahui B.,home,2,,0,1760.9,762|1761
401507281,Shey Peddy,away,3,1531.0,0,916.0,807|916|1531
401507281,Lexie Hull,home,3,1866.0,0,1561.0,821|1561|1866
401507281,Moriah Jefferson,away,3,2400.0,0,1343.0,993|1343|2400
401507281,Nikki Blue,away,1,,0,,1260
401507281,Kristy Wallace,home,2,,0,1496.0,1456|1496
401507281,Aliyah Boston,home,1,,0,,2169
401507282,Jackie Young,home,3,1364.0,0,186.0,97|186|1364
401507282,Nia Coffey,away,3,1510.0,0,230.0,143|230|1510
401507282,Cheyenne Parker,away,4,1598.0,0,1298.0,212|1298|1598|2060
401507282,Kelsey Plum,home,3,1416.0,0,1252.0,284|1252|1416
401507282,Allisha Gray,away,4,1672.0,0,1428.0,317|1428|1672|1965
401507282,A'ja Wilson,home,1,,0,,558
401507282,Aari McDonald,away,2,,0,2134.0,728|2134
401507282,Cayla George,home,4,2265.0,0,882.0,776|882|2265|2297
401507282,Alysha Clark,home,3,1577.0,0,1023.0,1009|1023|1577
401507282,Chelsea Gray,home,3,2096.0,0,2038.0,1064|2038|2096
401507282,Rhyne Howard,away,2,,0,1771.9,1088|1772
401507282,Kiah Stokes,home,1,,0,,1393
401507282,Danielle Robinson,away,1,,0,,1423
401507282,Kierstan Bell,home,2,,0,2186.0,2030|2186
401507283,Nneka Ogwumike,home,3,2170.0,0,1659.0,124|1659|2170
401507283,Sabrina Ionescu,away,2,,0,1972.0,205|1972
401507283,Layshia Clarendon,home,1,,0,,361
401507283,Marine Johannes,away,2,,0,571.9,383|572
401507283,Jordin Canada,home,3,2384.9,0,1190.9,473|1191|2385
401507283,Azura Stevens,home,3,823.0,1,729.0,657|729|823
401507283,Kayla Thornton,away,1,,0,,716
401507283,Dearica Hamby,home,2,,0,2078.0,889|2078
401507283,Courtney Vandersloot,away,3,2002.0,0,1261.0,949|1261|2002
401507283,Jonquel Jones,away,2,,0,1928.0,997|1928
401507283,Betnijah Laney,away,3,1124.0,1,1056.0,1025|1056|1124
401507283,Breanna Stewart,away,3,2222.0,0,2146.0,1568|2146|2222
401507283,Karlie Samuelson,home,3,2383.9,0,2243.0,1716|2243|2384
401507283,Layshia Clarendon personal,home,2,,0,2393.0,2388|2393
401507284,Dulcy Fankam Mendjiadeu,home,1,,0,,127
401507284,Arike Ogunbowale,away,3,1003.0,1,962.0,248|962|1003
401507284,Jordan Horston,home,1,,0,,311
401507284,Sami Whitcomb,home,3,1297.0,0,610.0,412|610|1297
401507284,Teaira McCowan,away,3,2073.0,0,446.0,439|446|2073
401507284,Satou Sabally,away,4,2095.0,0,1735.0,462|1735|2095|2285
401507284,Ivana Dojkic,home,1,,0,,554
401507284,Maddy Siegrist,away,1,,0,,562
401507284,Gabby Williams,home,1,,0,,587
401507284,Kia Nurse,home,1,,0,,690
401507284,Crystal Dangerfield,away,1,,0,,770
401507284,Ezi Magbegor,home,3,1999.0,0,1122.0,823|1122|1999
401507284,Mercedes Russell,home,2,,0,2189.0,876|2189
401507284,Jewell Loyd,home,3,2276.0,0,1516.0,1155|1516|2276
401507284,Odyssey Sims,away,1,,0,,1169
401507284,Natasha Howard,away,2,,0,1525.0,1252|1525
401507285,Brianna Turner,home,3,1891.0,0,1223.0,78|1223|1891
401507285,Rhyne Howard,away,3,1465.0,0,1439.0,232|1439|1465
401507285,Allisha Gray,away,3,1715.0,0,1035.0,291|1035|1715
401507285,Michaela Onyenwere,home,2,,0,784.0,344|784
401507285,Sug Sutton,home,1,,0,,354
401507285,Naz Hillmon,away,3,1940.0,0,1751.0,360|1751|1940
401507285,Shey Peddy,home,3,2340.9,0,1575.0,436|1575|2341
401507285,Sophie Cunningham,home,3,1855.0,0,763.0,689|763|1855
401507285,Diana Taurasi,home,3,1992.0,0,1975.0,847|1975|1992
401507285,Moriah Jefferson,home,2,,0,1983.0,926|1983
401507285,Iliana Rupert,away,1,,0,,948
401507285,Haley Jones,away,2,,0,1104.0,987|1104
401507285,AD Durr,away,2,,0,2200.0,1140|2200
401507285,Cheyenne Parker,away,7,1385.0,0,1352.0,1181|1352|1385|1969|2027|2046|2148
401507285,Megan Gustafson,home,5,1655.0,0,1342.0,1231|1342|1655|1865|2115
401507285,Aari McDonald,away,2,,0,2016.0,1249|2016
401507285,Nia Coffey,away,2,,0,2076.0,1363|2076
401507285,Monique Billings,away,1,,0,,1486
401507285,Kadi Sissoko,home,2,,0,1796.9,1641|1797
401507286,Tiffany Hayes,away,3,2207.0,0,791.0,5|791|2207
401507286,Emma Cannon,home,3,1770.9,0,1695.0,129|1695|1771
401507286,Rebecca Allen,away,2,,0,1355.0,142|1355
401507286,Lexie Hull,home,3,1555.0,0,427.0,254|427|1555
401507286,Kelsey Mitchell,home,2,,0,1893.0,277|1893
401507286,Olivia Nelson-Ododa,away,5,1529.0,0,955.0,418|955|1529|2065|2343
401507286,Alyssa Thomas,away,4,1812.0,0,744.0,460|744|1812|1973
401507286,Maya Caldwell,home,1,,0,,526
401507286,DeWanna Bonner,away,3,2074.0,0,1387.0,857|1387|2074
401507286,Tyasha Harris,away,3,1876.0,0,1659.0,958|1659|1876
401507286,Erica Wheeler,home,2,,0,1218.0,1034|1218
401507286,Aliyah Boston,home,4,1732.0,0,1304.0,1078|1304|1732|1985
401507286,Victoria Vivians,home,3,1883.0,0,1827.0,1119|1827|1883
401507286,DiJonai Carrington,away,1,,0,,1134
401507286,Victaria Saxton,home,1,,0,,2229
401507286,Kristy Wallace,home,1,,0,,2293
401507286,Leigha Brown,away,1,,0,,2380
401507287,Karlie Samuelson,away,3,834.0,1,229.0,46|229|834
401507287,Jordin Canada,away,4,1792.9,0,1663.0,188|1663|1793|2315
401507287,Layshia Clarendon,away,3,1624.0,0,829.0,306|829|1624
401507287,Rae Burrell,away,1,,0,,357
401507287,Nneka Ogwumike,away,4,871.0,1,797.0,393|797|871|1473
401507287,Li Meng,home,3,2036.0,0,549.9,415|550|2036
401507287,Zia Cooke,away,2,,0,598.0,441|598
401507287,Tianna Hawkins,home,2,,0,2370.9,455|2371
401507287,Queen Egbo,home,3,1558.0,0,1039.0,464|1039|1558
401507287,Cyesha Goree,home,1,,0,,587
401507287,Li Meng defensive 3-seconds (technical,home,1,,0,,948
401507287,Jasmine Thomas,away,2,,0,1152.9,968|1153
401507287,Dearica Hamby,away,1,,0,,988
401507287,Myisha Hines-Allen,home,2,,0,2295.0,1168|2295
401507287,Natasha Cloud,home,3,1209.0,0,1196.8,1187|1197|1209
401507287,Brittney Sykes,home,5,2033.0,0,2002.0,1686|2002|2033|2168|2239
401507287,Shatori Walker-Kimbrough,home,1,,0,,1788
401507287,Azura Stevens,away,1,,0,,2392
401507288,Natasha Howard,home,1,,0,,494
401507288,Kahleah Copper,away,4,1915.0,0,1523.0,503|1523|1915|2160
401507288,Veronica Burton,home,1,,0,,705
401507288,Elizabeth Williams,away,2,,0,1311.0,795|1311
401507288,Arike Ogunbowale,home,4,1853.0,0,1458.0,877|1458|1853|1938
401507288,Alanna Smith,away,3,1598.0,0,1206.0,906|1206|1598
401507288,Teaira McCowan,home,3,2134.0,0,1670.0,1191|1670|2134
401507288,Robyn Parks,away,1,,0,,1195
401507288,Satou Sabally,home,3,2339.0,0,1433.0,1394|1433|2339
401507288,Courtney Williams,away,2,,0,2197.0,1444|2197
401507288,Dana Evans,away,1,,0,,1622
401507288,Morgan Bertsch,away,3,2347.9,0,1826.0,1811|1826|2348
401507288,Kalani Brown,home,1,,0,,1967
401507288,Odyssey Sims,home,1,,0,,2022
401507288,Marina Mabrey,away,1,,0,,2058
401507289,Betnijah Laney,away,3,1212.0,0,431.0,100|431|1212
401507289,Jessica Shepard,home,3,1857.0,0,1825.0,115|1825|1857
401507289,Napheesa Collier,home,2,,0,1250.0,146|1250
401507289,Breanna Stewart,away,4,2033.0,0,1133.0,336|1133|2033|2145
401507289,Kayla McBride,home,3,2262.0,0,1149.9,481|1150|2262
401507289,Tiffany Mitchell,home,3,1934.0,0,1812.0,492|1812|1934
401507289,Kayla Thornton,away,2,,0,1880.0,541|1880
401507289,Jocelyn Willoughby,away,1,,0,,765
401507289,Nikolina Milic,home,3,1816.0,0,852.0,841|852|1816
401507289,Jonquel Jones,away,2,,0,1496.0,935|1496
401507289,Lindsay Allen,home,2,,0,1762.0,960|1762
401507289,Marine Johannes,away,2,,0,1681.0,1040|1681
401507289,Courtney Vandersloot,away,1,,0,,2127
401507290,Dulcy Fankam Mendjiadeu,away,3,2170.0,0,234.0,90|234|2170
401507290,Moriah Jefferson,home,6,1641.0,0,1052.0,142|1052|1641|2143|2160|2202
401507290,Brittney Griner,home,4,910.0,1,363.0,198|363|910|1834
401507290,Brianna Turner defensive 3-seconds (technical,home,1,,0,,331
401507290,Ezi Magbegor,away,3,1163.9,1,514.0,385|514|1164
401507290,Shey Peddy,home,1,,0,,473
401507290,Sug Sutton,home,1,,0,,610
401507290,Sophie Cunningham,home,3,1871.0,0,690.0,650|690|1871
401507290,Jordan Horston,away,2,,0,1106.0,755|1106
401507290,Gabby Williams,away,4,1794.0,0,968.0,786|968|1794|2380
401507290,Mercedes Russell,away,3,2249.0,0,1815.0,941|1815|2249
401507290,Sami Whitcomb,away,1,,0,,1313
401507290,Diana Taurasi,home,2,,0,1700.0,1504|1700
401507290,Megan Gustafson,home,2,,0,2107.0,1509|2107
401507290,Jewell Loyd,away,1,,0,,1800
401507290,Kia Nurse,away,1,,0,,1882
401507290,Sug Sutton personal,home,1,,0,,2381
401507291,Emma Cannon,away,3,1348.0,0,1024.0,135|1024|1348
401507291,Rhyne Howard,home,1,,0,,238
401507291,Lexie Hull,away,3,1495.0,0,1382.0,249|1382|1495
401507291,Aari McDonald,home,3,1629.0,0,962.0,381|962|1629
401507291,Aliyah Boston,away,5,1074.0,1,897.0,405|897|1074|1997|2188
401507291,Monique Billings,home,2,,0,1457.0,429|1457
401507291,Victoria Vivians,away,3,1649.0,0,748.0,581|748|1649
401507291,Haley Jones,home,1,,0,,637
401507291,Nia Coffey,home,2,,0,1765.9,967|1766
401507291,Allisha Gray,home,3,2373.9,0,1366.0,972|1366|2374
401507291,Tanisha Wright,home,1,,0,,1007
401507291,Erica Wheeler,away,3,2084.0,0,1641.0,1100|1641|2084
401507291,Naz Hillmon,home,1,,0,,1148
401507291,Kelsey Mitchell,away,1,,0,,1155
401507291,Cheyenne Parker,home,3,2151.0,0,1912.0,1712|1912|2151
401507291,Kristy Wallace,away,1,,0,,1782
401507291,Amanda Zahui B.,away,1,,0,,2020
401507291,Lexie Hull personal,away,2,,0,2381.9,2369|2382
401507292,Jonquel Jones,home,3,1425.0,0,1116.0,547|1116|1425
401507292,Kayla Thornton,home,1,,0,,587
401507292,Kiah Stokes,away,2,,0,1331.0,599|1331
401507292,Betnijah Laney,home,1,,0,,740
401507292,Kelsey Plum,away,3,1475.0,0,1325.0,953|1325|1475
401507292,A'ja Wilson,away,1,,0,,1008
401507292,Sabrina Ionescu,home,1,,0,,1094
401507292,Jackie Young,away,2,,0,1887.0,1720|1887
401507292,Sydney Colson,away,1,,0,,2053
401507293,Brittney Sykes,home,6,992.0,1,992.0,138|992|992|1409|2367|2367
401507293,Azura Stevens,away,5,1375.0,0,271.0,153|271|1375|1633|1995
401507293,Karlie Samuelson,away,3,1810.0,0,817.0,186|817|1810
401507293,Nneka Ogwumike,away,2,,0,911.0,342|911
401507293,Queen Egbo,home,5,1734.0,0,1707.0,361|1707|1734|2002|2165
401507293,Layshia Clarendon,away,3,2367.0,0,2207.0,375|2207|2367
401507293,Natasha Cloud,home,4,2374.9,0,838.0,387|838|2375|2385
401507293,Jasmine Thomas,away,2,,0,527.0,418|527
401507293,Myisha Hines-Allen,home,2,,0,1064.0,666|1064
401507293,Dearica Hamby,away,4,1759.9,0,758.0,719|758|1760|2176
401507293,Zia Cooke,away,2,,0,865.0,724|865
401507293,Shatori Walker-Kimbrough,home,3,2390.9,0,2224.0,739|2224|2391
401507293,Tianna Hawkins,home,4,2041.0,0,1603.0,797|1603|2041|2311
401507293,Rae Burrell,away,1,,0,,1871
401507293,Jordin Canada,away,2,,0,1920.0,1910|1920
401507293,Cyesha Goree,home,1,,0,,1936
401507294,Elizabeth Williams,away,4,946.0,1,420.0,54|420|946|1215
401507294,Teaira McCowan,home,4,1799.8,0,408.0,167|408|1800|1800
401507294,Crystal Dangerfield,home,4,1929.0,0,241.0,179|241|1929|2380
401507294,Alanna Smith,away,6,1386.0,0,556.0,281|556|1386|1420|2209|2244
401507294,Arike Ogunbowale,home,4,2330.0,0,2276.0,349|2276|2330|2348
401507294,Marina Mabrey,away,3,1408.0,0,1365.0,395|1365|1408
401507294,Ruthy Hebard,away,5,1096.0,1,989.0,565|989|1096|1129|1568
401507294,Robyn Parks,away,2,,0,821.0,702|821
401507294,Satou Sabally,home,2,,0,1730.0,743|1730
401507294,Odyssey Sims,home,6,1568.0,0,1181.9,751|1182|1568|1613|2117|2196
401507294,Natasha Howard,home,3,2236.0,0,1438.0,1155|1438|2236
401507294,Morgan Bertsch,away,4,1683.0,0,1547.0,1491|1547|1683|2012
401507294,Veronica Burton,home,2,,0,2307.0,1559|2307
401507294,Double,away,1,,0,,1568
401507294,Kalani Brown,home,1,,0,,1624
401507294,Kahleah Copper,away,1,,0,,1773
401507294,Courtney Williams,away,2,,0,2348.0,2069|2348
401507294,Dana Evans,away,1,,0,,2240
401507294,Satou Sabally personal,home,1,,0,,2367
401507294,Veronica Burton personal,home,1,,0,,2373
401507295,Sami Whitcomb,home,2,,0,1359.0,290|1359
401507295,Dulcy Fankam Mendjiadeu,home,2,,0,1192.9,358|1193
401507295,Ezi Magbegor,home,3,875.0,1,540.9,525|541|875
401507295,Jewell Loyd,home,1,,0,,563
401507295,Alyssa Thomas,away,2,,0,1505.0,573|1505
401507295,Olivia Nelson-Ododa,away,2,,0,2193.0,641|2193
401507295,Gabby Williams,home,1,,0,,784
401507295,Jordan Horston,home,2,,0,1935.0,862|1935
401507295,Natisha Hiedeman,away,5,1319.0,0,1157.0,919|1157|1319|2363|2396
401507295,technical,home,1,,0,,1136
401507295,DiJonai Carrington,away,3,1984.0,0,1405.0,1174|1405|1984
401507295,DeWanna Bonner,away,2,,0,1483.0,1252|1483
401507295,Jade Melbourne,home,2,,0,1919.0,1660|1919
401507295,Bernadett Hatar,away,2,,0,2365.0,2105|2365
401507295,Leigha Brown,away,1,,0,,2226
401507296,Aliyah Boston,home,3,855.0,1,448.0,170|448|855
401507296,Victoria Vivians,home,4,1109.0,1,1091.0,289|1091|1109|1835
401507296,Zia Cooke,away,3,1756.0,0,464.0,316|464|1756
401507296,Kelsey Mitchell,home,2,,0,553.9,377|554
401507296,Nneka Ogwumike,away,1,,0,,486
401507296,Dearica Hamby,away,2,,0,1543.0,511|1543
401507296,Rae Burrell,away,1,,0,,531
401507296,Amanda Zahui B.,home,3,1799.9,0,1047.0,540|1047|1800
401507296,Layshia Clarendon,away,3,1447.0,0,1379.0,722|1379|1447
401507296,Azura Stevens,away,2,,0,1894.0,1212|1894
401507296,Erica Wheeler,home,1,,0,,1249
401507296,Kristy Wallace,home,3,2368.9,0,2173.0,1560|2173|2369
401507296,Grace Berger,home,2,,0,2364.0,1798|2364
401507296,Evina Westbrook,away,1,,0,,2056
401507296,NaLyssa Smith,home,1,,0,,2077
401507296,Karlie Samuelson,away,1,,0,,2276
401507296,Kristy Wallace personal,home,1,,0,,2364
401507296,Victoria Vivians personal,home,1,,0,,2374
401507296,Grace Berger personal,home,1,,0,,2380
401507297,Lindsay Allen,away,2,,0,1196.9,182|1197
401507297,Napheesa Collier,away,3,957.0,1,373.0,300|373|957
401507297,Alanna Smith,home,5,840.0,1,368.0,320|368|840|1247|2082
401507297,Tiffany Mitchell,away,1,,0,,672
401507297,Marina Mabrey,home,4,1860.0,0,1129.0,777|1129|1860|2377
401507297,Courtney Williams,home,3,2242.0,0,904.0,871|904|2242
401507297,Kahleah Copper,home,1,,0,,1113
401507297,Kayla McBride,away,2,,0,2126.0,1361|2126
401507297,Morgan Bertsch,home,1,,0,,1366
401507297,Elizabeth Williams,home,2,,0,2005.0,1567|2005
401507297,Bridget Carleton,away,1,,0,,1934
401507297,Nikolina Milic,away,1,,0,,1961
401507297,Jessica Shepard,away,1,,0,,2020
401507297,Courtney Williams personal,home,2,,0,2388.9,2384|2389
401507298,Satou Sabally,home,5,1624.0,0,1367.0,34|1367|1624|1674|2092
401507298,Teaira McCowan,home,1,,0,,165
401507298,Kiah Stokes,away,5,1364.0,0,1053.0,233|1053|1364|1387|2111
401507298,Jackie Young,away,1,,0,,364
401507298,Chelsea Gray,away,1,,0,,479
401507298,Crystal Dangerfield,home,1,,0,,683
401507298,Kierstan Bell,away,4,1609.0,0,761.0,757|761|1609|2162
401507298,Kalani Brown,home,3,1471.0,0,1400.0,1129|1400|1471
401507298,Kelsey Plum,away,2,,0,1441.0,1153|1441
401507298,Arike Ogunbowale,home,4,1726.0,0,1424.0,1314|1424|1726|2374
401507298,Becky Hammon,away,1,,0,,1457
401507298,Natasha Howard,home,1,,0,,1572
401507298,Kierstan Bell personal,away,1,,0,,1676
401507298,Alaina Coates,away,6,1797.9,0,1752.9,1718|1753|1798|1814|2346|2381
401507298,Maddy Siegrist,home,2,,0,1946.0,1781|1946
401507298,Cayla George,away,1,,0,,2134
401507299,Shatori Walker-Kimbrough,away,3,2006.0,0,503.0,58|503|2006
401507299,Sophie Cunningham,home,2,,0,242.0,80|242
401507299,Myisha Hines-Allen,away,3,2245.0,0,950.0,122|950|2245
401507299,Natasha Cloud,away,2,,0,1261.0,149|1261
401507299,Tianna Hawkins,away,4,1033.0,1,263.0,190|263|1033|2316
401507299,Kadi Sissoko,home,3,963.0,1,898.0,280|898|963
401507299,Megan Gustafson,home,1,,0,,343
401507299,Brittney Sykes,away,3,2177.0,0,1576.0,443|1576|2177
401507299,Brittney Griner,home,2,,0,1210.0,671|1210
401507299,Moriah Jefferson,home,1,,0,,1337
401507299,Diana Taurasi,home,2,,0,2213.0,1439|2213
401507299,Queen Egbo,away,1,,0,,1474
401507299,Cyesha Goree,away,1,,0,,1600
401507299,Destanni Henderson,home,1,,0,,1700
401507299,Michaela Onyenwere,home,1,,0,,1762
401507299,Li Meng,away,1,,0,,1809
401507300,Lindsay Allen,away,4,766.0,1,720.0,38|720|766|1927
401507300,Napheesa Collier,away,3,976.0,1,368.0,222|368|976
401507300,Aliyah Boston,home,3,1397.0,0,656.0,282|656|1397
401507300,Jessica Shepard,away,2,,0,1340.0,303|1340
401507300,Rachel Banham personal,away,1,,0,,714
401507300,Kelsey Mitchell,home,2,,0,1500.0,757|1500
401507300,Amanda Zahui B.,home,3,814.0,1,801.0,795|801|814
401507300,Victoria Vivians,home,2,,0,1532.0,806|1532
401507300,Diamond Miller,away,2,,0,1273.0,864|1273
401507300,Bridget Carleton,away,1,,0,,894
401507300,NaLyssa Smith,home,3,2308.0,0,1175.9,1018|1176|2308
401507300,Kayla McBride,away,2,,0,2371.9,1369|2372
401507300,Grace Berger,home,1,,0,,2011
401507300,Emma Cannon,home,1,,0,,2132
401507300,Erica Wheeler,home,1,,0,,2167
401507300,Nikolina Milic,away,1,,0,,2282
401507301,Olivia Nelson-Ododa,away,4,1225.0,0,1008.0,215|1008|1225|1499
401507301,DiJonai Carrington,away,2,,0,592.9,235|593
401507301,Alyssa Thomas,away,3,1857.0,0,1026.0,400|1026|1857
401507301,Tiffany Hayes,away,4,1568.0,0,1441.0,502|1441|1568|2142
401507301,Brianna Turner,home,2,,0,2349.0,512|2349
401507301,Bernadett Hatar,away,2,,0,1812.0,524|1812
401507301,Megan Gustafson,home,2,,0,978.0,545|978
401507301,Kadi Sissoko,home,2,,0,817.0,582|817
401507301,Destanni Henderson,home,1,,0,,596
401507301,Moriah Jefferson,home,2,,0,1903.0,893|1903
401507301,Rebecca Allen,away,1,,0,,922
401507301,Tyasha Harris,away,4,1169.0,1,1002.0,956|1002|1169|1915
401507301,Michaela Onyenwere,home,4,1097.0,1,1049.0,977|1049|1097|1876
401507301,Sophie Cunningham,home,5,1348.0,0,1275.0,1149|1275|1348|1348|1582
401507301,Diana Taurasi,home,4,2146.0,0,1833.0,1178|1833|2146|2249
401507301,Natisha Hiedeman,away,2,,0,2199.0,1333|2199
401507301,Sug Sutton,home,2,,0,1734.0,1388|1734
401507301,Nikki Blue,home,1,,0,,1441
401507301,Natisha Hiedeman personal,away,1,,0,,2385
401507302,Jordan Horston,home,4,829.0,1,576.9,74|577|829|2379
401507302,Dulcy Fankam Mendjiadeu,home,2,,0,1475.0,166|1475
401507302,Cheyenne Parker,away,2,,0,1834.0,197|1834
401507302,Danielle Robinson,away,2,,0,1868.0,242|1868
401507302,Rhyne Howard,away,4,1525.0,0,695.0,250|695|1525|1751
401507302,Ezi Magbegor,home,4,1688.0,0,655.0,465|655|1688|1813
401507302,Naz Hillmon,away,3,1894.0,0,786.0,523|786|1894
401507302,Allisha Gray,away,5,1140.0,1,631.0,550|631|1140|1627|2167
401507302,AD Durr,away,1,,0,,594
401507302,Jade Melbourne,home,3,1581.0,0,860.0,722|860|1581
401507302,Kia Nurse,home,1,,0,,1009
401507302,Monique Billings,away,5,2213.0,0,1078.0,1049|1078|2213|2217|2387
401507302,Sami Whitcomb,home,2,,0,1761.9,1419|1762
401507302,Mercedes Russell,home,3,1994.0,0,1920.0,1508|1920|1994
401507302,Jewell Loyd,home,1,,0,,2381
401507302,Aari McDonald,away,1,,0,,2395
401507303,Elizabeth Williams,away,2,,0,1226.0,171|1226
401507303,Marina Mabrey,away,1,,0,,222
401507303,Jonquel Jones,home,1,,0,,371
401507303,Betnijah Laney,home,2,,0,2041.0,820|2041
401507303,Stefanie Dolson,home,1,,0,,935
401507303,Kahleah Copper,away,5,1487.0,0,961.0,952|961|1487|1510|1929
401507303,Breanna Stewart,home,2,,0,1450.0,979|1450
401507303,Sabrina Ionescu,home,3,1746.9,0,1171.9,1044|1172|1747
401507303,Robyn Parks,away,1,,0,,1165
401507303,Courtney Vandersloot,home,2,,0,2370.9,1344|2371
401507303,Marine Johannes,home,1,,0,,1666
401507303,Alanna Smith,away,2,,0,2031.0,1725|2031
401507303,Courtney Williams,away,1,,0,,2138
401507304,Tianna Hawkins defensive 3-seconds (technical,away,1,,0,,12
401507304,Tianna Hawkins,away,2,,0,1366.0,96|1366
401507304,Chelsea Gray,home,2,,0,1447.0,244|1447
401507304,Queen Egbo,away,3,1703.0,0,1086.0,483|1086|1703
401507304,A'ja Wilson,home,3,2124.0,0,1515.0,498|1515|2124
401507304,Shatori Walker-Kimbrough,away,2,,0,627.0,561|627
401507304,Kelsey Plum,home,3,1695.0,0,1399.0,567|1399|1695
401507304,Myisha Hines-Allen,away,2,,0,1384.0,577|1384
401507304,Li Meng,away,1,,0,,657
401507304,Kierstan Bell,home,1,,0,,721
401507304,Kiah Stokes,home,1,,0,,817
401507304,Brittney Sykes,away,4,2039.0,0,1695.0,941|1695|2039|2239
401507304,Natasha Cloud,away,1,,0,,1629
401507304,Alysha Clark,home,1,,0,,1831
401507304,Linnae Harper,away,1,,0,,2338
401507305,Danielle Robinson,away,3,2363.0,0,1879.0,75|1879|2363
401507305,Layshia Clarendon,home,2,,0,863.0,133|863
401507305,Nia Coffey,away,5,1315.0,0,148.0,147|148|1315|1378|2328
401507305,Rhyne Howard,away,2,,0,1102.0,193|1102
401507305,Azura Stevens,home,2,,0,2044.0,278|2044
401507305,Haley Jones,away,1,,0,,297
401507305,Nneka Ogwumike,home,3,1440.0,0,922.0,338|922|1440
401507305,Karlie Samuelson,home,5,1023.0,1,985.0,365|985|1023|2175|2371
401507305,Jordin Canada,home,3,1900.0,0,1537.0,480|1537|1900
401507305,Rae Burrell,home,1,,0,,536
401507305,Dearica Hamby,home,4,1694.0,0,1660.0,560|1660|1694|1710
401507305,Aari McDonald,away,1,,0,,568
401507305,Monique Billings,away,3,1094.0,1,662.0,630|662|1094
401507305,Allisha Gray,away,6,1498.0,0,1388.0,965|1388|1498|1503|1844|2354
401507305,Naz Hillmon,away,1,,0,,1438
401507305,Cheyenne Parker,away,4,2306.0,0,1920.0,1535|1920|2306|2372
401507305,Iliana Rupert,away,1,,0,,1678
401507305,Azura Stevens defensive 3-seconds (technical,home,1,,0,,1931
401507305,Zia Cooke,home,1,,0,,2081
401507306,Crystal Dangerfield,home,3,2387.0,0,1046.0,88|1046|2387
401507306,Teaira McCowan,home,6,749.0,1,419.0,153|419|749|1183|1518|2034
401507306,Alyssa Thomas,away,3,1797.9,0,1197.8,168|1198|1798
401507306,Natisha Hiedeman,away,2,,0,1398.0,427|1398
401507306,Tiffany Hayes,away,2,,0,2303.0,514|2303
401507306,DeWanna Bonner,away,5,1327.0,0,781.0,600|781|1327|1943|2094
401507306,Natasha Howard,home,3,1864.0,0,1091.0,641|1091|1864
401507306,Olivia Nelson-Ododa,away,2,,0,1826.0,814|1826
401507306,Arike Ogunbowale,home,3,2266.0,0,1273.0,878|1273|2266
401507306,Tyasha Harris,away,1,,0,,946
401507306,Rebecca Allen,away,1,,0,,1076
401507306,DiJonai Carrington,away,4,2244.0,0,1904.0,1532|1904|2244|2377
401507306,Kalani Brown,home,1,,0,,1585
401507306,Satou Sabally,home,1,,0,,2256
401507306,Double,away,1,,0,,2377
401507307,Myisha Hines-Allen defensive 3-seconds (technical,home,2,,0,1318.0,106|1318
401507307,Kahleah Copper,away,4,870.0,1,459.0,127|459|870|1495
401507307,Elizabeth Williams defensive 3-seconds (technical,away,1,,0,,269
401507307,Ruthy Hebard,away,3,1869.0,0,637.0,513|637|1869
401507307,Robyn Parks,away,1,,0,,522
401507307,Dana Evans,away,1,,0,,578
401507307,Brittney Sykes,home,1,,0,,612
401507307,Myisha Hines-Allen,home,2,,0,1399.0,702|1399
401507307,Shatori Walker-Kimbrough,home,1,,0,,762
401507307,Tianna Hawkins,home,3,2231.0,0,1046.0,786|1046|2231
401507307,Elizabeth Williams,away,2,,0,1592.0,1005|1592
401507307,Morgan Bertsch,away,1,,0,,1026
401507307,Alanna Smith,away,2,,0,1400.0,1075|1400
401507307,Natasha Cloud,home,5,1858.0,0,1532.0,1265|1532|1858|1882|2196
401507307,Courtney Williams,away,2,,0,2298.0,1347|2298
401507307,Marina Mabrey,away,2,,0,2163.0,1520|2163
401507307,Queen Egbo,home,2,,0,1830.0,1750|1830
401507309,Betnijah Laney,away,3,1919.0,0,1337.0,223|1337|1919
401507309,Kristy Wallace,home,3,1117.0,1,764.0,231|764|1117
401507309,Erica Wheeler,home,2,,0,1419.0,240|1419
401507309,Jonquel Jones,away,2,,0,842.0,382|842
401507309,Stefanie Dolson,away,1,,0,,393
401507309,Marine Johannes,away,1,,0,,413
401507309,Lexie Hull,home,1,,0,,420
401507309,Kayla Thornton,away,4,1649.0,0,465.0,437|465|1649|2120
401507309,Kelsey Mitchell,home,2,,0,2289.0,476|2289
401507309,Aliyah Boston,home,2,,0,1221.0,578|1221
401507309,Grace Berger,home,1,,0,,668
401507309,Amanda Zahui B.,home,1,,0,,725
401507309,Victoria Vivians,home,2,,0,1379.0,804|1379
401507309,NaLyssa Smith,home,2,,0,2325.0,947|2325
401507309,Breanna Stewart,away,3,2252.0,0,1865.0,1054|1865|2252
401507309,Sabrina Ionescu,away,3,1844.0,0,1682.0,1177|1682|1844
401507309,Kelsey Mitchell personal,home,1,,0,,2384
401507308,Megan Gustafson,away,1,,0,,352
401507308,Destanni Henderson,away,2,,0,1010.0,462|1010
401507308,Sophie Cunningham,away,1,,0,,532
401507308,Joyner Holmes,home,2,,0,1767.9,637|1768
401507308,Diana Taurasi,away,3,2300.0,0,2261.0,661|2261|2300
401507308,Kia Nurse,home,2,,0,1627.0,686|1627
401507308,Jewell Loyd,home,1,,0,,783
401507308,Michaela Onyenwere,away,1,,0,,1048
401507308,Brianna Turner,away,1,,0,,1240
401507308,Dulcy Fankam Mendjiadeu,home,1,,0,,1420
401507308,Jordan Horston,home,1,,0,,1485
401507308,Moriah Jefferson,away,4,2086.0,0,1754.0,1647|1754|2086|2368
401507308,Sami Whitcomb,home,2,,0,2076.0,2032|2076
401507308,Brittney Griner,away,1,,0,,2145
401507308,Ezi Magbegor,home,1,,0,,2348
401507310,A'ja Wilson,home,2,,0,994.0,67|994
401507310,Kiah Stokes,home,2,,0,1992.0,159|1992
401507310,Rhyne Howard,away,1,,0,,275
401507310,Jackie Young,home,4,1386.0,0,1100.0,325|1100|1386|2324
401507310,Danielle Robinson,away,1,,0,,440
401507310,Cayla George,home,1,,0,,449
401507310,AD Durr,away,1,,0,,467
401507310,Cheyenne Parker,away,3,2129.0,0,1773.9,537|1774|2129
401507310,Aari McDonald,away,3,2162.0,0,1736.0,600|1736|2162
401507310,Kierstan Bell,home,1,,0,,777
401507310,Allisha Gray,away,3,1649.0,0,1298.0,785|1298|1649
401507310,Nia Coffey,away,4,1393.0,0,937.0,851|937|1393|1932
401507310,Iliana Rupert,away,1,,0,,1144
401507310,Kelsey Plum,home,2,,0,1488.0,1381|1488
401507310,Naz Hillmon,away,1,,0,,1474
401507310,Chelsea Gray,home,5,1666.0,0,1570.0,1523|1570|1666|1758|2142
401507310,Monique Billings,away,1,,0,,1567
401507310,Sydney Colson,home,1,,0,,2334
401507376,Kelsey Plum,home,5,1852.0,0,1491.0,122|1491|1852|2114|2220
401507376,Betnijah Laney,away,4,488.0,1,401.0,211|401|488|1580
401507376,Kayla Thornton defensive 3-seconds (technical,away,1,,0,,544
401507376,Alysha Clark,home,3,1924.0,0,1630.0,781|1630|1924
401507376,Marine Johannes,away,2,,0,1890.0,855|1890
401507376,Sabrina Ionescu,away,3,1872.0,0,1158.9,878|1159|1872
401507376,Chelsea Gray,home,2,,0,1555.0,953|1555
401507376,Kiah Stokes,home,3,1483.0,0,1280.0,963|1280|1483
401507376,Stefanie Dolson,away,1,,0,,980
401507376,Courtney Vandersloot,away,1,,0,,1010
401507376,Breanna Stewart,away,2,,0,1648.0,1070|1648
401507376,Jonquel Jones,away,3,2050.0,0,1693.0,1112|1693|2050
401507376,Jackie Young,home,1,,0,,2035
401507376,A'ja Wilson,home,1,,0,,2124
401507376,Sydney Colson,home,1,,0,,2265
401507376,Nyara Sabally,away,1,,0,,2366
401507311,Kiah Stokes,home,1,,0,,64
401507311,Kelsey Plum,home,4,1461.0,0,737.0,129|737|1461|1865
401507311,Alysha Clark,home,2,,0,1150.0,390|1150
401507311,Betnijah Laney,away,4,1797.8,0,538.0,452|538|1798|2314
401507311,Kierstan Bell,home,2,,0,1946.0,501|1946
401507311,Jackie Young,home,4,1597.0,0,1570.0,510|1570|1597|1640
401507311,Jonquel Jones,away,3,803.0,1,564.0,552|564|803
401507311,Cayla George,home,1,,0,,643
401507311,A'ja Wilson,home,2,,0,1601.0,844|1601
401507311,Nyara Sabally,away,1,,0,,1025
401507311,Kayla Thornton,away,3,1939.0,0,1197.9,1167|1198|1939
401507311,Sabrina Ionescu,away,2,,0,2098.0,1353|2098
401507311,Chelsea Gray,home,2,,0,2171.0,1405|2171
401507311,A'ja Wilson personal,home,1,,0,,2295
401507311,Alaina Coates,home,1,,0,,2344
401507312,Alyssa Thomas,home,4,1406.0,0,572.8,20|573|1406|2265
401507312,Rebecca Allen,home,3,866.0,1,409.0,136|409|866
401507312,Satou Sabally,away,5,1711.0,0,664.0,193|664|1711|1738|1851
401507312,Natasha Howard,away,5,1389.0,0,398.0,212|398|1389|1565|2112
401507312,DeWanna Bonner,home,2,,0,1756.9,274|1757
401507312,Natisha Hiedeman,home,3,2314.0,0,2096.0,346|2096|2314
401507312,Olivia Nelson-Ododa,home,4,2320.0,0,685.0,430|685|2320|2345
401507312,Kalani Brown,away,1,,0,,735
401507312,Odyssey Sims,away,1,,0,,793
401507312,Maddy Siegrist,away,1,,0,,1189
401507312,Arike Ogunbowale,away,2,,0,2073.0,1473|2073
401507312,Teaira McCowan,away,1,,0,,1578
401507312,Awak Kuier,away,2,,0,1799.9,1610|1800
401507312,Tiffany Hayes,home,4,1906.0,0,1906.0,1881|1906|1906|1937
401507312,DiJonai Carrington,home,1,,0,,2056
401507313,Myisha Hines-Allen,away,2,,0,2246.0,89|2246
401507313,Brittney Sykes,away,4,1651.0,0,1157.9,150|1158|1651|2365
401507313,Li Meng,away,1,,0,,500
401507313,Queen Egbo,away,5,1526.0,0,1391.0,504|1391|1526|1681|2058
401507313,Victoria Vivians,home,3,1481.0,0,566.0,518|566|1481
401507313,NaLyssa Smith,home,5,728.0,1,675.0,665|675|728|1411|2091
401507313,Elena Delle Donne,away,2,,0,1166.0,674|1166
401507313,Erica Wheeler,home,3,1827.0,0,900.0,775|900|1827
401507313,Tianna Hawkins,away,3,2368.9,0,2007.0,820|2007|2369
401507313,Lexie Hull,home,1,,0,,865
401507313,Emma Cannon,home,1,,0,,930
401507313,LaToya Sanders,away,1,,0,,1037
401507313,Aliyah Boston,home,3,1672.0,0,1533.0,1371|1533|1672
401507313,Grace Berger,home,1,,0,,1734
401507313,Emma Cannon personal,home,1,,0,,2340
401507313,Erica Wheeler personal,home,1,,0,,2371
401507313,Kristy Wallace personal,home,2,,0,2396.9,2383|2397
401507314,Cheyenne Parker defensive 3-seconds (technical,home,1,,0,,216
401507314,Danielle Robinson,home,2,,0,1343.0,242|1343
401507314,Cheyenne Parker,home,5,1683.0,0,1340.0,276|1340|1683|2033|2228
401507314,Aari McDonald,home,2,,0,557.9,440|558
401507314,Ruthy Hebard,away,3,1973.0,0,676.0,661|676|1973
401507314,Sika Kone,away,2,,0,872.0,781|872
401507314,Allisha Gray,home,1,,0,,842
401507314,Haley Jones,home,1,,0,,963
401507314,Iliana Rupert,home,1,,0,,1013
401507314,Alanna Smith,away,1,,0,,1035
401507314,Marina Mabrey,away,2,,0,1197.0,1094|1197
401507314,Robyn Parks,away,1,,0,,1175
401507314,Kahleah Copper,away,2,,0,1449.0,1307|1449
401507314,Elizabeth Williams,away,5,1644.0,0,1626.0,1446|1626|1644|1729|2019
401507314,Iliana Rupert defensive 3-seconds (technical,home,1,,0,,1460
401507314,Dana Evans,away,1,,0,,2362
401507314,Courtney Williams,away,1,,0,,2368
401507315,Diana Taurasi,home,2,,0,985.0,227|985
401507315,Kadi Sissoko,home,1,,0,,238
401507315,Breanna Stewart,away,1,,0,,305
401507315,Sug Sutton,home,2,,0,1870.0,325|1870
401507315,Michaela Onyenwere,home,2,,0,1428.0,414|1428
401507315,Jonquel Jones,away,1,,0,,621
401507315,Kayla Thornton,away,2,,0,1658.0,684|1658
401507315,Betnijah Laney,away,2,,0,1571.0,693|1571
401507315,Brianna Turner,home,1,,0,,711
401507315,Sophie Cunningham,home,3,2077.0,0,1496.0,889|1496|2077
401507315,Sabrina Ionescu,away,1,,0,,1387
401507315,Courtney Vandersloot,away,1,,0,,1441
401507315,Moriah Jefferson,home,1,,0,,1925
401507315,Jocelyn Willoughby,away,1,,0,,2237
401507316,Jessica Shepard,away,2,,0,713.0,139|713
401507316,Diamond Miller,away,2,,0,2305.0,160|2305
401507316,Dorka Juhasz,away,1,,0,,251
401507316,Sami Whitcomb,home,1,,0,,263
401507316,Dulcy Fankam Mendjiadeu,home,2,,0,1174.8,269|1175
401507316,Tiffany Mitchell,away,4,1461.0,0,726.0,375|726|1461|1925
401507316,Jewell Loyd,home,1,,0,,457
401507316,Ezi Magbegor,home,6,1064.0,1,517.0,490|517|1064|1466|2196|2383
401507316,Bridget Carleton,away,1,,0,,664
401507316,Nikolina Milic,away,2,,0,1910.0,733|1910
401507316,Rachel Banham,away,2,,0,1878.0,762|1878
401507316,Joyner Holmes,home,2,,0,1492.0,1122|1492
401507316,Kayla McBride,away,4,2134.0,0,2127.0,1752|2127|2134|2341
401507316,Mercedes Russell,home,3,2391.0,0,1824.0,1773|1824|2391
401507316,Kia Nurse,home,2,,0,2372.8,2102|2373
401507317,Layshia Clarendon,away,4,1055.0,1,1053.0,257|1053|1055|1410
401507317,Kierstan Bell,home,3,1904.0,0,464.0,371|464|1904
401507317,Karlie Samuelson,away,2,,0,1797.9,541|1798
401507317,Alysha Clark,home,1,,0,,591
401507317,Nneka Ogwumike,away,4,1374.0,0,819.0,805|819|1374|2227
401507317,Jackie Young,home,5,1747.9,0,1063.0,1031|1063|1748|2188|2389
401507317,Kelsey Plum,home,4,1643.0,0,1585.0,1055|1585|1643|2366
401507317,Chelsea Gray,home,2,,0,2396.9,1131|2397
401507317,A'ja Wilson,home,2,,0,1515.0,1361|1515
401507317,Kiah Stokes,home,1,,0,,1457
401507317,Dearica Hamby,away,1,,0,,1677
401507317,Cayla George,home,1,,0,,2036
401507318,Natasha Cloud,home,6,1677.0,0,829.0,64|829|1677|1708|2149|2250
401507318,Tianna Hawkins,home,1,,0,,274
401507318,Crystal Dangerfield,away,2,,0,2081.0,312|2081
401507318,Awak Kuier,away,2,,0,1719.0,417|1719
401507318,Veronica Burton,away,2,,0,1863.0,466|1863
401507318,Queen Egbo,home,2,,0,2313.0,769|2313
401507318,Ariel Atkins,home,1,,0,,902
401507318,Kalani Brown,away,4,2169.0,0,959.0,947|959|2169|2384
401507318,Myisha Hines-Allen,home,3,1843.0,0,1322.0,973|1322|1843
401507318,Satou Sabally,away,1,,0,,1033
401507318,Arike Ogunbowale,away,2,,0,1986.0,1055|1986
401507318,Natasha Howard,away,2,,0,1412.0,1297|1412
401507318,Shatori Walker-Kimbrough,home,1,,0,,1503
401507318,Brittney Sykes,home,2,,0,1981.0,1602|1981
401507318,Teaira McCowan,away,1,,0,,1612
401507319,Kahleah Copper,home,3,1881.0,0,525.0,278|525|1881
401507319,Dana Evans clear path,home,1,,0,,347
401507319,Courtney Williams,home,5,1516.0,0,1128.0,422|1128|1516|1800|2377
401507319,Rebecca Allen,away,3,2374.0,0,1454.0,498|1454|2374
401507319,Tiffany Hayes,away,4,1489.0,0,882.0,507|882|1489|1688
401507319,DiJonai Carrington,away,1,,0,,677
401507319,Ruthy Hebard,home,1,,0,,1111
401507319,Robyn Parks,home,3,1706.0,0,1626.0,1198|1626|1706
401507319,Alyssa Thomas,away,3,1464.0,0,1385.0,1215|1385|1464
401507319,Alanna Smith,home,1,,0,,1340
401507319,Marina Mabrey,home,3,2107.0,0,2053.0,1491|2053|2107
401507319,Alanna Smith defensive 3-seconds (technical,home,1,,0,,1507
401507319,Tyasha Harris,away,1,,0,,1718
401507319,Robyn Parks defensive 3-seconds (technical,home,1,,0,,1733
401507319,Natisha Hiedeman,away,1,,0,,2067
401507319,DeWanna Bonner,away,1,,0,,2157
401507319,Olivia Nelson-Ododa,away,3,2366.0,0,2328.0,2327|2328|2366
401507320,Kristy Wallace,away,5,1309.0,0,746.0,24|746|1309|1631|1631
401507320,Erica Wheeler,away,4,1670.0,0,734.0,31|734|1670|1715
401507320,Michaela Onyenwere,home,5,1807.0,0,788.0,205|788|1807|2363|2376
401507320,Brianna Turner,home,5,1434.0,0,757.0,260|757|1434|1563|2050
401507320,Aliyah Boston,away,4,1271.0,0,520.0,362|520|1271|1596
401507320,Emma Cannon,away,1,,0,,391
401507320,Grace Berger,away,3,1842.0,0,1059.0,1024|1059|1842
401507320,Kadi Sissoko,home,1,,0,,1097
401507320,Kelsey Mitchell,away,1,,0,,1148
401507320,Sophie Cunningham,home,2,,0,1816.0,1331|1816
401507320,Liz Dixon,home,2,,0,1729.0,1610|1729
401507320,Sug Sutton,home,1,,0,,1620
401507320,Megan Gustafson,home,2,,0,2226.0,1766|2226
401507320,Victoria Vivians,away,1,,0,,1799
401507320,Moriah Jefferson,home,2,,0,2388.9,2262|2389
401507321,Dulcy Fankam Mendjiadeu,away,3,2052.0,0,998.0,18|998|2052
401507321,Kayla McBride,home,3,2133.0,0,1101.0,172|1101|2133
401507321,Sami Whitcomb,away,2,,0,1566.0,216|1566
401507321,Tiffany Mitchell,home,4,1747.0,0,291.0,282|291|1747|2028
401507321,Rachel Banham,home,2,,0,400.0,338|400
401507321,Napheesa Collier,home,1,,0,,494
401507321,Ezi Magbegor,away,4,1152.9,1,886.0,538|886|1153|1985
401507321,Jade Melbourne,away,3,2287.0,0,1790.9,705|1791|2287
401507321,Jessica Shepard,home,2,,0,1221.0,875|1221
401507321,Jordan Horston,away,1,,0,,916
401507321,Mercedes Russell,away,1,,0,,944
401507321,Dorka Juhasz,home,1,,0,,1137
401507321,Diamond Miller,home,3,1821.0,0,1384.0,1273|1384|1821
401507321,Jewell Loyd,away,1,,0,,1543
401507321,Kia Nurse,away,2,,0,2319.0,1689|2319
401507321,Bridget Carleton,home,1,,0,,1699
401507321,Nikolina Milic,home,1,,0,,1963
401507321,Kia Nurse personal,away,1,,0,,2071
401507321,Joyner Holmes,away,1,,0,,2297
401507322,Aari McDonald,home,2,,0,1322.0,49|1322
401507322,Kelsey Plum,away,3,1520.0,0,1372.0,159|1372|1520
401507322,Chelsea Gray,away,5,1178.9,1,909.0,189|909|1179|1921|2352
401507322,Cheyenne Parker,home,3,922.0,1,717.0,226|717|922
401507322,Jackie Young,away,2,,0,948.0,262|948
401507322,Alysha Clark,away,4,1096.0,1,492.0,282|492|1096|1950
401507322,Danielle Robinson,home,2,,0,1328.0,294|1328
401507322,Monique Billings,home,4,981.0,1,459.0,430|459|981|1692
401507322,Naz Hillmon,home,2,,0,593.8,531|594
401507322,Kierstan Bell,away,3,2379.9,0,1868.0,699|1868|2380
401507322,Rhyne Howard,home,2,,0,1357.0,753|1357
401507322,Laeticia Amihere,home,4,2245.0,0,2191.0,796|2191|2245|2349
401507322,Cayla George,away,1,,0,,871
401507322,Haley Jones,home,3,2129.0,0,1160.0,932|1160|2129
401507322,Iliana Rupert,home,2,,0,1999.0,1135|1999
401507322,Kiah Stokes,away,1,,0,,1297
401507322,A'ja Wilson,away,3,2295.0,0,1498.0,1343|1498|2295
401507322,Tanisha Wright,home,2,,0,2352.0,2352|2352
401507323,Natisha Hiedeman,away,3,1528.0,0,190.0,158|190|1528
401507323,Tianna Hawkins,home,1,,0,,220
401507323,Queen Egbo,home,1,,0,,305
401507323,Natasha Cloud,home,4,2396.0,0,928.0,310|928|2396|2397
401507323,Myisha Hines-Allen defensive 3-seconds (technical,home,1,,0,,492
401507323,Rebecca Allen,away,5,853.0,1,716.0,560|716|853|1442|2126
401507323,Shakira Austin,home,4,1197.9,1,1190.9,563|1191|1198|1478
401507323,Tyasha Harris,away,1,,0,,598
401507323,Tiffany Hayes,away,2,,0,2270.0,799|2270
401507323,Shatori Walker-Kimbrough,home,1,,0,,997
401507323,Alyssa Thomas,away,4,2034.0,0,1062.0,1059|1062|2034|2366
401507323,Alyssa Thomas defensive 3-seconds (technical,away,1,,0,,1093
401507323,DiJonai Carrington,away,3,2188.0,0,1696.0,1159|1696|2188
401507323,Myisha Hines-Allen,home,2,,0,1223.0,1219|1223
401507323,Olivia Nelson-Ododa,away,1,,0,,1778
401507323,Ariel Atkins,home,1,,0,,1866
401507324,Elizabeth Williams,home,2,,0,141.0,89|141
401507324,Ezi Magbegor,away,1,,0,,192
401507324,Jordan Horston,away,2,,0,1798.8,450|1799
401507324,Sami Whitcomb,away,4,1295.0,0,615.0,582|615|1295|1616
401507324,Jade Melbourne,away,2,,0,2249.0,591|2249
401507324,Dana Evans,home,5,1587.0,0,1566.0,737|1566|1587|1628|2348
401507324,Ruthy Hebard,home,2,,0,1815.0,807|1815
401507324,Joyner Holmes defensive 3-seconds (technical,away,1,,0,,821
401507324,Joyner Holmes,away,1,,0,,853
401507324,Dulcy Fankam Mendjiadeu,away,2,,0,1381.0,930|1381
401507324,Courtney Williams,home,1,,0,,949
401507324,Alanna Smith,home,5,1426.0,0,1407.0,1158|1407|1426|1910|1978
401507324,Kahleah Copper,home,1,,0,,1435
401507324,Jewell Loyd,away,1,,0,,1681
401507324,Kia Nurse,away,2,,0,2149.0,1736|2149
401507324,Marina Mabrey,home,3,2117.0,0,2062.0,1793|2062|2117
401507324,Sika Kone,home,2,,0,2272.0,1989|2272
401507324,Yvonne Turner,away,1,,0,,2251
401507325,Diamond Miller,home,3,1292.0,0,803.0,37|803|1292
401507325,Arike Ogunbowale,away,2,,0,2143.0,196|2143
401507325,Napheesa Collier,home,1,,0,,390
401507325,Satou Sabally,away,2,,0,2249.0,406|2249
401507325,Tiffany Mitchell,home,4,2316.0,0,1777.0,489|1777|2316|2375
401507325,Nikolina Milic,home,1,,0,,686
401507325,Crystal Dangerfield,away,2,,0,1589.0,746|1589
401507325,Natasha Howard,away,3,2000.0,0,1528.0,977|1528|2000
401507325,Bridget Carleton,home,5,2248.0,0,1972.0,1132|1972|2248|2249|2375
401507325,Jessica Shepard,home,3,2218.0,0,1541.0,1342|1541|2218
401507325,Teaira McCowan,away,5,1932.0,0,1767.9,1387|1768|1932|2191|2356
401507325,Awak Kuier,away,1,,0,,2165
401507325,Kayla McBride,home,1,,0,,2255
401507325,Satou Sabally personal,away,1,,0,,2373
401507325,Natasha Howard personal,away,1,,0,,2378
401507325,Crystal Dangerfield personal,away,1,,0,,2382
401507325,Veronica Burton personal,away,1,,0,,2392
401507326,Sophie Cunningham,away,3,1930.0,0,1901.0,21|1901|1930
401507326,Michaela Onyenwere,away,5,1135.0,1,1126.0,37|1126|1135|1288|1677
401507326,Karlie Samuelson,home,2,,0,1274.0,192|1274
401507326,Evina Westbrook,home,2,,0,2301.0,439|2301
401507326,Megan Gustafson,away,4,2031.0,0,626.0,459|626|2031|2072
401507326,Zia Cooke,home,2,,0,1689.0,612|1689
401507326,Azura Stevens,home,2,,0,2215.0,677|2215
401507326,Dearica Hamby,home,4,2173.0,0,2152.0,739|2152|2173|2384
401507326,Layshia Clarendon,home,2,,0,1601.0,791|1601
401507326,Brianna Turner,away,2,,0,1430.0,818|1430
401507326,Jasmine Thomas,home,2,,0,2006.0,989|2006
401507326,Sug Sutton,away,1,,0,,1309
401507326,Ashley Joens,away,1,,0,,1641
401507326,Rae Burrell,home,2,,0,2090.0,1782|2090
401507326,Madi Williams,away,1,,0,,2315
401507327,Tiffany Hayes,home,6,1349.0,0,1129.0,51|1129|1349|1533|1916|2207
401507327,Breanna Stewart,away,5,1061.0,1,969.0,81|969|1061|1364|2438
401507327,Natisha Hiedeman,home,3,1433.0,0,531.0,206|531|1433
401507327,Courtney Vandersloot,away,2,,0,919.0,375|919
401507327,DeWanna Bonner,home,5,2301.0,0,936.0,446|936|2301|2424|2688
401507327,Alyssa Thomas,home,3,1687.0,0,1570.0,467|1570|1687
401507327,Jonquel Jones,away,2,,0,2585.0,594|2585
401507327,Bernadett Hatar,home,1,,0,,666
401507327,Tyasha Harris,home,1,,0,,746
401507327,Stefanie Dolson,away,1,,0,,961
401507327,Rebecca Allen,home,4,2194.0,0,1405.0,1085|1405|2194|2399
401507327,Kayla Thornton,away,1,,0,,2169
401507327,Betnijah Laney,away,1,,0,,2237
401507327,Sabrina Ionescu personal,away,1,,0,,2383
401507327,Courtney Vandersloot personal,away,1,,0,,2386
401507327,Sabrina Ionescu,away,1,,0,,2642
401507327,Natisha Hiedeman personal,home,1,,0,,2689
401507328,Dulcy Fankam Mendjiadeu,away,4,1343.0,0,286.0,93|286|1343|1578
401507328,Aliyah Boston defensive 3-seconds (technical,home,1,,0,,150
401507328,Ezi Magbegor,away,4,2197.0,0,771.0,180|771|2197|2375
401507328,NaLyssa Smith,home,6,1359.0,0,624.0,222|624|1359|1830|2055|2264
401507328,Sami Whitcomb,away,1,,0,,270
401507328,Jordan Horston,away,3,1967.0,0,1289.0,326|1289|1967
401507328,Kelsey Mitchell,home,5,1486.0,0,1440.0,439|1440|1486|2083|2146
401507328,Maya Caldwell,home,1,,0,,517
401507328,Mercedes Russell,away,3,1956.0,0,1763.0,537|1763|1956
401507328,Grace Berger,home,2,,0,1727.0,622|1727
401507328,Joyner Holmes,away,2,,0,721.0,690|721
401507328,Erica Wheeler,home,1,,0,,862
401507328,Jade Melbourne,away,1,,0,,1162
401507328,Victoria Vivians,home,1,,0,,1199
401507328,Aliyah Boston,home,1,,0,,1617
401507328,Kia Nurse,away,3,2322.0,0,1970.0,1943|1970|2322
401507328,Kristy Wallace,home,1,,0,,2181
401507328,Ezi Magbegor defensive 3-seconds (technical,away,1,,0,,2309
401507328,Jewell Loyd,away,1,,0,,2330
401507328,Jewell Loyd personal,away,1,,0,,2380
401507328,Jordan Horston personal,away,1,,0,,2388
401507328,Ezi Magbegor personal,away,1,,0,,2396
401507329,Marina Mabrey,home,4,2143.0,0,1878.0,87|1878|2143|2314
401507329,Elizabeth Williams,home,2,,0,840.0,260|840
401507329,Chelsea Gray,away,2,,0,1508.0,334|1508
401507329,Alysha Clark,away,1,,0,,478
401507329,Kierstan Bell,away,1,,0,,522
401507329,Kiah Stokes,away,2,,0,1838.0,552|1838
401507329,Kahleah Copper,home,3,1237.0,0,1005.0,581|1005|1237
401507329,Alanna Smith,home,3,1731.0,0,1053.0,893|1053|1731
401507329,Jackie Young,away,3,2174.0,0,1868.0,917|1868|2174
401507329,A'ja Wilson,away,3,2277.0,0,1449.0,1083|1449|2277
401507329,Kelsey Plum,away,3,2322.0,0,1668.0,1608|1668|2322
401507329,Ruthy Hebard,home,1,,0,,1849
401507329,Alanna Smith personal,home,1,,0,,2380
401507329,Courtney Williams personal,home,1,,0,,2391
401507330,Natasha Howard,home,4,889.0,1,738.0,55|738|889|2361
401507330,Jessica Shepard,away,5,1155.8,1,809.0,97|809|1156|1270|2371
401507330,Diamond Miller,away,1,,0,,145
401507330,Rachel Banham,away,2,,0,717.0,630|717
401507330,Nikolina Milic,away,2,,0,1691.0,657|1691
401507330,Odyssey Sims,home,2,,0,1385.0,797|1385
401507330,Teaira McCowan,home,5,1454.0,0,1338.0,820|1338|1454|2286|2371
401507330,Kayla McBride,away,2,,0,1089.0,866|1089
401507330,Napheesa Collier,away,2,,0,958.0,909|958
401507330,Awak Kuier,home,2,,0,1249.0,1144|1249
401507330,Dorka Juhasz,away,2,,0,1578.0,1174|1578
401507330,Kalani Brown,home,1,,0,,1193
401507330,Tiffany Mitchell,away,4,1543.0,0,1501.0,1415|1501|1543|2170
401507330,Arike Ogunbowale,home,2,,0,2378.9,1523|2379
401507330,Maddy Siegrist,home,1,,0,,1667
401507330,Crystal Dangerfield,home,1,,0,,1940
401507331,Layshia Clarendon,away,3,2202.0,0,980.0,99|980|2202
401507331,Danielle Robinson,home,2,,0,1497.0,139|1497
401507331,Azura Stevens,away,3,2060.0,0,414.0,171|414|2060
401507331,Rhyne Howard,home,3,1319.0,0,429.0,350|429|1319
401507331,Dearica Hamby,away,2,,0,2119.0,506|2119
401507331,Haley Jones,home,2,,0,606.0,579|606
401507331,Jordin Canada,away,3,2269.0,0,998.0,657|998|2269
401507331,Iliana Rupert,home,1,,0,,761
401507331,Karlie Samuelson,away,3,1403.0,0,959.0,891|959|1403
401507331,Monique Billings,home,4,1722.0,0,1288.0,912|1288|1722|2019
401507331,Nneka Ogwumike,away,4,1479.0,0,1219.0,943|1219|1479|2220
401507331,Cheyenne Parker,home,3,2316.0,0,1199.9,1117|1200|2316
401507331,Naz Hillmon,home,1,,0,,1648
401507331,Evina Westbrook,away,1,,0,,1734
401507331,Aari McDonald personal,home,1,,0,,2389
401507332,A'ja Wilson,away,2,,0,1100.0,82|1100
401507332,Jackie Young,away,3,925.0,1,227.0,146|227|925
401507332,Brittney Sykes,home,2,,0,1165.9,281|1166
401507332,Myisha Hines-Allen,home,4,1598.0,0,302.0,289|302|1598|2122
401507332,Natasha Cloud,home,2,,0,1383.0,314|1383
401507332,Cayla George,away,3,2298.0,0,528.0,379|528|2298
401507332,Alysha Clark,away,2,,0,1783.9,560|1784
401507332,Li Meng,home,2,,0,762.0,730|762
401507332,Kiah Stokes,away,2,,0,1367.0,739|1367
401507332,Tianna Hawkins,home,4,1662.0,0,1077.0,963|1077|1662|1713
401507332,Eric Thibault,home,1,,0,,963
401507332,Shatori Walker-Kimbrough,home,1,,0,,1051
401507332,Elena Delle Donne,home,1,,0,,1241
401507332,Shakira Austin,home,3,1379.0,0,1379.0,1272|1379|1379
401507332,Kelsey Plum,away,1,,0,,1543
401507332,Ariel Atkins,home,1,,0,,2313
401507333,Diamond Miller,home,3,1491.0,0,130.0,63|130|1491
401507333,Napheesa Collier,home,2,,0,1439.0,348|1439
401507333,Dorka Juhasz,home,2,,0,1610.0,461|1610
401507333,Kayla Thornton,away,2,,0,803.0,496|803
401507333,Jessica Shepard,home,4,1209.0,0,934.0,702|934|1209|1704
401507333,Nikolina Milic,home,1,,0,,1006
401507333,Betnijah Laney,away,2,,0,1531.0,1123|1531
401507333,Sabrina Ionescu,away,1,,0,,1477
401507333,Jonquel Jones,away,1,,0,,1631
401507333,Breanna Stewart,away,1,,0,,1668
401507333,Jocelyn Willoughby,away,1,,0,,1695
401507333,Rachel Banham,home,2,,0,2025.0,1764|2025
401507333,Nyara Sabally,away,1,,0,,2308
401507334,Layshia Clarendon defensive 3-seconds (technical,away,1,,0,,110
401507334,Nneka Ogwumike,away,3,1757.0,0,1741.9,224|1742|1757
401507334,Alyssa Thomas,home,2,,0,1525.0,302|1525
401507334,Natisha Hiedeman,home,2,,0,357.0,323|357
401507334,Tiffany Hayes,home,3,1296.0,0,1043.0,395|1043|1296
401507334,Layshia Clarendon,away,3,1282.0,0,1171.9,472|1172|1282
401507334,Karlie Samuelson,away,1,,0,,615
401507334,Jordin Canada,away,4,1536.0,0,916.0,869|916|1536|1858
401507334,Azura Stevens defensive 3-seconds (technical,away,1,,0,,877
401507334,Olivia Nelson-Ododa,home,4,1983.0,0,1089.0,995|1089|1983|2239
401507334,DeWanna Bonner,home,2,,0,1557.0,1080|1557
401507334,Rebecca Allen,home,3,2151.0,0,1708.0,1367|1708|2151
401507334,Dearica Hamby,away,1,,0,,1632
401507334,Tyasha Harris,home,1,,0,,1892
401507334,Azura Stevens,away,1,,0,,2063
401507334,Jasmine Thomas,away,1,,0,,2194
401507335,Erica Wheeler,home,1,,0,,128
401507335,Kelsey Mitchell,home,4,1544.0,0,1047.0,195|1047|1544|2273
401507335,Aliyah Boston,home,1,,0,,324
401507335,Monique Billings,away,3,2217.0,0,928.0,344|928|2217
401507335,Naz Hillmon,away,2,,0,1616.0,429|1616
401507335,Aari McDonald,away,2,,0,1750.0,455|1750
401507335,Haley Jones defensive 3-seconds (technical,away,1,,0,,491
401507335,Amanda Zahui B.,home,1,,0,,882
401507335,NaLyssa Smith,home,2,,0,1073.0,999|1073
401507335,Victoria Vivians,home,1,,0,,1180
401507335,Danielle Robinson,away,2,,0,2250.0,1269|2250
401507335,Kristy Wallace,home,4,1525.0,0,1392.0,1325|1392|1525|2047
401507335,Emma Cannon,home,3,2196.0,0,2107.0,1600|2107|2196
401507335,Grace Berger,home,1,,0,,1639
401507335,Rhyne Howard,away,4,2091.0,0,1738.0,1700|1738|2091|2296
401507335,Allisha Gray personal,away,1,,0,,2399
401507336,Teaira McCowan,away,5,1815.0,0,1306.0,207|1306|1815|1880|1941
401507336,Sophie Cunningham,home,4,736.0,1,523.0,283|523|736|2222
401507336,Madi Williams,home,2,,0,1079.0,296|1079
401507336,Kalani Brown,away,4,1956.0,0,1685.0,346|1685|1956|2333
401507336,Kadi Sissoko,home,2,,0,1601.0,359|1601
401507336,Moriah Jefferson,home,2,,0,1452.0,530|1452
401507336,Arike Ogunbowale,away,2,,0,1666.0,579|1666
401507336,Michaela Onyenwere,home,2,,0,2380.8,629|2381
401507336,Megan Gustafson,home,3,1473.0,0,1427.0,918|1427|1473
401507336,Natasha Howard,away,3,2396.9,0,1763.9,985|1764|2397
401507336,Sug Sutton,home,3,2393.0,0,1070.0,1070|1070|2393
401507336,Maddy Siegrist,away,1,,0,,1619
401507336,Brittney Griner,home,1,,0,,1629
401507336,Brianna Turner,home,1,,0,,2160
401507337,Marina Mabrey,away,1,,0,,142
401507337,Ezi Magbegor,home,4,1863.0,0,1021.0,152|1021|1863|2376
401507337,Jordan Horston,home,4,1535.0,0,417.0,226|417|1535|1944
401507337,Sami Whitcomb,home,3,1994.0,0,1078.0,254|1078|1994
401507337,Courtney Williams,away,4,2045.0,0,1660.0,361|1660|2045|2339
401507337,Yvonne Turner,home,1,,0,,568
401507337,Alanna Smith,away,1,,0,,650
401507337,Dana Evans,away,3,1698.0,0,859.0,718|859|1698
401507337,Kahleah Copper,away,3,2173.0,0,802.0,802|802|2173
401507337,Kia Nurse,home,2,,0,1875.0,903|1875
401507337,Elizabeth Williams,away,3,2183.0,0,1150.9,979|1151|2183
401507337,Dulcy Fankam Mendjiadeu,home,1,,0,,1326
401507337,Robyn Parks,away,1,,0,,1441
401507337,Mercedes Russell,home,4,2371.9,0,1796.8,1626|1797|2372|2385
401507337,Joyner Holmes,home,1,,0,,1849
401507338,Jonquel Jones,home,5,756.0,1,361.0,214|361|756|1596|1945
401507338,Kelsey Plum,away,6,1470.0,0,239.0,236|239|1470|1825|1969|2185
401507338,Kierstan Bell,away,2,,0,373.0,363|373
401507338,A'ja Wilson,away,1,,0,,455
401507338,Alysha Clark,away,4,1618.0,0,1563.0,503|1563|1618|1866
401507338,Courtney Vandersloot,home,2,,0,1795.9,639|1796
401507338,Stefanie Dolson,home,1,,0,,711
401507338,Jackie Young,away,2,,0,929.0,735|929
401507338,Cayla George,away,1,,0,,849
401507338,Betnijah Laney,home,1,,0,,1087
401507338,Marine Johannes,home,3,1764.0,0,1171.9,1116|1172|1764
401507338,Chelsea Gray,away,3,2326.0,0,2285.0,1263|2285|2326
401507338,Kiah Stokes,away,1,,0,,1341
401507338,Breanna Stewart,home,2,,0,2275.0,1495|2275
401507338,Sydney Colson,away,3,1742.9,0,1639.0,1564|1639|1743
401507338,Sabrina Ionescu,home,1,,0,,1627
401507339,Allisha Gray,home,1,,0,,7
401507339,Diana Taurasi personal,away,1,,0,,238
401507339,Naz Hillmon,home,2,,0,1605.0,363|1605
401507339,Rhyne Howard,home,3,1673.0,0,948.0,474|948|1673
401507339,Diana Taurasi,away,1,,0,,492
401507339,Brittney Griner,away,2,,0,1221.0,626|1221
401507339,Haley Jones,home,4,2249.0,0,2039.0,637|2039|2249|2342
401507339,Nikki Blue,away,1,,0,,715
401507339,Brianna Turner,away,1,,0,,725
401507339,Megan Gustafson,away,1,,0,,806
401507339,Cheyenne Parker,home,2,,0,1503.0,937|1503
401507339,Iliana Rupert,home,3,2348.0,0,1954.0,1132|1954|2348
401507339,Madi Williams,away,1,,0,,1178
401507339,Michaela Onyenwere,away,2,,0,2110.0,1383|2110
401507339,Moriah Jefferson,away,1,,0,,1567
401507339,Aari McDonald,home,1,,0,,1654
401507339,Monique Billings,home,1,,0,,1732
401507339,Kadi Sissoko,away,2,,0,2377.9,2066|2378
401507340,Tiffany Mitchell,away,4,2348.9,0,335.0,154|335|2349|2358
401507340,Bridget Carleton,away,1,,0,,499
401507340,Natasha Cloud,home,5,1232.0,0,1103.0,598|1103|1232|1880|2185
401507340,Nikolina Milic,away,2,,0,827.0,657|827
401507340,Diamond Miller,away,3,1453.0,0,954.0,814|954|1453
401507340,Myisha Hines-Allen,home,2,,0,1716.0,908|1716
401507340,Shatori Walker-Kimbrough,home,1,,0,,970
401507340,Dorka Juhasz,away,2,,0,1273.0,1163|1273
401507340,Brittney Sykes,home,2,,0,2340.0,1306|2340
401507340,Shakira Austin,home,1,,0,,1348
401507340,Kayla McBride,away,4,1843.0,0,1432.0,1390|1432|1843|2344
401507340,Napheesa Collier,away,1,,0,,1619
401507340,Rachel Banham,away,1,,0,,1828
401507340,Li Meng,home,1,,0,,1955
401507340,Tianna Hawkins,home,2,,0,2217.0,2026|2217
401507340,Ariel Atkins,home,1,,0,,2224
401507341,Morgan Bertsch,away,3,1921.0,0,1445.0,478|1445|1921
401507341,Sika Kone,away,3,1782.9,0,763.0,661|763|1783
401507341,Jordin Canada,home,4,1435.0,0,842.0,733|842|1435|2368
401507341,Emre Vatansever,away,1,,0,,790
401507341,Robyn Parks,away,1,,0,,827
401507341,Courtney Williams,away,1,,0,,850
401507341,Rae Burrell,home,1,,0,,851
401507341,Jasmine Thomas,home,1,,0,,973
401507341,Elizabeth Williams,away,2,,0,2051.0,1088|2051
401507341,Azura Stevens,home,2,,0,1316.0,1152|1316
401507341,Karlie Samuelson,home,1,,0,,1424
401507341,Marina Mabrey,away,3,1757.9,0,1503.0,1424|1503|1758
401507341,Dearica Hamby,home,3,2057.0,0,1632.0,1562|1632|2057
401507341,Zia Cooke,home,2,,0,2122.0,1665|2122
401507341,Kahleah Copper,away,1,,0,,2110
401507341,Nneka Ogwumike,home,1,,0,,2242
401507341,Dana Evans,away,1,,0,,2338
401507342,DeWanna Bonner,home,1,,0,,224
401507342,Madi Williams,away,2,,0,302.0,258|302
401507342,Olivia Nelson-Ododa,home,3,944.0,1,597.9,330|598|944
401507342,Kadi Sissoko,away,4,1140.0,1,482.0,359|482|1140|1606
401507342,Tiffany Hayes,home,2,,0,910.0,409|910
401507342,Megan Gustafson,away,2,,0,1494.0,421|1494
401507342,Michaela Onyenwere,away,3,1899.0,0,918.0,446|918|1899
401507342,Bernadett Hatar,home,2,,0,900.0,669|900
401507342,Alyssa Thomas,home,3,2023.0,0,1957.0,704|1957|2023
401507342,Natisha Hiedeman,home,2,,0,1236.0,798|1236
401507342,Brianna Turner,away,4,1451.0,0,1433.0,1166|1433|1451|1631
401507342,Moriah Jefferson clear path,away,1,,0,,1252
401507342,Brittney Griner,away,2,,0,2007.0,1664|2007
401507342,Tyasha Harris,home,2,,0,2387.9,1856|2388
401507342,Moriah Jefferson,away,1,,0,,1885
401507342,Leigha Brown,home,1,,0,,2344
401507342,Sug Sutton personal,away,3,2381.9,0,2366.9,2366|2367|2382
401507343,Ariel Atkins,away,2,,0,1346.0,37|1346
401507343,Shakira Austin,away,2,,0,1678.0,209|1678
401507343,Jackie Young,home,5,1161.9,1,549.9,218|550|1162|1743|2344
401507343,Sydney Colson,home,1,,0,,326
401507343,Myisha Hines-Allen,away,3,1653.0,0,542.9,339|543|1653
401507343,Brittney Sykes,away,6,1467.0,0,925.0,428|925|1467|1972|2048|2222
401507343,Li Meng,away,1,,0,,724
401507343,Cayla George,home,1,,0,,745
401507343,A'ja Wilson defensive 3-seconds (technical,home,1,,0,,796
401507343,Chelsea Gray,home,2,,0,1998.0,920|1998
401507343,Kiah Stokes,home,3,1833.0,0,1253.0,961|1253|1833
401507343,Shatori Walker-Kimbrough,away,2,,0,1563.0,991|1563
401507343,A'ja Wilson,home,2,,0,2154.0,1004|2154
401507343,Natasha Cloud personal,away,1,,0,,1254
401507343,Tianna Hawkins defensive 3-seconds (technical,away,1,,0,,1591
401507343,Alysha Clark,home,1,,0,,1665
401507343,Kelsey Plum,home,2,,0,2233.0,1698|2233
401507343,Natasha Cloud,away,1,,0,,2138
401507343,Elena Delle Donne,away,1,,0,,2190
401507343,Tianna Hawkins,away,2,,0,2364.9,2300|2365
401507343,Tianna Hawkins personal,away,1,,0,,2379
401507344,Karlie Samuelson,home,1,,0,,108
401507344,Zia Cooke,home,5,1131.0,1,819.0,306|819|1131|2019|2115
401507344,Ezi Magbegor,away,4,1092.0,1,833.0,370|833|1092|1944
401507344,Jordan Horston,away,3,1609.0,0,914.0,503|914|1609
401507344,Jewell Loyd,away,4,2038.0,0,668.0,598|668|2038|2358
401507344,Azura Stevens,home,3,1975.0,0,1399.0,735|1399|1975
401507344,Jasmine Thomas,home,4,2086.0,0,1278.0,811|1278|2086|2233
401507344,Jordin Canada,home,4,1714.0,0,973.0,853|973|1714|2359
401507344,Dulcy Fankam Mendjiadeu,away,2,,0,1680.0,1179|1680
401507344,Mercedes Russell,away,2,,0,2010.0,1643|2010
401507344,Kia Nurse,away,3,2291.0,0,1925.0,1676|1925|2291
401507344,Jade Melbourne,away,1,,0,,1752
401507344,Dearica Hamby,home,1,,0,,2317
401507345,Aliyah Boston,home,3,2206.0,0,1836.0,79|1836|2206
401507345,Satou Sabally,away,5,1317.0,0,908.0,286|908|1317|1911|2273
401507345,Kalani Brown,away,3,2212.0,0,2188.0,393|2188|2212
401507345,Emma Cannon,home,1,,0,,413
401507345,Grace Berger,home,1,,0,,421
401507345,Kelsey Mitchell,home,3,1572.0,0,598.9,452|599|1572
401507345,NaLyssa Smith,home,3,1655.0,0,1512.0,684|1512|1655
401507345,Veronica Burton,away,2,,0,974.0,720|974
401507345,Erica Wheeler,home,1,,0,,1061
401507345,Kristy Wallace,home,2,,0,1409.0,1273|1409
401507345,Teaira McCowan,away,5,1468.0,0,1459.0,1285|1459|1468|1468|1717
401507345,Arike Ogunbowale,away,3,2231.0,0,1615.0,1298|1615|2231
401507345,Odyssey Sims,away,1,,0,,1919
401507345,Maddy Siegrist,away,1,,0,,1953
401507345,Victoria Vivians,home,1,,0,,2324
401507346,Jonquel Jones,home,2,,0,948.0,234|948
401507346,DeWanna Bonner,away,1,,0,,247
401507346,Betnijah Laney,home,1,,0,,298
401507346,Rebecca Allen,away,3,633.0,1,318.0,309|318|633
401507346,Kayla Thornton,home,3,1749.0,0,1071.0,397|1071|1749
401507346,Natisha Hiedeman,away,1,,0,,490
401507346,Alyssa Thomas,away,4,988.0,1,976.0,565|976|988|1377
401507346,Marine Johannes,home,4,1211.0,0,1153.0,673|1153|1211|1341
401507346,Courtney Vandersloot,home,1,,0,,723
401507346,Bernadett Hatar,away,2,,0,2311.0,832|2311
401507346,Tiffany Hayes,away,4,1199.9,1,1166.8,959|1167|1200|2086
401507346,Olivia Nelson-Ododa,away,3,2042.0,0,1541.0,1431|1541|2042
401507346,Jocelyn Willoughby,home,3,1860.0,0,1771.9,1742|1772|1860
401507346,Stefanie Dolson,home,1,,0,,1826
401507346,Leigha Brown,away,1,,0,,1854
401507346,Han Xu,home,1,,0,,2190
401507347,Diamond Miller,home,1,,0,,164
401507347,Allisha Gray,away,5,1255.0,0,556.9,268|557|1255|1345|1951
401507347,Dorka Juhasz,home,3,1620.0,0,353.0,318|353|1620
401507347,Naz Hillmon,away,2,,0,462.0,341|462
401507347,Rhyne Howard,away,5,2282.0,0,694.0,619|694|2282|2610|2666
401507347,Bridget Carleton,home,2,,0,1165.9,637|1166
401507347,Nikolina Milic,home,3,1103.0,1,1040.0,707|1040|1103
401507347,Napheesa Collier defensive 3-seconds (technical,home,1,,0,,717
401507347,Rachel Banham,home,3,1742.0,0,1677.0,850|1677|1742
401507347,Iliana Rupert,away,1,,0,,965
401507347,Tiffany Mitchell,home,4,2456.0,0,1599.0,1002|1599|2456|2625
401507347,Kayla McBride,home,2,,0,2391.8,1852|2392
401507347,Cheyenne Parker,away,1,,0,,2378
401507347,Napheesa Collier,home,1,,0,,2628
401507347,Monique Billings personal,away,1,,0,,2688
401507347,Cheyenne Parker personal,away,1,,0,,2699
401507348,Ezi Magbegor,away,3,2007.0,0,807.0,110|807|2007
401507348,Mercedes Russell,away,2,,0,1102.0,237|1102
401507348,Kiah Stokes,home,1,,0,,267
401507348,Jordan Horston,away,3,1630.0,0,377.0,320|377|1630
401507348,A'ja Wilson,home,3,1531.0,0,1237.0,435|1237|1531
401507348,Sydney Colson,home,2,,0,1729.0,570|1729
401507348,Cayla George,home,2,,0,711.0,680|711
401507348,Jade Melbourne,away,2,,0,800.0,698|800
401507348,Kelsey Plum,home,2,,0,1151.0,1082|1151
401507348,Joyner Holmes,away,1,,0,,1171
401507348,Dulcy Fankam Mendjiadeu,away,1,,0,,1255
401507348,Jackie Young,home,2,,0,1643.0,1402|1643
401507348,Sami Whitcomb,away,3,1922.0,0,1664.0,1538|1664|1922
401507348,Jewell Loyd,away,1,,0,,1897
401507348,Alysha Clark,home,2,,0,2097.0,1983|2097
401507348,Yvonne Turner,away,1,,0,,2254
401507348,Alaina Coates,home,1,,0,,2353
401507349,Marine Johannes,away,1,,0,,254
401507349,Stefanie Dolson,away,2,,0,1751.9,641|1752
401507349,Courtney Vandersloot,away,1,,0,,674
401507349,Kahleah Copper,home,1,,0,,723
401507349,Jocelyn Willoughby,away,2,,0,1023.0,948|1023
401507349,Elizabeth Williams,home,2,,0,1841.0,1257|1841
401507349,Betnijah Laney,away,3,1799.9,0,1419.0,1283|1419|1800
401507349,Marina Mabrey,home,3,2136.0,0,1927.0,1401|1927|2136
401507349,Morgan Bertsch,home,1,,0,,1404
401507349,Courtney Williams,home,2,,0,2341.9,1454|2342
401507349,Ruthy Hebard,home,1,,0,,1615
401507350,Natasha Howard,home,5,2251.0,0,1341.0,57|1341|2251|2601|2664
401507350,Teaira McCowan,home,5,833.0,1,504.0,146|504|833|1688|2030
401507350,Erica Wheeler,away,7,1271.0,0,287.0,199|287|1271|2567|2567|2574|2617
401507350,Kristy Wallace,away,1,,0,,227
401507350,Kelsey Mitchell,away,4,1739.0,0,1448.0,322|1448|1739|2295
401507350,NaLyssa Smith,away,3,618.0,1,607.0,407|607|618
401507350,Veronica Burton,home,2,,0,696.0,466|696
401507350,Aliyah Boston,away,4,1871.0,0,1727.0,678|1727|1871|2371
401507350,Satou Sabally,home,4,1504.0,0,1167.8,979|1168|1504|1815
401507350,Maya Caldwell personal,away,1,,0,,1173
401507350,Maya Caldwell,away,1,,0,,1181
401507350,Crystal Dangerfield,home,1,,0,,1504
401507350,Grace Berger,away,1,,0,,1523
401507350,Awak Kuier,home,1,,0,,1645
401507350,Arike Ogunbowale,home,2,,0,2663.8,1925|2664
401507350,Victoria Vivians,away,3,2621.0,0,2469.0,2127|2469|2621
401507351,Kayla McBride,home,4,2197.0,0,1713.0,62|1713|2197|2244
401507351,Brianna Turner,away,4,1533.0,0,907.0,87|907|1533|1670
401507351,Tiffany Mitchell,home,5,1257.0,0,976.0,214|976|1257|1320|2185
401507351,Moriah Jefferson,away,3,1780.9,0,1324.0,322|1324|1781
401507351,Megan Gustafson,away,3,865.0,1,366.0,355|366|865
401507351,Dorka Juhasz,home,2,,0,1459.0,507|1459
401507351,Nikolina Milic,home,3,1835.0,0,1613.0,555|1613|1835
401507351,Bridget Carleton,home,3,1497.0,0,986.0,577|986|1497
401507351,Rachel Banham,home,1,,0,,600
401507351,Napheesa Collier,home,4,1141.9,1,914.0,620|914|1142|2325
401507351,Michaela Onyenwere,away,4,1415.0,0,1155.0,707|1155|1415|1759
401507351,Brittney Griner,away,2,,0,1111.0,714|1111
401507351,Aerial Powers,home,1,,0,,1002
401507351,Brittney Griner defensive 3-seconds (technical,away,1,,0,,1096
401507351,Sug Sutton,away,3,1998.0,0,1892.0,1652|1892|1998
401507351,Kadi Sissoko,away,2,,0,2346.9,2293|2347
401507352,Tianna Hawkins,away,4,2091.0,0,999.0,211|999|2091|2209
401507352,Azura Stevens,home,3,2312.0,0,1545.0,243|1545|2312
401507352,Kristi Toliver,away,1,,0,,542
401507352,Li Meng,away,3,2303.0,0,1578.0,562|1578|2303
401507352,Dearica Hamby,home,1,,0,,579
401507352,Zia Cooke,home,1,,0,,583
401507352,Natasha Cloud,away,4,2120.0,0,1247.0,704|1247|2120|2227
401507352,Karlie Samuelson,home,2,,0,1657.0,725|1657
401507352,Rae Burrell,home,1,,0,,819
401507352,Myisha Hines-Allen,away,3,1510.0,0,1013.0,969|1013|1510
401507352,Shatori Walker-Kimbrough,away,2,,0,1501.0,1149|1501
401507352,Brittney Sykes,away,3,2385.9,0,1312.0,1163|1312|2386
401507352,Layshia Clarendon,home,1,,0,,1778
401507352,Jasmine Thomas,home,1,,0,,1909
401507352,Jordin Canada,home,1,,0,,2171
401507352,Elena Delle Donne,away,1,,0,,2376
401507353,Rebecca Allen,home,2,,0,584.9,44|585
401507353,Dearica Hamby,away,2,,0,598.0,152|598
401507353,Azura Stevens,away,5,1667.0,0,526.0,178|526|1667|1766|2293
401507353,Tiffany Hayes,home,4,1212.0,0,836.0,342|836|1212|1852
401507353,Tyasha Harris,home,2,,0,2124.0,579|2124
401507353,Layshia Clarendon,away,5,1288.0,0,925.0,745|925|1288|1597|1936
401507353,Evina Westbrook,away,5,1866.0,0,1836.0,972|1836|1866|2092|2171
401507353,DeWanna Bonner,home,1,,0,,1062
401507353,Olivia Nelson-Ododa,home,2,,0,1176.0,1115|1176
401507353,Jordin Canada,away,3,1556.0,0,1325.0,1165|1325|1556
401507353,Natisha Hiedeman,home,3,2334.0,0,2232.0,1251|2232|2334
401507353,Alyssa Thomas,home,2,,0,1615.0,1440|1615
401507354,Kahleah Copper,away,2,,0,932.0,321|932
401507354,Alanna Smith,away,2,,0,1137.0,351|1137
401507354,Emma Cannon,home,1,,0,,436
401507354,Ruthy Hebard,away,2,,0,1574.0,612|1574
401507354,Morgan Bertsch,away,2,,0,2162.0,729|2162
401507354,Maya Caldwell,home,1,,0,,801
401507354,NaLyssa Smith,home,1,,0,,944
401507354,Victoria Vivians,home,1,,0,,997
401507354,Elizabeth Williams,away,3,1431.0,0,1036.0,1023|1036|1431
401507354,NaLyssa Smith defensive 3-seconds (technical,home,1,,0,,1082
401507354,Aliyah Boston,home,3,1778.9,0,1547.0,1206|1547|1779
401507354,Courtney Williams,away,1,,0,,1607
401507354,Sika Kone,away,4,1886.0,0,1749.9,1703|1750|1886|2169
401507354,Amanda Zahui B.,home,1,,0,,1878
401507354,Erica Wheeler,home,1,,0,,1900
401507354,Robyn Parks,away,2,,0,2331.0,2136|2331
401507354,Grace Berger,home,1,,0,,2209
401507354,Taylor Soule,away,1,,0,,2302
401507355,Arike Ogunbowale,home,3,2196.0,0,1556.0,296|1556|2196
401507355,Jonquel Jones,away,4,2036.0,0,1451.0,312|1451|2036|2341
401507355,Natasha Howard,home,5,1144.0,1,1113.0,437|1113|1144|1473|1840
401507355,Teaira McCowan,home,3,2256.0,0,1065.0,459|1065|2256
401507355,Breanna Stewart,away,2,,0,1427.0,481|1427
401507355,Sabrina Ionescu,away,2,,0,1991.0,493|1991
401507355,Stefanie Dolson,away,1,,0,,592
401507355,Crystal Dangerfield,home,2,,0,1763.8,642|1764
401507355,Courtney Vandersloot,away,1,,0,,842
401507355,Betnijah Laney,away,2,,0,1438.0,922|1438
401507355,Satou Sabally,home,6,1839.0,0,1438.0,1016|1438|1839|1999|2328|2358
401507355,Marine Johannes,away,1,,0,,1044
401507355,Awak Kuier,home,1,,0,,1190
401507355,Kalani Brown,home,1,,0,,1593
401507355,Maddy Siegrist,home,1,,0,,2064
401507356,Myisha Hines-Allen,away,2,,0,2189.0,38|2189
401507356,Natasha Cloud,away,2,,0,1482.0,119|1482
401507356,Brittney Griner,home,3,1861.0,0,760.0,163|760|1861
401507356,Michaela Onyenwere,home,1,,0,,393
401507356,Queen Egbo,away,4,1108.0,1,504.0,496|504|1108|1691
401507356,Kadi Sissoko,home,2,,0,594.8,518|595
401507356,Elena Delle Donne,away,1,,0,,680
401507356,Ashley Joens,home,3,1710.0,0,1668.0,1522|1668|1710
401507356,Megan Gustafson,home,2,,0,2335.0,1534|2335
401507356,Tianna Hawkins,away,3,2365.9,0,2231.0,1739|2231|2366
401507356,Brittney Sykes,away,3,2137.0,0,2123.0,1939|2123|2137
401507357,Cheyenne Parker,home,4,1373.0,0,633.0,21|633|1373|2124
401507357,Danielle Robinson,home,3,1567.0,0,1506.0,224|1506|1567
401507357,Sami Whitcomb,away,3,1423.0,0,767.0,254|767|1423
401507357,Jordan Horston,away,3,902.0,1,330.0,267|330|902
401507357,Ezi Magbegor,away,3,2049.0,0,1531.0,323|1531|2049
401507357,Dulcy Fankam Mendjiadeu,away,1,,0,,397
401507357,Aari McDonald,home,1,,0,,437
401507357,Naz Hillmon,home,5,566.0,1,531.0,452|531|566|1711|2129
401507357,Jade Melbourne,away,1,,0,,691
401507357,AD Durr,home,1,,0,,841
401507357,Rhyne Howard,home,2,,0,1063.0,984|1063
401507357,Kia Nurse,away,1,,0,,1021
401507357,Mercedes Russell,away,2,,0,1558.0,1184|1558
401507357,Allisha Gray,home,2,,0,2036.0,1432|2036
401507357,Monique Billings,home,1,,0,,1895
401507358,Azura Stevens,away,3,2159.0,0,1235.0,76|1235|2159
401507358,Jonquel Jones,home,3,2314.0,0,303.0,124|303|2314
401507358,Marine Johannes,home,2,,0,595.9,440|596
401507358,Courtney Vandersloot,home,3,2030.0,0,1903.0,531|1903|2030
401507358,Stefanie Dolson,home,2,,0,2025.0,698|2025
401507358,Betnijah Laney,home,3,2057.0,0,940.0,813|940|2057
401507358,Dearica Hamby,away,2,,0,1150.8,921|1151
401507358,Sabrina Ionescu,home,1,,0,,1416
401507358,Layshia Clarendon,away,2,,0,2298.0,1695|2298
401507358,Rae Burrell,away,1,,0,,1702
401507358,Jordin Canada,away,2,,0,2239.0,2072|2239
401507358,Kayla Thornton,home,1,,0,,2247
401507358,Dearica Hamby personal,away,1,,0,,2380
401507359,Erica Wheeler,away,3,1307.0,0,1172.0,69|1172|1307
401507359,Tiffany Hayes,home,2,,0,259.0,99|259
401507359,Aliyah Boston,away,2,,0,1156.9,106|1157
401507359,Alyssa Thomas,home,3,2059.0,0,1081.0,170|1081|2059
401507359,DeWanna Bonner,home,3,1549.0,0,1327.0,217|1327|1549
401507359,Grace Berger,away,1,,0,,460
401507359,Kelsey Mitchell,away,4,2034.0,0,1832.0,495|1832|2034|2134
401507359,Emma Cannon,away,1,,0,,568
401507359,Emma Cannon defensive 3-seconds (technical,away,1,,0,,581
401507359,Amanda Zahui B.,away,2,,0,772.0,642|772
401507359,Olivia Nelson-Ododa,home,2,,0,954.0,821|954
401507359,Tyasha Harris,home,2,,0,2122.0,1015|2122
401507359,NaLyssa Smith,away,4,1844.0,0,1311.0,1145|1311|1844|2177
401507359,Natisha Hiedeman,home,1,,0,,1545
401507359,Victoria Vivians,away,2,,0,2241.0,1623|2241
401507359,Victaria Saxton,away,2,,0,2258.0,1828|2258
401507359,DiJonai Carrington,home,3,2353.9,0,2237.0,2196|2237|2354
401507359,Leigha Brown,home,1,,0,,2340
401507360,Danielle Robinson,away,3,1625.0,0,861.0,145|861|1625
401507360,Ariel Atkins,home,4,1291.0,0,642.0,242|642|1291|1417
401507360,Allisha Gray,away,1,,0,,286
401507360,Tianna Hawkins,home,3,1926.0,0,1821.0,317|1821|1926
401507360,Haley Jones,away,1,,0,,536
401507360,Natasha Cloud,home,2,,0,1095.0,552|1095
401507360,Monique Billings,away,3,1977.0,0,1211.0,619|1211|1977
401507360,Elena Delle Donne,home,1,,0,,651
401507360,Myisha Hines-Allen,home,2,,0,2359.9,664|2360
401507360,Cheyenne Parker,away,4,1241.0,0,897.0,737|897|1241|1382
401507360,Queen Egbo,home,3,1611.0,0,1078.0,968|1078|1611
401507360,Shatori Walker-Kimbrough,home,1,,0,,1452
401507360,Brittney Sykes,home,4,2377.8,0,1881.0,1748|1881|2378|2385
401507360,Laeticia Amihere,away,1,,0,,1797
401507360,Rhyne Howard,away,2,,0,2224.0,2122|2224
401507360,Li Meng,home,1,,0,,2394
401507361,Courtney Williams,home,2,,0,2250.0,79|2250
401507361,Elizabeth Williams,home,3,1878.0,0,202.0,84|202|1878
401507361,Tiffany Mitchell,away,2,,0,1951.0,408|1951
401507361,Dorka Juhasz,away,2,,0,874.0,431|874
401507361,Dana Evans,home,2,,0,1698.0,569|1698
401507361,Nikolina Milic,away,1,,0,,597
401507361,Bridget Carleton,away,1,,0,,811
401507361,Diamond Miller,away,2,,0,1421.0,897|1421
401507361,Napheesa Collier defensive 3-seconds (technical,away,1,,0,,930
401507361,Marina Mabrey,home,3,1707.0,0,1185.9,948|1186|1707
401507361,Alanna Smith,home,3,1520.0,0,1434.0,1150|1434|1520
401507361,Kayla McBride,away,1,,0,,1192
401507361,Napheesa Collier,away,2,,0,1492.0,1340|1492
401507361,Robyn Parks,home,1,,0,,1639
401507361,Kahleah Copper,home,3,2198.0,0,2138.0,1856|2138|2198
401507361,Sika Kone,home,1,,0,,1997
401507361,Napheesa Collier personal,away,1,,0,,2351
401507361,Tiffany Mitchell personal,away,1,,0,,2353
401507362,Jordan Horston,away,3,2331.0,0,1320.0,285|1320|2331
401507362,Arike Ogunbowale,home,5,1796.0,0,1220.0,324|1220|1796|1799|2357
401507362,Mercedes Russell,away,4,1311.0,0,843.0,377|843|1311|2291
401507362,Satou Sabally,home,4,968.0,1,939.0,515|939|968|1563
401507362,Joyner Holmes,away,2,,0,1759.9,591|1760
401507362,Teaira McCowan,home,3,2144.0,0,1531.0,729|1531|2144
401507362,Kia Nurse,away,2,,0,1816.0,888|1816
401507362,Awak Kuier,home,1,,0,,1034
401507362,Ezi Magbegor,away,4,1652.0,0,1450.0,1098|1450|1652|1886
401507362,Natasha Howard,home,3,1872.0,0,1502.0,1334|1502|1872
401507362,Veronica Burton,home,5,2114.0,0,1496.0,1383|1496|2114|2185|2191
401507362,Jewell Loyd,away,1,,0,,1512
401507362,Sami Whitcomb,away,1,,0,,2078
401507362,Odyssey Sims,home,1,,0,,2235
401507363,Brianna Turner,home,3,2008.0,0,1286.0,140|1286|2008
401507363,Kiah Stokes,away,3,1897.0,0,1048.0,180|1048|1897
401507363,Alysha Clark,away,3,1657.0,0,539.0,418|539|1657
401507363,Megan Gustafson,home,2,,0,2052.0,426|2052
401507363,Sug Sutton,home,1,,0,,454
401507363,Jackie Young,away,2,,0,575.9,505|576
401507363,Michaela Onyenwere,home,2,,0,918.0,730|918
401507363,Kierstan Bell,away,3,2227.0,0,1925.0,790|1925|2227
401507363,Ashley Joens,home,3,1980.0,0,1740.9,1034|1741|1980
401507363,Moriah Jefferson,home,2,,0,2164.0,1718|2164
401507363,Brittney Griner,home,1,,0,,1780
401507363,Sydney Colson,away,3,2220.0,0,1944.0,1854|1944|2220
401507363,Alaina Coates,away,1,,0,,2327
401507364,Danielle Robinson,home,2,,0,2197.0,243|2197
401507364,Allisha Gray,home,4,1751.9,0,1332.0,275|1332|1752|1791
401507364,Satou Sabally,away,4,788.0,1,742.0,289|742|788|1448
401507364,Arike Ogunbowale,away,2,,0,860.0,378|860
401507364,Crystal Dangerfield,away,2,,0,1001.0,450|1001
401507364,Aari McDonald,home,1,,0,,519
401507364,Naz Hillmon,home,1,,0,,578
401507364,Rhyne Howard,home,4,1469.0,0,1434.0,619|1434|1469|1893
401507364,Monique Billings,home,1,,0,,628
401507364,Cheyenne Parker,home,3,957.0,1,932.0,877|932|957
401507364,Teaira McCowan,away,2,,0,1689.0,1026|1689
401507364,Natasha Howard,away,5,1923.0,0,1340.0,1104|1340|1923|2210|2224
401507364,Kalani Brown,away,3,2236.0,0,1603.0,1134|1603|2236
401507364,Veronica Burton,away,1,,0,,1557
401507364,Awak Kuier,away,1,,0,,2079
401507364,Iliana Rupert,home,1,,0,,2139
401507364,Laeticia Amihere,home,1,,0,,2355
401507365,Marina Mabrey,away,2,,0,360.0,215|360
401507365,DiJonai Carrington,home,3,2510.0,0,2510.0,394|2510|2510
401507365,Olivia Nelson-Ododa,home,3,2312.0,0,2261.0,424|2261|2312
401507365,Alanna Smith,away,2,,0,723.0,488|723
401507365,Robyn Parks,away,3,2667.9,0,1379.0,501|1379|2668
401507365,Tyasha Harris,home,1,,0,,595
401507365,Taylor Soule,away,2,,0,699.0,609|699
401507365,DeWanna Bonner,home,1,,0,,622
401507365,Dana Evans,away,3,2286.0,0,2017.0,782|2017|2286
401507365,Sika Kone,away,4,1047.0,1,870.0,863|870|1047|1520
401507365,Natisha Hiedeman,home,2,,0,1705.0,947|1705
401507365,Leigha Brown,home,2,,0,1454.0,982|1454
401507365,Rebecca Allen,home,1,,0,,1279
401507365,Tiffany Hayes,home,1,,0,,1288
401507365,Elizabeth Williams,away,2,,0,2339.0,1338|2339
401507365,Ruthy Hebard,away,2,,0,2090.0,2040|2090
401507366,Diamond Miller,away,3,2350.9,0,1716.0,220|1716|2351
401507366,Tiffany Mitchell,away,3,2138.0,0,2069.0,308|2069|2138
401507366,Dorka Juhasz,away,2,,0,890.0,349|890
401507366,Grace Berger,home,1,,0,,359
401507366,Cheryl Reeve,away,1,,0,,359
401507366,Kelsey Mitchell,home,3,2166.0,0,1725.0,598|1725|2166
401507366,NaLyssa Smith,home,3,1396.0,0,1041.0,682|1041|1396
401507366,Emma Cannon,home,2,,0,875.0,836|875
401507366,Victoria Vivians,home,2,,0,1174.8,956|1175
401507366,Nikolina Milic,away,3,1138.0,1,1086.0,967|1086|1138
401507366,Aliyah Boston,home,3,1453.0,0,1337.0,991|1337|1453
401507366,Napheesa Collier,away,2,,0,2089.0,1517|2089
401507366,Dorka Juhasz defensive 3-seconds (technical,away,1,,0,,1797
401507366,Maya Caldwell,home,1,,0,,1890
401507366,Aerial Powers,away,1,,0,,1931
401507366,Erica Wheeler,home,1,,0,,2246
401507366,Kayla McBride,away,1,,0,,2340
401507367,Sabrina Ionescu,home,2,,0,1435.0,163|1435
401507367,Betnijah Laney,home,2,,0,2091.0,251|2091
401507367,Natasha Cloud,away,3,774.0,1,499.0,296|499|774
401507367,Myisha Hines-Allen,away,4,1472.0,0,864.0,384|864|1472|2297
401507367,Queen Egbo,away,2,,0,626.0,552|626
401507367,Marine Johannes,home,2,,0,615.0,563|615
401507367,Courtney Vandersloot,home,3,1442.0,0,1160.0,845|1160|1442
401507367,Stefanie Dolson,home,3,2005.0,0,1933.0,1060|1933|2005
401507367,Breanna Stewart,home,2,,0,1876.0,1128|1876
401507367,Eric Thibault,away,1,,0,,1276
401507367,Brittney Sykes,away,1,,0,,1362
401507367,Tianna Hawkins,away,2,,0,2119.0,1420|2119
401507367,Shatori Walker-Kimbrough,away,1,,0,,1753
401507367,Ariel Atkins,away,1,,0,,2017
401507367,Li Meng,away,1,,0,,2036
401507368,Sug Sutton,away,3,1769.0,0,670.0,42|670|1769
401507368,Michaela Onyenwere,away,3,1427.0,0,840.0,374|840|1427
401507368,Kadi Sissoko,away,1,,0,,422
401507368,Kelsey Plum,home,3,1794.0,0,992.0,457|992|1794
401507368,Moriah Jefferson,away,1,,0,,552
401507368,Alysha Clark,home,2,,0,2128.0,562|2128
401507368,Jackie Young,home,3,1274.0,0,1024.0,922|1024|1274
401507368,Megan Gustafson,away,2,,0,1661.0,975|1661
401507368,A'ja Wilson,home,1,,0,,1606
401507368,Kiah Stokes,home,1,,0,,1865
401507368,Brianna Turner,away,1,,0,,1973
401507368,Brittney Griner,away,1,,0,,2276
401507368,Cayla George,home,1,,0,,2368
401507369,Mercedes Russell,home,3,1858.0,0,1770.9,38|1771|1858
401507369,Nneka Ogwumike,away,4,349.0,1,304.0,157|304|349|1800
401507369,Layshia Clarendon,away,4,1395.0,0,365.0,272|365|1395|1450
401507369,Dearica Hamby defensive 3-seconds (technical,away,1,,0,,310
401507369,Jewell Loyd defensive 3-seconds (technical,home,1,,0,,377
401507369,Ezi Magbegor,home,5,1162.9,1,834.0,573|834|1163|1182|1951
401507369,Kia Nurse,home,3,2063.0,0,1579.0,801|1579|2063
401507369,Yvonne Turner,home,1,,0,,831
401507369,Dulcy Fankam Mendjiadeu,home,1,,0,,935
401507369,Jordin Canada,away,2,,0,1243.0,968|1243
401507369,Rae Burrell,away,1,,0,,1129
401507369,Sami Whitcomb,home,3,2395.9,0,2301.0,1264|2301|2396
401507369,Jordan Horston,home,2,,0,1425.0,1286|1425
401507369,Jewell Loyd,home,1,,0,,1360
401507369,Azura Stevens,away,2,,0,2202.0,1374|2202
401507369,Jasmine Thomas,away,1,,0,,2250
401578549,DeWanna Bonner,home,2,,0,251.0,177|251
401578549,Diamond Miller,away,5,1250.0,0,1005.0,202|1005|1250|1419|1636
401578549,Napheesa Collier,away,2,,0,2206.0,242|2206
401578549,Tiffany Hayes,home,3,948.0,1,653.0,393|653|948
401578549,Natisha Hiedeman,home,1,,0,,403
401578549,Nikolina Milic,away,2,,0,1720.0,456|1720
401578549,Rebecca Allen,home,4,1586.0,0,1509.0,608|1509|1586|1736
401578549,Olivia Nelson-Ododa,home,2,,0,798.0,685|798
401578549,Tiffany Mitchell,away,1,,0,,1242
401578549,DiJonai Carrington,home,1,,0,,1701
401578549,Rachel Banham,away,1,,0,,1755
401578549,Aerial Powers,away,1,,0,,2082
401578549,Bridget Carleton,away,1,,0,,2114
401578549,Alyssa Thomas,home,1,,0,,2173
401578550,Alanna Smith,away,4,444.0,1,176.0,94|176|444|2140
401578550,Jackie Young,home,2,,0,1740.9,240|1741
401578550,A'ja Wilson,home,1,,0,,313
401578550,Chelsea Gray,home,1,,0,,501
401578550,Kahleah Copper,away,4,946.0,1,774.0,543|774|946|1564
401578550,Kiah Stokes,home,1,,0,,720
401578550,Ruthy Hebard,away,1,,0,,725
401578550,Marina Mabrey,away,4,1633.0,0,1262.0,985|1262|1633|1799
401578550,Alysha Clark,home,3,1602.0,0,1190.0,1017|1190|1602
401578550,Elizabeth Williams,away,1,,0,,1433
401578550,Robyn Parks,away,2,,0,1934.0,1661|1934
401578550,Dana Evans,away,1,,0,,1926
401578551,Brittney Sykes,away,2,,0,1034.0,191|1034
401578551,Breanna Stewart,home,2,,0,1177.0,204|1177
401578551,Betnijah Laney,home,2,,0,776.0,238|776
401578551,Natasha Cloud,away,3,1435.0,0,278.0,274|278|1435
401578551,Myisha Hines-Allen,away,1,,0,,339
401578551,Tianna Hawkins,away,2,,0,681.0,369|681
401578551,Elena Delle Donne,away,2,,0,919.0,755|919
401578551,Courtney Vandersloot,home,2,,0,950.0,899|950
401578551,Ariel Atkins,away,4,1958.0,0,1593.0,1041|1593|1958|2296
401578551,Sabrina Ionescu,home,3,2100.0,0,1918.0,1114|1918|2100
401578551,Jonquel Jones,home,2,,0,2283.0,1277|2283
401578551,Shatori Walker-Kimbrough,away,1,,0,,1665
401578552,Rhyne Howard,away,2,,0,1886.0,115|1886
401578552,Cheyenne Parker,away,5,1724.0,0,1132.0,188|1132|1724|1950|2301
401578552,Crystal Dangerfield,home,2,,0,334.0,196|334
401578552,Natasha Howard,home,2,,0,1938.0,210|1938
401578552,Monique Billings,away,2,,0,1615.0,244|1615
401578552,Aari McDonald,away,3,1199.9,1,728.0,552|728|1200
401578552,Kalani Brown,home,1,,0,,673
401578552,AD Durr,away,1,,0,,791
401578552,Teaira McCowan,home,3,2282.0,0,1920.0,853|1920|2282
401578552,Satou Sabally,home,4,2103.0,0,1189.0,1110|1189|2103|2160
401578552,Odyssey Sims,home,1,,0,,1313
401578552,Allisha Gray,away,3,2242.0,0,2232.0,1332|2232|2242
401578552,Arike Ogunbowale,home,3,2352.8,0,1932.0,1746|1932|2353
401578552,Danielle Robinson,away,1,,0,,2325
401578552,Rhyne Howard personal,away,1,,0,,2353
401578553,Natisha Hiedeman,home,1,,0,,29
401578553,Diamond Miller,away,3,1655.0,0,487.0,154|487|1655
401578553,Napheesa Collier,away,3,2148.0,0,1819.0,477|1819|2148
401578553,Bridget Carleton,away,2,,0,744.0,647|744
401578553,Rebecca Allen,home,1,,0,,671
401578553,Dorka Juhasz,away,3,1434.0,0,1358.0,826|1358|1434
401578553,Alyssa Thomas,home,3,1449.0,0,1243.0,1133|1243|1449
401578553,Tiffany Mitchell,away,3,1953.0,0,1376.0,1312|1376|1953
401578553,Tiffany Hayes,home,2,,0,1526.0,1490|1526
401578553,Kayla McBride,away,1,,0,,1607
401578553,DiJonai Carrington,home,2,,0,2192.0,2091|2192
401578553,Rachel Banham,away,1,,0,,2242
401578553,DeWanna Bonner,home,1,,0,,2268
401578554,Alanna Smith,away,1,,0,,70
401578554,Kahleah Copper,away,2,,0,1473.0,201|1473
401578554,A'ja Wilson,home,1,,0,,307
401578554,Courtney Williams,away,5,1005.0,1,842.0,381|842|1005|2056|2108
401578554,Marina Mabrey,away,3,2375.9,0,1562.0,521|1562|2376
401578554,Jackie Young,home,3,1700.0,0,1400.0,541|1400|1700
401578554,Sika Kone,away,2,,0,750.0,550|750
401578554,Chelsea Gray,home,1,,0,,696
401578554,Alysha Clark,home,4,1768.9,0,1557.0,1058|1557|1769|2188
401578554,Elizabeth Williams,away,2,,0,1358.0,1206|1358
401578554,Ruthy Hebard,away,1,,0,,1623
401578554,Kelsey Plum,home,3,2193.0,0,2171.0,1726|2171|2193
401578554,Dana Evans,away,2,,0,1938.0,1918|1938
401578554,Robyn Parks,away,1,,0,,1921
401578554,Alaina Coates,home,1,,0,,2261
401578554,Kierstan Bell,home,1,,0,,2296
401578555,Betnijah Laney,home,4,895.0,1,726.0,274|726|895|2010
401578555,Tianna Hawkins,away,2,,0,1123.0,313|1123
401578555,Jonquel Jones,home,4,1870.0,0,378.0,372|378|1870|2373
401578555,Ariel Atkins,away,3,858.0,1,519.0,454|519|858
401578555,Shatori Walker-Kimbrough,away,2,,0,1021.0,478|1021
401578555,Breanna Stewart,home,2,,0,1598.0,503|1598
401578555,Courtney Vandersloot,home,3,2654.9,0,1487.0,683|1487|2655
401578555,Myisha Hines-Allen,away,4,2204.0,0,1316.0,817|1316|2204|2389
401578555,Elena Delle Donne,away,2,,0,2498.0,1057|2498
401578555,Brittney Sykes,away,4,2416.0,0,1908.0,1197|1908|2416|2687
401578555,Natasha Cloud,away,5,1912.0,0,1548.0,1542|1548|1912|2091|2388
401578555,Stefanie Dolson,home,1,,0,,1683
401578555,Sabrina Ionescu,home,2,,0,2661.8,2314|2662
401578555,Elena Delle Donne personal,away,1,,0,,2689
401578556,Allisha Gray,away,1,,0,,233
401578556,Arike Ogunbowale,home,4,1223.0,0,1111.0,272|1111|1223|2082
401578556,Kalani Brown,home,2,,0,384.0,279|384
401578556,Monique Billings,away,2,,0,873.0,321|873
401578556,Teaira McCowan,home,1,,0,,927
401578556,Danielle Robinson,away,1,,0,,982
401578556,Cheyenne Parker,away,1,,0,,1116
401578556,Satou Sabally,home,2,,0,1462.0,1215|1462
401578556,Crystal Dangerfield,home,1,,0,,1219
401578556,Rhyne Howard,away,1,,0,,1479
401578556,Aari McDonald,away,2,,0,2208.0,1558|2208
401578556,Natasha Howard,home,2,,0,1959.0,1660|1959
401578556,Iliana Rupert,away,3,2238.0,0,2051.0,1875|2051|2238
401578556,Awak Kuier,home,1,,0,,2292
401578556,Maddy Siegrist,home,1,,0,,2317
401578556,AD Durr,away,1,,0,,2333
401578557,Natisha Hiedeman,away,1,,0,,110
401578557,Diamond Miller,home,3,2152.0,0,394.0,163|394|2152
401578557,Napheesa Collier,home,3,1625.0,0,361.0,227|361|1625
401578557,Rebecca Allen,away,2,,0,701.0,338|701
401578557,DeWanna Bonner,away,4,2194.0,0,560.0,417|560|2194|2323
401578557,Alyssa Thomas,away,4,2055.0,0,1212.0,433|1212|2055|2104
401578557,Rachel Banham,home,4,2024.0,0,565.9,510|566|2024|2318
401578557,Bridget Carleton,home,2,,0,798.0,513|798
401578557,Dorka Juhasz,home,1,,0,,681
401578557,Tyasha Harris,away,3,2126.0,0,1068.0,783|1068|2126
401578557,Tiffany Mitchell,home,1,,0,,791
401578557,Kayla McBride,home,1,,0,,1545
401578557,Rachel Banham personal,home,1,,0,,2361
401578561,DeWanna Bonner,away,2,,0,1900.0,76|1900
401578561,Tiffany Hayes,away,5,943.0,1,441.0,119|441|943|1509|1538
401578561,Courtney Vandersloot,home,2,,0,964.0,154|964
401578561,Jonquel Jones,home,4,1417.0,0,1367.0,227|1367|1417|1646
401578561,Tyasha Harris,away,1,,0,,561
401578561,Alyssa Thomas,away,3,1790.9,0,1415.0,934|1415|1791
401578561,Olivia Nelson-Ododa,away,3,1693.0,0,1042.0,982|1042|1693
401578561,Betnijah Laney,home,1,,0,,1082
401578561,Natisha Hiedeman,away,1,,0,,1415
401578561,Marine Johannes,home,1,,0,,1488
401578561,Breanna Stewart,home,1,,0,,1588
401578561,Sabrina Ionescu,home,1,,0,,2151
401578562,Teaira McCowan,away,5,1475.0,0,840.0,40|840|1475|2176|2231
401578562,A'ja Wilson,home,4,1889.0,0,1011.0,173|1011|1889|1899
401578562,Crystal Dangerfield,away,1,,0,,283
401578562,Alysha Clark,home,2,,0,1839.0,387|1839
401578562,Kalani Brown,away,2,,0,1647.0,673|1647
401578562,Kiah Stokes,home,1,,0,,866
401578562,Arike Ogunbowale,away,3,2297.0,0,1825.0,1163|1825|2297
401578562,Jackie Young,home,3,2088.0,0,1558.0,1229|1558|2088
401578562,Natasha Howard,away,2,,0,1954.0,1424|1954
401578562,Chelsea Gray,home,3,2313.0,0,1688.0,1659|1688|2313
401578562,Kelsey Plum,home,1,,0,,2133
401578563,DeWanna Bonner,away,3,2297.0,0,1598.0,87|1598|2297
401578563,Alyssa Thomas,away,3,2203.0,0,1170.8,154|1171|2203
401578563,Jonquel Jones,home,2,,0,1190.9,271|1191
401578563,Betnijah Laney,home,4,2170.0,0,1045.0,459|1045|2170|2255
401578563,Breanna Stewart,home,3,2118.0,0,1607.0,564|1607|2118
401578563,Tyasha Harris,away,3,1899.0,0,854.0,693|854|1899
401578563,Rebecca Allen,away,4,1310.0,0,970.0,821|970|1310|1880
401578563,Sabrina Ionescu,home,3,2371.9,0,2030.0,1725|2030|2372
401578563,Courtney Vandersloot,home,1,,0,,1745
401578563,Kayla Thornton,home,1,,0,,1770
401578563,Tiffany Hayes,away,1,,0,,2136
401578564,Teaira McCowan,away,3,2360.9,0,1315.0,40|1315|2361
401578564,Jackie Young,home,3,1762.9,0,210.0,149|210|1763
401578564,Chelsea Gray,home,3,2222.0,0,1599.0,189|1599|2222
401578564,A'ja Wilson,home,3,1504.0,0,306.0,222|306|1504
401578564,Natasha Howard,away,4,1135.0,1,464.0,243|464|1135|2321
401578564,Satou Sabally,away,3,1746.9,0,1522.0,490|1522|1747
401578564,Cayla George,home,2,,0,1811.0,565|1811
401578564,Maddy Siegrist,away,1,,0,,929
401578564,Arike Ogunbowale,away,2,,0,2378.9,1384|2379
401578564,Kelsey Plum,home,3,2251.0,0,1926.0,1581|1926|2251
401578564,Odyssey Sims,away,1,,0,,1618
401578564,Kiah Stokes,home,2,,0,2336.0,2089|2336
401578565,Courtney Vandersloot,away,3,2143.0,0,1917.0,39|1917|2143
401578565,Natisha Hiedeman,home,2,,0,195.0,84|195
401578565,Alyssa Thomas,home,2,,0,1861.0,128|1861
401578565,Tyasha Harris,home,3,1595.0,0,453.0,198|453|1595
401578565,Jonquel Jones,away,3,2251.0,0,1392.0,227|1392|2251
401578565,Olivia Nelson-Ododa,home,4,1763.9,0,888.0,288|888|1764|2110
401578565,DeWanna Bonner,home,2,,0,1651.0,437|1651
401578565,DiJonai Carrington,home,1,,0,,584
401578565,Kayla Thornton,away,2,,0,960.0,618|960
401578565,Tiffany Hayes,home,1,,0,,670
401578565,Stefanie Dolson,away,1,,0,,792
401578565,Marine Johannes,away,1,,0,,939
401578565,Sabrina Ionescu,away,1,,0,,1501
401578565,Breanna Stewart,away,1,,0,,1975
401578565,Jonquel Jones personal,away,1,,0,,2292
401578566,Satou Sabally,home,3,2218.0,0,577.9,213|578|2218
401578566,Kiah Stokes,away,3,1888.0,0,1439.0,278|1439|1888
401578566,Veronica Burton,home,4,1642.0,0,1148.0,565|1148|1642|2055
401578566,Kelsey Plum,away,2,,0,1815.0,682|1815
401578566,Alysha Clark,away,2,,0,1815.0,900|1815
401578566,Teaira McCowan,home,2,,0,2224.0,943|2224
401578566,Natasha Howard,home,3,1591.0,0,1449.0,1252|1449|1591
401578566,A'ja Wilson,away,2,,0,2255.0,1344|2255
401578566,Jackie Young,away,2,,0,1941.0,1358|1941
401578566,Satou Sabally personal,home,1,,0,,2211
401578566,Arike Ogunbowale,home,1,,0,,2295
401578566,Arike Ogunbowale personal,home,1,,0,,2398
401578567,Tiffany Hayes,home,4,2018.0,0,258.0,15|258|2018|2346
401578567,Jonquel Jones,away,3,1843.0,0,1317.0,284|1317|1843
401578567,Rebecca Allen,home,3,1170.9,1,647.0,518|647|1171
401578567,Natisha Hiedeman,home,1,,0,,537
401578567,Stefanie Dolson,away,1,,0,,821
401578567,Alyssa Thomas,home,4,2105.0,0,1099.0,930|1099|2105|2358
401578567,Breanna Stewart,away,3,1617.0,0,1313.0,1115|1313|1617
401578567,DeWanna Bonner,home,3,2307.0,0,1481.0,1301|1481|2307
401578567,Courtney Vandersloot,away,1,,0,,1468
401578567,DiJonai Carrington,home,1,,0,,1545
401578567,Tyasha Harris personal,home,1,,0,,1837
401578567,Olivia Nelson-Ododa,home,2,,0,1988.0,1932|1988
401578567,Betnijah Laney,away,1,,0,,1962
401578567,Sabrina Ionescu,away,2,,0,2352.9,2227|2353
401578567,DiJonai Carrington personal,home,2,,0,2394.0,2371|2394
401578567,Rebecca Allen personal,home,1,,0,,2384
401578571,Kelsey Plum,home,4,1321.0,0,786.0,257|786|1321|2121
401578571,Kiah Stokes,home,2,,0,1874.0,304|1874
401578571,Marine Johannes,away,2,,0,1813.0,455|1813
401578571,Alysha Clark,home,4,1705.0,0,1077.0,474|1077|1705|1760
401578571,A'ja Wilson,home,1,,0,,554
401578571,A'ja Wilson defensive 3-seconds (technical,home,1,,0,,664
401578571,Kayla Thornton,away,3,2320.0,0,1768.8,684|1769|2320
401578571,Kayla Thornton defensive 3-seconds (technical,away,1,,0,,745
401578571,Jonquel Jones,away,4,1459.0,0,941.0,782|941|1459|2051
401578571,Jonquel Jones defensive 3-seconds (technical,away,1,,0,,902
401578571,Courtney Vandersloot,away,4,1794.9,0,1011.0,924|1011|1795|1993
401578571,Betnijah Laney,away,1,,0,,1022
401578571,Jackie Young,home,3,1934.0,0,1423.0,1074|1423|1934
401578571,Sabrina Ionescu,away,3,2031.0,0,1291.0,1154|1291|2031
401578571,Breanna Stewart,away,1,,0,,1728
401578571,Chelsea Gray,home,1,,0,,2164
401578571,Becky Hammon,home,1,,0,,2222
401578571,Kierstan Bell,home,1,,0,,2342
401578572,Jonquel Jones,away,4,1957.0,0,402.0,156|402|1957|2118
401578572,Kayla Thornton,away,2,,0,2328.0,327|2328
401578572,Jackie Young,home,3,1101.0,1,580.0,344|580|1101
401578572,Alysha Clark,home,4,886.0,1,815.0,566|815|886|1775
401578572,Kiah Stokes,home,3,1283.0,0,1174.9,746|1175|1283
401578572,Sabrina Ionescu,away,2,,0,1303.0,914|1303
401578572,Chelsea Gray,home,2,,0,2192.0,1141|2192
401578572,Courtney Vandersloot,away,2,,0,2123.0,1324|2123
401578572,A'ja Wilson,home,2,,0,2166.0,1345|2166
401578572,Marine Johannes,away,2,,0,1625.0,1520|1625
401578572,Betnijah Laney,away,1,,0,,1737
401578572,Kelsey Plum,home,3,2084.0,0,2049.0,1934|2049|2084
401578572,Cayla George,home,1,,0,,2306
401578572,Jocelyn Willoughby,away,1,,0,,2359
401578573,Courtney Vandersloot,home,3,977.0,1,295.0,220|295|977
401578573,Jackie Young,away,2,,0,1422.0,363|1422
401578573,Chelsea Gray,away,1,,0,,371
401578573,Marine Johannes,home,2,,0,581.0,436|581
401578573,Kelsey Plum,away,5,1908.0,0,1301.0,458|1301|1908|1993|2379
401578573,Jonquel Jones,home,1,,0,,735
401578573,Kayla Thornton,home,2,,0,2111.0,803|2111
401578573,Breanna Stewart,home,4,2021.0,0,1549.0,933|1549|2021|2069
401578573,Alysha Clark,away,3,2258.0,0,1720.0,987|1720|2258
401578573,Betnijah Laney,home,2,,0,1379.0,1276|1379
401578573,A'ja Wilson,away,1,,0,,1498
401578573,Sabrina Ionescu,home,1,,0,,1866
401578573,Kierstan Bell,away,1,,0,,2194
401578573,Kiah Stokes,away,1,,0,,2225
401578573,Stefanie Dolson,home,1,,0,,2365
401578574,Kelsey Plum,away,1,,0,,171
401578574,Betnijah Laney,home,2,,0,2276.0,270|2276
401578574,Sabrina Ionescu,home,2,,0,2175.0,332|2175
401578574,A'ja Wilson,away,2,,0,524.0,415|524
401578574,Sydney Colson,away,5,781.0,1,671.0,559|671|781|1630|1798
401578574,Cayla George,away,2,,0,1178.9,622|1179
401578574,Jackie Young,away,1,,0,,637
401578574,Jonquel Jones,home,3,1720.0,0,889.0,697|889|1720
401578574,Courtney Vandersloot,home,1,,0,,908
401578574,Alysha Clark,away,3,2223.0,0,1843.0,1036|1843|2223
401578574,Marine Johannes,home,1,,0,,1601
401578574,Breanna Stewart,home,1,,0,,1781
401649378,Diamond DeShields,away,2,,0,214.0,147|214
401649378,Angel Reese,away,5,1186.9,1,993.0,210|993|1187|1377|2213
401649378,Diamond Miller,home,1,,0,,258
401649378,Chennedy Carter,away,3,1795.9,0,485.0,342|485|1796
401649378,Alissa Pili,home,1,,0,,367
401649378,Olivia Époupa,home,3,2077.0,0,747.0,600|747|2077
401649378,Ruthy Hebard,home,2,,0,869.0,759|869
401649378,Natisha Hiedeman,home,4,1580.0,0,1491.0,881|1491|1580|1697
401649378,Courtney Williams,home,3,1407.0,0,1340.0,1039|1340|1407
401649378,Kamilla Cardoso,away,1,,0,,1136
401649378,Marina Mabrey,away,1,,0,,1419
401649378,Taylor Soule,home,1,,0,,1750
401649378,Brynna Maxwell,away,1,,0,,1918
401649378,Michaela Onyenwere,away,2,,0,2198.0,1956|2198
401649378,Kayana Traylor,home,2,,0,2158.0,1974|2158
401649378,Camryn Taylor,home,3,2368.9,0,2238.0,2075|2238|2369
401649378,Kysre Gondrezick,away,1,,0,,2219
401649378,Kiki Jefferson,home,1,,0,,2262
401649378,Olivia Époupa defensive 3-seconds (technical,home,1,,0,,2288
401649378,Lindsay Allen,away,1,,0,,2334
401649378,Quinesha Lockett,home,1,,0,,2400
401653060,Caitlin Clark,away,4,1503.0,0,937.0,69|937|1503|1510
401653060,Aliyah Boston,away,3,1635.0,0,619.0,210|619|1635
401653060,Teaira McCowan,home,4,2068.0,0,991.0,285|991|2068|2132
401653060,Jacy Sheldon,home,3,1319.0,0,1104.0,290|1104|1319
401653060,Arike Ogunbowale,home,4,1985.0,0,1479.0,453|1479|1985|2248
401653060,Temi Fagbenle,away,1,,0,,497
401653060,Grace Berger,away,3,1520.0,0,549.0,505|549|1520
401653060,Emma Cannon,home,2,,0,1712.0,523|1712
401653060,Sevgi Uzun,home,3,2325.0,0,1545.0,541|1545|2325
401653060,Crystal Dangerfield,home,1,,0,,809
401653060,NaLyssa Smith,away,1,,0,,1251
401653060,Natasha Howard,home,2,,0,1671.0,1393|1671
401653060,Celeste Taylor,away,2,,0,1766.9,1579|1767
401653060,Victaria Saxton,away,3,1932.0,0,1896.0,1885|1896|1932
401653060,Erica Wheeler,away,1,,0,,2103
401653060,Jaelyn Brown,home,1,,0,,2261
401653060,Lexie Hull,away,1,,0,,2314
401653631,Cheyenne Parker-Tyus,home,3,786.0,1,176.0,17|176|786
401653631,Karlie Samuelson,away,2,,0,888.0,55|888
401653631,Ariel Atkins,away,2,,0,559.9,61|560
401653631,Tina Charles,home,4,704.0,1,141.0,89|141|704|950
401653631,Shatori Walker-Kimbrough,away,2,,0,1527.0,387|1527
401653631,Julie Vanloo,away,2,,0,2203.0,527|2203
401653631,Shakira Austin,away,1,,0,,646
401653631,Brittney Sykes,away,1,,0,,756
401653631,Allisha Gray,home,1,,0,,769
401653631,Haley Jones,home,1,,0,,902
401653631,Myisha Hines-Allen,away,1,,0,,1083
401653631,Destanni Henderson,home,1,,0,,1221
401653631,Aerial Powers,home,1,,0,,1339
401653631,Aaliyah Edwards,away,3,2075.0,0,1885.0,1613|1885|2075
401653631,Kaylynne Truong,away,2,,0,2133.0,1630|2133
401653631,Khaalia Hillsman,home,3,2015.0,0,1700.0,1642|1700|2015
401653631,Elizabeth Balogun,home,4,2334.0,0,2264.0,1654|2264|2334|2361
401653631,Queen Egbo,away,2,,0,1757.9,1758|1758
401653631,Khadijiah Cave,home,2,,0,1973.0,1926|1973
401653631,Elissa Cunane,away,2,,0,2397.0,2253|2397
401647556,Dearica Hamby,away,2,,0,1304.0,26|1304
401647556,Victoria Vivians defensive 3-seconds (technical,home,1,,0,,158
401647556,Aari McDonald,away,1,,0,,399
401647556,Li Yueru,away,4,2154.0,0,719.0,483|719|2154|2303
401647556,Nia Clouden,away,2,,0,2325.0,533|2325
401647556,Sami Whitcomb,home,1,,0,,590
401647556,Jade Melbourne,home,3,1561.0,0,661.0,596|661|1561
401647556,Jewell Loyd,home,1,,0,,642
401647556,Skylar Diggins-Smith,home,1,,0,,794
401647556,Zia Cooke,away,1,,0,,868
401647556,Cameron Brink,away,2,,0,1357.0,990|1357
401647556,Kaela Davis,home,1,,0,,1032
401647556,Kia Nurse,away,1,,0,,1056
401647556,Layshia Clarendon,away,1,,0,,1323
401647556,Mercedes Russell,home,1,,0,,1337
401647556,Dulcy Fankam Mendjiadeu,home,1,,0,,1408
401647556,Victoria Vivians,home,1,,0,,1701
401647556,Alaina Coates,home,3,2043.0,0,1900.0,1813|1900|2043
401647556,Lexie Brown,away,1,,0,,1829
401647556,Joyner Holmes,home,2,,0,1864.0,1852|1864
401647556,Kiana Williams,home,1,,0,,2393
401649379,Diamond DeShields,home,2,,0,1372.0,215|1372
401649379,Courtney Vandersloot,away,1,,0,,271
401649379,Angel Reese,home,1,,0,,310
401649379,Michaela Onyenwere,home,4,1408.0,0,455.0,313|455|1408|1576
401649379,Brianna Turner,home,2,,0,1037.0,543|1037
401649379,Lindsay Allen,home,1,,0,,681
401649379,Isabelle Harrison,home,3,1777.9,0,1656.0,684|1656|1778
401649379,Esmery Martinez,away,1,,0,,707
401649379,Kayla Thornton,away,2,,0,860.0,849|860
401649379,Elizabeth Williams,home,2,,0,2220.0,916|2220
401649379,Breanna Stewart,away,1,,0,,919
401649379,Teresa Weatherspoon,home,1,,0,,937
401649379,Marina Mabrey,home,1,,0,,965
401649379,Jonquel Jones,away,2,,0,1320.0,1002|1320
401649379,Chennedy Carter,home,2,,0,1669.0,1069|1669
401649379,Stephanie Mawuli,away,2,,0,2282.0,1121|2282
401649379,Sabrina Ionescu,away,1,,0,,1430
401649379,Jaylyn Sherrod,away,4,1600.0,0,1597.0,1587|1597|1600|1732
401649379,Marquesha Davis,away,1,,0,,1795
401649379,Okako Adika,away,2,,0,2236.0,2003|2236
401649380,Nneka Ogwumike,home,2,,0,1301.0,105|1301
401649380,Ezi Magbegor,home,2,,0,1399.0,122|1399
401649380,Brittney Griner,away,1,,0,,138
401649380,Kahleah Copper,away,2,,0,383.0,164|383
401649380,Sug Sutton,away,1,,0,,337
401649380,Bella Murekatete,away,6,589.0,1,478.0,388|478|589|1288|1857|1873
401649380,Mya Hollingshed,away,1,,0,,404
401649380,Jordan Horston,home,2,,0,1087.0,596|1087
401649380,Nika Muhl,home,3,2115.0,0,2077.0,600|2077|2115
401649380,Victoria Vivians,home,2,,0,1095.0,750|1095
401649380,Diana Taurasi,away,1,,0,,832
401649380,Sophie Cunningham,away,1,,0,,859
401649380,Skylar Diggins-Smith,home,2,,0,1350.0,925|1350
401649380,Amy Atwell,away,2,,0,1316.0,961|1316
401649380,Natasha Cloud,away,1,,0,,986
401649380,Bella Murekatete defensive 3-seconds (technical,away,1,,0,,993
401649380,Mercedes Russell,home,1,,0,,1149
401649380,Nate Tibbetts,away,1,,0,,1188
401649380,Christyn Williams,away,3,2032.0,0,1364.0,1253|1364|2032
401649380,Charisma Osborne,away,1,,0,,1427
401649380,Ariel Hearn,away,1,,0,,1702
401649380,Joyner Holmes,home,1,,0,,1821
401649380,Dulcy Fankam Mendjiadeu,home,1,,0,,1851
401649380,Jaz Shelley,away,1,,0,,2002
401649380,Kaela Davis,home,1,,0,,2263
401653632,Courtney Williams,away,1,,0,,148
401653632,Ariel Atkins,home,4,1586.0,0,228.0,167|228|1586|1844
401653632,Kayla McBride,away,1,,0,,252
401653632,Myisha Hines-Allen,home,2,,0,879.0,280|879
401653632,Diamond Miller,away,3,1459.0,0,1348.0,326|1348|1459
401653632,Alanna Smith,away,2,,0,1518.0,340|1518
401653632,Julie Vanloo,home,4,1748.8,0,1041.0,401|1041|1749|2288
401653632,Alissa Pili,away,3,1897.0,0,719.0,661|719|1897
401653632,Olivia Epoupa,away,1,,0,,683
401653632,DiDi Richards,home,2,,0,809.0,733|809
401653632,Aaliyah Edwards,home,3,1862.0,0,1831.0,745|1831|1862
401653632,Kayana Traylor,away,2,,0,886.0,756|886
401653632,Taylor Soule,away,2,,0,792.0,788|792
401653632,Napheesa Collier,away,2,,0,1780.0,893|1780
401653632,Karlie Samuelson,home,2,,0,1246.0,1200|1246
401653632,Shakira Austin,home,1,,0,,1259
401653632,Bridget Carleton,away,2,,0,1713.0,1357|1713
401653632,Natisha Hiedeman,away,2,,0,1855.0,1688|1855
401653632,Emily Engstler,home,3,2231.0,0,1937.0,1728|1937|2231
401653632,Quinesha Lockett,away,2,,0,2155.0,1955|2155
401653632,Shatori Walker-Kimbrough,home,1,,0,,2002
401653632,Camryn Taylor,away,3,2362.9,0,2219.0,2133|2219|2363
401653632,Honesty Scott-Grayson,home,2,,0,2320.0,2146|2320
401653632,Elissa Cunane,home,2,,0,2353.9,2262|2354
401653632,Jakia Brown-Turner,home,1,,0,,2391
401649560,Betnijah Laney-Hamilton,away,2,,0,129.0,97|129
401649560,Olivia Nelson-Ododa,home,4,1787.8,0,1114.0,422|1114|1788|1819
401649560,Ivana Dojkic,away,1,,0,,435
401649560,Breanna Stewart,away,1,,0,,468
401649560,Kayla Thornton,away,1,,0,,536
401649560,DeWanna Bonner,home,2,,0,1425.0,629|1425
401649560,Rachel Banham,home,1,,0,,819
401649560,DiJonai Carrington,home,2,,0,1340.0,1158|1340
401649560,Tyasha Harris,home,1,,0,,1388
401649560,Sabrina Ionescu,away,1,,0,,1564
401649560,Jonquel Jones,away,1,,0,,1620
401649560,Astou Ndour-Fall,home,1,,0,,1849
401649560,Esmery Martinez,away,1,,0,,1856
401649560,Taiyanna Jackson,home,1,,0,,2151
401649560,Brianna Fraser,away,3,2326.0,0,2233.0,2197|2233|2326
401649560,Okako Adika,away,1,,0,,2316
401649560,Jocelyn Willoughby personal,home,1,,0,,2389
401649560,Rachel Banham personal,home,1,,0,,2391
401653633,Tina Charles,away,2,,0,1526.0,63|1526
401653633,Caitlin Clark,home,2,,0,548.9,83|549
401653633,NaLyssa Smith,home,2,,0,2060.0,184|2060
401653633,Aliyah Boston,home,3,911.0,1,741.0,257|741|911
401653633,Destanni Henderson,away,1,,0,,333
401653633,Aerial Powers,away,5,1838.0,0,1572.0,378|1572|1838|2059|2239
401653633,Lexie Hull,home,2,,0,712.0,430|712
401653633,Nia Coffey,away,5,1168.9,1,507.0,436|507|1169|1739|2038
401653633,Naz Hillmon,away,3,1153.0,1,1084.0,476|1084|1153
401653633,Kristy Wallace,home,2,,0,1385.0,735|1385
401653633,Grace Berger,home,1,,0,,818
401653633,Katie Lou Samuelson,home,2,,0,2016.0,1322|2016
401653633,Allisha Gray,away,1,,0,,1353
401653633,Crystal Dangerfield,away,1,,0,,1491
401653633,Khadijiah Cave,away,1,,0,,1880
401653633,Celeste Taylor,home,1,,0,,1900
401653634,Cameron Brink,away,4,842.0,1,97.0,38|97|842|1369
401653634,Natasha Mack,home,4,1288.0,0,656.0,216|656|1288|1482
401653634,Kia Nurse,away,2,,0,1529.0,267|1529
401653634,Diana Taurasi,home,2,,0,626.0,278|626
401653634,Mikiah Herbert Harrigan,home,2,,0,1007.0,444|1007
401653634,Natasha Cloud,home,4,1280.0,0,1269.0,523|1269|1280|1513
401653634,Rebecca Allen,home,4,860.0,1,811.0,664|811|860|960
401653634,Monique Billings,away,3,2368.9,0,2204.0,876|2204|2369
401653634,Bella Murekatete,home,6,2000.0,0,1146.9,953|1147|2000|2008|2039|2102
401653634,Rae Burrell,away,1,,0,,1054
401653634,Layshia Clarendon,away,1,,0,,1395
401653634,Rickea Jackson,away,1,,0,,1588
401653634,Dearica Hamby,away,1,,0,,1728
401653634,Li Yueru,away,1,,0,,1787
401653634,Amy Atwell,home,2,,0,2312.0,1955|2312
401653634,Stephanie Talbot,away,2,,0,2329.0,2114|2329
401653634,Charisma Osborne,home,2,,0,2272.0,2128|2272
401653634,Ariel Hearn,home,2,,0,2332.0,2147|2332
401653634,Nia Clouden,away,1,,0,,2157
401653634,Mya Hollingshed,home,1,,0,,2374
401653736,Tayra Melendez,away,3,908.0,1,734.0,69|734|908
401653736,Kiah Stokes,home,1,,0,,119
401653736,Sydney Colson,home,2,,0,1589.0,402|1589
401653736,Brianna Jones,away,2,,0,1872.0,440|1872
401653736,Sofia Roma,away,3,1131.0,1,474.0,459|474|1131
401653736,Nairimar Vargas,away,2,,0,1649.0,553|1649
401653736,Megan Gustafson,home,2,,0,1745.9,558|1746
401653736,Ali Gibson,away,1,,0,,576
401653736,Trinity San Antonio,away,4,1718.0,0,1690.0,830|1690|1718|1864
401653736,Pamela Rosado,away,3,1313.0,0,1056.0,1056|1056|1313
401653736,Isalys Quinones,away,3,1840.0,0,1838.0,1473|1838|1840
401653736,Kelsey Plum,home,1,,0,,1477
401653736,Alana Smith,away,1,,0,,1541
401653736,Kate Martin,home,1,,0,,1974
401653736,Kierstan Bell,home,1,,0,,1995
401653736,Mariah Perez,away,1,,0,,2125
401653736,Emma Cannon,home,3,2356.0,0,2314.0,2232|2314|2356
401653736,Dyaisha Fair,home,1,,0,,2281
401620178,Breanna Stewart,away,3,2098.0,0,307.0,41|307|2098
401620178,Julie Vanloo,home,2,,0,1811.0,407|1811
401620178,Shatori Walker-Kimbrough,home,4,2384.9,0,1702.0,549|1702|2385|2400
401620178,Aaliyah Edwards,home,2,,0,1626.0,628|1626
401620178,Courtney Vandersloot,away,3,2015.0,0,1892.0,706|1892|2015
401620178,Leonie Fiebich,away,2,,0,1149.9,760|1150
401620178,Kennedy Burke,away,2,,0,1819.0,766|1819
401620178,Ivana Dojkic,away,1,,0,,839
401620178,Stefanie Dolson,home,2,,0,2175.0,896|2175
401620178,Myisha Hines-Allen,home,4,1913.0,0,953.0,929|953|1913|2065
401620178,Brittney Sykes,home,3,2080.0,0,983.0,948|983|2080
401620178,Betnijah Laney-Hamilton,away,2,,0,2030.0,1022|2030
401620178,Karlie Samuelson,home,2,,0,1591.0,1232|1591
401620178,Ariel Atkins,home,1,,0,,1239
401620178,Sabrina Ionescu,away,3,1500.0,0,1453.0,1259|1453|1500
401620178,Nyara Sabally,away,1,,0,,1678
401620178,Jonquel Jones,away,1,,0,,2357
401620219,Caitlin Clark,away,4,1471.0,0,291.0,107|291|1471|2210
401620219,DeWanna Bonner,home,3,2086.0,0,751.0,269|751|2086
401620219,Olivia Nelson-Ododa,home,3,1759.0,0,1617.0,357|1617|1759
401620219,NaLyssa Smith,away,3,1183.0,1,522.0,374|522|1183
401620219,Aliyah Boston defensive 3-seconds (technical,away,1,,0,,387
401620219,Temi Fagbenle,away,4,596.0,1,408.0,387|408|596|1771
401620219,Tyasha Harris,home,3,1263.0,0,982.0,514|982|1263
401620219,Tiffany Mitchell,home,2,,0,1783.0,572|1783
401620219,Aliyah Boston,away,3,883.0,1,819.0,616|819|883
401620219,Brionna Jones,home,1,,0,,698
401620219,DiJonai Carrington,home,2,,0,1489.0,774|1489
401620219,Astou Ndour-Fall,home,1,,0,,895
401620219,Rachel Banham,home,3,1539.0,0,1135.0,1099|1135|1539
401620219,Katie Lou Samuelson,away,2,,0,2318.0,1289|2318
401620219,Kelsey Mitchell,away,1,,0,,1722
401620219,Grace Berger,away,3,2094.0,0,2003.0,1944|2003|2094
401620219,Erica Wheeler,away,1,,0,,1966
401620219,Alyssa Thomas,home,1,,0,,2160
401620219,Moriah Jefferson,home,1,,0,,2174
401620220,Kelsey Plum,home,2,,0,2180.0,136|2180
401620220,Natasha Mack,away,3,1508.0,0,1457.0,252|1457|1508
401620220,Rebecca Allen,away,3,1840.0,0,1017.0,314|1017|1840
401620220,Megan Gustafson,home,3,1582.0,0,1120.0,416|1120|1582
401620220,A'ja Wilson,home,2,,0,1407.0,442|1407
401620220,Diana Taurasi,away,5,1863.0,0,665.0,555|665|1863|2132|2224
401620220,Sophie Cunningham,away,4,2172.0,0,1627.0,573|1627|2172|2337
401620220,Kahleah Copper,away,5,2016.0,0,1957.0,974|1957|2016|2387|2391
401620220,Kiah Stokes,home,1,,0,,980
401620220,Natasha Cloud,away,1,,0,,1488
401620220,Alysha Clark,home,1,,0,,1814
401620220,Sug Sutton,away,2,,0,1910.0,1834|1910
401620220,Sydney Colson,home,2,,0,2184.0,1876|2184
401620220,Jackie Young,home,1,,0,,2269
401620221,Jewell Loyd,home,1,,0,,30
401620221,Alanna Smith,away,4,1626.0,0,848.0,44|848|1626|2160
401620221,Napheesa Collier,away,3,1047.0,1,318.0,81|318|1047
401620221,Diamond Miller,away,1,,0,,111
401620221,Nneka Ogwumike,home,3,1710.0,0,235.0,209|235|1710
401620221,Courtney Williams,away,2,,0,2268.0,345|2268
401620221,Jordan Horston defensive 3-seconds (technical,home,1,,0,,363
401620221,Natisha Hiedeman,away,1,,0,,431
401620221,Alissa Pili,away,2,,0,1791.0,512|1791
401620221,Ezi Magbegor,home,2,,0,2191.0,743|2191
401620221,Kiana Williams,home,1,,0,,855
401620221,Kayla McBride,away,2,,0,2267.0,930|2267
401620221,Victoria Vivians,home,1,,0,,1021
401620221,Skylar Diggins-Smith defensive 3-seconds (technical,home,1,,0,,1113
401620221,Skylar Diggins-Smith,home,3,1923.0,0,1887.0,1173|1887|1923
401620221,Mercedes Russell,home,1,,0,,1812
401620222,Teaira McCowan,home,3,1984.0,0,1888.0,32|1888|1984
401620222,Angel Reese,away,4,1379.0,0,431.0,126|431|1379|2314
401620222,Maddy Siegrist,home,2,,0,422.0,213|422
401620222,Diamond DeShields,away,1,,0,,232
401620222,Jacy Sheldon,home,3,1576.0,0,599.9,337|600|1576
401620222,Kalani Brown,home,2,,0,1518.0,482|1518
401620222,Chennedy Carter,away,3,1904.0,0,1498.0,583|1498|1904
401620222,Natasha Howard,home,3,1963.0,0,1113.0,700|1113|1963
401620222,Dana Evans,away,1,,0,,725
401620222,Elizabeth Williams,away,3,2046.0,0,1416.0,822|1416|2046
401620222,Sevgi Uzun,home,2,,0,1951.0,943|1951
401620222,Arike Ogunbowale,home,3,2065.0,0,1107.0,1004|1107|2065
401620222,Brianna Turner,away,3,1870.0,0,1761.9,1070|1762|1870
401620222,Marina Mabrey,away,1,,0,,1193
401620222,Michaela Onyenwere,away,2,,0,1673.0,1635|1673
401620222,Jaelyn Brown,home,1,,0,,2204
401620223,Cameron Brink,home,5,1227.0,0,201.0,77|201|1227|1407|2224
401620223,Layshia Clarendon,home,1,,0,,141
401620223,Cheyenne Parker-Tyus,away,3,2253.0,0,2192.0,154|2192|2253
401620223,Rickea Jackson,home,1,,0,,208
401620223,Haley Jones,away,3,2272.0,0,1147.0,290|1147|2272
401620223,Nia Coffey,away,4,1709.0,0,1519.0,458|1519|1709|1718
401620223,Dearica Hamby,home,3,1623.0,0,1357.0,562|1357|1623
401620223,Aari McDonald,home,1,,0,,613
401620223,Li Yueru,home,1,,0,,699
401620223,Aerial Powers,away,2,,0,1969.0,835|1969
401620223,Rhyne Howard,away,2,,0,1164.0,1052|1164
401620223,Tina Charles,away,2,,0,2205.0,1275|2205
401620223,Naz Hillmon,away,1,,0,,1346
401620223,Allisha Gray,away,2,,0,2082.0,1469|2082
401620223,Rae Burrell,home,1,,0,,1922
401620223,Crystal Dangerfield,away,1,,0,,2055
401620223,Lexie Brown,home,1,,0,,2353
401620223,Layshia Clarendon personal,home,1,,0,,2355
401620223,Lexie Brown personal,home,1,,0,,2364
401620223,Kia Nurse personal,home,1,,0,,2372
401620224,Aliyah Boston,home,3,2105.0,0,1366.0,222|1366|2105
401620224,Betnijah Laney-Hamilton,away,2,,0,1279.0,235|1279
401620224,Caitlin Clark,home,5,1194.0,1,1049.0,254|1049|1194|1229|1951
401620224,Jonquel Jones,away,2,,0,381.0,272|381
401620224,NaLyssa Smith,home,2,,0,1432.0,316|1432
401620224,Temi Fagbenle,home,2,,0,1087.0,564|1087
401620224,Ivana Dojkic,away,4,2265.0,0,1606.0,725|1606|2265|2343
401620224,Erica Wheeler,home,1,,0,,845
401620224,Sabrina Ionescu,away,1,,0,,883
401620224,Kelsey Mitchell,home,1,,0,,896
401620224,Katie Lou Samuelson,home,2,,0,1073.0,939|1073
401620224,Lexie Hull,home,1,,0,,1524
401620224,Breanna Stewart,away,3,1964.0,0,1765.9,1570|1766|1964
401620224,Leonie Fiebich,away,2,,0,1736.0,1655|1736
401620224,Grace Berger,home,3,2252.0,0,2214.0,1881|2214|2252
401620224,Kennedy Burke,away,2,,0,2123.0,2080|2123
401620224,Kayla Thornton,away,1,,0,,2329
401620225,Shakira Austin,away,3,1111.0,1,684.0,104|684|1111
401620225,Tyasha Harris,home,3,2175.0,0,1946.0,251|1946|2175
401620225,Karlie Samuelson,away,3,1668.0,0,1493.0,260|1493|1668
401620225,Stefanie Dolson,away,3,1474.0,0,1317.0,304|1317|1474
401620225,DiJonai Carrington,home,2,,0,1678.0,313|1678
401620225,Alyssa Thomas,home,4,1235.0,0,623.0,341|623|1235|2195
401620225,Brittney Sykes,away,1,,0,,357
401620225,Moriah Jefferson,home,2,,0,1177.8,498|1178
401620225,Tiffany Mitchell,home,1,,0,,589
401620225,Shatori Walker-Kimbrough,away,1,,0,,612
401620225,Rachel Banham,home,2,,0,1600.0,727|1600
401620225,Myisha Hines-Allen,away,3,1529.0,0,978.0,956|978|1529
401620225,Ariel Atkins,away,3,1327.0,0,1260.0,1040|1260|1327
401620225,Brionna Jones,home,4,1989.0,0,1902.0,1398|1902|1989|2290
401620225,DeWanna Bonner,home,2,,0,2141.0,1410|2141
401620225,Olivia Nelson-Ododa,home,2,,0,2086.0,1521|2086
401620225,Aaliyah Edwards,away,2,,0,1939.0,1918|1939
401620225,Julie Vanloo,away,1,,0,,2304
401620225,Ariel Atkins personal,away,1,,0,,2387
401620226,Ezi Magbegor,away,4,1014.0,1,940.0,275|940|1014|2057
401620226,Bridget Carleton,home,3,2185.0,0,1557.0,333|1557|2185
401620226,Napheesa Collier,home,5,2290.0,0,1461.0,439|1461|2290|2322|2340
401620226,Kayla McBride,home,4,2122.0,0,1060.0,528|1060|2122|2385
401620226,Skylar Diggins-Smith,away,4,2768.0,0,2143.0,677|2143|2768|2966
401620226,Jewell Loyd,away,5,2198.0,0,1982.0,742|1982|2198|2434|2641
401620226,Victoria Vivians,away,2,,0,1314.0,847|1314
401620226,Alanna Smith,home,4,2661.9,0,2596.0,927|2596|2662|2791
401620226,Nneka Ogwumike,away,4,1345.0,0,1197.0,1024|1197|1345|2698
401620226,Courtney Williams,home,2,,0,2607.0,1159|2607
401620226,Natisha Hiedeman,home,1,,0,,1176
401620226,Diamond Miller,home,1,,0,,1257
401620226,Sami Whitcomb,away,3,2935.0,0,2867.0,1565|2867|2935
401620226,Jordan Horston,away,1,,0,,1693
401620226,Alissa Pili,home,1,,0,,1817
401620226,Mercedes Russell,away,1,,0,,1887
401620226,Jewell Loyd personal,away,1,,0,,2376
401620227,Aliyah Boston,away,5,1581.0,0,580.0,256|580|1581|1905|1956
401620227,Caitlin Clark,away,3,2335.0,0,1094.0,326|1094|2335
401620227,Jonquel Jones,home,2,,0,1980.0,436|1980
401620227,Temi Fagbenle,away,5,1160.8,1,674.0,470|674|1161|1808|1863
401620227,Courtney Vandersloot,home,1,,0,,599
401620227,Leonie Fiebich,home,4,2181.0,0,2099.0,853|2099|2181|2290
401620227,Nyara Sabally,home,1,,0,,1194
401620227,Betnijah Laney-Hamilton,home,2,,0,2226.0,1362|2226
401620227,NaLyssa Smith,away,2,,0,2005.0,1446|2005
401620227,Kristy Wallace,away,1,,0,,1653
401620227,Ivana Dojkic,home,1,,0,,1722
401620227,Breanna Stewart,home,1,,0,,1840
401620228,Jackie Young,home,2,,0,1508.0,14|1508
401620228,Cameron Brink,away,4,1155.9,1,1029.0,113|1029|1156|1379
401620228,Alysha Clark,home,3,1511.0,0,888.0,248|888|1511
401620228,Layshia Clarendon,away,3,1283.0,0,1135.0,329|1135|1283
401620228,Dearica Hamby,away,3,1444.0,0,956.0,341|956|1444
401620228,Megan Gustafson,home,2,,0,1959.0,408|1959
401620228,Li Yueru,away,2,,0,1185.9,487|1186
401620228,A'ja Wilson,home,3,2090.0,0,1391.0,515|1391|2090
401620228,Aari McDonald,away,1,,0,,617
401620228,Kelsey Plum,home,2,,0,1268.0,952|1268
401620228,Kate Martin,home,2,,0,2355.0,1156|2355
401620228,Lexie Brown,away,3,1742.0,0,1496.0,1254|1496|1742
401620228,Alysha Clark defensive 3-seconds (technical,home,1,,0,,1595
401620228,Zia Cooke,away,1,,0,,1795
401620228,Kia Nurse,away,1,,0,,2030
401620229,Stephanie Soares,home,3,2011.0,0,1469.0,134|1469|2011
401620229,Teaira McCowan,home,4,2109.0,0,883.0,244|883|2109|2109
401620229,Maddy Siegrist,home,1,,0,,286
401620229,Brianna Turner,away,3,1546.0,0,426.0,305|426|1546
401620229,Angel Reese,away,4,798.0,1,764.0,339|764|798|1420
401620229,Monique Billings,home,2,,0,2170.0,449|2170
401620229,Chennedy Carter,away,5,2171.0,0,2094.0,472|2094|2171|2183|2215
401620229,Lou Lopez Senechal,home,3,946.0,1,488.0,482|488|946
401620229,Michaela Onyenwere,away,2,,0,670.0,599|670
401620229,Elizabeth Williams,away,4,1274.0,0,810.0,706|810|1274|1431
401620229,Sevgi Uzun,home,2,,0,1371.0,716|1371
401620229,Arike Ogunbowale,home,3,2331.0,0,1987.0,833|1987|2331
401620229,Dana Evans,away,1,,0,,978
401620229,Marina Mabrey,away,4,1560.0,0,1337.0,1036|1337|1560|2051
401620229,Diamond DeShields,away,2,,0,1102.0,1102|1102
401620229,Kalani Brown,home,3,2004.0,0,1958.0,1688|1958|2004
401620229,Jacy Sheldon,home,2,,0,2357.0,2156|2357
401620230,Rebecca Allen,home,1,,0,,11
401620230,Cheyenne Parker-Tyus,away,4,2156.0,0,396.0,32|396|2156|2160
401620230,Haley Jones,away,4,1216.0,0,989.0,62|989|1216|1307
401620230,Tina Charles,away,4,662.0,1,353.0,209|353|662|2317
401620230,Kahleah Copper,home,4,1296.0,0,1137.0,219|1137|1296|2272
401620230,Liz Dixon,home,2,,0,374.0,222|374
401620230,Natasha Cloud,home,5,1590.0,0,1231.0,449|1231|1590|1661|1958
401620230,Sug Sutton,home,2,,0,1797.9,507|1798
401620230,Naz Hillmon,away,2,,0,1425.0,517|1425
401620230,Rhyne Howard,away,4,1841.0,0,923.0,530|923|1841|2306
401620230,Allisha Gray,away,1,,0,,725
401620230,Diana Taurasi,home,2,,0,1148.9,811|1149
401620230,Natasha Mack defensive 3-seconds (technical,home,1,,0,,938
401620230,Natasha Mack,home,1,,0,,1447
401620230,Aerial Powers,away,1,,0,,1731
401620230,Sophie Cunningham,home,3,2149.0,0,2110.0,1763|2110|2149
401620230,Morgan Bertsch,home,2,,0,1897.0,1895|1897
401620230,Crystal Dangerfield,away,1,,0,,2258
401620231,Victoria Vivians,away,3,2231.0,0,2104.0,95|2104|2231
401620231,Ariel Atkins,home,4,1677.0,0,1324.0,118|1324|1677|1728
401620231,Mercedes Russell,away,5,1249.0,0,1006.0,207|1006|1249|1561|2117
401620231,Ezi Magbegor,away,3,1693.0,0,1514.0,222|1514|1693
401620231,Aaliyah Edwards,home,5,1994.0,0,421.0,273|421|1994|2049|2220
401620231,Jordan Horston,away,3,1773.9,0,1738.0,328|1738|1774
401620231,Shatori Walker-Kimbrough,home,2,,0,1745.9,358|1746
401620231,Skylar Diggins-Smith,away,3,2001.0,0,997.0,438|997|2001
401620231,Eric Thibault,home,1,,0,,845
401620231,Emily Engstler,home,1,,0,,904
401620231,Karlie Samuelson,home,1,,0,,972
401620231,Julie Vanloo,home,5,1262.0,0,1199.8,1052|1200|1262|2242|2323
401620231,Dulcy Fankam Mendjiadeu,away,1,,0,,1113
401620231,Jewell Loyd,away,2,,0,1288.0,1154|1288
401620231,Stefanie Dolson,home,3,2286.0,0,1892.0,1406|1892|2286
401620231,Aaliyah Edwards defensive 3-seconds (technical,home,1,,0,,1636
401620231,DiDi Richards,home,2,,0,1964.0,1650|1964
401620232,Caitlin Clark,home,6,2148.0,0,1232.0,14|1232|2148|2183|2183|2229
401620232,DeWanna Bonner,away,2,,0,512.0,36|512
401620232,Kelsey Mitchell,home,3,1506.0,0,856.0,202|856|1506
401620232,Aliyah Boston,home,4,1212.0,0,991.0,203|991|1212|1933
401620232,DiJonai Carrington,away,4,1992.0,0,1085.0,326|1085|1992|2099
401620232,Temi Fagbenle,home,3,2388.9,0,1756.9,335|1757|2389
401620232,Erica Wheeler,home,3,2065.0,0,1525.0,398|1525|2065
401620232,NaLyssa Smith,home,3,2058.0,0,567.9,431|568|2058
401620232,Alyssa Thomas,away,3,1932.0,0,1735.0,630|1735|1932
401620232,Kristy Wallace,home,2,,0,1909.0,707|1909
401620232,Olivia Nelson-Ododa,away,2,,0,1186.9,1059|1187
401620232,Moriah Jefferson,away,1,,0,,1702
401620232,Tyasha Harris,away,1,,0,,1849
401620232,Temi Fagbenle personal,home,1,,0,,2395
401620233,Courtney Vandersloot,home,4,1242.0,0,237.0,26|237|1242|1373
401620233,Sami Whitcomb,away,4,2052.0,0,1981.0,411|1981|2052|2111
401620233,Nyara Sabally,home,2,,0,1633.0,434|1633
401620233,Jordan Horston,away,3,2237.0,0,1858.0,570|1858|2237
401620233,Leonie Fiebich,home,2,,0,1890.0,659|1890
401620233,Dulcy Fankam Mendjiadeu,away,4,1775.9,0,730.0,694|730|1776|2309
401620233,Breanna Stewart,home,1,,0,,816
401620233,Skylar Diggins-Smith,away,3,1933.0,0,1381.0,865|1381|1933
401620233,Victoria Vivians,away,2,,0,1316.0,904|1316
401620233,Ezi Magbegor,away,4,1433.0,0,1329.0,912|1329|1433|2033
401620233,Jonquel Jones,home,2,,0,1509.0,970|1509
401620233,Jewell Loyd,away,1,,0,,1136
401620233,Kayla Thornton,home,1,,0,,1500
401620233,Betnijah Laney-Hamilton,home,1,,0,,1832
401620233,Mercedes Russell,away,2,,0,2151.0,1864|2151
401620234,Kalani Brown,away,3,1044.0,1,106.0,33|106|1044
401620234,Tina Charles,home,2,,0,2315.0,56|2315
401620234,Monique Billings,away,4,1435.0,0,1033.0,254|1033|1435|1740
401620234,Haley Jones,home,3,891.0,1,301.0,289|301|891
401620234,Teaira McCowan,away,4,1227.0,0,1080.0,447|1080|1227|2387
401620234,Aerial Powers,home,3,1110.0,1,995.0,469|995|1110
401620234,Allisha Gray,home,2,,0,2119.0,497|2119
401620234,Cheyenne Parker-Tyus,home,5,1385.0,0,633.0,612|633|1385|1539|2360
401620234,Naz Hillmon,home,2,,0,1612.0,905|1612
401620234,Lou Lopez Senechal,away,1,,0,,929
401620234,Crystal Dangerfield,home,1,,0,,962
401620234,Arike Ogunbowale,away,2,,0,2300.0,1199|2300
401620234,Maddy Siegrist,away,3,2160.0,0,2157.0,1468|2157|2160
401620234,Jacy Sheldon,away,2,,0,2294.0,1582|2294
401620234,Sevgi Uzun,away,1,,0,,1720
401620234,Rhyne Howard,home,2,,0,2244.0,2178|2244
401620235,Natasha Cloud,away,2,,0,274.0,29|274
401620235,Kelsey Plum,home,4,1642.0,0,1060.0,382|1060|1642|2375
401620235,Kate Martin,home,4,1814.0,0,539.0,519|539|1814|2399
401620235,Kiah Stokes,home,3,2228.0,0,907.0,652|907|2228
401620235,Sydney Colson,home,1,,0,,689
401620235,Diana Taurasi,away,2,,0,1451.0,705|1451
401620235,Rebecca Allen,away,3,2180.0,0,2016.0,740|2016|2180
401620235,A'ja Wilson,home,2,,0,1522.0,889|1522
401620235,Kahleah Copper,away,3,2007.0,0,1270.0,975|1270|2007
401620235,Jackie Young,home,2,,0,2372.9,1129|2373
401620235,Morgan Bertsch,away,1,,0,,1165
401620235,Alysha Clark,home,2,,0,2384.0,1559|2384
401620235,Sophie Cunningham,away,1,,0,,1865
401620235,Sug Sutton,away,1,,0,,2039
401620235,Liz Dixon,away,1,,0,,2047
401620235,Natasha Mack,away,1,,0,,2083
401620236,Kia Nurse,home,3,1703.0,0,415.0,134|415|1703
401620236,Dearica Hamby,home,3,2082.0,0,1088.0,283|1088|2082
401620236,Aaliyah Edwards,away,4,1442.0,0,807.0,307|807|1442|1568
401620236,Shakira Austin defensive 3-seconds (technical,away,1,,0,,677
401620236,Lexie Brown,home,3,1908.0,0,1340.0,738|1340|1908
401620236,Stefanie Dolson,away,4,1345.0,0,1308.0,893|1308|1345|2101
401620236,Julie Vanloo,away,2,,0,1503.0,941|1503
401620236,Layshia Clarendon,home,2,,0,1439.0,982|1439
401620236,Rickea Jackson,home,3,1477.0,0,1170.0,1067|1170|1477
401620236,Ariel Atkins defensive 3-seconds (technical,away,1,,0,,1139
401620236,Cameron Brink,home,3,2274.0,0,2122.0,1629|2122|2274
401620236,Ariel Atkins,away,2,,0,2141.0,1673|2141
401620236,Shakira Austin,away,1,,0,,1953
401620236,Karlie Samuelson,away,1,,0,,1993
401620236,Ariel Atkins personal,away,3,2392.9,0,2385.9,2385|2386|2393
401620237,Aliyah Boston,away,4,862.0,1,854.0,243|854|862|1341
401620237,Nneka Ogwumike,home,2,,0,1895.0,307|1895
401620237,Temi Fagbenle,away,6,1794.9,0,1428.0,343|1428|1795|1916|2051|2355
401620237,Ezi Magbegor,home,4,1310.0,0,714.0,411|714|1310|2120
401620237,Erica Wheeler,away,1,,0,,420
401620237,Sami Whitcomb,home,3,2388.9,0,2290.0,668|2290|2389
401620237,Jewell Loyd,home,2,,0,1641.0,730|1641
401620237,Lexie Hull,away,4,2207.0,0,1744.8,741|1745|2207|2387
401620237,Jordan Horston,home,5,1321.0,0,1068.0,914|1068|1321|1406|2261
401620237,Kelsey Mitchell,away,1,,0,,2128
401620237,Kristy Wallace,away,1,,0,,2398
401620238,Rachel Banham,home,3,1656.0,0,1421.0,277|1421|1656
401620238,Alanna Smith,away,6,1251.0,0,645.0,300|645|1251|1532|1965|2237
401620238,Diamond Miller,away,2,,0,1111.0,329|1111
401620238,Alyssa Thomas,home,3,1911.0,0,1248.0,438|1248|1911
401620238,Alissa Pili,away,1,,0,,573
401620238,Bridget Carleton,away,2,,0,2646.0,686|2646
401620238,Courtney Williams,away,2,,0,1287.0,765|1287
401620238,Napheesa Collier,away,3,2692.9,0,2323.0,948|2323|2693
401620238,Tyasha Harris,home,5,2270.0,0,1294.0,1024|1294|2270|2451|2464
401620238,Natisha Hiedeman,away,2,,0,1305.0,1239|1305
401620238,Brionna Jones,home,4,2502.0,0,2368.0,1329|2368|2502|2664
401620238,DeWanna Bonner,home,2,,0,1580.0,1440|1580
401620238,Cecilia Zandalasini,away,1,,0,,1941
401620239,Jonquel Jones,home,4,1304.0,0,827.0,106|827|1304|1949
401620239,Dana Evans,away,2,,0,1846.0,297|1846
401620239,Angel Reese,away,3,1401.0,0,981.0,340|981|1401
401620239,Sabrina Ionescu,home,1,,0,,387
401620239,Lindsay Allen,away,3,1640.0,0,1547.0,395|1547|1640
401620239,Brianna Turner,away,2,,0,1476.0,546|1476
401620239,Kennedy Burke,home,1,,0,,782
401620239,Leonie Fiebich,home,1,,0,,877
401620239,Marina Mabrey,away,1,,0,,988
401620239,Breanna Stewart,home,1,,0,,1009
401620239,Betnijah Laney-Hamilton,home,5,1986.0,0,1751.8,1131|1752|1986|2114|2329
401620239,Kayla Thornton,home,1,,0,,1146
401620239,Michaela Onyenwere,away,1,,0,,1221
401620239,Elizabeth Williams,away,3,2053.0,0,1955.0,1276|1955|2053
401620239,Nyara Sabally,home,1,,0,,1317
401620239,Chennedy Carter,away,3,1777.0,0,1593.0,1506|1593|1777
401620239,Courtney Vandersloot,home,1,,0,,2262
401620240,Shakira Austin,away,3,2353.0,0,1184.9,42|1185|2353
401620240,Karlie Samuelson,away,3,518.0,1,251.0,102|251|518
401620240,Julie Vanloo,away,3,2334.0,0,1328.0,184|1328|2334
401620240,Liz Dixon,home,1,,0,,280
401620240,Aaliyah Edwards,away,2,,0,1742.9,450|1743
401620240,Ariel Atkins,away,4,2383.0,0,735.0,467|735|2383|2396
401620240,Natasha Cloud,home,4,2186.0,0,575.9,484|576|2186|2342
401620240,Sug Sutton,home,1,,0,,508
401620240,Sophie Cunningham,home,5,1711.0,0,1663.0,614|1663|1711|2048|2350
401620240,DiDi Richards,away,1,,0,,626
401620240,Mikiah Herbert Harrigan,home,1,,0,,666
401620240,Morgan Bertsch,home,1,,0,,831
401620240,Stefanie Dolson,away,4,1476.0,0,1362.0,899|1362|1476|1510
401620240,Kahleah Copper,home,5,1288.0,0,1243.0,982|1243|1288|1794|2260
401620240,Diana Taurasi,home,1,,0,,1371
401620240,Natasha Mack,home,1,,0,,2239
401620240,Shatori Walker-Kimbrough,away,1,,0,,2249
401620241,Dearica Hamby,home,3,2265.0,0,1709.0,53|1709|2265
401620241,NaLyssa Smith,away,3,958.0,1,889.0,297|889|958
401620241,Kelsey Mitchell,away,1,,0,,304
401620241,Temi Fagbenle,away,3,1961.0,0,1113.0,387|1113|1961
401620241,Rickea Jackson,home,3,1079.0,1,505.0,442|505|1079
401620241,Katie Lou Samuelson,away,2,,0,668.0,576|668
401620241,Cameron Brink,home,4,1351.0,0,784.0,702|784|1351|2287
401620241,Aliyah Boston,away,4,1662.0,0,1039.0,738|1039|1662|1800
401620241,Layshia Clarendon,home,1,,0,,920
401620241,Kristy Wallace,away,2,,0,2197.0,1170|2197
401620241,Li Yueru,home,1,,0,,1178
401620241,Caitlin Clark,away,2,,0,1363.0,1178|1363
401620241,Kia Nurse,home,2,,0,2216.0,1314|2216
401620241,Aari McDonald,home,2,,0,1749.0,1747|1749
401620241,Kia Nurse personal,home,1,,0,,2386
401620241,Lexie Brown personal,home,1,,0,,2388
401620242,Alanna Smith,home,3,864.0,1,289.0,260|289|864
401620242,Breanna Stewart,away,2,,0,1483.0,371|1483
401620242,Dorka Juhasz,home,1,,0,,432
401620242,Sabrina Ionescu,away,1,,0,,661
401620242,Kennedy Burke,away,1,,0,,766
401620242,Jonquel Jones,away,5,1428.0,0,785.0,777|785|1428|1894|2207
401620242,Sika Kone,home,1,,0,,811
401620242,Napheesa Collier,home,3,2037.0,0,1197.9,1056|1198|2037
401620242,Bridget Carleton,home,1,,0,,1108
401620242,Cecilia Zandalasini,home,1,,0,,1394
401620242,Kayla McBride,home,2,,0,1560.0,1460|1560
401620242,Courtney Williams,home,2,,0,1770.9,1643|1771
401620242,Leonie Fiebich,away,2,,0,2164.0,1985|2164
401620242,Natisha Hiedeman,home,1,,0,,2073
401620242,Alissa Pili,home,1,,0,,2354
401620243,Marina Mabrey,home,2,,0,1039.0,52|1039
401620243,DeWanna Bonner,away,2,,0,152.0,89|152
401620243,Tyasha Harris,away,3,1811.0,0,1397.0,256|1397|1811
401620243,Olivia Nelson-Ododa,away,4,1729.0,0,1120.0,308|1120|1729|2334
401620243,Lindsay Allen,home,1,,0,,317
401620243,Chennedy Carter,home,6,824.0,1,624.0,460|624|824|1647|1719|1868
401620243,Rachel Banham,away,1,,0,,712
401620243,Michaela Onyenwere,home,5,1687.0,0,750.0,740|750|1687|2116|2388
401620243,Tiffany Mitchell,away,2,,0,1843.0,792|1843
401620243,Diamond DeShields,home,2,,0,988.0,881|988
401620243,Astou Ndour-Fall,away,1,,0,,901
401620243,Angel Reese,home,3,2372.9,0,2014.0,921|2014|2373
401620243,DiJonai Carrington,away,1,,0,,952
401620243,Dana Evans,home,2,,0,1852.0,1150|1852
401620243,Elizabeth Williams,home,2,,0,1677.0,1326|1677
401620243,Alyssa Thomas,away,1,,0,,1579
401620243,Brionna Jones,away,1,,0,,1885
401620243,Marina Mabrey personal,home,1,,0,,2390
401620244,Kiah Stokes,home,2,,0,354.0,102|354
401620244,Aliyah Boston,away,1,,0,,110
401620244,Caitlin Clark,away,2,,0,2137.0,173|2137
401620244,Kelsey Mitchell,away,1,,0,,199
401620244,Temi Fagbenle,away,4,1267.0,0,1138.0,223|1138|1267|1571
401620244,Alysha Clark,home,2,,0,719.0,645|719
401620244,Jackie Young,home,2,,0,998.0,903|998
401620244,Katie Lou Samuelson,away,1,,0,,1048
401620244,Lexie Hull,away,3,2377.9,0,1738.0,1145|1738|2378
401620244,Kelsey Plum,home,3,1961.0,0,1926.0,1302|1926|1961
401620244,A'ja Wilson clear path,home,1,,0,,1441
401620244,NaLyssa Smith,away,3,1865.0,0,1630.0,1565|1630|1865
401620244,Sydney Colson,home,1,,0,,1949
401620244,Megan Gustafson,home,3,2281.0,0,2236.0,2224|2236|2281
401620244,Celeste Taylor,away,1,,0,,2320
401620245,Ariel Atkins,away,4,1398.0,0,1303.0,73|1303|1398|1850
401620245,Jewell Loyd,home,3,1676.0,0,859.0,83|859|1676
401620245,Skylar Diggins-Smith,home,4,964.0,1,811.0,152|811|964|1436
401620245,Nneka Ogwumike,home,2,,0,1888.0,156|1888
401620245,Julie Vanloo,away,2,,0,1419.0,214|1419
401620245,Aaliyah Edwards,away,2,,0,1331.0,502|1331
401620245,Myisha Hines-Allen,away,3,1110.0,1,890.0,529|890|1110
401620245,Sami Whitcomb,home,2,,0,660.0,559|660
401620245,Karlie Samuelson,away,1,,0,,998
401620245,Kiana Williams,home,1,,0,,1197
401620245,Victoria Vivians,home,2,,0,1536.0,1249|1536
401620245,Ezi Magbegor,home,3,1754.0,0,1443.0,1368|1443|1754
401620245,Mercedes Russell,home,1,,0,,2117
401620245,Nika Muhl,home,1,,0,,2212
401620245,Emily Engstler,away,2,,0,2376.9,2327|2377
401620245,DiDi Richards,away,1,,0,,2350
401620246,Rebecca Allen,home,3,1081.0,1,755.0,176|755|1081
401620246,Natasha Mack,home,1,,0,,245
401620246,Monique Billings,away,3,1617.0,0,1534.0,686|1534|1617
401620246,Liz Dixon,home,1,,0,,846
401620246,Jacy Sheldon,away,2,,0,1846.0,1002|1846
401620246,Teaira McCowan,away,1,,0,,1039
401620246,Sophie Cunningham,home,1,,0,,1092
401620246,Natasha Cloud,home,4,2200.0,0,1382.0,1110|1382|2200|2365
401620246,Arike Ogunbowale,away,1,,0,,1128
401620246,Maddy Siegrist,away,2,,0,2249.0,1300|2249
401620246,Sevgi Uzun,away,3,2167.0,0,2050.0,1432|2050|2167
401620246,Diana Taurasi,home,3,2200.0,0,1980.0,1561|1980|2200
401620246,Kalani Brown,away,2,,0,2189.0,1582|2189
401620246,Sug Sutton,home,1,,0,,1940
401620246,Kahleah Copper,home,3,2365.0,0,2229.0,2159|2229|2365
401620247,Haley Jones,home,2,,0,987.0,143|987
401620247,Cheyenne Parker-Tyus,home,6,927.0,1,510.0,260|510|927|1706|2252|2353
401620247,Bridget Carleton,away,4,890.0,1,365.0,341|365|890|2369
401620247,Napheesa Collier,away,2,,0,1738.0,431|1738
401620247,Crystal Dangerfield,home,1,,0,,448
401620247,Cecilia Zandalasini,away,1,,0,,487
401620247,Allisha Gray,home,3,1878.0,0,588.9,544|589|1878
401620247,Aerial Powers,home,1,,0,,752
401620247,Courtney Williams,away,3,2115.0,0,1226.0,849|1226|2115
401620247,Natisha Hiedeman,away,1,,0,,910
401620247,Alanna Smith,away,4,1494.0,0,1390.0,1010|1390|1494|1581
401620247,Rhyne Howard,home,2,,0,1755.0,1026|1755
401620247,Dorka Juhasz,away,2,,0,1938.0,1645|1938
401620248,Lexie Brown,home,1,,0,,109
401620248,Layshia Clarendon,home,1,,0,,175
401620248,Cameron Brink,home,5,974.0,1,447.0,218|447|974|1472|2276
401620248,Arike Ogunbowale,away,1,,0,,339
401620248,Jacy Sheldon,away,1,,0,,458
401620248,Monique Billings,away,2,,0,2032.0,513|2032
401620248,Stephanie Soares,away,3,1525.0,0,791.0,586|791|1525
401620248,Zia Cooke,home,1,,0,,600
401620248,Aari McDonald,home,1,,0,,760
401620248,Teaira McCowan,away,4,1765.9,0,1496.0,817|1496|1766|2134
401620248,Rickea Jackson,home,2,,0,1438.0,965|1438
401620248,Li Yueru,home,4,1924.0,0,1179.0,1011|1179|1924|2216
401620248,Curt Miller,home,1,,0,,1028
401620248,Kalani Brown,away,3,2290.0,0,1144.9,1048|1145|2290
401620248,Sevgi Uzun,away,2,,0,1483.0,1056|1483
401620248,Dearica Hamby,home,1,,0,,2102
401620248,Rickea Jackson personal,home,1,,0,,2383
401620248,Lexie Brown personal,home,1,,0,,2384
401620249,Kahleah Copper clear path,away,1,,0,,203
401620249,Natasha Cloud,away,3,1106.0,1,406.0,360|406|1106
401620249,Moriah Jefferson,home,3,1703.0,0,567.0,368|567|1703
401620249,Liz Dixon defensive 3-seconds (technical,away,1,,0,,581
401620249,Diana Taurasi,away,4,1817.0,0,1687.0,609|1687|1817|1828
401620249,Tiffany Mitchell,home,1,,0,,626
401620249,Brionna Jones,home,2,,0,1359.0,635|1359
401620249,Liz Dixon,away,2,,0,2308.0,771|2308
401620249,Tyasha Harris,home,2,,0,1543.0,848|1543
401620249,DiJonai Carrington,home,1,,0,,915
401620249,Natasha Mack,away,2,,0,1972.0,987|1972
401620249,Olivia Nelson-Ododa,home,1,,0,,1164
401620249,Rachel Banham,home,3,2208.0,0,1999.0,1707|1999|2208
401620249,Astou Ndour-Fall,home,3,2248.0,0,2179.0,2177|2179|2248
401620249,Morgan Bertsch,away,1,,0,,2227
401620249,Queen Egbo,home,1,,0,,2317
401620250,Aliyah Boston,home,5,1007.0,1,130.0,15|130|1007|1434|1921
401620250,Kia Nurse,away,5,2221.0,0,881.0,94|881|2221|2340|2376
401620250,Kristy Wallace,home,3,2378.9,0,1027.0,147|1027|2379
401620250,Cameron Brink,away,3,2038.0,0,983.0,190|983|2038
401620250,Kelsey Mitchell,home,1,,0,,260
401620250,Erica Wheeler,home,2,,0,575.0,455|575
401620250,Zia Cooke,away,1,,0,,488
401620250,Li Yueru,away,2,,0,1950.0,517|1950
401620250,Lexie Hull,home,2,,0,2387.0,598|2387
401620250,Caitlin Clark,home,6,1814.0,0,762.0,598|762|1814|1946|2023|2287
401620250,Aari McDonald,away,2,,0,2165.0,632|2165
401620250,Katie Lou Samuelson,home,1,,0,,723
401620250,Rickea Jackson,away,1,,0,,945
401620250,NaLyssa Smith,home,1,,0,,1086
401620250,Temi Fagbenle,home,5,1366.0,0,1350.0,1241|1350|1366|1824|2372
401620250,Stephanie Talbot,away,1,,0,,1614
401620250,Dearica Hamby,away,4,2094.0,0,1862.0,1844|1862|2094|2278
401620250,Rae Burrell,away,1,,0,,2177
401620250,Temi Fagbenle personal,home,1,,0,,2397
401620251,Elizabeth Williams,home,1,,0,,233
401620251,Sami Whitcomb,away,1,,0,,473
401620251,Jewell Loyd,away,2,,0,2066.0,563|2066
401620251,Skylar Diggins-Smith,away,4,1690.0,0,1399.0,682|1399|1690|1987
401620251,Brianna Turner,home,1,,0,,719
401620251,Dana Evans,home,3,1931.0,0,1421.0,880|1421|1931
401620251,Marina Mabrey,home,4,1344.0,0,1198.9,946|1199|1344|2229
401620251,Diamond DeShields,home,3,2134.0,0,1321.0,972|1321|2134
401620251,Angel Reese,home,2,,0,2329.0,1042|2329
401620251,Chennedy Carter,home,1,,0,,1585
401620251,Lindsay Allen,home,2,,0,2338.0,1650|2338
401620251,Jordan Horston,away,1,,0,,1660
401620251,Michaela Onyenwere,home,1,,0,,1746
401620251,Victoria Vivians,away,3,2035.0,0,1951.0,1881|1951|2035
401620251,Ezi Magbegor,away,3,2216.0,0,2168.0,1916|2168|2216
401620251,Nneka Ogwumike,away,1,,0,,2046
401620252,Kahleah Copper,away,4,2044.0,0,247.0,86|247|2044|2286
401620252,Jonquel Jones,home,3,2226.0,0,892.0,112|892|2226
401620252,Diana Taurasi,away,2,,0,2211.0,325|2211
401620252,Liz Dixon,away,2,,0,1587.0,338|1587
401620252,Sabrina Ionescu,home,3,2114.0,0,1635.0,522|1635|2114
401620252,Morgan Bertsch,away,2,,0,2015.0,537|2015
401620252,Leonie Fiebich,home,1,,0,,615
401620252,Sophie Cunningham,away,1,,0,,1309
401620252,Natasha Cloud,away,4,2375.9,0,2038.0,1516|2038|2376|2386
401620252,Sug Sutton,away,2,,0,1818.0,1581|1818
401620252,Breanna Stewart,home,2,,0,1855.0,1600|1855
401620252,Betnijah Laney-Hamilton,home,4,2097.0,0,1996.0,1880|1996|2097|2383
401620252,Double,away,1,,0,,2034
401620252,Natasha Mack,away,1,,0,,2331
401620253,Shakira Austin,home,4,1518.0,0,1279.0,149|1279|1518|1859
401620253,Haley Jones,away,3,935.0,1,700.0,197|700|935
401620253,Allisha Gray,away,5,1736.0,0,1153.0,241|1153|1736|2376|2384
401620253,Aaliyah Edwards,home,4,921.0,1,444.0,249|444|921|2194
401620253,Rhyne Howard,away,1,,0,,317
401620253,Crystal Dangerfield,away,2,,0,598.9,407|599
401620253,Myisha Hines-Allen,home,1,,0,,516
401620253,Tina Charles,away,2,,0,1215.0,847|1215
401620253,Stefanie Dolson,home,2,,0,2010.0,1056|2010
401620253,Cheyenne Parker-Tyus,away,3,2248.0,0,2172.0,1395|2172|2248
401620253,Jade Melbourne,home,2,,0,1619.0,1555|1619
401620253,Lorela Cubaj,away,1,,0,,1749
401620253,Julie Vanloo,home,1,,0,,1912
401620253,Ariel Atkins,home,1,,0,,1976
401620253,Aerial Powers,away,1,,0,,2056
401620253,Karlie Samuelson,home,2,,0,2371.8,2362|2372
401620254,Courtney Williams,home,2,,0,1799.9,81|1800
401620254,Bridget Carleton,home,4,1118.0,1,574.9,225|575|1118|2038
401620254,Kiah Stokes,away,1,,0,,239
401620254,Alysha Clark,away,3,1761.9,0,1618.0,405|1618|1762
401620254,Natisha Hiedeman,home,1,,0,,650
401620254,Dorka Juhasz,home,2,,0,1001.0,883|1001
401620254,Alysha Clark defensive 3-seconds (technical,away,1,,0,,1018
401620254,A'ja Wilson,away,2,,0,1448.0,1023|1448
401620254,Alanna Smith,home,1,,0,,1161
401620254,Napheesa Collier,home,5,1726.0,0,1626.0,1338|1626|1726|1954|2350
401620254,Kelsey Plum,away,3,2216.0,0,2165.0,1353|2165|2216
401620254,Jackie Young,away,2,,0,2276.0,1638|2276
401620254,Megan Gustafson,away,1,,0,,1659
401620254,Cecilia Zandalasini,home,1,,0,,1731
401620255,Nneka Ogwumike,away,2,,0,1196.0,29|1196
401620255,Caitlin Clark,home,2,,0,1841.0,99|1841
401620255,Aliyah Boston,home,3,1364.0,0,885.0,193|885|1364
401620255,Victoria Vivians,away,1,,0,,221
401620255,NaLyssa Smith,home,2,,0,1244.0,312|1244
401620255,Lexie Hull,home,2,,0,427.0,397|427
401620255,Ezi Magbegor,away,5,1448.0,0,1328.0,529|1328|1448|1831|2084
401620255,Sami Whitcomb,away,6,1453.0,0,682.0,614|682|1453|2142|2196|2274
401620255,Grace Berger,home,3,1665.0,0,868.0,703|868|1665
401620255,Double,away,1,,0,,853
401620255,Kelsey Mitchell,home,1,,0,,1270
401620255,Kristy Wallace,home,1,,0,,1543
401620255,Katie Lou Samuelson,home,1,,0,,1630
401620255,Mercedes Russell,away,3,2353.0,0,1677.0,1647|1677|2353
401620255,Christie Sides,home,1,,0,,1652
401620255,Jordan Horston,away,1,,0,,1851
401620255,Skylar Diggins-Smith,away,1,,0,,2115
401620255,Nika Muhl,away,3,2380.9,0,2365.9,2167|2366|2381
401620256,Elizabeth Williams,home,2,,0,2073.0,251|2073
401620256,Angel Reese,home,5,1321.0,0,936.0,292|936|1321|1330|1898
401620256,Lexie Brown,away,3,979.0,1,918.0,376|918|979
401620256,Marina Mabrey,home,4,1226.0,0,815.0,522|815|1226|1642
401620256,Aari McDonald,away,1,,0,,538
401620256,Isabelle Harrison,home,1,,0,,578
401620256,Zia Cooke,away,3,1822.0,0,1732.0,822|1732|1822
401620256,Diamond DeShields,home,3,2029.0,0,1258.0,845|1258|2029
401620256,Rae Burrell,away,2,,0,1811.0,851|1811
401620256,Cameron Brink,away,4,2043.0,0,1247.0,1053|1247|2043|2207
401620256,Chennedy Carter,home,4,1716.0,0,1658.0,1141|1658|1716|2264
401620256,Brianna Turner,home,1,,0,,1497
401620256,Michaela Onyenwere,home,1,,0,,1689
401620256,Lindsay Allen,home,2,,0,2372.9,1749|2373
401620256,Rickea Jackson,away,1,,0,,1967
401620256,Dana Evans,home,1,,0,,2024
401620256,Kysre Gondrezick,home,2,,0,2385.0,2340|2385
401620256,Kia Nurse personal,away,1,,0,,2377
401620257,Kiah Stokes,away,4,1948.0,0,1037.0,59|1037|1948|2016
401620257,Cheyenne Parker-Tyus defensive 3-seconds (technical,home,1,,0,,196
401620257,Tina Charles,home,4,1486.0,0,912.0,283|912|1486|2132
401620257,Allisha Gray,home,2,,0,809.0,324|809
401620257,Kelsey Plum,away,3,1691.0,0,783.0,344|783|1691
401620257,Jackie Young,away,4,1331.0,0,1097.0,347|1097|1331|1795
401620257,Kate Martin,away,4,1767.9,0,1473.0,514|1473|1768|2089
401620257,Crystal Dangerfield,home,1,,0,,617
401620257,Megan Gustafson,away,2,,0,1878.0,633|1878
401620257,A'ja Wilson,away,2,,0,2338.0,870|2338
401620257,Aerial Powers,home,3,2315.0,0,1642.0,1052|1642|2315
401620257,Cheyenne Parker-Tyus,home,3,2247.0,0,2108.0,1286|2108|2247
401620257,Alysha Clark,away,4,2122.0,0,1932.0,1351|1932|2122|2374
401620257,Haley Jones,home,2,,0,1798.0,1453|1798
401620257,Nia Coffey,home,1,,0,,1655
401620257,Double,home,1,,0,,2247
401620257,Rhyne Howard,home,1,,0,,2284
401620257,Alysha Clark personal,away,1,,0,,2380
401620257,Kelsey Plum personal,away,1,,0,,2384
401620258,DiJonai Carrington,home,1,,0,,111
401620258,Teaira McCowan,away,1,,0,,218
401620258,DeWanna Bonner,home,1,,0,,403
401620258,Tiffany Mitchell,home,2,,0,1185.9,487|1186
401620258,Stephanie Soares,away,2,,0,2330.0,519|2330
401620258,Lou Lopez Senechal,away,1,,0,,537
401620258,Kalani Brown,away,1,,0,,556
401620258,Maddy Siegrist,away,5,974.0,1,873.0,722|873|974|2132|2378
401620258,Monique Billings,away,6,1090.0,1,937.0,761|937|1090|1461|1818|2178
401620258,Alyssa Thomas,home,1,,0,,915
401620258,Brionna Jones,home,4,1863.0,0,1592.0,1067|1592|1863|2274
401620258,Jacy Sheldon,away,1,,0,,1123
401620258,Rachel Banham,home,2,,0,1682.0,1515|1682
401620258,Olivia Nelson-Ododa,home,1,,0,,1647
401620258,Arike Ogunbowale,away,2,,0,1836.0,1784|1836
401620258,Sevgi Uzun,away,3,2398.8,0,2058.0,1945|2058|2399
401620259,Ariel Atkins,away,3,2284.0,0,166.0,72|166|2284
401620259,Julie Vanloo,away,2,,0,1738.0,90|1738
401620259,Betnijah Laney-Hamilton,home,2,,0,918.0,104|918
401620259,Stefanie Dolson,away,5,840.0,1,794.0,345|794|840|1499|2324
401620259,Myisha Hines-Allen,away,4,2134.0,0,1545.0,350|1545|2134|2142
401620259,Leonie Fiebich,home,2,,0,508.0,452|508
401620259,Nyara Sabally,home,2,,0,1001.0,500|1001
401620259,Sabrina Ionescu,home,2,,0,1183.0,584|1183
401620259,Marquesha Davis,home,2,,0,738.0,685|738
401620259,Ivana Dojkic,home,2,,0,755.0,714|755
401620259,Shakira Austin,away,3,2361.0,0,1244.0,761|1244|2361
401620259,Karlie Samuelson,away,3,1626.0,0,941.0,932|941|1626
401620259,Aaliyah Edwards,away,2,,0,1136.0,1009|1136
401620259,Jade Melbourne,away,3,1967.0,0,1895.0,1233|1895|1967
401620259,Kayla Thornton,home,3,2160.0,0,1616.0,1255|1616|2160
401620259,Jonquel Jones,home,3,2149.0,0,2092.0,1607|2092|2149
401620259,Breanna Stewart,home,4,2333.0,0,1951.0,1678|1951|2333|2356
401620259,Shatori Walker-Kimbrough,away,2,,0,2383.0,1775|2383
401620260,Sophie Cunningham,away,2,,0,152.0,42|152
401620260,Natasha Cloud,away,3,2048.0,0,1715.0,57|1715|2048
401620260,Diana Taurasi,away,4,1513.0,0,1210.0,510|1210|1513|1701
401620260,Cecilia Zandalasini,home,2,,0,2218.0,569|2218
401620260,Sug Sutton,away,1,,0,,837
401620260,Bridget Carleton,home,3,1813.0,0,1446.0,896|1446|1813
401620260,Courtney Williams,home,2,,0,1551.0,1156|1551
401620260,Kahleah Copper,away,2,,0,1992.0,1388|1992
401620260,Kayla McBride,home,2,,0,1537.0,1402|1537
401620260,Napheesa Collier,home,2,,0,2009.0,1483|2009
401620260,Liz Dixon,away,1,,0,,1672
401620260,Morgan Bertsch,away,1,,0,,1691
401620260,Natisha Hiedeman,home,1,,0,,1945
401620260,Alissa Pili,home,2,,0,2028.0,1949|2028
401620260,Olivia Epoupa,home,1,,0,,2060
401620261,Michaela Onyenwere,away,1,,0,,295
401620261,Elizabeth Williams,away,4,1976.0,0,1412.0,360|1412|1976|2045
401620261,Angel Reese,away,2,,0,1922.0,436|1922
401620261,Caitlin Clark,home,2,,0,1898.0,477|1898
401620261,Kamilla Cardoso,away,5,1733.0,0,1544.0,499|1544|1733|2131|2321
401620261,Aliyah Boston,home,5,1645.0,0,950.0,636|950|1645|1716|2068
401620261,Erica Wheeler,home,2,,0,2355.0,676|2355
401620261,Chennedy Carter,away,2,,0,2141.0,761|2141
401620261,NaLyssa Smith,home,5,1835.0,0,931.0,808|931|1835|2161|2394
401620261,Kelsey Mitchell,home,2,,0,1974.0,1301|1974
401620261,Kristy Wallace,home,2,,0,1359.0,1330|1359
401620261,Dana Evans,away,1,,0,,1502
401620261,Marina Mabrey,away,1,,0,,1633
401620261,Chennedy Carter away from play flagrent,away,1,,0,,1785
401620262,Alyssa Thomas,away,1,,0,,123
401620262,Cheyenne Parker-Tyus,home,5,1009.0,1,653.0,164|653|1009|1280|2031
401620262,Haley Jones,home,1,,0,,220
401620262,Nia Coffey,home,2,,0,1573.0,330|1573
401620262,DeWanna Bonner,away,4,1236.0,0,1067.0,519|1067|1236|1338
401620262,Aerial Powers,home,4,1987.0,0,868.0,634|868|1987|2261
401620262,Tiffany Mitchell,away,1,,0,,693
401620262,Tina Charles,home,2,,0,1443.0,757|1443
401620262,Rhyne Howard,home,1,,0,,808
401620262,DiJonai Carrington,away,4,1542.0,0,1411.0,1108|1411|1542|2044
401620262,Brionna Jones,away,1,,0,,1184
401620262,Olivia Nelson-Ododa,away,4,2288.0,0,1704.0,1478|1704|2288|2323
401620262,Rachel Banham,away,2,,0,1672.0,1616|1672
401620262,Laeticia Amihere,home,1,,0,,2259
401620265,Kahleah Copper,home,4,485.0,1,469.0,134|469|485|2124
401620265,Natasha Mack,home,2,,0,195.0,144|195
401620265,Lexie Brown,away,2,,0,818.0,383|818
401620265,Aari McDonald,away,3,1382.0,0,495.0,440|495|1382
401620265,Mikiah Herbert Harrigan,home,1,,0,,504
401620265,Rae Burrell,away,2,,0,2267.0,806|2267
401620265,Natasha Cloud,home,2,,0,2051.0,905|2051
401620265,Liz Dixon defensive 3-seconds (technical,home,1,,0,,1028
401620265,Li Yueru,away,2,,0,1167.9,1058|1168
401620265,Natasha Mack defensive 3-seconds (technical,home,1,,0,,1231
401620265,Diana Taurasi,home,4,1972.0,0,1778.9,1240|1779|1972|2135
401620265,Sophie Cunningham,home,4,1942.0,0,1485.0,1245|1485|1942|2023
401620265,Rickea Jackson,away,2,,0,1362.0,1260|1362
401620265,Dearica Hamby,away,2,,0,1557.0,1499|1557
401620265,Cameron Brink,away,5,1798.0,0,1741.0,1514|1741|1798|1813|2349
401620265,Sug Sutton,home,1,,0,,1838
401620265,Stephanie Talbot,away,2,,0,2243.0,1913|2243
401620265,Kia Nurse,away,2,,0,2224.0,2191|2224
401620265,Zia Cooke,away,1,,0,,2347
401620263,Kelsey Mitchell,away,1,,0,,97
401620263,Kristy Wallace,away,2,,0,1534.0,232|1534
401620263,Courtney Vandersloot,home,2,,0,731.0,316|731
401620263,Breanna Stewart,home,4,934.0,1,570.9,503|571|934|1627
401620263,Katie Lou Samuelson,away,2,,0,1726.0,514|1726
401620263,Katie Lou Samuelson defensive 3-seconds (technical,away,1,,0,,524
401620263,Kayla Thornton,home,2,,0,658.0,652|658
401620263,NaLyssa Smith,away,4,1811.0,0,1495.0,682|1495|1811|2173
401620263,Grace Berger,away,2,,0,2052.0,710|2052
401620263,Erica Wheeler,away,2,,0,960.0,833|960
401620263,Sabrina Ionescu,home,2,,0,2074.0,842|2074
401620263,Caitlin Clark,away,2,,0,1504.0,1198|1504
401620263,Kennedy Burke,home,1,,0,,1718
401620263,Kayla Thornton defensive 3-seconds (technical,home,1,,0,,2011
401620263,Leonie Fiebich,home,2,,0,2131.0,2067|2131
401620263,Lexie Hull,away,2,,0,2325.0,2173|2325
401620263,Ivana Dojkic,home,2,,0,2240.0,2178|2240
401620263,Grace Berger personal,away,1,,0,,2242
401620264,Napheesa Collier,home,1,,0,,577
401620264,Dorka Juhasz,home,2,,0,1617.0,671|1617
401620264,Bridget Carleton,home,2,,0,1188.9,732|1189
401620264,Cecilia Zandalasini,home,5,2048.0,0,896.0,751|896|2048|2124|2248
401620264,Monique Billings,away,1,,0,,830
401620264,Sevgi Uzun,away,4,1939.0,0,1418.0,1002|1418|1939|1947
401620264,Jacy Sheldon,away,1,,0,,1133
401620264,Arike Ogunbowale,away,3,1912.0,0,1443.0,1383|1443|1912
401620264,Alanna Smith,home,2,,0,1426.0,1397|1426
401620264,Courtney Williams,home,3,1539.0,0,1514.0,1484|1514|1539
401620264,Cheryl Reeve,home,1,,0,,1539
401620264,Monique Billings defensive 3-seconds (technical,away,1,,0,,1652
401620264,Teaira McCowan,away,1,,0,,1683
401620264,Stephanie Soares,away,1,,0,,2024
401620264,Maddy Siegrist,away,1,,0,,2104
401620264,Olivia Epoupa,home,1,,0,,2175
401620264,Kayla McBride,home,1,,0,,2222
401620264,Arike Ogunbowale personal,away,1,,0,,2376
401620266,Aaliyah Edwards,away,2,,0,972.0,30|972
401620266,Brionna Jones,home,4,1524.0,0,1372.0,182|1372|1524|2089
401620266,Ariel Atkins,away,2,,0,1511.0,297|1511
401620266,Alyssa Thomas,home,2,,0,1378.0,441|1378
401620266,Myisha Hines-Allen,away,6,1592.0,0,665.0,458|665|1592|1943|1960|2239
401620266,Olivia Nelson-Ododa,home,4,1645.0,0,1003.0,495|1003|1645|1797
401620266,Tiffany Mitchell,home,1,,0,,578
401620266,Tyasha Harris,home,1,,0,,673
401620266,DiJonai Carrington,home,2,,0,2058.0,817|2058
401620266,Emily Engstler,away,2,,0,940.0,856|940
401620266,Stefanie Dolson,away,2,,0,1874.0,958|1874
401620266,Karlie Samuelson,away,4,2178.0,0,1581.0,1404|1581|2178|2355
401620266,Jade Melbourne,away,3,1732.0,0,1701.0,1636|1701|1732
401620266,DeWanna Bonner,home,1,,0,,1820
401620266,Julie Vanloo,away,1,,0,,2106
401620267,Jonquel Jones,away,5,691.0,1,627.0,137|627|691|1624|2344
401620267,Marina Mabrey,home,3,2242.0,0,1349.0,242|1349|2242
401620267,Angel Reese,home,7,823.0,1,804.0,319|804|823|1768|2249|2249|2249
401620267,Kayla Thornton,away,3,1747.0,0,577.8,441|578|1747
401620267,Sabrina Ionescu,away,1,,0,,445
401620267,Chennedy Carter,home,3,1893.0,0,731.0,471|731|1893
401620267,Kamilla Cardoso,home,1,,0,,562
401620267,Leonie Fiebich,away,3,1180.9,1,1138.0,611|1138|1181
401620267,Breanna Stewart,away,2,,0,2075.0,701|2075
401620267,Courtney Vandersloot,away,3,1250.0,0,1199.9,952|1200|1250
401620267,Betnijah Laney-Hamilton,away,4,1514.0,0,1072.0,982|1072|1514|1980
401620267,Lindsay Allen,home,3,1196.0,1,1064.0,1025|1064|1196
401620267,Double,away,1,,0,,1514
401620267,Diamond DeShields,home,2,,0,2285.0,1536|2285
401620267,Kennedy Burke,away,1,,0,,1686
401620268,Natasha Cloud,away,4,926.0,1,844.0,123|844|926|1534
401620268,Natasha Mack,away,1,,0,,207
401620268,Sophie Cunningham,away,2,,0,947.0,220|947
401620268,Ezi Magbegor,home,2,,0,970.0,378|970
401620268,Joyner Holmes,home,3,1945.0,0,1626.0,567|1626|1945
401620268,Skylar Diggins-Smith,home,2,,0,995.0,646|995
401620268,Sug Sutton,away,2,,0,1536.0,686|1536
401620268,Morgan Bertsch,away,2,,0,899.0,799|899
401620268,Liz Dixon,away,1,,0,,831
401620268,Kahleah Copper,away,2,,0,1795.9,995|1796
401620268,Mercedes Russell,home,2,,0,1146.9,1136|1147
401620268,Sami Whitcomb,home,1,,0,,1169
401620268,Victoria Vivians,home,2,,0,2131.0,1323|2131
401620268,Jewell Loyd,home,1,,0,,1393
401620268,Diana Taurasi,away,3,2239.0,0,2001.0,1534|2001|2239
401620268,Jordan Horston,home,2,,0,1986.0,1705|1986
401620269,Sevgi Uzun,home,2,,0,2102.0,141|2102
401620269,Jacy Sheldon,home,2,,0,1168.9,239|1169
401620269,A'ja Wilson,away,1,,0,,330
401620269,Arike Ogunbowale,home,5,1229.0,0,870.0,423|870|1229|1679|2274
401620269,Kate Martin,away,2,,0,907.0,487|907
401620269,Tiffany Hayes,away,2,,0,1469.0,509|1469
401620269,Kiah Stokes,away,3,1921.0,0,784.0,545|784|1921
401620269,Kalani Brown,home,3,2156.0,0,766.0,562|766|2156
401620269,Kelsey Plum,away,3,1241.0,0,1028.0,584|1028|1241
401620269,Maddy Siegrist,home,2,,0,1511.0,687|1511
401620269,Alysha Clark,away,3,1881.0,0,1178.9,1018|1179|1881
401620269,Jackie Young,away,2,,0,1389.0,1264|1389
401620269,Becky Hammon,away,1,,0,,1343
401620269,Monique Billings,home,3,2362.9,0,1408.0,1404|1408|2363
401620269,Megan Gustafson,away,2,,0,1636.0,1607|1636
401620269,Stephanie Soares,home,3,2331.0,0,2005.0,1965|2005|2331
401620270,Layshia Clarendon,home,3,2168.0,0,978.0,59|978|2168
401620270,Cameron Brink,home,6,1284.0,0,1010.0,92|1010|1284|1386|1419|2256
401620270,Alanna Smith,away,3,2068.0,0,1159.9,128|1160|2068
401620270,Kia Nurse,home,2,,0,148.0,148|148
401620270,Bridget Carleton,away,2,,0,572.0,349|572
401620270,Dearica Hamby,home,4,1739.0,0,1143.0,470|1143|1739|2264
401620270,Aari McDonald,home,3,1815.0,0,1788.0,531|1788|1815
401620270,Cecilia Zandalasini,away,3,1684.0,0,1608.0,538|1608|1684
401620270,Dorka Juhasz,away,2,,0,1771.9,644|1772
401620270,Rickea Jackson,home,1,,0,,806
401620270,Alissa Pili,away,3,2332.0,0,859.0,829|859|2332
401620270,Napheesa Collier,away,3,2014.0,0,1881.0,1023|1881|2014
401620270,Olivia Epoupa,away,1,,0,,1704
401620270,Kayla McBride,away,1,,0,,2182
401620270,Layshia Clarendon personal,home,1,,0,,2197
401620270,Zia Cooke,home,1,,0,,2230
401620271,Julie Vanloo defensive 3-seconds (technical,home,1,,0,,88
401620271,Ariel Atkins,home,5,1588.0,0,238.0,221|238|1588|1750|2220
401620271,Myisha Hines-Allen,home,4,1523.0,0,491.0,271|491|1523|1556
401620271,Angel Reese,away,5,1440.0,0,746.0,360|746|1440|2066|2394
401620271,Stefanie Dolson,home,5,1211.0,0,508.0,398|508|1211|1410|2377
401620271,Kamilla Cardoso,away,1,,0,,420
401620271,Jade Melbourne,home,1,,0,,443
401620271,Michaela Onyenwere,away,1,,0,,500
401620271,Lindsay Allen,away,3,1606.0,0,1029.0,597|1029|1606
401620271,Dana Evans,away,1,,0,,662
401620271,Diamond DeShields,away,2,,0,787.0,722|787
401620271,Shatori Walker-Kimbrough,home,1,,0,,1073
401620271,Aaliyah Edwards,home,4,1620.0,0,1467.0,1337|1467|1620|2294
401620271,Marina Mabrey,away,3,2208.0,0,1391.0,1349|1391|2208
401620271,Chennedy Carter,away,4,1916.0,0,1868.0,1657|1868|1916|1947
401620271,Karlie Samuelson,home,3,2386.0,0,2122.0,2044|2122|2386
401620271,Isabelle Harrison,away,1,,0,,2272
401620271,Julie Vanloo,home,1,,0,,2357
401620272,Kayla Thornton,away,4,1165.0,1,591.9,93|592|1165|2357
401620272,Sabrina Ionescu,away,2,,0,2171.0,142|2171
401620272,Haley Jones,home,2,,0,1081.0,574|1081
401620272,Aerial Powers,home,3,2254.0,0,2060.0,630|2060|2254
401620272,Kennedy Burke,away,1,,0,,761
401620272,Betnijah Laney-Hamilton,away,3,1500.0,0,1333.0,771|1333|1500
401620272,Naz Hillmon,home,1,,0,,782
401620272,Nia Coffey,home,2,,0,814.0,785|814
401620272,Tina Charles,home,1,,0,,1292
401620272,Rhyne Howard,home,2,,0,1536.0,1413|1536
401620272,Jonquel Jones,away,2,,0,2239.0,1461|2239
401620272,Leonie Fiebich,away,2,,0,1673.0,1555|1673
401620272,Allisha Gray,home,1,,0,,1619
401620272,Lorela Cubaj,home,3,2251.0,0,2206.0,1768|2206|2251
401620272,Sabrina Ionescu defensive 3-seconds (technical,away,1,,0,,1786
401620272,Cheyenne Parker-Tyus,home,1,,0,,2032
401620272,Breanna Stewart,away,1,,0,,2050
401620273,Kelsey Mitchell,away,4,2006.0,0,962.0,122|962|2006|2198
401620273,Julie Vanloo,home,3,1273.0,0,1118.0,295|1118|1273
401620273,Aliyah Boston,away,4,1511.0,0,865.0,327|865|1511|2016
401620273,NaLyssa Smith,away,2,,0,2281.0,660|2281
401620273,Erica Wheeler,away,3,1695.0,0,1649.0,783|1649|1695
401620273,Shatori Walker-Kimbrough,home,1,,0,,837
401620273,Ariel Atkins,home,3,2394.9,0,2388.8,939|2389|2395
401620273,Katie Lou Samuelson,away,2,,0,1745.9,1072|1746
401620273,Aaliyah Edwards,home,2,,0,2374.9,1148|2375
401620273,Karlie Samuelson,home,4,1966.0,0,1889.0,1177|1889|1966|2228
401620273,Stefanie Dolson,home,2,,0,1431.0,1369|1431
401620273,Kristy Wallace,away,2,,0,2191.0,1382|2191
401620273,Ariel Atkins defensive 3-seconds (technical,home,1,,0,,1461
401620273,Caitlin Clark,away,3,2097.0,0,1902.0,1471|1902|2097
401620273,DiDi Richards,home,1,,0,,1780
401620273,NaLyssa Smith clear path,away,1,,0,,2303
401620274,Kelsey Plum,home,2,,0,1737.0,143|1737
401620274,Nneka Ogwumike,away,4,1105.0,1,996.0,393|996|1105|1414
401620274,Tiffany Hayes,home,4,1499.0,0,939.0,413|939|1499|1722
401620274,Joyner Holmes,away,2,,0,1643.0,528|1643
401620274,Sami Whitcomb,away,2,,0,1936.0,631|1936
401620274,Kate Martin,home,1,,0,,641
401620274,Ezi Magbegor,away,5,1730.0,0,1458.0,678|1458|1730|1968|2307
401620274,Jackie Young,home,2,,0,2349.0,750|2349
401620274,A'ja Wilson,home,2,,0,1903.0,1096|1903
401620274,Kiah Stokes,home,2,,0,1375.0,1128|1375
401620274,Victoria Vivians,away,1,,0,,1232
401620274,Alysha Clark,home,5,1509.0,0,1434.0,1304|1434|1509|1866|2180
401620274,Jordan Horston,away,1,,0,,1485
401620274,Mercedes Russell,away,1,,0,,1602
401620275,Kia Nurse,home,2,,0,202.0,98|202
401620275,Monique Billings,away,4,1344.0,0,360.0,149|360|1344|1884
401620275,Cameron Brink,home,5,1129.0,1,797.0,226|797|1129|1393|2261
401620275,Arike Ogunbowale,away,2,,0,1373.0,287|1373
401620275,Dearica Hamby,home,2,,0,1006.0,389|1006
401620275,Aari McDonald,home,1,,0,,562
401620275,Teaira McCowan,away,4,1382.0,0,1240.0,725|1240|1382|2232
401620275,Stephanie Soares,away,2,,0,2199.0,770|2199
401620275,Lexie Brown,home,2,,0,1529.0,829|1529
401620275,Li Yueru,home,1,,0,,956
401620275,Maddy Siegrist,away,1,,0,,1758
401620275,Rickea Jackson,home,4,2037.0,0,1833.0,1774|1833|2037|2174
401620275,Stephanie Talbot,home,2,,0,2083.0,1919|2083
401620275,Layshia Clarendon,home,1,,0,,2049
401620275,Sevgi Uzun,away,2,,0,2377.9,2317|2378
401620276,Alanna Smith,away,5,1415.0,0,1108.0,97|1108|1415|1872|2226
401620276,Napheesa Collier,away,1,,0,,120
401620276,Courtney Williams,away,3,2361.0,0,1236.0,261|1236|2361
401620276,Bridget Carleton,away,3,1883.0,0,1318.0,341|1318|1883
401620276,Diana Taurasi,home,3,1757.8,0,1501.0,543|1501|1758
401620276,Sophie Cunningham,home,1,,0,,616
401620276,Dorka Juhasz,away,1,,0,,772
401620276,Cecilia Zandalasini,away,1,,0,,827
401620276,Kayla McBride,away,2,,0,1414.0,1048|1414
401620276,Olivia Epoupa,away,1,,0,,1053
401620276,Brittney Griner,home,1,,0,,1072
401620276,Diana Taurasi personal,home,2,,0,2394.9,1194|2395
401620276,Natasha Cloud,home,3,1534.0,0,1197.0,1194|1197|1534
401620276,Natasha Mack,home,1,,0,,1599
401620276,Natisha Hiedeman,away,2,,0,1961.0,1756|1961
401620276,Alissa Pili,away,1,,0,,1843
401620276,Natasha Cloud personal,home,1,,0,,2394
401620277,DeWanna Bonner,home,4,1549.0,0,1344.0,127|1344|1549|1681
401620277,Brionna Jones,home,2,,0,885.0,180|885
401620277,Betnijah Laney-Hamilton,away,3,874.0,1,591.9,261|592|874
401620277,Jonquel Jones,away,1,,0,,415
401620277,Leonie Fiebich,away,5,1708.0,0,1572.0,444|1572|1708|1987|1994
401620277,Kennedy Burke,away,1,,0,,574
401620277,Rachel Banham,home,1,,0,,608
401620277,Kayla Thornton,away,1,,0,,617
401620277,Tiffany Mitchell,home,1,,0,,647
401620277,Breanna Stewart,away,3,2176.0,0,2010.0,819|2010|2176
401620277,Sabrina Ionescu,away,3,2053.0,0,1402.0,1227|1402|2053
401620277,Alyssa Thomas,home,2,,0,1777.0,1437|1777
401620277,DiJonai Carrington,home,2,,0,2370.8,1846|2371
401620277,Tyasha Harris,home,1,,0,,2371
401620278,Diamond DeShields,home,2,,0,1023.0,45|1023
401620278,Kamilla Cardoso,home,5,1198.8,1,1127.0,99|1127|1199|1471|1995
401620278,Haley Jones,away,1,,0,,208
401620278,Cheyenne Parker-Tyus,away,3,1957.0,0,1917.0,277|1917|1957
401620278,Lindsay Allen,home,1,,0,,386
401620278,Lorela Cubaj,away,1,,0,,522
401620278,Crystal Dangerfield,away,2,,0,1690.0,555|1690
401620278,Michaela Onyenwere,home,1,,0,,663
401620278,Tina Charles,away,4,1810.0,0,1178.9,871|1179|1810|2394
401620278,Naz Hillmon,away,2,,0,1545.0,905|1545
401620278,Dana Evans,home,2,,0,2199.0,951|2199
401620278,Allisha Gray,away,4,2039.0,0,1417.0,976|1417|2039|2091
401620278,Marina Mabrey,home,5,1980.0,0,1712.0,1342|1712|1980|2158|2330
401620278,Angel Reese,home,3,1611.0,0,1562.0,1515|1562|1611
401620278,Chennedy Carter,home,1,,0,,1793
401620278,Aerial Powers,away,2,,0,1894.0,1815|1894
401620278,Isabelle Harrison,home,1,,0,,2236
401620279,Betnijah Laney-Hamilton,home,3,1549.0,0,1059.0,97|1059|1549
401620279,Karlie Samuelson,away,6,1252.0,0,834.0,173|834|1252|1350|1376|2400
401620279,Ariel Atkins,away,3,2376.0,0,870.0,383|870|2376
401620279,Myisha Hines-Allen defensive 3-seconds (technical,away,1,,0,,558
401620279,Jade Melbourne,away,1,,0,,655
401620279,Sabrina Ionescu,home,2,,0,1127.0,685|1127
401620279,Stefanie Dolson,away,3,2099.0,0,1797.9,742|1798|2099
401620279,Leonie Fiebich,home,5,2183.0,0,1045.0,950|1045|2183|2287|2368
401620279,Breanna Stewart,home,5,1468.0,0,1410.0,1006|1410|1468|1870|2362
401620279,Ivana Dojkic,home,1,,0,,1135
401620279,Julie Vanloo,away,3,2356.9,0,2193.0,1249|2193|2357
401620279,Myisha Hines-Allen,away,2,,0,1836.0,1489|1836
401620279,Aaliyah Edwards,away,1,,0,,1676
401620279,Jonquel Jones,home,1,,0,,2271
401620280,Kalani Brown,home,1,,0,,428
401620280,Jacy Sheldon,home,2,,0,1856.0,484|1856
401620280,Natasha Cloud,away,4,1795.8,0,1485.0,490|1485|1796|2924
401620280,Rebecca Allen,away,4,1400.0,0,851.0,615|851|1400|2211
401620280,Maddy Siegrist,home,4,1454.0,0,1355.0,678|1355|1454|2367
401620280,Sophie Cunningham,away,2,,0,1726.0,809|1726
401620280,Kahleah Copper,away,4,2742.0,0,1899.0,967|1899|2742|2954
401620280,Teaira McCowan,home,7,2147.0,0,1457.0,1097|1457|2147|2229|2768|2944|2944
401620280,Sevgi Uzun,home,1,,0,,1235
401620280,Diana Taurasi,away,3,2489.0,0,2103.0,1561|2103|2489
401620280,Natasha Mack,away,1,,0,,1823
401620280,Monique Billings,home,4,2527.0,0,1964.0,1929|1964|2527|2863
401620280,Arike Ogunbowale,home,3,2820.0,0,2498.0,2048|2498|2820
401620280,Brittney Griner,away,1,,0,,2287
401620281,Ezi Magbegor,away,6,1439.0,0,1199.9,31|1200|1439|2086|2221|2295
401620281,Jewell Loyd,away,1,,0,,257
401620281,Victoria Vivians,away,2,,0,1412.0,392|1412
401620281,Nneka Ogwumike,away,5,2010.0,0,1447.0,451|1447|2010|2036|2295
401620281,Olivia Epoupa,home,3,1640.0,0,701.0,479|701|1640
401620281,Cecilia Zandalasini,home,2,,0,805.0,501|805
401620281,Jordan Horston,away,2,,0,825.0,665|825
401620281,Skylar Diggins-Smith,away,2,,0,886.0,686|886
401620281,Alanna Smith,home,2,,0,2130.0,782|2130
401620281,Napheesa Collier,home,3,2300.0,0,1903.0,814|1903|2300
401620281,Bridget Carleton,home,2,,0,1431.0,931|1431
401620281,Noelle Quinn,away,1,,0,,1439
401620281,Courtney Williams,home,3,2235.0,0,1578.0,1463|1578|2235
401620281,Dorka Juhasz,home,1,,0,,1712
401620281,Alissa Pili,home,1,,0,,2339
401620281,Sika Kone,home,1,,0,,2349
401620282,Dearica Hamby,home,4,1845.0,0,1037.0,47|1037|1845|2353
401620282,Layshia Clarendon,home,3,2136.0,0,1418.0,102|1418|2136
401620282,Kiah Stokes,away,5,1212.0,0,560.9,309|561|1212|1337|1983
401620282,Li Yueru,home,4,1850.0,0,836.0,320|836|1850|1856
401620282,Aari McDonald,home,2,,0,1669.0,475|1669
401620282,Stephanie Talbot,home,3,1957.0,0,1810.0,530|1810|1957
401620282,Sydney Colson,away,1,,0,,571
401620282,Cameron Brink,home,4,1615.0,0,846.0,697|846|1615|1704
401620282,A'ja Wilson,away,3,1790.8,0,1759.9,730|1760|1791
401620282,Alysha Clark,away,2,,0,1073.0,813|1073
401620282,Rickea Jackson,home,2,,0,1494.0,962|1494
401620282,Kate Martin,away,3,2298.0,0,1570.0,1241|1570|2298
401620282,Kia Nurse,home,2,,0,2075.0,1275|2075
401620282,Megan Gustafson,away,1,,0,,1410
401620282,Kelsey Plum,away,2,,0,2399.0,1570|2399
401620282,Becky Hammon,away,2,,0,2376.8,1791|2377
401620282,Tiffany Hayes,away,1,,0,,1823
401620283,NaLyssa Smith,away,2,,0,877.0,210|877
401620283,Caitlin Clark,away,4,1152.9,1,1126.0,277|1126|1153|1519
401620283,Olivia Nelson-Ododa,home,6,1532.0,0,712.0,307|712|1532|1598|1989|2307
401620283,Kristy Wallace,away,1,,0,,398
401620283,Katie Lou Samuelson,away,2,,0,1624.0,430|1624
401620283,Moriah Jefferson,home,1,,0,,589
401620283,Aliyah Boston,away,3,1266.0,0,1190.9,652|1191|1266
401620283,Tiffany Mitchell,home,1,,0,,789
401620283,Brionna Jones,home,1,,0,,853
401620283,Alyssa Thomas,home,3,2015.0,0,1292.0,973|1292|2015
401620283,DiJonai Carrington,home,3,2204.0,0,1077.0,974|1077|2204
401620283,Rachel Banham,home,2,,0,2381.0,1606|2381
401620283,Lexie Hull,away,3,1779.0,0,1748.9,1644|1749|1779
401620283,Erica Wheeler,away,1,,0,,2216
401620283,Victaria Saxton,away,1,,0,,2226
401620283,Veronica Burton,home,1,,0,,2309
401620284,Rhyne Howard,home,2,,0,1089.0,40|1089
401620284,Aaliyah Edwards,away,4,944.0,1,396.0,85|396|944|2131
401620284,Stefanie Dolson,away,1,,0,,133
401620284,Crystal Dangerfield,home,1,,0,,327
401620284,Naz Hillmon,home,2,,0,1420.0,510|1420
401620284,Aerial Powers,home,1,,0,,725
401620284,Tina Charles,home,1,,0,,875
401620284,Jade Melbourne,away,2,,0,2335.0,891|2335
401620284,Haley Jones,home,2,,0,2203.0,910|2203
401620284,Allisha Gray,home,4,1891.0,0,1278.0,1126|1278|1891|1944
401620284,Ariel Atkins,away,1,,0,,1144
401620284,Karlie Samuelson,away,1,,0,,1331
401620284,Cheyenne Parker-Tyus,home,1,,0,,1412
401620284,Julie Vanloo,away,2,,0,2005.0,1574|2005
401620284,Myisha Hines-Allen,away,3,2014.0,0,1638.0,1618|1638|2014
401620284,Eric Thibault,away,1,,0,,1670
401620284,Shatori Walker-Kimbrough,away,2,,0,2354.9,2088|2355
401620284,Lorela Cubaj,home,1,,0,,2234
401620284,Emily Engstler,away,1,,0,,2373
401620285,Kelsey Plum,home,3,1896.0,0,1164.9,177|1165|1896
401620285,Napheesa Collier,away,3,2186.0,0,255.0,238|255|2186
401620285,Alysha Clark,home,4,1596.0,0,1012.0,246|1012|1596|2224
401620285,Kate Martin,home,2,,0,2376.9,391|2377
401620285,Dorka Juhasz,away,3,1978.0,0,1001.0,470|1001|1978
401620285,A'ja Wilson,home,3,1310.0,0,1039.0,565|1039|1310
401620285,Jackie Young,home,2,,0,1846.0,609|1846
401620285,Cecilia Zandalasini,away,3,1662.0,0,841.0,762|841|1662
401620285,Tiffany Hayes,home,2,,0,953.0,827|953
401620285,Courtney Williams,away,4,1469.0,0,1341.0,1080|1341|1469|2210
401620285,Kayla McBride,away,1,,0,,1245
401620285,Natisha Hiedeman,away,4,1718.0,0,1643.0,1640|1643|1718|1925
401620285,Double,away,1,,0,,1683
401620285,Kiah Stokes,home,1,,0,,1784
401620285,Sydney Colson,home,1,,0,,2157
401620285,Olivia Epoupa,away,1,,0,,2246
401620285,Megan Gustafson,home,1,,0,,2281
401620285,Alissa Pili,away,1,,0,,2364
401620286,Nneka Ogwumike,home,3,861.0,1,471.0,115|471|861
401620286,Dearica Hamby,away,4,1366.0,0,1047.0,194|1047|1366|1686
401620286,Ezi Magbegor,home,4,1170.9,1,391.0,236|391|1171|1509
401620286,Aari McDonald,away,4,1914.0,0,1153.9,271|1154|1914|2358
401620286,Sami Whitcomb,home,3,1991.0,0,545.9,400|546|1991
401620286,Li Yueru,away,2,,0,1445.0,450|1445
401620286,Mercedes Russell,home,2,,0,1755.0,727|1755
401620286,Skylar Diggins-Smith,home,3,2101.0,0,2044.0,764|2044|2101
401620286,Layshia Clarendon,away,3,1119.0,1,921.0,908|921|1119
401620286,Victoria Vivians,home,2,,0,1476.0,1058|1476
401620286,Cameron Brink,away,2,,0,1434.0,1347|1434
401620286,Jewell Loyd,home,3,2178.0,0,2152.0,1670|2152|2178
401620286,Joyner Holmes,home,1,,0,,2359
401620286,Nika Muhl,home,1,,0,,2395
401620287,Marina Mabrey,home,3,2364.9,0,646.0,120|646|2365
401620287,Brionna Jones,away,3,2197.0,0,238.0,127|238|2197
401620287,Angel Reese,home,3,1789.9,0,1540.0,182|1540|1790
401620287,Olivia Nelson-Ododa,away,1,,0,,295
401620287,Alyssa Thomas,away,2,,0,886.0,328|886
401620287,Chennedy Carter,home,2,,0,1067.0,467|1067
401620287,Lindsay Allen,home,2,,0,1749.0,600|1749
401620287,Dana Evans,home,2,,0,2279.0,698|2279
401620287,Technical,home,1,,0,,703
401620287,Tyasha Harris,away,2,,0,2294.0,779|2294
401620287,Kamilla Cardoso,home,2,,0,1549.0,870|1549
401620287,Isabelle Harrison,home,1,,0,,1037
401620287,DiJonai Carrington,away,2,,0,1197.0,1087|1197
401620287,DeWanna Bonner,away,3,2264.0,0,1560.0,1138|1560|2264
401620287,Diamond DeShields,home,1,,0,,1342
401620287,Angel Reese personal,home,2,,0,2385.9,2374|2386
401620288,Aliyah Boston,home,3,2068.0,0,194.0,16|194|2068
401620288,Rhyne Howard,away,3,773.0,1,147.0,117|147|773
401620288,Nia Coffey,away,3,1416.0,0,944.0,210|944|1416
401620288,NaLyssa Smith,home,3,1029.0,1,402.0,372|402|1029
401620288,Cheyenne Parker-Tyus,away,3,2017.0,0,1648.0,598|1648|2017
401620288,Katie Lou Samuelson,home,3,1881.0,0,803.0,645|803|1881
401620288,Tina Charles,away,3,1242.0,0,1144.8,679|1145|1242
401620288,Kelsey Mitchell,home,2,,0,911.0,756|911
401620288,Kristy Wallace,home,2,,0,2360.9,854|2361
401620288,Erica Wheeler,home,1,,0,,992
401620288,Aerial Powers,away,2,,0,1707.0,1039|1707
401620288,Allisha Gray,away,4,2084.0,0,1506.0,1330|1506|2084|2314
401620288,Lexie Hull,home,1,,0,,2041
401620288,Caitlin Clark,home,1,,0,,2209
401620288,Nia Coffey personal,away,1,,0,,2384
401620289,Sevgi Uzun,home,2,,0,1839.0,143|1839
401620289,Skylar Diggins-Smith,away,3,2035.0,0,1401.0,318|1401|2035
401620289,Victoria Vivians,away,3,1363.0,0,1022.0,337|1022|1363
401620289,Nneka Ogwumike,away,4,1468.0,0,822.0,684|822|1468|1851
401620289,Jewell Loyd,away,2,,0,859.0,767|859
401620289,Jacy Sheldon,home,3,1609.0,0,1545.0,940|1545|1609
401620289,Mercedes Russell,away,1,,0,,962
401620289,Teaira McCowan,home,3,2284.0,0,1488.0,1132|1488|2284
401620289,Arike Ogunbowale,home,5,1748.9,0,1575.0,1278|1575|1749|2187|2324
401620289,Ezi Magbegor,away,2,,0,2214.0,1337|2214
401620289,Noelle Quinn,away,1,,0,,1401
401620289,Sami Whitcomb,away,1,,0,,1841
401620290,Brittney Griner,home,2,,0,1968.0,116|1968
401620290,Rebecca Allen,home,3,2182.0,0,855.0,190|855|2182
401620290,Kiah Stokes,away,4,773.0,1,737.0,227|737|773|1346
401620290,A'ja Wilson,away,3,2199.0,0,1975.0,232|1975|2199
401620290,Kahleah Copper,home,6,1211.0,0,356.0,247|356|1211|1380|2144|2375
401620290,Tiffany Hayes,away,3,946.0,1,419.0,404|419|946
401620290,Natasha Mack,home,4,1557.0,0,1119.0,443|1119|1557|2028
401620290,Alysha Clark,away,2,,0,1440.0,643|1440
401620290,Sug Sutton,home,2,,0,1488.0,790|1488
401620290,Diana Taurasi,home,5,1111.0,1,1055.0,882|1055|1111|1401|2328
401620290,Natasha Cloud,home,2,,0,1707.0,1278|1707
401620290,Sydney Colson,away,1,,0,,1693
401620290,Sophie Cunningham defensive 3-seconds (technical,home,1,,0,,1707
401620290,Kelsey Plum,away,1,,0,,1810
401620290,Sophie Cunningham,home,1,,0,,2043
401620290,Jackie Young,away,2,,0,2220.0,2161|2220
401620290,Diana Taurasi personal,home,1,,0,,2387
401620291,Dana Evans,away,2,,0,1163.0,84|1163
401620291,Karlie Samuelson,home,2,,0,2178.0,126|2178
401620291,Marina Mabrey,away,4,1671.0,0,1357.0,139|1357|1671|2216
401620291,Angel Reese,away,4,1408.0,0,396.0,262|396|1408|1439
401620291,Shatori Walker-Kimbrough,home,3,1947.0,0,1589.0,364|1589|1947
401620291,Ariel Atkins,home,3,1257.0,0,502.0,420|502|1257
401620291,Isabelle Harrison,away,1,,0,,533
401620291,Chennedy Carter,away,3,2339.0,0,2307.0,597|2307|2339
401620291,Emily Engstler,home,1,,0,,719
401620291,Michaela Onyenwere,away,6,1688.0,0,1055.0,1024|1055|1688|1713|1746|1746
401620291,Stefanie Dolson,home,6,2057.0,0,1342.0,1130|1342|2057|2088|2294|2400
401620291,Aaliyah Edwards,home,6,2076.0,0,1540.0,1308|1540|2076|2142|2160|2328
401620291,Kamilla Cardoso,away,4,1463.0,0,1357.0,1320|1357|1463|1870
401620291,Julie Vanloo,home,1,,0,,1471
401620291,Myisha Hines-Allen,home,1,,0,,1701
401620291,Jade Melbourne,home,2,,0,1889.0,1795|1889
401620292,Kayla McBride,home,2,,0,564.9,46|565
401620292,Napheesa Collier,home,2,,0,1435.0,63|1435
401620292,Alanna Smith,home,4,1696.0,0,806.0,83|806|1696|2327
401620292,Cameron Brink,away,4,1174.9,1,505.0,163|505|1175|1315
401620292,Kia Nurse,away,1,,0,,212
401620292,Bridget Carleton,home,3,2170.0,0,342.0,261|342|2170
401620292,Natisha Hiedeman,home,1,,0,,427
401620292,Aari McDonald,away,4,1606.0,0,1105.0,427|1105|1606|1829
401620292,Li Yueru,away,2,,0,710.0,639|710
401620292,Olivia Epoupa,home,1,,0,,726
401620292,Stephanie Talbot,away,1,,0,,1033
401620292,Rickea Jackson,away,3,2215.0,0,2126.0,1164|2126|2215
401620292,Rickea Jackson defensive 3-seconds (technical,away,1,,0,,1213
401620292,Courtney Williams,home,3,2161.0,0,1905.0,1588|1905|2161
401620292,Lexie Brown,away,1,,0,,1878
401620292,Dearica Hamby,away,3,2392.0,0,2314.0,2012|2314|2392
401620293,Monique Billings,home,4,1244.0,0,784.0,46|784|1244|1361
401620293,Teaira McCowan,home,1,,0,,126
401620293,DeWanna Bonner,away,1,,0,,390
401620293,Olivia Nelson-Ododa,away,2,,0,1833.0,396|1833
401620293,Rachel Banham,away,3,2201.0,0,1510.0,437|1510|2201
401620293,Kalani Brown,home,3,1852.0,0,919.0,451|919|1852
401620293,Alyssa Thomas,away,4,1478.0,0,902.0,456|902|1478|1645
401620293,Jacy Sheldon,home,3,2178.0,0,1983.0,467|1983|2178
401620293,DiJonai Carrington,away,1,,0,,600
401620293,Astou Ndour-Fall,away,3,1864.0,0,1836.0,692|1836|1864
401620293,Arike Ogunbowale,home,5,1625.0,0,1464.0,949|1464|1625|1679|2004
401620293,Brionna Jones,away,3,2162.0,0,1316.0,1305|1316|2162
401620293,Stephanie Soares,home,1,,0,,1524
401620293,Tiffany Mitchell,away,2,,0,1915.0,1800|1915
401620293,Tyasha Harris,away,2,,0,1989.0,1873|1989
401620294,Alysha Clark,home,3,1503.0,0,965.0,325|965|1503
401620294,Kennedy Burke,away,1,,0,,633
401620294,Kiah Stokes,home,1,,0,,817
401620294,Breanna Stewart,away,2,,0,1991.0,910|1991
401620294,Jackie Young,home,5,1359.0,0,1045.0,1000|1045|1359|1552|2035
401620294,Sabrina Ionescu,away,1,,0,,1075
401620294,Kelsey Plum,home,3,2057.0,0,2031.0,1124|2031|2057
401620294,A'ja Wilson,home,4,1674.0,0,1579.0,1160|1579|1674|2175
401620294,Tiffany Hayes,home,2,,0,1533.0,1196|1533
401620294,Jonquel Jones,away,2,,0,2322.0,1234|2322
401620294,Leonie Fiebich,away,3,2149.0,0,1790.9,1752|1791|2149
401620294,Sydney Colson,home,1,,0,,1789
401620296,Angel Reese,away,5,1627.0,0,1370.0,105|1370|1627|1674|1912
401620296,Kelsey Mitchell,home,3,2239.0,0,2193.0,190|2193|2239
401620296,Chennedy Carter,away,4,983.0,1,489.0,343|489|983|1474
401620296,Dana Evans,away,2,,0,1065.0,422|1065
401620296,Caitlin Clark,home,3,2289.0,0,1189.9,557|1190|2289
401620296,Katie Lou Samuelson,home,3,1657.0,0,1048.0,684|1048|1657
401620296,Isabelle Harrison,away,2,,0,1999.0,757|1999
401620296,Kamilla Cardoso,away,4,1962.0,0,1580.0,850|1580|1962|2210
401620296,Marina Mabrey,away,1,,0,,904
401620296,NaLyssa Smith,home,4,949.0,1,937.0,924|937|949|2112
401620296,Erica Wheeler,home,2,,0,1766.9,1611|1767
401620296,Lindsay Allen,away,1,,0,,1701
401620296,Lexie Hull,home,2,,0,2242.0,1940|2242
401620296,Dana Evans personal,away,1,,0,,2382
401620296,Kamilla Cardoso personal,away,1,,0,,2393
401620295,Natasha Cloud,home,6,1748.9,0,1221.0,405|1221|1749|2145|2261|2388
401620295,Kahleah Copper,home,2,,0,2349.9,503|2350
401620295,Jordan Horston,away,4,2220.0,0,1490.0,586|1490|2220|2278
401620295,Nneka Ogwumike,away,3,2313.0,0,2174.0,663|2174|2313
401620295,Sophie Cunningham,home,2,,0,1708.0,697|1708
401620295,Jewell Loyd,away,4,1232.0,0,910.0,821|910|1232|1843
401620295,Skylar Diggins-Smith,away,3,2216.0,0,1470.0,898|1470|2216
401620295,Rebecca Allen,home,3,1916.0,0,1900.0,1008|1900|1916
401620295,Brittney Griner,home,5,1461.0,0,1123.0,1095|1123|1461|1992|1992
401620295,Ezi Magbegor,away,3,2094.0,0,1135.0,1111|1135|2094
401620295,Jordan Horston defensive 3-seconds (technical,away,1,,0,,1164
401620295,Rebecca Allen defensive 3-seconds (technical,home,1,,0,,1380
401620295,Sug Sutton personal,home,1,,0,,1944
401620295,Skylar Diggins-Smith personal,away,1,,0,,2351
401620297,Tina Charles,home,2,,0,1162.9,65|1163
401620297,Rhyne Howard,home,2,,0,1198.9,67|1199
401620297,Dearica Hamby,away,2,,0,1069.0,192|1069
401620297,Kia Nurse,away,2,,0,1390.0,252|1390
401620297,Haley Jones,home,2,,0,1607.0,374|1607
401620297,Li Yueru,away,4,1529.0,0,620.0,496|620|1529|1752
401620297,Rickea Jackson,away,4,1938.0,0,978.0,508|978|1938|2301
401620297,Nia Coffey,home,1,,0,,637
401620297,Lexie Brown,away,1,,0,,696
401620297,Cheyenne Parker-Tyus,home,3,1636.0,0,1432.0,714|1432|1636
401620297,Stephanie Talbot,away,1,,0,,767
401620297,Aerial Powers,home,2,,0,1534.0,835|1534
401620297,Cameron Brink,away,4,1483.0,0,1326.0,851|1326|1483|1497
401620297,Naz Hillmon,home,3,1568.0,0,953.0,904|953|1568
401620297,Aari McDonald,away,2,,0,1737.0,1169|1737
401620297,Allisha Gray,home,2,,0,1686.0,1463|1686
401620298,Napheesa Collier,home,3,2105.0,0,1940.0,316|1940|2105
401620298,Sevgi Uzun clear path,away,1,,0,,468
401620298,Jacy Sheldon,away,5,1407.0,0,896.0,477|896|1407|1531|2357
401620298,Cecilia Zandalasini defensive 3-seconds (technical,home,1,,0,,681
401620298,Natisha Hiedeman,home,1,,0,,691
401620298,Kalani Brown,away,2,,0,1699.0,712|1699
401620298,Monique Billings,away,4,1784.0,0,1577.0,843|1577|1784|2326
401620298,Alanna Smith,home,3,2051.0,0,1882.0,999|1882|2051
401620298,Lou Lopez Senechal,away,2,,0,2014.0,1053|2014
401620298,Sevgi Uzun,away,1,,0,,1677
401620298,Dorka Juhasz,home,1,,0,,1893
401620298,Teaira McCowan,away,1,,0,,2126
401620298,Sevgi Uzun personal,away,1,,0,,2372
401620299,Cameron Brink,away,1,,0,,146
401620299,DiJonai Carrington,home,1,,0,,190
401620299,Brionna Jones,home,3,1539.0,0,289.0,217|289|1539
401620299,Kia Nurse,away,1,,0,,349
401620299,Alyssa Thomas,home,2,,0,716.0,632|716
401620299,Stephanie Talbot,away,3,2032.0,0,1572.0,927|1572|2032
401620299,Rachel Banham,home,2,,0,1854.0,954|1854
401620299,Dearica Hamby,away,3,1968.0,0,1609.0,1042|1609|1968
401620299,Tyasha Harris,home,3,1846.0,0,1421.0,1062|1421|1846
401620299,Aari McDonald,away,2,,0,1217.0,1196|1217
401620299,DeWanna Bonner,home,1,,0,,1526
401620299,Olivia Nelson-Ododa,home,2,,0,2207.0,1626|2207
401620299,Rae Burrell,away,1,,0,,1640
401620299,Double,away,1,,0,,1797
401620299,Layshia Clarendon,away,1,,0,,1797
401620299,Tiffany Mitchell,home,2,,0,2273.0,2094|2273
401620299,Rickea Jackson,away,1,,0,,2127
401620299,Li Yueru,away,1,,0,,2169
401620299,Lexie Brown,away,1,,0,,2308
401620299,Veronica Burton,home,1,,0,,2329
401620299,Astou Ndour-Fall,home,1,,0,,2375
401620300,Brittney Griner,home,3,2082.0,0,1319.0,101|1319|2082
401620300,Kahleah Copper,home,4,466.0,1,380.0,269|380|466|2197
401620300,Betnijah Laney-Hamilton,away,1,,0,,299
401620300,Nate Tibbetts,home,1,,0,,466
401620300,Diana Taurasi,home,4,1871.0,0,1010.0,595|1010|1871|2145
401620300,Jonquel Jones,away,5,1593.0,0,1372.0,756|1372|1593|2010|2393
401620300,Sabrina Ionescu,away,1,,0,,1098
401620300,Natasha Cloud,home,2,,0,2074.0,1406|2074
401620300,Ivana Dojkic,away,1,,0,,1749
401620300,Kayla Thornton,away,2,,0,2043.0,1888|2043
401620300,Sug Sutton,home,1,,0,,1983
401620300,Breanna Stewart,away,1,,0,,2392
401620301,Aaliyah Edwards,away,3,1359.0,0,813.0,195|813|1359
401620301,Kristy Wallace,home,3,1546.0,0,1031.0,225|1031|1546
401620301,Aliyah Boston,home,5,1615.0,0,1403.0,243|1403|1615|1935|2216
401620301,Julie Vanloo,away,3,1522.0,0,1350.0,305|1350|1522
401620301,NaLyssa Smith,home,3,2207.0,0,1333.0,341|1333|2207
401620301,Lexie Hull,home,1,,0,,556
401620301,Stefanie Dolson,away,4,1430.0,0,1179.9,868|1180|1430|1545
401620301,Kelsey Mitchell,home,1,,0,,1148
401620301,Caitlin Clark,home,2,,0,1977.0,1191|1977
401620301,Myisha Hines-Allen,away,1,,0,,1592
401620301,Ariel Atkins,away,2,,0,2078.0,1627|2078
401620301,Erica Wheeler,home,1,,0,,1722
401620301,Jade Melbourne,away,1,,0,,1738
401620301,Emily Engstler,away,1,,0,,2385
401620301,Ariel Atkins personal,away,1,,0,,2388
401620302,Haley Jones,away,3,1926.0,0,547.9,171|548|1926
401620302,Courtney Williams,home,3,1404.0,0,409.0,266|409|1404
401620302,Nia Coffey,away,2,,0,846.0,316|846
401620302,Kayla McBride,home,2,,0,1348.0,366|1348
401620302,Haley Jones defensive 3-seconds (technical,away,1,,0,,508
401620302,Bridget Carleton,home,1,,0,,551
401620302,Crystal Dangerfield,away,1,,0,,691
401620302,Cecilia Zandalasini,home,1,,0,,760
401620302,Tina Charles,away,2,,0,1495.0,837|1495
401620302,Natisha Hiedeman,home,2,,0,1831.0,965|1831
401620302,Alanna Smith,home,4,1195.0,1,1026.0,977|1026|1195|1300
401620302,Rhyne Howard,away,1,,0,,1200
401620302,Lorela Cubaj,away,1,,0,,1526
401620302,Tina Charles personal,away,1,,0,,1545
401620302,Dorka Juhasz,home,3,1772.9,0,1712.0,1669|1712|1773
401620302,Cheyenne Parker-Tyus,away,1,,0,,1731
401620302,Napheesa Collier,home,2,,0,2318.0,2277|2318
401620303,Kelsey Plum,home,3,1965.0,0,1295.0,88|1295|1965
401620303,Victoria Vivians,away,2,,0,1333.0,149|1333
401620303,Kiah Stokes,home,2,,0,745.0,218|745
401620303,Ezi Magbegor,away,3,2041.0,0,1381.0,357|1381|2041
401620303,Skylar Diggins-Smith,away,2,,0,1672.0,499|1672
401620303,Kate Martin,home,1,,0,,614
401620303,Alysha Clark,home,4,1826.0,0,1740.0,735|1740|1826|2302
401620303,Nneka Ogwumike,away,3,1797.0,0,1658.0,812|1658|1797
401620303,Jewell Loyd,away,2,,0,1150.0,820|1150
401620303,Megan Gustafson,home,1,,0,,850
401620303,Tiffany Hayes,home,3,2347.0,0,1958.0,892|1958|2347
401620303,Jackie Young,home,2,,0,1504.0,1486|1504
401620303,A'ja Wilson,home,2,,0,1900.0,1490|1900
401620303,Jordan Horston,away,4,1868.0,0,1840.0,1626|1840|1868|1944
401620303,Chelsea Gray,home,1,,0,,1646
401620303,Sami Whitcomb,away,1,,0,,1917
401620303,Joyner Holmes defensive 3-seconds (technical,away,1,,0,,2315
401620304,Jacy Sheldon,away,3,2308.0,0,2287.0,253|2287|2308
401620304,Isabelle Harrison,home,3,1822.0,0,1691.0,477|1691|1822
401620304,Monique Billings,away,2,,0,920.0,495|920
401620304,Sevgi Uzun,away,2,,0,1920.0,574|1920
401620304,Michaela Onyenwere,home,1,,0,,656
401620304,Kamilla Cardoso,home,3,1996.0,0,941.0,783|941|1996
401620304,Teaira McCowan,away,3,2136.0,0,1145.9,876|1146|2136
401620304,Morgan Bertsch,away,2,,0,1028.0,928|1028
401620304,Arike Ogunbowale,away,3,2345.9,0,1542.0,1181|1542|2346
401620304,Angel Reese,home,2,,0,2375.9,1194|2376
401620304,Marina Mabrey,home,1,,0,,1416
401620304,Chennedy Carter,home,3,2365.0,0,2334.0,1440|2334|2365
401620304,Natasha Howard,away,2,,0,2180.0,1604|2180
401620304,Dana Evans,home,1,,0,,1640
401620304,Diamond DeShields,home,1,,0,,1649
401620304,Brianna Turner,home,1,,0,,1849
401620304,Sevgi Uzun personal,away,1,,0,,2359
401620304,Arike Ogunbowale personal,away,1,,0,,2372
401620305,Aari McDonald,away,1,,0,,108
401620305,Li Yueru,away,5,1311.0,0,759.0,183|759|1311|1353|1929
401620305,Kayla Thornton,home,2,,0,1460.0,223|1460
401620305,Jonquel Jones,home,6,2030.0,0,1053.0,379|1053|2030|2117|2212|2317
401620305,Lexie Brown,away,1,,0,,498
401620305,Stephanie Talbot,away,3,2176.0,0,2000.0,656|2000|2176
401620305,Marquesha Davis,home,1,,0,,696
401620305,Rae Burrell,away,3,1837.0,0,1088.0,865|1088|1837
401620305,Sabrina Ionescu,home,3,1796.9,0,1590.0,880|1590|1797
401620305,Kia Nurse,away,2,,0,1237.0,948|1237
401620305,Rickea Jackson,away,1,,0,,1571
401620305,Zia Cooke,away,1,,0,,1749
401620305,Ivana Dojkic,home,2,,0,2287.0,1794|2287
401620305,Dearica Hamby,away,1,,0,,2187
401620305,Breanna Stewart,home,1,,0,,2224
401620306,Nia Coffey,home,1,,0,,352
401620306,NaLyssa Smith,away,4,1545.0,0,1395.0,409|1395|1545|1960
401620306,Tina Charles,home,4,1149.0,1,929.0,480|929|1149|1927
401620306,Aliyah Boston,away,6,1100.0,1,679.0,526|679|1100|1668|1668|1927
401620306,Crystal Dangerfield,home,1,,0,,552
401620306,Erica Wheeler,away,2,,0,1053.0,571|1053
401620306,Aerial Powers,home,1,,0,,782
401620306,Lexie Hull,away,1,,0,,793
401620306,Lexie Hull defensive 3-seconds (technical,away,1,,0,,867
401620306,Haley Jones,home,3,1688.0,0,1139.0,997|1139|1688
401620306,Tanisha Wright,home,1,,0,,997
401620306,Kelsey Mitchell,away,1,,0,,1050
401620306,Kristy Wallace,away,2,,0,1339.0,1071|1339
401620306,Cheyenne Parker-Tyus,home,1,,0,,1175
401620306,Katie Lou Samuelson,away,3,2156.0,0,2047.0,1197|2047|2156
401620306,NaLyssa Smith defensive 3-seconds (technical,away,1,,0,,1211
401620306,Allisha Gray,home,3,1861.0,0,1852.0,1265|1852|1861
401620306,Caitlin Clark,away,4,1611.0,0,1455.0,1370|1455|1611|2255
401620306,Naz Hillmon,home,2,,0,1859.0,1671|1859
401620306,Laeticia Amihere,home,1,,0,,2376
401620307,Brionna Jones,away,3,1426.0,0,1229.0,110|1229|1426
401620307,Tiffany Hayes,home,5,1941.0,0,1352.0,366|1352|1941|2245|2274
401620307,Alyssa Thomas,away,4,1577.0,0,881.0,389|881|1577|1590
401620307,Alysha Clark,home,4,784.0,1,679.0,469|679|784|1980
401620307,DiJonai Carrington,away,4,1568.0,0,549.0,530|549|1568|1707
401620307,Jackie Young,home,3,1277.0,0,898.0,740|898|1277
401620307,Kiah Stokes,home,1,,0,,1071
401620307,A'ja Wilson,home,1,,0,,1414
401620307,Becky Hammon,home,1,,0,,1475
401620307,Kelsey Plum,home,1,,0,,1600
401620307,Megan Gustafson,home,1,,0,,1646
401620307,DeWanna Bonner,away,3,2060.0,0,2014.0,1768|2014|2060
401620307,Tiffany Mitchell,away,1,,0,,1925
401620307,Rachel Banham,away,1,,0,,2224
401620307,Sydney Colson,home,1,,0,,2398
401620308,Myisha Hines-Allen,home,2,,0,1755.8,157|1756
401620308,Teaira McCowan,away,2,,0,245.0,219|245
401620308,Julie Vanloo,home,2,,0,1055.0,292|1055
401620308,Jacy Sheldon,away,4,1672.0,0,1347.0,388|1347|1672|2030
401620308,Arike Ogunbowale,away,5,1217.0,0,715.0,428|715|1217|1489|1681
401620308,Emily Engstler,home,4,1778.9,0,992.0,475|992|1779|2358
401620308,Monique Billings,away,4,1418.0,0,652.0,600|652|1418|1955
401620308,Kalani Brown,away,2,,0,2116.0,659|2116
401620308,Stefanie Dolson,home,4,1450.0,0,1248.0,727|1248|1450|1848
401620308,DiDi Richards,home,1,,0,,776
401620308,Sevgi Uzun,away,2,,0,932.0,782|932
401620308,Jade Melbourne,home,1,,0,,797
401620308,Ariel Atkins,home,1,,0,,863
401620308,Karlie Samuelson,home,2,,0,1889.0,1427|1889
401620308,Shatori Walker-Kimbrough,home,1,,0,,1814
401620308,Morgan Bertsch,away,1,,0,,2016
401620308,Lou Lopez Senechal,away,1,,0,,2232
401620309,Kayla Thornton,home,4,1017.0,1,199.0,147|199|1017|1997
401620309,Marquesha Davis,home,2,,0,532.0,521|532
401620309,Zia Cooke,away,2,,0,1885.0,543|1885
401620309,Leonie Fiebich,home,5,1539.0,0,934.0,563|934|1539|1772|1950
401620309,Kennedy Burke,home,5,1700.0,0,1560.0,694|1560|1700|1796|1800
401620309,Stephanie Talbot,away,2,,0,2059.0,740|2059
401620309,Dearica Hamby,away,4,1027.0,1,877.0,745|877|1027|1315
401620309,Ivana Dojkic,home,1,,0,,1056
401620309,Queen Egbo,away,1,,0,,1196
401620309,Kia Nurse,away,1,,0,,1298
401620309,Aari McDonald,away,2,,0,1409.0,1317|1409
401620309,Layshia Clarendon,away,2,,0,2039.0,1546|2039
401620309,Sabrina Ionescu,home,1,,0,,1877
401620309,Rae Burrell,away,1,,0,,1889
401620309,Breanna Stewart,home,2,,0,2206.0,1896|2206
401620309,Jonquel Jones,home,1,,0,,2321
401620310,Brittney Griner,away,1,,0,,312
401620310,Alanna Smith,home,3,1445.0,0,1037.0,439|1037|1445
401620310,Rebecca Allen,away,2,,0,857.0,624|857
401620310,Natasha Cloud,away,1,,0,,882
401620310,Natisha Hiedeman,home,2,,0,1385.0,992|1385
401620310,Sophie Cunningham,away,3,2094.0,0,1674.0,1054|1674|2094
401620310,Kahleah Copper,away,4,1545.0,0,1249.0,1131|1249|1545|1915
401620310,Courtney Williams personal,home,2,,0,2215.0,1277|2215
401620310,Kayla McBride,home,1,,0,,1530
401620310,Natasha Mack,away,2,,0,2211.0,1625|2211
401620310,Cecilia Zandalasini,home,1,,0,,1645
401620310,Mikiah Herbert Harrigan,away,1,,0,,1699
401620310,Diana Taurasi,away,2,,0,1864.0,1734|1864
401620310,Dorka Juhasz,home,1,,0,,1896
401620310,Bridget Carleton,home,1,,0,,1985
401620310,Napheesa Collier,home,1,,0,,2133
401620310,Charisma Osborne,away,1,,0,,2329
401620310,Alissa Pili,home,1,,0,,2348
401620311,Kayla Thornton,away,2,,0,479.0,168|479
401620311,Leonie Fiebich,away,4,2022.0,0,1359.0,210|1359|2022|2312
401620311,Allisha Gray,home,2,,0,809.0,281|809
401620311,Jordin Canada,home,3,410.0,1,365.0,311|365|410
401620311,Jonquel Jones,away,3,1945.0,0,1862.0,445|1862|1945
401620311,Haley Jones,home,3,1662.0,0,1372.0,639|1372|1662
401620311,Crystal Dangerfield,home,1,,0,,701
401620311,Tina Charles,home,2,,0,1324.0,964|1324
401620311,Breanna Stewart,away,2,,0,1498.0,1072|1498
401620311,Nia Coffey defensive 3-seconds (technical,home,1,,0,,1578
401620311,Ivana Dojkic,away,2,,0,1779.9,1705|1780
401620311,Cheyenne Parker-Tyus,home,1,,0,,1881
401620311,Nia Coffey,home,2,,0,2227.0,2200|2227
401620311,Marquesha Davis,away,1,,0,,2344
401620311,Kennedy Burke,away,2,,0,2386.0,2350|2386
401620312,Jacy Sheldon,away,4,1419.0,0,324.0,248|324|1419|2375
401620312,Emily Engstler,home,4,1037.0,1,482.0,261|482|1037|1679
401620312,Stefanie Dolson,home,4,2079.0,0,310.0,277|310|2079|2150
401620312,Ariel Atkins,home,3,1397.0,0,825.0,319|825|1397
401620312,DiDi Richards,home,4,747.0,1,743.0,496|743|747|1822
401620312,Lou Lopez Senechal,away,1,,0,,659
401620312,Arike Ogunbowale,away,3,2327.0,0,1912.0,671|1912|2327
401620312,Myisha Hines-Allen,home,1,,0,,709
401620312,Morgan Bertsch,away,1,,0,,724
401620312,Monique Billings,away,2,,0,1560.0,1094|1560
401620312,Julie Vanloo,home,2,,0,2153.0,1252|2153
401620312,Sevgi Uzun,away,3,1943.0,0,1833.0,1357|1833|1943
401620312,Natasha Howard,away,3,2360.0,0,1537.0,1493|1537|2360
401620312,Jade Melbourne,home,1,,0,,1744
401620312,Teaira McCowan,away,2,,0,2185.0,2107|2185
401620314,Ezi Magbegor,home,4,1922.0,0,474.0,117|474|1922|2290
401620314,Tyasha Harris,away,3,1376.0,0,399.0,249|399|1376
401620314,Alyssa Thomas,away,2,,0,1517.0,687|1517
401620314,Joyner Holmes,home,1,,0,,697
401620314,Victoria Vivians,home,1,,0,,784
401620314,Skylar Diggins-Smith,home,2,,0,1119.0,813|1119
401620314,Rachel Banham,away,1,,0,,905
401620314,Jewell Loyd,home,1,,0,,945
401620314,Brionna Jones,away,2,,0,2169.0,1097|2169
401620314,Nneka Ogwumike,home,3,1730.0,0,1563.0,1163|1563|1730
401620314,Jordan Horston,home,2,,0,2282.0,1323|2282
401620314,Veronica Burton,away,2,,0,1528.0,1419|1528
401620314,DeWanna Bonner,away,3,2119.0,0,1957.0,1649|1957|2119
401620314,Tiffany Mitchell,away,1,,0,,1904
401620314,Mercedes Russell defensive 3-seconds (technical,home,1,,0,,2024
401620314,DiJonai Carrington,away,2,,0,2148.0,2059|2148
401620313,Chennedy Carter,home,2,,0,2290.0,174|2290
401620313,Lindsay Allen,home,1,,0,,225
401620313,Marina Mabrey,home,2,,0,1561.0,225|1561
401620313,Kamilla Cardoso,home,4,1589.0,0,371.0,295|371|1589|2228
401620313,NaLyssa Smith,away,5,1413.0,0,1214.0,320|1214|1413|2016|2208
401620313,Diamond DeShields,home,3,1667.0,0,823.0,437|823|1667
401620313,Kelsey Mitchell,away,4,1748.8,0,1345.0,513|1345|1749|2073
401620313,Katie Lou Samuelson,away,4,1926.0,0,599.8,562|600|1926|1926
401620313,Dana Evans,home,4,1709.0,0,1649.0,684|1649|1709|1898
401620313,Erica Wheeler,away,3,1874.0,0,863.0,708|863|1874
401620313,Aliyah Boston,away,3,2356.9,0,1937.0,1149|1937|2357
401620313,Caitlin Clark,away,3,1778.9,0,1723.0,1299|1723|1779
401620313,Angel Reese,home,1,,0,,1844
401620313,Kristy Wallace,away,2,,0,2399.9,2083|2400
401620313,Double,away,1,,0,,2208
401620313,Caitlin Clark personal,away,1,,0,,2373
401620313,Kristy Wallace personal,away,1,,0,,2382
401677672,Kayla Thornton,home,1,,0,,218
401677672,Alanna Smith,away,3,1390.0,0,1219.0,386|1219|1390
401677672,Sabrina Ionescu,home,1,,0,,404
401677672,Leonie Fiebich,home,2,,0,1630.0,581|1630
401677672,Courtney Vandersloot,home,2,,0,1136.0,723|1136
401677672,Betnijah Laney-Hamilton,home,2,,0,2141.0,783|2141
401677672,Bridget Carleton,away,4,2073.0,0,1583.0,917|1583|2073|2263
401677672,Courtney Williams,away,1,,0,,1104
401677672,Breanna Stewart,home,2,,0,2376.0,1266|2376
401677672,Jonquel Jones,home,3,2014.0,0,1643.0,1411|1643|2014
401677672,Napheesa Collier,away,4,2133.0,0,1703.0,1664|1703|2133|2397
401677672,Cecilia Zandalasini,away,1,,0,,1751
401677672,Natisha Hiedeman,away,2,,0,1944.0,1829|1944
401677672,Dorka Juhasz,away,2,,0,2319.0,1906|2319
401677672,Betnijah Laney-Hamilton personal,home,3,2399.9,0,2393.9,2366|2394|2400
401620315,Teaira McCowan,home,1,,0,,81
401620315,Alanna Smith,away,3,1440.0,0,1217.0,289|1217|1440
401620315,Arike Ogunbowale,home,2,,0,824.0,335|824
401620315,Natisha Hiedeman,away,3,1674.0,0,956.0,513|956|1674
401620315,Dorka Juhasz,away,2,,0,1652.0,526|1652
401620315,Cecilia Zandalasini,away,1,,0,,777
401620315,Sevgi Uzun,home,1,,0,,815
401620315,Courtney Williams,away,1,,0,,920
401620315,Diamond Miller,away,1,,0,,947
401620315,Bridget Carleton,away,1,,0,,1131
401620315,Natasha Howard,home,3,2173.0,0,1663.0,1305|1663|2173
401620315,Napheesa Collier,away,2,,0,2305.0,1344|2305
401620315,Jacy Sheldon,home,1,,0,,1511
401620315,Kayla McBride,away,1,,0,,1541
401620315,Kalani Brown,home,2,,0,1592.0,1565|1592
401620315,Monique Billings,home,1,,0,,1735
401620315,Olivia Epoupa,away,2,,0,2003.0,1979|2003
401620316,DiDi Richards,home,1,,0,,87
401620316,Julie Vanloo,home,5,880.0,1,298.0,109|298|880|2399|2523
401620316,DiJonai Carrington,away,3,1281.0,0,599.9,119|600|1281
401620316,Emily Engstler,home,2,,0,1954.0,333|1954
401620316,Stefanie Dolson,home,5,2142.0,0,1546.0,426|1546|2142|2376|2401
401620316,Ariel Atkins,home,5,1121.0,1,840.0,495|840|1121|2588|2697
401620316,Veronica Burton,away,4,1768.0,0,857.0,502|857|1768|2006
401620316,Alyssa Thomas,away,2,,0,1622.0,638|1622
401620316,DeWanna Bonner,away,3,2482.0,0,2101.0,814|2101|2482
401620316,Myisha Hines-Allen,home,2,,0,1346.0,1062|1346
401620316,Brionna Jones,away,4,2243.0,0,1328.0,1074|1328|2243|2656
401620316,Tyasha Harris,away,2,,0,1646.0,1425|1646
401620316,Stephanie White,away,1,,0,,1799
401620316,Jade Melbourne,home,1,,0,,1852
401620316,Tiffany Mitchell,away,2,,0,1961.0,1912|1961
401620317,Kelsey Plum,away,2,,0,2138.0,27|2138
401620317,Angel Reese,home,4,1011.0,1,449.0,62|449|1011|1974
401620317,Jackie Young,away,2,,0,1126.0,391|1126
401620317,Chennedy Carter,home,6,1553.0,0,1198.0,410|1198|1553|1578|2202|2314
401620317,Alysha Clark,away,3,2152.0,0,1682.0,463|1682|2152
401620317,Kiah Stokes,away,3,1066.0,1,806.0,716|806|1066
401620317,Isabelle Harrison,home,3,1712.0,0,1170.0,751|1170|1712
401620317,Brianna Turner,home,2,,0,1740.0,802|1740
401620317,Kamilla Cardoso,home,1,,0,,1134
401620317,Chelsea Gray,away,1,,0,,1251
401620317,Marina Mabrey,home,4,2231.0,0,2079.0,1278|2079|2231|2236
401620317,A'ja Wilson,away,2,,0,2092.0,1306|2092
401620317,Kiah Stokes defensive 3-seconds (technical,away,1,,0,,1387
401620317,Tiffany Hayes,away,1,,0,,1544
401620317,Megan Gustafson,away,1,,0,,2060
401620318,Aliyah Boston,away,5,1277.0,0,853.0,283|853|1277|1485|1889
401620318,Skylar Diggins-Smith,home,3,1833.0,0,598.9,395|599|1833
401620318,Ezi Magbegor,home,5,950.0,1,945.0,406|945|950|2131|2192
401620318,Temi Fagbenle,away,3,2003.0,0,1788.9,485|1789|2003
401620318,Sami Whitcomb,home,1,,0,,506
401620318,Lexie Hull,away,3,2030.0,0,1931.0,554|1931|2030
401620318,Jewell Loyd,home,3,2349.0,0,1374.0,555|1374|2349
401620318,NaLyssa Smith,away,2,,0,1523.0,894|1523
401620318,Kelsey Mitchell,away,2,,0,1164.9,1059|1165
401620318,Mercedes Russell,home,2,,0,2177.0,1126|2177
401620318,Jordan Horston,home,1,,0,,1591
401620318,Nneka Ogwumike,home,1,,0,,1958
401620318,Caitlin Clark,away,1,,0,,2105
401620319,DiJonai Carrington,home,3,2157.0,0,1721.0,203|1721|2157
401620319,Aerial Powers,away,2,,0,1292.0,285|1292
401620319,Brionna Jones,home,4,1870.0,0,1193.0,350|1193|1870|2106
401620319,Haley Jones,away,5,2180.0,0,1308.0,370|1308|2180|2259|2327
401620319,Cheyenne Parker-Tyus,away,2,,0,620.0,426|620
401620319,Nia Coffey,away,2,,0,1797.9,701|1798
401620319,Tyasha Harris,home,3,2322.0,0,1197.9,798|1198|2322
401620319,DeWanna Bonner,home,1,,0,,1006
401620319,Allisha Gray,away,2,,0,1462.0,1067|1462
401620319,Tina Charles,away,2,,0,2362.0,1109|2362
401620319,Naz Hillmon,away,3,1980.0,0,1721.0,1135|1721|1980
401620319,Alyssa Thomas,home,2,,0,1495.0,1267|1495
401620319,Jordin Canada,away,2,,0,2301.0,1581|2301
401620319,Olivia Nelson-Ododa,home,2,,0,1735.0,1731|1735
401620319,Laeticia Amihere,away,1,,0,,1741
401620319,Veronica Burton,home,1,,0,,1935
401620319,Rachel Banham personal,home,1,,0,,2390
401620319,Tyasha Harris personal,home,1,,0,,2395
401620320,Rickea Jackson,away,3,1617.0,0,1468.0,7|1468|1617
401620320,Diana Taurasi,home,4,1682.0,0,299.0,280|299|1682|2004
401620320,Aari McDonald,away,4,1672.0,0,1447.0,364|1447|1672|2104
401620320,Natasha Mack,home,1,,0,,477
401620320,Zia Cooke,away,4,1869.0,0,1531.0,544|1531|1869|2265
401620320,Sophie Cunningham,home,1,,0,,584
401620320,Sug Sutton,home,1,,0,,667
401620320,Dearica Hamby,away,2,,0,1716.0,793|1716
401620320,Kahleah Copper,home,3,1831.0,0,1228.0,883|1228|1831
401620320,Natasha Cloud,home,3,1709.0,0,1214.0,1077|1214|1709
401620320,Kia Nurse,away,1,,0,,1360
401620320,Stephanie Talbot,away,2,,0,2030.0,1377|2030
401620320,Rebecca Allen,home,3,2236.0,0,2079.0,1540|2079|2236
401620320,Li Yueru,away,1,,0,,1653
401620320,Rae Burrell,away,3,1922.0,0,1864.0,1864|1864|1922
401620320,Brittney Griner,home,2,,0,2225.0,2030|2225
401620321,Stefanie Dolson,home,2,,0,1453.0,23|1453
401620321,Kelsey Plum,away,4,1584.0,0,1272.0,114|1272|1584|1884
401620321,Chelsea Gray,away,1,,0,,184
401620321,A'ja Wilson,away,3,1545.0,0,522.0,191|522|1545
401620321,Aaliyah Edwards,home,3,1853.0,0,1799.9,289|1800|1853
401620321,Alysha Clark,away,3,1661.0,0,1553.0,413|1553|1661
401620321,Shatori Walker-Kimbrough,home,5,1780.0,0,659.0,431|659|1780|1914|2152
401620321,Jade Melbourne,home,3,1856.0,0,627.0,559|627|1856
401620321,DiDi Richards,home,2,,0,1488.0,630|1488
401620321,Tiffany Hayes,away,1,,0,,799
401620321,Julie Vanloo,home,5,1422.0,0,1234.0,981|1234|1422|1735|2369
401620321,Myisha Hines-Allen,home,2,,0,1310.0,981|1310
401620321,Ariel Atkins,home,3,2345.0,0,1972.0,1013|1972|2345
401620321,Jackie Young,away,2,,0,2244.0,1277|2244
401620321,Kiah Stokes,away,1,,0,,2180
401620322,Teaira McCowan,away,3,2146.0,0,1695.0,292|1695|2146
401620322,Jacy Sheldon,away,5,673.0,1,518.0,410|518|673|1627|2173
401620322,Monique Billings,away,2,,0,1898.0,596|1898
401620322,Arike Ogunbowale,away,1,,0,,611
401620322,Sami Whitcomb,home,1,,0,,621
401620322,Jordan Horston,home,4,1535.0,0,1512.0,703|1512|1535|2056
401620322,Victoria Vivians,home,1,,0,,838
401620322,Sevgi Uzun,away,2,,0,1153.9,901|1154
401620322,Natasha Howard,away,4,1559.0,0,978.0,938|978|1559|2110
401620322,Lou Lopez Senechal,away,1,,0,,1011
401620322,Skylar Diggins-Smith,home,1,,0,,1067
401620322,Odyssey Sims,away,2,,0,1981.0,1098|1981
401620322,Ezi Magbegor,home,2,,0,1480.0,1399|1480
401620322,Nneka Ogwumike,home,1,,0,,1643
401620322,Kalani Brown,away,1,,0,,1718
401620322,Joyner Holmes,home,1,,0,,1814
401620322,Mercedes Russell,home,1,,0,,2160
401620322,Jewell Loyd,home,1,,0,,2234
401620322,Nika Muhl,home,1,,0,,2340
401620323,Cheyenne Parker-Tyus,away,3,2198.0,0,1837.0,467|1837|2198
401620323,Breanna Stewart,home,3,2021.0,0,1340.0,619|1340|2021
401620323,Courtney Vandersloot,home,3,1604.0,0,1584.0,673|1584|1604
401620323,Tina Charles,away,4,1859.0,0,1810.0,804|1810|1859|1894
401620323,Jordin Canada,away,1,,0,,887
401620323,Jonquel Jones,home,3,1556.0,0,1428.0,907|1428|1556
401620323,Maya Caldwell,away,1,,0,,1008
401620323,Kennedy Burke,home,1,,0,,1074
401620323,Haley Jones,away,2,,0,1748.9,1309|1749
401620323,Allisha Gray,away,2,,0,1713.0,1347|1713
401620323,Naz Hillmon,away,1,,0,,1462
401620323,Betnijah Laney-Hamilton,home,2,,0,1890.0,1655|1890
401620323,Sabrina Ionescu,home,1,,0,,1779
401620324,Kamilla Cardoso,home,3,2275.0,0,1461.0,185|1461|2275
401620324,Marina Mabrey,home,2,,0,1229.0,369|1229
401620324,Isabelle Harrison,home,4,990.0,1,544.9,400|545|990|1995
401620324,Kayla McBride,away,1,,0,,436
401620324,Alanna Smith,away,3,1705.0,0,694.0,563|694|1705
401620324,Diamond Miller,away,2,,0,1694.0,596|1694
401620324,Diamond DeShields,home,3,827.0,1,807.0,650|807|827
401620324,Angel Reese,home,3,2206.0,0,1826.0,734|1826|2206
401620324,Bridget Carleton,away,2,,0,1077.0,790|1077
401620324,Dorka Juhasz,away,1,,0,,919
401620324,Lindsay Allen,home,3,2365.9,0,2255.0,1276|2255|2366
401620324,Cecilia Zandalasini,away,3,2342.0,0,1907.0,1491|1907|2342
401620324,Courtney Williams,away,1,,0,,1505
401620324,Chennedy Carter,home,2,,0,2339.0,1988|2339
401620324,Lindsay Allen personal,home,1,,0,,2370
401620324,Napheesa Collier,away,1,,0,,2377
401620325,Aliyah Boston,away,5,1514.0,0,1121.0,18|1121|1514|1628|1997
401620325,Caitlin Clark,away,3,1884.0,0,288.0,66|288|1884
401620325,Rebecca Allen,home,2,,0,386.0,130|386
401620325,Natasha Cloud,home,4,1022.0,1,311.0,187|311|1022|2263
401620325,Kahleah Copper,home,5,1602.0,0,1305.0,217|1305|1602|2284|2291
401620325,Sophie Cunningham,home,4,1672.0,0,840.0,414|840|1672|2319
401620325,Natasha Mack,home,2,,0,912.0,487|912
401620325,Diana Taurasi,home,3,1479.0,0,1106.0,528|1106|1479
401620325,Erica Wheeler,away,2,,0,875.0,537|875
401620325,Katie Lou Samuelson,away,1,,0,,782
401620325,Temi Fagbenle,away,5,1695.0,0,886.0,790|886|1695|1726|1765
401620325,Brittney Griner,home,3,1278.0,0,1081.0,790|1081|1278
401620325,Double,away,2,,0,912.0,912|912
401620325,Lexie Hull,away,1,,0,,1071
401620325,NaLyssa Smith,away,5,2303.0,0,2077.0,1155|2077|2303|2330|2359
401620325,Kristy Wallace,away,1,,0,,1631
401620325,Kelsey Mitchell,away,1,,0,,1711
401620325,Sug Sutton personal,home,1,,0,,2381
401620325,Kahleah Copper personal,home,1,,0,,2388
401620325,Sophie Cunningham personal,home,1,,0,,2393
401620326,Alyssa Thomas,away,1,,0,,77
401620326,Natasha Cloud,home,4,2048.0,0,1951.0,315|1951|2048|2134
401620326,Mikiah Herbert Harrigan,home,3,1658.0,0,810.0,339|810|1658
401620326,Liz Dixon,home,2,,0,1683.0,447|1683
401620326,Brionna Jones,away,4,1345.0,0,772.0,509|772|1345|1812
401620326,Sug Sutton,home,2,,0,1094.0,516|1094
401620326,Veronica Burton,away,4,2202.0,0,1669.0,558|1669|2202|2289
401620326,Sophie Cunningham,home,2,,0,2086.0,900|2086
401620326,Natasha Mack,home,4,2310.0,0,2244.0,929|2244|2310|2343
401620326,Tyasha Harris,away,1,,0,,988
401620326,DiJonai Carrington,away,1,,0,,1058
401620326,Brittney Griner,home,1,,0,,1177
401620326,Kahleah Copper,home,2,,0,1835.0,1460|1835
401620326,Tiffany Mitchell,away,2,,0,1847.0,1664|1847
401620326,Olivia Nelson-Ododa,away,1,,0,,1887
401620326,DeWanna Bonner,away,1,,0,,2033
401620327,Ezi Magbegor,home,4,1134.0,1,382.0,185|382|1134|1774
401620327,Teaira McCowan,away,6,1320.0,0,1200.0,242|1200|1320|1673|1673|2223
401620327,Jacy Sheldon,away,2,,0,1222.0,263|1222
401620327,Victoria Vivians,home,2,,0,1649.0,462|1649
401620327,Mercedes Russell,home,3,1814.0,0,534.0,524|534|1814
401620327,Joyner Holmes,home,3,1996.0,0,693.0,652|693|1996
401620327,Natasha Howard,away,3,1728.0,0,837.0,704|837|1728
401620327,Jordan Horston,home,1,,0,,929
401620327,Sevgi Uzun,away,2,,0,2382.0,970|2382
401620327,Nneka Ogwumike,home,2,,0,1575.0,1093|1575
401620327,Monique Billings,away,3,1881.0,0,1829.0,1122|1829|1881
401620327,Lou Lopez Senechal,away,1,,0,,1155
401620327,Skylar Diggins-Smith,home,1,,0,,1448
401620327,Stephanie Soares,away,1,,0,,1588
401620327,Odyssey Sims,away,1,,0,,1666
401620327,Kalani Brown,away,1,,0,,1751
401620327,Arike Ogunbowale,away,1,,0,,1774
401620327,Kiana Williams,home,1,,0,,2017
401620328,Bridget Carleton,away,4,1160.0,1,1037.0,199|1037|1160|1534
401620328,Jonquel Jones,home,3,1884.0,0,399.0,208|399|1884
401620328,Natisha Hiedeman,away,1,,0,,505
401620328,Kennedy Burke,home,2,,0,728.0,533|728
401620328,Alanna Smith,away,2,,0,1884.0,741|1884
401620328,Courtney Williams,away,2,,0,2196.0,896|2196
401620328,Breanna Stewart,home,2,,0,1646.0,973|1646
401620328,Leonie Fiebich,home,4,2102.0,0,1794.9,1090|1795|2102|2168
401620328,Cecilia Zandalasini,away,1,,0,,1939
401620328,Napheesa Collier,away,2,,0,2350.0,2003|2350
401620328,Kayla McBride,away,1,,0,,2333
401620329,Marina Mabrey,away,1,,0,,177
401620329,Allisha Gray,home,1,,0,,219
401620329,Chennedy Carter,away,4,1497.0,0,1404.0,240|1404|1497|1646
401620329,Lindsay Allen,away,1,,0,,446
401620329,Naz Hillmon,home,3,1187.9,1,561.9,502|562|1188
401620329,Jordin Canada,home,1,,0,,595
401620329,Haley Jones,home,3,1630.0,0,1322.0,842|1322|1630
401620329,Nia Coffey,home,3,2284.0,0,1310.0,883|1310|2284
401620329,Diamond DeShields,away,2,,0,2324.0,894|2324
401620329,Isabelle Harrison,away,3,1874.0,0,1789.9,947|1790|1874
401620329,Kamilla Cardoso,away,3,1444.0,0,1267.0,977|1267|1444
401620329,Tina Charles,home,3,1999.0,0,1924.0,1500|1924|1999
401620329,Cheyenne Parker-Tyus,home,2,,0,2298.0,1538|2298
401620329,Dana Evans,away,1,,0,,1616
401620329,Angel Reese,away,2,,0,1972.0,1846|1972
401620329,Jordin Canada personal,home,1,,0,,2378
401620330,Katie Lou Samuelson,away,3,1402.0,0,1017.0,88|1017|1402
401620330,A'ja Wilson,home,2,,0,771.0,100|771
401620330,Aliyah Boston,away,1,,0,,111
401620330,NaLyssa Smith,away,3,898.0,1,341.0,213|341|898
401620330,Kiah Stokes,home,3,1881.0,0,1214.0,245|1214|1881
401620330,Chelsea Gray,home,1,,0,,281
401620330,Kelsey Plum,home,3,1761.9,0,1388.0,312|1388|1762
401620330,Caitlin Clark,away,5,1796.9,0,1440.0,377|1440|1797|1861|2090
401620330,Kelsey Mitchell,away,3,1591.0,0,491.0,431|491|1591
401620330,Megan Gustafson,home,2,,0,670.0,577|670
401620330,Erica Wheeler,away,2,,0,839.0,705|839
401620330,Temi Fagbenle,away,1,,0,,735
401620330,Jackie Young,home,1,,0,,758
401620330,Alysha Clark,home,3,1640.0,0,962.0,943|962|1640
401620331,Kia Nurse,home,4,2150.0,0,1279.0,96|1279|2150|2383
401620331,Aari McDonald,home,3,1685.0,0,1083.0,183|1083|1685
401620331,Dearica Hamby,home,3,1986.0,0,1623.0,198|1623|1986
401620331,Rickea Jackson,home,3,2322.0,0,2156.0,203|2156|2322
401620331,Stefanie Dolson,away,4,1306.0,0,994.0,475|994|1306|1419
401620331,Layshia Clarendon,home,3,972.0,1,613.0,610|613|972
401620331,Jade Melbourne,away,1,,0,,710
401620331,Emily Engstler,away,2,,0,860.0,772|860
401620331,Aaliyah Edwards,away,3,2208.0,0,1767.0,1149|1767|2208
401620331,Myisha Hines-Allen,away,1,,0,,1285
401620331,Ariel Atkins,away,2,,0,2182.0,1604|2182
401620331,Zia Cooke,home,1,,0,,1634
401620331,Li Yueru,home,1,,0,,1800
401620331,Julie Vanloo,away,1,,0,,2098
401620331,Stephanie Talbot,home,2,,0,2385.9,2164|2386
401620331,Shatori Walker-Kimbrough,away,1,,0,,2270
401620331,Layshia Clarendon personal,home,1,,0,,2386
401620332,Diana Taurasi,away,3,1173.9,1,548.9,58|549|1174
401620332,Natasha Cloud,away,5,1133.0,1,471.0,65|471|1133|1424|2116
401620332,Brittney Griner,away,2,,0,1504.0,209|1504
401620332,Natasha Howard,home,3,1538.0,0,1494.0,219|1494|1538
401620332,Jacy Sheldon,home,3,2393.9,0,2116.0,222|2116|2394
401620332,Arike Ogunbowale,home,4,1360.0,0,488.0,226|488|1360|2197
401620332,Natasha Mack,away,2,,0,1922.0,337|1922
401620332,Kalani Brown,home,4,2111.0,0,1619.0,594|1619|2111|2247
401620332,Odyssey Sims,home,3,1765.0,0,1146.9,773|1147|1765
401620332,Teaira McCowan,home,3,1255.0,0,1233.0,803|1233|1255
401620332,Kahleah Copper,away,5,2164.0,0,1378.0,1063|1378|2164|2211|2286
401620332,Rebecca Allen,away,2,,0,1866.0,1389|1866
401620332,Sophie Cunningham,away,4,2025.0,0,1964.0,1607|1964|2025|2133
401620332,Mikiah Herbert Harrigan,away,1,,0,,1643
401620333,Kayla McBride,home,1,,0,,234
401620333,Diamond Miller,home,2,,0,687.0,449|687
401620333,Alyssa Thomas,away,2,,0,2277.0,573|2277
401620333,Tiffany Mitchell,away,2,,0,2129.0,662|2129
401620333,Olivia Epoupa,home,1,,0,,714
401620333,Alanna Smith,home,5,1362.0,0,1326.0,987|1326|1362|1695|2383
401620333,Napheesa Collier,home,1,,0,,1063
401620333,Veronica Burton,away,2,,0,1945.0,1136|1945
401620333,Brionna Jones,away,2,,0,1556.0,1459|1556
401620333,Courtney Williams,home,2,,0,1668.0,1597|1668
401620333,Olivia Nelson-Ododa,away,1,,0,,1740
401620333,Cecilia Zandalasini,home,1,,0,,1786
401620333,Bridget Carleton,home,2,,0,2145.0,2036|2145
401620333,Courtney Williams personal,home,1,,0,,2384
401620334,Aaliyah Edwards,away,5,902.0,1,492.0,286|492|902|1244|1851
401620334,Alysha Clark,home,1,,0,,307
401620334,Jade Melbourne,away,1,,0,,562
401620334,Tiffany Hayes,home,5,1475.0,0,897.0,665|897|1475|1955|2315
401620334,Megan Gustafson,home,2,,0,2230.0,764|2230
401620334,Kiah Stokes,home,1,,0,,827
401620334,Jackie Young,home,4,1235.0,0,1127.0,1001|1127|1235|1594
401620334,Myisha Hines-Allen,away,2,,0,1721.0,1073|1721
401620334,A'ja Wilson,home,3,1678.0,0,1262.0,1119|1262|1678
401620334,Kelsey Plum,home,2,,0,1663.0,1147|1663
401620334,DiDi Richards,away,1,,0,,1335
401620334,Shakira Austin,away,1,,0,,1678
401620334,Kierstan Bell,home,2,,0,2342.8,1966|2343
401620335,Natasha Howard,home,3,1145.9,1,886.0,217|886|1146
401620335,Allisha Gray,away,5,1958.0,0,1730.0,267|1730|1958|2375|2392
401620335,Cheyenne Parker-Tyus,away,3,1031.0,1,824.0,318|824|1031
401620335,Haley Jones defensive 3-seconds (technical,away,1,,0,,335
401620335,Arike Ogunbowale,home,4,1196.0,1,1196.0,393|1196|1196|2078
401620335,Monique Billings,home,2,,0,1499.0,465|1499
401620335,Sevgi Uzun,home,2,,0,609.0,558|609
401620335,Tina Charles,away,3,1682.0,0,903.0,581|903|1682
401620335,Odyssey Sims,home,2,,0,2296.0,759|2296
401620335,Lorela Cubaj,away,1,,0,,936
401620335,Haley Jones,away,4,1672.0,0,1626.0,1191|1626|1672|2180
401620335,Nia Coffey,away,3,2379.9,0,1610.0,1352|1610|2380
401620335,Teaira McCowan,home,4,1468.0,0,1427.0,1386|1427|1468|2217
401620335,Jacy Sheldon,home,1,,0,,1970
401620335,Maya Caldwell,away,2,,0,2149.0,2031|2149
401620336,Aari McDonald,home,4,1692.0,0,1472.0,15|1472|1692|1776
401620336,Kia Nurse,home,2,,0,104.0,67|104
401620336,Kelsey Plum,away,6,1757.9,0,1525.0,117|1525|1758|1758|2352|2560
401620336,Kiah Stokes,away,4,1418.0,0,994.0,304|994|1418|1503
401620336,Li Yueru,home,1,,0,,418
401620336,Jackie Young,away,1,,0,,433
401620336,Tiffany Hayes,away,1,,0,,448
401620336,Layshia Clarendon,home,2,,0,2640.0,670|2640
401620336,Alysha Clark,away,4,1974.0,0,1898.0,690|1898|1974|2676
401620336,Chelsea Gray,away,4,2688.9,0,1240.0,699|1240|2689|2697
401620336,Megan Gustafson,away,2,,0,1413.0,729|1413
401620336,Kate Martin,away,2,,0,915.0,792|915
401620336,A'ja Wilson,away,5,1608.0,0,1330.0,1199|1330|1608|1961|2363
401620336,Dearica Hamby,home,4,1484.0,0,1469.0,1232|1469|1484|2028
401620336,Rae Burrell,home,3,2416.0,0,2197.0,1433|2197|2416
401620336,Curt Miller,home,1,,0,,2279
401620336,Alysha Clark personal,away,1,,0,,2693
401620337,Marina Mabrey,away,3,1594.0,0,915.0,136|915|1594
401620337,Chennedy Carter,away,4,1887.0,0,261.0,184|261|1887|2062
401620337,Angel Reese,away,4,1351.0,0,1227.0,218|1227|1351|1393
401620337,Lindsay Allen,away,4,1947.0,0,1138.0,286|1138|1947|2390
401620337,Ezi Magbegor,home,4,1359.0,0,556.0,387|556|1359|1946
401620337,Kamilla Cardoso,away,4,1539.0,0,684.0,469|684|1539|2035
401620337,Joyner Holmes,home,1,,0,,773
401620337,Mercedes Russell,home,1,,0,,826
401620337,Dana Evans,away,1,,0,,840
401620337,Nneka Ogwumike,home,3,2390.9,0,2072.0,1143|2072|2391
401620337,Jordan Horston,home,2,,0,2097.0,1433|2097
401620337,Jewell Loyd,home,1,,0,,1645
401620337,Brianna Turner,away,2,,0,1728.0,1675|1728
401620337,Skylar Diggins-Smith,home,4,2224.0,0,1911.0,1745|1911|2224|2382
401620337,Sami Whitcomb,home,1,,0,,1918
401620338,Jonquel Jones,away,2,,0,1005.0,172|1005
401620338,NaLyssa Smith,home,4,1114.0,1,679.0,178|679|1114|1235
401620338,Katie Lou Samuelson,home,3,1377.0,0,954.0,544|954|1377
401620338,Breanna Stewart,away,3,2382.8,0,2120.0,592|2120|2383
401620338,Caitlin Clark,home,3,2071.0,0,1930.0,748|1930|2071
401620338,Aliyah Boston,home,2,,0,1869.0,1025|1869
401620338,Lexie Hull,home,3,2173.0,0,2106.0,1172|2106|2173
401620338,Betnijah Laney-Hamilton,away,2,,0,2229.0,1181|2229
401620338,Sabrina Ionescu,away,2,,0,2037.0,1642|2037
401620338,Kayla Thornton,away,2,,0,2161.0,1976|2161
401620338,Breanna Stewart personal,away,1,,0,,2389
401620339,Julie Vanloo,away,4,2286.0,0,803.0,112|803|2286|2371
401620339,DiDi Richards,away,1,,0,,291
401620339,Alanna Smith,home,2,,0,1439.0,469|1439
401620339,Courtney Williams,home,1,,0,,524
401620339,Alissa Pili,home,3,1911.0,0,1847.0,573|1847|1911
401620339,Aaliyah Edwards,away,4,1421.0,0,996.0,853|996|1421|1492
401620339,Sika Kone,home,1,,0,,1066
401620339,Bridget Carleton,home,5,1583.0,0,1377.0,1298|1377|1583|1728|2166
401620339,Ariel Atkins,away,2,,0,1625.0,1331|1625
401620339,Cecilia Zandalasini,home,2,,0,2214.0,1430|2214
401620339,Stefanie Dolson,away,1,,0,,1759
401620339,Natisha Hiedeman,home,1,,0,,1771
401620339,Diamond Miller,home,2,,0,2156.0,1832|2156
401620339,Jade Melbourne,away,1,,0,,2085
401620339,Myisha Hines-Allen,away,1,,0,,2387
401620340,Alyssa Thomas,home,1,,0,,134
401620340,Allisha Gray,away,2,,0,451.0,147|451
401620340,Haley Jones,away,3,1223.0,0,815.0,270|815|1223
401620340,Maya Caldwell,away,3,2169.0,0,344.0,297|344|2169
401620340,Naz Hillmon,away,2,,0,1471.0,436|1471
401620340,Veronica Burton,home,2,,0,1864.0,509|1864
401620340,Laeticia Amihere,away,2,,0,804.0,761|804
401620340,DiJonai Carrington,home,3,2106.0,0,1290.0,1033|1290|2106
401620340,Nia Coffey,away,1,,0,,1403
401620340,Tina Charles,away,2,,0,1542.0,1424|1542
401620340,Brionna Jones,home,1,,0,,1457
401620340,DeWanna Bonner,home,2,,0,1799.8,1633|1800
401620340,Olivia Nelson-Ododa,home,3,2001.0,0,1896.0,1814|1896|2001
401620340,Lorela Cubaj,away,3,2235.0,0,2122.0,1832|2122|2235
401620340,Rachel Banham,home,2,,0,2295.0,2273|2295
401620341,Natasha Howard,away,2,,0,2146.0,171|2146
401620341,Alysha Clark,home,4,1387.0,0,1307.0,307|1307|1387|2052
401620341,Kelsey Plum,home,1,,0,,328
401620341,Jacy Sheldon,away,4,1285.0,0,1160.9,342|1161|1285|2253
401620341,Monique Billings,away,3,1991.0,0,1958.0,426|1958|1991
401620341,Kalani Brown,away,1,,0,,505
401620341,Teaira McCowan,away,3,1751.9,0,1476.0,807|1476|1752
401620341,Chelsea Gray,home,2,,0,892.0,844|892
401620341,Jackie Young,home,2,,0,2164.0,1379|2164
401620341,Odyssey Sims,away,1,,0,,1555
401620341,Tiffany Hayes,home,1,,0,,1584
401620341,Arike Ogunbowale,away,3,2028.0,0,1746.9,1695|1747|2028
401620341,Sevgi Uzun,away,1,,0,,1697
401620341,Megan Gustafson defensive 3-seconds (technical,home,1,,0,,1851
401620341,Double,away,1,,0,,1858
401620341,Sydney Colson,home,2,,0,2264.0,2263|2264
401620341,Megan Gustafson,home,2,,0,2278.0,2268|2278
401620342,Ezi Magbegor,home,4,1987.0,0,1717.0,147|1717|1987|2020
401620342,Chennedy Carter,away,5,1587.0,0,1328.0,292|1328|1587|1717|2248
401620342,Kamilla Cardoso,away,1,,0,,328
401620342,Lindsay Allen,away,3,2298.0,0,1644.0,435|1644|2298
401620342,Angel Reese,away,4,1446.0,0,1023.0,568|1023|1446|2357
401620342,Jordan Horston,home,2,,0,1619.0,581|1619
401620342,Sami Whitcomb,home,2,,0,981.0,752|981
401620342,Skylar Diggins-Smith,home,5,1460.0,0,1273.0,852|1273|1460|1535|2200
401620342,Marina Mabrey,away,3,1358.0,0,1128.0,1103|1128|1358
401620342,Jewell Loyd,home,1,,0,,1139
401620342,Diamond DeShields,away,1,,0,,1490
401620342,Dana Evans,away,1,,0,,2001
401620342,Isabelle Harrison,away,1,,0,,2064
401620342,Nneka Ogwumike,home,1,,0,,2231
401620343,Rickea Jackson,home,2,,0,1173.8,44|1174
401620343,Sophie Cunningham,away,4,1523.0,0,1132.0,63|1132|1523|1833
401620343,Kia Nurse,home,3,2386.9,0,1490.0,78|1490|2387
401620343,Kahleah Copper,away,2,,0,794.0,114|794
401620343,Dearica Hamby,home,4,1261.0,0,540.0,190|540|1261|1787
401620343,Mikiah Herbert Harrigan,away,5,1499.0,0,1268.0,355|1268|1499|1910|2272
401620343,Natasha Mack,away,1,,0,,424
401620343,Li Yueru,home,3,572.9,1,556.0,498|556|573
401620343,Layshia Clarendon,home,2,,0,786.0,676|786
401620343,Azura Stevens,home,3,2088.0,0,2080.0,819|2080|2088
401620343,Natasha Cloud,away,3,1624.0,0,1347.0,909|1347|1624
401620343,Sug Sutton,away,2,,0,1118.0,1016|1118
401620343,Zia Cooke,home,2,,0,1949.0,1189|1949
401620343,Aari McDonald,home,3,1448.0,0,1404.0,1335|1404|1448
401620343,Brittney Griner,away,5,1888.0,0,1667.0,1365|1667|1888|2143|2218
401620343,Rae Burrell,home,2,,0,2377.0,1879|2377
401620344,Kia Nurse,home,2,,0,710.0,42|710
401620344,Alanna Smith,away,5,1148.0,1,431.0,88|431|1148|1436|2037
401620344,Li Yueru,home,4,1618.0,0,1553.0,298|1553|1618|2339
401620344,Courtney Williams,away,1,,0,,342
401620344,Layshia Clarendon,home,5,1797.9,0,680.0,383|680|1798|2030|2305
401620344,Cecilia Zandalasini,away,4,1638.0,0,725.0,466|725|1638|1883
401620344,Alissa Pili,away,2,,0,1780.9,514|1781
401620344,Diamond Miller,away,3,2389.9,0,1738.0,644|1738|2390
401620344,Aari McDonald,home,1,,0,,758
401620344,Bridget Carleton,away,3,2185.0,0,989.0,910|989|2185
401620344,Dearica Hamby,home,3,1174.0,1,1091.0,960|1091|1174
401620344,Rickea Jackson,home,2,,0,2076.0,989|2076
401620344,Azura Stevens,home,1,,0,,1936
401620344,Zia Cooke,home,1,,0,,1990
401620344,Rae Burrell,home,1,,0,,2086
401620344,Natisha Hiedeman,away,3,2357.9,0,2263.0,2147|2263|2358
401620344,Dorka Juhasz,away,1,,0,,2221
401620345,Tyasha Harris,home,3,1618.0,0,1285.0,18|1285|1618
401620345,Leonie Fiebich,away,4,1090.0,1,1004.0,67|1004|1090|1635
401620345,Alyssa Thomas,home,3,2199.0,0,482.0,81|482|2199
401620345,Courtney Vandersloot,away,3,2067.0,0,312.0,260|312|2067
401620345,Jonquel Jones,away,3,1946.0,0,722.0,371|722|1946
401620345,Tiffany Mitchell,home,2,,0,2009.0,660|2009
401620345,Brionna Jones,home,2,,0,2004.0,661|2004
401620345,Kennedy Burke,away,2,,0,1796.9,903|1797
401620345,DiJonai Carrington,home,4,1474.0,0,1433.0,1101|1433|1474|1547
401620345,Breanna Stewart,away,2,,0,1820.0,1193|1820
401620345,Kayla Thornton,away,2,,0,1665.0,1570|1665
401620345,DeWanna Bonner,home,1,,0,,1855
401620346,Aliyah Boston,home,5,835.0,1,341.0,187|341|835|1278|1535
401620346,Myisha Hines-Allen,away,2,,0,912.0,403|912
401620346,Katie Lou Samuelson,home,5,1667.0,0,1067.0,431|1067|1667|1986|2054
401620346,Kelsey Mitchell,home,1,,0,,583
401620346,NaLyssa Smith,home,3,1789.9,0,983.0,641|983|1790
401620346,Julie Vanloo,away,4,1340.0,0,1260.0,695|1260|1340|2299
401620346,Stefanie Dolson,away,3,1421.0,0,1216.0,813|1216|1421
401620346,Jade Melbourne,away,3,2235.0,0,922.0,921|922|2235
401620346,Aaliyah Edwards,away,1,,0,,968
401620346,Ariel Atkins,away,4,2335.0,0,1482.0,1147|1482|2335|2355
401620346,Caitlin Clark,home,5,1516.0,0,1463.0,1342|1463|1516|1617|2241
401620346,Emily Engstler,away,1,,0,,1823
401620346,Damiris Dantas,home,1,,0,,2075
401620346,Erica Wheeler,home,1,,0,,2384
401620347,Haley Jones,away,3,1461.0,0,1096.0,312|1096|1461
401620347,Kamilla Cardoso,home,3,2000.0,0,354.0,326|354|2000
401620347,Brianna Turner,home,1,,0,,435
401620347,Michaela Onyenwere,home,1,,0,,925
401620347,Angel Reese,home,4,1782.0,0,1651.0,1159|1651|1782|1868
401620347,Marina Mabrey,home,2,,0,1514.0,1437|1514
401620347,Nia Coffey,away,1,,0,,1439
401620347,Naz Hillmon,away,1,,0,,1495
401620347,Isabelle Harrison,home,1,,0,,2006
401620347,Maya Caldwell,away,1,,0,,2018
401620347,Dana Evans,home,1,,0,,2038
401620347,Destanni Henderson,away,1,,0,,2091
401620347,Allisha Gray,away,1,,0,,2143
401620347,Tina Charles,away,2,,0,2393.9,2188|2394
401620347,Tanisha Wright,away,1,,0,,2337
401620347,Allisha Gray personal,away,1,,0,,2380
401620348,Jackie Young,away,5,2017.0,0,1266.0,464|1266|2017|2023|2189
401620348,Joyner Holmes,home,1,,0,,522
401620348,Tiffany Hayes,away,2,,0,1693.0,593|1693
401620348,Sami Whitcomb,home,1,,0,,616
401620348,Alysha Clark,away,3,2291.0,0,1196.9,780|1197|2291
401620348,Ezi Magbegor,home,2,,0,2397.9,963|2398
401620348,Chelsea Gray,away,1,,0,,1346
401620348,Jordan Horston,home,2,,0,2151.0,1359|2151
401620348,Jewell Loyd,home,2,,0,1611.0,1388|1611
401620348,Skylar Diggins-Smith,home,5,2004.0,0,1519.0,1505|1519|2004|2074|2344
401620348,Kelsey Plum,away,3,2354.9,0,1988.0,1687|1988|2355
401620348,Victoria Vivians,home,1,,0,,1737
401620349,Arike Ogunbowale,away,4,1220.0,0,738.0,94|738|1220|1897
401620349,Kahleah Copper,home,4,1541.0,0,1144.0,321|1144|1541|1851
401620349,Mikiah Herbert Harrigan,home,4,1423.0,0,790.0,338|790|1423|2116
401620349,Natasha Howard,away,3,1817.0,0,1061.0,358|1061|1817
401620349,Sophie Cunningham,home,3,2088.0,0,1537.0,517|1537|2088
401620349,Kalani Brown,away,3,1456.0,0,1160.8,713|1161|1456
401620349,Rebecca Allen,home,2,,0,1297.0,924|1297
401620349,Sug Sutton,home,1,,0,,949
401620349,Brittney Griner,home,2,,0,1019.0,976|1019
401620349,Jacy Sheldon,away,1,,0,,1274
401620349,Odyssey Sims,away,3,1863.0,0,1523.0,1416|1523|1863
401620349,Natasha Mack,home,1,,0,,1640
401620349,Teaira McCowan,away,3,2329.0,0,2097.0,1659|2097|2329
401620349,Teaira McCowan defensive 3-seconds (technical,away,1,,0,,1738
401620349,Natasha Cloud,home,2,,0,2197.0,1966|2197
401620349,Monique Billings,away,1,,0,,2049
401620350,Sabrina Ionescu,home,1,,0,,250
401620350,Kamilla Cardoso,away,2,,0,379.0,290|379
401620350,Leonie Fiebich,home,1,,0,,362
401620350,Courtney Vandersloot,home,2,,0,1721.0,633|1721
401620350,Marina Mabrey,away,4,1484.0,0,870.0,857|870|1484|1989
401620350,Chennedy Carter,away,2,,0,1539.0,894|1539
401620350,Jonquel Jones,home,3,1942.0,0,1932.0,976|1932|1942
401620350,Isabelle Harrison,away,1,,0,,1173
401620350,Lindsay Allen,away,5,1583.0,0,1518.0,1429|1518|1583|1858|1958
401620350,Diamond DeShields,away,2,,0,1754.9,1674|1755
401620350,Nyara Sabally,home,2,,0,1839.0,1733|1839
401620350,Angel Reese,away,2,,0,2271.0,2249|2271
401620351,Haley Jones,home,3,1265.0,0,1088.0,137|1088|1265
401620351,Allisha Gray,home,1,,0,,176
401620351,Tina Charles,home,4,1350.0,0,978.0,319|978|1350|2087
401620351,Alysha Clark,away,2,,0,1855.0,457|1855
401620351,Jackie Young,away,2,,0,1684.0,474|1684
401620351,Maya Caldwell,home,2,,0,1012.0,555|1012
401620351,Chelsea Gray,away,1,,0,,600
401620351,Kiah Stokes,away,2,,0,1337.0,760|1337
401620351,Destanni Henderson,home,3,2361.0,0,1512.0,949|1512|2361
401620351,Kelsey Plum,away,3,2218.0,0,2199.0,1056|2199|2218
401620351,Nia Coffey,home,1,,0,,1768
401620351,Kate Martin,away,2,,0,1979.0,1772|1979
401620351,A'ja Wilson,away,2,,0,2071.0,1954|2071
401620352,Rebecca Allen,away,1,,0,,247
401620352,Kelsey Mitchell,home,4,1766.9,0,1291.0,268|1291|1767|2114
401620352,Caitlin Clark,home,2,,0,1878.0,479|1878
401620352,Natasha Mack,away,4,1305.0,0,1192.0,552|1192|1305|1358
401620352,Damiris Dantas,home,1,,0,,630
401620352,Lexie Hull,home,6,2163.0,0,900.0,802|900|2163|2290|2329|2360
401620352,Erica Wheeler,home,1,,0,,907
401620352,Kahleah Copper,away,5,1516.0,0,1130.0,946|1130|1516|2135|2322
401620352,Sophie Cunningham,away,2,,0,2246.0,1072|2246
401620352,Katie Lou Samuelson,home,1,,0,,1177
401620352,Mikiah Herbert Harrigan,away,2,,0,1368.0,1323|1368
401620352,Aliyah Boston,home,1,,0,,1986
401620352,Sophie Cunningham personal,away,1,,0,,2361
401620353,Nneka Ogwumike,home,1,,0,,104
401620353,Dorka Juhasz,away,3,1666.0,0,1340.0,178|1340|1666
401620353,Jewell Loyd,home,2,,0,931.0,312|931
401620353,Cecilia Zandalasini,away,3,711.0,1,569.9,542|570|711
401620353,Diamond Miller,away,2,,0,1643.0,624|1643
401620353,Alissa Pili,away,1,,0,,667
401620353,Alanna Smith,away,3,2006.0,0,1575.0,724|1575|2006
401620353,Victoria Vivians,home,1,,0,,796
401620353,Bridget Carleton,away,2,,0,880.0,814|880
401620353,Skylar Diggins-Smith,home,3,1321.0,0,1243.0,968|1243|1321
401620353,Joyner Holmes,home,2,,0,2222.0,972|2222
401620353,Natisha Hiedeman,away,1,,0,,983
401620353,Ezi Magbegor,home,3,1948.0,0,1586.0,1083|1586|1948
401620353,Jordan Horston,home,2,,0,1743.0,1132|1743
401620353,Courtney Williams,away,1,,0,,1331
401620353,Kayla McBride,away,1,,0,,1528
401620353,Mercedes Russell,home,2,,0,2113.0,1994|2113
401620353,Sami Whitcomb,home,1,,0,,2257
401620354,Courtney Vandersloot,away,2,,0,159.0,111|159
401620354,Angel Reese,home,5,1616.0,0,1015.0,313|1015|1616|1973|1973
401620354,Chennedy Carter,home,3,1194.0,1,1191.0,345|1191|1194
401620354,Diamond DeShields,home,1,,0,,435
401620354,Lindsay Allen,home,2,,0,1706.0,691|1706
401620354,Kayla Thornton,away,1,,0,,735
401620354,Jonquel Jones,away,2,,0,987.0,973|987
401620354,Michaela Onyenwere,home,2,,0,1302.0,1023|1302
401620354,Marina Mabrey,home,2,,0,1058.0,1058|1058
401620354,Kennedy Burke,away,1,,0,,1293
401620354,Sabrina Ionescu,away,2,,0,2182.0,1433|2182
401620354,Kamilla Cardoso,home,2,,0,2105.0,1641|2105
401620354,Nyara Sabally,away,1,,0,,1665
401620354,Ivana Dojkic,away,1,,0,,1773
401620354,Teresa Weatherspoon,home,1,,0,,2282
401620354,Leonie Fiebich,away,1,,0,,2352
401620355,Rickea Jackson,away,4,1189.9,1,658.0,40|658|1190|1631
401620355,Natasha Howard,home,3,2359.9,0,1090.0,221|1090|2360
401620355,Jacy Sheldon,home,2,,0,1949.0,258|1949
401620355,Kalani Brown,home,3,1415.0,0,976.0,453|976|1415
401620355,Odyssey Sims,home,3,2020.0,0,1460.0,503|1460|2020
401620355,Zia Cooke,away,1,,0,,790
401620355,Dearica Hamby,away,4,1358.0,0,1123.0,893|1123|1358|1574
401620355,Azura Stevens,away,5,1940.0,0,1524.0,988|1524|1940|2076|2252
401620355,Sevgi Uzun,home,1,,0,,1059
401620355,Arike Ogunbowale,home,5,1570.0,0,1502.0,1309|1502|1570|1592|2348
401620355,Kia Nurse,away,2,,0,1514.0,1476|1514
401620355,Layshia Clarendon,away,1,,0,,1608
401620355,Teaira McCowan,home,1,,0,,1880
401620355,Jacy Sheldon personal,home,2,,0,2381.0,2371|2381
401620356,DiJonai Carrington,home,1,,0,,334
401620356,Rebecca Allen,away,2,,0,856.0,460|856
401620356,Kahleah Copper,away,3,2312.0,0,1765.9,468|1766|2312
401620356,Rachel Banham,home,2,,0,1677.0,657|1677
401620356,Brionna Jones,home,3,1036.0,1,958.0,685|958|1036
401620356,Natasha Cloud,away,4,1537.0,0,978.0,828|978|1537|1688
401620356,Olivia Nelson-Ododa,home,2,,0,2393.9,1119|2394
401620356,Diana Taurasi,away,1,,0,,1127
401620356,Sophie Cunningham,away,2,,0,1670.0,1151|1670
401620356,Brittney Griner,away,1,,0,,1263
401620356,Alyssa Thomas,home,2,,0,1346.0,1306|1346
401620356,DeWanna Bonner,home,1,,0,,1941
401620356,Astou Ndour-Fall,home,1,,0,,2325
401620357,Kelsey Plum,away,3,1649.0,0,365.0,73|365|1649
401620357,Stefanie Dolson,home,4,2028.0,0,860.0,167|860|2028|2110
401620357,Shatori Walker-Kimbrough,home,3,2041.0,0,1980.0,355|1980|2041
401620357,Julie Vanloo,home,1,,0,,417
401620357,Alysha Clark,away,3,2170.0,0,1639.0,481|1639|2170
401620357,Aaliyah Edwards,home,2,,0,875.0,504|875
401620357,Kate Martin,away,1,,0,,556
401620357,Kiah Stokes,away,1,,0,,638
401620357,Emily Engstler,home,2,,0,1850.0,665|1850
401620357,Megan Gustafson,away,1,,0,,837
401620357,Jackie Young,away,2,,0,1909.0,868|1909
401620357,A'ja Wilson,away,1,,0,,912
401620357,Ariel Atkins,home,3,2375.9,0,1393.0,1110|1393|2376
401620357,Chelsea Gray,away,2,,0,1375.0,1328|1375
401620357,Myisha Hines-Allen,home,1,,0,,1522
401620357,Jade Melbourne,home,3,2353.0,0,1887.0,1766|1887|2353
401620359,Aliyah Boston,away,1,,0,,115
401620359,Caitlin Clark,away,4,1654.0,0,535.0,145|535|1654|2365
401620359,Alanna Smith,home,5,1257.0,0,493.0,233|493|1257|1460|2178
401620359,NaLyssa Smith,away,3,1735.0,0,802.0,265|802|1735
401620359,Courtney Williams,home,1,,0,,338
401620359,Dorka Juhasz,home,2,,0,673.0,500|673
401620359,Kayla McBride,home,2,,0,2297.0,627|2297
401620359,Bridget Carleton,home,2,,0,1695.0,817|1695
401620359,Cecilia Zandalasini,home,2,,0,1654.0,900|1654
401620359,Lexie Hull,away,3,2128.0,0,1945.0,1017|1945|2128
401620359,Sika Kone defensive 3-seconds (technical,home,1,,0,,1856
401620359,Kelsey Mitchell,away,1,,0,,2124
401620359,Courtney Williams personal,home,2,,0,2389.9,2384|2390
401620358,Jordan Horston,home,3,2145.0,0,1143.0,227|1143|2145
401620358,Tina Charles,away,2,,0,1524.0,286|1524
401620358,Nneka Ogwumike,home,3,2285.0,0,1615.0,376|1615|2285
401620358,Maya Caldwell,away,2,,0,1379.0,488|1379
401620358,Allisha Gray,away,2,,0,1875.0,572|1875
401620358,Cheyenne Parker-Tyus defensive 3-seconds (technical,away,1,,0,,743
401620358,Sami Whitcomb,home,4,2310.0,0,1795.0,998|1795|2310|2342
401620358,Haley Jones,away,1,,0,,1119
401620358,Naz Hillmon,away,1,,0,,1313
401620358,Jewell Loyd,home,1,,0,,1787
401620358,Nia Coffey,away,2,,0,1890.0,1887|1890
401620358,Destanni Henderson,away,1,,0,,1976
401620358,Aerial Powers,away,2,,0,2099.0,2035|2099
401620358,Cheyenne Parker-Tyus,away,1,,0,,2067
401620360,Shatori Walker-Kimbrough,home,2,,0,2044.0,85|2044
401620360,Kahleah Copper,away,3,2111.0,0,312.0,168|312|2111
401620360,Julie Vanloo,home,3,2194.0,0,1290.0,213|1290|2194
401620360,Natasha Mack,away,1,,0,,427
401620360,Mikiah Herbert Harrigan,away,2,,0,571.9,433|572
401620360,Natasha Cloud,away,2,,0,2237.0,443|2237
401620360,Aaliyah Edwards,home,3,1008.0,1,492.0,488|492|1008
401620360,Brittney Griner,away,1,,0,,560
401620360,Diana Taurasi,away,3,751.0,1,654.0,596|654|751
401620360,Eric Thibault,home,1,,0,,654
401620360,Jade Melbourne,home,3,1812.0,0,1706.0,661|1706|1812
401620360,Myisha Hines-Allen,home,3,1759.9,0,1538.0,698|1538|1760
401620360,Rebecca Allen,away,2,,0,1030.0,1030|1030
401620360,Ariel Atkins,home,3,1909.0,0,1379.0,1052|1379|1909
401620360,Sophie Cunningham,away,1,,0,,1668
401620360,Stefanie Dolson,home,2,,0,2135.0,2125|2135
401620361,Kia Nurse,home,1,,0,,330
401620361,Dearica Hamby defensive 3-seconds (technical,home,1,,0,,338
401620361,Layshia Clarendon,home,6,1826.0,0,1610.0,354|1610|1826|2030|2382|2394
401620361,Aari McDonald,home,3,1227.0,0,847.0,495|847|1227
401620361,Rae Burrell,home,5,1125.0,1,948.0,504|948|1125|2129|2390
401620361,Mercedes Russell,away,1,,0,,542
401620361,Skylar Diggins-Smith,away,4,2217.0,0,1480.0,677|1480|2217|2248
401620361,Jewell Loyd,away,4,2050.0,0,916.0,898|916|2050|2381
401620361,Ezi Magbegor,away,4,1548.0,0,1353.0,985|1353|1548|1623
401620361,Azura Stevens,home,3,1592.0,0,1169.0,1019|1169|1592
401620361,Jordan Horston,away,1,,0,,1083
401620361,Dearica Hamby,home,5,1767.8,0,1410.0,1099|1410|1768|2035|2077
401620361,Victoria Vivians,away,1,,0,,1846
401620361,Joyner Holmes,away,1,,0,,1881
401620361,Sami Whitcomb,away,1,,0,,1954
401620362,Tyasha Harris,away,2,,0,1377.0,71|1377
401620362,DeWanna Bonner,away,3,1628.0,0,1364.0,163|1364|1628
401620362,Jonquel Jones,home,3,2098.0,0,2093.0,306|2093|2098
401620362,Kennedy Burke,home,2,,0,1129.0,374|1129
401620362,Veronica Burton,away,1,,0,,483
401620362,Tiffany Mitchell,away,2,,0,1099.0,712|1099
401620362,Brionna Jones,away,3,2139.0,0,1522.0,732|1522|2139
401620362,DiJonai Carrington,away,3,1577.0,0,1450.0,738|1450|1577
401620362,Kayla Thornton,home,3,2341.9,0,1628.0,834|1628|2342
401620362,Nyara Sabally,home,1,,0,,865
401620362,Leonie Fiebich,home,2,,0,1911.0,1088|1911
401620362,Courtney Vandersloot,home,4,1631.0,0,1434.0,1302|1434|1631|1742
401620362,Ivana Dojkic,home,1,,0,,1470
401620362,Brionna Jones personal,away,1,,0,,2348
401620362,DeWanna Bonner personal,away,1,,0,,2350
401620363,Kelsey Plum,home,2,,0,2368.8,104|2369
401620363,Kamilla Cardoso,away,2,,0,2186.0,168|2186
401620363,Marina Mabrey,away,3,2312.0,0,1769.9,216|1770|2312
401620363,Chelsea Gray,home,2,,0,2379.0,399|2379
401620363,Alysha Clark,home,1,,0,,492
401620363,Tiffany Hayes,home,3,2197.0,0,1596.0,517|1596|2197
401620363,Dana Evans,away,2,,0,1872.0,521|1872
401620363,Chennedy Carter,away,4,1735.0,0,630.0,600|630|1735|2372
401620363,Jackie Young,home,4,2168.0,0,1691.0,806|1691|2168|2369
401620363,Michaela Onyenwere,away,2,,0,1676.0,996|1676
401620363,Angel Reese,away,3,1947.0,0,1350.0,1302|1350|1947
401620363,Kiah Stokes,home,1,,0,,1465
401620363,Megan Gustafson,home,1,,0,,2374
401620364,Bridget Carleton,home,4,956.0,1,835.0,319|835|956|2014
401620364,Natisha Hiedeman,home,3,1654.0,0,1630.0,476|1630|1654
401620364,Haley Jones,away,6,1219.0,0,676.0,501|676|1219|1263|2068|2390
401620364,Rhyne Howard,away,2,,0,1389.0,555|1389
401620364,Dorka Juhasz,home,3,1726.0,0,1579.0,909|1579|1726
401620364,Sika Kone,home,1,,0,,1015
401620364,Alanna Smith,home,2,,0,2084.0,1252|2084
401620364,Tina Charles,away,1,,0,,1399
401620364,Maya Caldwell,away,1,,0,,1596
401620364,Nia Coffey,away,1,,0,,1621
401620364,Cheyenne Parker-Tyus,away,4,2191.0,0,2149.0,1782|2149|2191|2201
401620364,Aerial Powers,away,3,2264.0,0,2002.0,1907|2002|2264
401620364,Kayla McBride,home,2,,0,2349.9,2319|2350
401620364,Allisha Gray,away,1,,0,,2359
401620365,Jacy Sheldon,home,4,1597.0,0,398.0,195|398|1597|1799
401620365,Natasha Howard,home,4,1166.0,1,865.0,203|865|1166|1488
401620365,Katie Lou Samuelson,away,4,1352.0,0,696.0,300|696|1352|1720
401620365,Teaira McCowan,home,4,834.0,1,823.0,314|823|834|1929
401620365,Aliyah Boston,away,3,1288.0,0,980.0,367|980|1288
401620365,Lexie Hull,away,1,,0,,535
401620365,NaLyssa Smith,away,2,,0,2382.9,580|2383
401620365,Arike Ogunbowale,home,1,,0,,900
401620365,Kelsey Mitchell,away,3,2375.9,0,1067.0,929|1067|2376
401620365,Sevgi Uzun,home,1,,0,,967
401620365,Monique Billings,home,1,,0,,1019
401620365,Kalani Brown,home,2,,0,2293.0,1198|2293
401620365,Damiris Dantas,away,1,,0,,1988
401620365,Caitlin Clark,away,1,,0,,2308
401620458,Kelsey Mitchell,home,1,,0,,505
401620458,Kelsey Plum,away,2,,0,708.0,565|708
401620458,Kahleah Copper,away,3,1687.0,0,819.0,610|819|1687
401620458,Jonquel Jones,home,1,,0,,642
401620458,Caitlin Clark,home,2,,0,1475.0,851|1475
401620458,A'ja Wilson,away,1,,0,,913
401620458,Aliyah Boston,home,1,,0,,927
401620458,Allisha Gray,home,1,,0,,997
401620458,Diana Taurasi,away,2,,0,2354.9,1064|2355
401620458,Kayla McBride,home,2,,0,1480.0,1097|1480
401620458,Sabrina Ionescu,away,1,,0,,1760
401620458,Brionna Jones,home,1,,0,,1966
401620458,Jackie Young,away,1,,0,,2058
401620458,Angel Reese,home,1,,0,,2082
401620458,Breanna Stewart,away,2,,0,2383.9,2268|2384
401620458,Arike Ogunbowale,home,2,,0,2302.0,2289|2302
401620458,Nneka Ogwumike,home,1,,0,,2370
401620458,Sabrina Ionescu personal,away,1,,0,,2393
401620366,Kahleah Copper,away,4,1730.0,0,871.0,28|871|1730|1778
401620366,Brittney Griner,away,1,,0,,38
401620366,Rachel Banham,home,3,1537.0,0,1232.0,59|1232|1537
401620366,Kamilla Cardoso,home,3,2298.0,0,1088.0,69|1088|2298
401620366,Sophie Cunningham,away,2,,0,2094.0,120|2094
401620366,Lindsay Allen,home,2,,0,1081.0,127|1081
401620366,Natasha Cloud,away,5,1431.0,0,808.0,265|808|1431|1520|1527
401620366,Angel Reese,home,3,2201.0,0,2127.0,292|2127|2201
401620366,Natasha Mack,away,5,1017.0,1,564.9,520|565|1017|1060|1685
401620366,Brianna Turner,home,1,,0,,578
401620366,Michaela Onyenwere,home,3,2168.0,0,1400.0,682|1400|2168
401620366,Isabelle Harrison,home,2,,0,1923.0,793|1923
401620366,Mikiah Herbert Harrigan,away,1,,0,,1108
401620366,Diana Taurasi,away,2,,0,1400.0,1391|1400
401620366,Double,home,1,,0,,1400
401620366,Diamond DeShields,home,2,,0,1778.0,1600|1778
401620366,Dana Evans,home,1,,0,,2284
401620367,Ariel Atkins,away,2,,0,1664.0,193|1664
401620367,Napheesa Collier,home,2,,0,333.0,323|333
401620367,Courtney Williams,home,5,1423.0,0,1057.0,367|1057|1423|1902|2327
401620367,Aaliyah Edwards,away,4,1000.0,1,947.0,559|947|1000|1715
401620367,Shakira Austin,away,4,2361.9,0,769.0,597|769|2362|2371
401620367,Diamond Miller,home,1,,0,,838
401620367,Karlie Samuelson,away,1,,0,,996
401620367,Myisha Hines-Allen,away,2,,0,1092.0,1006|1092
401620367,Stefanie Dolson,away,1,,0,,1025
401620367,Jade Melbourne,away,1,,0,,1033
401620367,Bridget Carleton,home,3,2148.0,0,2028.0,1329|2028|2148
401620367,Alanna Smith,home,4,1700.0,0,1577.0,1484|1577|1700|2367
401620367,Kayla McBride,home,2,,0,2309.0,1653|2309
401620367,Julie Vanloo,away,2,,0,2055.0,1700|2055
401620367,Cecilia Zandalasini,home,1,,0,,1857
401620367,Shakira Austin clear path,away,1,,0,,1884
401620367,Brittney Sykes personal,away,1,,0,,2382
401620368,Jonquel Jones,away,1,,0,,181
401620368,Dearica Hamby,home,2,,0,1189.8,274|1190
401620368,Li Yueru,home,2,,0,2250.0,307|2250
401620368,Ivana Dojkic,away,2,,0,2034.0,364|2034
401620368,Nyara Sabally,away,5,963.0,1,583.9,443|584|963|1734|2175
401620368,Rae Burrell,home,3,1699.0,0,641.0,500|641|1699
401620368,Sabrina Ionescu,away,2,,0,1374.0,655|1374
401620368,Kia Nurse,home,2,,0,1143.9,733|1144
401620368,Leonie Fiebich,away,1,,0,,971
401620368,Courtney Vandersloot,away,3,1371.0,0,999.0,992|999|1371
401620368,Layshia Clarendon,home,1,,0,,1070
401620368,Breanna Stewart,away,1,,0,,1269
401620368,Kayla Thornton,away,1,,0,,1800
401620368,Marquesha Davis,away,1,,0,,2316
401620369,Allisha Gray,home,1,,0,,10
401620369,Nneka Ogwumike,away,3,1954.0,0,54.0,24|54|1954
401620369,Rhyne Howard,home,3,2378.0,0,2363.9,136|2364|2378
401620369,Ezi Magbegor,away,3,2378.0,0,1665.0,252|1665|2378
401620369,Skylar Diggins-Smith,away,4,2025.0,0,1763.0,293|1763|2025|2390
401620369,Cheyenne Parker-Tyus,home,1,,0,,498
401620369,Mercedes Russell,away,1,,0,,642
401620369,Tina Charles,home,3,1859.0,0,1385.0,669|1385|1859
401620369,Naz Hillmon,home,2,,0,1774.9,1092|1775
401620369,Jordin Canada,home,4,1239.0,0,1194.8,1182|1195|1239|2123
401620369,Joyner Holmes,away,3,1849.0,0,1838.0,1200|1838|1849
401620369,Victoria Vivians,away,1,,0,,1580
401620369,Jordan Horston,away,2,,0,2016.0,1939|2016
401620369,Jewell Loyd,away,1,,0,,2319
401620370,Kahleah Copper,away,4,1259.0,0,520.0,187|520|1259|2109
401620370,Diana Taurasi,away,4,1962.0,0,242.0,198|242|1962|2218
401620370,Brittney Griner,away,6,802.0,1,655.0,242|655|802|1809|1973|1973
401620370,Erica Wheeler,home,1,,0,,451
401620370,Lexie Hull,home,4,1912.0,0,1849.0,553|1849|1912|2358
401620370,Damiris Dantas,home,2,,0,1613.0,613|1613
401620370,Sophie Cunningham,away,2,,0,973.0,728|973
401620370,Caitlin Clark,home,2,,0,2202.0,1100|2202
401620370,Aliyah Boston,home,2,,0,1840.0,1246|1840
401620370,NaLyssa Smith,home,3,2242.0,0,2125.0,1326|2125|2242
401620370,Kelsey Mitchell,home,3,2289.0,0,1493.0,1483|1493|2289
401620370,Double,home,1,,0,,1493
401620370,Natasha Cloud,away,1,,0,,1720
401620370,Natasha Mack,away,1,,0,,1753
401620370,Kahleah Copper personal,away,1,,0,,2362
401620371,Arike Ogunbowale,home,6,1182.9,1,804.0,206|804|1183|1183|1668|2312
401620371,Brionna Jones,away,3,2132.0,0,1932.0,331|1932|2132
401620371,DeWanna Bonner,away,2,,0,2058.0,481|2058
401620371,Kalani Brown,home,2,,0,1771.0,517|1771
401620371,Olivia Nelson-Ododa,away,2,,0,1562.0,578|1562
401620371,Alyssa Thomas,away,3,1378.0,0,1038.0,584|1038|1378
401620371,Satou Sabally,home,3,1787.9,0,937.0,600|937|1788
401620371,Natasha Howard,home,4,2144.0,0,1135.0,677|1135|2144|2224
401620371,Tyasha Harris,away,3,2272.0,0,2196.0,753|2196|2272
401620371,Teaira McCowan,home,5,1353.0,0,1125.0,864|1125|1353|1830|2151
401620371,Marina Mabrey,away,5,1446.0,0,1171.0,980|1171|1446|1597|1877
401620371,Latricia Trammell,home,1,,0,,1183
401620371,Sevgi Uzun,home,2,,0,1276.0,1239|1276
401620371,Jaelyn Brown,home,1,,0,,1609
401620371,Jacy Sheldon,home,1,,0,,1678
401620371,Celeste Taylor,away,4,1787.9,0,1699.0,1687|1699|1788|1913
401620371,Stephanie Soares,home,1,,0,,2328
401620372,Shakira Austin,home,3,1782.0,0,748.0,22|748|1782
401620372,Kayla McBride,away,2,,0,1076.0,119|1076
401620372,Courtney Williams,away,3,1555.0,0,1264.0,217|1264|1555
401620372,Napheesa Collier,away,3,1736.0,0,1283.0,302|1283|1736
401620372,Bridget Carleton,away,2,,0,955.0,370|955
401620372,Shatori Walker-Kimbrough,home,1,,0,,489
401620372,Cecilia Zandalasini,away,2,,0,659.0,553|659
401620372,Diamond Miller,away,3,1711.0,0,791.0,684|791|1711
401620372,Aaliyah Edwards,home,3,1862.0,0,1630.0,768|1630|1862
401620372,Ariel Atkins,home,3,2087.0,0,909.0,780|909|2087
401620372,Alanna Smith,away,2,,0,1365.0,874|1365
401620372,Myisha Hines-Allen,home,1,,0,,1072
401620372,Stefanie Dolson,home,2,,0,1143.0,1139|1143
401620372,Brittney Sykes,home,2,,0,1945.0,1418|1945
401620372,Julie Vanloo,home,2,,0,1626.0,1580|1626
401620372,Jade Melbourne,home,1,,0,,1642
401620372,Ariel Atkins clear path,home,1,,0,,1962
401620372,Olivia Epoupa,away,1,,0,,2095
401620372,Alissa Pili,away,1,,0,,2148
401620372,Dorka Juhasz,away,1,,0,,2199
401620372,Sika Kone,away,1,,0,,2380
401620373,Jackie Young,home,4,1254.0,0,693.0,52|693|1254|2079
401620373,Kelsey Plum,home,3,1647.0,0,766.0,109|766|1647
401620373,Jonquel Jones,away,4,1886.0,0,382.0,271|382|1886|1973
401620373,Nyara Sabally,away,1,,0,,393
401620373,Megan Gustafson,home,2,,0,982.0,455|982
401620373,Ivana Dojkic,away,3,1913.0,0,1861.0,467|1861|1913
401620373,Tiffany Hayes,home,4,1588.0,0,1097.0,478|1097|1588|1830
401620373,Alysha Clark,home,3,1582.0,0,689.0,551|689|1582
401620373,Leonie Fiebich,away,2,,0,1540.0,727|1540
401620373,Sabrina Ionescu,away,1,,0,,798
401620373,Courtney Vandersloot,away,2,,0,1310.0,845|1310
401620373,Kayla Thornton,away,1,,0,,1059
401620373,Breanna Stewart,away,1,,0,,1512
401620373,Kennedy Burke,away,1,,0,,1676
401620373,Kiah Stokes,home,1,,0,,1821
401620373,Chelsea Gray,home,1,,0,,1929
401620374,Dearica Hamby,home,4,1575.0,0,1260.0,89|1260|1575|2146
401620374,Crystal Dangerfield,home,4,1587.0,0,1350.0,176|1350|1587|2195
401620374,Michaela Onyenwere,away,1,,0,,186
401620374,Kamilla Cardoso,away,6,1310.0,0,539.0,229|539|1310|1649|2179|2386
401620374,Rachel Banham,away,1,,0,,251
401620374,Chennedy Carter,away,3,1065.0,1,1065.0,321|1065|1065
401620374,Stephanie Talbot,home,2,,0,2133.0,342|2133
401620374,Rae Burrell,home,2,,0,666.0,438|666
401620374,Li Yueru,home,1,,0,,447
401620374,Odyssey Sims,home,3,2389.9,0,920.0,809|920|2390
401620374,Azura Stevens,home,2,,0,1663.0,863|1663
401620374,Lindsay Allen,away,4,1336.0,0,1287.0,1015|1287|1336|1457
401620374,Rickea Jackson,home,4,1439.0,0,1338.0,1211|1338|1439|2218
401620374,Isabelle Harrison,away,1,,0,,1421
401620374,Angel Reese,away,4,2210.0,0,1913.0,1626|1913|2210|2296
401620374,Kia Nurse,home,1,,0,,2350
401620375,DeWanna Bonner,away,4,696.0,1,237.0,57|237|696|1460
401620375,Naz Hillmon,home,1,,0,,245
401620375,Brionna Jones,away,3,2346.0,0,1368.0,285|1368|2346
401620375,Tina Charles,home,4,1426.0,0,1227.0,333|1227|1426|2033
401620375,Olivia Nelson-Ododa,away,2,,0,2134.0,381|2134
401620375,DiJonai Carrington,away,3,1238.0,0,746.0,439|746|1238
401620375,Haley Jones,home,4,1350.0,0,511.0,449|511|1350|1553
401620375,Marina Mabrey,away,4,2015.0,0,497.0,451|497|2015|2251
401620375,Nia Coffey,home,3,1821.0,0,1771.9,594|1772|1821
401620375,Tyasha Harris,away,4,2126.0,0,1074.0,600|1074|2126|2282
401620375,Maya Caldwell,home,1,,0,,640
401620375,Lorela Cubaj,home,1,,0,,680
401620375,Allisha Gray,home,3,2022.0,0,1320.0,718|1320|2022
401620375,Alyssa Thomas,away,4,1534.0,0,1074.0,855|1074|1534|1766
401620375,Veronica Burton,away,2,,0,2219.0,1086|2219
401620375,Rhyne Howard,home,2,,0,1992.0,1136|1992
401620375,Jordin Canada,home,1,,0,,1316
401620375,Tyasha Harris personal,away,1,,0,,2378
401620375,Brionna Jones personal,away,1,,0,,2387
401620377,Skylar Diggins-Smith,away,2,,0,1429.0,188|1429
401620377,Jewell Loyd,away,2,,0,1863.0,244|1863
401620377,NaLyssa Smith,home,3,1479.0,0,647.0,318|647|1479
401620377,Ezi Magbegor,away,2,,0,1227.0,669|1227
401620377,Erica Wheeler,home,2,,0,2004.0,859|2004
401620377,Aliyah Boston,home,4,1350.0,0,1245.0,964|1245|1350|2095
401620377,Jordan Horston,away,3,2105.0,0,1722.0,983|1722|2105
401620377,Caitlin Clark,home,4,1366.0,0,1324.0,1153|1324|1366|1953
401620377,Mercedes Russell,away,2,,0,1915.0,1825|1915
401620377,Damiris Dantas,home,2,,0,2329.0,2198|2329
401620377,Lexie Hull,home,1,,0,,2228
401620376,Kiah Stokes,home,3,1904.0,0,1547.0,60|1547|1904
401620376,Chelsea Gray,home,2,,0,1276.0,93|1276
401620376,Dearica Hamby,away,4,1435.0,0,1137.0,160|1137|1435|2179
401620376,Kelsey Plum,home,2,,0,1334.0,173|1334
401620376,Azura Stevens,away,2,,0,1147.9,225|1148
401620376,Rickea Jackson,away,1,,0,,247
401620376,Tiffany Hayes,home,3,1607.0,0,383.0,363|383|1607
401620376,Crystal Dangerfield,away,2,,0,394.0,375|394
401620376,Alysha Clark,home,3,2073.0,0,1789.0,428|1789|2073
401620376,A'ja Wilson,home,2,,0,1789.0,479|1789
401620376,Li Yueru,away,3,1996.0,0,1829.0,565|1829|1996
401620376,Rae Burrell,away,5,1632.0,0,706.0,688|706|1632|2101|2205
401620376,Kia Nurse,away,2,,0,2136.0,815|2136
401620376,Stephanie Talbot,away,1,,0,,1795
401620376,Odyssey Sims,away,1,,0,,1901
401620378,Kamilla Cardoso,away,6,860.0,1,447.0,76|447|860|1571|1571|2024
401620378,Diana Taurasi,home,2,,0,244.0,157|244
401620378,Michaela Onyenwere,away,4,1525.0,0,1182.0,229|1182|1525|2376
401620378,Chennedy Carter,away,4,1458.0,0,297.0,269|297|1458|1673
401620378,Natasha Cloud,home,2,,0,894.0,282|894
401620378,Kahleah Copper,home,5,1198.8,1,971.0,311|971|1199|1534|2160
401620378,Rachel Banham,away,2,,0,2241.0,381|2241
401620378,Angel Reese,away,4,1134.0,1,657.0,534|657|1134|1920
401620378,Dana Evans,away,1,,0,,656
401620378,Monique Billings,home,4,1818.0,0,1711.0,1014|1711|1818|1851
401620378,Sophie Cunningham,home,2,,0,1616.0,1170|1616
401620378,Brittney Griner,home,2,,0,1989.0,1325|1989
401620378,Mikiah Herbert Harrigan,home,1,,0,,2336
401620378,Sug Sutton,home,1,,0,,2346
401620379,Alyssa Thomas,home,3,1968.0,0,715.0,60|715|1968
401620379,DeWanna Bonner,home,1,,0,,446
401620379,DiJonai Carrington,home,3,2032.0,0,1098.0,468|1098|2032
401620379,Li Yueru,away,2,,0,1772.0,519|1772
401620379,Olivia Nelson-Ododa,home,1,,0,,541
401620379,Brionna Jones defensive 3-seconds (technical,home,1,,0,,632
401620379,Brionna Jones,home,3,2145.0,0,2108.0,723|2108|2145
401620379,Kia Nurse,away,1,,0,,757
401620379,Stephanie Talbot,away,1,,0,,993
401620379,Rickea Jackson,away,3,2300.0,0,1939.0,1117|1939|2300
401620379,Azura Stevens,away,3,1384.0,0,1218.0,1126|1218|1384
401620379,Veronica Burton,home,1,,0,,1671
401620379,Rae Burrell,away,2,,0,2199.0,1748|2199
401620379,Marina Mabrey,home,2,,0,2387.9,1766|2388
401620379,Curt Miller,away,1,,0,,2318
401620380,Jacy Sheldon,away,2,,0,1222.0,230|1222
401620380,Jonquel Jones,home,4,2150.0,0,710.0,253|710|2150|2257
401620380,Leonie Fiebich,home,2,,0,1369.0,316|1369
401620380,Kalani Brown,away,5,1100.0,1,971.0,356|971|1100|1501|2277
401620380,Kennedy Burke,home,3,1624.0,0,1193.8,439|1194|1624
401620380,Jaelyn Brown,away,1,,0,,563
401620380,Ivana Dojkic,home,1,,0,,654
401620380,Breanna Stewart,home,1,,0,,728
401620380,Teaira McCowan,away,5,1577.0,0,958.0,844|958|1577|1765|1973
401620380,Natasha Howard,away,4,1602.0,0,1283.0,854|1283|1602|2048
401620380,Satou Sabally,away,3,2269.0,0,1677.0,921|1677|2269
401620380,Courtney Vandersloot,home,4,1995.0,0,1960.0,1391|1960|1995|2114
401620380,Marquesha Davis,home,3,2316.0,0,1665.0,1641|1665|2316
401620380,Nyara Sabally,home,1,,0,,2007
401620380,Lou Lopez Senechal,away,1,,0,,2343
401620381,Ezi Magbegor,away,5,2003.0,0,1537.0,39|1537|2003|2214|2302
401620381,Shatori Walker-Kimbrough,home,3,2255.0,0,2255.0,93|2255|2255
401620381,Jordan Horston,away,2,,0,939.0,104|939
401620381,Brittney Sykes,home,3,2394.9,0,1440.0,151|1440|2395
401620381,Stefanie Dolson,home,3,1299.0,0,862.0,238|862|1299
401620381,Aaliyah Edwards,home,3,1620.0,0,910.0,367|910|1620
401620381,Ariel Atkins,home,4,1160.8,1,893.0,374|893|1161|2392
401620381,Julie Vanloo,home,4,1718.0,0,1113.0,433|1113|1718|1896
401620381,Skylar Diggins-Smith,away,4,1279.0,0,948.0,514|948|1279|1972
401620381,Shakira Austin,home,4,2088.0,0,1405.0,532|1405|2088|2382
401620381,Mercedes Russell,away,1,,0,,661
401620381,Jewell Loyd,away,1,,0,,1105
401620381,Nneka Ogwumike,away,2,,0,1563.0,1387|1563
401620381,Jade Melbourne,home,1,,0,,1921
401620382,Sophie Cunningham,away,3,349.0,1,284.0,63|284|349
401620382,Naz Hillmon,home,3,2140.0,0,1644.0,140|1644|2140
401620382,Brittney Griner,away,2,,0,2178.0,221|2178
401620382,Allisha Gray,home,3,2194.0,0,1198.9,450|1199|2194
401620382,Monique Billings,away,4,785.0,1,749.0,508|749|785|1722
401620382,Maya Caldwell,home,2,,0,1913.0,550|1913
401620382,Lorela Cubaj,home,1,,0,,799
401620382,Maya Caldwell defensive 3-seconds (technical,home,1,,0,,858
401620382,Natasha Cloud,away,1,,0,,873
401620382,Jordin Canada,home,3,2115.0,0,1193.0,1049|1193|2115
401620382,Diana Taurasi,away,2,,0,2074.0,1137|2074
401620382,Kahleah Copper,away,3,2370.0,0,2268.0,1386|2268|2370
401620382,Tina Charles,home,2,,0,2147.0,1456|2147
401620382,Haley Jones,home,1,,0,,1757
401620383,Alanna Smith,away,4,1292.0,0,512.0,53|512|1292|2162
401620383,Kiah Stokes,home,2,,0,209.0,196|209
401620383,Kelsey Plum,home,3,2203.0,0,1272.0,361|1272|2203
401620383,Diamond Miller,away,1,,0,,577
401620383,Courtney Williams,away,1,,0,,660
401620383,Jackie Young,home,4,1193.0,1,907.0,710|907|1193|2134
401620383,Tiffany Hayes,home,4,1065.0,1,833.0,743|833|1065|2217
401620383,Myisha Hines-Allen,away,2,,0,1382.0,778|1382
401620383,Megan Gustafson,home,1,,0,,830
401620383,Alysha Clark,home,2,,0,1772.9,882|1773
401620383,Napheesa Collier,away,3,1415.0,0,1010.0,944|1010|1415
401620383,Kayla McBride,away,1,,0,,989
401620383,Bridget Carleton,away,2,,0,2110.0,1125|2110
401620383,Chelsea Gray,home,1,,0,,1503
401620383,Natisha Hiedeman,away,1,,0,,1794
401620383,Cecilia Zandalasini,away,1,,0,,1861
401620383,Sydney Colson,home,1,,0,,1894
401620384,Breanna Stewart,home,2,,0,2250.0,55|2250
401620384,Teaira McCowan,away,4,2100.0,0,698.0,247|698|2100|2230
401620384,Jacy Sheldon,away,4,2005.0,0,1720.0,422|1720|2005|2239
401620384,Leonie Fiebich,home,3,1917.0,0,1169.0,561|1169|1917
401620384,Jonquel Jones,home,4,955.0,1,901.0,724|901|955|1600
401620384,Natasha Howard,away,6,1958.0,0,1945.0,759|1945|1958|1977|2065|2166
401620384,Kalani Brown,away,1,,0,,928
401620384,Jaelyn Brown,away,2,,0,1049.0,939|1049
401620384,Nyara Sabally,home,2,,0,1641.0,1062|1641
401620384,Kayla Thornton,home,2,,0,1559.0,1106|1559
401620384,Courtney Vandersloot,home,2,,0,1993.0,1391|1993
401620384,Satou Sabally,away,1,,0,,1479
401620384,Arike Ogunbowale,away,1,,0,,1783
401620384,Arike Ogunbowale personal,away,1,,0,,2385
401620384,Natasha Howard personal,away,1,,0,,2387
401620385,Kahleah Copper,away,3,1941.0,0,731.0,132|731|1941
401620385,Sophie Cunningham,away,3,2386.9,0,966.0,206|966|2387
401620385,Tina Charles,home,1,,0,,228
401620385,Natasha Cloud,away,4,802.0,1,291.0,244|291|802|1360
401620385,Rhyne Howard,home,3,947.0,1,684.0,346|684|947
401620385,Jordin Canada,home,3,1087.0,1,716.0,457|716|1087
401620385,Monique Billings,away,2,,0,2399.9,526|2400
401620385,Nia Coffey,home,2,,0,1928.0,597|1928
401620385,Allisha Gray,home,3,1145.9,1,977.0,721|977|1146
401620385,Maya Caldwell,home,2,,0,1962.0,913|1962
401620385,Diana Taurasi,away,3,2171.0,0,1256.0,1052|1256|2171
401620385,Natasha Mack,away,1,,0,,1839
401620385,Brittney Griner,away,1,,0,,2217
401620385,Allisha Gray personal,home,1,,0,,2389
401620386,Kamilla Cardoso,away,5,1619.0,0,922.0,120|922|1619|1986|2339
401620386,Tyasha Harris,home,3,1531.0,0,777.0,248|777|1531
401620386,Chennedy Carter,away,5,1747.9,0,1209.0,462|1209|1748|2039|2396
401620386,Isabelle Harrison,away,1,,0,,541
401620386,Dana Evans,away,1,,0,,566
401620386,Rachel Banham,away,2,,0,768.0,717|768
401620386,Veronica Burton,home,3,1580.0,0,730.0,725|730|1580
401620386,Marina Mabrey,home,3,1699.0,0,851.0,813|851|1699
401620386,Angel Reese,away,2,,0,2228.0,895|2228
401620386,DiJonai Carrington,home,3,1731.0,0,1051.0,1003|1051|1731
401620386,Brionna Jones,home,5,1625.0,0,1412.0,1248|1412|1625|2001|2288
401620386,Michaela Onyenwere,away,3,1943.0,0,1880.0,1349|1880|1943
401620386,Lindsay Allen,away,2,,0,2365.0,1556|2365
401620386,Diamond DeShields,away,1,,0,,1563
401620386,Olivia Nelson-Ododa,home,1,,0,,1763
401620386,Alyssa Thomas,home,1,,0,,2160
401620387,Stephanie Talbot,away,3,2163.0,0,114.0,100|114|2163
401620387,Julie Vanloo,home,4,1045.0,1,975.0,157|975|1045|2069
401620387,Rickea Jackson,away,1,,0,,243
401620387,Crystal Dangerfield,away,1,,0,,462
401620387,Aaliyah Edwards,home,2,,0,538.0,504|538
401620387,Li Yueru,away,3,1874.0,0,1587.0,518|1587|1874
401620387,Emily Engstler,home,1,,0,,576
401620387,Kia Nurse,away,1,,0,,588
401620387,Shakira Austin,home,4,2004.0,0,1373.0,637|1373|2004|2325
401620387,Brittney Sykes,home,2,,0,1768.0,1143|1768
401620387,Azura Stevens,away,1,,0,,1211
401620387,Ariel Atkins,home,1,,0,,1727
401620387,Stefanie Dolson,home,1,,0,,2294
401620387,Rae Burrell,away,1,,0,,2355
401620388,Alysha Clark,away,3,2007.0,0,1456.0,88|1456|2007
401620388,Napheesa Collier,home,3,1961.0,0,1358.0,294|1358|1961
401620388,Courtney Williams,home,3,2084.0,0,1469.0,330|1469|2084
401620388,Kelsey Plum,away,6,1378.0,0,1100.0,359|1100|1378|1423|2004|2068
401620388,A'ja Wilson,away,3,1749.9,0,1076.0,364|1076|1750
401620388,Natisha Hiedeman,home,4,1100.0,1,1097.0,565|1097|1100|1621
401620388,Dorka Juhasz,home,1,,0,,594
401620388,Tiffany Hayes,away,3,1445.0,0,1034.0,627|1034|1445
401620388,Cecilia Zandalasini,home,1,,0,,762
401620388,Chelsea Gray,away,2,,0,2316.0,826|2316
401620388,Megan Gustafson,away,1,,0,,861
401620388,Bridget Carleton,home,1,,0,,950
401620388,Alanna Smith,home,3,2280.0,0,1134.0,975|1134|2280
401620388,Kayla McBride,home,3,2191.0,0,2026.0,1015|2026|2191
401620388,Jackie Young,away,2,,0,2181.0,1321|2181
401620388,Sydney Colson,away,1,,0,,1663
401620388,Myisha Hines-Allen,home,2,,0,1783.0,1760|1783
401620389,Courtney Vandersloot,home,2,,0,1003.0,42|1003
401620389,DiJonai Carrington,away,3,1817.0,0,193.0,143|193|1817
401620389,Marina Mabrey,away,2,,0,2142.0,423|2142
401620389,Kayla Thornton,home,2,,0,1865.0,510|1865
401620389,Nyara Sabally,home,3,2154.0,0,668.0,564|668|2154
401620389,Olivia Nelson-Ododa,away,2,,0,2107.0,576|2107
401620389,Leonie Fiebich,home,1,,0,,1071
401620389,Sabrina Ionescu,home,3,2356.9,0,2356.9,1161|2357|2357
401620389,Breanna Stewart,home,2,,0,2349.9,1225|2350
401620389,DeWanna Bonner,away,2,,0,1694.0,1282|1694
401620389,Veronica Burton,away,1,,0,,1852
401620389,Jonquel Jones,home,1,,0,,1999
401620389,Alyssa Thomas,away,1,,0,,2137
401620389,Jaylyn Sherrod,home,1,,0,,2372
401620389,Double,away,1,,0,,2372
401620390,Napheesa Collier,home,3,1770.0,0,1549.0,15|1549|1770
401620390,Katie Lou Samuelson,away,2,,0,1578.0,23|1578
401620390,Kelsey Mitchell,away,3,865.0,1,276.0,271|276|865
401620390,Aliyah Boston,away,3,1629.0,0,745.0,395|745|1629
401620390,Bridget Carleton,home,3,1510.0,0,1046.0,482|1046|1510
401620390,Temi Fagbenle,away,1,,0,,493
401620390,Myisha Hines-Allen,home,1,,0,,686
401620390,Kayla McBride,home,3,2355.9,0,2169.0,963|2169|2356
401620390,Damiris Dantas,away,1,,0,,1085
401620390,Alanna Smith,home,4,2097.0,0,1529.0,1124|1529|2097|2216
401620390,Caitlin Clark,away,3,2129.0,0,1213.0,1150|1213|2129
401620390,Lexie Hull,away,2,,0,2378.0,2293|2378
401620390,Caitlin Clark personal,away,1,,0,,2358
401620391,Megan Gustafson,away,5,1376.0,0,710.0,58|710|1376|1402|2266
401620391,Kamilla Cardoso,home,2,,0,1463.0,155|1463
401620391,Kelsey Plum,away,3,1632.0,0,1555.0,228|1555|1632
401620391,Angel Reese,home,3,1582.0,0,302.0,289|302|1582
401620391,Jackie Young,away,1,,0,,365
401620391,Lindsay Allen,home,3,2091.0,0,1323.0,401|1323|2091
401620391,Rachel Banham,home,3,2335.0,0,760.0,753|760|2335
401620391,Chelsea Gray,away,1,,0,,824
401620391,Tiffany Hayes,away,2,,0,1519.0,895|1519
401620391,Chennedy Carter,home,1,,0,,1235
401620391,A'ja Wilson,away,2,,0,2235.0,1517|2235
401620391,Kiah Stokes,away,1,,0,,1644
401620391,Teresa Weatherspoon,home,1,,0,,1907
401620391,Michaela Onyenwere,home,1,,0,,2058
401620391,Alysha Clark,away,1,,0,,2081
401620392,Sevgi Uzun,home,1,,0,,418
401620392,Stephanie Talbot,away,4,1126.0,1,968.0,492|968|1126|1309
401620392,Li Yueru,away,6,914.0,1,659.0,518|659|914|1883|1995|2095
401620392,Jacy Sheldon,home,4,1322.0,0,1000.0,621|1000|1322|1765
401620392,Jaelyn Brown,home,2,,0,1861.0,650|1861
401620392,Azura Stevens,away,3,2350.0,0,1016.0,666|1016|2350
401620392,Natasha Howard,home,4,1514.0,0,868.0,724|868|1514|1923
401620392,Satou Sabally,home,4,1424.0,0,1241.0,900|1241|1424|1456
401620392,Arike Ogunbowale,home,2,,0,2395.0,1117|2395
401620392,Teaira McCowan,home,2,,0,2397.0,1268|2397
401620392,Odyssey Sims,away,2,,0,2198.0,1396|2198
401620392,Dearica Hamby,away,2,,0,2336.0,1961|2336
401620392,Rickea Jackson,away,2,,0,2255.0,2230|2255
401620392,Rickea Jackson personal,away,1,,0,,2398
401620393,Aliyah Boston,away,3,1546.0,0,999.0,159|999|1546
401620393,Tina Charles,home,4,1281.0,0,228.0,212|228|1281|2214
401620393,Katie Lou Samuelson,away,1,,0,,321
401620393,NaLyssa Smith,away,4,1309.0,0,1041.0,361|1041|1309|1450
401620393,Caitlin Clark,away,4,1764.0,0,1384.0,381|1384|1764|1914
401620393,Rhyne Howard,home,2,,0,1648.0,414|1648
401620393,Lorela Cubaj,home,1,,0,,435
401620393,Haley Jones,home,2,,0,1867.0,758|1867
401620393,Erica Wheeler,away,1,,0,,908
401620393,Jordin Canada,home,4,2207.0,0,1484.0,983|1484|2207|2331
401620393,Lexie Hull,away,4,1648.0,0,1433.0,1269|1433|1648|2063
401620393,Allisha Gray,home,1,,0,,1348
401620393,Temi Fagbenle,away,1,,0,,1665
401620393,Maya Caldwell personal,home,1,,0,,2395
401620394,Kahleah Copper,home,4,1450.0,0,407.0,390|407|1450|1722
401620394,Kayla Thornton,away,2,,0,1746.0,649|1746
401620394,Diana Taurasi,home,3,1896.0,0,969.0,662|969|1896
401620394,Natasha Mack,home,1,,0,,916
401620394,Sophie Cunningham,home,3,2211.0,0,1777.9,1154|1778|2211
401620394,Betnijah Laney-Hamilton,away,1,,0,,1162
401620394,Leonie Fiebich,away,4,1490.0,0,1315.0,1235|1315|1490|2255
401620394,Brittney Griner,home,3,2257.0,0,2030.0,1492|2030|2257
401620394,Natasha Cloud,home,1,,0,,1633
401620394,Courtney Vandersloot,away,1,,0,,1823
401620394,Kennedy Burke,away,1,,0,,1833
401620394,Jonquel Jones,away,1,,0,,2118
401620395,Julie Vanloo,away,3,1874.0,0,979.0,191|979|1874
401620395,Brittney Sykes,away,3,2271.0,0,1275.0,234|1275|2271
401620395,Ariel Atkins,away,3,2285.0,0,404.0,280|404|2285
401620395,Aaliyah Edwards,away,2,,0,1320.0,441|1320
401620395,Jewell Loyd,home,2,,0,1510.0,521|1510
401620395,Skylar Diggins-Smith,home,5,2049.0,0,594.9,538|595|2049|2291|2399
401620395,Eric Thibault,away,1,,0,,600
401620395,Jordan Horston,home,1,,0,,662
401620395,Sami Whitcomb,home,2,,0,1677.0,671|1677
401620395,Emily Engstler,away,3,1581.0,0,979.0,894|979|1581
401620395,Jade Melbourne,away,2,,0,1119.0,1067|1119
401620395,Shakira Austin,away,1,,0,,1158
401620395,Ezi Magbegor,home,1,,0,,1216
401620395,Stefanie Dolson,away,1,,0,,1456
401620395,Gabby Williams,home,1,,0,,1577
401620395,Shatori Walker-Kimbrough,away,1,,0,,1703
401620396,Megan Gustafson,away,3,1811.0,0,715.0,92|715|1811
401620396,Natasha Howard,home,4,2060.0,0,945.0,178|945|2060|2093
401620396,Teaira McCowan,home,5,1314.0,0,981.0,348|981|1314|2114|2354
401620396,Kelsey Plum,away,3,2026.0,0,1880.0,558|1880|2026
401620396,Satou Sabally,home,4,1988.0,0,1515.0,583|1515|1988|2226
401620396,Sevgi Uzun,home,3,1618.0,0,1593.0,664|1593|1618
401620396,Jaelyn Brown,home,1,,0,,697
401620396,Jacy Sheldon,home,2,,0,2056.0,701|2056
401620396,Tiffany Hayes,away,2,,0,1996.0,782|1996
401620396,Kalani Brown,home,2,,0,1076.0,816|1076
401620396,Jackie Young,away,3,2364.9,0,1404.0,1174|1404|2365
401620396,A'ja Wilson,away,1,,0,,1277
401620396,Arike Ogunbowale,home,5,1951.0,0,1852.0,1772|1852|1951|2185|2338
401620396,Chelsea Gray,away,3,2259.0,0,1928.0,1913|1928|2259
401620396,Alysha Clark,away,2,,0,2348.9,2101|2349
401620396,A'ja Wilson personal,away,1,,0,,2388
401620397,Caitlin Clark,home,2,,0,457.0,64|457
401620397,NaLyssa Smith,home,6,1091.0,1,527.0,108|527|1091|1320|1320|2191
401620397,Temi Fagbenle,home,2,,0,293.0,180|293
401620397,Tyasha Harris,away,2,,0,227.0,203|227
401620397,Alyssa Thomas,away,3,1591.0,0,323.0,217|323|1591
401620397,Marina Mabrey,away,1,,0,,398
401620397,Lexie Hull,home,4,1021.0,1,901.0,501|901|1021|1440
401620397,DiJonai Carrington,away,3,1469.0,0,1427.0,513|1427|1469
401620397,Brionna Jones,away,1,,0,,723
401620397,Damiris Dantas,home,1,,0,,850
401620397,Aliyah Boston,home,2,,0,2286.0,1822|2286
401620397,Veronica Burton,away,1,,0,,1926
401620397,DiJonai Carrington personal,away,2,,0,2380.9,2377|2381
401620398,Kamilla Cardoso,home,4,1599.0,0,455.0,230|455|1599|2001
401620398,Stefanie Dolson,away,2,,0,1078.0,390|1078
401620398,Diamond DeShields,home,2,,0,2082.0,418|2082
401620398,Emily Engstler,away,2,,0,1622.0,535|1622
401620398,Jade Melbourne,away,3,2016.0,0,1948.0,599|1948|2016
401620398,Shatori Walker-Kimbrough,away,1,,0,,748
401620398,Dana Evans,home,2,,0,2167.0,824|2167
401620398,Michaela Onyenwere,home,4,1354.0,0,961.0,958|961|1354|2170
401620398,Julie Vanloo,away,1,,0,,1152
401620398,Ariel Atkins,away,2,,0,1664.0,1183|1664
401620398,Sika Kone,away,1,,0,,2061
401620398,Aaliyah Edwards,away,1,,0,,2122
401620398,Angel Reese,home,2,,0,2256.0,2154|2256
401620398,Dana Evans personal,home,1,,0,,2394
401620398,Angel Reese personal,home,1,,0,,2397
401620399,Kennedy Burke,away,1,,0,,266
401620399,Odyssey Sims,home,2,,0,1531.0,343|1531
401620399,Breanna Stewart,away,4,1793.9,0,888.0,529|888|1794|2231
401620399,Kayla Thornton,away,1,,0,,541
401620399,Betnijah Laney-Hamilton,away,6,1639.0,0,837.0,665|837|1639|2287|2320|2346
401620399,Kia Nurse,home,1,,0,,693
401620399,Li Yueru,home,4,1078.0,1,1026.0,857|1026|1078|1093
401620399,Rae Burrell,home,3,2062.0,0,1690.0,1068|1690|2062
401620399,Leonie Fiebich,away,2,,0,1479.0,1408|1479
401620399,Nyara Sabally,away,3,1922.0,0,1622.0,1436|1622|1922
401620399,Rickea Jackson,home,1,,0,,1653
401620399,Sabrina Ionescu,away,2,,0,1935.0,1822|1935
401620399,Dearica Hamby,home,2,,0,2392.9,1964|2393
401620399,Stephanie Talbot,home,3,2325.0,0,2146.0,2073|2146|2325
401620399,Breanna Stewart personal,away,1,,0,,2329
401620399,Kayla Thornton personal,away,1,,0,,2360
401620399,Kayla Thornton clear path,away,1,,0,,2385
401620400,Brittney Griner,home,2,,0,205.0,74|205
401620400,Courtney Williams personal,away,1,,0,,128
401620400,Diana Taurasi,home,5,1922.0,0,1214.0,160|1214|1922|2249|2312
401620400,Kahleah Copper,home,3,935.0,1,280.0,229|280|935
401620400,Alanna Smith,away,3,2234.0,0,564.9,368|565|2234
401620400,Cecilia Zandalasini,away,2,,0,531.0,502|531
401620400,Diamond Miller,away,2,,0,1681.0,547|1681
401620400,Myisha Hines-Allen,away,2,,0,1945.0,632|1945
401620400,Napheesa Collier,away,4,1525.0,0,1138.0,738|1138|1525|2192
401620400,Natisha Hiedeman,away,1,,0,,786
401620400,Monique Billings,home,1,,0,,964
401620400,Bridget Carleton,away,1,,0,,1035
401620400,Mikiah Herbert Harrigan,home,1,,0,,1115
401620400,Nate Tibbetts,home,1,,0,,1697
401620400,Sophie Cunningham,home,2,,0,2187.0,1817|2187
401620400,Natasha Mack,home,1,,0,,1865
401620400,Natasha Cloud,home,1,,0,,2029
401620400,Double,home,1,,0,,2192
401620401,Allisha Gray,away,4,1308.0,0,1194.9,121|1195|1308|1934
401620401,Nneka Ogwumike,home,3,2184.0,0,1438.0,178|1438|2184
401620401,Tina Charles defensive 3-seconds (technical,away,1,,0,,359
401620401,Rhyne Howard,away,4,2067.0,0,1877.0,370|1877|2067|2237
401620401,Haley Jones,away,2,,0,1827.0,522|1827
401620401,Joyner Holmes,home,1,,0,,791
401620401,Jordin Canada,away,2,,0,1155.9,885|1156
401620401,Gabby Williams,home,2,,0,1245.0,1001|1245
401620401,Ezi Magbegor,home,3,2214.0,0,1185.0,1068|1185|2214
401620401,Naz Hillmon,away,2,,0,2390.9,1492|2391
401620401,Skylar Diggins-Smith,home,2,,0,2290.0,1561|2290
401620401,Sami Whitcomb,home,1,,0,,1796
401620401,Nia Coffey,away,1,,0,,1948
401620401,Tina Charles,away,2,,0,2308.0,2168|2308
401620402,Michaela Onyenwere,home,5,1285.0,0,1052.0,90|1052|1285|1470|2107
401620402,NaLyssa Smith,away,3,1564.0,0,1020.0,98|1020|1564
401620402,Caitlin Clark,away,3,1510.0,0,1176.0,130|1176|1510
401620402,Angel Reese,home,5,1444.0,0,1388.0,276|1388|1444|1460|2358
401620402,Rachel Banham,home,2,,0,2130.0,349|2130
401620402,Aliyah Boston,away,6,1267.0,0,1200.0,420|1200|1267|1388|1433|2163
401620402,Kamilla Cardoso,home,2,,0,1290.0,513|1290
401620402,Kelsey Mitchell,away,3,1620.0,0,987.0,632|987|1620
401620402,Temi Fagbenle,away,3,2239.0,0,1927.0,789|1927|2239
401620402,Isabelle Harrison,home,2,,0,1581.0,853|1581
401620402,Diamond DeShields,home,5,2130.0,0,1692.0,1546|1692|2130|2130|2168
401620402,Erica Wheeler,away,2,,0,2054.0,1687|2054
401620402,Moriah Jefferson,home,1,,0,,1800
401620402,Victaria Saxton,away,2,,0,2387.8,2337|2388
401620403,Kalani Brown,home,1,,0,,658
401620403,Maddy Siegrist,home,2,,0,1749.0,818|1749
401620403,Teaira McCowan,home,2,,0,1697.0,858|1697
401620403,Courtney Williams,away,3,1442.0,0,1390.0,880|1390|1442
401620403,Alanna Smith,away,2,,0,1116.0,955|1116
401620403,Satou Sabally,home,3,1940.0,0,1068.0,968|1068|1940
401620403,Natasha Howard,home,4,1667.0,0,1493.0,1155|1493|1667|1974
401620403,Myisha Hines-Allen,away,2,,0,1469.0,1434|1469
401620403,Natisha Hiedeman,away,3,2264.0,0,1961.0,1506|1961|2264
401620403,Sevgi Uzun,home,1,,0,,1812
401620403,Cecilia Zandalasini,away,1,,0,,1862
401620403,Arike Ogunbowale,home,1,,0,,2107
401620403,Alissa Pili,away,3,2379.9,0,2352.0,2143|2352|2380
401620404,Chelsea Gray,home,1,,0,,158
401620404,A'ja Wilson,home,1,,0,,416
401620404,Rhyne Howard,away,2,,0,1972.0,445|1972
401620404,Kate Martin,home,1,,0,,473
401620404,Lorela Cubaj,away,3,1422.0,0,1257.0,514|1257|1422
401620404,Kelsey Plum,home,3,2319.0,0,1658.0,759|1658|2319
401620404,Alysha Clark,home,5,1897.0,0,1062.0,1007|1062|1897|1899|2242
401620404,Tiffany Hayes,home,1,,0,,1244
401620404,Naz Hillmon,away,1,,0,,1326
401620404,Haley Jones,away,1,,0,,1450
401620404,Laeticia Amihere,away,2,,0,1696.0,1521|1696
401620404,Nia Coffey,away,1,,0,,1620
401620404,Maya Caldwell,away,1,,0,,1856
401620404,Sydney Colson,home,1,,0,,1926
401620404,Jordin Canada,away,2,,0,2362.9,2358|2363
401620405,Ezi Magbegor,home,4,1088.0,1,377.0,161|377|1088|2283
401620405,Skylar Diggins-Smith,home,4,1685.0,0,1587.0,278|1587|1685|2342
401620405,Sami Whitcomb,home,1,,0,,403
401620405,Nyara Sabally,away,2,,0,983.0,430|983
401620405,Kayla Thornton,away,1,,0,,450
401620405,Victoria Vivians,home,2,,0,2231.0,785|2231
401620405,Joyner Holmes,home,1,,0,,1111
401620405,Jonquel Jones,away,3,2333.0,0,1360.0,1327|1360|2333
401620405,Gabby Williams,home,3,1451.0,0,1400.0,1337|1400|1451
401620405,Sabrina Ionescu,away,1,,0,,1390
401620405,Betnijah Laney-Hamilton,away,3,2124.0,0,1991.0,1415|1991|2124
401620405,Breanna Stewart,away,1,,0,,1436
401620405,Nneka Ogwumike,home,1,,0,,1515
401620405,Jordan Horston,home,1,,0,,1731
401620405,Leonie Fiebich,away,1,,0,,2046
401620405,Jewell Loyd,home,2,,0,2324.0,2142|2324
401620406,Alyssa Thomas,away,2,,0,295.0,91|295
401620406,Brionna Jones,away,2,,0,200.0,166|200
401620406,Julie Vanloo,home,1,,0,,233
401620406,Stefanie Dolson,home,2,,0,1111.0,283|1111
401620406,Ariel Atkins,home,4,2043.0,0,1180.9,356|1181|2043|2103
401620406,DeWanna Bonner,away,2,,0,1797.0,444|1797
401620406,Olivia Nelson-Ododa,away,3,2326.0,0,1005.0,463|1005|2326
401620406,Sika Kone,home,3,1832.0,0,541.9,497|542|1832
401620406,Marina Mabrey,away,1,,0,,551
401620406,Karlie Samuelson,home,2,,0,2312.0,659|2312
401620406,Jade Melbourne,home,2,,0,1672.0,740|1672
401620406,Emily Engstler,home,2,,0,1483.0,769|1483
401620406,Veronica Burton,away,1,,0,,876
401620406,Brittney Sykes,home,2,,0,2080.0,960|2080
401620406,DiJonai Carrington,away,2,,0,2004.0,1339|2004
401620406,Aaliyah Edwards,home,2,,0,1600.0,1367|1600
401620406,Caitlin Bickle,away,1,,0,,2336
401620407,Skylar Diggins-Smith,away,5,1382.0,0,918.0,164|918|1382|1619|2287
401620407,Ezi Magbegor,away,4,2127.0,0,985.0,192|985|2127|2155
401620407,Brionna Jones,home,5,1651.0,0,878.0,342|878|1651|1996|2242
401620407,Gabby Williams,away,2,,0,1122.0,359|1122
401620407,Tyasha Harris,home,2,,0,490.0,386|490
401620407,Jewell Loyd,away,4,1150.9,1,705.0,526|705|1151|1242
401620407,Jordan Horston,away,1,,0,,783
401620407,DiJonai Carrington,home,4,2371.9,0,1138.0,1084|1138|2372|2377
401620407,DeWanna Bonner,home,1,,0,,1301
401620407,Alyssa Thomas,home,2,,0,2333.0,1497|2333
401620407,Nneka Ogwumike,away,4,2320.0,0,2213.0,1511|2213|2320|2364
401620407,Marina Mabrey,home,4,1971.0,0,1748.9,1749|1749|1971|2223
401620407,Skylar Diggins-Smith personal,away,1,,0,,2364
401620407,Jordan Horston personal,away,2,,0,2388.9,2372|2389
401620407,Nneka Ogwumike personal,away,1,,0,,2378
401620407,Jewell Loyd personal,away,1,,0,,2393
401620408,Dorka Juhasz,home,4,2204.0,0,821.0,326|821|2204|2264
401620408,Diamond DeShields,away,2,,0,1861.0,446|1861
401620408,Lindsay Allen clear path,away,1,,0,,481
401620408,Myisha Hines-Allen,home,4,1758.0,0,599.9,510|600|1758|1836
401620408,Dana Evans,away,2,,0,1572.0,554|1572
401620408,Kamilla Cardoso,away,2,,0,1039.0,699|1039
401620408,Cecilia Zandalasini,home,2,,0,1641.0,715|1641
401620408,Napheesa Collier,home,2,,0,1261.0,733|1261
401620408,Double,away,1,,0,,810
401620408,Angel Reese,away,4,1378.0,0,1306.0,1126|1306|1378|2124
401620408,Michaela Onyenwere,away,2,,0,2178.0,1271|2178
401620408,Courtney Williams,home,1,,0,,1296
401620408,Lindsay Allen,away,2,,0,1631.0,1551|1631
401620408,Kayla McBride,home,1,,0,,1553
401620408,Bridget Carleton,home,1,,0,,1896
401620408,Moriah Jefferson,away,1,,0,,2088
401620408,Angel Reese personal,away,1,,0,,2367
401620409,NaLyssa Smith,away,3,1592.0,0,989.0,226|989|1592
401620409,Natasha Howard,home,4,1723.0,0,615.0,283|615|1723|2325
401620409,Maddy Siegrist,home,1,,0,,405
401620409,Aliyah Boston,away,5,1684.0,0,483.0,414|483|1684|2061|2264
401620409,Temi Fagbenle,away,2,,0,1839.0,428|1839
401620409,Teaira McCowan,home,3,2361.0,0,2291.0,524|2291|2361
401620409,Lexie Hull,away,4,1977.0,0,894.0,595|894|1977|2212
401620409,Jacy Sheldon,home,3,1519.0,0,771.0,641|771|1519
401620409,Damiris Dantas,away,1,,0,,810
401620409,Erica Wheeler,away,1,,0,,981
401620409,Caitlin Clark,away,3,1760.0,0,1587.0,1438|1587|1760
401620409,Arike Ogunbowale,home,3,2222.0,0,1570.0,1570|1570|2222
401620409,Satou Sabally,home,3,1898.0,0,1822.0,1626|1822|1898
401620409,Kelsey Mitchell,away,2,,0,2091.0,1649|2091
401620409,Satou Sabally personal,home,1,,0,,2374
401620411,Kelsey Plum,away,2,,0,1020.0,70|1020
401620411,Diana Taurasi,home,3,1341.0,0,333.0,154|333|1341
401620411,Alysha Clark,away,4,1518.0,0,1377.0,284|1377|1518|1812
401620411,Chelsea Gray,away,1,,0,,347
401620411,Monique Billings,home,2,,0,2324.0,415|2324
401620411,Megan Gustafson,away,3,2332.0,0,1548.0,633|1548|2332
401620411,Celeste Taylor,home,3,2286.0,0,1618.0,645|1618|2286
401620411,A'ja Wilson,away,3,1384.0,0,1345.0,822|1345|1384
401620411,Natasha Cloud,home,2,,0,1005.0,936|1005
401620411,Sophie Cunningham,home,3,2113.0,0,1691.0,1212|1691|2113
401620411,Kahleah Copper,home,2,,0,1460.0,1242|1460
401620411,Tiffany Hayes,away,1,,0,,1672
401620411,Brittney Griner,home,1,,0,,1977
401620411,Kiah Stokes,away,1,,0,,2382
401620410,Naz Hillmon,away,1,,0,,197
401620410,Dearica Hamby,home,1,,0,,368
401620410,Kia Nurse,home,1,,0,,377
401620410,Allisha Gray,away,2,,0,2074.0,421|2074
401620410,Tina Charles,away,3,2247.0,0,1581.0,504|1581|2247
401620410,Lorela Cubaj,away,2,,0,2289.0,520|2289
401620410,Li Yueru,home,2,,0,2152.0,573|2152
401620410,Rae Burrell,home,3,1713.0,0,675.0,662|675|1713
401620410,Rickea Jackson,home,1,,0,,906
401620410,Jordin Canada,away,3,1341.0,0,1178.9,978|1179|1341
401620410,Aari McDonald,home,1,,0,,1004
401620410,Azura Stevens,home,1,,0,,1035
401620410,Stephanie Talbot,home,3,1827.0,0,1442.0,1349|1442|1827
401620410,Rhyne Howard,away,3,2081.0,0,1918.0,1388|1918|2081
401620410,Nia Coffey,away,2,,0,1650.0,1516|1650
401620410,Odyssey Sims,home,1,,0,,2026
401620410,Maya Caldwell,away,1,,0,,2339
401620412,Alyssa Thomas,home,2,,0,923.0,61|923
401620412,Nneka Ogwumike,away,6,1594.0,0,933.0,154|933|1594|2134|2259|2341
401620412,Gabby Williams,away,2,,0,1268.0,321|1268
401620412,Mercedes Russell,away,2,,0,1170.9,485|1171
401620412,Marina Mabrey,home,4,1799.0,0,1715.0,767|1715|1799|1814
401620412,Joyner Holmes,away,1,,0,,809
401620412,DeWanna Bonner,home,1,,0,,837
401620412,Skylar Diggins-Smith,away,3,1556.0,0,1256.0,910|1256|1556
401620412,Jewell Loyd,away,1,,0,,942
401620412,Tyasha Harris,home,2,,0,2364.0,1022|2364
401620412,Ezi Magbegor,away,4,1735.0,0,1426.0,1305|1426|1735|1947
401620412,Olivia Nelson-Ododa,home,1,,0,,2041
401620412,DiJonai Carrington,home,2,,0,2375.9,2297|2376
401620412,Veronica Burton personal,home,1,,0,,2389
401620412,Tyasha Harris personal,home,1,,0,,2396
401620413,Julie Vanloo,away,2,,0,986.0,119|986
401620413,Arike Ogunbowale,home,4,1503.0,0,719.0,202|719|1503|1660
401620413,Jacy Sheldon,home,2,,0,1293.0,230|1293
401620413,Teaira McCowan,home,4,1852.0,0,1345.0,261|1345|1852|1942
401620413,Maddy Siegrist,home,2,,0,1790.9,365|1791
401620413,Sika Kone,away,1,,0,,472
401620413,Satou Sabally,home,2,,0,2323.0,479|2323
401620413,Emily Engstler,away,2,,0,2068.0,773|2068
401620413,Jade Melbourne,away,1,,0,,857
401620413,Stefanie Dolson,away,4,1399.0,0,1050.0,892|1050|1399|1451
401620413,Ariel Atkins,away,3,1797.8,0,1234.0,1171|1234|1798
401620413,Aaliyah Edwards,away,1,,0,,1522
401620413,Natasha Howard,home,4,2041.0,0,1843.0,1552|1843|2041|2106
401620413,Brittney Sykes,away,2,,0,1591.0,1566|1591
401620413,Sevgi Uzun,home,1,,0,,1674
401620413,Karlie Samuelson,away,1,,0,,1765
401620413,Shatori Walker-Kimbrough,away,1,,0,,2123
401620414,Kamilla Cardoso,away,6,1357.0,0,108.0,84|108|1357|1570|2179|2260
401620414,Michaela Onyenwere,away,2,,0,381.0,125|381
401620414,Diamond DeShields,away,4,2011.0,0,1741.9,412|1742|2011|2093
401620414,Kiah Stokes,home,1,,0,,821
401620414,Rachel Banham,away,1,,0,,958
401620414,Megan Gustafson,home,5,1303.0,0,1106.0,999|1106|1303|1473|2216
401620414,Chelsea Gray,home,2,,0,1315.0,1138|1315
401620414,Jackie Young,home,3,2293.0,0,2026.0,1347|2026|2293
401620414,Lindsay Allen,away,1,,0,,1387
401620414,Tiffany Hayes,home,1,,0,,1547
401620414,Sydney Colson,home,1,,0,,1552
401620414,Alysha Clark,home,1,,0,,1681
401620414,Isabelle Harrison,away,1,,0,,1800
401620414,Angel Reese,away,2,,0,2360.9,2045|2361
401620414,Kate Martin,home,1,,0,,2107
401620414,Dana Evans,away,1,,0,,2186
401620415,Sophie Cunningham,home,2,,0,1827.0,36|1827
401620415,Rhyne Howard,away,4,1066.0,1,835.0,250|835|1066|2371
401620415,Brittney Griner,home,2,,0,1987.0,280|1987
401620415,Natasha Mack,home,2,,0,1742.9,503|1743
401620415,Allisha Gray,away,5,1283.0,0,781.0,594|781|1283|1677|2100
401620415,Tina Charles,away,4,2208.0,0,1320.0,637|1320|2208|2286
401620415,Monique Billings,home,1,,0,,656
401620415,Nia Coffey defensive 3-seconds (technical,away,1,,0,,690
401620415,Celeste Taylor,home,4,1104.0,1,939.0,736|939|1104|2114
401620415,Nia Coffey,away,2,,0,1762.0,1049|1762
401620415,Jordin Canada,away,2,,0,1962.0,1139|1962
401620415,Diana Taurasi,home,2,,0,1816.0,1310|1816
401620415,Mikiah Herbert Harrigan,home,2,,0,1623.0,1550|1623
401620415,Haley Jones,away,1,,0,,1889
401620416,Lexie Hull,home,4,1135.0,1,283.0,258|283|1135|1533
401620416,Azura Stevens,away,4,2260.0,0,907.0,348|907|2260|2345
401620416,Aari McDonald,away,2,,0,1935.0,431|1935
401620416,Kia Nurse,away,3,1681.0,0,641.0,434|641|1681
401620416,Katie Lou Samuelson,home,1,,0,,503
401620416,Aliyah Boston,home,3,2178.0,0,2016.0,548|2016|2178
401620416,Kelsey Mitchell,home,1,,0,,587
401620416,Li Yueru,away,3,1810.0,0,819.0,697|819|1810
401620416,Damiris Dantas,home,3,1909.0,0,1731.0,866|1731|1909
401620416,Stephanie Talbot,away,2,,0,2138.0,1013|2138
401620416,Rickea Jackson,away,1,,0,,1116
401620416,Dearica Hamby,away,2,,0,2225.0,1164|2225
401620416,NaLyssa Smith,home,2,,0,2096.0,1485|2096
401620416,Rae Burrell,away,1,,0,,1961
401620416,Caitlin Clark,home,1,,0,,2289
401620416,Kia Nurse personal,away,1,,0,,2384
401620417,Betnijah Laney-Hamilton,home,2,,0,2205.0,26|2205
401620417,Nneka Ogwumike,away,1,,0,,75
401620417,Jonquel Jones,home,2,,0,2101.0,148|2101
401620417,Courtney Vandersloot,home,1,,0,,276
401620417,Gabby Williams,away,2,,0,1528.0,287|1528
401620417,Jordan Horston,away,1,,0,,573
401620417,Ezi Magbegor,away,3,1719.0,0,1149.9,866|1150|1719
401620417,Nyara Sabally,home,1,,0,,1039
401620417,Skylar Diggins-Smith,away,2,,0,2244.0,1234|2244
401620417,Leonie Fiebich,home,2,,0,2278.0,1506|2278
401620417,Kennedy Burke,home,1,,0,,1852
401620417,Sabrina Ionescu,home,1,,0,,2053
401620417,Jewell Loyd,away,1,,0,,2195
401620417,Breanna Stewart,home,1,,0,,2231
401620418,Diana Taurasi,home,2,,0,1407.0,123|1407
401620418,Natasha Cloud,home,1,,0,,161
401620418,Celeste Taylor,home,3,2139.0,0,492.0,351|492|2139
401620418,Sophie Cunningham,home,2,,0,1127.0,372|1127
401620418,Emily Engstler,away,2,,0,1089.0,437|1089
401620418,Jade Melbourne,away,2,,0,1972.0,599|1972
401620418,Sika Kone,away,4,2089.0,0,1729.0,763|1729|2089|2367
401620418,Stefanie Dolson,away,4,1444.0,0,1351.0,775|1351|1444|2014
401620418,Ariel Atkins,away,1,,0,,806
401620418,Kahleah Copper,home,3,2050.0,0,917.0,845|917|2050
401620418,Aaliyah Edwards,away,2,,0,1613.0,999|1613
401620418,Monique Billings,home,1,,0,,1795
401620418,Julie Vanloo,away,1,,0,,1840
401620419,Jacy Sheldon,away,2,,0,177.0,101|177
401620419,Satou Sabally,away,5,1536.0,0,1219.0,204|1219|1536|2278|2632
401620419,Jordin Canada,home,3,2299.0,0,1229.0,478|1229|2299
401620419,Tina Charles,home,3,1053.0,1,854.0,778|854|1053
401620419,Maya Caldwell,home,3,986.0,1,898.0,885|898|986
401620419,Maddy Siegrist,away,1,,0,,975
401620419,Teaira McCowan,away,4,1519.0,0,1129.0,1049|1129|1519|2381
401620419,Natasha Howard,away,3,1779.9,0,1471.0,1399|1471|1780
401620419,Naz Hillmon,home,1,,0,,1487
401620419,Jaelyn Brown,away,1,,0,,1575
401620419,Allisha Gray,home,5,2031.0,0,1868.0,1624|1868|2031|2228|2362
401620419,Lorela Cubaj,home,1,,0,,1661
401620419,Kalani Brown,away,3,1936.0,0,1910.0,1854|1910|1936
401620419,Arike Ogunbowale,away,1,,0,,1991
401620419,Rhyne Howard,home,1,,0,,2577
401620419,Arike Ogunbowale personal,away,2,,0,2661.9,2654|2662
401620420,Kelsey Plum,away,3,1524.0,0,1024.0,530|1024|1524
401620420,Alyssa Thomas,home,5,2070.0,0,1572.0,537|1572|2070|2070|2173
401620420,Kiah Stokes,away,1,,0,,631
401620420,Alysha Clark,away,3,2029.0,0,1959.0,667|1959|2029
401620420,Veronica Burton,home,2,,0,730.0,685|730
401620420,Olivia Nelson-Ododa,home,1,,0,,737
401620420,Chelsea Gray,away,3,1605.0,0,847.0,754|847|1605
401620420,Tyasha Harris,home,2,,0,880.0,803|880
401620420,Megan Gustafson,away,1,,0,,867
401620420,Marina Mabrey,home,3,2082.0,0,1904.0,1013|1904|2082
401620420,Kate Martin,away,1,,0,,1093
401620420,DiJonai Carrington,home,3,2103.0,0,1165.0,1139|1165|2103
401620420,Jackie Young,away,1,,0,,1410
401620420,DeWanna Bonner,home,2,,0,2133.0,1661|2133
401620420,Sydney Colson,away,1,,0,,2110
401620420,A'ja Wilson,away,1,,0,,2148
401620420,Brionna Jones,home,2,,0,2394.9,2271|2395
401620421,Kelsey Mitchell,home,2,,0,1152.8,138|1153
401620421,Alanna Smith,away,2,,0,960.0,154|960
401620421,Aliyah Boston,home,3,1279.0,0,334.0,216|334|1279
401620421,Lexie Hull,home,6,1537.0,0,809.0,222|809|1537|1800|2048|2355
401620421,Napheesa Collier,away,3,2200.0,0,1963.0,278|1963|2200
401620421,Natisha Hiedeman,away,2,,0,490.0,423|490
401620421,Temi Fagbenle,home,3,1737.0,0,704.0,676|704|1737
401620421,Damiris Dantas,home,1,,0,,777
401620421,Katie Lou Samuelson,home,3,2294.0,0,1048.0,844|1048|2294
401620421,Myisha Hines-Allen,away,4,1686.0,0,1651.0,1062|1651|1686|2197
401620421,Dorka Juhasz,away,2,,0,1980.0,1073|1980
401620421,Bridget Carleton,away,2,,0,1779.8,1163|1780
401620421,Caitlin Clark,home,2,,0,1626.0,1329|1626
401620421,Courtney Williams,away,1,,0,,1495
401620421,Erica Wheeler,home,1,,0,,1771
401620421,Temi Fagbenle personal,home,1,,0,,2367
401620422,Lindsay Allen,home,2,,0,1325.0,83|1325
401620422,Michaela Onyenwere,home,1,,0,,125
401620422,Dearica Hamby,away,4,1230.0,0,872.0,131|872|1230|2209
401620422,Angel Reese,home,2,,0,1954.0,597|1954
401620422,Li Yueru,away,4,1536.0,0,1112.0,599|1112|1536|1620
401620422,Chennedy Carter,home,2,,0,647.0,614|647
401620422,Rachel Banham,home,1,,0,,619
401620422,Kia Nurse,away,4,1813.0,0,757.0,626|757|1813|2025
401620422,Moriah Jefferson,home,1,,0,,677
401620422,Isabelle Harrison,home,1,,0,,861
401620422,Azura Stevens,away,2,,0,1464.0,891|1464
401620422,Crystal Dangerfield,away,2,,0,2169.0,919|2169
401620422,Kamilla Cardoso,home,3,1434.0,0,1215.0,1039|1215|1434
401620422,Diamond DeShields,home,4,2176.0,0,1868.0,1163|1868|2176|2381
401620422,Odyssey Sims,away,1,,0,,1518
401620422,Rae Burrell,away,1,,0,,2193
401620422,Brianna Turner,home,1,,0,,2388
401620423,Kahleah Copper,away,1,,0,,120
401620423,Sophie Cunningham,away,4,422.0,1,304.0,170|304|422|1340
401620423,Gabby Williams,home,1,,0,,271
401620423,Sami Whitcomb,home,2,,0,1137.0,395|1137
401620423,Monique Billings,away,3,726.0,1,720.0,636|720|726
401620423,Nneka Ogwumike,home,1,,0,,650
401620423,Mercedes Russell defensive 3-seconds (technical,home,1,,0,,743
401620423,Jordan Horston,home,3,2155.0,0,822.0,771|822|2155
401620423,Skylar Diggins-Smith,home,3,2037.0,0,1103.0,1020|1103|2037
401620423,Natasha Cloud,away,1,,0,,1450
401620423,Jewell Loyd,home,1,,0,,1577
401620423,Mikiah Herbert Harrigan,away,1,,0,,2166
401620423,Amy Atwell,away,1,,0,,2277
401620424,Stefanie Dolson,home,2,,0,1234.0,177|1234
401620424,Courtney Williams,away,2,,0,890.0,480|890
401620424,Emily Engstler,home,1,,0,,553
401620424,Natisha Hiedeman,away,1,,0,,596
401620424,Sika Kone,home,1,,0,,944
401620424,Ariel Atkins,home,4,1397.0,0,1196.9,1158|1197|1397|2396
401620424,Bridget Carleton,away,2,,0,2226.0,1384|2226
401620424,Myisha Hines-Allen,away,3,2340.0,0,1957.0,1532|1957|2340
401620424,Shakira Austin,home,1,,0,,1754
401620424,Jade Melbourne,home,2,,0,1924.0,1913|1924
401620424,Aaliyah Edwards,home,2,,0,2243.0,2019|2243
401620424,Kayla McBride,away,2,,0,2279.0,2177|2279
401620424,Julie Vanloo,home,1,,0,,2332
401620424,Karlie Samuelson,home,1,,0,,2386
401620425,Tina Charles,away,5,1641.0,0,461.0,14|461|1641|1670|2135
401620425,Lexie Hull,home,3,1908.0,0,206.0,99|206|1908
401620425,Jordin Canada,away,5,1794.0,0,1606.0,335|1606|1794|2563|2674
401620425,Allisha Gray,away,3,2282.0,0,1392.0,369|1392|2282
401620425,Caitlin Clark,home,3,1852.0,0,1384.0,494|1384|1852
401620425,Katie Lou Samuelson,home,1,,0,,553
401620425,Temi Fagbenle,home,4,765.0,1,671.0,636|671|765|2373
401620425,Lorela Cubaj,away,1,,0,,655
401620425,Nia Coffey,away,1,,0,,777
401620425,Damiris Dantas,home,1,,0,,857
401620425,Naz Hillmon,away,4,1344.0,0,1306.0,950|1306|1344|2686
401620425,NaLyssa Smith,home,2,,0,1214.0,1082|1214
401620425,Kelsey Mitchell,home,2,,0,1690.0,1292|1690
401620425,Aliyah Boston,home,3,2572.0,0,2512.0,2004|2512|2572
401620425,Lorela Cubaj personal,away,1,,0,,2677
401620425,Rhyne Howard personal,away,1,,0,,2696
401620426,Jackie Young,away,4,1565.0,0,1382.0,34|1382|1565|2398
401620426,Megan Gustafson,away,3,705.0,1,678.0,127|678|705
401620426,Kelsey Plum,away,5,1370.0,0,974.0,230|974|1370|2011|2322
401620426,Alysha Clark,away,1,,0,,287
401620426,Nyara Sabally,home,1,,0,,454
401620426,Kiah Stokes,away,4,1587.0,0,622.0,563|622|1587|2102
401620426,Leonie Fiebich,home,4,1762.0,0,1659.0,693|1659|1762|1920
401620426,Betnijah Laney-Hamilton,home,3,1348.0,0,838.0,834|838|1348
401620426,Kayla Thornton,home,2,,0,1791.9,988|1792
401620426,Chelsea Gray,away,2,,0,2043.0,1401|2043
401620426,Tiffany Hayes,away,1,,0,,1553
401620426,Sydney Colson,away,2,,0,2183.0,1701|2183
401620426,Jonquel Jones,home,2,,0,2127.0,1906|2127
401620426,Jackie Young personal,away,1,,0,,2378
401620427,Natasha Howard,away,3,1258.0,0,163.0,59|163|1258
401620427,Jacy Sheldon,away,4,866.0,1,682.0,126|682|866|1376
401620427,Lindsay Allen,home,1,,0,,154
401620427,Isabelle Harrison,home,4,2133.0,0,1968.0,218|1968|2133|2277
401620427,Teaira McCowan,away,5,1501.0,0,441.0,403|441|1501|2218|2241
401620427,Chennedy Carter,home,3,2033.0,0,1487.0,483|1487|2033
401620427,Satou Sabally,away,4,1638.0,0,735.0,600|735|1638|2210
401620427,Diamond DeShields,home,2,,0,1612.0,697|1612
401620427,Arike Ogunbowale,away,2,,0,1425.0,935|1425
401620427,Kamilla Cardoso,home,5,1370.0,0,1292.0,1017|1292|1370|1398|2189
401620427,Sevgi Uzun,away,2,,0,1739.0,1080|1739
401620427,Kalani Brown,away,2,,0,2258.0,1306|2258
401620427,Brianna Turner,home,1,,0,,1439
401620427,Rachel Banham,home,1,,0,,1828
401620428,Tyasha Harris,away,1,,0,,55
401620428,Rae Burrell,home,2,,0,2284.0,82|2284
401620428,Marina Mabrey,away,3,1897.0,0,770.0,558|770|1897
401620428,DiJonai Carrington,away,2,,0,1155.9,628|1156
401620428,Li Yueru,home,3,2093.0,0,724.0,639|724|2093
401620428,DeWanna Bonner,away,3,2023.0,0,1504.0,751|1504|2023
401620428,Stephanie Talbot,home,2,,0,869.0,759|869
401620428,Dearica Hamby,home,2,,0,1275.0,837|1275
401620428,Brionna Jones,away,5,1349.0,0,1120.0,1047|1120|1349|1712|2083
401620428,Azura Stevens,home,4,1257.0,0,1214.0,1132|1214|1257|1288
401620428,Alyssa Thomas,away,1,,0,,1425
401620428,Odyssey Sims,home,3,2156.0,0,1768.9,1760|1769|2156
401620428,Rickea Jackson,home,2,,0,1903.0,1796|1903
401620428,Crystal Dangerfield,home,1,,0,,1870
401620428,Kia Nurse,home,1,,0,,2025
401620428,Olivia Nelson-Ododa,away,1,,0,,2184
401620429,Courtney Williams,away,3,1334.0,0,1100.0,174|1100|1334
401620429,Rhyne Howard,home,3,2119.0,0,1877.0,391|1877|2119
401620429,Alanna Smith,away,4,1310.0,0,816.0,465|816|1310|2255
401620429,Natisha Hiedeman,away,1,,0,,775
401620429,Napheesa Collier,away,4,2058.0,0,1862.0,841|1862|2058|2085
401620429,Cecilia Zandalasini,away,1,,0,,1077
401620429,Naz Hillmon,home,3,1317.0,0,1277.0,1118|1277|1317
401620429,Jordin Canada,home,2,,0,1588.0,1193|1588
401620429,Bridget Carleton,away,1,,0,,1224
401620429,Myisha Hines-Allen,away,2,,0,1877.0,1373|1877
401620429,Lorela Cubaj,home,1,,0,,1402
401620429,Maya Caldwell,home,1,,0,,1680
401620429,Tina Charles,home,1,,0,,1830
401620429,Kayla McBride,away,1,,0,,1979
401620429,Allisha Gray,home,1,,0,,2330
401620430,Jonquel Jones,away,5,770.0,1,646.0,53|646|770|1243|1985
401620430,Satou Sabally,home,4,1798.0,0,1060.0,70|1060|1798|2142
401620430,Betnijah Laney-Hamilton,away,1,,0,,146
401620430,Arike Ogunbowale,home,1,,0,,483
401620430,Sevgi Uzun,home,2,,0,809.0,486|809
401620430,Breanna Stewart,away,4,1429.0,0,955.0,565|955|1429|2218
401620430,Teaira McCowan,home,2,,0,1252.0,732|1252
401620430,Jacy Sheldon,home,2,,0,1624.0,868|1624
401620430,Nyara Sabally,away,2,,0,1460.0,962|1460
401620430,Leonie Fiebich,away,1,,0,,1175
401620430,Courtney Vandersloot,away,2,,0,2109.0,1236|2109
401620430,Sabrina Ionescu,away,2,,0,2302.0,1343|2302
401620430,Maddy Siegrist,home,1,,0,,1680
401620430,Jaelyn Brown,home,1,,0,,1709
401620430,Kayla Thornton,away,2,,0,2045.0,1752|2045
401620430,Ivana Dojkic,away,1,,0,,2193
401620431,Brionna Jones,away,2,,0,2068.0,163|2068
401620431,Azura Stevens,home,2,,0,1337.0,195|1337
401620431,DeWanna Bonner,away,4,912.0,1,330.0,251|330|912|1969
401620431,Tyasha Harris,away,2,,0,1025.0,365|1025
401620431,Odyssey Sims,home,3,2154.0,0,1244.0,439|1244|2154
401620431,Li Yueru,home,1,,0,,700
401620431,Stephanie Talbot,home,1,,0,,727
401620431,Dearica Hamby,home,4,1873.0,0,1392.0,800|1392|1873|2080
401620431,Alyssa Thomas,away,2,,0,1276.0,829|1276
401620431,Zia Cooke,home,1,,0,,967
401620431,Rae Burrell,home,1,,0,,1168
401620431,Olivia Nelson-Ododa,away,3,2321.0,0,2242.0,1175|2242|2321
401620431,DiJonai Carrington,away,4,1629.0,0,1617.0,1376|1617|1629|1788
401620431,Kia Nurse,home,1,,0,,1758
401620432,Jackie Young,away,5,1263.0,0,866.0,306|866|1263|1543|2269
401620432,Lexie Hull,home,4,825.0,1,401.0,347|401|825|1911
401620432,Sydney Colson,away,1,,0,,564
401620432,Erica Wheeler,home,1,,0,,651
401620432,Caitlin Clark,home,3,1992.0,0,1384.0,727|1384|1992
401620432,Chelsea Gray,away,2,,0,1509.0,829|1509
401620432,Aliyah Boston,home,6,1683.0,0,1560.0,965|1560|1683|1721|1734|2336
401620432,Katie Lou Samuelson,home,1,,0,,1080
401620432,Alysha Clark,away,2,,0,1546.0,1149|1546
401620432,Kiah Stokes,away,2,,0,1961.0,1249|1961
401620432,Kelsey Plum,away,1,,0,,1517
401620432,Tiffany Hayes,away,1,,0,,1616
401620432,Becky Hammon,away,1,,0,,1734
401620432,Kelsey Mitchell,home,1,,0,,1813
401620432,NaLyssa Smith,home,1,,0,,1833
401620432,Temi Fagbenle,home,2,,0,2200.0,2078|2200
401620433,Lindsay Allen,home,2,,0,985.0,239|985
401620433,Kamilla Cardoso,home,4,1118.0,1,958.0,286|958|1118|1680
401620433,Chennedy Carter,home,3,2021.0,0,433.0,294|433|2021
401620433,Karlie Samuelson,away,1,,0,,363
401620433,Michaela Onyenwere,home,2,,0,2351.9,566|2352
401620433,Rachel Banham,home,1,,0,,654
401620433,Shatori Walker-Kimbrough,away,1,,0,,664
401620433,Emily Engstler,away,1,,0,,793
401620433,Isabelle Harrison,home,6,1353.0,0,1088.0,821|1088|1353|1715|1931|1958
401620433,Stefanie Dolson,away,3,1389.0,0,1037.0,1013|1037|1389
401620433,Aaliyah Edwards,away,2,,0,1159.9,1068|1160
401620433,Ariel Atkins,away,1,,0,,1434
401620433,Dana Evans,home,1,,0,,1576
401620433,Brittney Sykes,away,1,,0,,1660
401620433,Sika Kone,away,1,,0,,1812
401620433,Brianna Turner,home,1,,0,,2018
401620433,Sug Sutton,away,1,,0,,2187
401620434,Ezi Magbegor,away,1,,0,,324
401620434,Dearica Hamby,home,1,,0,,474
401620434,Stephanie Talbot,home,1,,0,,684
401620434,Sami Whitcomb,away,3,2171.0,0,2014.0,858|2014|2171
401620434,Odyssey Sims,home,2,,0,1381.0,1039|1381
401620434,Skylar Diggins-Smith,away,3,2129.0,0,1636.0,1191|1636|2129
401620434,Azura Stevens defensive 3-seconds (technical,home,1,,0,,1527
401620434,Azura Stevens,home,1,,0,,1536
401620434,Jordan Horston,away,2,,0,1893.0,1641|1893
401620434,Gabby Williams,away,2,,0,2095.0,1982|2095
401620434,Kia Nurse,home,1,,0,,1994
401620434,Rae Burrell,home,3,2391.8,0,2380.9,2067|2381|2392
401620434,Crystal Dangerfield,home,1,,0,,2304
401620434,Jewell Loyd,away,1,,0,,2320
401620434,Rickea Jackson,home,1,,0,,2368
401620434,Rickea Jackson personal,home,1,,0,,2375
401620434,Nneka Ogwumike,away,1,,0,,2379
401620435,Betnijah Laney-Hamilton,away,3,1516.0,0,1438.0,75|1438|1516
401620435,Natasha Howard,home,5,1636.0,0,952.0,332|952|1636|1675|1695
401620435,Teaira McCowan,home,2,,0,1548.0,348|1548
401620435,Nyara Sabally,away,2,,0,742.0,460|742
401620435,Jaelyn Brown,home,3,2122.0,0,863.0,520|863|2122
401620435,Maddy Siegrist,home,4,1922.0,0,1450.0,758|1450|1922|2227
401620435,Satou Sabally,home,3,928.0,1,858.0,820|858|928
401620435,Arike Ogunbowale,home,2,,0,2142.0,890|2142
401620435,Courtney Vandersloot,away,2,,0,1765.0,938|1765
401620435,Jonquel Jones,away,3,1275.0,0,1247.0,994|1247|1275
401620435,Jacy Sheldon,home,2,,0,2065.0,1072|2065
401620435,Kalani Brown,home,1,,0,,1744
401620435,Kayla Thornton,away,1,,0,,1941
401620435,Kennedy Burke,away,1,,0,,2020
401620435,Leonie Fiebich,away,1,,0,,2133
401620435,Sevgi Uzun,home,1,,0,,2193
401620436,Stefanie Dolson,away,3,1906.0,0,1407.0,27|1407|1906
401620436,Karlie Samuelson,away,2,,0,1663.0,399|1663
401620436,Lorela Cubaj,home,2,,0,2380.9,435|2381
401620436,Emily Engstler,away,5,1612.0,0,1273.0,468|1273|1612|2207|2262
401620436,Haley Jones,home,1,,0,,605
401620436,Nia Coffey,home,1,,0,,632
401620436,Sika Kone,away,2,,0,1688.0,749|1688
401620436,Rhyne Howard,home,3,2297.0,0,1524.0,794|1524|2297
401620436,Jade Melbourne,away,1,,0,,808
401620436,Shatori Walker-Kimbrough,away,1,,0,,842
401620436,Naz Hillmon,home,1,,0,,881
401620436,Jordin Canada,home,3,2224.0,0,1914.0,937|1914|2224
401620436,Ariel Atkins,away,1,,0,,984
401620436,Julie Vanloo,away,3,2273.0,0,2183.0,1128|2183|2273
401620436,Allisha Gray,home,3,2196.0,0,1780.8,1152|1781|2196
401620436,Tina Charles,home,2,,0,2350.9,1240|2351
401620436,Maya Caldwell,home,3,1845.0,0,1740.9,1699|1741|1845
401620437,Kelsey Plum,away,3,1906.0,0,1377.0,25|1377|1906
401620437,Lexie Hull,home,3,2386.9,0,2150.0,162|2150|2387
401620437,Caitlin Clark,home,4,258.0,1,258.0,180|258|258|1072
401620437,Kiah Stokes,away,5,2057.0,0,1127.0,198|1127|2057|2140|2201
401620437,Jackie Young,away,4,1739.0,0,1368.0,247|1368|1739|2223
401620437,Erica Wheeler,home,1,,0,,473
401620437,Tiffany Hayes,away,3,1931.0,0,841.0,812|841|1931
401620437,Damiris Dantas,home,2,,0,2233.0,819|2233
401620437,Temi Fagbenle,home,1,,0,,834
401620437,Megan Gustafson,away,1,,0,,902
401620437,NaLyssa Smith,home,2,,0,1358.0,1001|1358
401620437,A'ja Wilson,away,1,,0,,1044
401620437,Aliyah Boston,home,2,,0,2275.0,1658|2275
401620437,Alysha Clark,away,1,,0,,1773
401620437,Caitlin Clark personal,home,1,,0,,2388
401620437,Lexie Hull personal,home,1,,0,,2397
401620438,Ezi Magbegor,away,2,,0,840.0,199|840
401620438,Nneka Ogwumike,away,3,1215.0,0,868.0,298|868|1215
401620438,Jacy Sheldon,home,4,974.0,1,816.0,314|816|974|1921
401620438,Skylar Diggins-Smith,away,2,,0,1318.0,333|1318
401620438,Satou Sabally,home,1,,0,,385
401620438,Jordan Horston,away,1,,0,,485
401620438,Arike Ogunbowale,home,3,1765.9,0,716.0,547|716|1766
401620438,Mercedes Russell,away,3,1735.0,0,638.0,610|638|1735
401620438,Jewell Loyd,away,1,,0,,938
401620438,Sevgi Uzun,home,1,,0,,1656
401620438,Jaelyn Brown,home,1,,0,,1690
401620438,Sami Whitcomb,away,1,,0,,1911
401620438,Teaira McCowan,home,2,,0,2382.9,2285|2383
401620439,Courtney Williams,home,1,,0,,17
401620439,Michaela Onyenwere,away,2,,0,1217.0,104|1217
401620439,Isabelle Harrison,away,3,1063.0,1,239.0,177|239|1063
401620439,Natisha Hiedeman,home,2,,0,328.0,281|328
401620439,Napheesa Collier,home,4,1828.0,0,596.0,317|596|1828|1913
401620439,Chennedy Carter,away,2,,0,2064.0,535|2064
401620439,Cecilia Zandalasini,home,2,,0,2267.0,641|2267
401620439,Dana Evans,away,2,,0,842.0,664|842
401620439,Moriah Jefferson,away,1,,0,,905
401620439,Alanna Smith,home,2,,0,1137.0,1100|1137
401620439,Kayla McBride,home,1,,0,,1459
401620439,Bridget Carleton,home,1,,0,,1714
401620439,Myisha Hines-Allen,home,1,,0,,1835
401620439,Rachel Banham,away,1,,0,,2184
401620439,Lindsay Allen,away,1,,0,,2222
401620440,Diana Taurasi,home,1,,0,,40
401620440,DiJonai Carrington,away,3,1963.0,0,1091.0,131|1091|1963
401620440,Natasha Cloud,home,4,1402.0,0,959.0,139|959|1402|2079
401620440,Brittney Griner,home,3,2025.0,0,596.0,289|596|2025
401620440,Sophie Cunningham,home,1,,0,,433
401620440,Olivia Nelson-Ododa,away,4,1912.0,0,627.0,499|627|1912|2340
401620440,Monique Billings,home,2,,0,1741.0,705|1741
401620440,Nate Tibbetts,home,1,,0,,879
401620440,Brionna Jones,away,3,2115.0,0,1980.0,943|1980|2115
401620440,Marina Mabrey,away,2,,0,1488.0,971|1488
401620440,Natasha Mack,home,2,,0,2350.0,1149|2350
401620440,DeWanna Bonner,away,1,,0,,1418
401620440,Celeste Taylor,home,1,,0,,1537
401620440,Alyssa Thomas,away,1,,0,,1605
401620440,Mikiah Herbert Harrigan,home,1,,0,,2247
401620440,Amy Atwell,home,1,,0,,2356
401620441,Lexie Hull,home,5,1396.0,0,342.0,102|342|1396|1887|2359
401620441,Jacy Sheldon,away,5,1365.0,0,496.0,125|496|1365|1514|1897
401620441,Teaira McCowan,away,5,1005.0,1,966.0,348|966|1005|1005|2101
401620441,Satou Sabally,away,4,1704.0,0,1489.0,364|1489|1704|2269
401620441,NaLyssa Smith,home,3,1538.0,0,1196.9,407|1197|1538
401620441,Kelsey Mitchell,home,1,,0,,532
401620441,Aliyah Boston,home,3,2221.0,0,954.0,546|954|2221
401620441,Jaelyn Brown,away,1,,0,,567
401620441,Natasha Howard,away,2,,0,2158.0,700|2158
401620441,Damiris Dantas,home,1,,0,,722
401620441,Caitlin Clark,home,1,,0,,1106
401620441,Arike Ogunbowale,away,3,2132.0,0,1169.9,1163|1170|2132
401620441,Maddy Siegrist,away,1,,0,,1719
401620441,Kalani Brown,away,1,,0,,1764
401620441,Temi Fagbenle,home,1,,0,,1859
401620441,Erica Wheeler,home,1,,0,,2198
401620441,Satou Sabally personal,away,1,,0,,2386
401620441,Double,away,1,,0,,2399
401620441,Natasha Howard personal,away,1,,0,,2399
401620442,Napheesa Collier,away,5,1620.0,0,557.9,164|558|1620|1738|2375
401620442,Jonquel Jones,home,2,,0,1404.0,277|1404
401620442,Courtney Vandersloot,home,2,,0,421.0,286|421
401620442,Alanna Smith,away,3,1551.0,0,963.0,648|963|1551
401620442,Leonie Fiebich,home,2,,0,1110.0,785|1110
401620442,Courtney Williams,away,3,1881.0,0,1333.0,842|1333|1881
401620442,Cecilia Zandalasini,away,1,,0,,939
401620442,Sabrina Ionescu,home,1,,0,,1236
401620442,Bridget Carleton,away,2,,0,1481.0,1417|1481
401620442,Betnijah Laney-Hamilton,home,1,,0,,1520
401620442,Nyara Sabally,home,2,,0,2268.0,1568|2268
401620442,Natisha Hiedeman,away,1,,0,,1625
401620442,Breanna Stewart,home,3,2370.9,0,2347.9,1826|2348|2371
401620442,Kayla Thornton,home,1,,0,,1924
401620442,Kayla McBride,away,2,,0,2040.0,2008|2040
401620442,Myisha Hines-Allen,away,1,,0,,2344
401620442,Breanna Stewart personal,home,1,,0,,2392
401620443,Emily Engstler,home,3,2481.0,0,1291.0,41|1291|2481
401620443,Jordin Canada,away,3,1480.0,0,1380.0,87|1380|1480
401620443,Stefanie Dolson,home,5,1502.0,0,1361.0,156|1361|1502|2196|2641
401620443,Karlie Samuelson,home,2,,0,2156.0,269|2156
401620443,Brittney Sykes,home,4,1787.0,0,1681.0,424|1681|1787|2496
401620443,Maya Caldwell,away,2,,0,2039.0,511|2039
401620443,Sika Kone,home,3,1855.0,0,1840.0,587|1840|1855
401620443,Allisha Gray,away,2,,0,1427.0,728|1427
401620443,Naz Hillmon,away,4,1924.0,0,1797.0,761|1797|1924|2564
401620443,Ariel Atkins,home,2,,0,1408.0,820|1408
401620443,Shatori Walker-Kimbrough,home,1,,0,,845
401620443,Rhyne Howard,away,3,1958.0,0,1441.0,912|1441|1958
401620443,Eric Thibault,home,1,,0,,966
401620443,Haley Jones,away,1,,0,,1650
401620443,Lorela Cubaj,away,1,,0,,1700
401620443,Nia Coffey,away,2,,0,1763.9,1763|1764
401620443,Jade Melbourne,home,1,,0,,1974
401620443,Tina Charles,away,2,,0,2181.0,2166|2181
401620444,Lindsay Allen,home,2,,0,1131.0,27|1131
401620444,Michaela Onyenwere,home,2,,0,1504.0,179|1504
401620444,Celeste Taylor,away,3,952.0,1,700.0,223|700|952
401620444,Kamilla Cardoso,home,1,,0,,240
401620444,Natasha Cloud,away,1,,0,,289
401620444,Rachel Banham,home,2,,0,1766.0,317|1766
401620444,Sophie Cunningham,away,4,1534.0,0,1404.0,346|1404|1534|2393
401620444,Brittney Griner,away,4,2068.0,0,1366.0,675|1366|2068|2154
401620444,Diana Taurasi,away,3,2350.0,0,1861.0,825|1861|2350
401620444,Moriah Jefferson,home,1,,0,,864
401620444,Dana Evans,home,2,,0,1043.0,1001|1043
401620444,Chennedy Carter,home,3,2393.9,0,1931.0,1435|1931|2394
401620444,Isabelle Harrison,home,1,,0,,2035
401620444,Michaela Onyenwere personal,home,1,,0,,2395
401620445,Alyssa Thomas,away,2,,0,530.0,237|530
401620445,Megan Gustafson,home,2,,0,610.0,376|610
401620445,Kelsey Plum,home,2,,0,1631.0,571|1631
401620445,Tiffany Hayes,home,4,2060.0,0,1937.0,641|1937|2060|2172
401620445,DiJonai Carrington,away,3,1674.0,0,921.0,811|921|1674
401620445,A'ja Wilson,home,2,,0,1466.0,872|1466
401620445,Brionna Jones,away,4,1729.0,0,1318.0,926|1318|1729|2114
401620445,Jackie Young,home,2,,0,1062.0,988|1062
401620445,Kiah Stokes,home,1,,0,,1400
401620445,Tyasha Harris,away,1,,0,,1477
401620445,Alysha Clark,home,1,,0,,1924
401620446,Sami Whitcomb,home,4,1537.0,0,342.0,308|342|1537|1731
401620446,Rae Burrell,away,4,2349.9,0,1514.0,360|1514|2350|2397
401620446,Crystal Dangerfield,away,1,,0,,418
401620446,Stephanie Talbot,away,3,1953.0,0,1889.0,465|1889|1953
401620446,Rickea Jackson,away,1,,0,,492
401620446,Dearica Hamby,away,3,2133.0,0,1040.0,643|1040|2133
401620446,Victoria Vivians,home,1,,0,,759
401620446,Jordan Horston,home,4,2309.0,0,1560.0,802|1560|2309|2329
401620446,Gabby Williams,home,2,,0,1969.0,834|1969
401620446,Azura Stevens defensive 3-seconds (technical,away,1,,0,,948
401620446,Azura Stevens,away,1,,0,,1077
401620446,Nneka Ogwumike,home,5,1456.0,0,1339.0,1163|1339|1456|1723|2319
401620446,Skylar Diggins-Smith,home,2,,0,1548.0,1498|1548
401620446,Kia Nurse,away,2,,0,2273.0,2128|2273
401620446,Odyssey Sims,away,1,,0,,2287
401620447,DeWanna Bonner,home,2,,0,2159.0,152|2159
401620447,Marina Mabrey,home,2,,0,1712.0,616|1712
401620447,Cecilia Zandalasini,away,1,,0,,746
401620447,Veronica Burton,home,1,,0,,901
401620447,Alanna Smith,away,2,,0,1272.0,1069|1272
401620447,Brionna Jones,home,3,1819.0,0,1248.0,1095|1248|1819
401620447,Napheesa Collier,away,2,,0,1139.0,1121|1139
401620447,Bridget Carleton,away,2,,0,2255.0,1350|2255
401620447,Kayla McBride,away,2,,0,2365.9,1454|2366
401620447,DiJonai Carrington,home,2,,0,1949.0,1494|1949
401620447,Natisha Hiedeman,away,1,,0,,1600
401620447,Tyasha Harris,home,1,,0,,1624
401620447,Myisha Hines-Allen,away,2,,0,1978.0,1853|1978
401620447,DiJonai Carrington personal,home,1,,0,,2398
401620448,Julie Vanloo,home,1,,0,,122
401620448,Sabrina Ionescu,away,2,,0,1278.0,204|1278
401620448,Betnijah Laney-Hamilton,away,2,,0,2071.0,283|2071
401620448,Jonquel Jones,away,5,1209.0,0,939.0,362|939|1209|1378|1968
401620448,Leonie Fiebich,away,4,1054.0,1,551.0,369|551|1054|1827
401620448,Stefanie Dolson,home,3,1405.0,0,1092.0,447|1092|1405
401620448,Nyara Sabally,away,4,1161.9,1,672.0,576|672|1162|1627
401620448,Ariel Atkins,home,4,1148.9,1,1029.0,599|1029|1149|1499
401620448,Sika Kone,home,3,2376.9,0,765.0,740|765|2377
401620448,Courtney Vandersloot,away,1,,0,,823
401620448,Brittney Sykes,home,1,,0,,916
401620448,Breanna Stewart,away,2,,0,1078.0,982|1078
401620448,Emily Engstler,home,1,,0,,1099
401620448,Courtney Vandersloot defensive 3-seconds (technical,away,1,,0,,1416
401620448,Kayla Thornton,away,2,,0,1836.0,1727|1836
401620448,Kennedy Burke,away,2,,0,2019.0,1800|2019
401620448,Jade Melbourne,home,1,,0,,1960
401620448,Jaylyn Sherrod,away,1,,0,,2292
401620449,Lindsay Allen,away,2,,0,900.0,22|900
401620449,Brianna Turner,away,4,975.0,1,596.9,153|597|975|1629
401620449,Rachel Banham,away,4,1130.0,1,615.0,196|615|1130|1831
401620449,Isabelle Harrison,away,2,,0,1512.0,468|1512
401620449,Rhyne Howard,home,3,1974.0,0,1360.0,477|1360|1974
401620449,Dana Evans,away,1,,0,,702
401620449,Nia Coffey defensive 3-seconds (technical,home,1,,0,,791
401620449,Allisha Gray,home,3,1971.0,0,1723.0,795|1723|1971
401620449,Naz Hillmon,home,2,,0,1290.0,1027|1290
401620449,Haley Jones,home,1,,0,,1074
401620449,Lorela Cubaj,home,2,,0,1120.0,1096|1120
401620449,Kaela Davis,away,3,2281.0,0,1844.0,1166|1844|2281
401620449,Jordin Canada,home,1,,0,,1182
401620449,Michaela Onyenwere,away,6,1735.0,0,1624.0,1507|1624|1735|1782|1903|2334
401620449,Maya Caldwell,home,1,,0,,1710
401620449,Moriah Jefferson,away,1,,0,,2053
401620449,Rachel Banham personal,away,1,,0,,2345
401620451,Mercedes Russell,home,4,1964.0,0,1822.0,210|1822|1964|2306
401620451,Sydney Colson,away,2,,0,568.9,467|569
401620451,Gabby Williams,home,3,1639.0,0,986.0,521|986|1639
401620451,Victoria Vivians,home,2,,0,828.0,721|828
401620451,A'ja Wilson,away,1,,0,,1006
401620451,Jackie Young,away,3,1748.9,0,1486.0,1038|1486|1749
401620451,Megan Gustafson,away,1,,0,,1063
401620451,Kelsey Plum,away,3,1612.0,0,1526.0,1130|1526|1612
401620451,Skylar Diggins-Smith,home,2,,0,1564.0,1436|1564
401620451,Joyner Holmes,home,4,1875.0,0,1770.0,1596|1770|1875|2067
401620451,Tiffany Hayes,away,1,,0,,1621
401620451,Nneka Ogwumike,home,1,,0,,2227
401620450,Sophie Cunningham,away,2,,0,167.0,87|167
401620450,Brittney Griner,away,1,,0,,266
401620450,Diana Taurasi,away,1,,0,,296
401620450,Odyssey Sims,home,1,,0,,315
401620450,Natasha Mack,away,4,905.0,1,712.0,318|712|905|1315
401620450,Stephanie Talbot,home,2,,0,565.0,453|565
401620450,Kia Nurse,home,4,1695.0,0,1600.0,481|1600|1695|2391
401620450,Natasha Cloud,away,4,1891.0,0,931.0,585|931|1891|2255
401620450,Monique Billings,away,3,1841.0,0,1195.9,861|1196|1841
401620450,Rickea Jackson,home,2,,0,941.0,912|941
401620450,Zia Cooke,home,1,,0,,926
401620450,Dearica Hamby,home,4,1484.0,0,1290.0,1182|1290|1484|1536
401620450,Double,away,2,,0,1181.9,1182|1182
401620450,Li Yueru,home,2,,0,1948.0,1640|1948
401620450,Mikiah Herbert Harrigan,away,1,,0,,1721
401620450,Amy Atwell,away,1,,0,,1796
401620450,Celeste Taylor,away,2,,0,2194.0,1927|2194
401620450,Rae Burrell,home,1,,0,,2379
401620450,Rae Burrell personal,home,1,,0,,2380
401620452,Michaela Onyenwere,away,3,982.0,1,914.0,91|914|982
401620452,Kaela Davis,away,2,,0,1437.0,284|1437
401620452,Alyssa Thomas,home,1,,0,,455
401620452,Moriah Jefferson,away,3,2326.0,0,786.0,656|786|2326
401620452,Veronica Burton,home,1,,0,,681
401620452,DiJonai Carrington,home,4,1358.0,0,923.0,815|923|1358|1936
401620452,Marina Mabrey,home,2,,0,2327.0,841|2327
401620452,Lindsay Allen,away,4,1423.0,0,1086.0,906|1086|1423|1470
401620452,Dana Evans,away,1,,0,,941
401620452,DeWanna Bonner defensive 3-seconds (technical,home,1,,0,,1019
401620452,DeWanna Bonner,home,1,,0,,1019
401620452,Brionna Jones,home,1,,0,,1056
401620452,Brianna Turner,away,4,1427.0,0,1234.0,1105|1234|1427|2128
401620452,Rachel Banham,away,2,,0,1515.0,1160|1515
401620452,Tyasha Harris,home,1,,0,,1454
401620452,Olivia Nelson-Ododa defensive 3-seconds (technical,home,1,,0,,1711
401620452,Caitlin Bickle defensive 3-seconds (technical,home,1,,0,,2176
401620452,Olivia Nelson-Ododa,home,1,,0,,2209
401620453,Naz Hillmon,away,3,1529.0,0,1154.0,129|1154|1529
401620453,Betnijah Laney-Hamilton,home,1,,0,,172
401620453,Jonquel Jones,home,4,1391.0,0,988.0,279|988|1391|1883
401620453,Leonie Fiebich,home,1,,0,,506
401620453,Haley Jones,away,2,,0,621.0,542|621
401620453,Kennedy Burke,home,1,,0,,768
401620453,Rhyne Howard,away,1,,0,,1009
401620453,Tina Charles,away,1,,0,,1320
401620453,Courtney Vandersloot,home,3,1726.0,0,1504.0,1335|1504|1726
401620453,Sabrina Ionescu,home,1,,0,,1544
401620453,Lorela Cubaj,away,5,1984.0,0,1699.0,1579|1699|1984|2114|2234
401620453,Marquesha Davis,home,1,,0,,1684
401620453,Ezinne Kalu,away,4,2169.0,0,1977.0,1794|1977|2169|2304
401620453,Jaylyn Sherrod,home,2,,0,2348.0,1891|2348
401620453,Nyara Sabally,home,1,,0,,2286
401620453,Kayla Thornton,home,1,,0,,2325
401620454,Emily Engstler,home,4,1492.0,0,518.0,46|518|1492|2092
401620454,Stefanie Dolson,home,3,2022.0,0,930.0,124|930|2022
401620454,Lexie Hull,away,1,,0,,189
401620454,Brittney Sykes,home,1,,0,,276
401620454,Aliyah Boston,away,2,,0,1065.0,287|1065
401620454,Erica Wheeler,away,3,2081.0,0,1525.0,298|1525|2081
401620454,NaLyssa Smith,away,3,1502.0,0,505.0,331|505|1502
401620454,Jade Melbourne,home,1,,0,,810
401620454,Damiris Dantas,away,2,,0,1777.9,856|1778
401620454,Ariel Atkins,home,4,1311.0,0,1017.0,893|1017|1311|2056
401620454,Shatori Walker-Kimbrough,home,1,,0,,914
401620454,Julie Vanloo,home,3,1319.0,0,1141.9,1078|1142|1319
401620454,Kristy Wallace,away,1,,0,,1602
401620454,Temi Fagbenle,away,1,,0,,1653
401620454,Katie Lou Samuelson,away,1,,0,,1710
401620454,Sika Kone,home,1,,0,,1870
401620454,Victaria Saxton,away,1,,0,,2360
401620455,Alanna Smith,home,2,,0,1970.0,57|1970
401620455,Courtney Williams,home,1,,0,,130
401620455,Azura Stevens,away,1,,0,,476
401620455,Li Yueru,away,3,1002.0,1,974.0,649|974|1002
401620455,Cecilia Zandalasini,home,1,,0,,862
401620455,Kia Nurse,away,2,,0,2255.0,960|2255
401620455,Myisha Hines-Allen,home,3,1545.0,0,1154.0,1010|1154|1545
401620455,Dearica Hamby,away,1,,0,,1034
401620455,Rickea Jackson,away,2,,0,2323.0,1106|2323
401620455,Bridget Carleton,home,1,,0,,1462
401620455,Alissa Pili,home,3,1904.0,0,1831.0,1668|1831|1904
401620455,Rae Burrell,away,1,,0,,1951
401620455,Odyssey Sims,away,1,,0,,2066
401620455,Stephanie Talbot,away,1,,0,,2298
401620456,Kate Martin,home,2,,0,1720.0,129|1720
401620456,Satou Sabally,away,4,1372.0,0,1350.0,161|1350|1372|1598
401620456,Sydney Colson,home,2,,0,1686.0,213|1686
401620456,Kalani Brown,away,3,1242.0,0,823.0,290|823|1242
401620456,Kierstan Bell,home,3,1735.0,0,441.0,414|441|1735
401620456,Sevgi Uzun,away,1,,0,,596
401620456,Alysha Clark,home,3,1174.9,1,751.0,655|751|1175
401620456,Megan Gustafson,home,3,2176.0,0,1548.0,1413|1548|2176
401620456,Natasha Howard,away,2,,0,1651.0,1436|1651
401620456,Jaelyn Brown,away,1,,0,,1750
401620456,Queen Egbo,home,2,,0,2186.0,2009|2186
401620456,Lou Lopez Senechal,away,1,,0,,2128
401620457,Mercedes Russell,away,1,,0,,138
401620457,Victoria Vivians personal,away,1,,0,,596
401620457,Nika Muhl,away,3,2269.0,0,2209.0,666|2209|2269
401620457,Kahleah Copper,home,2,,0,1479.0,705|1479
401620457,Natasha Cloud,home,1,,0,,755
401620457,Skylar Diggins-Smith,away,3,1315.0,0,990.0,814|990|1315
401620457,Gabby Williams,away,1,,0,,851
401620457,Brittney Griner,home,2,,0,1399.0,905|1399
401620457,Diana Taurasi,home,2,,0,1410.0,1264|1410
401620457,Natasha Mack,home,2,,0,1568.0,1487|1568
401620457,Monique Billings,home,2,,0,2215.0,1695|2215
401620457,Sami Whitcomb,away,3,2342.9,0,2131.0,1732|2131|2343
401620457,Joyner Holmes,away,2,,0,2391.0,1891|2391
401620457,Jordan Horston,away,3,2393.9,0,1984.0,1945|1984|2394
401620457,Celeste Taylor,home,1,,0,,1955
401620457,Victoria Vivians,away,1,,0,,2056
401721255,Jonquel Jones,home,2,,0,338.0,245|338
401721255,Sabrina Ionescu,home,2,,0,1608.0,267|1608
401721255,Tina Charles,away,2,,0,1279.0,279|1279
401721255,Jordin Canada,away,1,,0,,330
401721255,Allisha Gray,away,1,,0,,381
401721255,Nyara Sabally,home,5,1893.0,0,451.0,391|451|1893|1928|2229
401721255,Nia Coffey,away,3,1780.9,0,1600.0,408|1600|1781
401721255,Ezinne Kalu,away,1,,0,,473
401721255,Breanna Stewart,home,2,,0,2141.0,555|2141
401721255,Kennedy Burke,home,2,,0,1967.0,581|1967
401721255,Courtney Vandersloot,home,1,,0,,676
401721255,Naz Hillmon,away,1,,0,,789
401721255,Leonie Fiebich,home,3,1153.9,1,1120.0,914|1120|1154
401721255,Lorela Cubaj,away,2,,0,1811.0,1491|1811
401721255,Betnijah Laney-Hamilton,home,1,,0,,1770
401721255,Haley Jones,away,1,,0,,1794
401721255,Laeticia Amihere,away,2,,0,2129.0,2121|2129
401721253,Lexie Hull,away,3,1010.0,1,702.0,48|702|1010
401721253,Aliyah Boston,away,4,1325.0,0,1152.9,166|1153|1325|2120
401721253,Tyasha Harris,home,1,,0,,224
401721253,DiJonai Carrington,home,1,,0,,266
401721253,Caitlin Clark,away,2,,0,1669.0,333|1669
401721253,Brionna Jones,home,2,,0,1775.9,360|1776
401721253,Marina Mabrey,home,1,,0,,417
401721253,Christie Sides,away,1,,0,,455
401721253,Veronica Burton,home,2,,0,1952.0,518|1952
401721253,Olivia Nelson-Ododa,home,1,,0,,665
401721253,Alyssa Thomas,home,3,2131.0,0,1462.0,783|1462|2131
401721253,Damiris Dantas,away,2,,0,2220.0,869|2220
401721253,Damiris Dantas defensive 3-seconds (technical,away,1,,0,,1062
401721253,Katie Lou Samuelson,away,1,,0,,1189
401721253,NaLyssa Smith,away,1,,0,,1317
401721253,Kelsey Mitchell,away,2,,0,2039.0,1753|2039
401721261,Sophie Cunningham,away,4,756.0,1,203.0,123|203|756|1830
401721261,Alanna Smith,home,4,1015.0,1,415.0,244|415|1015|2388
401721261,Myisha Hines-Allen,home,2,,0,2116.0,466|2116
401721261,Diana Taurasi,away,3,1277.0,0,1128.0,581|1128|1277
401721261,Kayla McBride,home,3,1903.0,0,1795.9,794|1796|1903
401721261,Brittney Griner,away,3,2208.0,0,1679.0,970|1679|2208
401721261,Bridget Carleton,home,3,2176.0,0,1370.0,981|1370|2176
401721261,Kahleah Copper,away,5,1293.0,0,1219.0,1066|1219|1293|1705|2322
401721261,Natasha Cloud,away,4,2031.0,0,1743.9,1642|1744|2031|2325
401721261,Napheesa Collier,home,1,,0,,1949
401721261,Sophie Cunningham personal,away,2,,0,2390.9,2378|2391
401721256,Kelsey Plum,home,3,1352.0,0,1212.0,63|1212|1352
401721256,Skylar Diggins-Smith,away,2,,0,1443.0,282|1443
401721256,Megan Gustafson defensive 3-seconds (technical,home,1,,0,,399
401721256,Jackie Young,home,3,2153.0,0,1778.0,413|1778|2153
401721256,Jewell Loyd,away,2,,0,1622.0,595|1622
401721256,Sami Whitcomb,away,1,,0,,692
401721256,Jordan Horston,away,2,,0,1099.0,952|1099
401721256,Gabby Williams,away,2,,0,1938.0,1088|1938
401721256,Chelsea Gray,home,1,,0,,1157
401721256,A'ja Wilson,home,1,,0,,1165
401721256,Alysha Clark,home,1,,0,,1187
401721256,Kiah Stokes,home,1,,0,,1379
401721256,Sydney Colson,home,1,,0,,1748
401721258,Leonie Fiebich,home,4,835.0,1,272.0,72|272|835|1784
401721258,Jonquel Jones,home,3,2379.9,0,2234.0,76|2234|2380
401721258,Allisha Gray,away,1,,0,,300
401721258,Tina Charles,away,3,1496.0,0,893.0,484|893|1496
401721258,Nyara Sabally,home,1,,0,,624
401721258,Sabrina Ionescu,home,2,,0,2201.0,653|2201
401721258,Rhyne Howard,away,3,1489.0,0,1441.0,728|1441|1489
401721258,Nia Coffey,away,3,2149.0,0,1819.0,823|1819|2149
401721258,Betnijah Laney-Hamilton,home,2,,0,2371.0,1712|2371
401721258,Lorela Cubaj,away,1,,0,,1811
401721258,Jordin Canada,away,1,,0,,2360
401721258,Allisha Gray personal,away,1,,0,,2363
401721258,Naz Hillmon personal,away,1,,0,,2384
401721262,Skylar Diggins-Smith,away,4,1670.0,0,1373.0,142|1373|1670|2367
401721262,Nneka Ogwumike,away,2,,0,1197.9,178|1198
401721262,Alysha Clark,home,2,,0,1890.0,383|1890
401721262,Jackie Young,home,2,,0,623.0,468|623
401721262,Kiah Stokes,home,2,,0,1902.0,778|1902
401721262,Tiffany Hayes,home,3,2258.0,0,1014.0,801|1014|2258
401721262,Ezi Magbegor,away,4,1471.0,0,1380.0,1078|1380|1471|1587
401721262,Jewell Loyd,away,2,,0,1975.0,1193|1975
401721262,Kelsey Plum,home,3,2043.0,0,1440.0,1426|1440|2043
401721262,A'ja Wilson,home,1,,0,,2080
401721262,Gabby Williams,away,2,,0,2364.9,2206|2365
401721254,Temi Fagbenle,away,3,2055.0,0,569.9,106|570|2055
401721254,Aliyah Boston,away,2,,0,481.0,281|481
401721254,DiJonai Carrington,home,2,,0,762.0,319|762
401721254,Kelsey Mitchell,away,2,,0,1529.0,369|1529
401721254,Marina Mabrey,home,4,1452.0,0,1059.0,400|1059|1452|2400
401721254,Lexie Hull,away,4,1927.0,0,1851.0,511|1851|1927|2181
401721254,Erica Wheeler,away,2,,0,1015.0,726|1015
401721254,Caitlin Clark,away,3,1600.0,0,936.0,739|936|1600
401721254,Damiris Dantas,away,1,,0,,848
401721254,Veronica Burton,home,1,,0,,898
401721254,DeWanna Bonner,home,2,,0,2151.0,910|2151
401721254,Brionna Jones,home,1,,0,,1171
401721254,Olivia Nelson-Ododa,home,1,,0,,1517
401721254,Temi Fagbenle personal,away,1,,0,,2362
401721254,Caitlin Clark personal,away,1,,0,,2370
401721254,Lexie Hull personal,away,1,,0,,2390
401721260,Brittney Griner,away,2,,0,1149.9,45|1150
401721260,Natasha Cloud,away,4,774.0,1,750.0,82|750|774|1858
401721260,Kahleah Copper,away,5,1743.9,0,908.0,91|908|1744|1983|2008
401721260,Napheesa Collier,home,2,,0,1905.0,115|1905
401721260,Diana Taurasi,away,5,1488.0,0,1400.0,210|1400|1488|2021|2246
401721260,Alanna Smith defensive 3-seconds (technical,home,1,,0,,341
401721260,Alanna Smith,home,4,1081.0,1,1054.0,368|1054|1081|2081
401721260,Myisha Hines-Allen,home,1,,0,,426
401721260,Celeste Taylor,away,1,,0,,579
401721260,Natasha Mack,away,2,,0,1621.0,715|1621
401721260,Sophie Cunningham,away,3,2201.0,0,1337.0,816|1337|2201
401721260,Bridget Carleton,home,4,1221.0,0,918.0,882|918|1221|1598
401721260,Courtney Williams,home,2,,0,1412.0,1337|1412
401721260,Kayla McBride,home,1,,0,,1756
401721260,Double,away,2,,0,1846.0,1846|1846
401721260,Monique Billings,away,2,,0,2240.0,1850|2240
401721260,Olivia Epoupa,home,1,,0,,2369
401724938,Courtney Vandersloot,home,1,,0,,483
401724938,Nyara Sabally,home,2,,0,705.0,541|705
401724938,Sydney Colson,away,1,,0,,598
401724938,A'ja Wilson,away,2,,0,1337.0,629|1337
401724938,Jonquel Jones,home,2,,0,1997.0,720|1997
401724938,Alysha Clark,away,4,1312.0,0,877.0,746|877|1312|1665
401724938,Leonie Fiebich,home,2,,0,1171.9,811|1172
401724938,Betnijah Laney-Hamilton,home,1,,0,,895
401724938,Sabrina Ionescu,home,3,2117.0,0,1695.0,946|1695|2117
401724938,Kiah Stokes,away,1,,0,,1023
401724938,Kelsey Plum,away,2,,0,1426.0,1061|1426
401724938,Jackie Young,away,3,1746.0,0,1718.0,1100|1718|1746
401724938,Chelsea Gray,away,1,,0,,1271
401724938,Breanna Stewart,home,4,1730.0,0,1610.0,1527|1610|1730|1767
401724938,Tiffany Hayes,away,1,,0,,1964
401724938,Kayla Thornton,home,1,,0,,2169
401725075,DeWanna Bonner,away,1,,0,,188
401725075,Alyssa Thomas,away,3,2362.0,0,1597.0,283|1597|2362
401725075,Myisha Hines-Allen,home,2,,0,1951.0,651|1951
401725075,Brionna Jones,away,2,,0,1040.0,980|1040
401725075,Napheesa Collier,home,1,,0,,1001
401725075,Alanna Smith,home,2,,0,1653.0,1076|1653
401725075,Veronica Burton,away,1,,0,,1194
401725075,Marina Mabrey,away,3,2136.0,0,1464.0,1231|1464|2136
401725075,Courtney Williams,home,2,,0,2263.0,1305|2263
401725075,DiJonai Carrington,away,1,,0,,1426
401725075,Natisha Hiedeman,home,1,,0,,1890
401725075,Bridget Carleton,home,1,,0,,2341
401724939,Betnijah Laney-Hamilton,home,3,2033.0,0,1980.0,75|1980|2033
401724939,Kelsey Plum,away,3,1993.0,0,107.0,97|107|1993
401724939,Alysha Clark,away,2,,0,1866.0,162|1866
401724939,A'ja Wilson,away,2,,0,1122.0,199|1122
401724939,Chelsea Gray,away,3,2137.0,0,1952.0,206|1952|2137
401724939,Jonquel Jones,home,3,1768.8,0,771.0,328|771|1769
401724939,Sabrina Ionescu,home,3,2383.8,0,1548.0,333|1548|2384
401724939,Tiffany Hayes,away,4,1796.9,0,593.0,415|593|1797|1861
401724939,Kennedy Burke,home,1,,0,,503
401724939,Kiah Stokes,away,2,,0,1790.9,637|1791
401724939,Courtney Vandersloot,home,2,,0,2279.0,1047|2279
401724939,Leonie Fiebich,home,2,,0,1895.0,1301|1895
401724939,Jackie Young,away,3,1722.0,0,1618.0,1464|1618|1722
401724939,Kayla Thornton,home,4,1788.9,0,1702.0,1630|1702|1789|2072
401724939,Jackie Young personal,away,1,,0,,2389
401724939,Chelsea Gray personal,away,1,,0,,2392
401724939,Tiffany Hayes personal,away,1,,0,,2395
401725076,Brionna Jones,away,1,,0,,78
401725076,Courtney Williams,home,4,2153.0,0,1720.0,96|1720|2153|2222
401725076,Bridget Carleton,home,3,838.0,1,787.0,270|787|838
401725076,Marina Mabrey,away,2,,0,1660.0,675|1660
401725076,DiJonai Carrington,away,1,,0,,957
401725076,Napheesa Collier,home,1,,0,,1025
401725076,Kayla McBride,home,4,2197.0,0,1944.0,1054|1944|2197|2233
401725076,Olivia Nelson-Ododa,away,1,,0,,1133
401725076,Alanna Smith,home,3,2388.0,0,2314.0,1466|2314|2388
401725076,Alyssa Thomas,away,3,1811.0,0,1578.0,1521|1578|1811
401725076,Veronica Burton,away,1,,0,,1569
401725076,DeWanna Bonner,away,2,,0,2096.0,1670|2096
401725076,Myisha Hines-Allen,home,2,,0,1682.0,1677|1682
401725076,Cecilia Zandalasini,home,1,,0,,1865
401725077,Alanna Smith,away,5,1400.0,0,1375.0,232|1375|1400|1892|2320
401725077,Bridget Carleton,away,4,1456.0,0,1325.0,274|1325|1456|2217
401725077,Brionna Jones,home,4,1063.0,1,657.0,340|657|1063|1538
401725077,DeWanna Bonner,home,2,,0,893.0,350|893
401725077,Cecilia Zandalasini,away,2,,0,1926.0,502|1926
401725077,Alyssa Thomas,home,1,,0,,596
401725077,Dorka Juhasz,away,2,,0,1968.0,634|1968
401725077,Natisha Hiedeman,away,3,1840.0,0,1705.0,704|1705|1840
401725077,Veronica Burton,home,2,,0,1796.0,797|1796
401725077,DiJonai Carrington,home,2,,0,2176.0,845|2176
401725077,Marina Mabrey,home,3,1480.0,0,1230.0,930|1230|1480
401725077,Napheesa Collier,away,2,,0,2289.0,943|2289
401725077,Olivia Nelson-Ododa,home,1,,0,,1084
401724940,Alysha Clark,home,4,1162.9,1,362.0,199|362|1163|2180
401724940,Jonquel Jones,away,4,953.0,1,948.0,446|948|953|1468
401724940,Tiffany Hayes,home,5,1062.0,1,549.9,450|550|1062|1860|1870
401724940,Nyara Sabally,away,2,,0,1629.0,596|1629
401724940,Breanna Stewart,away,1,,0,,639
401724940,Betnijah Laney-Hamilton,away,1,,0,,735
401724940,Kelsey Plum,home,2,,0,815.0,803|815
401724940,Sabrina Ionescu,away,1,,0,,1053
401724940,Jackie Young,home,1,,0,,1280
401724940,Courtney Vandersloot,away,1,,0,,1709
401724940,A'ja Wilson,home,1,,0,,2076
401724940,Jaylyn Sherrod,away,1,,0,,2237
401724940,Queen Egbo,home,1,,0,,2264
401724941,Alysha Clark,home,4,2091.0,0,816.0,132|816|2091|2182
401724941,Jackie Young,home,2,,0,2336.0,172|2336
401724941,Betnijah Laney-Hamilton,away,3,1696.0,0,1637.0,204|1637|1696
401724941,Jonquel Jones,away,5,1089.0,1,1041.0,311|1041|1089|1352|2111
401724941,Tiffany Hayes,home,3,1513.0,0,736.0,370|736|1513
401724941,Sabrina Ionescu,away,2,,0,1405.0,426|1405
401724941,Leonie Fiebich,away,4,894.0,1,512.0,453|512|894|1561
401724941,Courtney Vandersloot,away,3,1774.9,0,712.0,563|712|1775
401724941,Sydney Colson,home,1,,0,,663
401724941,Kelsey Plum,home,4,1507.0,0,1461.0,677|1461|1507|2131
401724941,Megan Gustafson,home,1,,0,,885
401724941,Kayla Thornton,away,2,,0,1603.0,1132|1603
401724941,Kennedy Burke,away,1,,0,,1445
401725078,Courtney Williams,away,3,916.0,1,386.0,44|386|916
401725078,Alyssa Thomas,home,3,1328.0,0,724.0,233|724|1328
401725078,Marina Mabrey,home,4,2010.0,0,1524.0,354|1524|2010|2229
401725078,Napheesa Collier,away,5,1955.0,0,1171.0,391|1171|1955|2086|2339
401725078,Alanna Smith,away,2,,0,949.0,554|949
401725078,Kayla McBride,away,3,1849.0,0,1759.0,806|1759|1849
401725078,Natisha Hiedeman,away,3,1142.9,1,1005.0,835|1005|1143
401725078,Brionna Jones,home,2,,0,1787.9,851|1788
401725078,Myisha Hines-Allen,away,3,1688.0,0,910.0,863|910|1688
401725078,Veronica Burton,home,2,,0,1685.0,960|1685
401725078,Tyasha Harris,home,1,,0,,1117
401725078,DiJonai Carrington,home,3,2138.0,0,1964.0,1158|1964|2138
401725078,DeWanna Bonner,home,2,,0,2198.0,1219|2198
401725078,Bridget Carleton,away,3,1628.0,0,1564.0,1356|1564|1628
401725079,Tyasha Harris,away,2,,0,2195.0,218|2195
401725079,Alyssa Thomas,away,3,1155.9,1,995.0,264|995|1156
401725079,Alyssa Thomas defensive 3-seconds (technical,away,1,,0,,353
401725079,Marina Mabrey,away,1,,0,,463
401725079,Natisha Hiedeman,home,1,,0,,740
401725079,Brionna Jones,away,3,1819.0,0,1653.0,888|1653|1819
401725079,Myisha Hines-Allen,home,2,,0,1760.9,896|1761
401725079,Alanna Smith defensive 3-seconds (technical,home,1,,0,,940
401725079,Bridget Carleton,home,3,1196.9,1,1098.0,1013|1098|1197
401725079,DiJonai Carrington,away,4,1957.0,0,1907.0,1081|1907|1957|2318
401725079,Napheesa Collier,home,3,1918.0,0,1709.0,1174|1709|1918
401725079,Alanna Smith,home,2,,0,2016.0,1233|2016
401725079,Courtney Williams,home,3,2308.0,0,1343.0,1292|1343|2308
401725079,DeWanna Bonner,away,2,,0,2293.0,1393|2293
401725079,Veronica Burton,away,1,,0,,1965
401726988,Courtney Williams,away,2,,0,540.0,34|540
401726988,Breanna Stewart,home,3,2169.0,0,556.9,274|557|2169
401726988,Bridget Carleton,away,3,1703.0,0,1459.0,324|1459|1703
401726988,Alanna Smith,away,3,1471.0,0,1297.0,346|1297|1471
401726988,Kayla Thornton,home,2,,0,1116.0,367|1116
401726988,Napheesa Collier,away,5,1796.9,0,1545.0,715|1545|1797|2400|2698
401726988,Leonie Fiebich,home,4,1540.0,0,1107.0,997|1107|1540|1993
401726988,Courtney Vandersloot,home,2,,0,1888.0,1711|1888
401726988,Nyara Sabally,home,1,,0,,1739
401726988,Natisha Hiedeman,away,1,,0,,1748
401726988,Cecilia Zandalasini,away,1,,0,,1903
401726988,Jonquel Jones,home,1,,0,,1929
401726988,Sabrina Ionescu,home,1,,0,,2395
401726988,Kayla McBride personal,away,1,,0,,2395
401726989,Leonie Fiebich,home,2,,0,1238.0,64|1238
401726989,Jonquel Jones,home,3,2087.0,0,1060.0,137|1060|2087
401726989,Breanna Stewart,home,3,1975.0,0,1543.0,663|1543|1975
401726989,Kayla McBride,away,2,,0,1841.0,808|1841
401726989,Myisha Hines-Allen,away,1,,0,,840
401726989,Napheesa Collier,away,4,1511.0,0,1501.0,1032|1501|1511|1602
401726989,Courtney Williams,away,1,,0,,1147
401726989,Bridget Carleton,away,3,2249.0,0,1716.0,1186|1716|2249
401726989,Kayla Thornton,home,2,,0,1548.0,1197|1548
401726989,Betnijah Laney-Hamilton,home,2,,0,2128.0,1441|2128
401726989,Courtney Vandersloot,home,2,,0,1899.0,1674|1899
401726989,Cecilia Zandalasini,away,1,,0,,1710
401726989,Natisha Hiedeman,away,1,,0,,1962
401726989,Alanna Smith,away,1,,0,,2006
401726989,Sabrina Ionescu,home,1,,0,,2045
401726989,Courtney Williams personal,away,1,,0,,2365
401726990,Jonquel Jones,away,3,2384.0,0,2355.9,86|2356|2384
401726990,Alanna Smith,home,5,1028.0,1,496.0,226|496|1028|1363|2022
401726990,Sabrina Ionescu,away,3,2034.0,0,975.0,338|975|2034
401726990,Breanna Stewart,away,1,,0,,356
401726990,Kayla McBride,home,3,1809.0,0,1303.0,388|1303|1809
401726990,Nyara Sabally,away,1,,0,,576
401726990,Myisha Hines-Allen,home,1,,0,,597
401726990,Cecilia Zandalasini,home,1,,0,,786
401726990,Napheesa Collier,home,3,2220.0,0,1503.0,837|1503|2220
401726990,Leonie Fiebich,away,1,,0,,859
401726990,Betnijah Laney-Hamilton,away,3,1358.0,0,1198.0,1144|1198|1358
401726990,Bridget Carleton,home,1,,0,,1551
401726990,Natisha Hiedeman,home,2,,0,1753.9,1699|1754
401726990,Courtney Williams,home,1,,0,,1781
401726990,Kayla McBride personal,home,1,,0,,2390
401726991,Alanna Smith,home,1,,0,,177
401726991,Courtney Williams,home,1,,0,,274
401726991,Courtney Vandersloot,away,1,,0,,504
401726991,Betnijah Laney-Hamilton,away,2,,0,1436.0,565|1436
401726991,Kayla McBride,home,1,,0,,590
401726991,Cecilia Zandalasini,home,2,,0,1969.0,632|1969
401726991,Breanna Stewart,away,4,1143.9,1,1120.0,709|1120|1144|1605
401726991,Jonquel Jones,away,1,,0,,849
401726991,Napheesa Collier,home,2,,0,2330.0,1102|2330
401726991,Sabrina Ionescu,away,2,,0,2398.0,1196|2398
401726991,Bridget Carleton,home,1,,0,,1465
401726991,Nyara Sabally,away,1,,0,,1761
401726991,Leonie Fiebich,away,1,,0,,1782
401726991,Dorka Juhasz,home,1,,0,,1913
401726992,Betnijah Laney-Hamilton,home,1,,0,,65
401726992,Bridget Carleton,away,5,1558.0,0,1031.0,248|1031|1558|2170|2356
401726992,Cecilia Zandalasini,away,1,,0,,768
401726992,Alanna Smith,away,3,2395.0,0,1683.0,1042|1683|2395
401726992,Kayla Thornton,home,5,1854.0,0,1151.0,1053|1151|1854|2096|2272
401726992,Napheesa Collier,away,6,1749.8,0,1267.0,1067|1267|1750|2146|2362|2687
401726992,Courtney Williams,away,2,,0,1183.9,1078|1184
401726992,Leonie Fiebich,home,3,2577.0,0,2179.0,1368|2179|2577
401726992,Kayla McBride,away,3,1715.0,0,1477.0,1413|1477|1715
401726992,Jonquel Jones,home,3,2589.0,0,1954.0,1575|1954|2589
401726992,Sabrina Ionescu,home,1,,0,,1764
401726992,Breanna Stewart,home,1,,0,,1836
401726992,Nyara Sabally,home,2,,0,2536.0,2429|2536
401726992,Courtney Williams personal,away,1,,0,,2690
401761558,Teaira McCowan,away,3,1840.0,0,722.0,81|722|1840
401761558,Paige Bueckers,away,3,1513.0,0,930.0,180|930|1513
401761558,Arike Ogunbowale,away,1,,0,,237
401761558,Chelsea Gray,home,1,,0,,271
401761558,Myisha Hines-Allen,away,2,,0,951.0,505|951
401761558,Kaila Charles,away,3,1681.0,0,1617.0,639|1617|1681
401761558,Aaliyah Nye,home,2,,0,1692.0,731|1692
401761558,Crystal Bradford,home,1,,0,,908
401761558,Tiffany Mitchell,home,1,,0,,1008
401761558,Jewell Loyd,home,1,,0,,1012
401761558,DiJonai Carrington,away,1,,0,,1399
401761558,Maddy Siegrist,away,1,,0,,1439
401761558,Kiah Stokes,home,2,,0,1726.0,1447|1726
401761558,NaLyssa Smith,away,1,,0,,1638
401761558,Aziaha James,away,1,,0,,1644
401761558,Jackie Young,home,1,,0,,1659
401761558,Madison Scott,away,1,,0,,1821
401761558,Elizabeth Kitley,home,1,,0,,2041
401761558,JJ Quinerly,away,1,,0,,2080
401761558,Deja Kelly,home,1,,0,,2090
401761558,Mai Yamamoto,away,1,,0,,2331
401761346,Manu Alves,away,3,1315.0,0,282.0,10|282|1315
401761346,Licinara Rodrigues,away,5,843.0,1,702.0,46|702|843|1257|1512
401761346,Emanuely de Oliveria,away,1,,0,,270
401761346,Rebecca Allen,home,1,,0,,427
401761346,Iza Nicoletti,away,1,,0,,536
401761346,Aline Moura,away,2,,0,1106.0,586|1106
401761346,Vitoria Marcelino,away,3,1795.9,0,682.0,659|682|1796
401761346,Kamilla Cardoso,home,2,,0,1457.0,915|1457
401761346,Angel Reese,home,2,,0,1442.0,953|1442
401761346,Rachel Banham,home,1,,0,,1295
401761346,Moriah Jefferson,home,1,,0,,1392
401761346,Michaela Onyenwere,home,1,,0,,1499
401761346,Hailey Van Lith,home,1,,0,,1539
401761346,Cerina Martins,away,1,,0,,1555
401761346,Elizabeth Williams,home,1,,0,,1585
401761346,Iza Varejao,away,1,,0,,1619
401761346,Taissa Queiroz,away,2,,0,1945.0,1649|1945
401761346,Arella Guirantes,home,1,,0,,1871
401761346,Morgan Bertsch,home,1,,0,,2159
401761346,Alex Wilson,home,1,,0,,2284
401761346,Tilly Boler,home,1,,0,,2310
401761353,Stefanie Dolson,away,3,1986.0,0,1107.0,160|1107|1986
401761353,DeWanna Bonner,home,1,,0,,227
401761353,Kiki Iriafen,away,4,878.0,1,504.0,296|504|878|1490
401761353,Sophie Cunningham,home,2,,0,1519.0,302|1519
401761353,Natasha Howard,home,1,,0,,314
401761353,Brianna Turner,home,1,,0,,403
401761353,Jade Melbourne,away,2,,0,1634.0,696|1634
401761353,Aliyah Boston,home,3,1677.0,0,788.0,716|788|1677
401761353,Ashten Prechtel,away,3,2453.0,0,2342.9,865|2343|2453
401761353,Lucy Olsen,away,1,,0,,886
401761353,Lexie Hull,home,3,2275.0,0,2086.0,921|2086|2275
401761353,Morgan Jones,away,1,,0,,933
401761353,Emily Engstler,away,3,1972.0,0,1653.0,1126|1653|1972
401761353,Brittney Sykes,away,2,,0,1644.0,1126|1644
401761353,Kelsey Mitchell,home,2,,0,1329.0,1243|1329
401761353,Sydney Colson,home,1,,0,,1323
401761353,Sug Sutton,away,1,,0,,1384
401761353,Sonia Citron,away,2,,0,1747.9,1391|1748
401761353,Jaelyn Brown,home,1,,0,,1925
401761353,Yvonne Ejim,home,1,,0,,2174
401761353,Khadijiah Cave,away,2,,0,2646.0,2333|2646
401761353,Zaay Green,away,2,,0,2540.0,2371|2540
401761353,JoJo Lacey,away,2,,0,2574.0,2388|2574
401761354,Natasha Howard,home,1,,0,,118
401761354,DeWanna Bonner,home,1,,0,,138
401761354,Aline Moura,away,2,,0,522.0,196|522
401761354,Cerina Martins,away,3,1686.0,0,1000.0,281|1000|1686
401761354,Licinara Rodrigues,away,2,,0,1051.0,315|1051
401761354,Aliyah Boston,home,1,,0,,501
401761354,Catarina Ferreira,away,1,,0,,647
401761354,Manu Alves,away,3,1746.9,0,767.0,693|767|1747
401761354,Lexie Hull,home,2,,0,1030.0,964|1030
401761354,Jaelyn Brown,home,1,,0,,1127
401761354,Ayla McDowell,away,1,,0,,1169
401761354,Caitlin Clark,home,1,,0,,1218
401761354,Kelsey Mitchell,home,1,,0,,1353
401761354,Emanuely de Oliveria,away,1,,0,,1448
401761354,Brianna Turner,home,1,,0,,1695
401761354,Iza Nicoletti,away,2,,0,2076.0,1880|2076
401761354,Taissa Queiroz,away,1,,0,,1917
401761354,Yvonne Ejim,home,2,,0,2065.0,2049|2065
401761354,Jillian Alleyne,home,1,,0,,2202
401761349,Li Yueru,home,5,1008.0,1,1002.0,66|1002|1008|1015|1604
401761349,Haley Peters,away,3,2179.0,0,1432.0,109|1432|2179
401761349,Olivia Nelson-Ododa,away,3,1088.0,1,336.0,252|336|1088
401761349,Amy Okonkwo,away,1,,0,,360
401761349,Jacy Sheldon,away,1,,0,,362
401761349,Kariata Diaby,away,3,1535.0,0,918.0,409|918|1535
401761349,Lindsay Allen,away,1,,0,,680
401761349,Tina Charles,away,2,,0,963.0,752|963
401761349,Robyn Parks,away,1,,0,,834
401761349,Nneka Ogwumike,home,1,,0,,899
401761349,Serena Sundell,home,2,,0,1609.0,1068|1609
401761349,Brianna Fraser,home,1,,0,,1070
401761349,Mackenzie Holmes,home,2,,0,1808.0,1107|1808
401761349,Yvonne Anderson,away,2,,0,1724.0,1128|1724
401761349,Alysha Clark,home,1,,0,,1146
401761349,Madison Hayes defensive 3-seconds (technical,away,1,,0,,1181
401761349,Skylar Diggins,home,2,,0,1368.0,1217|1368
401761349,Erica Wheeler,home,1,,0,,1487
401761349,Madison Hayes,away,1,,0,,1750
401761349,Zia Cooke,home,2,,0,2273.0,1937|2273
401761349,Rayah Marshall,away,1,,0,,1994
401761349,Lexie Brown,home,1,,0,,2005
401761349,Caitlin Bickle,away,1,,0,,2292
401761347,Natisha Hiedeman,away,1,,0,,211
401761347,Napheesa Collier,away,1,,0,,248
401761347,Kamilla Cardoso,home,3,1089.0,1,962.0,263|962|1089
401761347,Bridget Carleton,away,1,,0,,376
401761347,Rebecca Allen,home,3,1134.0,1,481.0,418|481|1134
401761347,Karlie Samuelson,away,5,1180.0,1,548.0,466|548|1180|1976|2164
401761347,Michaela Onyenwere,home,2,,0,2049.0,705|2049
401761347,Angel Reese,home,1,,0,,841
401761347,Marieme Badiane,away,2,,0,2009.0,886|2009
401761347,Kia Nurse,home,1,,0,,1267
401761347,Courtney Vandersloot,home,1,,0,,1460
401761347,Alanna Smith,away,2,,0,1731.0,1473|1731
401761347,Rachel Banham,home,1,,0,,1605
401761347,Hailey Van Lith,home,2,,0,2068.0,1670|2068
401761347,Reigan Richardson,away,1,,0,,1806
401761347,Maddy Westbeld,home,2,,0,2215.0,2063|2215
401761347,Jessika Carter,home,1,,0,,2094
401761347,Alex Wilson,home,1,,0,,2353
401761351,Monique Billings,home,3,1136.0,1,975.0,70|975|1136
401761351,Rae Burrell,away,3,1298.0,0,576.9,87|577|1298
401761351,Temi Fagbenle,home,2,,0,521.0,514|521
401761351,Sarah Ashlee Barker,away,2,,0,1762.0,533|1762
401761351,Emma Cannon,away,3,2337.0,0,2103.0,716|2103|2337
401761351,Veronica Burton,home,3,1091.0,1,859.0,746|859|1091
401761351,Kelsey Plum,away,1,,0,,874
401761351,Aari McDonald,away,3,2069.0,0,2032.0,958|2032|2069
401761351,Tiffany Hayes,home,1,,0,,1152
401761351,Dearica Hamby,away,3,1394.0,0,1368.0,1368|1368|1394
401761351,Carla Leite,home,3,1937.0,0,1715.0,1418|1715|1937
401761351,Kyara Linskens,home,1,,0,,1451
401761351,Rickea Jackson,away,1,,0,,1530
401761351,Odyssey Sims,away,2,,0,1946.0,1697|1946
401761351,Laeticia Amihere,home,4,2146.0,0,1942.0,1938|1942|2146|2326
401761351,Liatu King,away,3,2392.9,0,2314.0,2195|2314|2393
401761351,Elissa Cunane,home,1,,0,,2245
401761351,Chloe Bibby,home,1,,0,,2278
401761351,Migna Toure personal,home,1,,0,,2387
401761351,Kaitlyn Chen personal,home,1,,0,,2395
401761355,Natasha Mack,away,1,,0,,227
401761355,Kahleah Copper,away,2,,0,580.9,251|581
401761355,Alexis Prince,away,3,1235.0,0,779.0,324|779|1235
401761355,Sami Whitcomb,away,1,,0,,393
401761355,A'ja Wilson,home,2,,0,1355.0,411|1355
401761355,Tiffany Mitchell,home,1,,0,,550
401761355,Monique Akoa Makani,away,3,1443.0,0,1264.0,773|1264|1443
401761355,Chelsea Gray,home,2,,0,1058.0,842|1058
401761355,Satou Sabally,away,3,1163.8,1,1126.0,896|1126|1164
401761355,Kalani Brown,away,1,,0,,1507
401761355,Alexa Held,away,1,,0,,1552
401761355,Sevgi Uzun,away,1,,0,,1576
401761355,Megan McConnell,away,3,2178.0,0,1874.0,1665|1874|2178
401761355,Harmoni Turner,home,1,,0,,2001
401761355,Shyla Heal,away,2,,0,2204.0,2024|2204
401761355,Aaliyah Nye,home,1,,0,,2245
401761355,Elizabeth Kitley,home,2,,0,2337.0,2245|2337
401761344,Brittney Sykes,home,2,,0,815.0,35|815
401761344,Stefanie Dolson,home,1,,0,,247
401761344,Sug Sutton,home,3,2240.0,0,2093.0,385|2093|2240
401761344,Brittney Griner,away,3,1331.0,0,979.0,607|979|1331
401761344,Shatori Walker-Kimbrough,away,1,,0,,765
401761344,Brionna Jones,away,1,,0,,882
401761344,Allisha Gray,away,3,1508.0,0,1421.0,1062|1421|1508
401761344,Rhyne Howard,away,1,,0,,1067
401761344,Maya Caldwell,away,1,,0,,1177
401761344,Jade Melbourne,home,2,,0,2039.0,1307|2039
401761344,Te-Hina Paopao,away,1,,0,,1522
401761344,Zaay Green,home,1,,0,,1533
401761344,Lucy Olsen,home,1,,0,,1620
401761344,Emani Jefferson,away,2,,0,2382.9,1746|2383
401761344,Maria Gakdeng,away,1,,0,,2341
401765028,Rebekah Gardner,home,3,1066.0,1,969.0,43|969|1066
401765028,Kennedy Burke,home,3,1313.0,0,784.0,62|784|1313
401765028,Lindsay Allen,away,2,,0,1415.0,140|1415
401765028,Jonquel Jones,home,3,1365.0,0,890.0,161|890|1365
401765028,Jacy Sheldon,away,3,1463.0,0,871.0,378|871|1463
401765028,Yvonne Anderson,away,1,,0,,412
401765028,Yvonne Anderson defensive 3-seconds (technical,away,1,,0,,628
401765028,Kariata Diaby,away,1,,0,,662
401765028,Marine Johannes,home,2,,0,1333.0,781|1333
401765028,Sabrina Ionescu,home,2,,0,902.0,833|902
401765028,Natasha Cloud,home,1,,0,,921
401765028,Robyn Parks,away,2,,0,1929.0,999|1929
401765028,Isabelle Harrison,home,2,,0,2265.0,1092|2265
401765028,Tina Charles,away,2,,0,1506.0,1224|1506
401765028,Olivia Nelson-Ododa,away,2,,0,1382.0,1262|1382
401765028,Marquesha Davis,home,1,,0,,1479
401765028,Jaylyn Sherrod,home,2,,0,2211.0,1567|2211
401765028,Leaonna Odom,home,1,,0,,1629
401765028,Nyara Sabally,home,1,,0,,1684
401765028,Esmery Martinez,home,2,,0,2349.0,2028|2349
401765028,Madison Hayes,away,1,,0,,2245
401761345,Allisha Gray,home,1,,0,,204
401761345,Sophie Cunningham,away,1,,0,,240
401761345,Brionna Jones,home,2,,0,477.0,253|477
401761345,Kelsey Mitchell,away,2,,0,1302.0,270|1302
401761345,Caitlin Clark,away,4,865.0,1,700.0,276|700|865|1268
401761345,Nia Coffey,home,3,586.9,1,355.0,296|355|587
401761345,Aliyah Boston,away,2,,0,970.0,387|970
401761345,Lexie Hull,away,3,2349.0,0,1841.0,489|1841|2349
401761345,Rhyne Howard,home,2,,0,822.0,502|822
401761345,Te-Hina Paopao,home,3,1783.0,0,714.0,711|714|1783
401761345,DeWanna Bonner,away,1,,0,,775
401761345,Natasha Howard,away,1,,0,,1139
401761345,Brianna Turner,away,2,,0,1812.0,1153|1812
401761345,Taylor Thierry,home,1,,0,,1182
401761345,Ashley Joens,home,2,,0,1995.0,1988|1995
401761345,Makayla Timpson,away,1,,0,,2039
401761348,Karlie Samuelson,home,3,1637.0,0,1375.0,24|1375|1637
401761348,Ariel Atkins,away,1,,0,,74
401761348,Angel Reese,away,5,1398.0,0,710.0,109|710|1398|2140|2330
401761348,Bridget Carleton,home,2,,0,2212.0,298|2212
401761348,Kia Nurse,away,1,,0,,378
401761348,Courtney Williams,home,1,,0,,662
401761348,Michaela Onyenwere,away,4,1714.0,0,1651.0,801|1651|1714|1891
401761348,Marieme Badiane,home,2,,0,1695.0,879|1695
401761348,Diamond Miller,home,2,,0,1088.0,903|1088
401761348,Rachel Banham,away,1,,0,,1314
401761348,Jessica Shepard,home,3,2086.0,0,1522.0,1421|1522|2086
401761348,Moriah Jefferson,away,1,,0,,1455
401761348,Kamilla Cardoso,away,3,2224.0,0,2074.0,1480|2074|2224
401761348,Hailey Van Lith,away,2,,0,1670.0,1621|1670
401761348,Anastasiia Olairi Kosu,home,1,,0,,1815
401761348,Alissa Pili,home,1,,0,,2376
401761348,Grace Berger,home,1,,0,,2396
401761350,Susan Amaka Okonkwo,away,5,1350.0,0,622.0,72|622|1350|1375|2309
401761350,NaLyssa Smith,home,1,,0,,185
401761350,Arike Ogunbowale,home,2,,0,1052.0,214|1052
401761350,Ufuoma Tanaka,away,4,1053.0,1,704.0,282|704|1053|1521
401761350,Luseane Heilala Palei,away,3,1765.9,0,1411.0,520|1411|1766
401761350,Miyuu Okamoto,away,1,,0,,544
401761350,Aziaha James,home,1,,0,,616
401761350,JJ Quinerly,home,4,1793.9,0,778.0,649|778|1794|1825
401761350,Maika Miura,away,1,,0,,664
401761350,Yuuna Onodera,away,1,,0,,694
401761350,Aziaha James clear path,home,1,,0,,757
401761350,Riko Furuki,away,3,2143.0,0,2058.0,1155|2058|2143
401761350,Moe Nagata,away,4,2298.0,0,2151.0,1181|2151|2298|2347
401761350,DiJonai Carrington,home,1,,0,,1337
401761350,Myisha Hines-Allen,home,1,,0,,1404
401761350,Maddy Siegrist,home,1,,0,,1565
401761350,Teaira McCowan,home,1,,0,,1865
401761350,Joyner Holmes,home,1,,0,,1931
401761352,Veronica Burton,away,2,,0,1106.0,214|1106
401761352,Natasha Mack,home,3,2004.0,0,1836.0,267|1836|2004
401761352,Kayla Thornton,away,3,890.0,1,819.0,301|819|890
401761352,Laeticia Amihere,away,3,1778.9,0,394.0,306|394|1779
401761352,Tiffany Hayes,away,4,1314.0,0,831.0,428|831|1314|1496
401761352,Satou Sabally,home,5,1480.0,0,716.0,493|716|1480|1519|1559
401761352,Alexis Prince,home,2,,0,1974.0,576|1974
401761352,Temi Fagbenle,away,4,1120.0,1,695.0,643|695|1120|1504
401761352,Alyssa Thomas,home,2,,0,1372.0,819|1372
401761352,Kathryn Westbeld,home,3,2237.0,0,924.0,857|924|2237
401761352,Sevgi Uzun,home,2,,0,1857.0,969|1857
401761352,Sami Whitcomb,home,3,1738.0,0,1081.0,1052|1081|1738
401761352,Kyara Linskens,away,2,,0,1935.0,1697|1935
401761352,Carla Leite,away,1,,0,,1749
401761352,Temira Poindexter,home,2,,0,2249.0,2012|2249
401761352,Kaitlyn Chen,away,1,,0,,2330
401761352,Celeste Taylor personal,home,1,,0,,2367
401761352,Chloe Bibby,away,1,,0,,2379
401761352,Temira Poindexter personal,home,1,,0,,2397
401765029,Susan Amaka Okonkwo,away,4,1366.0,0,314.0,47|314|1366|2092
401765029,Yuuna Onodera,away,3,2123.0,0,1443.0,163|1443|2123
401765029,Natasha Cloud,home,2,,0,1450.0,290|1450
401765029,Ufuoma Tanaka,away,1,,0,,343
401765029,Noriko Palei,away,4,2288.0,0,1741.9,677|1742|2288|2335
401765029,Moe Nagata,away,2,,0,1544.0,788|1544
401765029,Miyuu Okamoto,away,1,,0,,1184
401765029,Breanna Stewart,home,1,,0,,1198
401765029,Mana Kaneda,away,3,2285.0,0,1507.0,1448|1507|2285
401765029,Rebekah Gardner,home,2,,0,1792.9,1630|1793
401765029,Riko Furuki,away,1,,0,,1797
401765029,Isabelle Harrison,home,2,,0,2134.0,1971|2134
401765029,Leaonna Odom,home,2,,0,2190.0,2056|2190
401765029,Nyara Sabally,home,1,,0,,2134
401765029,Jaylyn Sherrod,home,1,,0,,2320
401736112,Kiki Iriafen,home,6,1862.0,0,1712.0,77|1712|1862|2080|2192|2320
401736112,Te-Hina Paopao,away,4,1348.0,0,707.0,156|707|1348|1769
401736112,Stefanie Dolson,home,3,2248.0,0,1681.0,201|1681|2248
401736112,Sonia Citron,home,4,896.0,1,662.0,283|662|896|1513
401736112,Lucy Olsen,home,2,,0,452.0,339|452
401736112,Allisha Gray,away,4,2295.0,0,1337.0,517|1337|2295|2383
401736112,Brittney Griner,away,2,,0,1845.0,524|1845
401736112,Rhyne Howard,away,3,1905.0,0,1394.0,815|1394|1905
401736112,Jade Melbourne,home,2,,0,1479.0,851|1479
401736112,Sika Kone,home,2,,0,1143.9,1069|1144
401736112,Shatori Walker-Kimbrough,away,3,1914.0,0,1886.0,1171|1886|1914
401736112,Brittney Sykes,home,4,1458.0,0,1442.0,1430|1442|1458|2338
401736112,Emily Engstler,home,1,,0,,1511
401736112,Brionna Jones,away,4,1746.9,0,1703.0,1631|1703|1747|2330
401736112,Maya Caldwell,away,2,,0,1992.0,1640|1992
401736113,Jessica Shepard,away,4,1515.0,0,1170.9,11|1171|1515|1639
401736113,Myisha Hines-Allen,home,2,,0,1809.0,57|1809
401736113,Napheesa Collier,away,4,1489.0,0,366.0,89|366|1489|2159
401736113,NaLyssa Smith,home,4,871.0,1,219.0,115|219|871|1639
401736113,DiJonai Carrington,home,4,1240.0,0,1193.9,240|1194|1240|1350
401736113,Marieme Badiane,away,3,638.0,1,628.0,462|628|638
401736113,Teaira McCowan,home,4,712.0,1,690.0,611|690|712|2297
401736113,Diamond Miller,away,1,,0,,708
401736113,Aziaha James,home,1,,0,,736
401736113,Tyasha Harris,home,1,,0,,818
401736113,Paige Bueckers,home,3,2005.0,0,1214.0,842|1214|2005
401736113,Natisha Hiedeman,away,4,1959.0,0,1195.9,880|1196|1959|2001
401736113,Alissa Pili,away,1,,0,,982
401736113,Courtney Williams,away,3,1264.0,0,1093.0,1031|1093|1264
401736113,Maddy Siegrist,home,2,,0,1078.0,1047|1078
401736113,Bridget Carleton,away,1,,0,,1422
401736113,Arike Ogunbowale,home,1,,0,,1849
401736114,Tiffany Hayes,home,4,2197.0,0,2082.0,211|2082|2197|2266
401736114,Odyssey Sims,away,3,1833.0,0,375.0,251|375|1833
401736114,Rickea Jackson,away,2,,0,2283.0,404|2283
401736114,Rae Burrell,away,1,,0,,416
401736114,Kayla Thornton,home,2,,0,1235.0,527|1235
401736114,Kelsey Plum,away,2,,0,1245.0,673|1245
401736114,Kyara Linskens,home,1,,0,,747
401736114,Julie Vanloo,home,3,2069.0,0,1480.0,771|1480|2069
401736114,Azura Stevens,away,2,,0,1434.0,1006|1434
401736114,Dearica Hamby,away,3,1734.0,0,1142.0,1105|1142|1734
401736114,Temi Fagbenle,home,3,2022.0,0,1405.0,1368|1405|2022
401736114,Dearica Hamby defensive 3-seconds (technical,away,1,,0,,1540
401736114,Monique Billings,home,1,,0,,1609
401736114,Carla Leite,home,2,,0,1923.0,1688|1923
401736114,Mercedes Russell,away,1,,0,,1838
401736116,Chelsea Gray,away,5,1954.0,0,1164.0,78|1164|1954|1998|2024
401736116,Breanna Stewart,home,2,,0,2260.0,244|2260
401736116,A'ja Wilson,away,2,,0,464.0,269|464
401736116,Jonquel Jones,home,3,1371.0,0,380.0,325|380|1371
401736116,Dana Evans,away,2,,0,2247.0,422|2247
401736116,Nyara Sabally,home,2,,0,546.9,442|547
401736116,Leonie Fiebich,home,3,1874.0,0,829.0,513|829|1874
401736116,Natasha Cloud,home,4,1917.0,0,1475.0,583|1475|1917|1984
401736116,Aaliyah Nye,away,2,,0,707.0,632|707
401736116,Jackie Young,away,1,,0,,920
401736116,Jewell Loyd,away,4,1230.0,0,1128.0,1007|1128|1230|2275
401736116,Tiffany Mitchell,away,1,,0,,1175
401736116,Kiah Stokes,away,3,1359.0,0,1294.0,1269|1294|1359
401736116,Kennedy Burke,home,2,,0,1878.0,1769|1878
401736116,Marine Johannes defensive 3-seconds (technical,home,1,,0,,1911
401736116,Double,home,1,,0,,2101
401736115,Kamilla Cardoso,away,4,1991.0,0,1459.0,29|1459|1991|2037
401736115,Caitlin Clark,home,3,1522.0,0,394.0,146|394|1522
401736115,Ariel Atkins,away,2,,0,1347.0,280|1347
401736115,Natasha Howard,home,3,1730.0,0,924.0,304|924|1730
401736115,Courtney Vandersloot,away,1,,0,,342
401736115,Kelsey Mitchell,home,1,,0,,532
401736115,Michaela Onyenwere,away,4,2207.0,0,1169.0,552|1169|2207|2349
401736115,Angel Reese,away,3,1299.0,0,833.0,562|833|1299
401736115,Brianna Turner,home,1,,0,,582
401736115,Kia Nurse,away,2,,0,1716.0,1090|1716
401736115,Elizabeth Williams,away,4,2072.0,0,1793.9,1143|1794|2072|2198
401736115,Aliyah Boston,home,3,2217.0,0,1385.0,1332|1385|2217
401736115,Double,home,1,,0,,1522
401736115,Rebecca Allen,away,2,,0,1753.0,1551|1753
401736115,Damiris Dantas,home,1,,0,,1771
401736115,Sydney Colson,home,2,,0,2281.0,2265|2281
401736115,Lexie Hull,home,1,,0,,2273
401736117,Monique Akoa Makani,home,4,1974.0,0,1438.0,91|1438|1974|1980
401736117,Ezi Magbegor,away,2,,0,1387.0,104|1387
401736117,Nneka Ogwumike,away,4,945.0,1,260.0,140|260|945|2037
401736117,Satou Sabally,home,3,1264.0,0,319.0,155|319|1264
401736117,Sami Whitcomb,home,3,864.0,1,201.0,161|201|864
401736117,Kalani Brown,home,4,1851.0,0,968.0,686|968|1851|2248
401736117,Alysha Clark,away,4,1341.0,0,1169.9,695|1170|1341|1475
401736117,Lexie Brown,away,3,1558.0,0,1558.0,758|1558|1558
401736117,Li Yueru,away,2,,0,951.0,935|951
401736117,Alyssa Thomas,home,2,,0,1943.0,1408|1943
401736117,Sevgi Uzun,home,3,2210.0,0,1741.9,1537|1742|2210
401736117,Skylar Diggins,away,2,,0,2044.0,1603|2044
401736117,Alexis Prince,home,1,,0,,1737
401736117,Alexa Held,home,1,,0,,2074
401736117,Dominique Malonga,away,1,,0,,2263
401736117,Erica Wheeler,away,1,,0,,2327
401736118,Kiki Iriafen,away,5,1751.8,0,1677.0,114|1677|1752|1977|1997
401736118,Olivia Nelson-Ododa,home,4,1384.0,0,525.0,311|525|1384|1780
401736118,Jade Melbourne,away,5,1140.0,1,422.0,336|422|1140|1692|2135
401736118,Shakira Austin,away,4,1023.0,1,858.0,374|858|1023|1405
401736118,Double,away,1,,0,,374
401736118,Kariata Diaby,home,3,1825.0,0,633.0,394|633|1825
401736118,Stefanie Dolson,away,4,1651.0,0,1085.0,458|1085|1651|2304
401736118,Brittney Sykes,away,6,1606.0,0,1269.0,474|1269|1606|2008|2036|2354
401736118,Haley Peters,home,5,1525.0,0,794.0,507|794|1525|1596|1874
401736118,Lucy Olsen,away,1,,0,,533
401736118,Marina Mabrey,home,5,1768.9,0,682.0,581|682|1769|1965|2127
401736118,Robyn Parks,home,1,,0,,597
401736118,Bria Hartley,home,2,,0,926.0,643|926
401736118,Sonia Citron,away,4,886.0,1,698.0,659|698|886|1405
401736118,Emily Engstler,away,2,,0,1950.0,875|1950
401736118,Jacy Sheldon,home,6,1425.0,0,1153.9,969|1154|1425|1938|2020|2398
401736118,Sug Sutton,away,2,,0,1410.0,1291|1410
401736118,Lindsay Allen,home,1,,0,,1458
401736118,Tina Charles,home,1,,0,,2291
401736119,Alanna Smith,away,3,1460.0,0,1423.0,28|1423|1460
401736119,Rickea Jackson,home,1,,0,,37
401736119,Dearica Hamby,home,3,2077.0,0,1146.0,156|1146|2077
401736119,Courtney Williams,away,1,,0,,274
401736119,Jessica Shepard,away,3,1918.0,0,1513.0,385|1513|1918
401736119,Karlie Samuelson,away,5,1493.0,0,1284.0,445|1284|1493|2053|2312
401736119,Azura Stevens,home,2,,0,1396.0,512|1396
401736119,Kelsey Plum,home,6,1306.0,0,896.0,553|896|1306|1644|2037|2188
401736119,Natisha Hiedeman,away,2,,0,1607.0,694|1607
401736119,Marieme Badiane,away,2,,0,829.0,722|829
401736119,Sarah Ashlee Barker,home,5,1762.0,0,1704.0,812|1704|1762|1947|2202
401736119,Diamond Miller,away,1,,0,,1029
401736119,Bridget Carleton,away,2,,0,1623.0,1165|1623
401736119,Odyssey Sims,home,2,,0,2380.9,1637|2381
401736119,Napheesa Collier,away,3,2208.0,0,1747.0,1747|1747|2208
401736120,NaLyssa Smith,home,3,1626.0,0,316.0,125|316|1626
401736120,Ezi Magbegor,away,3,973.0,1,734.0,198|734|973
401736120,Tyasha Harris,home,1,,0,,244
401736120,Arike Ogunbowale,home,2,,0,347.0,347|347
401736120,Myisha Hines-Allen,home,4,845.0,1,418.0,361|418|845|2264
401736120,Gabby Williams,away,3,1694.0,0,1351.0,393|1351|1694
401736120,Alysha Clark,away,4,1119.0,1,551.9,459|552|1119|2210
401736120,Maddy Siegrist,home,1,,0,,495
401736120,Paige Bueckers,home,5,1812.0,0,1005.0,752|1005|1812|2315|2373
401736120,JJ Quinerly,home,1,,0,,836
401736120,Dominique Malonga,away,1,,0,,1169
401736120,Nneka Ogwumike,away,4,1734.0,0,1510.0,1361|1510|1734|2087
401736120,Teaira McCowan,home,2,,0,1846.0,1641|1846
401736120,Skylar Diggins,away,2,,0,2237.0,1705|2237
401736120,Kaila Charles,home,1,,0,,1767
401736121,Olivia Nelson-Ododa,home,3,2058.0,0,2013.0,31|2013|2058
401736121,Jacy Sheldon,home,2,,0,1265.0,131|1265
401736121,Tina Charles,home,2,,0,305.0,165|305
401736121,Lindsay Allen,home,2,,0,1313.0,196|1313
401736121,Dana Evans,away,4,894.0,1,841.0,496|841|894|1986
401736121,Tiffany Mitchell,away,3,2268.0,0,609.0,548|609|2268
401736121,Haley Peters,home,3,1681.0,0,1607.0,566|1607|1681
401736121,Kariata Diaby,home,1,,0,,671
401736121,Bria Hartley,home,2,,0,1389.0,745|1389
401736121,Kiah Stokes,away,3,1372.0,0,1148.0,1122|1148|1372
401736121,Rayah Marshall,home,2,,0,1736.0,1191|1736
401736121,Jackie Young,away,2,,0,1569.0,1346|1569
401736121,Chelsea Gray,away,1,,0,,1409
401736121,Marina Mabrey,home,2,,0,1433.0,1413|1433
401736121,A'ja Wilson,away,1,,0,,1513
401736121,Aaliyah Nye,away,1,,0,,1759
401736121,Robyn Parks,home,2,,0,2214.0,1771|2214
401736121,Elizabeth Kitley,away,2,,0,1928.0,1849|1928
401736122,Caitlin Clark,home,3,1563.0,0,1120.0,79|1120|1563
401736122,Natasha Howard,home,4,1782.9,0,424.0,156|424|1783|1969
401736122,Rhyne Howard,away,4,1414.0,0,830.0,174|830|1414|1557
401736122,DeWanna Bonner,home,1,,0,,184
401736122,Te-Hina Paopao,away,3,1464.0,0,374.0,195|374|1464
401736122,Aliyah Boston,home,2,,0,1671.0,236|1671
401736122,Brittney Griner,away,6,1271.0,0,1170.8,253|1171|1271|2071|2255|2379
401736122,Allisha Gray,away,3,2059.0,0,1350.0,401|1350|2059
401736122,Lexie Hull,home,2,,0,2258.0,438|2258
401736122,Lexie Hull clear path,home,1,,0,,530
401736122,Sydney Colson,home,1,,0,,667
401736122,Brionna Jones,away,2,,0,1323.0,713|1323
401736122,Brianna Turner,home,2,,0,1596.0,1479|1596
401736122,Maya Caldwell,away,1,,0,,1624
401736122,Kelsey Mitchell,home,3,2390.9,0,1737.0,1710|1737|2391
401736122,Shatori Walker-Kimbrough,away,3,2134.0,0,2127.0,2023|2127|2134
401736123,Myisha Hines-Allen,away,4,2035.0,0,804.0,150|804|2035|2342
401736123,Karlie Samuelson,home,4,1271.0,0,775.0,212|775|1271|1677
401736123,Courtney Williams,home,3,2316.0,0,1250.0,221|1250|2316
401736123,NaLyssa Smith,away,1,,0,,262
401736123,Paige Bueckers,away,4,1611.0,0,494.0,362|494|1611|1980
401736123,Bridget Carleton,home,3,2003.0,0,1579.0,411|1579|2003
401736123,Maddy Siegrist,away,2,,0,1481.0,550|1481
401736123,Tyasha Harris,away,2,,0,1814.0,699|1814
401736123,Alanna Smith,home,1,,0,,889
401736123,DiJonai Carrington,away,4,1632.0,0,1511.0,1076|1511|1632|2304
401736123,Arike Ogunbowale,away,4,2308.0,0,1768.9,1106|1769|2308|2383
401736123,Jessica Shepard,home,1,,0,,1130
401736123,Napheesa Collier,home,2,,0,2325.0,1361|2325
401736123,Diamond Miller,home,1,,0,,1421
401736123,Kaila Charles,away,1,,0,,1931
401736124,Kayla Thornton,home,4,2064.0,0,276.0,97|276|2064|2233
401736124,Stefanie Dolson,away,4,1049.0,1,150.0,134|150|1049|1364
401736124,Temi Fagbenle,home,5,1022.0,1,875.0,156|875|1022|1892|2348
401736124,Veronica Burton,home,2,,0,1032.0,196|1032
401736124,Jade Melbourne,away,3,1742.0,0,1093.0,302|1093|1742
401736124,Shakira Austin,away,2,,0,977.0,358|977
401736124,Monique Billings defensive 3-seconds (technical,home,1,,0,,410
401736124,Kate Martin,home,2,,0,1759.9,424|1760
401736124,Carla Leite,home,4,1195.0,1,1136.0,632|1136|1195|2282
401736124,Brittney Sykes,away,3,1547.0,0,766.0,654|766|1547
401736124,Emily Engstler,away,1,,0,,684
401736124,Sug Sutton,away,2,,0,2106.0,715|2106
401736124,Tiffany Hayes,home,1,,0,,977
401736124,Monique Billings,home,2,,0,1670.0,1419|1670
401736124,Kiki Iriafen,away,2,,0,2337.0,1621|2337
401736124,Sika Kone,away,2,,0,2029.0,1687|2029
401736124,Janelle Salaun,home,2,,0,2376.9,1866|2377
401736124,Sonia Citron,away,2,,0,2321.0,1866|2321
401736124,Brittney Sykes personal,away,1,,0,,2378
401736124,Sonia Citron personal,away,1,,0,,2391
401736125,Sarah Ashlee Barker,away,2,,0,2360.0,111|2360
401736125,Dearica Hamby,away,4,1045.0,1,364.0,221|364|1045|1888
401736125,Kathryn Westbeld,home,2,,0,2187.0,285|2187
401736125,Kalani Brown,home,2,,0,1135.0,472|1135
401736125,Kelsey Plum,away,2,,0,1194.9,684|1195
401736125,Kitija Laksa,home,4,2014.0,0,810.0,770|810|2014|2051
401736125,Liatu King,away,2,,0,1907.0,843|1907
401736125,Satou Sabally,home,4,1391.0,0,1172.0,899|1172|1391|1426
401736125,Monique Akoa Makani,home,4,1555.0,0,1446.0,1017|1446|1555|2385
401736125,Azura Stevens,away,1,,0,,1041
401736125,Odyssey Sims,away,4,1113.0,1,1079.0,1052|1079|1113|2144
401736125,Alyssa Thomas,home,2,,0,1564.0,1187|1564
401736125,Emma Cannon,away,3,1868.0,0,1858.0,1690|1858|1868
401736125,Sania Feagin,away,1,,0,,1772
401736125,Murjanatu Musa,home,1,,0,,1854
401736125,Sami Whitcomb,home,2,,0,2245.0,2162|2245
401736125,Kelsey Plum personal,away,2,,0,2385.9,2383|2386
401736125,Liatu King personal,away,1,,0,,2397
401736126,Natasha Howard,away,4,2124.0,0,2001.0,161|2001|2124|2344
401736126,Aliyah Boston,away,4,1009.0,1,271.0,179|271|1009|1374
401736126,Lexie Hull,away,5,1871.0,0,930.0,297|930|1871|1919|2068
401736126,Rhyne Howard,home,5,1790.9,0,575.8,356|576|1791|2338|2378
401736126,Brittney Griner,home,6,1414.0,0,698.0,357|698|1414|1554|1721|2182
401736126,Allisha Gray,home,4,830.0,1,652.0,418|652|830|2214
401736126,Caitlin Clark,away,5,1155.9,1,691.0,533|691|1156|1312|2248
401736126,DeWanna Bonner,away,3,1756.9,0,878.0,852|878|1757
401736126,Te-Hina Paopao,home,1,,0,,997
401736126,Brionna Jones,home,2,,0,1971.0,1336|1971
401736126,Kelsey Mitchell,away,2,,0,2098.0,1478|2098
401736126,Damiris Dantas,away,1,,0,,1548
401736126,Nia Coffey,home,1,,0,,1821
401736126,Sophie Cunningham,away,1,,0,,2016
401736126,Allisha Gray personal,home,1,,0,,2379
401736126,Nia Coffey personal,home,1,,0,,2395
401736127,Ariel Atkins,home,4,981.0,1,399.0,42|399|981|1228
401736127,Jonquel Jones,away,1,,0,,228
401736127,Sabrina Ionescu,away,3,893.0,1,883.0,264|883|893
401736127,Natasha Cloud,away,3,1459.0,0,318.0,285|318|1459
401736127,Courtney Vandersloot,home,3,1392.0,0,786.0,426|786|1392
401736127,Rebecca Allen,home,2,,0,847.0,470|847
401736127,Marine Johannes,away,2,,0,1532.0,487|1532
401736127,Rebekah Gardner,away,2,,0,1882.0,517|1882
401736127,Nyara Sabally,away,4,1907.0,0,549.9,544|550|1907|2022
401736127,Kia Nurse,home,3,2130.0,0,817.0,701|817|2130
401736127,Kamilla Cardoso,home,1,,0,,779
401736127,Breanna Stewart,away,1,,0,,975
401736127,Leonie Fiebich,away,1,,0,,1317
401736127,Angel Reese,home,3,2050.0,0,1331.0,1331|1331|2050
401736127,Elizabeth Williams,home,2,,0,2372.0,1574|2372
401736127,Michaela Onyenwere,home,1,,0,,1698
401736127,Kennedy Burke,away,1,,0,,1977
401736127,Jaylyn Sherrod,away,1,,0,,2312
401736128,Alanna Smith,home,5,1218.0,0,853.0,123|853|1218|1293|1951
401736128,Bridget Carleton,home,4,1359.0,0,746.0,205|746|1359|1875
401736128,Diamond Miller,home,2,,0,1872.0,372|1872
401736128,Aneesah Morrow,away,2,,0,448.0,430|448
401736128,Haley Peters,away,3,1503.0,0,1376.0,482|1376|1503
401736128,Bria Hartley,away,2,,0,552.0,522|552
401736128,Karlie Samuelson,home,3,1314.0,0,1070.0,586|1070|1314
401736128,Napheesa Collier,home,2,,0,1423.0,797|1423
401736128,Olivia Nelson-Ododa defensive 3-seconds (technical,away,1,,0,,866
401736128,Courtney Williams,home,1,,0,,881
401736128,Marina Mabrey,away,5,1842.0,0,1446.0,1134|1446|1842|1915|1946
401736128,Olivia Nelson-Ododa,away,4,1915.0,0,1247.0,1231|1247|1915|2148
401736128,Robyn Parks,away,1,,0,,1490
401736128,Saniya Rivers,away,1,,0,,1983
401736128,Jacy Sheldon,away,1,,0,,2147
401736128,Tina Charles,away,1,,0,,2302
401736128,Tina Charles personal,away,1,,0,,2377
401736128,Natisha Hiedeman,home,1,,0,,2380
401736128,Olivia Nelson-Ododa personal,away,1,,0,,2391
401736129,Jade Melbourne,away,5,1979.0,0,1387.0,308|1387|1979|2217|2332
401736129,Sika Kone,away,4,980.0,1,438.0,378|438|980|2136
401736129,Jackie Young,home,4,2046.0,0,1956.0,504|1956|2046|2325
401736129,Chelsea Gray,home,2,,0,2168.0,690|2168
401736129,Stefanie Dolson,away,3,1816.0,0,831.0,700|831|1816
401736129,Kiah Stokes,home,3,1331.0,0,1280.0,785|1280|1331
401736129,A'ja Wilson,home,3,1357.0,0,1065.0,806|1065|1357
401736129,Lucy Olsen,away,3,1899.0,0,969.0,836|969|1899
401736129,Jewell Loyd,home,3,2157.0,0,1134.0,954|1134|2157
401736129,Aaliyah Nye,home,1,,0,,1058
401736129,Sonia Citron,away,1,,0,,1253
401736129,Kiki Iriafen,away,1,,0,,1584
401736129,Sug Sutton,away,1,,0,,1643
401736129,Crystal Bradford,home,1,,0,,1670
401736129,Dana Evans,home,1,,0,,2026
401736130,Veronica Burton,away,4,1194.8,1,1105.0,76|1105|1195|1975
401736130,Sarah Ashlee Barker,home,4,2209.0,0,995.0,223|995|2209|2356
401736130,Azura Stevens,home,2,,0,555.8,386|556
401736130,Odyssey Sims,home,2,,0,1356.0,422|1356
401736130,Kyara Linskens,away,3,1821.0,0,580.9,432|581|1821
401736130,Janelle Salaun,away,1,,0,,538
401736130,Julie Allemand,home,1,,0,,640
401736130,Temi Fagbenle,away,4,2248.0,0,2014.0,939|2014|2248|2360
401736130,Dearica Hamby,home,3,2307.0,0,1548.0,1241|1548|2307
401736130,Kelsey Plum,home,4,2332.0,0,1478.0,1276|1478|2332|2369
401736130,Julie Vanloo,away,1,,0,,1333
401736130,Emma Cannon,home,1,,0,,1676
401736130,Mercedes Russell,home,1,,0,,1809
401736130,Kayla Thornton,away,2,,0,2152.0,2064|2152
401736131,Gabby Williams,home,2,,0,2363.9,44|2364
401736131,Monique Akoa Makani,away,2,,0,1998.0,55|1998
401736131,Alysha Clark,home,1,,0,,166
401736131,Alyssa Thomas,away,3,2038.0,0,1982.0,206|1982|2038
401736131,Kathryn Westbeld defensive 3-seconds (technical,away,1,,0,,245
401736131,Satou Sabally,away,4,1493.0,0,944.0,361|944|1493|1870
401736131,Kitija Laksa,away,1,,0,,446
401736131,Kalani Brown,away,2,,0,1836.0,498|1836
401736131,Lexie Brown,home,1,,0,,538
401736131,Sami Whitcomb,away,1,,0,,560
401736131,Li Yueru,home,2,,0,1795.9,621|1796
401736131,Skylar Diggins,home,2,,0,1878.0,905|1878
401736131,Sevgi Uzun,away,2,,0,1647.0,1073|1647
401736131,Ezi Magbegor,home,2,,0,1944.0,1156|1944
401736131,Nneka Ogwumike,home,1,,0,,1471
401736131,Alexa Held,away,3,2372.0,0,2369.9,1776|2370|2372
401736131,Erica Wheeler,home,1,,0,,1888
401736132,Natasha Howard,home,4,1402.0,0,224.0,138|224|1402|1931
401736132,Breanna Stewart,away,4,1596.0,0,751.0,176|751|1596|2322
401736132,Leonie Fiebich,away,2,,0,336.0,235|336
401736132,Kelsey Mitchell,home,2,,0,369.0,256|369
401736132,Lexie Hull,home,4,2164.0,0,510.0,361|510|2164|2398
401736132,Sophie Cunningham,home,2,,0,1198.9,448|1199
401736132,Rebekah Gardner,away,4,942.0,1,535.0,464|535|942|1736
401736132,Caitlin Clark,home,5,1656.0,0,598.9,561|599|1656|2016|2307
401736132,Kennedy Burke,away,1,,0,,573
401736132,Natasha Cloud,away,3,2050.0,0,1312.0,628|1312|2050
401736132,Damiris Dantas,home,1,,0,,635
401736132,Aliyah Boston,home,4,1495.0,0,1277.0,888|1277|1495|2285
401736132,Jonquel Jones,away,3,1447.0,0,1167.9,1159|1168|1447
401736132,DeWanna Bonner,home,3,1686.0,0,1557.0,1538|1557|1686
401736133,Arike Ogunbowale,away,3,2057.0,0,1449.0,33|1449|2057
401736133,Te-Hina Paopao,home,1,,0,,153
401736133,Brittney Griner,home,2,,0,1110.0,180|1110
401736133,Teaira McCowan,away,2,,0,1872.0,453|1872
401736133,Allisha Gray,home,4,1275.0,0,850.0,787|850|1275|2211
401736133,Rhyne Howard,home,3,1388.0,0,1210.0,813|1210|1388
401736133,Maddy Siegrist,away,1,,0,,884
401736133,NaLyssa Smith,away,2,,0,1292.0,985|1292
401736133,Myisha Hines-Allen,away,2,,0,1398.0,1058|1398
401736133,DiJonai Carrington,away,3,1534.0,0,1330.0,1167|1330|1534
401736133,Paige Bueckers,away,3,1654.0,0,1598.0,1296|1598|1654
401736133,Nia Coffey,home,1,,0,,1668
401736133,Maya Caldwell,home,1,,0,,1737
401736133,Brionna Jones,home,1,,0,,2083
401736133,Tyasha Harris,away,1,,0,,2333
401736133,Kaila Charles,away,1,,0,,2365
401736134,Jacy Sheldon,away,2,,0,331.0,291|331
401736134,Olivia Nelson-Ododa,away,1,,0,,432
401736134,Maya Caldwell,home,3,2234.0,0,2113.0,553|2113|2234
401736134,Taylor Thierry,home,1,,0,,561
401736134,Nia Coffey,home,3,1597.0,0,1537.0,646|1537|1597
401736134,Kariata Diaby,away,3,2219.0,0,739.0,734|739|2219
401736134,Saniya Rivers,away,2,,0,1243.0,789|1243
401736134,Robyn Parks,away,2,,0,2290.0,838|2290
401736134,Brionna Jones,home,2,,0,1479.0,1259|1479
401736134,Tina Charles,away,3,2254.0,0,1505.0,1358|1505|2254
401736134,Rhyne Howard,home,3,1839.0,0,1689.0,1382|1689|1839
401736134,Marina Mabrey,away,5,1586.0,0,1516.0,1401|1516|1586|1864|1932
401736134,Aneesah Morrow,away,2,,0,1808.0,1729|1808
401736134,Naz Hillmon,home,1,,0,,2297
401736135,Sarah Ashlee Barker,home,4,940.0,1,372.0,27|372|940|2109
401736135,Kia Nurse,away,2,,0,1617.0,74|1617
401736135,Ariel Atkins,away,5,1218.0,0,307.0,110|307|1218|2322|2349
401736135,Azura Stevens,home,2,,0,1429.0,179|1429
401736135,Liatu King,home,2,,0,1887.0,406|1887
401736135,Elizabeth Williams,away,2,,0,1164.9,457|1165
401736135,Angel Reese,away,3,2088.0,0,1042.0,502|1042|2088
401736135,Mercedes Russell,home,1,,0,,523
401736135,Emma Cannon,home,1,,0,,594
401736135,Kamilla Cardoso,away,5,872.0,1,822.0,800|822|872|1498|2259
401736135,Courtney Vandersloot,away,2,,0,1143.9,1031|1144
401736135,Rachel Banham,away,1,,0,,1674
401736135,Dearica Hamby,home,1,,0,,1898
401736135,Kelsey Plum,home,1,,0,,2124
401736135,Julie Allemand,home,1,,0,,2305
401736135,Kia Nurse personal,away,1,,0,,2353
401736136,Stefanie Dolson,away,2,,0,815.0,89|815
401736136,Kiki Iriafen,away,4,2138.0,0,458.0,201|458|2138|2273
401736136,Satou Sabally,home,1,,0,,255
401736136,Lucy Olsen,away,1,,0,,574
401736136,Kalani Brown,home,2,,0,1605.0,695|1605
401736136,Sami Whitcomb,home,4,1761.0,0,1464.0,840|1464|1761|2039
401736136,Monique Akoa Makani,home,3,2317.0,0,2299.0,916|2299|2317
401736136,Kathryn Westbeld,home,2,,0,1222.0,957|1222
401736136,Sonia Citron,away,5,1590.0,0,1515.0,1065|1515|1590|2174|2386
401736136,Brittney Sykes,away,1,,0,,1407
401736136,Lexi Held,home,3,2082.0,0,1478.0,1473|1478|2082
401736136,Alyssa Thomas,home,5,2005.0,0,1622.0,1478|1622|2005|2226|2368
401736136,Emily Engstler,away,3,2161.0,0,1698.0,1521|1698|2161
401736136,Jade Melbourne,away,4,2184.0,0,2052.0,1563|2052|2184|2287
401736136,Sug Sutton,away,1,,0,,1663
401736136,Aaliyah Edwards,away,1,,0,,1745
401736136,Emily Engstler personal,away,1,,0,,2397
401736137,Ezi Magbegor,home,5,1093.0,1,613.0,101|613|1093|1797|1933
401736137,Alysha Clark,home,3,1538.0,0,672.0,144|672|1538
401736137,Skylar Diggins,home,3,2059.0,0,758.0,260|758|2059
401736137,Crystal Bradford,away,2,,0,440.0,402|440
401736137,Zia Cooke,home,1,,0,,708
401736137,Aaliyah Nye,away,2,,0,2273.0,852|2273
401736137,Chelsea Gray,away,1,,0,,885
401736137,Nneka Ogwumike,home,2,,0,1321.0,1169|1321
401736137,Dominique Malonga,home,2,,0,1975.0,1562|1975
401736137,Elizabeth Kitley,away,3,2182.0,0,2155.0,1678|2155|2182
401736137,Tiffany Mitchell,away,1,,0,,1840
401736137,Jewell Loyd,away,1,,0,,1994
401736137,Li Yueru,home,2,,0,2263.0,2236|2263
401736138,Saniya Rivers,home,4,1052.0,1,522.0,89|522|1052|2151
401736138,Myisha Hines-Allen,away,5,1403.0,0,1237.0,276|1237|1403|1438|2079
401736138,Bria Hartley,home,4,760.0,1,561.9,296|562|760|1641
401736138,Teaira McCowan,away,2,,0,1729.0,438|1729
401736138,Haley Peters,home,2,,0,619.0,456|619
401736138,Marina Mabrey,home,5,1166.8,1,854.0,495|854|1167|1259|2026
401736138,Arike Ogunbowale,away,2,,0,1749.0,545|1749
401736138,Paige Bueckers,away,3,1982.0,0,997.0,688|997|1982
401736138,Kariata Diaby,home,1,,0,,718
401736138,Jacy Sheldon,home,3,1722.0,0,1585.0,1127|1585|1722
401736138,DiJonai Carrington,away,3,1605.0,0,1538.0,1147|1538|1605
401736138,NaLyssa Smith,away,2,,0,1298.0,1177|1298
401736138,Tina Charles,home,1,,0,,1254
401736138,Kaila Charles,away,3,2367.0,0,2178.0,1679|2178|2367
401736138,Maddy Siegrist,away,1,,0,,2047
401736138,Aneesah Morrow,home,2,,0,2186.0,2145|2186
401736138,Olivia Nelson-Ododa,home,1,,0,,2232
401736138,Luisa Geiselsoder,away,2,,0,2367.9,2243|2368
401736138,Aziaha James,away,1,,0,,2347
401736139,Veronica Burton,away,1,,0,,41
401736139,Temi Fagbenle,away,3,2125.0,0,958.0,116|958|2125
401736139,Kayla Thornton,away,2,,0,1483.0,153|1483
401736139,Jonquel Jones,home,5,1247.0,0,810.0,283|810|1247|1315|1315
401736139,Natasha Cloud,home,3,1363.0,0,700.0,291|700|1363
401736139,Leonie Fiebich,home,1,,0,,329
401736139,Carla Leite,away,3,1677.0,0,1029.0,507|1029|1677
401736139,Rebekah Gardner,home,1,,0,,525
401736139,Janelle Salaun,away,1,,0,,533
401736139,Kennedy Burke,home,2,,0,1447.0,593|1447
401736139,Marine Johannes,home,2,,0,1775.9,910|1776
401736139,Sabrina Ionescu,home,3,1734.0,0,1437.0,1131|1437|1734
401736139,Kyara Linskens,away,3,1718.0,0,1680.0,1632|1680|1718
401736139,Stephanie Talbot,away,1,,0,,1648
401736139,Julie Vanloo,away,1,,0,,1855
401736139,Breanna Stewart,home,2,,0,2205.0,1871|2205
401736140,Nneka Ogwumike,away,2,,0,993.0,373|993
401736140,Bridget Carleton,home,2,,0,2161.0,506|2161
401736140,Dominique Malonga,away,1,,0,,584
401736140,Karlie Samuelson,home,3,1722.0,0,1605.0,725|1605|1722
401736140,Alanna Smith,home,3,2042.0,0,1550.0,731|1550|2042
401736140,Erica Wheeler,away,1,,0,,740
401736140,Courtney Williams,home,2,,0,2382.0,1067|2382
401736140,Alysha Clark,away,3,2375.0,0,1396.0,1200|1396|2375
401736140,Ezi Magbegor,away,2,,0,2388.9,1311|2389
401736140,Napheesa Collier,home,3,2217.0,0,2071.0,1367|2071|2217
401736140,Natisha Hiedeman,home,1,,0,,1586
401736140,Jessica Shepard defensive 3-seconds (technical,home,1,,0,,1664
401736140,Zia Cooke,away,2,,0,2107.0,1748|2107
401736140,Jessica Shepard,home,1,,0,,1905
401736140,Ezi Magbegor personal,away,1,,0,,2377
401736140,Skylar Diggins personal,away,1,,0,,2386
401736141,Nia Coffey,away,4,1169.9,1,330.0,45|330|1170|1827
401736141,Rhyne Howard,away,3,1880.0,0,1505.0,104|1505|1880
401736141,Dearica Hamby,home,2,,0,166.0,156|166
401736141,Maya Caldwell,away,4,1307.0,0,756.0,211|756|1307|1677
401736141,Azura Stevens,home,6,1135.0,1,1048.0,265|1048|1135|2106|2109|2393
401736141,Odyssey Sims,home,1,,0,,514
401736141,Julie Allemand,home,3,2376.9,0,2374.9,781|2375|2377
401736141,Te-Hina Paopao,away,1,,0,,932
401736141,Kelsey Plum,home,2,,0,1983.0,949|1983
401736141,Sarah Ashlee Barker,home,1,,0,,977
401736141,Naz Hillmon,away,3,1883.0,0,1760.8,1193|1761|1883
401736141,Dearica Hamby defensive 3-seconds (technical,home,1,,0,,1425
401736141,Allisha Gray,away,2,,0,2382.9,1513|2383
401736141,Rickea Jackson,home,3,1643.0,0,1626.0,1603|1626|1643
401736141,Brionna Jones,away,1,,0,,2204
401736142,Kathryn Westbeld,home,3,1245.0,0,789.0,110|789|1245
401736142,Kamilla Cardoso,away,4,1290.0,0,1101.0,128|1101|1290|1427
401736142,Monique Akoa Makani,home,3,2179.0,0,2054.0,204|2054|2179
401736142,Satou Sabally,home,4,2049.0,0,1370.0,247|1370|2049|2291
401736142,Alyssa Thomas,home,2,,0,286.0,263|286
401736142,Kalani Brown,home,4,1037.0,1,948.0,567|948|1037|1762
401736142,Rachel Banham,away,2,,0,1793.9,584|1794
401736142,Michaela Onyenwere,away,2,,0,665.0,664|665
401736142,Kia Nurse,away,5,1186.9,1,970.0,725|970|1187|1502|2361
401736142,Ariel Atkins,away,3,1316.0,0,1159.0,896|1159|1316
401736142,Angel Reese,away,5,1724.0,0,1486.0,966|1486|1724|2129|2149
401736142,Sevgi Uzun,home,1,,0,,1776
401736142,Kitija Laksa,home,1,,0,,2090
401736143,Stefanie Dolson,home,4,1357.0,0,760.0,188|760|1357|1442
401736143,Kiki Iriafen,home,4,2077.0,0,554.8,251|555|2077|2378
401736143,Aliyah Boston,away,5,1735.0,0,1573.0,278|1573|1735|2279|2301
401736143,Sydney Colson,away,5,2319.0,0,1472.0,403|1472|2319|2352|2388
401736143,Emily Engstler,home,2,,0,1074.0,456|1074
401736143,Natasha Howard,away,3,1508.0,0,904.0,473|904|1508
401736143,Shakira Austin,home,3,2187.0,0,815.0,596|815|2187
401736143,Sophie Cunningham,away,5,961.0,1,801.0,669|801|961|1857|2358
401736143,Aaliyah Edwards,home,4,2165.0,0,1163.0,808|1163|2165|2248
401736143,Kelsey Mitchell,away,1,,0,,828
401736143,Jade Melbourne,home,4,1567.0,0,984.0,937|984|1567|1891
401736143,Damiris Dantas,away,4,1817.0,0,1139.0,1051|1139|1817|1867
401736143,Brittney Sykes,home,3,1710.0,0,1312.0,1153|1312|1710
401736143,DeWanna Bonner,away,1,,0,,2097
401736143,Aaliyah Edwards defensive 3-seconds (technical,home,1,,0,,2175
401736143,Lexie Hull,away,2,,0,2373.9,2292|2374
401736143,Sonia Citron,home,1,,0,,2379
401736144,Natasha Cloud,home,4,1948.0,0,788.0,58|788|1948|2180
401736144,Veronica Burton,away,3,1958.0,0,391.0,101|391|1958
401736144,Temi Fagbenle,away,5,1176.9,1,1144.9,130|1145|1177|1264|2237
401736144,Stephanie Talbot,away,2,,0,1282.0,244|1282
401736144,Isabelle Harrison,home,2,,0,503.0,398|503
401736144,Cecilia Zandalasini,away,2,,0,1689.0,460|1689
401736144,Kennedy Burke,home,4,1721.0,0,1377.0,539|1377|1721|1733
401736144,Leonie Fiebich,home,2,,0,1752.9,740|1753
401736144,Julie Vanloo,away,3,1613.0,0,956.0,831|956|1613
401736144,Marine Johannes,home,3,2293.0,0,1724.0,946|1724|2293
401736144,Sabrina Ionescu,home,2,,0,1488.0,949|1488
401736144,Breanna Stewart,home,1,,0,,1020
401736144,Janelle Salaun,away,5,1934.0,0,1927.0,1275|1927|1934|2093|2224
401736144,Kayla Thornton,away,2,,0,2256.0,1949|2256
401736144,Rebekah Gardner,home,1,,0,,2035
401736144,Monique Billings,away,1,,0,,2305
401736144,Stephanie Talbot personal,away,1,,0,,2396
401736145,Myisha Hines-Allen,away,2,,0,1476.0,115|1476
401736145,DiJonai Carrington,away,3,1523.0,0,1342.0,143|1342|1523
401736145,Kamilla Cardoso,home,3,772.0,1,463.0,263|463|772
401736145,Angel Reese,home,2,,0,2067.0,363|2067
401736145,Paige Bueckers,away,3,1691.0,0,1197.0,426|1197|1691
401736145,Teaira McCowan,away,2,,0,575.9,477|576
401736145,Michaela Onyenwere,home,1,,0,,548
401736145,JJ Quinerly,away,1,,0,,592
401736145,Kaila Charles,away,1,,0,,600
401736145,Ariel Atkins,home,2,,0,2250.0,617|2250
401736145,Maddy Siegrist defensive 3-seconds (technical,away,1,,0,,635
401736145,Maddy Siegrist,away,2,,0,1890.0,724|1890
401736145,Courtney Vandersloot,home,3,1362.0,0,1146.9,1141|1147|1362
401736145,Arike Ogunbowale,away,2,,0,2276.0,1193|2276
401736146,Marina Mabrey,away,4,1796.9,0,705.0,91|705|1797|2076
401736146,Natasha Howard,home,3,2247.0,0,577.9,178|578|2247
401736146,Tina Charles,away,2,,0,1397.0,311|1397
401736146,Aliyah Boston,home,5,750.0,1,651.0,407|651|750|1484|2218
401736146,Jacy Sheldon,away,3,1619.0,0,539.0,441|539|1619
401736146,Sydney Colson,home,1,,0,,503
401736146,Damiris Dantas,home,3,1632.0,0,1036.0,797|1036|1632
401736146,Olivia Nelson-Ododa,away,4,1812.0,0,1003.0,821|1003|1812|1813
401736146,Lexie Hull,home,2,,0,1558.0,823|1558
401736146,Haley Peters,away,3,2026.0,0,1972.0,931|1972|2026
401736146,Robyn Parks,away,1,,0,,1078
401736146,Bria Hartley,away,3,1322.0,0,1136.0,1110|1136|1322
401736146,Kelsey Mitchell,home,3,2394.9,0,1873.0,1408|1873|2395
401736146,Saniya Rivers,away,1,,0,,1510
401736146,Sophie Cunningham,home,1,,0,,1686
401736146,Lexie Hull personal,home,1,,0,,2394
401736147,Sug Sutton,home,1,,0,,134
401736147,Stefanie Dolson,home,2,,0,257.0,232|257
401736147,Brittney Sykes,home,3,1715.0,0,1676.0,336|1676|1715
401736147,Jonquel Jones,away,2,,0,2208.0,365|2208
401736147,Aaliyah Edwards,home,2,,0,2075.0,417|2075
401736147,Leonie Fiebich,away,3,2060.0,0,881.0,509|881|2060
401736147,Kennedy Burke,away,2,,0,1198.9,548|1199
401736147,Marine Johannes,away,1,,0,,643
401736147,Natasha Cloud,away,2,,0,1409.0,760|1409
401736147,Isabelle Harrison,away,3,1984.0,0,1890.0,815|1890|1984
401736147,Jade Melbourne,home,2,,0,2235.0,915|2235
401736147,Sonia Citron,home,2,,0,1396.0,1187|1396
401736147,Breanna Stewart,away,1,,0,,1384
401736147,Shakira Austin,home,1,,0,,1455
401736147,Emily Engstler,home,1,,0,,2042
401736147,Jaylyn Sherrod,away,1,,0,,2333
401736148,Dearica Hamby,away,4,1249.0,0,209.0,110|209|1249|1368
401736148,Chelsea Gray,home,3,2053.0,0,438.0,303|438|2053
401736148,Sarah Ashlee Barker,away,2,,0,896.0,358|896
401736148,Elizabeth Kitley,home,3,1954.0,0,593.9,401|594|1954
401736148,Jackie Young,home,4,2175.0,0,1753.9,535|1754|2175|2378
401736148,Tiffany Mitchell,home,2,,0,2016.0,545|2016
401736148,Julie Allemand,away,2,,0,637.0,580|637
401736148,Liatu King,away,1,,0,,714
401736148,Jewell Loyd,home,2,,0,1788.0,794|1788
401736148,Azura Stevens,away,4,1557.0,0,1287.0,869|1287|1557|2328
401736148,Kiah Stokes,home,1,,0,,958
401736148,Kelsey Plum,away,5,1764.0,0,1347.0,972|1347|1764|1995|2119
401736148,Lynne Roberts,away,1,,0,,1085
401736148,A'ja Wilson,home,1,,0,,1134
401736148,Emma Cannon,away,1,,0,,1634
401736148,Odyssey Sims,away,1,,0,,2247
401736149,Alanna Smith,away,3,2089.0,0,1794.9,34|1795|2089
401736149,Satou Sabally,home,1,,0,,182
401736149,Sami Whitcomb,home,2,,0,2171.0,325|2171
401736149,Marieme Badiane,away,1,,0,,441
401736149,Murjanatu Musa,home,3,1685.0,0,587.9,469|588|1685
401736149,Diamond Miller,away,2,,0,780.0,612|780
401736149,Kalani Brown,home,3,1953.0,0,1913.0,666|1913|1953
401736149,Monique Akoa Makani,home,2,,0,2275.0,720|2275
401736149,Jessica Shepard,away,2,,0,890.0,743|890
401736149,Courtney Williams,away,3,1606.0,0,1559.0,824|1559|1606
401736149,Kathryn Westbeld,home,4,1063.0,1,1032.0,937|1032|1063|1674
401736149,Alissa Pili defensive 3-seconds (technical,away,1,,0,,1075
401736149,Alissa Pili,away,2,,0,1186.9,1129|1187
401736149,Kitija Laksa,home,1,,0,,1171
401736149,Lexi Held,home,2,,0,1691.0,1565|1691
401736149,Jessica Shepard defensive 3-seconds (technical,away,1,,0,,1755
401736149,Karlie Samuelson,away,1,,0,,1855
401736150,Rhyne Howard,away,5,1669.0,0,1647.0,172|1647|1669|1676|1969
401736150,Shatori Walker-Kimbrough,away,2,,0,2256.0,358|2256
401736150,Te-Hina Paopao,away,1,,0,,488
401736150,Nneka Ogwumike,home,3,1286.0,0,931.0,500|931|1286
401736150,Gabby Williams,home,4,2114.0,0,2049.0,629|2049|2114|2222
401736150,Allisha Gray,away,3,1829.0,0,1125.0,886|1125|1829
401736150,Erica Wheeler,home,4,1433.0,0,1433.0,980|1433|1433|2080
401736150,Brionna Jones,away,4,1372.0,0,1053.0,1020|1053|1372|2176
401736150,Skylar Diggins,home,2,,0,1425.0,1068|1425
401736150,Lexie Brown,home,1,,0,,1112
401736150,Brittney Griner,away,1,,0,,1130
401736150,Naz Hillmon,away,2,,0,1491.0,1157|1491
401736150,Ezi Magbegor,home,4,1735.0,0,1418.0,1318|1418|1735|2268
401736150,Li Yueru,home,1,,0,,1512
401736150,Dominique Malonga,home,1,,0,,1859
401736150,Zia Cooke,home,1,,0,,1946
401736150,Gabby Williams personal,home,1,,0,,2383
401736151,Kamilla Cardoso,away,5,965.0,1,673.0,72|673|965|1491|1644
401736151,Maddy Siegrist,home,3,2112.0,0,1505.0,91|1505|2112
401736151,Myisha Hines-Allen,home,2,,0,1241.0,117|1241
401736151,Ariel Atkins,away,5,1102.0,1,958.0,151|958|1102|1229|2383
401736151,Angel Reese,away,3,2131.0,0,1291.0,173|1291|2131
401736151,Arike Ogunbowale,home,4,2311.0,0,2231.0,297|2231|2311|2331
401736151,NaLyssa Smith,home,3,2174.0,0,1283.0,358|1283|2174
401736151,JJ Quinerly,home,4,1756.0,0,574.9,397|575|1756|1894
401736151,Kaila Charles,home,3,976.0,1,941.0,728|941|976
401736151,Kia Nurse,away,4,2024.0,0,1841.0,952|1841|2024|2328
401736151,Elizabeth Williams,away,3,1947.0,0,1834.0,998|1834|1947
401736151,Luisa Geiselsoder,home,2,,0,1198.9,1013|1199
401736151,DiJonai Carrington personal,home,1,,0,,1193
401736151,Courtney Vandersloot,away,4,2184.0,0,2065.0,1334|2065|2184|2240
401736151,Rachel Banham,away,1,,0,,1367
401736151,DiJonai Carrington,home,3,1934.0,0,1709.0,1669|1709|1934
401736151,Teaira McCowan,home,1,,0,,1729
401736151,Hailey Van Lith,away,1,,0,,1954
401736151,Double,home,1,,0,,2131
401736152,Marina Mabrey,away,5,1842.0,0,1395.0,11|1395|1842|1856|1926
401736152,Leonie Fiebich,home,2,,0,1113.0,260|1113
401736152,Breanna Stewart,home,1,,0,,270
401736152,Isabelle Harrison,home,1,,0,,659
401736152,Bria Hartley,away,2,,0,1022.0,843|1022
401736152,Jaylyn Sherrod,home,3,1928.0,0,1660.0,922|1660|1928
401736152,Jonquel Jones,home,4,1735.0,0,980.0,938|980|1735|1846
401736152,Tina Charles,away,1,,0,,1050
401736152,Jacy Sheldon,away,2,,0,1658.0,1085|1658
401736152,Olivia Nelson-Ododa,away,2,,0,1268.0,1149|1268
401736152,Rebekah Gardner,home,5,1904.0,0,1667.0,1170|1667|1904|2151|2361
401736152,Natasha Cloud,home,1,,0,,1621
401736152,Kariata Diaby,away,2,,0,1827.0,1692|1827
401736152,Aneesah Morrow,away,2,,0,2085.0,1957|2085
401736152,Haley Peters,away,1,,0,,2159
401736152,Marquesha Davis,home,1,,0,,2324
401736153,Azura Stevens,home,4,904.0,1,742.0,98|742|904|1431
401736153,Satou Sabally,away,5,1732.0,0,1200.0,123|1200|1732|1888|2386
401736153,Sami Whitcomb,away,2,,0,691.0,230|691
401736153,Odyssey Sims,home,4,2299.0,0,1036.0,409|1036|2299|2391
401736153,Emma Cannon,home,5,1658.0,0,1456.0,463|1456|1658|2054|2122
401736153,Kelsey Plum,home,3,1752.0,0,1492.0,600|1492|1752
401736153,Sarah Ashlee Barker,home,1,,0,,638
401736153,Julie Allemand,home,2,,0,2101.0,686|2101
401736153,Murjanatu Musa,away,2,,0,975.0,915|975
401736153,Dearica Hamby,home,3,2393.9,0,1217.0,1058|1217|2394
401736153,Lexi Held,away,2,,0,2391.9,1080|2392
401736153,Mercedes Russell,home,2,,0,1148.0,1136|1148
401736153,Monique Akoa Makani,away,1,,0,,1392
401736153,Kathryn Westbeld,away,3,2315.0,0,2007.0,1470|2007|2315
401736153,Haley Jones,away,2,,0,1819.0,1762|1819
401736153,Sevgi Uzun,away,3,1957.0,0,1883.0,1845|1883|1957
401736153,Kitija Laksa,away,3,2284.0,0,2149.0,2113|2149|2284
401736153,Kelsey Plum personal,home,1,,0,,2382
401736154,Ezi Magbegor,home,1,,0,,341
401736154,Aaliyah Nye,away,2,,0,2069.0,380|2069
401736154,Skylar Diggins,home,3,2315.0,0,505.0,403|505|2315
401736154,Dominique Malonga,home,3,2177.0,0,468.0,449|468|2177
401736154,Elizabeth Kitley,away,4,570.9,1,532.0,530|532|571|1947
401736154,Erica Wheeler,home,2,,0,1795.9,598|1796
401736154,Li Yueru,home,2,,0,697.0,626|697
401736154,Jewell Loyd,away,3,1435.0,0,1238.0,754|1238|1435
401736154,Dana Evans,away,2,,0,1702.0,936|1702
401736154,A'ja Wilson,away,2,,0,1910.0,982|1910
401736154,Nneka Ogwumike,home,2,,0,1514.0,1504|1514
401736154,Tiffany Mitchell,away,1,,0,,1549
401736154,Jackie Young,away,2,,0,2130.0,1656|2130
401736154,Zia Cooke,home,1,,0,,1819
401736154,Chelsea Gray,away,1,,0,,2338
401736154,Erica Wheeler personal,home,1,,0,,2394
401736155,Alanna Smith,away,4,927.0,1,917.0,87|917|927|2140
401736155,Tiffany Hayes,home,4,1135.0,1,691.0,115|691|1135|1216
401736155,Kayla Thornton,home,1,,0,,119
401736155,Janelle Salaun,home,2,,0,992.0,119|992
401736155,Napheesa Collier,away,3,1226.0,0,1126.0,146|1126|1226
401736155,Courtney Williams,away,2,,0,401.0,343|401
401736155,Monique Billings,home,1,,0,,562
401736155,Cecilia Zandalasini,home,1,,0,,612
401736155,Jessica Shepard,away,2,,0,1539.0,673|1539
401736155,Natisha Hiedeman,away,3,1982.0,0,1654.0,702|1654|1982
401736155,Alissa Pili,away,1,,0,,768
401736155,Karlie Samuelson,away,2,,0,1947.0,837|1947
401736155,Julie Vanloo,home,3,1959.0,0,1911.0,897|1911|1959
401736155,Kate Martin,home,1,,0,,942
401736155,Temi Fagbenle,home,3,2129.0,0,2009.0,1200|2009|2129
401736155,Veronica Burton,home,2,,0,1999.0,1278|1999
401736155,Kayla McBride,away,1,,0,,1287
401736155,Stephanie Talbot,home,1,,0,,1799
401736156,Aliyah Boston,home,4,1030.0,1,288.0,119|288|1030|1636
401736156,Sydney Colson,home,3,1880.0,0,1835.0,221|1835|1880
401736156,Kelsey Mitchell,home,4,1827.0,0,1545.0,327|1545|1827|2060
401736156,DeWanna Bonner,home,3,1026.0,1,755.0,471|755|1026
401736156,Kiki Iriafen,away,3,1382.0,0,1104.0,497|1104|1382
401736156,Stefanie Dolson,away,4,1087.0,1,712.0,532|712|1087|2073
401736156,Aari McDonald,home,2,,0,1010.0,788|1010
401736156,Aaliyah Edwards,away,1,,0,,799
401736156,Natasha Howard,home,2,,0,2385.9,879|2386
401736156,Jade Melbourne,away,4,2362.8,0,2338.0,1026|2338|2363|2378
401736156,Brittney Sykes,away,4,2302.0,0,1983.0,1173|1983|2302|2312
401736156,Sug Sutton,away,2,,0,1370.0,1267|1370
401736156,Lexie Hull,home,3,2330.0,0,1672.0,1331|1672|2330
401736156,Sonia Citron,away,1,,0,,1415
401736156,Sydney Colson personal,home,1,,0,,1500
401736156,Damiris Dantas,home,2,,0,1818.0,1682|1818
401736156,Brittney Sykes personal,away,1,,0,,2392
401736157,Courtney Williams,home,1,,0,,259
401736157,Alanna Smith,home,2,,0,2117.0,407|2117
401736157,Napheesa Collier,home,2,,0,1042.0,457|1042
401736157,Natisha Hiedeman,home,1,,0,,556
401736157,Satou Sabally,away,3,1818.0,0,1808.0,986|1808|1818
401736157,Monique Akoa Makani,away,1,,0,,1075
401736157,Kayla McBride,home,1,,0,,1108
401736157,Bridget Carleton,home,2,,0,2123.0,1113|2123
401736157,Kalani Brown,away,1,,0,,1428
401736157,Lexi Held,away,1,,0,,1469
401736157,Karlie Samuelson,home,1,,0,,1658
401736157,Kathryn Westbeld,away,2,,0,1777.9,1703|1778
401736157,Murjanatu Musa,away,1,,0,,1738
401736157,Diamond Miller,home,2,,0,2275.0,1755|2275
401736157,Megan McConnell,away,1,,0,,2033
401736157,Alissa Pili,home,1,,0,,2297
401736158,Alysha Clark,home,3,1339.0,0,979.0,35|979|1339
401736158,Myisha Hines-Allen,away,3,2375.9,0,2227.0,88|2227|2376
401736158,Ezi Magbegor,home,5,889.0,1,846.0,269|846|889|2106|2136
401736158,Teaira McCowan,away,1,,0,,289
401736158,Li Yueru,home,1,,0,,504
401736158,Luisa Geiselsoder,away,3,1633.0,0,1101.0,637|1101|1633
401736158,Zia Cooke,home,2,,0,1787.0,707|1787
401736158,Nneka Ogwumike,home,1,,0,,827
401736158,Dominique Malonga,home,1,,0,,1014
401736158,Arike Ogunbowale,away,3,2355.9,0,1713.0,1121|1713|2356
401736158,Skylar Diggins,home,2,,0,1917.0,1268|1917
401736158,Aziaha James,away,1,,0,,1564
401736158,NaLyssa Smith,away,2,,0,2058.0,1576|2058
401736158,Maddy Siegrist,away,2,,0,2393.9,1606|2394
401736158,Erica Wheeler,home,3,1944.0,0,1871.0,1720|1871|1944
401736158,Arike Ogunbowale clear path,away,1,,0,,2048
401736158,Gabby Williams,home,1,,0,,2095
401736158,DiJonai Carrington,away,1,,0,,2180
401736158,Kaila Charles,away,1,,0,,2382
401736159,Sug Sutton,home,2,,0,1763.9,63|1764
401736159,Natasha Cloud,away,5,1491.0,0,1468.0,141|1468|1491|2186|2261
401736159,Kiki Iriafen,home,5,1063.0,1,613.0,160|613|1063|1298|1734
401736159,Jonquel Jones,away,1,,0,,193
401736159,Sonia Citron,home,4,2170.0,0,1323.0,299|1323|2170|2377
401736159,Sabrina Ionescu,away,1,,0,,304
401736159,Leonie Fiebich,away,4,1661.0,0,1129.0,420|1129|1661|2384
401736159,Breanna Stewart,away,4,1359.0,0,1261.0,465|1261|1359|1951
401736159,Marine Johannes,away,2,,0,2027.0,554|2027
401736159,Isabelle Harrison,away,5,1102.0,1,860.0,583|860|1102|1484|2233
401736159,Emily Engstler,home,2,,0,1686.0,598|1686
401736159,Shakira Austin,home,4,2364.9,0,812.0,649|812|2365|2395
401736159,Brittney Sykes,home,4,2082.0,0,1114.0,845|1114|2082|2221
401736159,Stefanie Dolson,home,2,,0,1009.0,849|1009
401736159,Kennedy Burke,away,1,,0,,1924
401736159,Jade Melbourne,home,1,,0,,2250
401736160,Sami Whitcomb,home,6,1473.0,0,765.0,176|765|1473|1609|2073|2344
401736160,Cecilia Zandalasini,away,5,1325.0,0,1107.0,344|1107|1325|2367|2384
401736160,Haley Jones,home,1,,0,,388
401736160,Satou Sabally,home,5,1258.0,0,1006.0,538|1006|1258|1358|1930
401736160,Murjanatu Musa defensive 3-seconds (technical,home,1,,0,,631
401736160,Murjanatu Musa,home,3,1192.0,1,1164.9,799|1165|1192
401736160,Monique Akoa Makani,home,1,,0,,979
401736160,Lexi Held,home,2,,0,1917.0,1050|1917
401736160,Kitija Laksa,home,1,,0,,1511
401736160,Veronica Burton,away,4,2231.0,0,1998.0,1544|1998|2231|2271
401736160,Janelle Salaun,away,2,,0,1734.0,1600|1734
401736160,Kathryn Westbeld,home,1,,0,,1847
401736160,Kate Martin,away,1,,0,,1897
401736160,Stephanie Talbot,away,1,,0,,2001
401736160,Julie Vanloo,away,1,,0,,2117
401736160,Temi Fagbenle,away,1,,0,,2383
401736160,Kayla Thornton,away,1,,0,,2388
401736161,Marina Mabrey,home,2,,0,1695.0,358|1695
401736161,Brionna Jones,away,1,,0,,463
401736161,Nia Coffey,away,2,,0,2389.9,615|2390
401736161,Bria Hartley,home,2,,0,1502.0,709|1502
401736161,Brittney Griner,away,2,,0,1570.0,875|1570
401736161,Shatori Walker-Kimbrough,away,2,,0,1545.0,963|1545
401736161,Aneesah Morrow,home,2,,0,2347.9,1041|2348
401736161,Rhyne Howard,away,3,2380.0,0,1974.0,1091|1974|2380
401736161,Jordin Canada,away,1,,0,,1264
401736161,Jacy Sheldon,home,2,,0,1685.0,1510|1685
401736161,Saniya Rivers,home,1,,0,,1512
401736161,Naz Hillmon,away,2,,0,1986.0,1530|1986
401736161,Allisha Gray,away,1,,0,,1673
401736161,Jaelyn Brown,home,1,,0,,1690
401736161,Maya Caldwell,away,3,2365.0,0,2301.0,1764|2301|2365
401736161,Kariata Diaby,home,2,,0,1778.9,1779|1779
401736161,Tina Charles,home,3,2279.0,0,2241.0,2150|2241|2279
401736162,NaLyssa Smith,home,2,,0,1308.0,177|1308
401736162,Luisa Geiselsoder,home,3,2014.0,0,1412.0,482|1412|2014
401736162,Emma Cannon,away,3,1692.0,0,563.9,518|564|1692
401736162,JJ Quinerly,home,2,,0,2298.0,545|2298
401736162,Julie Allemand,away,2,,0,1001.0,692|1001
401736162,Myisha Hines-Allen,home,2,,0,1880.0,1017|1880
401736162,Azura Stevens,away,2,,0,1432.0,1192|1432
401736162,Arike Ogunbowale,home,2,,0,1853.0,1198|1853
401736162,Maddy Siegrist,home,4,2159.0,0,2104.0,1232|2104|2159|2374
401736162,DiJonai Carrington,home,3,1886.0,0,1741.9,1275|1742|1886
401736162,Kelsey Plum,away,1,,0,,1707
401736162,Odyssey Sims,away,5,2086.0,0,1991.0,1927|1991|2086|2128|2237
401736162,Sania Feagin,away,1,,0,,2263
401736162,Liatu King,away,1,,0,,2289
401736163,Kiah Stokes,away,1,,0,,159
401736163,Jackie Young,away,1,,0,,205
401736163,Veronica Burton,home,4,1285.0,0,1028.0,379|1028|1285|1397
401736163,Janelle Salaun,home,2,,0,510.0,475|510
401736163,Tiffany Mitchell,away,4,1864.0,0,1185.9,522|1186|1864|2101
401736163,Cecilia Zandalasini,home,4,1594.0,0,1441.0,666|1441|1594|1943
401736163,Chelsea Gray,away,1,,0,,837
401736163,A'ja Wilson,away,3,1376.0,0,1243.0,909|1243|1376
401736163,Monique Billings,home,3,1947.0,0,1844.0,984|1844|1947
401736163,Temi Fagbenle,home,4,1256.0,0,1194.9,991|1195|1256|1313
401736163,Aaliyah Nye,away,3,2109.0,0,1705.0,1045|1705|2109
401736163,Kayla Thornton,home,1,,0,,1155
401736163,Kate Martin,home,2,,0,2006.0,1773|2006
401736163,Jewell Loyd,away,1,,0,,1955
401736163,Kayla Thornton personal,home,1,,0,,2321
401736163,Julie Vanloo,home,2,,0,2381.9,2342|2382
401736164,Natasha Howard,away,2,,0,780.0,49|780
401736164,Angel Reese,home,2,,0,1070.0,190|1070
401736164,Lexie Hull,away,2,,0,535.0,243|535
401736164,Aari McDonald,away,1,,0,,271
401736164,Kamilla Cardoso,home,4,1939.0,0,1102.0,411|1102|1939|2027
401736164,Michaela Onyenwere,home,2,,0,1984.0,419|1984
401736164,Aliyah Boston,away,2,,0,2007.0,427|2007
401736164,Damiris Dantas,away,3,2177.0,0,1609.0,659|1609|2177
401736164,Rachel Banham,home,3,1570.0,0,1019.0,729|1019|1570
401736164,DeWanna Bonner,away,3,1709.0,0,857.0,744|857|1709
401736164,Elizabeth Williams,home,2,,0,2343.8,907|2344
401736164,Ariel Atkins,home,4,1264.0,0,1199.9,1166|1200|1264|1886
401736164,Kia Nurse,home,3,1754.0,0,1688.0,1181|1688|1754
401736164,Sydney Colson,away,1,,0,,1470
401736164,Kelsey Mitchell,away,2,,0,1586.0,1553|1586
401736164,Rebecca Allen,home,1,,0,,1622
401736164,Hailey Van Lith,home,1,,0,,1727
401736164,Makayla Timpson,away,1,,0,,2265
401736165,Erica Wheeler,away,5,1159.9,1,718.0,65|718|1160|1552|2265
401736165,Kathryn Westbeld defensive 3-seconds (technical,home,2,,0,1309.0,215|1309
401736165,Nneka Ogwumike,away,1,,0,,264
401736165,Haley Jones,home,1,,0,,379
401736165,Dominique Malonga,away,1,,0,,566
401736165,Murjanatu Musa,home,3,1140.0,1,1127.0,623|1127|1140
401736165,Kathryn Westbeld,home,3,2024.0,0,1225.0,737|1225|2024
401736165,Ezi Magbegor,away,3,2120.0,0,1538.0,759|1538|2120
401736165,Kalani Brown,home,2,,0,951.0,822|951
401736165,Monique Akoa Makani,home,5,1273.0,0,1014.0,898|1014|1273|1378|2060
401736165,Satou Sabally,home,3,2039.0,0,1407.0,1214|1407|2039
401736165,Skylar Diggins,away,2,,0,1860.0,1383|1860
401736165,Li Yueru,away,2,,0,1684.0,1545|1684
401736165,Zia Cooke,away,1,,0,,1924
401736165,Nate Tibbetts,home,1,,0,,2308
401736166,Bria Hartley,away,5,1729.0,0,650.0,113|650|1729|1968|1978
401736166,Saniya Rivers,away,3,2303.0,0,1221.0,148|1221|2303
401736166,Shakira Austin,home,4,1135.0,1,1121.0,320|1121|1135|2160
401736166,Aneesah Morrow,away,3,1557.0,0,461.0,333|461|1557
401736166,Jaelyn Brown,away,5,1066.0,1,540.0,369|540|1066|1500|2381
401736166,Tina Charles,away,3,1165.0,1,991.0,378|991|1165
401736166,Jacy Sheldon,away,3,1797.9,0,621.0,423|621|1798
401736166,Sug Sutton,home,1,,0,,448
401736166,Emily Engstler,home,3,2363.9,0,549.9,473|550|2364
401736166,Jade Melbourne,home,1,,0,,706
401736166,Marina Mabrey,away,6,1310.0,0,947.0,804|947|1310|1571|1908|2075
401736166,Lucy Olsen,home,2,,0,857.0,814|857
401736166,Sonia Citron,home,2,,0,1640.0,906|1640
401736166,Stefanie Dolson,home,2,,0,1234.0,1170|1234
401736166,Sika Kone,home,1,,0,,2194
401736166,Kariata Diaby,away,1,,0,,2381
401736167,Alanna Smith,away,3,2037.0,0,1741.9,95|1742|2037
401736167,Myisha Hines-Allen,home,2,,0,1389.0,103|1389
401736167,Kaila Charles,home,1,,0,,118
401736167,JJ Quinerly,home,4,622.0,1,552.0,409|552|622|1754
401736167,Natisha Hiedeman,away,4,1617.0,0,1402.0,543|1402|1617|2265
401736167,Diamond Miller,away,1,,0,,577
401736167,Maddy Siegrist,home,2,,0,711.0,596|711
401736167,Maria Kliundikova,away,2,,0,2366.9,639|2367
401736167,Jessica Shepard,away,1,,0,,682
401736167,NaLyssa Smith,home,1,,0,,697
401736167,Napheesa Collier,away,3,2060.0,0,1892.0,1130|1892|2060
401736167,DiJonai Carrington,home,2,,0,2318.0,1195|2318
401736167,Luisa Geiselsoder,home,1,,0,,1234
401736167,Myisha Hines-Allen defensive 3-seconds (technical,home,1,,0,,1294
401736167,Arike Ogunbowale,home,2,,0,1749.0,1373|1749
401736167,Bridget Carleton,away,2,,0,1721.0,1557|1721
401736167,Karlie Samuelson,away,2,,0,1765.0,1611|1765
401736168,Odyssey Sims,home,1,,0,,33
401736168,Janelle Salaun,away,5,1650.0,0,1012.0,61|1012|1650|2086|2167
401736168,Veronica Burton,away,5,1326.0,0,880.0,233|880|1326|2390|2452
401736168,Rickea Jackson,home,3,2352.9,0,1363.0,256|1363|2353
401736168,Kayla Thornton,away,2,,0,1454.0,287|1454
401736168,Kelsey Plum,home,5,1599.0,0,426.0,330|426|1599|2504|2684
401736168,Julie Vanloo,away,2,,0,1137.0,343|1137
401736168,Monique Billings,away,1,,0,,377
401736168,Carla Leite defensive 3-seconds (technical,away,1,,0,,473
401736168,Carla Leite,away,4,1715.0,0,706.0,476|706|1715|1888
401736168,Kate Martin,away,3,1735.0,0,742.0,539|742|1735
401736168,Azura Stevens,home,2,,0,1279.0,615|1279
401736168,Mercedes Russell,home,1,,0,,660
401736168,Julie Allemand,home,1,,0,,945
401736168,Temi Fagbenle,away,3,2538.0,0,1439.0,947|1439|2538
401736168,Emma Cannon,home,2,,0,1671.0,985|1671
401736168,Dearica Hamby,home,3,2682.9,0,2107.0,1434|2107|2683
401736168,Sarah Ashlee Barker,home,4,1841.0,0,1833.0,1783|1833|1841|1974
401736169,Brittney Griner,home,3,2146.0,0,116.0,111|116|2146
401736169,Brionna Jones,home,3,2228.0,0,1192.9,197|1193|2228
401736169,Aliyah Boston,away,4,1588.0,0,787.0,230|787|1588|2086
401736169,Natasha Howard,away,2,,0,2318.0,315|2318
401736169,Damiris Dantas,away,2,,0,872.0,416|872
401736169,Lexie Hull,away,5,1449.0,0,1320.0,450|1320|1449|1673|1863
401736169,Te-Hina Paopao,home,3,2369.9,0,2337.0,487|2337|2370
401736169,Naz Hillmon,home,3,1978.0,0,1556.0,725|1556|1978
401736169,Rhyne Howard,home,4,1722.0,0,960.0,804|960|1722|1907
401736169,Kelsey Mitchell,away,2,,0,1761.9,1294|1762
401736169,Jordin Canada,home,2,,0,1827.0,1464|1827
401736169,Aari McDonald,away,1,,0,,1842
401736169,Nia Coffey,home,1,,0,,1985
401736169,Shatori Walker-Kimbrough,home,2,,0,2256.0,2165|2256
401736169,Stephanie White,away,1,,0,,2219
401736169,Makayla Timpson,away,1,,0,,2362
401736170,Ariel Atkins,away,2,,0,735.0,50|735
401736170,Rachel Banham,away,3,2020.0,0,1511.0,103|1511|2020
401736170,Natasha Cloud,home,3,1249.0,0,389.0,124|389|1249
401736170,Elizabeth Williams,away,2,,0,1898.0,165|1898
401736170,Angel Reese,away,2,,0,1358.0,186|1358
401736170,Kennedy Burke,home,1,,0,,246
401736170,Rebecca Allen,away,1,,0,,433
401736170,Rebekah Gardner,home,2,,0,2036.0,637|2036
401736170,Nyara Sabally,home,1,,0,,693
401736170,Leonie Fiebich,home,2,,0,2258.0,964|2258
401736170,Breanna Stewart,home,2,,0,1241.0,1190|1241
401736170,Marine Johannes,home,1,,0,,1670
401736170,Jaylyn Sherrod,home,3,2297.0,0,2124.0,2102|2124|2297
401736170,Michaela Onyenwere,away,1,,0,,2347
401736171,Azura Stevens,away,4,1469.0,0,51.0,11|51|1469|2313
401736171,Kelsey Plum,away,3,2176.0,0,1304.0,73|1304|2176
401736171,Azura Stevens defensive 3-seconds (technical,away,1,,0,,182
401736171,Emma Cannon,away,3,1541.0,0,1514.0,319|1514|1541
401736171,Jewell Loyd,home,4,885.0,1,396.0,388|396|885|2112
401736171,Sarah Ashlee Barker,away,2,,0,1162.9,417|1163
401736171,Aaliyah Nye,home,3,2167.0,0,2069.0,558|2069|2167
401736171,Aaliyah Nye defensive 3-seconds (technical,home,1,,0,,596
401736171,Mercedes Russell,away,3,1799.9,0,784.0,639|784|1800
401736171,Dana Evans,home,2,,0,1841.0,648|1841
401736171,Double,away,1,,0,,648
401736171,Liatu King,away,2,,0,1899.0,737|1899
401736171,Odyssey Sims,away,3,1296.0,0,764.0,756|764|1296
401736171,Chelsea Gray,home,4,1272.0,0,946.0,843|946|1272|2002
401736171,Rickea Jackson,away,3,1624.0,0,1498.0,1064|1498|1624
401736171,Jackie Young,home,3,2380.0,0,1794.0,1167|1794|2380
401736171,A'ja Wilson,home,3,1619.0,0,1357.0,1277|1357|1619
401736171,Dearica Hamby,away,3,2122.0,0,1938.0,1397|1938|2122
401736171,Tiffany Mitchell,home,3,2308.0,0,1728.0,1661|1728|2308
401736171,Kiah Stokes,home,2,,0,2043.0,1880|2043
401736172,Satou Sabally,home,5,984.0,1,567.9,20|568|984|1730|2325
401736172,Monique Akoa Makani,home,4,1349.0,0,791.0,386|791|1349|1439
401736172,Natasha Mack,home,2,,0,1603.0,432|1603
401736172,Paige Bueckers,away,2,,0,554.0,529|554
401736172,Myisha Hines-Allen,away,2,,0,1502.0,588|1502
401736172,NaLyssa Smith,away,1,,0,,669
401736172,Maddy Siegrist,away,1,,0,,769
401736172,Arike Ogunbowale,away,5,1306.0,0,1087.0,836|1087|1306|1316|2002
401736172,DiJonai Carrington,away,2,,0,1287.0,905|1287
401736172,Alyssa Thomas,home,3,2279.0,0,1356.0,934|1356|2279
401736172,Lexi Held,home,2,,0,1637.0,1165|1637
401736172,Murjanatu Musa,home,2,,0,1533.0,1197|1533
401736172,Kitija Laksa,home,3,2021.0,0,1929.0,1797|1929|2021
401736172,JJ Quinerly,away,1,,0,,1879
401736172,Kathryn Westbeld,home,1,,0,,1991
401736172,Sami Whitcomb,home,2,,0,2288.0,2124|2288
401736173,Courtney Williams,away,3,1813.0,0,443.0,115|443|1813
401736173,Erica Wheeler,home,2,,0,2297.0,234|2297
401736173,Bridget Carleton,away,5,1344.0,0,1019.0,245|1019|1344|2088|2173
401736173,Skylar Diggins,home,5,1795.9,0,1393.0,266|1393|1796|1856|2163
401736173,Ezi Magbegor,home,4,1468.0,0,1135.0,272|1135|1468|1541
401736173,Zia Cooke,home,1,,0,,501
401736173,Dominique Malonga,home,1,,0,,658
401736173,Natisha Hiedeman,away,3,2377.9,0,2375.0,680|2375|2378
401736173,Alysha Clark,home,1,,0,,1132
401736173,Nneka Ogwumike,home,1,,0,,1293
401736173,Alanna Smith,away,3,1629.0,0,1581.0,1402|1581|1629
401736173,Napheesa Collier,away,1,,0,,1664
401736173,Kayla McBride,away,3,2394.9,0,2394.9,2277|2395|2395
401736174,Angel Reese,away,2,,0,1369.0,90|1369
401736174,Kamilla Cardoso,away,2,,0,961.0,254|961
401736174,Kia Nurse,away,2,,0,639.0,287|639
401736174,Allisha Gray,home,2,,0,1503.0,298|1503
401736174,Rhyne Howard,home,3,1990.0,0,883.0,414|883|1990
401736174,Jordin Canada,home,3,1374.0,0,542.9,540|543|1374
401736174,Brittney Griner,home,2,,0,1466.0,738|1466
401736174,Te-Hina Paopao,home,1,,0,,801
401736174,Ariel Atkins,away,4,1567.0,0,982.0,948|982|1567|1922
401736174,Michaela Onyenwere,away,1,,0,,1072
401736174,Kia Nurse defensive 3-seconds (technical,away,1,,0,,1086
401736174,Brionna Jones,home,4,1785.0,0,1230.0,1133|1230|1785|1983
401736174,Rebecca Allen,away,1,,0,,1175
401736174,Naz Hillmon,home,2,,0,2123.0,1694|2123
401736174,Maddy Westbeld,away,1,,0,,2183
401736175,Paige Bueckers,away,4,2218.0,0,2186.0,206|2186|2218|2259
401736175,Kiah Stokes,home,3,2377.9,0,1982.0,442|1982|2378
401736175,Kierstan Bell defensive 3-seconds (technical,home,1,,0,,617
401736175,Elizabeth Kitley,home,1,,0,,685
401736175,Aziaha James,away,2,,0,1633.0,1082|1633
401736175,Aaliyah Nye,home,3,1478.0,0,1460.0,1091|1460|1478
401736175,Luisa Geiselsoder,away,3,1943.0,0,1588.0,1288|1588|1943
401736175,Chelsea Gray,home,2,,0,2129.0,1379|2129
401736175,Jackie Young,home,1,,0,,1422
401736175,Dana Evans,home,1,,0,,1627
401736175,Arike Ogunbowale,away,3,2272.0,0,1914.0,1688|1914|2272
401736175,JJ Quinerly,away,1,,0,,1705
401736175,DiJonai Carrington,away,6,2287.0,0,2180.0,2113|2180|2287|2329|2387|2394
401736175,Myisha Hines-Allen,away,1,,0,,2200
401736175,Jewell Loyd,home,1,,0,,2392
401736176,Kayla McBride,home,2,,0,442.0,132|442
401736176,Courtney Williams,home,4,1280.0,0,748.0,204|748|1280|2203
401736176,Dearica Hamby,away,2,,0,1653.0,304|1653
401736176,Bridget Carleton,home,1,,0,,475
401736176,Emma Cannon,away,2,,0,1876.0,595|1876
401736176,Shey Peddy,away,1,,0,,826
401736176,Kelsey Plum,away,3,2148.0,0,1567.0,934|1567|2148
401736176,Rickea Jackson,away,2,,0,1444.0,1016|1444
401736176,Alanna Smith,home,3,1338.0,0,1216.0,1022|1216|1338
401736176,Sarah Ashlee Barker,away,1,,0,,1032
401736176,Karlie Samuelson,home,1,,0,,1139
401736176,Natisha Hiedeman,home,2,,0,1508.0,1173|1508
401736176,Azura Stevens,away,1,,0,,1256
401736176,Courtney Williams defensive 3-seconds (technical,home,1,,0,,1274
401736176,Napheesa Collier,home,4,2097.0,0,1692.0,1638|1692|2097|2120
401736176,Alissa Pili,home,3,1900.0,0,1852.0,1768|1852|1900
401736176,Diamond Miller,home,2,,0,2057.0,1863|2057
401736176,Liatu King,away,2,,0,2288.0,2230|2288
401736176,Maria Kliundikova,home,1,,0,,2337
401736177,Caitlin Clark,home,4,923.0,1,850.0,101|850|923|1856
401736177,Natasha Cloud,away,4,1489.0,0,953.0,211|953|1489|1577
401736177,Aliyah Boston,home,4,1536.0,0,1089.0,310|1089|1536|1971
401736177,Sydney Colson,home,2,,0,1828.0,346|1828
401736177,Sabrina Ionescu,away,2,,0,1327.0,379|1327
401736177,Rebekah Gardner,away,3,1101.0,1,1051.0,414|1051|1101
401736177,Kelsey Mitchell,home,3,1592.0,0,937.0,428|937|1592
401736177,Breanna Stewart,away,2,,0,2209.0,564|2209
401736177,Marine Johannes,away,1,,0,,778
401736177,Kennedy Burke,away,1,,0,,830
401736177,Lexie Hull,home,3,2243.0,0,1764.9,846|1765|2243
401736177,Sophie Cunningham,home,5,2040.0,0,1951.0,854|1951|2040|2184|2288
401736177,Natasha Howard,home,2,,0,1832.0,1349|1832
401736177,Nyara Sabally,away,4,1769.9,0,1752.8,1379|1753|1770|2052
401736178,Skylar Diggins,away,2,,0,1722.0,137|1722
401736178,Nneka Ogwumike,away,4,1411.0,0,1356.0,523|1356|1411|1872
401736178,Monique Billings,home,3,1780.8,0,759.0,547|759|1781
401736178,Erica Wheeler,away,2,,0,2167.0,568|2167
401736178,Laeticia Amihere,home,2,,0,1693.0,648|1693
401736178,Gabby Williams,away,3,1908.0,0,1050.0,787|1050|1908
401736178,Lexie Brown,away,1,,0,,814
401736178,Carla Leite,home,2,,0,1191.0,955|1191
401736178,Kayla Thornton,home,4,1545.0,0,1538.0,961|1538|1545|1921
401736178,Stephanie Talbot,home,2,,0,1177.9,972|1178
401736178,Temi Fagbenle,home,3,2355.9,0,1348.0,1255|1348|2356
401736178,Kate Martin,home,1,,0,,1673
401736178,Veronica Burton,home,1,,0,,2319
401736178,Alysha Clark,away,3,2386.9,0,2385.9,2383|2386|2387
401736182,Olivia Nelson-Ododa,away,3,1565.0,0,137.0,72|137|1565
401736182,Tina Charles,away,2,,0,1651.0,98|1651
401736182,Aliyah Boston,home,1,,0,,189
401736182,Jacy Sheldon,away,5,1607.0,0,1512.0,263|1512|1607|2122|2354
401736182,Haley Peters,away,2,,0,1755.9,298|1756
401736182,Sophie Cunningham,home,5,1180.9,1,353.0,317|353|1181|1877|2354
401736182,Natasha Howard,home,3,828.0,1,479.0,437|479|828
401736182,Sydney Colson,home,2,,0,1829.0,557|1829
401736182,Damiris Dantas,home,3,1611.0,0,1005.0,691|1005|1611
401736182,Jaelyn Brown,away,2,,0,802.0,784|802
401736182,Saniya Rivers,away,4,1920.0,0,1727.0,885|1727|1920|1985
401736182,Kelsey Mitchell,home,1,,0,,915
401736182,Aneesah Morrow,away,1,,0,,915
401736182,Bria Hartley,away,2,,0,1094.0,973|1094
401736182,Marina Mabrey,away,2,,0,1512.0,1107|1512
401736182,Caitlin Clark,home,3,2144.0,0,1499.0,1150|1499|2144
401736182,Lexie Hull,home,3,2041.0,0,1415.0,1167|1415|2041
401736182,Double,away,1,,0,,1512
401736182,Lindsay Allen,away,2,,0,2354.0,1685|2354
401736182,Kariata Diaby,away,1,,0,,2048
401736183,Brittney Griner,away,2,,0,1740.8,124|1741
401736183,Natasha Cloud,home,3,2389.9,0,2087.0,152|2087|2390
401736183,Allisha Gray,away,2,,0,977.0,322|977
401736183,Te-Hina Paopao,away,4,2107.0,0,1155.0,509|1155|2107|2164
401736183,Maya Caldwell,away,1,,0,,553
401736183,Rebekah Gardner,home,2,,0,753.0,659|753
401736183,Jaylyn Sherrod,home,1,,0,,801
401736183,Nyara Sabally,home,2,,0,1290.0,866|1290
401736183,Breanna Stewart,home,2,,0,1473.0,962|1473
401736183,Rhyne Howard,away,1,,0,,1122
401736183,Kennedy Burke,home,2,,0,1442.0,1298|1442
401736183,Brionna Jones,away,2,,0,2038.0,1423|2038
401736183,Naz Hillmon,away,2,,0,2384.9,1601|2385
401736183,Marine Johannes,home,1,,0,,1717
401736183,Jonquel Jones,home,1,,0,,2153
401736183,Rhyne Howard personal,away,1,,0,,2387
401736183,Brionna Jones personal,away,1,,0,,2398
401736184,Kiki Iriafen,away,4,1141.9,1,812.0,40|812|1142|1466
401736184,Angel Reese,home,4,2263.0,0,1197.9,95|1198|2263|2275
401736184,Brittney Sykes,away,2,,0,2205.0,150|2205
401736184,Sug Sutton,away,1,,0,,356
401736184,Aaliyah Edwards,away,3,2156.0,0,572.9,394|573|2156
401736184,Michaela Onyenwere,home,5,2048.0,0,667.0,609|667|2048|2322|2382
401736184,Elizabeth Williams,home,1,,0,,697
401736184,Kia Nurse,home,2,,0,1306.0,891|1306
401736184,Kamilla Cardoso,home,2,,0,1606.0,899|1606
401736184,Stefanie Dolson,away,3,1648.0,0,1571.0,972|1571|1648
401736184,Hailey Van Lith,home,1,,0,,1039
401736184,Rebecca Allen,home,1,,0,,1343
401736184,Ariel Atkins,home,2,,0,2060.0,1450|2060
401736184,Rachel Banham,home,4,1637.0,0,1557.0,1518|1557|1637|1860
401736184,Jade Melbourne,away,1,,0,,1544
401736184,Sonia Citron,away,2,,0,1712.0,1594|1712
401736184,Tyler Marsh,home,1,,0,,1977
401736185,NaLyssa Smith,home,3,1008.0,1,291.0,79|291|1008
401736185,Kayla Thornton,away,3,2120.0,0,1693.0,170|1693|2120
401736185,Veronica Burton,away,4,1362.0,0,615.0,302|615|1362|1699
401736185,Li Yueru,home,2,,0,1883.0,413|1883
401736185,Arike Ogunbowale,home,3,2012.0,0,1937.0,438|1937|2012
401736185,JJ Quinerly,home,1,,0,,468
401736185,Laeticia Amihere,away,4,2199.0,0,680.0,546|680|2199|2319
401736185,Stephanie Talbot,away,2,,0,897.0,716|897
401736185,DiJonai Carrington,home,2,,0,2247.0,740|2247
401736185,Carla Leite,away,4,2026.0,0,1281.0,858|1281|2026|2083
401736185,Kaila Charles,home,4,1947.0,0,1633.0,932|1633|1947|2369
401736185,Myisha Hines-Allen,home,1,,0,,1042
401736185,Monique Billings,away,1,,0,,1505
401736185,Aziaha James,home,1,,0,,1529
401736185,Paige Bueckers,home,2,,0,1629.0,1598|1629
401736185,Veronica Burton personal,away,1,,0,,2381
401736186,Courtney Williams defensive 3-seconds (technical,home,1,,0,,14
401736186,Bridget Carleton,home,1,,0,,142
401736186,Kiah Stokes,away,4,1281.0,0,1276.0,201|1276|1281|1731
401736186,Natisha Hiedeman,home,1,,0,,224
401736186,Jewell Loyd,away,3,1443.0,0,1323.0,259|1323|1443
401736186,Tiffany Mitchell,away,1,,0,,269
401736186,Chelsea Gray,away,2,,0,2125.0,378|2125
401736186,Courtney Williams,home,1,,0,,637
401736186,Joyner Holmes,away,2,,0,712.0,646|712
401736186,Jackie Young,away,5,1546.0,0,897.0,728|897|1546|1864|2382
401736186,Napheesa Collier,home,1,,0,,791
401736186,Alanna Smith,home,4,2106.0,0,917.0,846|917|2106|2202
401736186,Aaliyah Nye,away,1,,0,,1179
401736186,Diamond Miller,home,3,1875.0,0,1662.0,1404|1662|1875
401736186,Kayla McBride,home,1,,0,,1647
401736186,Elizabeth Kitley,away,2,,0,1928.0,1899|1928
401736186,Kierstan Bell,away,1,,0,,2239
401736187,Shey Peddy,home,3,828.0,1,222.0,75|222|828
401736187,Dearica Hamby,home,3,1248.0,0,1175.9,78|1176|1248
401736187,Erica Wheeler,away,3,2169.0,0,627.0,168|627|2169
401736187,Grace Berger,home,1,,0,,364
401736187,Nneka Ogwumike,away,2,,0,1920.0,503|1920
401736187,Dominique Malonga,away,2,,0,667.0,590|667
401736187,Lexie Brown,away,3,2355.9,0,2207.0,738|2207|2356
401736187,Alysha Clark,away,2,,0,1712.0,1157|1712
401736187,Ezi Magbegor,away,3,1384.0,0,1363.0,1320|1363|1384
401736187,Gabby Williams,away,2,,0,1475.0,1339|1475
401736187,Sarah Ashlee Barker,home,2,,0,1463.0,1360|1463
401736187,Sania Feagin,home,2,,0,2216.0,1679|2216
401736187,Skylar Diggins,away,2,,0,1948.0,1916|1948
401736187,Zia Cooke,away,1,,0,,1925
401736187,Emma Cannon,home,1,,0,,2379
401736188,Tina Charles,home,1,,0,,20
401736188,Monique Akoa Makani,away,6,1323.0,0,941.0,45|941|1323|2291|2307|2341
401736188,Olivia Nelson-Ododa,home,2,,0,777.0,70|777
401736188,Alyssa Thomas,away,3,1562.0,0,1011.0,111|1011|1562
401736188,Bria Hartley,home,4,1732.0,0,294.0,159|294|1732|2034
401736188,Jacy Sheldon,home,1,,0,,205
401736188,Kahleah Copper,away,2,,0,328.0,262|328
401736188,Jaelyn Brown,home,2,,0,1041.0,528|1041
401736188,Aneesah Morrow,home,2,,0,1891.0,687|1891
401736188,Marina Mabrey,home,3,1771.9,0,1746.0,846|1746|1772
401736188,Natasha Mack,away,4,1482.0,0,1458.0,861|1458|1482|2048
401736188,Saniya Rivers,home,3,1269.0,0,984.0,905|984|1269
401736188,Satou Sabally,away,2,,0,2296.0,1758|2296
401736188,Kalani Brown,away,1,,0,,1933
401736188,Kitija Laksa,away,1,,0,,1941
401736188,Kathryn Westbeld,away,1,,0,,2369
401736189,Kennedy Burke,home,4,1423.0,0,712.0,48|712|1423|1978
401736189,Monique Akoa Makani,away,4,1452.0,0,754.0,88|754|1452|2332
401736189,Kathryn Westbeld,away,4,1187.9,1,806.0,190|806|1188|1273
401736189,Satou Sabally,away,3,2289.0,0,375.0,200|375|2289
401736189,Natasha Mack,away,4,1942.0,0,1023.0,333|1023|1942|2035
401736189,Marine Johannes,home,1,,0,,486
401736189,Rebekah Gardner,home,1,,0,,624
401736189,Sami Whitcomb,away,2,,0,1498.0,685|1498
401736189,Alyssa Thomas,away,3,2255.0,0,1590.0,773|1590|2255
401736189,Natasha Cloud,home,4,1452.0,0,1230.0,959|1230|1452|2270
401736189,Lexi Held,away,1,,0,,999
401736189,Jaylyn Sherrod,home,2,,0,1193.9,1127|1194
401736189,Kalani Brown,away,1,,0,,1290
401736189,Sabrina Ionescu,home,1,,0,,1296
401736189,Nyara Sabally,home,3,1970.0,0,1823.0,1444|1823|1970
401736189,Nate Tibbetts,away,1,,0,,1452
401736189,Kitija Laksa,away,1,,0,,1590
401736189,Isabelle Harrison,home,2,,0,1781.9,1605|1782
401736189,Breanna Stewart,home,1,,0,,1925
401736189,Kennedy Burke personal,home,1,,0,,2365
401736189,Marine Johannes personal,home,1,,0,,2373
401736189,Natasha Cloud personal,home,1,,0,,2380
401736190,Monique Billings,home,4,1483.0,0,1254.0,64|1254|1483|2014
401736190,Carla Leite,home,2,,0,1344.0,97|1344
401736190,Kayla Thornton,home,4,839.0,1,412.0,116|412|839|1337
401736190,Kelsey Mitchell,away,5,1635.0,0,1193.0,283|1193|1635|2085|2199
401736190,Laeticia Amihere,home,2,,0,2069.0,481|2069
401736190,Sydney Colson,away,2,,0,1527.0,492|1527
401736190,Kate Martin,home,1,,0,,503
401736190,Lexie Hull,away,3,2370.9,0,2097.0,579|2097|2371
401736190,Damiris Dantas,away,2,,0,697.0,641|697
401736190,Chloe Bibby,home,1,,0,,778
401736190,Stephanie Talbot,home,1,,0,,971
401736190,Aliyah Boston,away,5,1859.0,0,1811.0,983|1811|1859|1976|2077
401736190,Caitlin Clark,away,3,2316.0,0,2300.0,1160|2300|2316
401736190,Natasha Howard,away,2,,0,2196.0,1707|2196
401736190,Tiffany Hayes,home,3,2261.0,0,2208.0,1932|2208|2261
401736191,Allisha Gray,home,5,690.0,1,690.0,267|690|690|1346|2400
401736191,Sug Sutton,away,1,,0,,339
401736191,Kiki Iriafen,away,5,1283.0,0,635.0,400|635|1283|1708|1852
401736191,Naz Hillmon,home,1,,0,,419
401736191,Brionna Jones,home,3,1158.9,1,832.0,450|832|1159
401736191,Stefanie Dolson,away,2,,0,2071.0,480|2071
401736191,Rhyne Howard,home,4,2119.0,0,1696.0,526|1696|2119|2314
401736191,Emily Engstler,away,2,,0,2027.0,555|2027
401736191,Jordin Canada,home,1,,0,,609
401736191,Shakira Austin,away,5,1878.0,0,1641.0,746|1641|1878|1968|2196
401736191,Te-Hina Paopao,home,2,,0,1979.0,957|1979
401736191,Jade Melbourne,away,5,1846.0,0,1564.0,1151|1564|1846|2045|2298
401736191,Brittney Sykes,away,2,,0,2352.9,1356|2353
401736191,Sonia Citron,away,1,,0,,1532
401736191,Brittney Griner,home,1,,0,,1650
401736191,Shatori Walker-Kimbrough,home,1,,0,,1654
401736191,Nia Coffey,home,2,,0,1769.9,1663|1770
401736192,Myisha Hines-Allen,away,2,,0,1531.0,74|1531
401736192,Arike Ogunbowale,away,4,1689.0,0,790.0,116|790|1689|2147
401736192,NaLyssa Smith,away,3,798.0,1,269.0,184|269|798
401736192,Jacy Sheldon,home,5,1395.0,0,1064.0,311|1064|1395|2079|2288
401736192,Saniya Rivers,home,4,2041.0,0,917.0,358|917|2041|2337
401736192,Olivia Nelson-Ododa,home,2,,0,1880.0,493|1880
401736192,Lindsay Allen,home,4,1674.0,0,1099.0,599|1099|1674|1883
401736192,Kaila Charles,away,2,,0,683.0,660|683
401736192,Tina Charles,home,2,,0,1947.0,877|1947
401736192,Haley Jones,away,1,,0,,932
401736192,Haley Peters,home,2,,0,1457.0,952|1457
401736192,Paige Bueckers,away,2,,0,2009.0,1006|2009
401736192,JJ Quinerly,away,1,,0,,1051
401736192,Marina Mabrey,home,2,,0,2373.8,1364|2374
401736192,Aziaha James,away,3,2133.0,0,1722.0,1413|1722|2133
401736192,Aneesah Morrow,home,4,1901.0,0,1772.0,1589|1772|1901|2197
401736192,DiJonai Carrington,away,2,,0,2365.8,1799|2366
401736192,Li Yueru,away,2,,0,2306.0,2273|2306
401736192,Saniya Rivers personal,home,1,,0,,2384
401736193,Ezi Magbegor,away,3,816.0,1,763.0,207|763|816
401736193,Jackie Young,home,5,1714.0,0,1688.0,217|1688|1714|2218|2368
401736193,Tiffany Mitchell,home,1,,0,,450
401736193,Dana Evans,home,2,,0,1651.0,485|1651
401736193,Skylar Diggins,away,1,,0,,724
401736193,A'ja Wilson,home,3,1474.0,0,917.0,748|917|1474
401736193,Gabby Williams,away,2,,0,2011.0,794|2011
401736193,Alysha Clark,away,4,1988.0,0,1140.9,912|1141|1988|2084
401736193,Nneka Ogwumike,away,3,2363.0,0,2101.0,997|2101|2363
401736193,Jewell Loyd,home,1,,0,,1162
401736193,Erica Wheeler,away,3,2265.0,0,2131.0,1431|2131|2265
401736193,Aaliyah Nye,home,3,1961.0,0,1921.0,1624|1921|1961
401736193,Chelsea Gray,home,1,,0,,2369
401736194,Ariel Atkins,home,1,,0,,64
401736194,Kamilla Cardoso,home,2,,0,1307.0,82|1307
401736194,Satou Sabally,away,4,1011.0,1,192.0,108|192|1011|1366
401736194,Kalani Brown,away,3,2352.9,0,1878.0,289|1878|2353
401736194,Hailey Van Lith,home,2,,0,1652.0,411|1652
401736194,Kathryn Westbeld,away,2,,0,796.0,466|796
401736194,Rebecca Allen,home,2,,0,571.9,560|572
401736194,Kitija Laksa,away,2,,0,2121.0,759|2121
401736194,Murjanatu Musa,away,1,,0,,788
401736194,Angel Reese,home,1,,0,,819
401736194,Kia Nurse,home,2,,0,1434.0,971|1434
401736194,Alyssa Thomas,away,1,,0,,981
401736194,Monique Akoa Makani,away,1,,0,,1336
401736194,Maddy Westbeld,home,4,1958.0,0,1771.0,1535|1771|1958|1990
401736194,Rachel Banham,home,2,,0,1851.0,1628|1851
401736194,Michaela Onyenwere,home,4,1914.0,0,1722.0,1658|1722|1914|1995
401736194,Sami Whitcomb,away,2,,0,1829.0,1760|1829
401736195,Shey Peddy,away,3,343.0,1,162.0,107|162|343
401736195,Azura Stevens,away,2,,0,1249.0,201|1249
401736195,Courtney Williams,home,5,1663.0,0,605.0,272|605|1663|2008|2299
401736195,Kelsey Plum,away,3,1841.0,0,894.0,298|894|1841
401736195,Alanna Smith,home,4,1164.0,1,323.0,318|323|1164|1767
401736195,Karlie Samuelson,home,1,,0,,364
401736195,Kayla McBride,home,1,,0,,411
401736195,Maria Kliundikova,home,3,1317.0,0,1138.0,592|1138|1317
401736195,Dearica Hamby,away,1,,0,,793
401736195,Sarah Ashlee Barker,away,2,,0,2088.0,1017|2088
401736195,Rickea Jackson,away,3,1693.0,0,1371.0,1127|1371|1693
401736195,Bridget Carleton,home,4,1510.0,0,1459.0,1238|1459|1510|1548
401736195,Emma Cannon,away,2,,0,1852.0,1758|1852
401736195,Diamond Miller,home,2,,0,2375.9,1877|2376
401736195,Alissa Pili,home,1,,0,,2360
401736196,Ariel Atkins,away,6,1605.0,0,302.0,241|302|1605|1753|2255|2383
401736196,Allisha Gray,home,3,1316.0,0,1283.0,526|1283|1316
401736196,Angel Reese,away,4,2009.0,0,1500.0,541|1500|2009|2350
401736196,Brittney Griner,home,2,,0,2160.0,857|2160
401736196,Te-Hina Paopao,home,1,,0,,1064
401736196,Brionna Jones,home,2,,0,2228.0,1222|2228
401736196,Rebecca Allen,away,3,2209.0,0,1916.0,1241|1916|2209
401736196,Rhyne Howard,home,3,1963.0,0,1546.0,1382|1546|1963
401736196,Hailey Van Lith,away,1,,0,,1449
401736196,Michaela Onyenwere,away,1,,0,,1474
401736196,Jordin Canada,home,1,,0,,1618
401736196,Rachel Banham,away,1,,0,,1665
401736196,Kamilla Cardoso,away,3,1774.0,0,1729.0,1692|1729|1774
401736196,Nia Coffey,home,1,,0,,1764
401736196,Naz Hillmon,home,2,,0,1832.0,1792|1832
401736196,Rachel Banham personal,away,1,,0,,2359
401736197,NaLyssa Smith,away,5,1237.0,0,955.0,40|955|1237|1610|2231
401736197,Paige Bueckers,away,5,1044.0,1,265.0,69|265|1044|1916|2320
401736197,Shakira Austin,home,3,847.0,1,515.0,101|515|847
401736197,Li Yueru,away,6,1179.0,1,474.0,200|474|1179|1629|1820|2547
401736197,Kiki Iriafen,home,5,1519.0,0,1061.0,212|1061|1519|2234|2383
401736197,Jade Melbourne,home,2,,0,741.0,222|741
401736197,Stefanie Dolson,home,6,763.0,1,732.0,253|732|763|763|1652|1737
401736197,JJ Quinerly,away,4,1660.0,0,1154.9,310|1155|1660|1689
401736197,Sug Sutton,home,1,,0,,335
401736197,Kaila Charles,away,6,1431.0,0,665.0,405|665|1431|1594|2177|2385
401736197,Myisha Hines-Allen,away,3,1315.0,0,632.0,484|632|1315
401736197,Brittney Sykes,home,5,1926.0,0,1638.0,772|1638|1926|1934|2306
401736197,Lucy Olsen,home,2,,0,860.0,820|860
401736197,Kaila Charles defensive 3-seconds (technical,away,1,,0,,840
401736197,Aaliyah Edwards,home,2,,0,1857.0,1009|1857
401736197,Sydney Johnson,home,1,,0,,1024
401736197,Aziaha James,away,3,2048.0,0,1299.0,1079|1299|2048
401736197,Sonia Citron,home,2,,0,1562.0,1318|1562
401736197,Arike Ogunbowale,away,1,,0,,2470
401736198,Aliyah Boston,away,5,2137.0,0,1775.0,161|1775|2137|2294|2355
401736198,Jackie Young,home,4,1637.0,0,374.0,318|374|1637|2035
401736198,Sophie Cunningham,away,1,,0,,495
401736198,Natasha Howard,away,4,1409.0,0,1036.0,999|1036|1409|2080
401736198,Lexie Hull,away,3,1947.0,0,1148.9,1126|1149|1947
401736198,Jewell Loyd,home,2,,0,2360.0,1296|2360
401736198,A'ja Wilson,home,3,2058.0,0,1551.0,1339|1551|2058
401736198,Dana Evans,home,1,,0,,1599
401736198,Caitlin Clark,away,3,2363.0,0,2144.0,1922|2144|2363
401736198,Tiffany Mitchell,home,1,,0,,1962
401736198,Lexie Hull personal,away,1,,0,,2378
401736199,Rebekah Gardner,away,4,1166.8,1,752.0,176|752|1167|1248
401736199,Breanna Stewart,away,1,,0,,421
401736199,Lexie Brown,home,1,,0,,434
401736199,Skylar Diggins,home,4,2157.0,0,1756.9,450|1757|2157|2192
401736199,Alysha Clark,home,1,,0,,474
401736199,Isabelle Harrison,away,2,,0,535.0,486|535
401736199,Dominique Malonga,home,4,711.0,1,629.0,544|629|711|1925
401736199,Kennedy Burke,away,2,,0,1419.0,1174|1419
401736199,Nneka Ogwumike,home,1,,0,,1462
401736199,Gabby Williams,home,2,,0,2074.0,1522|2074
401736199,Jaylyn Sherrod,away,2,,0,2360.9,1751|2361
401736199,Marine Johannes,away,1,,0,,2056
401736199,Natasha Cloud,away,1,,0,,2236
401736199,Ezi Magbegor,home,1,,0,,2260
401736199,Nyara Sabally,away,1,,0,,2380
401736200,Tina Charles,away,3,1376.0,0,1127.0,15|1127|1376
401736200,Stephanie Talbot,home,2,,0,192.0,110|192
401736200,Monique Billings,home,3,895.0,1,715.0,133|715|895
401736200,Aneesah Morrow,away,4,2230.0,0,964.0,342|964|2230|2339
401736200,Jacy Sheldon,away,1,,0,,420
401736200,Laeticia Amihere,home,4,1659.0,0,925.0,447|925|1659|1913
401736200,Tiffany Hayes,home,1,,0,,489
401736200,Jaelyn Brown,away,2,,0,700.0,513|700
401736200,Olivia Nelson-Ododa,away,5,1390.0,0,642.0,588|642|1390|1884|2317
401736200,Chloe Bibby,home,2,,0,1964.0,770|1964
401736200,Aneesah Morrow defensive 3-seconds (technical,away,1,,0,,865
401736200,Bria Hartley,away,1,,0,,971
401736200,Haley Peters,away,3,1954.0,0,1082.0,998|1082|1954
401736200,Kayla Thornton,home,1,,0,,1256
401736200,Lindsay Allen,away,2,,0,1643.0,1627|1643
401736200,Kate Martin,home,2,,0,2062.0,1683|2062
401736200,Rayah Marshall,away,1,,0,,1775
401736200,Kaitlyn Chen,home,1,,0,,1954
401736200,Bree Hall,home,1,,0,,2272
401736200,Saniya Rivers,away,1,,0,,2343
401736201,Kiki Iriafen,home,3,2307.0,0,1707.0,143|1707|2307
401736201,Lucy Olsen,home,2,,0,1733.0,285|1733
401736201,Shakira Austin,home,4,1967.0,0,1894.0,290|1894|1967|2197
401736201,Bridget Carleton,away,4,2392.9,0,978.0,385|978|2393|2394
401736201,Emily Engstler,home,1,,0,,398
401736201,Jessica Shepard,away,2,,0,1349.0,416|1349
401736201,Alanna Smith,away,3,2067.0,0,1002.0,512|1002|2067
401736201,Maria Kliundikova,away,2,,0,716.0,598|716
401736201,Jade Melbourne,home,2,,0,2227.0,906|2227
401736201,Karlie Samuelson,away,1,,0,,1016
401736201,Diamond Miller,away,1,,0,,1571
401736201,Stefanie Dolson,home,4,1986.0,0,1692.0,1641|1692|1986|2141
401736201,Kayla McBride,away,1,,0,,1840
401736201,Double,away,1,,0,,1967
401736201,Sonia Citron,home,1,,0,,2020
401736201,Natisha Hiedeman,away,1,,0,,2181
401736201,Courtney Williams,away,1,,0,,2205
401736202,Ariel Atkins,home,6,944.0,1,504.0,52|504|944|2055|2230|2346
401736202,Shey Peddy,away,2,,0,2185.0,103|2185
401736202,Dearica Hamby,away,3,1608.0,0,1495.0,207|1495|1608
401736202,Kia Nurse,home,3,1692.0,0,556.9,238|557|1692
401736202,Rickea Jackson,away,3,2355.0,0,1370.0,309|1370|2355
401736202,Double,home,1,,0,,309
401736202,Angel Reese,home,4,1022.0,1,771.0,373|771|1022|1399
401736202,Kamilla Cardoso,home,3,1296.0,0,936.0,398|936|1296
401736202,Sarah Ashlee Barker,away,4,1083.0,1,912.0,475|912|1083|1931
401736202,Mercedes Russell,away,2,,0,714.0,523|714
401736202,Emma Cannon defensive 3-seconds (technical,away,1,,0,,611
401736202,Emma Cannon,away,2,,0,1869.0,654|1869
401736202,Azura Stevens,away,6,1553.0,0,1342.0,1153|1342|1553|2018|2066|2252
401736202,Angel Reese defensive 3-seconds (technical,home,1,,0,,1812
401736202,Kelsey Plum,away,2,,0,2362.9,2344|2363
401736202,Rachel Banham,home,1,,0,,2363
401736202,Sarah Ashlee Barker personal,away,1,,0,,2368
401736203,Kaila Charles,home,4,1282.0,0,630.0,109|630|1282|1486
401736203,Naz Hillmon,away,3,2166.0,0,464.0,294|464|2166
401736203,Paige Bueckers,home,2,,0,2287.0,371|2287
401736203,Maya Caldwell,away,1,,0,,639
401736203,Nia Coffey,away,3,2338.0,0,1691.0,744|1691|2338
401736203,Brittney Griner,away,1,,0,,1035
401736203,Jordin Canada,away,1,,0,,1041
401736203,Aziaha James,home,3,2124.0,0,1515.0,1117|1515|2124
401736203,Li Yueru clear path,home,1,,0,,1168
401736203,NaLyssa Smith,home,2,,0,2216.0,1232|2216
401736203,Allisha Gray,away,4,1960.0,0,1315.0,1299|1315|1960|1972
401736203,Arike Ogunbowale,home,2,,0,1495.0,1451|1495
401736203,Brionna Jones,away,1,,0,,1615
401736203,JJ Quinerly,home,2,,0,1854.0,1741|1854
401736203,Myisha Hines-Allen,home,1,,0,,1862
401736203,Rhyne Howard,away,1,,0,,1957
401736204,Aliyah Boston,away,2,,0,368.0,112|368
401736204,Lexie Hull,away,4,1520.0,0,1405.0,213|1405|1520|2017
401736204,Natasha Howard,away,4,831.0,1,313.0,259|313|831|1523
401736204,Gabby Williams,home,2,,0,390.0,279|390
401736204,Ezi Magbegor,home,4,1676.0,0,844.0,337|844|1676|2358
401736204,Skylar Diggins,home,4,2108.0,0,791.0,425|791|2108|2376
401736204,Sophie Cunningham,away,1,,0,,474
401736204,Zia Cooke,home,3,1840.0,0,535.0,481|535|1840
401736204,Damiris Dantas,away,4,1121.0,1,631.0,526|631|1121|1724
401736204,Erica Wheeler,home,4,1664.0,0,707.0,567|707|1664|2342
401736204,Kelsey Mitchell,away,3,2356.0,0,1554.0,611|1554|2356
401736204,Nneka Ogwumike,home,2,,0,1596.0,1068|1596
401736204,Alysha Clark,home,1,,0,,1583
401736204,Brianna Turner,away,1,,0,,1950
401736204,Caitlin Clark,away,2,,0,2272.0,2132|2272
401736205,Nyara Sabally,away,3,1134.0,1,784.0,156|784|1134
401736205,Veronica Burton,home,3,2074.0,0,488.0,170|488|2074
401736205,Natasha Cloud,away,3,1885.0,0,1054.0,191|1054|1885
401736205,Monique Billings,home,1,,0,,275
401736205,Jaylyn Sherrod,away,1,,0,,548
401736205,Kaitlyn Chen defensive 3-seconds (technical,home,1,,0,,588
401736205,Marine Johannes,away,1,,0,,639
401736205,Sabrina Ionescu,away,2,,0,1477.0,1169|1477
401736205,Tiffany Hayes,home,5,1845.0,0,1785.0,1195|1785|1845|2186|2392
401736205,Kayla Thornton,home,2,,0,2292.0,1422|2292
401736205,Kate Martin,home,1,,0,,1457
401736205,Breanna Stewart,away,1,,0,,1518
401736205,Stephanie Talbot,home,1,,0,,1546
401736205,Isabelle Harrison,away,1,,0,,1568
401736205,Rebekah Gardner,away,2,,0,2394.0,2275|2394
401736205,Veronica Burton personal,home,1,,0,,2379
401736206,Bria Hartley,away,3,2361.9,0,1488.0,101|1488|2362
401736206,Olivia Nelson-Ododa,away,4,1497.0,0,1436.0,132|1436|1497|1516
401736206,Jacy Sheldon,away,3,1658.0,0,1238.0,245|1238|1658
401736206,Aneesah Morrow,away,3,2348.9,0,2116.0,490|2116|2349
401736206,Tiffany Mitchell,home,2,,0,2313.0,529|2313
401736206,Haley Peters,away,3,1924.0,0,897.0,600|897|1924
401736206,Jewell Loyd,home,1,,0,,652
401736206,Elizabeth Kitley,home,1,,0,,707
401736206,Aaliyah Nye,home,2,,0,809.0,731|809
401736206,Chelsea Gray,home,2,,0,1082.0,977|1082
401736206,A'ja Wilson,home,2,,0,1580.0,1180|1580
401736206,Tina Charles,away,1,,0,,1250
401736206,Jackie Young,home,1,,0,,1268
401736206,Lindsay Allen,away,1,,0,,1822
401736206,Kiah Stokes,home,1,,0,,1825
401736206,Jaelyn Brown,away,1,,0,,1900
401736206,Kierstan Bell,home,1,,0,,2197
401736207,Lexie Hull,home,2,,0,370.0,134|370
401736207,Dearica Hamby,away,3,2387.9,0,2285.0,178|2285|2388
401736207,Azura Stevens,away,5,1378.0,0,1058.0,186|1058|1378|1433|2003
401736207,Shey Peddy,away,4,1794.9,0,1614.0,339|1614|1795|2042
401736207,Natasha Howard,home,2,,0,1852.0,409|1852
401736207,Mercedes Russell,away,1,,0,,566
401736207,Brianna Turner,home,3,1747.9,0,1693.0,595|1693|1748
401736207,Emma Cannon,away,3,1655.0,0,1545.0,690|1545|1655
401736207,Aari McDonald,home,3,2182.0,0,1722.0,1073|1722|2182
401736207,Aliyah Boston,home,3,2028.0,0,1870.0,1288|1870|2028
401736207,Kelsey Mitchell,home,3,2309.0,0,1919.0,1296|1919|2309
401736207,Sophie Cunningham,home,3,2351.0,0,2350.8,1533|2351|2351
401736207,Sarah Ashlee Barker,away,2,,0,1559.0,1552|1559
401736207,Kelsey Plum,away,2,,0,2214.0,1681|2214
401736207,Liatu King,away,1,,0,,1781
401736207,Rickea Jackson,away,3,2197.0,0,1939.0,1898|1939|2197
401736207,Sydney Colson,home,1,,0,,1949
401736207,Lexie Hull personal,home,2,,0,2378.0,2364|2378
401736208,Chelsea Gray,home,3,1195.9,1,1020.0,72|1020|1196
401736208,Jackie Young,home,4,1996.0,0,1246.0,215|1246|1996|2135
401736208,Sug Sutton,away,2,,0,1734.0,215|1734
401736208,Kiah Stokes,home,5,1241.0,0,695.0,230|695|1241|1853|2068
401736208,Kiki Iriafen,away,4,1461.0,0,1223.0,307|1223|1461|2170
401736208,Aaliyah Edwards,away,2,,0,1678.0,501|1678
401736208,Aaliyah Nye,home,1,,0,,716
401736208,Sika Kone,away,1,,0,,895
401736208,Stefanie Dolson,away,1,,0,,972
401736208,Lucy Olsen,away,1,,0,,1037
401736208,Jewell Loyd,home,1,,0,,1134
401736208,A'ja Wilson,home,3,2340.0,0,2245.0,1292|2245|2340
401736208,Tiffany Mitchell,home,1,,0,,1378
401736208,Joyner Holmes,home,2,,0,1571.0,1432|1571
401736208,Dana Evans,home,2,,0,2371.0,1508|2371
401736208,Elizabeth Kitley,home,1,,0,,1559
401736208,Sonia Citron,away,1,,0,,1624
401736208,Shakira Austin,away,2,,0,2266.0,1875|2266
401736208,Chelsea Gray personal,home,1,,0,,2353
401736209,Alanna Smith,away,4,1422.0,0,229.0,68|229|1422|1455
401736209,Brittney Griner,home,4,837.0,1,598.9,114|599|837|1234
401736209,Courtney Williams,away,4,1998.0,0,1058.0,160|1058|1998|2543
401736209,Napheesa Collier,away,4,1491.0,0,998.0,263|998|1491|2474
401736209,Jessica Shepard,away,2,,0,1888.0,367|1888
401736209,Brionna Jones,home,3,1831.0,0,1150.0,422|1150|1831
401736209,Te-Hina Paopao,home,1,,0,,438
401736209,Allisha Gray,home,5,847.0,1,775.0,474|775|847|1241|2108
401736209,Kayla McBride,away,3,1260.0,0,1119.0,1070|1119|1260
401736209,Jordin Canada,home,3,2379.0,0,1959.0,1119|1959|2379
401736209,Bridget Carleton,away,5,2017.0,0,1503.0,1405|1503|2017|2129|2134
401736209,Naz Hillmon,home,3,2686.9,0,1736.0,1512|1736|2687
401736209,Rhyne Howard,home,3,2306.0,0,1615.0,1615|1615|2306
401736209,Karlie Samuelson,away,1,,0,,1658
401736209,Rhyne Howard personal,home,2,,0,2682.9,2681|2683
401736209,Napheesa Collier personal,away,1,,0,,2693
401736210,Li Yueru,home,4,1368.0,0,908.0,86|908|1368|1576
401736210,Kaila Charles,home,2,,0,1092.0,189|1092
401736210,Kelsey Mitchell,away,3,2071.0,0,1694.0,242|1694|2071
401736210,Aari McDonald,away,5,1360.0,0,1256.0,258|1256|1360|1912|2268
401736210,Aziaha James,home,1,,0,,319
401736210,Myisha Hines-Allen,home,4,2186.0,0,683.0,390|683|2186|2256
401736210,Natasha Howard,away,4,1473.0,0,1461.0,435|1461|1473|2229
401736210,Makayla Timpson,away,4,1759.0,0,697.0,465|697|1759|1966
401736210,NaLyssa Smith,home,5,1235.0,0,771.0,558|771|1235|1880|2134
401736210,Sophie Cunningham,away,3,1742.0,0,1028.0,664|1028|1742
401736210,Arike Ogunbowale,home,2,,0,1723.0,724|1723
401736210,Lexie Hull,away,3,1337.0,0,831.0,803|831|1337
401736210,Natasha Howard defensive 3-seconds (technical,away,1,,0,,935
401736210,Myisha Hines-Allen defensive 3-seconds (technical,home,1,,0,,1115
401736210,JJ Quinerly,home,2,,0,2119.0,2030|2119
401736210,Aliyah Boston,away,1,,0,,2346
401736210,Arike Ogunbowale personal,home,1,,0,,2377
401736211,Michaela Onyenwere,away,4,1918.0,0,687.0,23|687|1918|2270
401736211,Stephanie Talbot,home,2,,0,938.0,116|938
401736211,Angel Reese,away,4,1417.0,0,385.0,248|385|1417|2353
401736211,Kia Nurse,away,4,796.0,1,750.0,263|750|796|2143
401736211,Monique Billings,home,3,2129.0,0,352.0,271|352|2129
401736211,Veronica Burton,home,1,,0,,277
401736211,Kayla Thornton,home,3,1055.0,1,413.0,368|413|1055
401736211,Chloe Bibby,home,2,,0,2192.0,543|2192
401736211,Kate Martin,home,2,,0,2227.0,573|2227
401736211,Rachel Banham,away,1,,0,,796
401736211,Ariel Atkins,away,5,1519.0,0,1080.0,1008|1080|1519|1858|2245
401736211,Rebecca Allen,away,1,,0,,1484
401736211,Elizabeth Williams,away,1,,0,,1529
401736211,Laeticia Amihere,home,2,,0,1733.0,1595|1733
401736211,Kaitlyn Chen,home,2,,0,1784.0,1663|1784
401736211,Tiffany Hayes,home,1,,0,,2268
401736211,Angel Reese personal,away,1,,0,,2378
401736211,Rachel Banham personal,away,1,,0,,2392
401736211,Michaela Onyenwere personal,away,1,,0,,2397
401736212,Kathryn Westbeld,home,2,,0,1300.0,217|1300
401736212,Natasha Mack,home,2,,0,2284.0,668|2284
401736212,Rebekah Gardner,away,2,,0,1420.0,686|1420
401736212,Marine Johannes,away,2,,0,1536.0,977|1536
401736212,Breanna Stewart,away,3,1482.0,0,1113.0,1076|1113|1482
401736212,Kahleah Copper,home,4,2045.0,0,1391.0,1092|1391|2045|2231
401736212,Natasha Cloud,away,3,1545.0,0,1251.0,1092|1251|1545
401736212,Kalani Brown,home,3,1933.0,0,1828.0,1151|1828|1933
401736212,Alyssa Thomas,home,1,,0,,1386
401736212,Monique Akoa Makani,home,1,,0,,1460
401736212,Kitija Laksa,home,4,1838.0,0,1657.0,1595|1657|1838|1906
401736212,Marquesha Davis,away,1,,0,,2193
401736213,Gabby Williams,home,2,,0,1193.8,105|1194
401736213,Ezi Magbegor,home,2,,0,1102.0,223|1102
401736213,Bria Hartley,away,3,1016.0,1,980.0,250|980|1016
401736213,Nneka Ogwumike,home,2,,0,1413.0,320|1413
401736213,Skylar Diggins,home,2,,0,1460.0,392|1460
401736213,Olivia Nelson-Ododa,away,3,2355.8,0,790.0,494|790|2356
401736213,Dominique Malonga,home,3,2370.9,0,1690.0,576|1690|2371
401736213,Aneesah Morrow,away,2,,0,1086.0,596|1086
401736213,Jaelyn Brown,away,1,,0,,707
401736213,Saniya Rivers,away,2,,0,2137.0,748|2137
401736213,Lindsay Allen,away,4,1493.0,0,961.0,750|961|1493|1765
401736213,Tina Charles,away,2,,0,1333.0,980|1333
401736213,Zia Cooke,home,4,2067.0,0,1593.0,1132|1593|2067|2110
401736213,Erica Wheeler,home,3,2316.0,0,2206.0,1215|2206|2316
401736213,Jacy Sheldon,away,2,,0,1925.0,1761|1925
401736213,Kariata Diaby,away,2,,0,1845.0,1819|1845
401736213,Alysha Clark,home,1,,0,,1962
401736214,Sug Sutton,away,2,,0,920.0,106|920
401736214,Li Yueru,home,4,1217.0,0,1066.0,146|1066|1217|1319
401736214,Stefanie Dolson,away,2,,0,412.0,231|412
401736214,Lucy Olsen,away,1,,0,,310
401736214,Brittney Sykes,away,4,1399.0,0,529.0,381|529|1399|1999
401736214,Myisha Hines-Allen,home,4,2212.0,0,1377.0,402|1377|2212|2346
401736214,Aziaha James,home,3,2338.0,0,2104.0,543|2104|2338
401736214,Kiki Iriafen,away,4,1580.0,0,1235.0,565|1235|1580|2033
401736214,Haley Jones,home,2,,0,1565.0,755|1565
401736214,NaLyssa Smith,home,4,1279.0,0,1071.0,934|1071|1279|1865
401736214,Arike Ogunbowale,home,2,,0,1548.0,954|1548
401736214,Sonia Citron,away,3,2262.0,0,1612.0,1080|1612|2262
401736214,JJ Quinerly,home,2,,0,1313.0,1100|1313
401736214,Kaila Charles,home,2,,0,1707.0,1259|1707
401736214,Shakira Austin,away,2,,0,2076.0,1948|2076
401736215,Natasha Cloud,away,2,,0,1301.0,35|1301
401736215,Brionna Jones,home,3,1140.0,1,496.0,112|496|1140
401736215,Allisha Gray,home,5,1384.0,0,961.0,233|961|1384|1727|2228
401736215,Rebekah Gardner,away,2,,0,951.0,330|951
401736215,Marine Johannes,away,2,,0,564.0,520|564
401736215,Jaylyn Sherrod,away,1,,0,,599
401736215,Kennedy Burke defensive 3-seconds (technical,away,1,,0,,708
401736215,Rhyne Howard,home,3,1413.0,0,841.0,728|841|1413
401736215,Jordin Canada,home,2,,0,1577.0,788|1577
401736215,Breanna Stewart,away,3,2046.0,0,1248.0,810|1248|2046
401736215,Brittney Griner,home,2,,0,1843.0,1193|1843
401736215,Sabrina Ionescu,away,2,,0,2065.0,1294|2065
401736215,Isabelle Harrison,away,2,,0,1768.0,1405|1768
401736215,Nyara Sabally,away,3,1995.0,0,1927.0,1558|1927|1995
401736215,Naz Hillmon,home,1,,0,,1937
401736215,Nia Coffey,home,1,,0,,2135
401736216,Moriah Jefferson,away,2,,0,1070.0,538|1070
401736216,Angel Reese,away,6,1594.0,0,1034.0,545|1034|1594|1700|2045|2215
401736216,Kelsey Plum,home,5,1547.0,0,1198.8,574|1199|1547|1677|2345
401736216,Rebecca Allen,away,2,,0,905.0,698|905
401736216,Emma Cannon,home,2,,0,1594.0,711|1594
401736216,Rachel Banham,away,1,,0,,977
401736216,Dearica Hamby,home,3,2250.0,0,2014.0,1164|2014|2250
401736216,Ariel Atkins,away,5,1955.0,0,1469.0,1275|1469|1955|2201|2372
401736216,Rickea Jackson,home,2,,0,2386.0,1322|2386
401736216,Azura Stevens,home,3,1959.0,0,1911.0,1344|1911|1959
401736216,Michaela Onyenwere,away,2,,0,1569.0,1539|1569
401736216,Elizabeth Williams,away,2,,0,2297.0,2051|2297
401736216,Kia Nurse,away,1,,0,,2161
401736216,Odyssey Sims,home,1,,0,,2379
401736217,Satou Sabally,home,3,1627.0,0,584.0,84|584|1627
401736217,Kathryn Westbeld,home,3,1351.0,0,1020.0,137|1020|1351
401736217,Kahleah Copper,home,4,1401.0,0,816.0,196|816|1401|1948
401736217,Jackie Young,away,4,1249.0,0,854.0,319|854|1249|2100
401736217,Jewell Loyd,away,3,1416.0,0,883.0,353|883|1416
401736217,Natasha Mack,home,2,,0,1565.0,371|1565
401736217,Joyner Holmes,away,1,,0,,483
401736217,Dana Evans,away,2,,0,720.0,691|720
401736217,Aaliyah Nye,away,2,,0,1164.9,724|1165
401736217,Monique Akoa Makani,home,1,,0,,739
401736217,Chelsea Gray,away,2,,0,1974.0,974|1974
401736217,Tiffany Mitchell,away,2,,0,1617.0,1095|1617
401736217,Sami Whitcomb,home,2,,0,2230.0,1196|2230
401736217,Becky Hammon,away,1,,0,,1249
401736217,Alyssa Thomas,home,1,,0,,1377
401736217,Kiah Stokes,away,2,,0,1866.0,1815|1866
401736217,Kitija Laksa,home,1,,0,,1940
401736217,Kalani Brown,home,2,,0,2291.0,2183|2291
401736217,A'ja Wilson,away,1,,0,,2246
401736217,Alyssa Thomas personal,home,1,,0,,2393
401736218,Kayla McBride,home,1,,0,,125
401736218,Bria Hartley,away,4,1452.0,0,1391.0,437|1391|1452|1686
401736218,Saniya Rivers,away,1,,0,,478
401736218,Karlie Samuelson,home,1,,0,,500
401736218,Maria Kliundikova,home,2,,0,1943.0,618|1943
401736218,Courtney Williams,home,1,,0,,664
401736218,Olivia Nelson-Ododa,away,1,,0,,720
401736218,Tina Charles,away,1,,0,,827
401736218,Napheesa Collier,home,3,1221.0,0,984.0,866|984|1221
401736218,Aneesah Morrow,away,3,1905.0,0,969.0,922|969|1905
401736218,Diamond Miller,home,4,2054.0,0,1936.0,1040|1936|2054|2243
401736218,Jacy Sheldon,away,1,,0,,1274
401736218,Alanna Smith,home,2,,0,1479.0,1423|1479
401736218,Haley Peters,away,3,2256.0,0,1702.0,1444|1702|2256
401736218,Jaelyn Brown,away,3,2044.0,0,1823.0,1520|1823|2044
401736218,Natisha Hiedeman,home,2,,0,2107.0,1537|2107
401736218,Alissa Pili,home,2,,0,2089.0,2075|2089
401736218,Kariata Diaby,away,1,,0,,2155
401736218,Lindsay Allen,away,1,,0,,2212
401736218,Anastasiia Olairi Kosu,home,1,,0,,2221
401736218,Rayah Marshall,away,1,,0,,2315
401736219,Ezi Magbegor,away,2,,0,288.0,14|288
401736219,Veronica Burton,home,2,,0,1797.9,151|1798
401736219,Monique Billings,home,1,,0,,328
401736219,Double,away,1,,0,,328
401736219,Gabby Williams,away,3,2203.0,0,1030.0,536|1030|2203
401736219,Dominique Malonga,away,2,,0,753.0,543|753
401736219,Laeticia Amihere,home,1,,0,,771
401736219,Erica Wheeler,away,2,,0,1615.0,781|1615
401736219,Kaitlyn Chen,home,1,,0,,808
401736219,Kayla Thornton,home,1,,0,,910
401736219,Nneka Ogwumike,away,3,1398.0,0,1268.0,940|1268|1398
401736219,Skylar Diggins,away,2,,0,2111.0,1322|2111
401736219,Stephanie Talbot,home,1,,0,,1379
401736219,Zia Cooke,away,2,,0,2280.0,1501|2280
401736219,Temi Fagbenle,home,2,,0,1754.9,1579|1755
401736219,Alysha Clark,away,2,,0,1727.0,1628|1727
401736219,Chloe Bibby,home,1,,0,,2302
401736430,Aliyah Boston,away,4,1831.0,0,1289.0,246|1289|1831|2122
401736430,Courtney Williams,home,3,1653.0,0,1137.0,456|1137|1653
401736430,Makayla Timpson,away,1,,0,,519
401736430,Jessica Shepard,home,2,,0,832.0,533|832
401736430,Maria Kliundikova,home,1,,0,,663
401736430,Aari McDonald,away,3,1933.0,0,1400.0,671|1400|1933
401736430,Bridget Carleton,home,1,,0,,959
401736430,Sophie Cunningham,away,2,,0,1823.0,1015|1823
401736430,Napheesa Collier,home,2,,0,2181.0,1050|2181
401736430,Natasha Howard,away,3,2126.0,0,1715.0,1109|1715|2126
401736430,Alanna Smith,home,2,,0,1151.9,1129|1152
401736430,Kayla McBride,home,3,2261.0,0,1901.0,1486|1901|2261
401736430,Lexie Hull,away,2,,0,1638.0,1603|1638
401736430,Kelsey Mitchell,away,1,,0,,1797
401736430,Sydney Colson,away,1,,0,,2190
401736220,Aliyah Boston,home,4,1216.0,0,829.0,83|829|1216|1275
401736220,Chelsea Gray,away,3,911.0,1,695.0,117|695|911
401736220,Lexie Hull,home,1,,0,,174
401736220,A'ja Wilson,away,3,2008.0,0,1001.0,220|1001|2008
401736220,NaLyssa Smith,away,5,1733.0,0,1127.0,379|1127|1733|1842|1922
401736220,Aari McDonald,home,1,,0,,412
401736220,Sydney Colson,home,2,,0,2223.0,456|2223
401736220,Makayla Timpson,home,3,2217.0,0,1396.0,493|1396|2217
401736220,Kelsey Mitchell,home,2,,0,1241.0,547|1241
401736220,Jewell Loyd,away,2,,0,1775.9,750|1776
401736220,Aaliyah Nye,away,3,1161.8,1,1036.0,768|1036|1162
401736220,Natasha Howard,home,4,1633.0,0,1590.0,1012|1590|1633|1696
401736220,Jackie Young,away,2,,0,1675.0,1309|1675
401736220,Kiah Stokes,away,1,,0,,1356
401736220,Sophie Cunningham,home,1,,0,,1488
401736220,Dana Evans,away,2,,0,2236.0,1811|2236
401736220,Stephanie White,home,1,,0,,2065
401736221,Natasha Cloud,home,4,2137.0,0,1788.9,48|1789|2137|2343
401736221,Leonie Fiebich,home,3,2024.0,0,884.0,171|884|2024
401736221,Breanna Stewart,home,2,,0,2091.0,203|2091
401736221,Kelsey Plum,away,3,2387.0,0,1930.0,219|1930|2387
401736221,Julie Allemand,away,4,1746.9,0,1441.0,314|1441|1747|2073
401736221,Nyara Sabally,home,1,,0,,508
401736221,Mercedes Russell,away,2,,0,1822.0,552|1822
401736221,Rae Burrell,away,2,,0,1966.0,566|1966
401736221,Marine Johannes,home,1,,0,,683
401736221,Azura Stevens,away,3,2101.0,0,847.0,706|847|2101
401736221,Isabelle Harrison,home,2,,0,1842.0,748|1842
401736221,Kennedy Burke,home,1,,0,,917
401736221,Sabrina Ionescu,home,4,1335.0,0,1137.0,1032|1137|1335|2357
401736221,Dearica Hamby,away,1,,0,,1547
401736221,Emma Cannon,away,1,,0,,1647
401736221,Lynne Roberts,away,1,,0,,2323
401736221,Sandy Brondello,home,1,,0,,2357
401736222,Brittney Griner,home,2,,0,1511.0,467|1511
401736222,Zia Cooke,away,1,,0,,532
401736222,Nia Coffey,home,2,,0,1072.0,575|1072
401736222,Ezi Magbegor,away,4,1296.0,0,931.0,610|931|1296|1438
401736222,Skylar Diggins,away,3,2349.0,0,1590.0,676|1590|2349
401736222,Allisha Gray,home,2,,0,909.0,689|909
401736222,Lexie Brown,away,1,,0,,699
401736222,Nneka Ogwumike,away,2,,0,1631.0,918|1631
401736222,Jordin Canada,home,2,,0,1571.0,1029|1571
401736222,Erica Wheeler,away,3,1689.0,0,1321.0,1113|1321|1689
401736222,Alysha Clark,away,3,2033.0,0,1619.0,1451|1619|2033
401736222,Brionna Jones,home,2,,0,2265.0,1490|2265
401736222,Maya Caldwell,home,2,,0,2190.0,2121|2190
401736223,Luisa Geiselsoder,home,3,1458.0,0,836.0,35|836|1458
401736223,Satou Sabally,away,4,1817.0,0,943.0,161|943|1817|2274
401736223,Kathryn Westbeld,away,3,901.0,1,356.0,182|356|901
401736223,Kitija Laksa,away,3,1497.0,0,546.8,379|547|1497
401736223,Kahleah Copper,away,5,1573.0,0,1048.0,422|1048|1573|1828|1912
401736223,Alyssa Thomas,away,3,1696.0,0,863.0,547|863|1696
401736223,Myisha Hines-Allen,home,5,1611.0,0,1567.0,561|1567|1611|1931|1946
401736223,Teaira McCowan,home,2,,0,1740.0,613|1740
401736223,Liatu King,home,1,,0,,697
401736223,JJ Quinerly,home,3,2117.0,0,886.0,726|886|2117
401736223,Monique Akoa Makani,away,3,1399.0,0,1279.0,780|1279|1399
401736223,Aziaha James,home,2,,0,1241.0,807|1241
401736223,Paige Bueckers,home,3,2088.0,0,1140.9,1097|1141|2088
401736223,Li Yueru,home,3,2373.8,0,1355.0,1258|1355|2374
401736223,Sami Whitcomb,away,4,2051.0,0,1771.9,1287|1772|2051|2257
401736223,Kalani Brown,away,2,,0,1851.0,1622|1851
401736224,Kayla McBride,home,3,2046.0,0,1327.0,219|1327|2046
401736224,Emily Engstler,away,1,,0,,500
401736224,Sonia Citron,away,1,,0,,820
401736224,Natisha Hiedeman,home,3,2116.0,0,1744.9,982|1745|2116
401736224,Kiki Iriafen,away,3,1161.9,1,1122.0,991|1122|1162
401736224,Shakira Austin,away,2,,0,2033.0,998|2033
401736224,Napheesa Collier,home,3,2086.0,0,1677.0,1032|1677|2086
401736224,Lucy Olsen,away,1,,0,,1152
401736224,Aaliyah Edwards,away,2,,0,1684.0,1509|1684
401736224,Diamond Miller,home,3,1992.0,0,1710.0,1621|1710|1992
401736224,Jade Melbourne,away,1,,0,,1664
401736224,Courtney Williams,home,2,,0,2239.0,1778|2239
401736224,Maria Kliundikova,home,1,,0,,1881
401736224,Alanna Smith,home,2,,0,2171.0,2094|2171
401736224,Natisha Hiedeman clear path,home,1,,0,,2316
401736225,Aliyah Boston,home,4,1259.0,0,1095.0,145|1095|1259|1700
401736225,Lexie Hull,home,2,,0,982.0,220|982
401736225,Aari McDonald,home,5,1961.0,0,310.0,252|310|1961|2007|2177
401736225,Kelsey Plum,away,2,,0,1985.0,297|1985
401736225,Julie Allemand,away,2,,0,438.0,303|438
401736225,Dearica Hamby,away,5,1385.0,0,1018.0,397|1018|1385|2193|2264
401736225,Julie Vanloo,away,2,,0,801.0,522|801
401736225,Mercedes Russell,away,3,1944.0,0,1743.9,612|1744|1944
401736225,Sophie Cunningham,home,2,,0,1581.0,667|1581
401736225,Makayla Timpson,home,3,1850.0,0,1761.0,791|1761|1850
401736225,Azura Stevens,away,2,,0,967.0,815|967
401736225,Kelsey Mitchell,home,2,,0,1230.0,1010|1230
401736225,Rickea Jackson,away,3,2107.0,0,2048.0,1308|2048|2107
401736225,Azura Stevens defensive 3-seconds (technical,away,1,,0,,1398
401736225,Natasha Howard,home,5,2103.0,0,1575.0,1517|1575|2103|2117|2309
401736225,Emma Cannon,away,1,,0,,1713
401736225,Rae Burrell,away,1,,0,,1885
401736225,Aari McDonald personal,home,1,,0,,2397
401736226,Veronica Burton,away,2,,0,155.0,150|155
401736226,Kayla Thornton,away,1,,0,,199
401736226,Napheesa Collier,home,2,,0,413.0,330|413
401736226,Temi Fagbenle,away,5,989.0,1,771.0,344|771|989|2011|2360
401736226,Kaitlyn Chen,away,1,,0,,360
401736226,Monique Billings,away,2,,0,1163.9,548|1164
401736226,Alanna Smith,home,2,,0,1131.0,560|1131
401736226,Bridget Carleton,home,1,,0,,704
401736226,Kate Martin,away,2,,0,1646.0,760|1646
401736226,Tiffany Hayes,away,2,,0,1819.0,788|1819
401736226,Courtney Williams,home,2,,0,1047.0,914|1047
401736226,Kayla McBride,home,2,,0,1318.0,1250|1318
401736226,Tiffany Hayes personal,away,1,,0,,1499
401736226,Stephanie Talbot,away,2,,0,2361.9,1528|2362
401736226,Jessica Shepard,home,2,,0,2353.8,1627|2354
401736226,Natalie Nakase,away,1,,0,,1646
401736226,Diamond Miller,home,2,,0,1883.0,1684|1883
401736226,Natisha Hiedeman,home,1,,0,,1715
401736226,Janelle Salaun,away,1,,0,,1983
401736228,Skylar Diggins,away,3,1951.0,0,1832.0,198|1832|1951
401736228,Natasha Cloud,home,3,1344.0,0,1029.0,289|1029|1344
401736228,Nyara Sabally,home,2,,0,1718.0,504|1718
401736228,Erica Wheeler,away,3,1271.0,0,1005.0,614|1005|1271
401736228,Rebekah Gardner,home,1,,0,,816
401736228,Leonie Fiebich,home,2,,0,2205.0,880|2205
401736228,Sabrina Ionescu,home,3,2245.0,0,2120.0,918|2120|2245
401736228,Ezi Magbegor,away,1,,0,,1127
401736228,Nneka Ogwumike,away,2,,0,2052.0,1187|2052
401736228,Kennedy Burke,home,1,,0,,1607
401736228,Gabby Williams,away,1,,0,,1619
401736228,Alysha Clark,away,1,,0,,1665
401736228,Dominique Malonga,away,1,,0,,2265
401736228,Mackenzie Holmes,away,2,,0,2324.0,2303|2324
401736227,Jacy Sheldon,home,3,1709.0,0,1096.0,181|1096|1709
401736227,Jackie Young,away,2,,0,268.0,265|268
401736227,Chelsea Gray,away,1,,0,,339
401736227,Jewell Loyd,away,2,,0,2102.0,378|2102
401736227,Leila Lacan,home,4,738.0,1,643.0,394|643|738|2171
401736227,Dana Evans,away,2,,0,1606.0,459|1606
401736227,Kiah Stokes,away,1,,0,,559
401736227,Haley Peters,home,1,,0,,793
401736227,Bria Hartley,home,2,,0,920.0,871|920
401736227,A'ja Wilson,away,1,,0,,1301
401736227,Aneesah Morrow,home,1,,0,,1352
401736227,NaLyssa Smith,away,3,1538.0,0,1526.0,1404|1526|1538
401736227,Kierstan Bell,away,2,,0,2196.0,1940|2196
401736227,Lindsay Allen,home,1,,0,,1947
401736227,Aaliyah Nye,away,1,,0,,2142
401736227,Saniya Rivers,home,1,,0,,2281
401736229,Angel Reese,away,3,2000.0,0,1335.0,203|1335|2000
401736229,Rachel Banham,away,3,936.0,1,781.0,291|781|936
401736229,Courtney Williams,home,2,,0,2048.0,344|2048
401736229,Kayla McBride,home,3,1232.0,0,1140.0,357|1140|1232
401736229,Alanna Smith,home,1,,0,,517
401736229,Jessica Shepard,home,2,,0,911.0,585|911
401736229,Rebecca Allen,away,2,,0,1904.0,656|1904
401736229,Michaela Onyenwere,away,2,,0,2330.0,696|2330
401736229,Hailey Van Lith,away,1,,0,,945
401736229,Bridget Carleton,home,3,2137.0,0,1540.0,1474|1540|2137
401736229,Natisha Hiedeman,home,2,,0,1919.0,1797|1919
401736229,Maria Kliundikova,home,2,,0,1915.0,1847|1915
401736229,Diamond Miller,home,1,,0,,1939
401736229,Kia Nurse,away,1,,0,,1970
401736229,Napheesa Collier,home,2,,0,2111.0,2026|2111
401736229,Ariel Atkins personal,away,2,,0,2385.9,2378|2386
401736229,Rachel Banham personal,away,1,,0,,2392
401736230,Temi Fagbenle,away,5,1625.0,0,236.0,196|236|1625|1988|2181
401736230,Brionna Jones,home,3,2306.0,0,1438.0,230|1438|2306
401736230,Rhyne Howard,home,4,1010.0,1,647.0,325|647|1010|1317
401736230,Brittney Griner,home,4,1282.0,0,805.0,340|805|1282|2035
401736230,Laeticia Amihere,away,2,,0,1046.0,361|1046
401736230,Naz Hillmon,home,1,,0,,410
401736230,Allisha Gray,home,1,,0,,530
401736230,Kayla Thornton,away,3,2126.0,0,1246.0,764|1246|2126
401736230,Stephanie Talbot,away,1,,0,,840
401736230,Janelle Salaun,away,2,,0,971.0,863|971
401736230,Monique Billings,away,3,2116.0,0,1813.0,953|1813|2116
401736230,Shatori Walker-Kimbrough,home,1,,0,,980
401736230,Tiffany Hayes,away,3,2086.0,0,1499.0,1335|1499|2086
401736230,Kaitlyn Chen,away,1,,0,,1655
401736230,Jordin Canada,home,1,,0,,2136
401736230,Veronica Burton personal,away,1,,0,,2356
401736230,Kate Martin personal,away,1,,0,,2378
401736231,Luisa Geiselsoder,away,2,,0,1124.0,58|1124
401736231,JJ Quinerly,away,5,775.0,1,541.9,189|542|775|1293|2346
401736231,Natasha Mack,home,3,2143.0,0,1790.8,246|1791|2143
401736231,Alyssa Thomas,home,4,712.0,1,340.0,264|340|712|2092
401736231,Paige Bueckers,away,2,,0,1643.0,537|1643
401736231,Aziaha James,away,2,,0,1370.0,696|1370
401736231,Myisha Hines-Allen,away,3,999.0,1,971.0,719|971|999
401736231,Monique Akoa Makani,home,3,1984.0,0,1101.0,925|1101|1984
401736231,Kitija Laksa,home,1,,0,,1108
401736231,Sami Whitcomb,home,2,,0,1475.0,1133|1475
401736231,Kalani Brown,home,1,,0,,1656
401736231,Liatu King,away,1,,0,,1732
401736231,Teaira McCowan,away,1,,0,,2003
401736231,Sami Whitcomb personal,home,1,,0,,2241
401736232,Ariel Atkins,away,4,1468.0,0,659.0,58|659|1468|2369
401736232,Shakira Austin,home,5,867.0,1,743.0,76|743|867|1744|2015
401736232,Elizabeth Williams,away,6,1197.9,1,730.0,184|730|1198|1827|2212|2398
401736232,Rachel Banham,away,3,531.0,1,475.0,240|475|531
401736232,Sonia Citron,home,3,1947.0,0,685.0,321|685|1947
401736232,Rebecca Allen,away,3,1886.0,0,1118.0,368|1118|1886
401736232,Sug Sutton,home,2,,0,840.0,386|840
401736232,Kia Nurse,away,2,,0,2167.0,443|2167
401736232,Jade Melbourne,home,3,1537.0,0,1038.0,447|1038|1537
401736232,Double,home,1,,0,,511
401736232,Angel Reese,away,5,1763.9,0,1223.0,903|1223|1764|2039|2199
401736232,Aaliyah Edwards,home,4,1563.0,0,1545.0,1147|1545|1563|2119
401736232,Michaela Onyenwere,away,1,,0,,1272
401736232,Kiki Iriafen,home,3,2385.8,0,2098.0,1286|2098|2386
401736232,Stefanie Dolson,home,1,,0,,1477
401736232,Maddy Westbeld,away,2,,0,1812.0,1713|1812
401736233,Nyara Sabally,home,2,,0,1798.0,305|1798
401736233,Dana Evans,away,2,,0,1957.0,699|1957
401736233,Rebekah Gardner,home,3,2302.0,0,1088.0,713|1088|2302
401736233,Kiah Stokes,away,2,,0,1680.0,720|1680
401736233,Marine Johannes,home,1,,0,,744
401736233,Kierstan Bell,away,3,1542.0,0,1240.0,754|1240|1542
401736233,Jaylyn Sherrod,home,2,,0,1850.0,865|1850
401736233,NaLyssa Smith,away,5,1111.0,1,1102.0,909|1102|1111|1509|2234
401736233,Leonie Fiebich,home,4,1593.0,0,1486.0,947|1486|1593|2326
401736233,Breanna Stewart,home,2,,0,2283.0,1399|2283
401736233,Aaliyah Nye,away,2,,0,2194.0,1786|2194
401736233,Jewell Loyd,away,1,,0,,1846
401736233,Chelsea Gray,away,2,,0,2101.0,1943|2101
401736233,Kennedy Burke,home,2,,0,2357.9,2029|2358
401736233,Sabrina Ionescu,home,2,,0,2377.0,2101|2377
401736233,Jackie Young,away,2,,0,2315.0,2244|2315
401736233,Chelsea Gray personal,away,1,,0,,2367
401736233,Jackie Young personal,away,2,,0,2377.9,2374|2378
401736234,Tina Charles,home,2,,0,2113.0,229|2113
401736234,Jacy Sheldon,home,2,,0,1147.9,280|1148
401736234,Erica Wheeler,away,2,,0,894.0,313|894
401736234,Bria Hartley,home,3,1047.0,1,881.0,503|881|1047
401736234,Zia Cooke,away,2,,0,723.0,518|723
401736234,Leila Lacan,home,4,1752.9,0,676.0,630|676|1753|1922
401736234,Ezi Magbegor,away,5,1478.0,0,1128.0,663|1128|1478|2128|2153
401736234,Aneesah Morrow,home,3,1678.0,0,1350.0,680|1350|1678
401736234,Dominique Malonga,away,2,,0,1872.0,691|1872
401736234,Haley Peters,home,1,,0,,863
401736234,Gabby Williams,away,2,,0,1488.0,1094|1488
401736234,Skylar Diggins,away,3,2298.0,0,1364.0,1322|1364|2298
401736234,Saniya Rivers,home,2,,0,2088.0,1333|2088
401736234,Alysha Clark,away,2,,0,1844.0,1738|1844
401736234,Olivia Nelson-Ododa,home,3,1905.0,0,1799.0,1799|1799|1905
401736234,Nneka Ogwumike,away,1,,0,,2227
401736234,Erica Wheeler personal,away,1,,0,,2337
401736235,Kate Martin,away,2,,0,1484.0,25|1484
401736235,Temi Fagbenle,away,4,1337.0,0,932.0,137|932|1337|2024
401736235,Carla Leite,away,2,,0,368.0,302|368
401736235,Aliyah Boston,home,2,,0,2237.0,442|2237
401736235,Lexie Hull,home,2,,0,1089.0,490|1089
401736235,Sophie Cunningham,home,3,1990.0,0,1813.0,543|1813|1990
401736235,Laeticia Amihere,away,3,1797.0,0,722.0,552|722|1797
401736235,Janelle Salaun,away,1,,0,,657
401736235,Natasha Howard,home,1,,0,,834
401736235,Kelsey Mitchell,home,1,,0,,900
401736235,Kayla Thornton,away,1,,0,,1145
401736235,Aari McDonald,home,3,1861.0,0,1738.0,1220|1738|1861
401736235,Makayla Timpson,home,3,2153.0,0,1466.0,1375|1466|2153
401736235,Monique Billings,away,1,,0,,1494
401736235,Caitlin Clark,home,1,,0,,1643
401736235,Veronica Burton,away,2,,0,2272.0,1706|2272
401736236,Alyssa Thomas,home,2,,0,1555.0,121|1555
401736236,Monique Akoa Makani,home,2,,0,1957.0,350|1957
401736236,Alanna Smith,away,2,,0,1737.0,411|1737
401736236,Natisha Hiedeman,away,1,,0,,491
401736236,Kitija Laksa,home,1,,0,,525
401736236,Natasha Mack,home,1,,0,,722
401736236,Diamond Miller,away,3,1891.0,0,802.0,742|802|1891
401736236,DeWanna Bonner,home,1,,0,,1113
401736236,Courtney Williams,away,2,,0,1230.0,1173|1230
401736236,Kathryn Westbeld,home,4,1880.0,0,1415.0,1366|1415|1880|2005
401736236,Bridget Carleton,away,2,,0,1930.0,1575|1930
401736236,Sami Whitcomb,home,1,,0,,1897
401736236,Kayla McBride,away,1,,0,,2176
401736236,Alanna Smith personal,away,1,,0,,2369
401736236,Kayla McBride personal,away,1,,0,,2370
401736237,Kamilla Cardoso,home,3,1990.0,0,865.0,268|865|1990
401736237,Rebecca Allen,home,3,2125.0,0,1588.0,301|1588|2125
401736237,Teaira McCowan,away,3,1777.9,0,1650.0,431|1650|1778
401736237,Myisha Hines-Allen,away,2,,0,1603.0,516|1603
401736237,Haley Jones,away,1,,0,,695
401736237,JJ Quinerly,away,5,1240.0,0,915.0,717|915|1240|1472|1716
401736237,Luisa Geiselsoder,away,2,,0,2051.0,721|2051
401736237,Elizabeth Williams,home,2,,0,1405.0,743|1405
401736237,Hailey Van Lith,home,2,,0,1631.0,747|1631
401736237,Aziaha James,away,1,,0,,885
401736237,Michaela Onyenwere,home,4,1223.0,0,1210.0,919|1210|1223|1282
401736237,Paige Bueckers defensive 3-seconds (technical,away,1,,0,,1012
401736237,Rachel Banham,home,4,2165.0,0,2160.0,1417|2160|2165|2182
401736237,Maddy Westbeld,home,1,,0,,1441
401736237,Angel Reese,home,3,1939.0,0,1925.0,1694|1925|1939
401736237,Li Yueru,away,3,2228.0,0,2021.0,1874|2021|2228
401736237,Paige Bueckers,away,1,,0,,1972
401736238,Dearica Hamby,home,5,1238.0,0,1171.9,189|1172|1238|2076|2319
401736238,Kelsey Plum,home,2,,0,1493.0,269|1493
401736238,Alanna Smith,away,2,,0,364.0,364|364
401736238,Azura Stevens,home,1,,0,,425
401736238,Diamond Miller,away,2,,0,819.0,569|819
401736238,Rickea Jackson,home,2,,0,1158.9,589|1159
401736238,Cheryl Reeve,away,1,,0,,589
401736238,Emma Cannon,home,2,,0,1852.0,636|1852
401736238,Jessica Shepard,away,1,,0,,664
401736238,Julie Vanloo,home,2,,0,855.0,756|855
401736238,Napheesa Collier,away,1,,0,,1016
401736238,Courtney Williams,away,1,,0,,1146
401736238,Kayla McBride,away,1,,0,,1491
401736238,Bridget Carleton,away,2,,0,1934.0,1666|1934
401736238,Sarah Ashlee Barker,home,1,,0,,1726
401736238,Natisha Hiedeman,away,2,,0,2349.9,1837|2350
401736239,Kiah Stokes,away,2,,0,650.0,80|650
401736239,Kiki Iriafen,home,4,1285.0,0,226.0,148|226|1285|1553
401736239,NaLyssa Smith,away,6,1368.0,0,1353.0,211|1353|1368|1429|1814|2292
401736239,Shakira Austin,home,2,,0,721.0,509|721
401736239,Lucy Olsen,home,1,,0,,517
401736239,Megan Gustafson,away,1,,0,,547
401736239,Jade Melbourne,home,1,,0,,629
401736239,Sug Sutton,home,3,2285.0,0,1277.0,783|1277|2285
401736239,Brittney Sykes,home,1,,0,,862
401736239,Chelsea Gray,away,3,2092.0,0,1679.0,981|1679|2092
401736239,Jackie Young,away,2,,0,1435.0,1217|1435
401736239,Jewell Loyd,away,2,,0,2204.0,1373|2204
401736239,Kierstan Bell,away,1,,0,,1440
401736239,Stefanie Dolson,home,3,1977.0,0,1847.0,1633|1847|1977
401736239,Aaliyah Edwards,home,1,,0,,1799
401736239,Sonia Citron,home,1,,0,,1981
401736239,Aaliyah Nye,away,2,,0,2154.0,2144|2154
401736239,Jackie Young personal,away,1,,0,,2396
401736240,Brittney Griner,away,2,,0,1397.0,102|1397
401736240,Allisha Gray,away,2,,0,1463.0,211|1463
401736240,Rhyne Howard,away,2,,0,1977.0,333|1977
401736240,Sophie Cunningham,home,1,,0,,476
401736240,Maya Caldwell,away,2,,0,1753.9,501|1754
401736240,Damiris Dantas,home,4,2118.0,0,758.0,525|758|2118|2378
401736240,Caitlin Clark,home,1,,0,,546
401736240,Brionna Jones,away,6,1425.0,0,853.0,573|853|1425|1480|1657|2023
401736240,Aliyah Boston,home,6,1196.8,1,991.0,649|991|1197|2118|2212|2227
401736240,Jordin Canada,away,3,1819.0,0,1313.0,662|1313|1819
401736240,Aari McDonald,home,1,,0,,1706
401736240,Naz Hillmon,away,2,,0,2181.0,2062|2181
401736240,Kelsey Mitchell,home,1,,0,,2199
401736240,Nia Coffey,away,1,,0,,2248
401736241,Skylar Diggins,home,4,752.0,1,262.0,131|262|752|1577
401736241,Jacy Sheldon,away,3,1475.0,0,206.0,196|206|1475
401736241,Bria Hartley,away,5,1720.0,0,466.0,351|466|1720|2267|2340
401736241,Leila Lacan,away,5,1998.0,0,1488.0,513|1488|1998|2192|2344
401736241,Tiffany Mitchell,home,4,1843.0,0,1582.0,597|1582|1843|1983
401736241,Alysha Clark,home,1,,0,,623
401736241,Dominique Malonga,home,2,,0,1849.0,649|1849
401736241,Aneesah Morrow,away,2,,0,765.0,709|765
401736241,Haley Peters,away,3,1059.0,1,860.0,848|860|1059
401736241,Ezi Magbegor,home,3,1336.0,0,1136.0,943|1136|1336
401736241,Nneka Ogwumike,home,1,,0,,960
401736241,Olivia Nelson-Ododa,away,1,,0,,1012
401736241,Gabby Williams,home,2,,0,2304.0,1102|2304
401736241,Tina Charles,away,1,,0,,1148
401736241,Erica Wheeler personal,home,1,,0,,2378
401736242,Alanna Smith,away,4,1484.0,0,1019.0,38|1019|1484|2225
401736242,Angel Reese,home,4,1527.0,0,1151.9,168|1152|1527|2277
401736242,Napheesa Collier,away,4,1722.0,0,802.0,298|802|1722|2345
401736242,Kia Nurse,home,4,1492.0,0,1193.9,320|1194|1492|2376
401736242,Natisha Hiedeman,away,1,,0,,464
401736242,Rachel Banham,home,3,2015.0,0,1313.0,819|1313|2015
401736242,Bridget Carleton,away,1,,0,,919
401736242,Kayla McBride,away,2,,0,1626.0,941|1626
401736242,Ariel Atkins,home,2,,0,1646.0,1071|1646
401736242,Michaela Onyenwere,home,2,,0,1825.0,1260|1825
401736242,Elizabeth Williams,home,1,,0,,1746
401736242,Jessica Shepard,away,2,,0,2074.0,2028|2074
401736242,Courtney Williams,away,2,,0,2363.9,2088|2364
401736242,Cheryl Reeve,away,1,,0,,2090
401736243,Temi Fagbenle,away,5,1149.9,1,827.0,159|827|1150|2034|2191
401736243,Veronica Burton,away,6,1300.0,0,570.9,247|571|1300|1509|2380|2394
401736243,NaLyssa Smith,home,4,1255.0,0,343.0,314|343|1255|1423
401736243,Monique Billings,away,1,,0,,364
401736243,Dana Evans,home,2,,0,1545.0,589|1545
401736243,Jewell Loyd,home,5,2061.0,0,864.0,796|864|2061|2163|2291
401736243,Janelle Salaun,away,5,1114.0,1,1102.0,846|1102|1114|1467|2255
401736243,Megan Gustafson,home,5,1640.0,0,1448.0,884|1448|1640|1834|2204
401736243,Kaitlyn Chen defensive 3-seconds (technical,away,1,,0,,899
401736243,Chelsea Gray,home,1,,0,,909
401736243,Tiffany Hayes,away,1,,0,,1239
401736243,Jackie Young,home,1,,0,,1278
401736243,Kaitlyn Chen,away,2,,0,1763.0,1688|1763
401736243,Laeticia Amihere,away,1,,0,,1709
401736243,Aaliyah Nye,home,2,,0,1800.0,1781|1800
401736243,Carla Leite,away,1,,0,,1841
401736243,Kayla Thornton,away,2,,0,2238.0,1920|2238
401736243,A'ja Wilson,home,1,,0,,2238
401736243,Kate Martin,away,1,,0,,2387
401736244,JJ Quinerly,away,4,924.0,1,297.0,206|297|924|1894
401736244,Natasha Howard,home,4,1861.0,0,1481.0,311|1481|1861|2027
401736244,Myisha Hines-Allen,away,4,1980.0,0,1160.9,409|1161|1980|2092
401736244,Teaira McCowan,away,1,,0,,420
401736244,Haley Jones,away,4,1470.0,0,1334.0,499|1334|1470|1565
401736244,Arike Ogunbowale,away,3,1733.0,0,1678.0,707|1678|1733
401736244,Aari McDonald,home,2,,0,2154.0,1062|2154
401736244,Paige Bueckers,away,1,,0,,1104
401736244,Damiris Dantas,home,2,,0,2178.0,1127|2178
401736244,Lexie Hull,home,2,,0,1290.0,1140|1290
401736244,Aliyah Boston,home,1,,0,,1212
401736244,Caitlin Clark,home,2,,0,1376.0,1240|1376
401736244,Aziaha James,away,1,,0,,1612
401736244,Sophie Cunningham,home,4,1797.9,0,1742.0,1700|1742|1798|2156
401736244,Luisa Geiselsoder,away,1,,0,,2189
401736245,Natasha Cloud,home,3,2133.0,0,870.0,58|870|2133
401736245,Maya Caldwell,away,2,,0,298.0,170|298
401736245,Sabrina Ionescu,home,3,2196.0,0,1233.0,378|1233|2196
401736245,Jordin Canada,away,1,,0,,440
401736245,Isabelle Harrison,home,2,,0,1689.0,470|1689
401736245,Brionna Jones,away,3,1196.9,1,940.0,579|940|1197
401736245,Kennedy Burke,home,1,,0,,629
401736245,Nyara Sabally,home,5,1469.0,0,1081.0,745|1081|1469|2190|2369
401736245,Breanna Stewart,home,2,,0,2053.0,870|2053
401736245,Naz Hillmon,away,2,,0,1455.0,1198|1455
401736245,Allisha Gray,away,3,2381.9,0,1585.0,1250|1585|2382
401736245,Brittney Griner,away,1,,0,,1309
401736245,Leonie Fiebich,home,3,2250.0,0,1656.0,1479|1656|2250
401736245,Maya Caldwell personal,away,1,,0,,2382
401736246,Julie Allemand,home,2,,0,2195.0,558|2195
401736246,Olivia Nelson-Ododa,away,6,1378.0,0,751.0,692|751|1378|1410|1972|2312
401736246,Azura Stevens,home,3,842.0,1,827.0,734|827|842
401736246,Dearica Hamby,home,3,2108.0,0,1706.0,796|1706|2108
401736246,Leila Lacan,away,3,1734.0,0,1669.0,824|1669|1734
401736246,Tina Charles,away,2,,0,1049.0,1012|1049
401736246,Jacy Sheldon,away,3,1611.0,0,1159.9,1149|1160|1611
401736246,Rae Burrell,home,3,1635.0,0,1186.8,1187|1187|1635
401736246,Kelsey Plum,home,1,,0,,1278
401736246,Rickea Jackson,home,2,,0,2353.0,1535|2353
401736246,Sania Feagin,home,1,,0,,1812
401736246,Julie Vanloo,home,1,,0,,1889
401736246,Saniya Rivers,away,1,,0,,1994
401736246,Bria Hartley,away,1,,0,,2394
401736247,Sug Sutton,away,2,,0,1243.0,71|1243
401736247,Kiki Iriafen,away,4,1279.0,0,783.0,151|783|1279|1426
401736247,Dominique Malonga,home,1,,0,,406
401736247,Tiffany Mitchell,home,2,,0,1059.0,441|1059
401736247,Jade Melbourne,away,4,1442.0,0,956.0,451|956|1442|2016
401736247,Aaliyah Edwards,away,2,,0,1079.0,544|1079
401736247,Alysha Clark,home,3,1711.0,0,1699.0,689|1699|1711
401736247,Gabby Williams,home,3,1468.0,0,1173.9,808|1174|1468
401736247,Shakira Austin,away,2,,0,1722.0,882|1722
401736247,Sonia Citron,away,3,2054.0,0,1489.0,965|1489|2054
401736247,Ezi Magbegor,home,2,,0,1106.0,1003|1106
401736247,Erica Wheeler,home,3,1495.0,0,1459.0,1322|1459|1495
401736247,Skylar Diggins,home,3,2064.0,0,1964.0,1388|1964|2064
401736247,Brittney Sykes,away,3,2192.0,0,1817.0,1551|1817|2192
401736247,Nneka Ogwumike,home,1,,0,,2068
401736247,Ezi Magbegor personal,home,1,,0,,2387
401736247,Erica Wheeler personal,home,1,,0,,2387
401736248,Bridget Carleton,away,2,,0,1047.0,100|1047
401736248,Rachel Banham,home,3,1926.0,0,812.0,108|812|1926
401736248,Ariel Atkins,home,1,,0,,411
401736248,Alanna Smith,away,4,1756.9,0,1313.0,440|1313|1757|1793
401736248,Elizabeth Williams,home,1,,0,,549
401736248,Napheesa Collier,away,2,,0,834.0,563|834
401736248,Diamond Miller,away,1,,0,,759
401736248,Kamilla Cardoso defensive 3-seconds (technical,home,1,,0,,926
401736248,Michaela Onyenwere,home,3,1482.0,0,1249.0,973|1249|1482
401736248,Angel Reese,home,3,1992.0,0,1153.9,986|1154|1992
401736248,Kamilla Cardoso,home,3,2207.0,0,1969.0,1432|1969|2207
401736248,Maria Kliundikova,away,1,,0,,1543
401736248,Rebecca Allen,home,2,,0,1577.0,1551|1577
401736248,Natisha Hiedeman,away,2,,0,2011.0,1810|2011
401736248,Rebecca Allen personal,home,1,,0,,1960
401736248,Jessica Shepard,away,2,,0,2361.9,2165|2362
401736248,Hailey Van Lith,home,1,,0,,2310
401736249,Monique Akoa Makani,away,5,1468.0,0,1411.0,300|1411|1468|2261|2288
401736249,Monique Billings,home,2,,0,1572.0,348|1572
401736249,Alyssa Thomas,away,2,,0,1341.0,414|1341
401736249,Kathryn Westbeld,away,1,,0,,536
401736249,Tiffany Hayes,home,3,1490.0,0,944.0,582|944|1490
401736249,Kitija Laksa,away,3,1890.0,0,1679.0,633|1679|1890
401736249,Natasha Mack,away,4,1067.0,1,1047.0,702|1047|1067|1674
401736249,Laeticia Amihere defensive 3-seconds (technical,home,1,,0,,810
401736249,Sami Whitcomb,away,3,1777.8,0,1268.0,917|1268|1778
401736249,Kayla Thornton,home,4,1355.0,0,1143.9,970|1144|1355|2385
401736249,Veronica Burton,home,4,2383.9,0,2048.0,1001|2048|2384|2391
401736249,Carla Leite,home,2,,0,1816.0,1687|1816
401736249,Cecilia Zandalasini,home,2,,0,2399.0,2093|2399
401736250,Lexie Hull,away,1,,0,,126
401736250,Saniya Rivers,home,5,1553.0,0,1310.0,336|1310|1553|2111|2323
401736250,Tina Charles,home,3,2034.0,0,1402.0,381|1402|2034
401736250,Aliyah Boston,away,5,2021.0,0,660.0,396|660|2021|2084|2198
401736250,Lindsay Allen,home,1,,0,,475
401736250,Damiris Dantas,away,3,2281.0,0,1665.0,502|1665|2281
401736250,Olivia Nelson-Ododa,home,3,1935.0,0,1883.0,559|1883|1935
401736250,Jacy Sheldon,home,1,,0,,671
401736250,Haley Peters,home,1,,0,,765
401736250,Kelsey Mitchell,away,1,,0,,806
401736250,Bria Hartley,home,4,2003.0,0,1249.0,829|1249|2003|2179
401736250,Sydney Colson,away,1,,0,,1868
401736250,Aneesah Morrow,home,1,,0,,1973
401736250,Sophie Cunningham,away,1,,0,,2073
401736250,Caitlin Clark,away,1,,0,,2228
401736250,Bria Hartley personal,home,1,,0,,2373
401736251,Kiki Iriafen,away,2,,0,1341.0,125|1341
401736251,Dearica Hamby,home,1,,0,,301
401736251,Aaliyah Edwards,away,1,,0,,405
401736251,Emily Engstler,away,2,,0,574.9,493|575
401736251,Kelsey Plum,home,3,2092.0,0,1419.0,541|1419|2092
401736251,Rickea Jackson,home,3,1678.0,0,1057.0,597|1057|1678
401736251,Azura Stevens,home,3,1455.0,0,1447.0,668|1447|1455
401736251,Sonia Citron,away,3,2214.0,0,1974.0,682|1974|2214
401736251,Shakira Austin,away,2,,0,1026.0,787|1026
401736251,Sug Sutton,away,2,,0,1161.9,808|1162
401736251,Lucy Olsen,away,1,,0,,878
401736251,Brittney Sykes,away,4,2080.0,0,1665.0,945|1665|2080|2202
401736251,Julie Vanloo,home,2,,0,1142.0,1042|1142
401736251,Julie Allemand,home,2,,0,2265.0,1227|2265
401736251,Jade Melbourne,away,1,,0,,1534
401736251,Sania Feagin,home,2,,0,2303.0,1732|2303
401736251,Rae Burrell,home,2,,0,1859.0,1821|1859
401736252,Elizabeth Williams,home,3,1677.0,0,845.0,36|845|1677
401736252,Rachel Banham,home,2,,0,1266.0,240|1266
401736252,Kamilla Cardoso,home,2,,0,1153.0,440|1153
401736252,Rebecca Allen,home,4,1702.0,0,622.0,487|622|1702|1861
401736252,Shatori Walker-Kimbrough,away,1,,0,,573
401736252,Brionna Jones,away,1,,0,,827
401736252,Maddy Westbeld,home,3,2153.0,0,1542.0,1021|1542|2153
401736252,Nia Coffey,away,3,1957.0,0,1777.0,1061|1777|1957
401736252,Brittney Griner,away,1,,0,,1163
401736252,Jordin Canada,away,1,,0,,1333
401736252,Allisha Gray,away,1,,0,,1440
401736252,Hailey Van Lith,home,2,,0,1971.0,1542|1971
401736252,Naz Hillmon,away,2,,0,2063.0,1718|2063
401736252,Moriah Jefferson,home,1,,0,,2235
401736253,Kathryn Westbeld,away,1,,0,,56
401736253,Napheesa Collier,home,3,969.0,1,709.0,184|709|969
401736253,Kiana Williams,away,2,,0,1937.0,268|1937
401736253,Kayla McBride,home,3,1387.0,0,527.0,314|527|1387
401736253,Sami Whitcomb,away,5,1264.0,0,609.0,342|609|1264|1301|2022
401736253,Natisha Hiedeman,home,2,,0,649.0,459|649
401736253,Kitija Laksa,away,5,1558.0,0,1018.0,589|1018|1558|1933|2141
401736253,DeWanna Bonner,away,1,,0,,779
401736253,Alanna Smith,home,2,,0,1648.0,839|1648
401736253,Jessica Shepard,home,1,,0,,1005
401736253,Kalani Brown,away,1,,0,,1167
401736253,Alyssa Thomas,away,1,,0,,1933
401736253,Diamond Miller,home,1,,0,,1974
401736253,Courtney Williams,home,1,,0,,2052
401736253,Bridget Carleton,home,1,,0,,2111
401736253,Maria Kliundikova,home,1,,0,,2293
401736254,Tiffany Hayes,away,2,,0,1297.0,59|1297
401736254,Janelle Salaun defensive 3-seconds (technical,away,1,,0,,66
401736254,Nneka Ogwumike,home,3,1840.0,0,1361.0,205|1361|1840
401736254,Gabby Williams,home,4,1425.0,0,282.0,222|282|1425|2373
401736254,Kayla Thornton,away,4,2379.9,0,1043.0,421|1043|2380|2389
401736254,Carla Leite,away,2,,0,1546.0,425|1546
401736254,Skylar Diggins,home,3,2081.0,0,1212.0,440|1212|2081
401736254,Monique Billings,away,1,,0,,540
401736254,Lexie Brown,home,1,,0,,564
401736254,Erica Wheeler,home,3,2379.0,0,2138.0,620|2138|2379
401736254,Cecilia Zandalasini,away,4,1879.0,0,874.0,681|874|1879|2158
401736254,Alysha Clark,home,2,,0,1678.0,706|1678
401736254,Ezi Magbegor,home,3,2298.0,0,962.0,894|962|2298
401736254,Temi Fagbenle,away,5,1485.0,0,1435.0,896|1435|1485|2124|2213
401736254,Veronica Burton,away,3,2374.0,0,2322.0,1376|2322|2374
401736254,Kate Martin,away,1,,0,,1648
401736254,Tiffany Mitchell,home,1,,0,,1665
401736254,Kaitlyn Chen,away,2,,0,1820.0,1781|1820
401736255,Sophie Cunningham,away,1,,0,,100
401736255,Nyara Sabally,home,2,,0,1266.0,150|1266
401736255,Aliyah Boston,away,2,,0,1661.0,223|1661
401736255,Breanna Stewart,home,4,1865.0,0,1628.0,240|1628|1865|2112
401736255,Isabelle Harrison,home,3,1571.0,0,1079.0,421|1079|1571
401736255,Lexie Hull,away,3,2212.0,0,1409.0,728|1409|2212
401736255,Aari McDonald,away,2,,0,1598.0,773|1598
401736255,Natasha Howard,away,1,,0,,989
401736255,Leonie Fiebich,home,4,1192.9,1,1159.9,1040|1160|1193|2160
401736255,Rebekah Gardner,home,1,,0,,1120
401736255,Damiris Dantas,away,2,,0,2131.0,1141|2131
401736255,Sydney Colson,away,2,,0,2252.0,1563|2252
401736255,Natasha Cloud,home,2,,0,1896.0,1856|1896
401736256,Li Yueru,home,3,2376.8,0,230.0,193|230|2377
401736256,Paige Bueckers,home,4,902.0,1,896.0,536|896|902|1965
401736256,Aaliyah Nye,away,2,,0,1781.9,572|1782
401736256,JJ Quinerly,home,3,2129.0,0,1194.9,612|1195|2129
401736256,Jewell Loyd,away,3,2025.0,0,1885.0,761|1885|2025
401736256,Haley Jones,home,2,,0,1929.0,771|1929
401736256,Luisa Geiselsoder,home,4,1285.0,0,1254.0,808|1254|1285|1673
401736256,Jackie Young,away,1,,0,,933
401736256,Arike Ogunbowale,home,2,,0,1729.0,992|1729
401736256,Chelsea Gray,away,2,,0,1899.0,1200|1899
401736256,NaLyssa Smith,away,1,,0,,1274
401736256,Megan Gustafson,away,2,,0,2329.0,1531|2329
401736256,Myisha Hines-Allen,home,1,,0,,1585
401736256,Arike Ogunbowale personal,home,1,,0,,2392
401781604,Kelsey Plum,away,1,,0,,264
401781604,Nneka Ogwumike,away,1,,0,,850
401781604,Kelsey Mitchell,home,1,,0,,1219
401781604,Napheesa Collier,away,1,,0,,1435
401781604,Kayla Thornton,home,1,,0,,2339
401736257,Sonia Citron,home,5,988.0,1,362.0,248|362|988|1758|2133
401736257,Azura Stevens,away,4,1499.0,0,401.0,261|401|1499|1577
401736257,Shakira Austin,home,3,1340.0,0,980.0,634|980|1340
401736257,Julie Vanloo,away,3,1936.0,0,891.0,662|891|1936
401736257,Dearica Hamby,away,4,1528.0,0,969.0,671|969|1528|1631
401736257,Kelsey Plum,away,2,,0,1780.8,846|1781
401736257,Stefanie Dolson,home,3,2098.0,0,2031.0,912|2031|2098
401736257,Julie Allemand,away,2,,0,1267.0,1068|1267
401736257,Kiki Iriafen,home,4,1430.0,0,1283.0,1145|1283|1430|1958
401736257,Sania Feagin,away,1,,0,,1749
401736257,Rae Burrell,away,4,1994.0,0,1984.0,1811|1984|1994|1999
401736258,Natasha Cloud,home,4,2047.0,0,714.0,141|714|2047|2147
401736258,Aliyah Boston,away,6,1534.0,0,462.0,181|462|1534|1901|2128|2298
401736258,Aari McDonald,away,3,1515.0,0,401.0,305|401|1515
401736258,Natasha Howard,away,4,1267.0,0,1170.9,850|1171|1267|1973
401736258,Kelsey Mitchell,away,3,1665.0,0,1389.0,881|1389|1665
401736258,Jonquel Jones,home,5,1482.0,0,1460.0,889|1460|1482|1919|2087
401736258,Leonie Fiebich,home,3,1349.0,0,1093.0,989|1093|1349
401736258,Breanna Stewart,home,2,,0,1656.0,1056|1656
401736258,Lexie Hull,away,1,,0,,1155
401736258,Kennedy Burke,home,1,,0,,1594
401736258,Sydney Colson,away,1,,0,,1610
401736258,Isabelle Harrison,home,1,,0,,1624
401736258,Sophie Cunningham,away,2,,0,1838.0,1776|1838
401736258,Sabrina Ionescu,home,1,,0,,1956
401736258,Damiris Dantas,away,1,,0,,2332
401736258,Sophie Cunningham personal,away,1,,0,,2342
401736259,Kamilla Cardoso,away,6,1018.0,1,428.0,146|428|1018|1336|2211|2228
401736259,Napheesa Collier,home,2,,0,1584.0,243|1584
401736259,Bridget Carleton,home,1,,0,,321
401736259,Maria Kliundikova,home,2,,0,1794.9,438|1795
401736259,Diamond Miller,home,2,,0,1772.0,438|1772
401736259,Angel Reese,away,4,1911.0,0,685.0,438|685|1911|2037
401736259,Hailey Van Lith,away,1,,0,,598
401736259,Courtney Williams,home,2,,0,1187.9,656|1188
401736259,Kayla McBride,home,3,1515.0,0,1234.0,672|1234|1515
401736259,Rachel Banham,away,2,,0,2021.0,761|2021
401736259,Rebecca Allen,away,5,1900.0,0,1573.0,910|1573|1900|2277|2375
401736259,Maddy Westbeld,away,2,,0,1138.0,1087|1138
401736259,Alanna Smith,home,3,1976.0,0,1957.0,1400|1957|1976
401736259,Kia Nurse,away,1,,0,,1726
401736259,Double,home,1,,0,,1761
401736259,Anastasiia Olairi Kosu,home,1,,0,,2241
401736260,Jackie Young,home,4,1324.0,0,1261.0,21|1261|1324|1422
401736260,Jewell Loyd,home,1,,0,,226
401736260,A'ja Wilson,home,3,2184.0,0,1998.0,243|1998|2184
401736260,Brionna Jones,away,2,,0,1357.0,281|1357
401736260,NaLyssa Smith,home,4,1250.0,0,968.0,415|968|1250|2335
401736260,Shatori Walker-Kimbrough,away,3,1950.0,0,1199.9,456|1200|1950
401736260,Aaliyah Nye,home,2,,0,1644.0,480|1644
401736260,Nia Coffey,away,2,,0,1775.9,545|1776
401736260,Naz Hillmon defensive 3-seconds (technical,away,1,,0,,805
401736260,Jordin Canada,away,2,,0,1891.0,958|1891
401736260,Chelsea Gray,home,1,,0,,1167
401736260,Allisha Gray,away,3,2027.0,0,1836.0,1186|1836|2027
401736260,Maya Caldwell,away,2,,0,1409.0,1306|1409
401736260,Brittney Griner,away,2,,0,1400.0,1367|1400
401736260,Naz Hillmon,away,2,,0,2115.0,1528|2115
401736260,Karl Smesko,away,1,,0,,1592
401736260,Megan Gustafson,home,2,,0,1720.0,1602|1720
401736260,Dana Evans,home,1,,0,,1902
401736261,Li Yueru,away,3,2153.0,0,1432.0,129|1432|2153
401736261,Luisa Geiselsoder,away,3,1705.0,0,1572.0,175|1572|1705
401736261,Dominique Malonga,home,3,709.0,1,694.0,444|694|709
401736261,Gabby Williams,home,1,,0,,455
401736261,Alysha Clark,home,2,,0,1691.0,468|1691
401736261,Arike Ogunbowale,away,4,1583.0,0,1326.0,511|1326|1583|2217
401736261,Tiffany Mitchell personal,home,1,,0,,595
401736261,Teaira McCowan,away,1,,0,,684
401736261,Grace Berger,away,3,2246.0,0,1888.0,778|1888|2246
401736261,JJ Quinerly,away,2,,0,1518.0,933|1518
401736261,Erica Wheeler,home,4,2067.0,0,1407.0,1214|1407|2067|2165
401736261,Zia Cooke,home,1,,0,,1417
401736261,Ezi Magbegor,home,2,,0,1983.0,1500|1983
401736261,Double,away,1,,0,,1592
401736261,Nneka Ogwumike,home,1,,0,,1592
401736261,Tiffany Mitchell,home,1,,0,,1603
401736261,Lexie Brown,home,1,,0,,1722
401736262,Sami Whitcomb,home,2,,0,1078.0,41|1078
401736262,Shatori Walker-Kimbrough,away,2,,0,969.0,403|969
401736262,Brionna Jones,away,2,,0,1490.0,433|1490
401736262,Lexi Held,home,3,1761.8,0,919.0,480|919|1762
401736262,Satou Sabally,home,3,2276.0,0,1272.0,520|1272|2276
401736262,Brittney Griner,away,3,1098.0,1,1043.0,721|1043|1098
401736262,Jordin Canada,away,1,,0,,788
401736262,Allisha Gray,away,3,2191.0,0,1136.0,826|1136|2191
401736262,Natasha Mack,home,2,,0,2291.0,1006|2291
401736262,Kitija Laksa,home,1,,0,,1010
401736262,DeWanna Bonner,home,3,2330.0,0,2211.0,1098|2211|2330
401736262,Kahleah Copper,home,3,1928.0,0,1381.0,1314|1381|1928
401736262,Alyssa Thomas,home,1,,0,,1384
401736262,Maya Caldwell,away,1,,0,,1419
401736262,Naz Hillmon,away,3,2311.0,0,1876.0,1662|1876|2311
401736262,Kathryn Westbeld,home,1,,0,,2340
401736263,Saniya Rivers,home,2,,0,187.0,99|187
401736263,Julie Allemand,away,2,,0,2113.0,169|2113
401736263,Leila Lacan,home,4,1833.0,0,1681.0,211|1681|1833|2237
401736263,Bria Hartley,home,3,1395.0,0,1183.9,346|1184|1395
401736263,Aneesah Morrow,home,4,1553.0,0,1441.0,440|1441|1553|1603
401736263,Olivia Nelson-Ododa,home,3,2137.0,0,1926.0,785|1926|2137
401736263,Dearica Hamby,away,3,1405.0,0,851.0,848|851|1405
401736263,Migna Toure,home,2,,0,1161.9,910|1162
401736263,Kelsey Plum,away,5,1541.0,0,1322.0,975|1322|1541|1695|1954
401736263,Tina Charles,home,1,,0,,1031
401736263,Rae Burrell,away,2,,0,1943.0,1057|1943
401736263,Rickea Jackson,away,2,,0,1441.0,1122|1441
401736263,Marina Mabrey,home,1,,0,,1261
401736263,Azura Stevens,away,2,,0,2231.0,1299|2231
401736263,Jacy Sheldon,home,3,2029.0,0,1739.0,1533|1739|2029
401736263,Haley Peters,home,1,,0,,1904
401736263,Sarah Ashlee Barker,away,1,,0,,2271
401736263,Sania Feagin,away,1,,0,,2365
401736263,Julie Vanloo,away,1,,0,,2383
401736264,Kelsey Mitchell,home,2,,0,1618.0,91|1618
401736264,NaLyssa Smith,away,4,1811.0,0,1253.0,181|1253|1811|2086
401736264,Aari McDonald,home,3,1600.0,0,1575.0,191|1575|1600
401736264,Kierstan Bell,away,1,,0,,241
401736264,Kiah Stokes,away,1,,0,,308
401736264,Aliyah Boston,home,4,2126.0,0,536.0,511|536|2126|2155
401736264,A'ja Wilson,away,4,1429.0,0,1174.9,514|1175|1429|2253
401736264,Sophie Cunningham,home,2,,0,598.9,531|599
401736264,Natasha Howard,home,2,,0,1576.0,555|1576
401736264,Dana Evans,away,1,,0,,566
401736264,Natasha Howard defensive 3-seconds (technical,home,1,,0,,592
401736264,Sydney Colson,home,1,,0,,782
401736264,Jackie Young,away,3,1633.0,0,952.0,824|952|1633
401736264,Megan Gustafson,away,3,1681.0,0,1662.0,840|1662|1681
401736264,Stephanie White,home,1,,0,,847
401736264,Chelsea Gray,away,1,,0,,1273
401736264,Lexie Hull,home,1,,0,,1585
401736264,Jewell Loyd,away,1,,0,,1893
401736264,Makayla Timpson,home,1,,0,,2115
401736264,Jackie Young personal,away,1,,0,,2380
401736264,Chelsea Gray personal,away,1,,0,,2387
401736265,Ezi Magbegor,away,1,,0,,75
401736265,Kamilla Cardoso,home,6,1340.0,0,794.0,166|794|1340|1424|1561|2108
401736265,Nneka Ogwumike,away,3,1392.0,0,405.0,253|405|1392
401736265,Erica Wheeler,away,4,1955.0,0,626.0,312|626|1955|2052
401736265,Hailey Van Lith,home,1,,0,,418
401736265,Kia Nurse,home,4,1148.9,1,825.0,448|825|1149|1223
401736265,Alysha Clark,away,2,,0,755.0,463|755
401736265,Elizabeth Williams,home,1,,0,,564
401736265,Marquesha Davis,home,1,,0,,1085
401736265,Skylar Diggins,away,1,,0,,1293
401736265,Dominique Malonga,away,5,1677.0,0,1641.0,1523|1641|1677|1847|1852
401736265,Tiffany Mitchell,away,1,,0,,1588
401736265,Maddy Westbeld,home,1,,0,,1596
401736265,Lexie Brown,away,2,,0,2136.0,1791|2136
401736265,Rachel Banham,home,1,,0,,2066
401736265,Mackenzie Holmes,away,1,,0,,2225
401736266,Natasha Cloud,home,4,951.0,1,941.0,180|941|951|1941
401736266,Kahleah Copper,away,2,,0,725.0,198|725
401736266,Satou Sabally,away,4,876.0,1,515.0,266|515|876|2339
401736266,Kitija Laksa,away,2,,0,1501.0,398|1501
401736266,Alyssa Thomas,away,2,,0,960.0,424|960
401736266,Rebekah Gardner,home,1,,0,,442
401736266,Marine Johannes,home,2,,0,1670.0,473|1670
401736266,Breanna Stewart,home,1,,0,,529
401736266,Stephanie Talbot,home,2,,0,747.0,618|747
401736266,Natasha Mack,away,2,,0,1900.0,742|1900
401736266,Sami Whitcomb,away,1,,0,,1033
401736266,Sabrina Ionescu,home,2,,0,1914.0,1197|1914
401736266,DeWanna Bonner,away,2,,0,1740.0,1200|1740
401736266,Leonie Fiebich,home,4,2289.0,0,2133.0,1309|2133|2289|2300
401736266,Jonquel Jones,home,1,,0,,1403
401736266,Lexi Held,away,2,,0,1730.0,1581|1730
401736266,Kennedy Burke,home,1,,0,,1908
401736266,Monique Akoa Makani,away,2,,0,2340.8,1952|2341
401736267,Bridget Carleton,home,5,1511.0,0,1330.0,49|1330|1511|1817|1880
401736267,A'ja Wilson,away,2,,0,253.0,146|253
401736267,Jewell Loyd,away,5,717.0,1,154.0,150|154|717|2105|2202
401736267,Alanna Smith,home,1,,0,,166
401736267,Maria Kliundikova,home,3,2300.0,0,2064.0,670|2064|2300
401736267,Jessica Shepard,home,1,,0,,692
401736267,Courtney Williams,home,2,,0,1443.0,695|1443
401736267,NaLyssa Smith,away,3,1303.0,0,1240.0,790|1240|1303
401736267,Jackie Young,away,4,1395.0,0,1089.0,969|1089|1395|1547
401736267,Napheesa Collier,home,2,,0,1065.0,991|1065
401736267,Chelsea Gray,away,1,,0,,1008
401736267,Dana Evans,away,3,1740.9,0,1546.0,1015|1546|1741
401736267,Becky Hammon,away,1,,0,,1395
401736267,Kierstan Bell,away,2,,0,2023.0,1416|2023
401736267,Megan Gustafson,away,4,1756.9,0,1620.0,1578|1620|1757|1767
401736267,Natisha Hiedeman,home,3,2036.0,0,1749.0,1675|1749|2036
401736267,Kiah Stokes,away,2,,0,1980.0,1708|1980
401736267,Anastasiia Olairi Kosu,home,1,,0,,2056
401736267,Aaliyah Nye,away,1,,0,,2331
401736268,Veronica Burton,home,2,,0,472.0,185|472
401736268,Arike Ogunbowale,away,5,2012.0,0,792.0,462|792|2012|2190|2338
401736268,Aziaha James,away,2,,0,2378.0,515|2378
401736268,Tiffany Hayes,home,5,1331.0,0,1319.0,674|1319|1331|1961|2299
401736268,Haley Jones,away,2,,0,2248.0,752|2248
401736268,DiJonai Carrington,away,4,1923.0,0,1743.9,942|1744|1923|2286
401736268,Li Yueru,away,1,,0,,1011
401736268,Temi Fagbenle,home,1,,0,,1356
401736268,Cecilia Zandalasini,home,3,2270.0,0,1659.0,1393|1659|2270
401736268,Luisa Geiselsoder,away,2,,0,2310.0,1443|2310
401736268,JJ Quinerly,away,1,,0,,1449
401736268,Iliana Rupert,home,1,,0,,1553
401736268,Carla Leite,home,3,2212.0,0,2135.0,1578|2135|2212
401736268,Paige Bueckers,away,4,2121.0,0,1672.0,1667|1672|2121|2363
401736270,Leonie Fiebich,home,1,,0,,179
401736270,Kelsey Plum,away,2,,0,1423.0,298|1423
401736270,Rebekah Gardner,home,4,1596.0,0,1145.0,469|1145|1596|1669
401736270,Rickea Jackson,away,4,1764.0,0,1637.0,531|1637|1764|2160
401736270,Marine Johannes,home,2,,0,845.0,597|845
401736270,Jonquel Jones,home,3,1887.0,0,1610.0,678|1610|1887
401736270,Sania Feagin,away,1,,0,,688
401736270,Sabrina Ionescu,home,3,1610.0,0,1435.0,873|1435|1610
401736270,Natasha Cloud,home,3,2144.0,0,1340.0,931|1340|2144
401736270,Rae Burrell,away,2,,0,1787.9,1079|1788
401736270,Dearica Hamby,away,1,,0,,1253
401736270,Julie Allemand,away,5,1967.0,0,1908.0,1388|1908|1967|2021|2262
401736270,Stephanie Talbot,home,2,,0,2394.8,1554|2395
401736270,Isabelle Harrison,home,1,,0,,1952
401736271,Ezi Magbegor,away,2,,0,2373.9,67|2374
401736271,Brittney Sykes,home,4,1942.0,0,938.0,82|938|1942|2134
401736271,Kiki Iriafen,home,2,,0,1433.0,195|1433
401736271,Jade Melbourne,home,2,,0,1573.0,324|1573
401736271,Dominique Malonga,away,4,645.0,1,631.0,467|631|645|2157
401736271,Emily Engstler,home,3,1917.0,0,1727.0,571|1727|1917
401736271,Sug Sutton,home,3,2160.0,0,1453.0,735|1453|2160
401736271,Stefanie Dolson,home,1,,0,,815
401736271,Erica Wheeler,away,2,,0,895.0,841|895
401736271,Gabby Williams,away,1,,0,,1129
401736271,Shakira Austin,home,1,,0,,1303
401736271,Tiffany Mitchell,away,1,,0,,1445
401736271,Lucy Olsen,home,1,,0,,1645
401736271,Alysha Clark,away,2,,0,1811.0,1756|1811
401736271,Sonia Citron,home,1,,0,,2257
401736271,Skylar Diggins,away,1,,0,,2372
401736272,Janelle Salaun,away,3,1552.0,0,1418.0,26|1418|1552
401736272,Aneesah Morrow,home,5,1623.0,0,593.8,138|594|1623|1650|2293
401736272,Iliana Rupert,away,2,,0,528.0,354|528
401736272,Veronica Burton,away,3,1027.0,1,981.0,413|981|1027
401736272,Olivia Nelson-Ododa,home,6,1076.0,1,613.0,557|613|1076|1499|1851|1952
401736272,Laeticia Amihere,away,3,2035.0,0,2024.0,705|2024|2035
401736272,Kate Martin,away,1,,0,,717
401736272,Jacy Sheldon,home,2,,0,1197.9,726|1198
401736272,Haley Peters,home,2,,0,1865.0,838|1865
401736272,Rayah Marshall,home,2,,0,2006.0,879|2006
401736272,Leila Lacan,home,2,,0,1659.0,914|1659
401736272,Marina Mabrey,home,2,,0,1318.0,947|1318
401736272,Tiffany Hayes,away,1,,0,,1041
401736272,Saniya Rivers,home,1,,0,,1146
401736272,Kaitlyn Chen,away,2,,0,1193.0,1165|1193
401736272,Temi Fagbenle,away,1,,0,,1347
401736272,Bria Hartley,home,1,,0,,1507
401736272,Tina Charles defensive 3-seconds (technical,home,1,,0,,1719
401736272,Carla Leite,away,1,,0,,2168
401736269,Rebecca Allen,home,4,856.0,1,819.0,100|819|856|2203
401736269,Rachel Banham,home,2,,0,2167.0,143|2167
401736269,Aari McDonald,away,1,,0,,288
401736269,Elizabeth Williams,home,5,988.0,1,681.0,386|681|988|1212|2278
401736269,Kamilla Cardoso,home,2,,0,1150.9,445|1151
401736269,Lexie Hull,away,3,1674.0,0,1567.0,637|1567|1674
401736269,Sydney Colson,away,2,,0,1689.0,691|1689
401736269,Aliyah Boston,away,2,,0,943.0,743|943
401736269,Kelsey Mitchell,away,2,,0,1536.0,863|1536
401736269,Michaela Onyenwere,home,1,,0,,1057
401736269,Sophie Cunningham,away,1,,0,,1141
401736269,Natasha Howard,away,1,,0,,1235
401736269,Makayla Timpson,away,2,,0,1965.0,1614|1965
401736269,Maddy Westbeld,home,3,1919.0,0,1769.9,1664|1770|1919
401736269,Kia Nurse,home,1,,0,,1694
401736273,Li Yueru,home,3,2244.0,0,2168.0,88|2168|2244
401736273,JJ Quinerly,home,3,1858.0,0,1198.0,167|1198|1858
401736273,DiJonai Carrington,home,4,806.0,1,444.0,246|444|806|1503
401736273,A'ja Wilson,away,3,1646.0,0,977.0,404|977|1646
401736273,Megan Gustafson,away,3,1824.0,0,591.9,513|592|1824
401736273,Haley Jones,home,2,,0,1881.0,720|1881
401736273,Luisa Geiselsoder,home,3,2250.0,0,965.0,730|965|2250
401736273,NaLyssa Smith,away,3,1282.0,0,1270.0,849|1270|1282
401736273,Kierstan Bell,away,2,,0,1432.0,873|1432
401736273,Arike Ogunbowale,home,1,,0,,1092
401736273,Jackie Young,away,2,,0,1729.0,1336|1729
401736273,Aziaha James,home,1,,0,,1532
401736273,Chelsea Gray,away,2,,0,2019.0,1557|2019
401736273,Dana Evans,away,3,1842.0,0,1793.9,1608|1794|1842
401736273,Grace Berger,home,2,,0,2303.0,1665|2303
401736273,Teaira McCowan,home,1,,0,,1686
401736273,Jewell Loyd,away,1,,0,,2039
401736274,Brittney Sykes,home,2,,0,2125.0,153|2125
401736274,Monique Akoa Makani,away,1,,0,,219
401736274,Stefanie Dolson,home,2,,0,534.0,235|534
401736274,Kiki Iriafen,home,2,,0,541.9,278|542
401736274,Kathryn Westbeld,away,2,,0,792.0,392|792
401736274,Shakira Austin,home,1,,0,,471
401736274,Natasha Mack,away,2,,0,2069.0,615|2069
401736274,Kahleah Copper,away,2,,0,2252.0,924|2252
401736274,Jade Melbourne,home,4,2309.0,0,2141.0,942|2141|2309|2383
401736274,Sonia Citron,home,2,,0,1698.0,966|1698
401736274,Satou Sabally,away,4,1401.0,0,1273.0,1010|1273|1401|2360
401736274,Lexi Held,away,3,1734.0,0,1087.0,1064|1087|1734
401736274,Alyssa Thomas,away,3,2189.0,0,1563.0,1127|1563|2189
401736274,Lucy Olsen,home,3,1901.0,0,1681.0,1619|1681|1901
401736274,DeWanna Bonner,away,2,,0,2354.0,1642|2354
401736275,Bridget Carleton,home,2,,0,1273.0,212|1273
401736275,Courtney Williams,home,2,,0,1030.0,377|1030
401736275,Jessica Shepard,home,3,2140.0,0,526.0,468|526|2140
401736275,Naz Hillmon,away,2,,0,2093.0,492|2093
401736275,Maya Caldwell,away,1,,0,,550
401736275,Maria Kliundikova,home,1,,0,,646
401736275,Nia Coffey,away,2,,0,814.0,768|814
401736275,Brionna Jones,away,2,,0,1327.0,941|1327
401736275,Allisha Gray,away,3,2343.8,0,1861.0,985|1861|2344
401736275,Alanna Smith,home,3,1765.9,0,1503.0,1059|1503|1766
401736275,Napheesa Collier,home,2,,0,1753.0,1124|1753
401736275,Diamond Miller,home,2,,0,1570.0,1462|1570
401736275,Te-Hina Paopao,away,1,,0,,1522
401736275,Jordin Canada,away,1,,0,,1711
401736275,Brittney Griner,away,1,,0,,2010
401736275,Natisha Hiedeman,home,1,,0,,2070
401736275,Napheesa Collier personal,home,1,,0,,2362
401736275,Bridget Carleton personal,home,1,,0,,2365
401736275,Natisha Hiedeman personal,home,1,,0,,2393
401736276,Marina Mabrey,home,2,,0,842.0,87|842
401736276,Ezi Magbegor,away,3,874.0,1,866.0,117|866|874
401736276,Nneka Ogwumike,away,3,1483.0,0,979.0,241|979|1483
401736276,Aneesah Morrow,home,1,,0,,325
401736276,Bria Hartley,home,2,,0,1902.0,413|1902
401736276,Tiffany Mitchell,away,4,1562.0,0,1487.0,449|1487|1562|1978
401736276,Lindsay Allen,home,1,,0,,517
401736276,Leila Lacan,home,3,2319.0,0,688.0,648|688|2319
401736276,Skylar Diggins,away,2,,0,1765.9,660|1766
401736276,Jacy Sheldon,home,3,1756.0,0,1730.0,740|1730|1756
401736276,Erica Wheeler,away,2,,0,950.0,897|950
401736276,Zia Cooke,away,3,2047.0,0,1052.0,913|1052|2047
401736276,Migna Toure,home,1,,0,,923
401736276,Tina Charles,home,1,,0,,1579
401736276,Dominique Malonga,away,2,,0,2133.0,1622|2133
401736276,Haley Peters,home,1,,0,,1736
401736276,Mackenzie Holmes,away,1,,0,,2097
401736276,Alysha Clark,away,2,,0,2372.9,2239|2373
401736276,Lexie Brown,away,1,,0,,2293
401736277,Natasha Cloud,away,5,1755.9,0,1755.9,30|1756|1756|1891|2334
401736277,JJ Quinerly,home,3,2158.0,0,1370.0,185|1370|2158
401736277,Sabrina Ionescu,away,2,,0,2264.0,328|2264
401736277,Li Yueru,home,3,1734.0,0,902.0,340|902|1734
401736277,Stephanie Talbot,away,3,1196.9,1,1159.9,513|1160|1197
401736277,Paige Bueckers,home,2,,0,2283.0,726|2283
401736277,Grace Berger,home,1,,0,,787
401736277,Myisha Hines-Allen,home,3,1694.0,0,1569.0,819|1569|1694
401736277,Haley Jones,home,2,,0,2097.0,1027|2097
401736277,Luisa Geiselsoder,home,2,,0,2187.0,1107|2187
401736277,Jonquel Jones,away,1,,0,,1215
401736277,Arike Ogunbowale,home,1,,0,,1546
401736277,Marine Johannes,away,1,,0,,1635
401736277,Natasha Cloud personal,away,1,,0,,2346
401736278,Temi Fagbenle defensive 3-seconds (technical,away,1,,0,,18
401736278,Janelle Salaun,away,4,1164.9,1,285.0,27|285|1165|1383
401736278,Monique Billings,away,1,,0,,69
401736278,Brionna Jones,home,2,,0,2325.0,154|2325
401736278,Allisha Gray,home,4,1380.0,0,305.0,238|305|1380|1750
401736278,Te-Hina Paopao,home,1,,0,,357
401736278,Jordin Canada,home,2,,0,736.0,549|736
401736278,Carla Leite,away,2,,0,1175.0,561|1175
401736278,Temi Fagbenle,away,4,939.0,1,756.0,709|756|939|2212
401736278,Tiffany Hayes,away,2,,0,2252.0,852|2252
401736278,Iliana Rupert,away,3,1701.0,0,1598.0,1317|1598|1701
401736278,Laeticia Amihere,away,2,,0,1911.0,1437|1911
401736278,Cecilia Zandalasini,away,3,1846.0,0,1776.9,1738|1777|1846
401736278,Brittney Griner,home,1,,0,,1738
401736278,Maya Caldwell,home,1,,0,,1896
401736279,Kamilla Cardoso,away,2,,0,432.0,58|432
401736279,Shakira Austin,home,5,615.0,1,241.0,111|241|615|1346|2198
401736279,Kiki Iriafen,home,3,2002.0,0,596.0,181|596|2002
401736279,Elizabeth Williams,away,3,1093.0,1,401.0,311|401|1093
401736279,Jade Melbourne,home,1,,0,,352
401736279,Maddy Westbeld,away,2,,0,1842.0,497|1842
401736279,Stefanie Dolson,home,4,1048.0,1,909.0,772|909|1048|1437
401736279,Tyler Marsh,away,1,,0,,860
401736279,Rebecca Allen,away,3,1332.0,0,1240.0,923|1240|1332
401736279,Angel Reese,away,5,1365.0,0,1166.9,1030|1167|1365|1557|1582
401736279,Rachel Banham,away,3,2215.0,0,1867.0,1504|1867|2215
401736279,Emily Engstler,home,1,,0,,1563
401736279,Kia Nurse,away,2,,0,2293.0,1667|2293
401736279,Lucy Olsen,home,1,,0,,1766
401736279,Sonia Citron,home,2,,0,2261.0,1945|2261
401736280,A'ja Wilson,away,4,2282.0,0,1493.0,41|1493|2282|2328
401736280,Dearica Hamby,home,4,2013.0,0,1558.0,133|1558|2013|2140
401736280,Kelsey Plum,home,6,1224.0,0,1155.9,189|1156|1224|1224|2191|2245
401736280,Rickea Jackson,home,2,,0,1623.0,276|1623
401736280,Azura Stevens,home,1,,0,,287
401736280,Jewell Loyd,away,2,,0,1529.0,550|1529
401736280,Kierstan Bell,away,1,,0,,569
401736280,Megan Gustafson,away,3,1866.0,0,656.0,644|656|1866
401736280,Julie Vanloo,home,2,,0,1798.0,819|1798
401736280,Cameron Brink,home,2,,0,2317.0,970|2317
401736280,NaLyssa Smith,away,3,1467.0,0,1255.0,1028|1255|1467
401736280,Becky Hammon,away,1,,0,,1365
401736280,Julie Allemand,home,1,,0,,1447
401736280,Jackie Young,away,2,,0,2213.0,1587|2213
401736280,Chelsea Gray,away,1,,0,,1747
401736280,Lynne Roberts,home,1,,0,,1991
401736280,Kiah Stokes,away,1,,0,,2380
401736281,Aliyah Boston,home,2,,0,1279.0,77|1279
401736281,Natasha Mack,away,3,1211.0,0,678.0,97|678|1211
401736281,Natasha Howard,home,4,1090.0,1,186.0,124|186|1090|2192
401736281,Sophie Cunningham,home,2,,0,534.0,178|534
401736281,Kahleah Copper,away,5,1366.0,0,698.0,200|698|1366|1886|1969
401736281,Kelsey Mitchell,home,5,1001.0,1,926.0,264|926|1001|1466|1810
401736281,Aari McDonald,home,4,1989.0,0,1937.0,296|1937|1989|2328
401736281,Alyssa Thomas,away,4,1887.0,0,734.0,308|734|1887|2129
401736281,Lexi Held,away,1,,0,,398
401736281,Satou Sabally,away,7,1219.0,0,650.0,534|650|1219|2158|2202|2230|2323
401736281,Sydney Colson,home,1,,0,,563
401736281,Lexie Hull,home,6,1537.0,0,808.0,668|808|1537|1845|2211|2247
401736281,Kathryn Westbeld,away,3,2358.6,0,1649.0,706|1649|2359
401736281,Monique Akoa Makani,away,2,,0,1961.0,905|1961
401736281,Sami Whitcomb,away,3,1998.0,0,1660.0,1157|1660|1998
401736281,Damiris Dantas,home,1,,0,,1490
401736281,DeWanna Bonner,away,1,,0,,2029
401736281,Chloe Bibby,home,1,,0,,2046
401736281,Stephanie White,home,1,,0,,2328
401736282,Haley Jones,home,4,1425.0,0,397.0,178|397|1425|1817
401736282,Myisha Hines-Allen,home,2,,0,2326.0,419|2326
401736282,Li Yueru,home,1,,0,,428
401736282,Brittney Griner,away,4,1258.0,0,1258.0,466|1258|1258|1258
401736282,DiJonai Carrington,home,1,,0,,565
401736282,Allisha Gray,away,5,1281.0,0,953.0,580|953|1281|1933|1978
401736282,Maya Caldwell,away,2,,0,1030.0,703|1030
401736282,Luisa Geiselsoder,home,3,2212.0,0,1358.0,727|1358|2212
401736282,Naz Hillmon,away,1,,0,,964
401736282,Paige Bueckers,home,1,,0,,1138
401736282,Te-Hina Paopao,away,2,,0,2279.0,2135|2279
401736282,Brionna Jones,away,1,,0,,2240
401736283,Sabrina Ionescu,away,1,,0,,309
401736283,Kayla McBride,home,3,1657.0,0,1023.0,394|1023|1657
401736283,Jonquel Jones,away,3,2147.0,0,1366.0,404|1366|2147
401736283,Natasha Cloud,away,1,,0,,613
401736283,Isabelle Harrison,away,4,2183.0,0,2044.0,712|2044|2183|2350
401736283,Napheesa Collier,home,3,2114.0,0,1059.0,823|1059|2114
401736283,Leonie Fiebich,away,3,1299.0,0,1112.0,989|1112|1299
401736283,Bridget Carleton,home,1,,0,,1411
401736283,Alanna Smith,home,3,2384.6,0,1588.0,1530|1588|2385
401736283,Marine Johannes,away,1,,0,,1578
401736283,Stephanie Talbot,away,1,,0,,1596
401736283,Natisha Hiedeman,home,3,1991.0,0,1950.0,1661|1950|1991
401736283,Diamond Miller,home,1,,0,,1863
401736283,Courtney Williams,home,1,,0,,2161
401736283,Natasha Cloud personal,away,1,,0,,2355
401736283,Stephanie Talbot personal,away,1,,0,,2362
401736283,Sabrina Ionescu personal,away,1,,0,,2379
401736284,Brittney Sykes,home,2,,0,614.0,34|614
401736284,Sug Sutton,home,2,,0,2279.0,92|2279
401736284,Tiffany Hayes,away,2,,0,916.0,110|916
401736284,Stefanie Dolson,home,2,,0,948.0,361|948
401736284,Iliana Rupert,away,4,1391.0,0,559.9,450|560|1391|1752
401736284,Jade Melbourne,home,4,1520.0,0,547.5,540|548|1520|2016
401736284,Shakira Austin,home,2,,0,1223.0,619|1223
401736284,Kate Martin,away,1,,0,,825
401736284,Temi Fagbenle,away,1,,0,,833
401736284,Kiki Iriafen,home,4,1493.0,0,1174.3,1079|1174|1493|1552
401736284,Laeticia Amihere,away,3,1646.0,0,1530.0,1155|1530|1646
401736284,Lucy Olsen,home,1,,0,,1581
401736284,Janelle Salaun,away,2,,0,2119.0,1646|2119
401736284,Kaitlyn Chen,away,1,,0,,1778
401736284,Sonia Citron,home,1,,0,,1892
401736284,Veronica Burton,away,1,,0,,2222
401736285,Alyssa Thomas,away,1,,0,,49
401736285,Naz Hillmon,home,3,2063.0,0,1921.0,95|1921|2063
401736285,Nia Coffey,home,1,,0,,516
401736285,Brionna Jones,home,3,1910.0,0,1004.0,627|1004|1910
401736285,Maya Caldwell,home,2,,0,1122.0,769|1122
401736285,Kahleah Copper,away,3,1457.0,0,1457.0,779|1457|1457
401736285,Monique Akoa Makani,away,3,1626.0,0,897.0,841|897|1626
401736285,Sami Whitcomb,away,2,,0,1036.0,926|1036
401736285,Shatori Walker-Kimbrough,home,3,1838.0,0,1761.6,941|1762|1838
401736285,Satou Sabally,away,1,,0,,957
401736285,Allisha Gray,home,1,,0,,1018
401736285,Kathryn Westbeld,away,1,,0,,1232
401736285,Kalani Brown,away,2,,0,2333.0,1423|2333
401736285,Jordin Canada,home,1,,0,,1469
401736285,Te-Hina Paopao,home,1,,0,,1575
401736286,Bria Hartley,home,3,1276.0,0,973.0,66|973|1276
401736286,Saniya Rivers,home,2,,0,978.0,132|978
401736286,Natasha Cloud,away,4,1267.0,0,772.0,333|772|1267|1382
401736286,Leila Lacan,home,2,,0,1873.0,396|1873
401736286,Jonquel Jones,away,4,1095.0,1,989.0,529|989|1095|1675
401736286,Leonie Fiebich,away,2,,0,1551.0,827|1551
401736286,Sabrina Ionescu,away,3,2139.0,0,1978.0,899|1978|2139
401736286,Olivia Nelson-Ododa,home,2,,0,1861.0,1051|1861
401736286,Tina Charles,home,2,,0,1489.0,1225|1489
401736286,Jacy Sheldon,home,1,,0,,1594
401736286,Marina Mabrey,home,2,,0,1688.0,1622|1688
401736286,Isabelle Harrison,away,1,,0,,1707
401736286,Stephanie Talbot,away,1,,0,,2182
401736287,Rachel Banham,home,4,1613.0,0,736.0,305|736|1613|2365
401736287,Janelle Salaun,away,3,1521.0,0,1388.0,437|1388|1521
401736287,Kamilla Cardoso,home,2,,0,1965.0,611|1965
401736287,Sevgi Uzun defensive 3-seconds (technical,home,1,,0,,643
401736287,Maddy Westbeld,home,4,1561.0,0,774.0,686|774|1561|1840
401736287,Veronica Burton,away,1,,0,,877
401736287,Temi Fagbenle,away,2,,0,1174.2,931|1174
401736287,Kaila Charles,away,2,,0,2113.0,973|2113
401736287,Kaitlyn Chen,away,2,,0,2066.0,1116|2066
401736287,Sevgi Uzun,home,3,2046.0,0,2017.0,1162|2017|2046
401736287,Kate Martin,away,2,,0,2164.0,1312|2164
401736287,Iliana Rupert,away,2,,0,1811.0,1703|1811
401736287,Kia Nurse,home,1,,0,,2267
401736287,Elizabeth Williams,home,1,,0,,2384
401736288,Arike Ogunbowale,home,2,,0,1794.4,110|1794
401736288,Haley Jones,home,4,997.0,1,977.0,273|977|997|1010
401736288,Aliyah Boston,away,4,1955.0,0,1425.0,283|1425|1955|2046
401736288,Aziaha James,home,3,1993.0,0,938.0,309|938|1993
401736288,Sydney Colson,away,1,,0,,405
401736288,Damiris Dantas,away,3,1861.0,0,671.0,510|671|1861
401736288,Natasha Howard,away,5,1715.0,0,1413.0,578|1413|1715|2321|2362
401736288,Teaira McCowan,home,1,,0,,804
401736288,Chloe Bibby,away,1,,0,,871
401736288,Sophie Cunningham,away,2,,0,1089.0,892|1089
401736288,Myisha Hines-Allen,home,2,,0,1135.0,1072|1135
401736288,Aari McDonald,away,1,,0,,1259
401736288,Lexie Hull,away,2,,0,1875.0,1588|1875
401736288,DiJonai Carrington,home,2,,0,1796.5,1762|1796
401736288,JJ Quinerly,home,2,,0,2230.0,2110|2230
401736289,Erica Wheeler,home,5,1462.0,0,1391.0,55|1391|1462|1754|2582
401736289,Azura Stevens,away,3,2592.0,0,543.0,86|543|2592
401736289,Ezi Magbegor,home,5,750.0,1,682.0,207|682|750|2075|2091
401736289,Tiffany Mitchell,home,2,,0,611.0,408|611
401736289,Dominique Malonga,home,3,1680.0,0,861.0,594|861|1680
401736289,Cameron Brink,away,5,1989.0,0,1762.8,776|1763|1989|2067|2136
401736289,Dearica Hamby,away,5,2730.0,0,1346.0,901|1346|2730|2855|2975
401736289,Nneka Ogwumike,home,2,,0,1487.0,979|1487
401736289,Lexie Brown,home,2,,0,1940.0,1003|1940
401736289,Skylar Diggins,home,1,,0,,1108
401736289,Kelsey Plum,away,4,2109.0,0,2005.0,1255|2005|2109|2972
401736289,Julie Allemand,away,2,,0,2623.0,1291|2623
401736289,Rickea Jackson,away,2,,0,1810.0,1442|1810
401736289,Rae Burrell,away,1,,0,,1664
401736289,Gabby Williams,home,1,,0,,2349
401736290,Kayla McBride,away,2,,0,1444.0,106|1444
401736290,Courtney Williams,away,1,,0,,208
401736290,Chelsea Gray,home,2,,0,942.0,222|942
401736290,Jewell Loyd,home,1,,0,,284
401736290,Alanna Smith,away,3,1418.0,0,346.0,324|346|1418
401736290,Megan Gustafson,home,4,1512.0,0,480.0,446|480|1512|1596
401736290,Jessica Shepard,away,1,,0,,694
401736290,Maria Kliundikova,away,2,,0,1963.0,743|1963
401736290,Jackie Young,home,3,1423.0,0,1231.0,992|1231|1423
401736290,NaLyssa Smith,home,3,1478.0,0,1096.0,1042|1096|1478
401736290,Napheesa Collier,away,1,,0,,1057
401736290,A'ja Wilson,home,1,,0,,1269
401736290,Bridget Carleton,away,1,,0,,1392
401736290,Kiah Stokes,home,2,,0,2316.0,1659|2316
401736290,Yvonne Anderson,away,3,2207.0,0,2177.0,1713|2177|2207
401736290,Anastasiia Olairi Kosu,away,2,,0,2141.0,1851|2141
401736290,Dana Evans,home,1,,0,,2043
401736292,Leonie Fiebich,away,3,907.0,1,836.0,259|836|907
401736292,Stephanie Talbot,away,2,,0,438.0,316|438
401736292,Leila Lacan,home,3,1416.0,0,1307.0,348|1307|1416
401736292,Aneesah Morrow,home,2,,0,2375.9,399|2376
401736292,Lindsay Allen,home,2,,0,1822.0,563|1822
401736292,Natasha Cloud,away,4,1347.0,0,737.0,729|737|1347|1465
401736292,Marina Mabrey,home,4,1603.0,0,1362.0,855|1362|1603|2145
401736292,Saniya Rivers,home,2,,0,2255.0,1027|2255
401736292,Tina Charles,home,3,1894.0,0,1091.0,1032|1091|1894
401736292,Jonquel Jones,away,3,2024.0,0,1770.5,1123|1770|2024
401736292,Bria Hartley,home,2,,0,1329.0,1224|1329
401736292,Emma Meesseman,away,3,1977.0,0,1354.0,1325|1354|1977
401736292,Rebekah Gardner,away,2,,0,2381.8,1434|2382
401736292,Jacy Sheldon,home,1,,0,,1551
401736292,Isabelle Harrison,away,2,,0,2367.2,1572|2367
401736292,Marine Johannes,away,1,,0,,1596
401736292,Mamignan Toure,home,2,,0,1901.0,1758|1901
401736291,Allisha Gray,home,2,,0,2239.0,104|2239
401736291,Maya Caldwell,home,4,488.0,1,173.0,156|173|488|1326
401736291,Jordin Canada,home,4,1960.0,0,1597.0,208|1597|1960|1968
401736291,Stefanie Dolson,away,2,,0,941.0,222|941
401736291,Sonia Citron,away,3,1553.0,0,875.0,286|875|1553
401736291,Te-Hina Paopao,home,2,,0,2184.0,338|2184
401736291,Jade Melbourne,away,3,2227.0,0,2168.0,347|2168|2227
401736291,Lucy Olsen,away,3,1539.0,0,664.0,389|664|1539
401736291,Shakira Austin,away,4,2076.0,0,1056.0,483|1056|2076|2323
401736291,Naz Hillmon,home,2,,0,1994.0,719|1994
401736291,Brittney Sykes,away,2,,0,1338.0,809|1338
401736291,Nia Coffey,home,2,,0,2026.0,854|2026
401736291,Sug Sutton,away,1,,0,,1096
401736291,Brionna Jones,home,4,1680.0,0,1483.0,1310|1483|1680|2002
401736291,Emily Engstler,away,1,,0,,1609
401736291,Kiki Iriafen,away,3,1979.0,0,1911.0,1816|1911|1979
401736295,Ezi Magbegor,home,4,1488.0,0,1308.0,124|1308|1488|1602
401736295,Nneka Ogwumike,home,2,,0,968.0,162|968
401736295,Erica Wheeler,home,2,,0,2099.0,192|2099
401736295,Kelsey Mitchell,away,2,,0,2072.0,372|2072
401736295,Chloe Bibby,away,1,,0,,378
401736295,Sydney Colson,away,1,,0,,453
401736295,Sophie Cunningham,away,2,,0,2220.0,472|2220
401736295,Aliyah Boston,away,3,1797.3,0,559.8,484|560|1797
401736295,Dominique Malonga,home,3,2274.0,0,724.0,595|724|2274
401736295,Natasha Howard,away,4,1366.0,0,905.0,711|905|1366|2010
401736295,Damiris Dantas,away,1,,0,,798
401736295,Gabby Williams,home,1,,0,,876
401736295,Skylar Diggins,home,4,2301.0,0,1426.0,885|1426|2301|2398
401736295,Aari McDonald,away,3,2266.0,0,2022.0,1053|2022|2266
401736295,Tiffany Mitchell,home,2,,0,1665.0,1103|1665
401736295,Lexie Hull,away,2,,0,1986.0,1511|1986
401736293,Rebecca Allen,home,2,,0,1392.0,104|1392
401736293,Kalani Brown,away,4,1469.0,0,1166.1,148|1166|1469|2278
401736293,Michaela Onyenwere,home,2,,0,1447.0,332|1447
401736293,Rachel Banham,home,2,,0,368.0,360|368
401736293,Lexi Held,away,4,1972.0,0,1764.5,568|1764|1972|2234
401736293,Hailey Van Lith,home,3,1681.0,0,1609.0,782|1609|1681
401736293,Maddy Westbeld,home,1,,0,,864
401736293,Monique Akoa Makani,away,2,,0,2034.0,875|2034
401736293,Natasha Mack,away,4,1844.0,0,1770.8,909|1771|1844|2210
401736293,Kahleah Copper,away,2,,0,1399.0,1118|1399
401736293,Sami Whitcomb,away,1,,0,,1450
401736293,Elizabeth Williams,home,2,,0,1898.0,1749|1898
401736293,Sevgi Uzun,home,1,,0,,2324
401736294,Jackie Young,home,2,,0,925.0,112|925
401736294,NaLyssa Smith,home,2,,0,370.0,178|370
401736294,Kate Martin,away,3,1636.0,0,599.1,379|599|1636
401736294,Jewell Loyd,home,4,1988.0,0,1131.0,400|1131|1988|2044
401736294,Kaila Charles,away,3,1900.0,0,1621.0,474|1621|1900
401736294,Carla Leite,away,1,,0,,727
401736294,Laeticia Amihere,away,1,,0,,754
401736294,Chelsea Gray,home,2,,0,1999.0,837|1999
401736294,Natalie Nakase,away,1,,0,,913
401736294,Veronica Burton,away,2,,0,1232.0,955|1232
401736294,Temi Fagbenle,away,2,,0,1049.0,962|1049
401736294,A'ja Wilson,home,3,1469.0,0,1469.0,1090|1469|1469
401736294,Janelle Salaun,away,1,,0,,1197
401736294,Iliana Rupert,away,2,,0,1931.0,1503|1931
401736294,Laeticia Amihere defensive 3-seconds (technical,away,1,,0,,1670
401736294,Megan Gustafson,home,3,2294.0,0,2236.0,1879|2236|2294
401736296,JJ Quinerly,away,1,,0,,153
401736296,Paige Bueckers,away,2,,0,1199.2,156|1199
401736296,Haley Jones,away,6,2014.0,0,621.0,234|621|2014|2027|2189|2379
401736296,Emma Meesseman,home,1,,0,,259
401736296,Maddy Siegrist,away,2,,0,513.0,381|513
401736296,Rebekah Gardner,home,2,,0,1479.0,531|1479
401736296,Grace Berger,away,3,1986.0,0,1003.0,713|1003|1986
401736296,Sabrina Ionescu,home,3,2364.8,0,1089.0,832|1089|2365
401736296,Isabelle Harrison,home,1,,0,,1121
401736296,Arike Ogunbowale,away,1,,0,,1212
401736296,Leonie Fiebich,home,3,1769.5,0,1699.0,1578|1699|1770
401736296,Diamond Miller,away,2,,0,1791.3,1643|1791
401736296,Stephanie Talbot,home,1,,0,,1970
401736296,Jonquel Jones,home,1,,0,,2104
401736296,Luisa Geiselsoder,away,1,,0,,2205
401736296,Natasha Cloud,home,1,,0,,2259
401736297,Shakira Austin,away,3,1841.0,0,897.0,118|897|1841
401736297,Rachel Banham,home,3,2290.0,0,824.0,298|824|2290
401736297,Sug Sutton,away,1,,0,,445
401736297,Lucy Olsen,away,1,,0,,570
401736297,Sevgi Uzun,home,2,,0,2143.0,657|2143
401736297,Kiki Iriafen,away,1,,0,,671
401736297,Elizabeth Williams,home,1,,0,,720
401736297,Stefanie Dolson,away,3,1465.0,0,936.0,868|936|1465
401736297,Jade Melbourne,away,2,,0,1959.0,982|1959
401736297,Rebecca Allen,home,1,,0,,996
401736297,Kamilla Cardoso,home,1,,0,,1062
401736297,Ariel Atkins,home,3,1451.0,0,1272.0,1213|1272|1451
401736297,Michaela Onyenwere,home,1,,0,,1420
401736297,Kia Nurse,home,2,,0,1632.0,1448|1632
401736297,Maddy Westbeld,home,1,,0,,1685
401736297,Emily Engstler,away,1,,0,,2293
401736298,Dearica Hamby,home,4,2338.0,0,1133.0,50|1133|2338|2344
401736298,Kelsey Mitchell,away,3,1075.0,1,953.0,129|953|1075
401736298,Natasha Howard,away,2,,0,1577.0,157|1577
401736298,Kelsey Plum,home,2,,0,2192.0,311|2192
401736298,Cameron Brink,home,2,,0,1693.0,550|1693
401736298,Rae Burrell,home,1,,0,,726
401736298,Makayla Timpson,away,1,,0,,784
401736298,Julie Vanloo,home,2,,0,2149.0,842|2149
401736298,Azura Stevens,home,3,1436.0,0,1390.0,951|1390|1436
401736298,Julie Allemand,home,2,,0,1298.0,1035|1298
401736298,Aliyah Boston,away,3,2184.0,0,2083.0,1233|2083|2184
401736298,Aari McDonald,away,3,1957.0,0,1849.0,1265|1849|1957
401736298,Lexie Hull,away,3,2380.4,0,2121.0,1570|2121|2380
401736298,Rickea Jackson,home,1,,0,,1628
401736298,Sydney Colson,away,1,,0,,1664
401736299,Leila Lacan,away,5,813.0,1,717.0,90|717|813|1937|1965
401736299,Satou Sabally,home,2,,0,1139.0,103|1139
401736299,Alyssa Thomas,home,3,1424.0,0,1354.0,112|1354|1424
401736299,Aneesah Morrow,away,1,,0,,170
401736299,Kathryn Westbeld,home,2,,0,1485.0,414|1485
401736299,Saniya Rivers,away,1,,0,,523
401736299,Kahleah Copper,home,3,1350.0,0,1312.0,594|1312|1350
401736299,DeWanna Bonner,home,1,,0,,728
401736299,Bria Hartley,away,2,,0,2270.0,821|2270
401736299,Tina Charles,away,4,1409.0,0,1160.4,971|1160|1409|2148
401736299,Jacy Sheldon,away,2,,0,2220.0,1007|2220
401736299,Marina Mabrey,away,2,,0,1665.0,1160|1665
401736299,Mamignan Toure,away,2,,0,1726.0,1714|1726
401736299,Sami Whitcomb,home,1,,0,,2136
401736300,Alanna Smith,away,5,1015.0,1,779.0,117|779|1015|1633|2138
401736300,Ezi Magbegor,home,2,,0,1632.0,388|1632
401736300,Maria Kliundikova,away,3,1902.0,0,1106.0,545|1106|1902
401736300,Nneka Ogwumike,home,1,,0,,566
401736300,Tiffany Mitchell,home,1,,0,,611
401736300,Gabby Williams,home,3,2322.0,0,2304.0,818|2304|2322
401736300,Lexie Brown,home,1,,0,,889
401736300,Skylar Diggins,home,2,,0,1532.0,910|1532
401736300,Erica Wheeler,home,3,1760.1,0,1253.0,944|1253|1760
401736300,Jessica Shepard,away,1,,0,,970
401736300,Courtney Williams,away,1,,0,,997
401736300,Natisha Hiedeman,away,2,,0,1908.0,1009|1908
401736300,Bridget Carleton,away,1,,0,,1170
401736300,DiJonai Carrington,away,1,,0,,2009
401736300,Erica Wheeler personal,home,2,,0,2380.7,2370|2381
401736300,Gabby Williams personal,home,1,,0,,2394
401736300,DiJonai Carrington personal,away,1,,0,,2396
401736301,Temi Fagbenle,home,4,1300.0,0,1154.6,19|1155|1300|1465
401736301,NaLyssa Smith,away,4,1996.0,0,1246.0,158|1246|1996|2053
401736301,Chelsea Gray,away,3,2247.0,0,821.0,182|821|2247
401736301,Janelle Salaun,home,6,1851.0,0,1011.0,237|1011|1851|2233|2266|2302
401736301,Dana Evans,away,2,,0,1832.0,434|1832
401736301,Kaila Charles,home,2,,0,516.0,473|516
401736301,Kiah Stokes,away,1,,0,,622
401736301,Jewell Loyd,away,2,,0,2000.0,664|2000
401736301,Tiffany Hayes,home,4,974.0,1,932.0,777|932|974|2365
401736301,Aaliyah Nye,away,1,,0,,842
401736301,Veronica Burton,home,2,,0,1600.0,1334|1600
401736301,A'ja Wilson,away,2,,0,1669.0,1392|1669
401736301,Jackie Young,away,3,2133.0,0,1463.0,1457|1463|2133
401736301,Iliana Rupert,home,2,,0,1712.0,1498|1712
401736301,Carla Leite,home,3,2091.0,0,2071.0,1774|2071|2091
401736301,Cecilia Zandalasini,home,1,,0,,2385
401736302,Naz Hillmon,away,4,2010.0,0,968.0,132|968|2010|2139
401736302,Rebecca Allen,home,2,,0,1511.0,462|1511
401736302,Maddy Westbeld,home,2,,0,1758.3,598|1758
401736302,Kamilla Cardoso,home,1,,0,,934
401736302,Brionna Jones,away,3,2264.0,0,1364.0,1079|1364|2264
401736302,Jordin Canada,away,2,,0,1332.0,1116|1332
401736302,Michaela Onyenwere,home,2,,0,1293.0,1235|1293
401736302,Ariel Atkins,home,1,,0,,1311
401736302,Elizabeth Williams,home,2,,0,1789.9,1340|1790
401736302,Rachel Banham,home,2,,0,1450.0,1382|1450
401736302,Kia Nurse,home,2,,0,1561.0,1476|1561
401736302,Tyler Marsh,home,1,,0,,1492
401736302,Allisha Gray,away,1,,0,,1653
401736302,Sevgi Uzun,home,3,1921.0,0,1894.0,1834|1894|1921
401736302,Te-Hina Paopao,away,1,,0,,2011
401736303,Dearica Hamby,home,4,1158.8,1,865.0,62|865|1159|2316
401736303,Aneesah Morrow,away,2,,0,1023.0,164|1023
401736303,Azura Stevens,home,2,,0,2352.8,188|2353
401736303,Marina Mabrey,away,4,2012.0,0,557.3,197|557|2012|2391
401736303,Bria Hartley,away,4,1497.0,0,740.0,332|740|1497|1632
401736303,Leila Lacan,away,4,1451.0,0,593.7,336|594|1451|2232
401736303,Rickea Jackson,home,5,1255.0,0,657.0,487|657|1255|1527|2026
401736303,Mamignan Toure,away,1,,0,,707
401736303,Saniya Rivers,away,2,,0,1983.0,794|1983
401736303,Tina Charles,away,2,,0,1416.0,1029|1416
401736303,Cameron Brink,home,3,2131.0,0,1962.0,1699|1962|2131
401736303,Kelsey Plum,home,1,,0,,1764
401736303,Olivia Nelson-Ododa,away,3,2122.0,0,1978.0,1777|1978|2122
401736304,Aari McDonald,away,3,1021.0,1,442.0,217|442|1021
401736304,Aliyah Boston,away,3,1477.0,0,1173.1,300|1173|1477
401736304,DeWanna Bonner defensive 3-seconds (technical,home,1,,0,,352
401736304,Lexie Hull,away,4,2041.0,0,1787.7,438|1788|2041|2270
401736304,Natasha Mack,home,3,2219.0,0,1218.0,615|1218|2219
401736304,Sophie Cunningham,away,2,,0,1664.0,669|1664
401736304,Monique Akoa Makani,home,3,1796.6,0,1103.0,684|1103|1797
401736304,Alyssa Thomas,home,1,,0,,939
401736304,Satou Sabally,home,2,,0,1280.0,1003|1280
401736304,Kahleah Copper,home,3,1391.0,0,1372.0,1356|1372|1391
401736304,Makayla Timpson,away,1,,0,,1613
401736304,Chloe Bibby,away,1,,0,,1759
401736304,Sophie Cunningham clear path,away,1,,0,,1764
401736304,Kelsey Mitchell,away,1,,0,,1797
401736304,Sami Whitcomb,home,2,,0,2049.0,1958|2049
401736304,Damiris Dantas,away,1,,0,,2342
401736304,Lexi Held,home,1,,0,,2355
401736305,Leonie Fiebich,away,6,1980.0,0,970.0,9|970|1980|2018|2098|2325
401736305,Jonquel Jones,away,4,858.0,1,428.0,234|428|858|1508
401736305,Grace Berger,home,4,992.0,1,902.0,262|902|992|1049
401736305,Maddy Siegrist,home,2,,0,584.1,481|584
401736305,Haley Jones,home,2,,0,1958.0,640|1958
401736305,Diamond Miller,home,3,1967.0,0,1910.0,701|1910|1967
401736305,Natasha Cloud,away,5,1747.3,0,1603.0,807|1603|1747|1900|2194
401736305,Luisa Geiselsoder,home,2,,0,1547.0,875|1547
401736305,Emma Meesseman,away,3,2297.0,0,1358.0,931|1358|2297
401736305,Isabelle Harrison,away,2,,0,1659.0,981|1659
401736305,Stephanie Talbot,away,1,,0,,1002
401736305,Li Yueru,home,2,,0,1415.0,1378|1415
401736305,Sandy Brondello,away,1,,0,,1508
401736305,Myisha Hines-Allen,home,3,1912.0,0,1788.0,1728|1788|1912
401736305,Arike Ogunbowale,home,2,,0,2285.0,1880|2285
401736306,DiJonai Carrington,home,4,2167.0,0,1789.5,266|1790|2167|2236
401736306,Jade Melbourne,away,1,,0,,613
401736306,Maria Kliundikova,home,1,,0,,626
401736306,Kiki Iriafen,away,3,1957.0,0,780.0,736|780|1957
401736306,Natisha Hiedeman,home,1,,0,,744
401736306,Cheryl Reeve,home,1,,0,,780
401736306,Bridget Carleton,home,1,,0,,894
401736306,Lucy Olsen,away,2,,0,1561.0,923|1561
401736306,Shakira Austin,away,2,,0,1137.0,1036|1137
401736306,Courtney Williams,home,2,,0,2038.0,1152|2038
401736306,Sug Sutton,away,2,,0,2051.0,1406|2051
401736306,Kayla McBride,home,2,,0,2097.0,1591|2097
401736306,Emily Engstler,away,2,,0,1714.0,1665|1714
401736306,Jessica Shepard,home,1,,0,,2277
401736306,Jade Melbourne personal,away,1,,0,,2386
401736306,Sonia Citron personal,away,1,,0,,2387
401736307,Erica Wheeler,away,3,2214.0,0,1531.0,77|1531|2214
401736307,Chelsea Gray,home,3,1838.0,0,1085.0,212|1085|1838
401736307,Ezi Magbegor,away,2,,0,1391.0,355|1391
401736307,Brittney Sykes,away,5,1965.0,0,1484.0,389|1484|1965|2178|2316
401736307,Aaliyah Nye,home,1,,0,,699
401736307,NaLyssa Smith,home,4,1996.0,0,1100.0,807|1100|1996|2305
401736307,A'ja Wilson,home,5,1592.0,0,1435.0,869|1435|1592|2062|2232
401736307,Nneka Ogwumike,away,4,1321.0,0,1038.0,965|1038|1321|1416
401736307,Jackie Young,home,2,,0,1671.0,1003|1671
401736307,Dominique Malonga,away,5,2012.0,0,2002.0,1093|2002|2012|2016|2074
401736307,Skylar Diggins,away,1,,0,,1198
401736307,Jewell Loyd,home,1,,0,,2149
401736309,Natasha Howard,home,1,,0,,200
401736309,Sophie Cunningham,home,1,,0,,609
401736309,Ariel Atkins,away,3,1820.0,0,1270.0,695|1270|1820
401736309,Maddy Westbeld,away,5,1571.0,0,735.0,724|735|1571|1718|1741
401736309,Chloe Bibby,home,2,,0,2056.0,796|2056
401736309,Kamilla Cardoso,away,3,1349.0,0,896.0,813|896|1349
401736309,Michaela Onyenwere,away,3,1219.0,0,957.0,857|957|1219
401736309,Aliyah Boston,home,1,,0,,987
401736309,Makayla Timpson,home,1,,0,,1528
401736309,Kelsey Mitchell,home,1,,0,,1632
401736309,Lexie Hull,home,1,,0,,1851
401736308,Azura Stevens,away,1,,0,,185
401736308,Kelsey Plum,away,3,2169.0,0,1899.0,371|1899|2169
401736308,Carla Leite,home,2,,0,786.0,553|786
401736308,Julie Vanloo,away,2,,0,1685.0,597|1685
401736308,Cameron Brink,away,2,,0,1869.0,658|1869
401736308,Cecilia Zandalasini,home,3,1922.0,0,1323.0,947|1323|1922
401736308,Rae Burrell,away,1,,0,,1127
401736308,Dearica Hamby,away,3,1753.8,0,1240.0,1143|1240|1754
401736308,Tiffany Hayes,home,1,,0,,1224
401736308,Rickea Jackson,away,2,,0,2112.0,1312|2112
401736308,Temi Fagbenle,home,2,,0,1850.0,1417|1850
401736308,Iliana Rupert,home,3,1545.0,0,1508.0,1464|1508|1545
401736308,Janelle Salaun,home,1,,0,,2337
401736308,Kate Martin,home,1,,0,,2375
401736310,Courtney Williams,away,4,1308.0,0,1179.7,83|1180|1308|1477
401736310,Bridget Carleton,away,1,,0,,369
401736310,Natasha Cloud,home,2,,0,2328.0,383|2328
401736310,Leonie Fiebich,home,2,,0,1923.0,564|1923
401736310,Natisha Hiedeman,away,2,,0,1893.0,594|1893
401736310,Isabelle Harrison,home,3,1160.8,1,943.0,755|943|1161
401736310,DiJonai Carrington,away,2,,0,1822.0,793|1822
401736310,Sabrina Ionescu,home,2,,0,1450.0,1435|1450
401736310,Kayla McBride,away,1,,0,,1816
401736310,Maria Kliundikova,away,1,,0,,1863
401736311,Haley Jones,home,4,1326.0,0,67.0,32|67|1326|1823
401736311,Luisa Geiselsoder,home,3,1745.1,0,1653.0,48|1653|1745
401736311,Kiki Iriafen,away,4,1312.0,0,1089.0,77|1089|1312|1761
401736311,Arike Ogunbowale,home,5,1755.8,0,1551.0,131|1551|1756|2206|2265
401736311,Stefanie Dolson,away,3,1625.0,0,1382.0,155|1382|1625
401736311,Lucy Olsen,away,1,,0,,387
401736311,Emily Engstler,away,1,,0,,417
401736311,Sug Sutton,away,6,1377.0,0,933.0,614|933|1377|1900|2046|2242
401736311,Sonia Citron,away,3,2128.0,0,1279.0,700|1279|2128
401736311,Alysha Clark,away,3,1780.5,0,1410.0,725|1410|1780
401736311,Grace Berger,home,2,,0,1496.0,779|1496
401736311,JJ Quinerly,home,3,2384.5,0,2292.0,804|2292|2384
401736311,Myisha Hines-Allen,home,2,,0,2038.0,862|2038
401736311,Jacy Sheldon,away,2,,0,1703.0,1033|1703
401736311,Maddy Siegrist,home,3,1535.0,0,1198.1,1050|1198|1535
401736311,Paige Bueckers,home,4,1431.0,0,1394.0,1160|1394|1431|1610
401736311,Jade Melbourne,away,4,1879.0,0,1476.0,1335|1476|1879|2370
401736313,Jordin Canada,away,1,,0,,152
401736313,Monique Akoa Makani,home,3,1358.0,0,434.0,266|434|1358
401736313,Satou Sabally,home,3,2342.0,0,1164.5,351|1164|2342
401736313,Allisha Gray,away,3,1585.0,0,712.0,427|712|1585
401736313,Nia Coffey,away,1,,0,,546
401736313,Sami Whitcomb,home,3,1604.0,0,1515.0,908|1515|1604
401736313,DeWanna Bonner,home,2,,0,2286.0,941|2286
401736313,Rhyne Howard,away,5,2029.0,0,1130.0,987|1130|2029|2029|2029
401736313,Brionna Jones,away,2,,0,2310.0,1035|2310
401736313,Brittney Griner,away,1,,0,,1154
401736313,Natasha Mack,home,2,,0,1915.0,1278|1915
401736313,Maya Caldwell,away,3,2349.1,0,1814.0,1349|1814|2349
401736313,Naz Hillmon,away,1,,0,,1391
401736313,Alyssa Thomas,home,2,,0,2046.0,1489|2046
401736313,Kathryn Westbeld,home,1,,0,,1493
401736313,Brionna Jones defensive 3-seconds (technical,away,1,,0,,1649
401736313,Double,away,1,,0,,2029
401736313,Kahleah Copper,home,2,,0,2358.2,2096|2358
401736313,Sami Whitcomb personal,home,1,,0,,2385
401736312,Cameron Brink,home,4,1772.4,0,505.0,408|505|1772|1889
401736312,Dominique Malonga,away,5,2216.0,0,1651.0,415|1651|2216|2315|2394
401736312,Tiffany Mitchell,away,1,,0,,530
401736312,Dearica Hamby,home,1,,0,,828
401736312,Rickea Jackson,home,2,,0,937.0,875|937
401736312,Ezi Magbegor,away,2,,0,1698.0,913|1698
401736312,Erica Wheeler,away,3,1572.0,0,1363.0,959|1363|1572
401736312,Nneka Ogwumike,away,1,,0,,1083
401736312,Kelsey Plum,home,2,,0,1386.0,1195|1386
401736312,Skylar Diggins,away,2,,0,1678.0,1352|1678
401736312,Azura Stevens,home,1,,0,,1492
401736312,Julie Vanloo,home,1,,0,,1804
401736312,Brittney Sykes,away,3,2343.5,0,2244.0,1972|2244|2344
401736314,Aneesah Morrow,away,2,,0,1278.0,45|1278
401736314,Chelsea Gray,home,3,2082.0,0,1927.0,181|1927|2082
401736314,NaLyssa Smith,home,2,,0,636.0,268|636
401736314,Leila Lacan,away,3,1359.0,0,798.0,387|798|1359
401736314,Saniya Rivers,away,1,,0,,412
401736314,A'ja Wilson,home,2,,0,1587.0,497|1587
401736314,Megan Gustafson,home,2,,0,1735.0,550|1735
401736314,Olivia Nelson-Ododa,away,3,1676.0,0,1492.0,564|1492|1676
401736314,Tina Charles,away,4,1398.0,0,1362.0,739|1362|1398|2071
401736314,Haley Peters,away,2,,0,1025.0,1018|1025
401736314,Jewell Loyd,home,1,,0,,1087
401736314,Bria Hartley,away,2,,0,1477.0,1153|1477
401736314,Dana Evans,home,2,,0,1957.0,1497|1957
401736314,Aaliyah Edwards,away,1,,0,,1701
401736314,Marina Mabrey,away,1,,0,,1865
401736315,Cecilia Zandalasini,home,2,,0,1435.0,121|1435
401736315,Olivia Nelson-Ododa,away,1,,0,,177
401736315,Marina Mabrey,away,2,,0,710.0,184|710
401736315,Bria Hartley,away,3,1583.0,0,1295.0,320|1295|1583
401736315,Tiffany Hayes,home,3,1672.0,0,1237.0,419|1237|1672
401736315,Carla Leite,home,1,,0,,486
401736315,Aaliyah Edwards,away,3,1935.0,0,782.0,540|782|1935
401736315,Kate Martin,home,3,2101.0,0,1732.0,574|1732|2101
401736315,Haley Peters,away,3,903.0,1,809.0,665|809|903
401736315,Temi Fagbenle,home,2,,0,951.0,925|951
401736315,Aneesah Morrow,away,1,,0,,944
401736315,Janelle Salaun,home,3,1276.0,0,1065.0,998|1065|1276
401736315,Mamignan Toure,away,2,,0,1144.9,1120|1145
401736315,Leila Lacan,away,3,2386.8,0,1938.0,1260|1938|2387
401736315,Iliana Rupert,home,2,,0,2176.0,2056|2176
401736315,Cecilia Zandalasini personal,home,1,,0,,2282
401736315,Kaila Charles,home,2,,0,2373.8,2328|2374
401736316,Haley Jones,away,2,,0,374.0,60|374
401736316,Sophie Cunningham,home,4,1734.0,0,1126.0,157|1126|1734|1901
401736316,Lexie Hull,home,4,823.0,1,228.0,167|228|823|2332
401736316,Luisa Geiselsoder,away,4,1259.0,0,243.0,229|243|1259|1402
401736316,Diamond Miller,away,2,,0,995.0,666|995
401736316,Li Yueru,away,2,,0,1850.0,718|1850
401736316,Paige Bueckers,away,1,,0,,1190
401736316,Aliyah Boston,home,3,2249.0,0,1684.0,1234|1684|2249
401736316,Grace Berger,away,2,,0,2234.0,1349|2234
401736316,Natasha Howard,home,2,,0,1639.0,1577|1639
401736316,Odyssey Sims,home,2,,0,1606.0,1601|1606
401736316,Myisha Hines-Allen,away,3,2195.0,0,2165.0,1619|2165|2195
401736316,JJ Quinerly,away,3,2256.0,0,2121.0,1654|2121|2256
401736316,Chloe Bibby,home,1,,0,,1763
401736316,Kelsey Mitchell,home,1,,0,,2103
401736317,Dearica Hamby,home,2,,0,2052.0,138|2052
401736317,Leonie Fiebich,away,2,,0,2387.5,294|2388
401736317,Kelsey Plum,home,2,,0,1572.0,304|1572
401736317,Jonquel Jones,away,4,1972.0,0,781.0,482|781|1972|2360
401736317,Julie Vanloo,home,2,,0,2186.0,860|2186
401736317,Natasha Cloud,away,3,2366.4,0,2164.0,1137|2164|2366
401736317,Sabrina Ionescu,away,1,,0,,1287
401736317,Julie Allemand,home,2,,0,1774.7,1372|1775
401736317,Marine Johannes,away,2,,0,1704.0,1510|1704
401736317,Rickea Jackson,home,4,2363.1,0,1828.0,1631|1828|2363|2377
401736317,Rae Burrell,home,3,2067.0,0,1961.0,1928|1961|2067
401736317,Azura Stevens,home,1,,0,,2225
401736318,Aneesah Morrow,home,3,2248.0,0,1934.0,17|1934|2248
401736318,Tina Charles,home,3,2049.0,0,1402.0,302|1402|2049
401736318,Saniya Rivers,home,2,,0,462.0,305|462
401736318,Michaela Onyenwere,away,3,1891.0,0,1684.0,447|1684|1891
401736318,Ariel Atkins,away,2,,0,805.0,724|805
401736318,Double,away,1,,0,,805
401736318,Rebecca Allen,away,1,,0,,805
401736318,Bria Hartley,home,1,,0,,805
401736318,Olivia Nelson-Ododa,home,2,,0,1969.0,877|1969
401736318,Kamilla Cardoso,away,2,,0,1714.0,1103|1714
401736318,Lindsay Allen,home,2,,0,2243.0,1147|2243
401736318,Kia Nurse,away,4,1527.0,0,1292.0,1255|1292|1527|2088
401736318,Leila Lacan,home,2,,0,1602.0,1264|1602
401736318,Hailey Van Lith,away,1,,0,,1595
401736318,Aaliyah Edwards,home,2,,0,1879.0,1857|1879
401736318,Marina Mabrey,home,2,,0,2046.0,1914|2046
401736318,Elizabeth Williams,away,1,,0,,2216
401736318,Rachel Banham,away,1,,0,,2274
401736318,Sevgi Uzun,away,2,,0,2362.9,2362|2363
401736319,Veronica Burton,away,4,1754.5,0,1250.0,149|1250|1754|2178
401736319,Temi Fagbenle,away,2,,0,1319.0,151|1319
401736319,Sonia Citron,home,4,1175.9,1,290.0,215|290|1176|2384
401736319,Jacy Sheldon,home,3,1697.0,0,1651.0,259|1651|1697
401736319,Alysha Clark,home,3,1544.0,0,1181.6,515|1182|1544
401736319,Jade Melbourne,home,3,1475.0,0,1222.0,598|1222|1475
401736319,Kiki Iriafen,home,3,1889.0,0,1358.0,638|1358|1889
401736319,Janelle Salaun,away,2,,0,2275.0,843|2275
401736319,Tiffany Hayes,away,2,,0,1530.0,1370|1530
401736319,Iliana Rupert,away,4,1978.0,0,1866.0,1392|1866|1978|2035
401736319,Kate Martin,away,1,,0,,1859
401736319,Sug Sutton,home,1,,0,,2006
401736319,Carla Leite,away,1,,0,,2090
401736319,Kaila Charles,away,1,,0,,2113
401736319,Lucy Olsen,home,1,,0,,2385
401736320,Chelsea Gray,home,1,,0,,275
401736320,Kierstan Bell,home,2,,0,494.0,330|494
401736320,Stephanie Talbot,away,1,,0,,528
401736320,Emma Meesseman,away,2,,0,2057.0,625|2057
401736320,Jackie Young,home,5,1470.0,0,1346.0,660|1346|1470|2192|2222
401736320,Jewell Loyd,home,3,2141.0,0,1718.0,770|1718|2141
401736320,Kennedy Burke,away,3,1781.9,0,1592.0,807|1592|1782
401736320,Jonquel Jones,away,5,2090.0,0,1645.0,1008|1645|2090|2157|2246
401736320,Leonie Fiebich,away,4,1940.0,0,1674.0,1037|1674|1940|2287
401736320,Marine Johannes,away,1,,0,,1144
401736320,NaLyssa Smith,home,4,1984.0,0,1327.0,1251|1327|1984|2040
401736320,Dana Evans,home,1,,0,,1314
401736320,A'ja Wilson,home,1,,0,,1741
401736320,Sabrina Ionescu,away,2,,0,2387.9,1966|2388
401736320,Natasha Cloud,away,1,,0,,2319
401736321,Rhyne Howard,away,2,,0,2338.0,138|2338
401736321,Brittney Griner,away,2,,0,1859.0,332|1859
401736321,Ezi Magbegor,home,3,1760.4,0,1190.4,400|1190|1760
401736321,Erica Wheeler,home,3,1630.0,0,582.3,463|582|1630
401736321,Skylar Diggins,home,3,2077.0,0,1460.0,657|1460|2077
401736321,Brionna Jones,away,3,1414.0,0,1026.0,710|1026|1414
401736321,Tiffany Mitchell,home,1,,0,,741
401736321,Brittney Sykes,home,2,,0,2243.0,1064|2243
401736321,Allisha Gray,away,2,,0,2113.0,1168|2113
401736321,Gabby Williams,home,1,,0,,1193
401736321,Naz Hillmon,away,2,,0,1612.0,1277|1612
401736321,Nneka Ogwumike,home,1,,0,,1676
401736321,Maya Caldwell,away,1,,0,,1691
401736321,Nia Coffey,away,1,,0,,1702
401736321,Dominique Malonga,home,1,,0,,1987
401736322,Stefanie Dolson,away,3,834.0,1,124.0,54|124|834
401736322,Aliyah Boston,home,2,,0,748.0,146|748
401736322,Jade Melbourne,away,2,,0,1085.0,319|1085
401736322,Kiki Iriafen,away,5,1894.0,0,1126.0,436|1126|1894|2109|2362
401736322,Damiris Dantas,home,3,1725.0,0,1571.0,520|1571|1725
401736322,Emily Engstler,away,5,1558.0,0,984.0,532|984|1558|2025|2158
401736322,Sonia Citron,away,2,,0,908.0,782|908
401736322,Odyssey Sims,home,3,1680.0,0,1141.6,1014|1142|1680
401736322,Makayla Timpson,home,1,,0,,1152
401736322,Sophie Cunningham,home,3,2034.0,0,1614.0,1383|1614|2034
401736322,Lexie Hull,home,1,,0,,1838
401736322,Madison Scott,away,1,,0,,1927
401736322,Kelsey Mitchell,home,3,2278.0,0,2144.0,2079|2144|2278
401736322,Natasha Howard,home,3,2249.0,0,2132.0,2118|2132|2249
401736322,Sophie Cunningham personal,home,2,,0,2395.0,2389|2395
401736323,Kamilla Cardoso,home,4,1209.0,0,1151.4,127|1151|1209|1329
401736323,Sevgi Uzun,home,4,1300.0,0,493.0,174|493|1300|2389
401736323,Tiffany Hayes,away,2,,0,1239.0,278|1239
401736323,Rachel Banham,home,3,1494.0,0,1210.0,290|1210|1494
401736323,Iliana Rupert,away,2,,0,1853.0,522|1853
401736323,Kia Nurse,home,2,,0,620.0,566|620
401736323,Carla Leite,away,2,,0,2228.0,714|2228
401736323,Ariel Atkins,home,2,,0,1460.0,747|1460
401736323,Kate Martin,away,1,,0,,765
401736323,Rebecca Allen,home,1,,0,,943
401736323,Janelle Salaun,away,1,,0,,998
401736323,Temi Fagbenle,away,1,,0,,1221
401736323,Janelle Salaun defensive 3-seconds (technical,away,1,,0,,1281
401736323,Veronica Burton,away,2,,0,2065.0,1472|2065
401736323,Hailey Van Lith,home,2,,0,1657.0,1590|1657
401736323,Cecilia Zandalasini,away,1,,0,,1832
401736323,Iliana Rupert defensive 3-seconds (technical,away,1,,0,,1937
401736323,Maddy Westbeld,home,1,,0,,1947
401736323,Kaila Charles,away,1,,0,,2245
401736324,Haley Jones,home,2,,0,2091.0,87|2091
401736324,Luisa Geiselsoder,home,4,1239.0,0,714.0,186|714|1239|1267
401736324,Paige Bueckers,home,3,2135.0,0,2129.0,238|2129|2135
401736324,Dearica Hamby,away,2,,0,405.0,324|405
401736324,Kelsey Plum,away,4,2038.0,0,1449.0,329|1449|2038|2307
401736324,JJ Quinerly,home,2,,0,1715.0,390|1715
401736324,Diamond Miller,home,3,1657.0,0,1624.0,707|1624|1657
401736324,Myisha Hines-Allen,home,1,,0,,1135
401736324,Rae Burrell,away,1,,0,,1188
401736324,Cameron Brink,away,2,,0,1199.0,1196|1199
401736324,Rickea Jackson,away,4,1821.0,0,1471.0,1277|1471|1821|2273
401736324,Li Yueru,home,1,,0,,1436
401736324,JJ Quinerly personal,home,1,,0,,1555
401736324,Maddy Siegrist,home,2,,0,1993.0,1559|1993
401736324,Julie Allemand,away,1,,0,,1571
401736324,Azura Stevens,away,1,,0,,2199
401736324,Maddy Siegrist personal,home,1,,0,,2388
401736325,Rhyne Howard,home,5,905.0,1,294.0,76|294|905|2055|2238
401736325,Ezi Magbegor,away,3,1259.0,0,1219.0,251|1219|1259
401736325,Brittney Sykes,away,4,2221.0,0,858.0,361|858|2221|2357
401736325,Erica Wheeler,away,2,,0,578.2,443|578
401736325,Brionna Jones,home,3,1155.5,1,922.0,559|922|1156
401736325,Nneka Ogwumike,away,3,2044.0,0,1645.0,705|1645|2044
401736325,Maya Caldwell,home,2,,0,1821.0,768|1821
401736325,Brittney Griner,home,3,2280.0,0,876.0,814|876|2280
401736325,Dominique Malonga,away,4,952.0,1,947.0,884|947|952|1573
401736325,Allisha Gray,home,4,1909.0,0,1370.0,1094|1370|1909|2391
401736325,Gabby Williams,away,2,,0,1895.0,1236|1895
401736325,Naz Hillmon,home,2,,0,2293.0,1308|2293
401736325,Tiffany Mitchell,away,2,,0,1749.4,1659|1749
401736325,Skylar Diggins,away,1,,0,,2171
401736326,Kahleah Copper,home,3,951.0,1,814.0,194|814|951
401736326,Chelsea Gray,away,1,,0,,317
401736326,DeWanna Bonner,home,4,867.0,1,867.0,417|867|867|2399
401736326,Kierstan Bell,away,1,,0,,454
401736326,Monique Akoa Makani,home,2,,0,1217.0,456|1217
401736326,Kathryn Westbeld,home,1,,0,,468
401736326,Natasha Mack,home,2,,0,1733.0,519|1733
401736326,Aaliyah Nye,away,1,,0,,562
401736326,Sami Whitcomb,home,1,,0,,589
401736326,Kiah Stokes,away,1,,0,,636
401736326,NaLyssa Smith,away,4,1285.0,0,883.0,837|883|1285|2312
401736326,Jackie Young,away,3,1632.0,0,1331.0,1013|1331|1632
401736326,Satou Sabally,home,3,2313.0,0,1872.0,1242|1872|2313
401736326,Alyssa Thomas,home,4,1463.0,0,1293.0,1270|1293|1463|2108
401736326,Dana Evans,away,2,,0,1745.4,1713|1745
401736326,A'ja Wilson,away,1,,0,,2006
401736326,Jewell Loyd,away,1,,0,,2053
401736327,Bridget Carleton,home,2,,0,282.0,93|282
401736327,Sabrina Ionescu,away,2,,0,1995.0,117|1995
401736327,Natasha Cloud,away,5,814.0,1,814.0,237|814|814|1492|1748
401736327,Leonie Fiebich,away,4,1575.0,0,1129.0,375|1129|1575|2023
401736327,Maria Kliundikova,home,1,,0,,517
401736327,Emma Meesseman,away,5,1258.0,0,1074.0,648|1074|1258|1809|2251
401736327,DiJonai Carrington,home,2,,0,1896.0,659|1896
401736327,Jonquel Jones,away,2,,0,1328.0,661|1328
401736327,Jonquel Jones defensive 3-seconds (technical,away,1,,0,,673
401736327,Alanna Smith,home,3,1438.0,0,1382.0,1012|1382|1438
401736327,Jessica Shepard,home,1,,0,,1163
401736327,Courtney Williams,home,2,,0,1957.0,1282|1957
401736327,Kennedy Burke,away,2,,0,1519.0,1462|1519
401736327,Natasha Cloud personal,away,1,,0,,2380
401736327,Sabrina Ionescu personal,away,2,,0,2396.4,2388|2396
401736327,Kayla McBride,home,1,,0,,2391
401736329,Sophie Cunningham,away,1,,0,,35
401736329,Leila Lacan,home,4,1523.0,0,730.0,53|730|1523|2249
401736329,Marina Mabrey,home,2,,0,1432.0,141|1432
401736329,Aliyah Boston,away,4,1160.3,1,333.0,244|333|1160|1583
401736329,Aneesah Morrow,home,4,1963.0,0,1356.0,373|1356|1963|2173
401736329,Damiris Dantas,away,2,,0,464.0,399|464
401736329,Natasha Howard,away,5,1060.0,1,577.3,512|577|1060|2194|2272
401736329,Olivia Nelson-Ododa,home,4,1716.0,0,716.0,543|716|1716|2355
401736329,Lexie Hull,away,3,2540.0,0,2011.0,641|2011|2540
401736329,Saniya Rivers,home,2,,0,1882.0,721|1882
401736329,Bria Hartley,home,5,1878.0,0,1395.0,754|1395|1878|2114|2116
401736329,Makayla Timpson defensive 3-seconds (technical,away,1,,0,,801
401736329,Tina Charles,home,4,1316.0,0,1139.0,846|1139|1316|2461
401736329,Aneesah Morrow defensive 3-seconds (technical,home,1,,0,,1187
401736329,Odyssey Sims,away,2,,0,1417.0,1241|1417
401736329,Aaliyah Edwards,home,3,1741.7,0,1593.0,1534|1593|1742
401736329,Brianna Turner,away,2,,0,1912.0,1569|1912
401736329,Aaliyah Edwards defensive 3-seconds (technical,home,1,,0,,1673
401736329,Kelsey Mitchell,away,1,,0,,2057
401736329,Marina Mabrey personal,home,1,,0,,2689
401736329,Saniya Rivers personal,home,1,,0,,2695
401736328,Sonia Citron,home,3,2005.0,0,701.0,11|701|2005
401736328,Dearica Hamby,away,5,1309.0,0,232.0,132|232|1309|1527|2114
401736328,Jade Melbourne,home,6,1163.8,1,908.0,218|908|1164|1551|2204|2305
401736328,Azura Stevens,away,2,,0,935.0,330|935
401736328,Lucy Olsen,home,2,,0,1726.0,397|1726
401736328,Stefanie Dolson,home,1,,0,,489
401736328,Cameron Brink,away,4,1034.0,1,742.0,507|742|1034|1189
401736328,Alysha Clark,home,2,,0,1975.0,648|1975
401736328,Kelsey Plum,away,2,,0,2324.0,1086|2324
401736328,Kiki Iriafen,home,3,1710.0,0,1441.0,1286|1441|1710
401736328,Sug Sutton,home,1,,0,,1812
401736328,Madison Scott,home,1,,0,,1841
401736328,Julie Vanloo,away,1,,0,,1897
401736328,Rickea Jackson,away,1,,0,,2380
401736330,Haley Jones,away,4,1335.0,0,714.0,120|714|1335|1388
401736330,Luisa Geiselsoder,away,4,1301.0,0,596.0,184|596|1301|1421
401736330,NaLyssa Smith,home,1,,0,,309
401736330,Myisha Hines-Allen,away,3,1566.0,0,1453.0,352|1453|1566
401736330,Dana Evans,home,4,1670.0,0,450.0,413|450|1670|2012
401736330,Jewell Loyd,home,2,,0,994.0,488|994
401736330,Maddy Siegrist,away,3,1511.0,0,961.0,580|961|1511
401736330,Jackie Young,home,5,1219.0,0,841.0,775|841|1219|1747|2269
401736330,Chelsea Gray,home,1,,0,,983
401736330,Kierstan Bell,home,2,,0,1833.0,1120|1833
401736330,Grace Berger,away,1,,0,,1293
401736330,A'ja Wilson,home,1,,0,,1321
401736330,Diamond Miller,away,1,,0,,2329
401736330,Megan Gustafson,home,1,,0,,2335
401736331,Nneka Ogwumike,home,1,,0,,106
401736331,Sami Whitcomb,away,3,2194.0,0,1395.0,339|1395|2194
401736331,Gabby Williams,home,3,1490.0,0,880.0,381|880|1490
401736331,Dominique Malonga,home,1,,0,,471
401736331,Satou Sabally,away,4,1013.0,1,696.0,520|696|1013|1508
401736331,Kitija Laksa,away,2,,0,1808.0,540|1808
401736331,Erica Wheeler,home,4,1577.0,0,846.0,674|846|1577|2397
401736331,DeWanna Bonner,away,3,1079.0,1,983.0,683|983|1079
401736331,Alyssa Thomas,away,1,,0,,732
401736331,Brittney Sykes,home,1,,0,,924
401736331,Lexi Held,away,1,,0,,934
401736331,Skylar Diggins,home,4,1783.6,0,1688.0,1095|1688|1784|1937
401736331,Kahleah Copper,away,3,2187.0,0,1999.0,1162|1999|2187
401736331,Ezi Magbegor,home,2,,0,2396.7,1527|2397
401736331,Sami Whitcomb personal,away,1,,0,,1793
401736331,Kathryn Westbeld,away,1,,0,,1855
401736332,Temi Fagbenle,home,5,1340.0,0,203.0,106|203|1340|1463|1915
401736332,Maya Caldwell,away,4,1277.0,0,1047.0,149|1047|1277|1319
401736332,Veronica Burton,home,3,2009.0,0,1853.0,262|1853|2009
401736332,Rhyne Howard,away,2,,0,1680.0,444|1680
401736332,Te-Hina Paopao,away,4,1958.0,0,1531.0,468|1531|1958|2032
401736332,Cecilia Zandalasini,home,1,,0,,695
401736332,Allisha Gray,away,3,1596.0,0,1425.0,925|1425|1596
401736332,Carla Leite,home,2,,0,2071.0,1019|2071
401736332,Iliana Rupert,home,1,,0,,1120
401736332,Tiffany Hayes,home,2,,0,1381.0,1226|1381
401736332,Janelle Salaun,home,1,,0,,1297
401736332,Brionna Jones,away,2,,0,1974.0,1861|1974
401736332,Kate Martin,home,1,,0,,2128
401736332,Sika Kone,away,1,,0,,2358
401736333,DiJonai Carrington,away,3,827.0,1,819.0,351|819|827
401736333,Maria Kliundikova,away,4,2287.0,0,868.0,362|868|2287|2366
401736333,Marine Johannes,home,2,,0,1107.0,422|1107
401736333,Courtney Williams,away,3,1934.0,0,1651.0,636|1651|1934
401736333,Natasha Cloud,home,3,1370.0,0,1267.0,701|1267|1370
401736333,Natisha Hiedeman,away,2,,0,1842.0,734|1842
401736333,Sabrina Ionescu,home,2,,0,2265.0,849|2265
401736333,Jonquel Jones,home,1,,0,,1264
401736333,Alanna Smith,away,2,,0,1964.0,1486|1964
401736333,Stephanie Talbot,home,1,,0,,1786
401736333,Kennedy Burke,home,1,,0,,2106
401736333,Bridget Carleton,away,2,,0,2192.0,2124|2192
401736333,Emma Meesseman,home,1,,0,,2145
401736334,Alysha Clark,home,2,,0,307.0,259|307
401736334,Lucy Olsen,home,1,,0,,331
401736334,Madison Scott,home,3,1771.8,0,1727.0,383|1727|1772
401736334,Madison Scott defensive 3-seconds (technical,home,1,,0,,408
401736334,Aaliyah Edwards,away,3,1774.4,0,1699.0,480|1699|1774
401736334,Lindsay Allen,away,2,,0,945.0,649|945
401736334,Saniya Rivers,away,2,,0,1755.9,843|1756
401736334,Emily Engstler,home,2,,0,1021.0,959|1021
401736334,Tina Charles,away,3,2130.0,0,1502.0,972|1502|2130
401736334,Aneesah Morrow,away,1,,0,,1007
401736334,Kiki Iriafen,home,3,1939.0,0,1635.0,1101|1635|1939
401736334,Jade Melbourne,home,1,,0,,1160
401736334,Leila Lacan,away,1,,0,,1244
401736334,Marina Mabrey,away,3,2081.0,0,1918.0,1315|1918|2081
401736334,Bria Hartley,away,1,,0,,1449
401736334,Olivia Nelson-Ododa,away,3,2271.0,0,1844.0,1716|1844|2271
401736335,Ezi Magbegor,away,4,2204.0,0,2144.0,293|2144|2204|2258
401736335,Kamilla Cardoso,home,3,1129.0,1,750.0,366|750|1129
401736335,Rebecca Allen,home,2,,0,616.0,420|616
401736335,Elizabeth Williams,home,1,,0,,851
401736335,Brittney Sykes,away,3,2339.0,0,989.0,964|989|2339
401736335,Nneka Ogwumike,away,1,,0,,1131
401736335,Ariel Atkins,home,3,2353.0,0,2258.0,1276|2258|2353
401736335,Skylar Diggins,away,1,,0,,1367
401736335,Rachel Banham,home,2,,0,1476.0,1462|1476
401736335,Dominique Malonga,away,1,,0,,1574
401736335,Angel Reese,home,3,2378.6,0,1717.0,1702|1717|2379
401736335,Erica Wheeler,away,1,,0,,2121
401736335,Sevgi Uzun,home,1,,0,,2158
401736335,Elizabeth Williams personal,home,1,,0,,2385
401736335,Angel Reese personal,home,1,,0,,2390
401736336,Rhyne Howard,away,1,,0,,176
401736336,NaLyssa Smith,home,4,1989.0,0,1584.0,244|1584|1989|2228
401736336,Chelsea Gray,home,3,1244.0,0,1054.0,629|1054|1244
401736336,Kiah Stokes,home,1,,0,,697
401736336,Aaliyah Nye,home,1,,0,,769
401736336,Allisha Gray,away,3,1974.0,0,1071.0,877|1071|1974
401736336,Maya Caldwell,away,2,,0,1743.7,1066|1744
401736336,Te-Hina Paopao,away,2,,0,2029.0,1116|2029
401736336,Brittney Griner,away,2,,0,1510.0,1413|1510
401736336,Jewell Loyd,home,2,,0,1758.9,1429|1759
401736336,Brionna Jones,away,1,,0,,1450
401736336,Jackie Young,home,2,,0,1711.0,1607|1711
401736336,Nia Coffey,away,2,,0,1658.0,1630|1658
401736336,Dana Evans,home,1,,0,,1866
401736336,Naz Hillmon,away,1,,0,,1949
401736336,A'ja Wilson,home,1,,0,,2089
401736337,Sami Whitcomb,away,2,,0,363.0,123|363
401736337,Temi Fagbenle,home,4,1097.0,1,255.0,157|255|1097|1992
401736337,Natasha Mack,away,1,,0,,237
401736337,Veronica Burton,home,2,,0,2057.0,416|2057
401736337,Kaitlyn Chen,home,1,,0,,497
401736337,Janelle Salaun,home,2,,0,1196.1,578|1196
401736337,Monique Akoa Makani,away,3,2027.0,0,1966.0,591|1966|2027
401736337,DeWanna Bonner,away,1,,0,,619
401736337,Lexi Held,away,1,,0,,701
401736337,Laeticia Amihere,home,2,,0,757.0,744|757
401736337,Kaila Charles,home,2,,0,1018.0,744|1018
401736337,Kahleah Copper,away,5,1532.0,0,1288.0,777|1288|1532|2330|2389
401736337,Alyssa Thomas,away,3,1641.0,0,1198.9,1000|1199|1641
401736337,Kate Martin,home,1,,0,,1342
401736337,Carla Leite,home,1,,0,,1953
401736337,Satou Sabally,away,2,,0,2313.0,2269|2313
401736337,Veronica Burton personal,home,2,,0,2386.1,2377|2386
401736337,Temi Fagbenle personal,home,1,,0,,2378
401736338,Grace Berger,away,3,1958.0,0,264.0,218|264|1958
401736338,Lynne Roberts,home,1,,0,,218
401736338,Haley Jones,away,3,696.0,1,687.0,380|687|696
401736338,JJ Quinerly,away,2,,0,1792.0,410|1792
401736338,Azura Stevens,home,3,1978.0,0,1514.0,459|1514|1978
401736338,Rae Burrell,home,2,,0,1827.0,716|1827
401736338,Chris Koclanes,away,1,,0,,760
401736338,Myisha Hines-Allen,away,1,,0,,803
401736338,Paige Bueckers clear path,away,1,,0,,828
401736338,Cameron Brink,home,1,,0,,857
401736338,Paige Bueckers,away,2,,0,2058.0,922|2058
401736338,Rickea Jackson,home,2,,0,2337.0,1062|2337
401736338,Julie Allemand,home,3,2260.0,0,1621.0,1093|1621|2260
401736338,Maddy Siegrist,away,1,,0,,1445
401736338,Luisa Geiselsoder,away,3,2139.0,0,1898.0,1575|1898|2139
401736338,Kelsey Plum,home,1,,0,,1595
401736338,Dearica Hamby,home,1,,0,,2182
401736338,Aziaha James,away,1,,0,,2246
401736339,Aneesah Morrow,home,3,1364.0,0,1124.0,13|1124|1364
401736339,Kiki Iriafen,away,3,1651.0,0,489.0,233|489|1651
401736339,Bria Hartley,home,2,,0,918.0,317|918
401736339,Jade Melbourne,away,1,,0,,332
401736339,Emily Engstler,away,3,2119.0,0,1913.0,374|1913|2119
401736339,Stefanie Dolson,away,3,1719.0,0,1139.0,382|1139|1719
401736339,Leila Lacan,home,5,2012.0,0,1589.0,477|1589|2012|2055|2177
401736339,Aaliyah Edwards,home,3,1747.8,0,852.0,586|852|1748
401736339,Saniya Rivers,home,1,,0,,739
401736339,Alysha Clark,away,2,,0,1869.0,831|1869
401736339,Sonia Citron,away,1,,0,,1177
401736339,Olivia Nelson-Ododa,home,2,,0,1845.0,1196|1845
401736339,Tina Charles,home,1,,0,,1269
401736339,Sug Sutton,away,1,,0,,1321
401736339,Marina Mabrey,home,1,,0,,2022
401736339,Shakira Austin,away,1,,0,,2112
401736340,Natasha Cloud,home,5,1904.0,0,801.0,139|801|1904|2001|2305
401736340,Ariel Atkins,away,5,1283.0,0,747.0,326|747|1283|2116|2252
401736340,Stephanie Talbot,home,1,,0,,509
401736340,Sevgi Uzun,away,1,,0,,518
401736340,Angel Reese,away,3,1965.0,0,1839.0,785|1839|1965
401736340,Sabrina Ionescu,home,5,2029.0,0,1022.0,792|1022|2029|2356|2364
401736340,Michaela Onyenwere,away,1,,0,,860
401736340,Rebekah Gardner,home,2,,0,1105.0,937|1105
401736340,Kamilla Cardoso,away,4,2154.0,0,988.0,954|988|2154|2177
401736340,Emma Meesseman,home,5,1549.0,0,1439.0,1378|1439|1549|2093|2292
401736340,Jonquel Jones,home,2,,0,1779.0,1572|1779
401736340,Marine Johannes,home,1,,0,,1635
401736340,Kennedy Burke,home,1,,0,,2057
401736340,Rachel Banham,away,2,,0,2188.0,2066|2188
401736340,Leonie Fiebich,home,1,,0,,2179
401736340,Rebecca Allen,away,1,,0,,2218
401736340,Sabrina Ionescu personal,home,1,,0,,2374
401736341,Bridget Carleton,away,2,,0,762.0,310|762
401736341,Alanna Smith,away,4,2110.0,0,1141.5,519|1142|2110|2375
401736341,Maria Kliundikova,away,1,,0,,545
401736341,Nia Coffey,home,1,,0,,655
401736341,DiJonai Carrington,away,2,,0,1841.0,710|1841
401736341,Kayla McBride,away,2,,0,1477.0,771|1477
401736341,Rhyne Howard,home,2,,0,2284.0,787|2284
401736341,Brittney Griner,home,3,1657.0,0,1056.0,910|1056|1657
401736341,Brionna Jones,home,1,,0,,950
401736341,Courtney Williams,away,1,,0,,985
401736341,Allisha Gray,home,2,,0,1970.0,1797|1970
401736341,Bridget Carleton personal,away,1,,0,,2378
401736342,Jackie Young,home,1,,0,,231
401736342,Kahleah Copper,away,2,,0,1368.0,450|1368
401736342,Alyssa Thomas,away,5,1448.0,0,913.0,545|913|1448|1922|2106
401736342,Monique Akoa Makani,away,2,,0,1403.0,578|1403
401736342,Kiah Stokes,home,1,,0,,715
401736342,Kierstan Bell,home,1,,0,,1099
401736342,A'ja Wilson,home,1,,0,,1332
401736342,Natasha Mack,away,1,,0,,1347
401736342,Jewell Loyd,home,2,,0,1459.0,1395|1459
401736342,Chelsea Gray,home,1,,0,,1604
401736342,Nate Tibbetts,away,1,,0,,1673
401736342,Dana Evans,home,1,,0,,1694
401736342,NaLyssa Smith,home,1,,0,,2009
401736343,Courtney Williams,away,2,,0,1405.0,95|1405
401736343,Alanna Smith,away,3,970.0,1,355.0,198|355|970
401736343,Aliyah Boston,home,2,,0,482.0,268|482
401736343,Lexie Hull,home,2,,0,1208.0,326|1208
401736343,Kelsey Mitchell,home,4,1970.0,0,1351.0,344|1351|1970|2188
401736343,DiJonai Carrington,away,3,1909.0,0,1836.0,504|1836|1909
401736343,Kayla McBride,away,1,,0,,595
401736343,Odyssey Sims,home,1,,0,,803
401736343,Natasha Howard,home,3,2123.0,0,936.0,858|936|2123
401736343,Brianna Turner,home,2,,0,1799.0,1139|1799
401736343,Natisha Hiedeman,away,2,,0,1597.0,1507|1597
401736343,Makayla Timpson,home,1,,0,,1609
401736343,Bridget Carleton,away,1,,0,,1619
401736343,Maria Kliundikova,away,1,,0,,1849
401736343,Lexie Hull personal,home,2,,0,2393.6,2393|2394
401736344,Luisa Geiselsoder,home,3,1244.0,0,118.0,14|118|1244
401736344,Brittney Sykes,away,1,,0,,141
401736344,Grace Berger,home,4,1910.0,0,509.0,149|509|1910|1989
401736344,Maddy Siegrist,home,2,,0,1481.0,304|1481
401736344,Ezi Magbegor,away,3,986.0,1,880.0,327|880|986
401736344,Aziaha James,home,3,501.0,1,491.0,346|491|501
401736344,Erica Wheeler,away,2,,0,1972.0,394|1972
401736344,Dominique Malonga,away,2,,0,1782.4,560|1782
401736344,Diamond Miller,home,3,1703.0,0,1153.7,651|1154|1703
401736344,Skylar Diggins,away,3,1497.0,0,1088.0,871|1088|1497
401736344,Myisha Hines-Allen,home,1,,0,,928
401736344,Paige Bueckers,home,1,,0,,1624
401736344,Haley Jones,home,1,,0,,2012
401736344,Tiffany Mitchell,away,1,,0,,2100
401736344,Amy Okonkwo,home,1,,0,,2274
401736345,Monique Akoa Makani,home,4,1348.0,0,1092.0,3|1092|1348|2184
401736345,Temi Fagbenle,away,1,,0,,242
401736345,Satou Sabally,home,4,2138.0,0,1841.0,267|1841|2138|2231
401736345,Sami Whitcomb,home,3,1781.7,0,597.4,397|597|1782
401736345,Laeticia Amihere,away,1,,0,,435
401736345,Alyssa Thomas,home,1,,0,,562
401736345,Kaila Charles,away,3,969.0,1,826.0,640|826|969
401736345,Kahleah Copper,home,4,1960.0,0,1598.0,759|1598|1960|2101
401736345,Tiffany Hayes,away,5,1112.0,1,1073.0,846|1073|1112|1112|1363
401736345,Lexi Held,home,1,,0,,1096
401736345,Natasha Mack,home,1,,0,,1185
401736345,Iliana Rupert,away,3,1900.0,0,1819.0,1372|1819|1900
401736345,Carla Leite,away,1,,0,,1419
401736345,DeWanna Bonner,home,2,,0,1809.0,1695|1809
401736345,Kate Martin,away,1,,0,,2055
401736346,Brittney Griner,home,2,,0,598.5,294|598
401736346,Rebekah Gardner,away,3,1996.0,0,1532.0,349|1532|1996
401736346,Naz Hillmon,home,3,1105.0,1,1027.0,625|1027|1105
401736346,Stephanie Talbot,away,1,,0,,818
401736346,Brionna Jones,home,4,1411.0,0,1150.4,914|1150|1411|1794
401736346,Jonquel Jones,away,2,,0,2003.0,935|2003
401736346,Nia Coffey,home,1,,0,,990
401736346,Allisha Gray,home,2,,0,1226.0,1096|1226
401736346,Natasha Cloud,away,1,,0,,1214
401736346,Marine Johannes,away,1,,0,,1355
401736346,Kennedy Burke,away,1,,0,,2033
401736346,Leonie Fiebich,away,1,,0,,2285
401736347,Jackie Young,away,1,,0,,180
401736347,Sonia Citron,home,3,1231.0,0,1167.8,218|1168|1231
401736347,NaLyssa Smith,away,4,1437.0,0,667.0,247|667|1437|1986
401736347,A'ja Wilson,away,4,1695.0,0,1645.0,276|1645|1695|1953
401736347,Jade Melbourne,home,1,,0,,331
401736347,Chelsea Gray,away,3,2021.0,0,1048.0,376|1048|2021
401736347,Megan Gustafson,away,3,2331.0,0,582.2,559|582|2331
401736347,Shakira Austin,home,4,1976.0,0,1709.0,830|1709|1976|2032
401736347,Jewell Loyd,away,2,,0,1542.0,1082|1542
401736347,Kierstan Bell,away,1,,0,,1082
401736347,Kiki Iriafen,home,1,,0,,1111
401736347,Kiki Iriafen defensive 3-seconds (technical,home,1,,0,,1159
401736347,Sug Sutton,home,1,,0,,1414
401736347,Stefanie Dolson,home,1,,0,,1427
401736347,Alysha Clark,home,1,,0,,2075
401736347,Madison Scott,home,1,,0,,2269
401736347,Aaliyah Nye,away,1,,0,,2338
401736348,Bria Hartley,away,4,1863.0,0,1325.0,174|1325|1863|2140
401736348,Ariel Atkins,home,2,,0,660.0,205|660
401736348,Leila Lacan,away,4,1488.0,0,1349.0,307|1349|1488|1536
401736348,Marina Mabrey,away,2,,0,1941.0,354|1941
401736348,Sevgi Uzun,home,4,1896.0,0,1849.0,397|1849|1896|2363
401736348,Tina Charles,away,3,2334.0,0,1450.0,405|1450|2334
401736348,Kamilla Cardoso,home,3,2265.0,0,833.0,566|833|2265
401736348,Tyler Marsh,home,2,,0,715.0,715|715
401736348,Olivia Nelson-Ododa,away,1,,0,,766
401736348,Bria Hartley defensive 3-seconds (technical,away,1,,0,,903
401736348,Aneesah Morrow,away,2,,0,1105.0,971|1105
401736348,Angel Reese,home,3,1823.0,0,1467.0,1034|1467|1823
401736348,Michaela Onyenwere,home,1,,0,,1357
401736348,Saniya Rivers,away,1,,0,,1584
401736348,Rebecca Allen,home,1,,0,,1960
401736348,Rachel Banham,home,1,,0,,2251
401736348,Ariel Atkins personal,home,1,,0,,2368
401736349,Alysha Clark,home,1,,0,,319
401736349,Dominique Malonga,away,4,1186.5,1,848.0,581|848|1186|2294
401736349,Skylar Diggins,away,3,1399.0,0,1331.0,667|1331|1399
401736349,Ezi Magbegor,away,5,1101.0,1,1032.0,1017|1032|1101|1552|2071
401736349,Shakira Austin,home,1,,0,,1138
401736349,Stefanie Dolson defensive 3-seconds (technical,home,1,,0,,1563
401736349,Jade Melbourne,home,3,1983.0,0,1945.0,1643|1945|1983
401736349,Stefanie Dolson,home,1,,0,,1740
401736349,Brittney Sykes,away,2,,0,2288.0,1972|2288
401736349,Gabby Williams,away,1,,0,,2009
401736349,Sug Sutton,home,1,,0,,2223
401736350,Kaila Charles,away,3,1566.0,0,453.0,189|453|1566
401736350,Luisa Geiselsoder,home,1,,0,,207
401736350,Iliana Rupert,away,3,2113.0,0,1652.0,222|1652|2113
401736350,Aziaha James,home,2,,0,1795.3,412|1795
401736350,Myisha Hines-Allen,home,3,2344.8,0,2096.0,540|2096|2345
401736350,Diamond Miller,home,1,,0,,808
401736350,Veronica Burton,away,3,1688.0,0,1614.0,889|1614|1688
401736350,Temi Fagbenle,away,3,2252.0,0,947.0,913|947|2252
401736350,Grace Berger,home,2,,0,1310.0,942|1310
401736350,Paige Bueckers,home,4,1884.0,0,1798.8,1110|1799|1884|2139
401736350,Maddy Siegrist,home,1,,0,,1278
401736350,Janelle Salaun,away,1,,0,,1447
401736350,Grace Berger defensive 3-seconds (technical,home,1,,0,,1498
401736350,Haley Jones,home,1,,0,,1532
401736350,Chris Koclanes,home,1,,0,,1884
401736350,Kate Martin,away,1,,0,,2210
401736350,Paige Bueckers personal,home,1,,0,,2397
401736351,Courtney Williams,home,3,1550.0,0,241.0,45|241|1550
401736351,Natasha Howard,away,4,2047.0,0,1376.0,293|1376|2047|2121
401736351,Natisha Hiedeman,home,2,,0,618.0,456|618
401736351,Alanna Smith,home,4,1961.0,0,923.0,514|923|1961|2265
401736351,Brianna Turner,away,2,,0,1936.0,589|1936
401736351,Damiris Dantas,away,2,,0,1068.0,633|1068
401736351,DiJonai Carrington,home,3,1947.0,0,1843.0,691|1843|1947
401736351,Napheesa Collier,home,3,2146.0,0,1363.0,703|1363|2146
401736351,Bridget Carleton,home,3,2165.0,0,1682.0,1011|1682|2165
401736351,Kelsey Mitchell,away,2,,0,1473.0,1051|1473
401736351,Aliyah Boston,away,1,,0,,1384
401736351,Aerial Powers,away,2,,0,1627.0,1422|1627
401736351,Jessica Shepard,home,1,,0,,1637
401736351,Shey Peddy,away,3,2193.0,0,2075.0,2031|2075|2193
401736351,Lexie Hull,away,3,2258.0,0,2158.0,2039|2158|2258
401736351,Kayla McBride,home,1,,0,,2158
401736352,Marina Mabrey,away,5,1796.3,0,1415.0,90|1415|1796|1880|2023
401736352,Tina Charles,away,2,,0,937.0,134|937
401736352,Leonie Fiebich,home,5,1426.0,0,402.0,323|402|1426|2104|2195
401736352,Jonquel Jones,home,3,2376.4,0,1239.0,360|1239|2376
401736352,Leila Lacan,away,5,1058.0,1,684.0,510|684|1058|1890|2099
401736352,Bria Hartley,away,2,,0,2054.0,779|2054
401736352,Rebekah Gardner,home,2,,0,981.0,851|981
401736352,Saniya Rivers,away,2,,0,1796.3,1099|1796
401736352,Kennedy Burke,home,1,,0,,1322
401736352,Olivia Nelson-Ododa,away,1,,0,,1461
401736352,Emma Meesseman,home,1,,0,,1607
401736352,Sabrina Ionescu,home,1,,0,,1721
401736352,Aaliyah Edwards,away,2,,0,2247.0,1758|2247
401736352,Breanna Stewart,home,2,,0,2345.4,1820|2345
401736352,Marine Johannes,home,1,,0,,1962
401736353,Kierstan Bell,away,2,,0,1313.0,92|1313
401736353,Kamilla Cardoso,home,4,1018.0,1,289.0,167|289|1018|1763
401736353,Chelsea Gray,away,3,2365.5,0,721.0,321|721|2366
401736353,Megan Gustafson,away,3,1660.0,0,1639.0,437|1639|1660
401736353,A'ja Wilson,away,3,1526.0,0,1446.0,847|1446|1526
401736353,Michaela Onyenwere,home,1,,0,,862
401736353,Angel Reese,home,2,,0,1707.0,961|1707
401736353,NaLyssa Smith,away,4,1832.0,0,1778.0,1005|1778|1832|2173
401736353,Rebecca Allen,home,1,,0,,1113
401736353,Jewell Loyd,away,1,,0,,1142
401736353,Rachel Banham,home,2,,0,1615.0,1453|1615
401736353,Kia Nurse,home,1,,0,,1491
401736353,Ariel Atkins,home,3,2325.0,0,2029.0,1725|2029|2325
401736353,Elizabeth Williams,home,1,,0,,1852
401736353,Sevgi Uzun,home,1,,0,,1928
401736353,Dana Evans,away,2,,0,1961.0,1937|1961
401736353,Becky Hammon,away,1,,0,,2046
401736353,Ariel Atkins personal,home,1,,0,,2381
401736354,Ezi Magbegor,away,3,1196.5,1,1194.0,39|1194|1196
401736354,Nneka Ogwumike,away,3,1775.1,0,1394.0,100|1394|1775
401736354,Brittney Sykes personal,away,1,,0,,175
401736354,Aerial Powers,home,1,,0,,267
401736354,Aliyah Boston,home,2,,0,1962.0,445|1962
401736354,Dominique Malonga,away,2,,0,1480.0,588|1480
401736354,Odyssey Sims,home,2,,0,1489.0,622|1489
401736354,Damiris Dantas,home,1,,0,,744
401736354,Shey Peddy personal,home,1,,0,,1149
401736354,Kelsey Mitchell,home,2,,0,1719.0,1156|1719
401736354,Gabby Williams,away,1,,0,,1236
401736354,Erica Wheeler,away,2,,0,1691.0,1344|1691
401736354,Skylar Diggins,away,1,,0,,1383
401736354,Brittney Sykes,away,1,,0,,1582
401736354,Brianna Turner,home,2,,0,1757.9,1599|1758
401736354,Mackenzie Holmes,away,1,,0,,2249
401736354,Makayla Timpson,home,1,,0,,2366
401736355,Julie Allemand,home,2,,0,2363.0,26|2363
401736355,Natasha Mack,away,1,,0,,142
401736355,Kelsey Plum,home,3,2376.7,0,2111.0,190|2111|2377
401736355,Kahleah Copper,away,4,1002.0,1,560.5,204|560|1002|2217
401736355,Azura Stevens,home,1,,0,,342
401736355,Rae Burrell,home,1,,0,,576
401736355,Cameron Brink,home,4,1136.0,1,787.0,584|787|1136|1563
401736355,DeWanna Bonner,away,2,,0,2355.1,726|2355
401736355,Julie Vanloo,home,2,,0,1824.0,739|1824
401736355,Julie Allemand defensive 3-seconds (technical,home,1,,0,,1080
401736355,Satou Sabally,away,2,,0,1759.5,1286|1760
401736355,Dearica Hamby,home,2,,0,1538.0,1330|1538
401736355,Sami Whitcomb,away,4,2305.0,0,2049.0,1480|2049|2305|2333
401736355,Cameron Brink defensive 3-seconds (technical,home,1,,0,,1676
401736355,Rickea Jackson,home,1,,0,,1727
401736355,Monique Akoa Makani,away,1,,0,,1813
401736355,Rae Burrell personal,home,2,,0,2334.0,2313|2334
401736356,Chelsea Gray,away,2,,0,286.0,198|286
401736356,Jewell Loyd,away,2,,0,1117.0,655|1117
401736356,Jackie Young,away,2,,0,2145.0,706|2145
401736356,Brionna Jones,home,3,2297.0,0,2009.0,716|2009|2297
401736356,Aaliyah Nye,away,1,,0,,893
401736356,Allisha Gray,home,3,1687.0,0,1353.0,919|1353|1687
401736356,NaLyssa Smith,away,2,,0,2024.0,934|2024
401736356,Maya Caldwell,home,1,,0,,1000
401736356,Brittney Griner,home,2,,0,2085.0,1023|2085
401736356,Rhyne Howard,home,2,,0,2249.0,1285|2249
401736356,Kierstan Bell,away,4,1900.0,0,1855.0,1372|1855|1900|1921
401736356,A'ja Wilson,away,1,,0,,1544
401736356,Naz Hillmon personal,home,1,,0,,2391
401736357,Leila Lacan,away,2,,0,818.0,89|818
401736357,Luisa Geiselsoder,home,2,,0,1117.0,166|1117
401736357,Aziaha James,home,4,1973.0,0,1165.5,232|1166|1973|2330
401736357,Aaliyah Edwards,away,1,,0,,267
401736357,Serena Sundell,home,2,,0,328.0,310|328
401736357,Myisha Hines-Allen,home,2,,0,1398.0,396|1398
401736357,Mamignan Toure,away,1,,0,,432
401736357,Bria Hartley,away,1,,0,,760
401736357,Haley Jones,home,2,,0,1850.0,854|1850
401736357,Diamond Miller,home,2,,0,1460.0,948|1460
401736357,Grace Berger,home,2,,0,1347.0,1076|1347
401736357,Maddy Siegrist,home,3,2283.0,0,1611.0,1313|1611|2283
401736357,Aneesah Morrow,away,1,,0,,1523
401736357,Saniya Rivers,away,2,,0,1792.3,1556|1792
401736357,Olivia Nelson-Ododa,away,2,,0,2094.0,1631|2094
401736357,Marina Mabrey,away,3,2372.2,0,2012.0,1726|2012|2372
401736357,Amy Okonkwo,home,1,,0,,1914
401736357,Tina Charles,away,2,,0,2259.0,2175|2259
401736357,Grace Berger personal,home,1,,0,,2383
401736357,Amy Okonkwo personal,home,1,,0,,2394
401736358,Alysha Clark,away,4,1417.0,0,1190.3,28|1190|1417|1760
401736358,Breanna Stewart,home,2,,0,1773.0,294|1773
401736358,Emily Engstler,away,3,2078.0,0,1057.0,494|1057|2078
401736358,Kennedy Burke,home,2,,0,1486.0,502|1486
401736358,Stefanie Dolson,away,3,1596.0,0,1580.0,565|1580|1596
401736358,Lucy Olsen,away,2,,0,1534.0,715|1534
401736358,Sug Sutton,away,2,,0,1738.0,1092|1738
401736358,Stephanie Talbot,home,2,,0,1741.7,1197|1742
401736358,Sonia Citron,away,2,,0,1923.0,1394|1923
401736358,Rebekah Gardner,home,1,,0,,1645
401736358,Shakira Austin,away,1,,0,,1728
401736358,Leonie Fiebich,home,1,,0,,1899
401736358,Isabelle Harrison,home,1,,0,,1939
401736358,Breanna Stewart personal,home,1,,0,,2319
401736359,Brittney Sykes,away,2,,0,1365.0,12|1365
401736359,Courtney Williams,home,3,1274.0,0,741.0,125|741|1274
401736359,Ezi Magbegor,away,2,,0,1860.0,262|1860
401736359,Alanna Smith,home,4,1641.0,0,863.0,385|863|1641|2051
401736359,Dominique Malonga,away,3,1874.0,0,1852.0,447|1852|1874
401736359,Gabby Williams,away,3,2259.0,0,1327.0,461|1327|2259
401736359,DiJonai Carrington,home,2,,0,712.0,512|712
401736359,Natisha Hiedeman,home,2,,0,1171.4,607|1171
401736359,Erica Wheeler,away,2,,0,1755.7,650|1756
401736359,Napheesa Collier,home,2,,0,1843.0,922|1843
401736359,Nneka Ogwumike,away,1,,0,,1144
401736359,Lexie Brown,away,1,,0,,1189
401736359,Bridget Carleton,home,1,,0,,1341
401736359,Jessica Shepard,home,1,,0,,1458
401736359,Kayla McBride,home,1,,0,,1745
401736359,Cheryl Reeve,home,1,,0,,1800
401736359,Skylar Diggins,away,1,,0,,2252
401736359,DiJonai Carrington personal,home,1,,0,,2332
401736359,Camryn Taylor,home,1,,0,,2380
401736360,Angel Reese,away,4,2199.0,0,2196.0,128|2196|2199|2394
401736360,Ariel Atkins,away,4,2025.0,0,1537.0,130|1537|2025|2064
401736360,Alyssa Thomas,home,3,1518.0,0,803.0,154|803|1518
401736360,Kamilla Cardoso,away,3,2315.0,0,1665.0,207|1665|2315
401736360,Satou Sabally,home,3,2389.1,0,1022.0,228|1022|2389
401736360,Monique Akoa Makani,home,1,,0,,253
401736360,Sami Whitcomb,home,1,,0,,285
401736360,Rachel Banham,away,3,2112.0,0,1341.0,388|1341|2112
401736360,Elizabeth Williams,away,1,,0,,443
401736360,Kathryn Westbeld,home,1,,0,,488
401736360,Kahleah Copper,home,1,,0,,916
401736360,Sevgi Uzun,away,3,1730.0,0,1113.0,1057|1113|1730
401736360,Kia Nurse,away,1,,0,,1160
401736360,DeWanna Bonner,home,1,,0,,1959
401736360,Natasha Mack,home,1,,0,,2235
401736361,Diamond Miller,away,1,,0,,148
401736361,Maya Caldwell,home,2,,0,2210.0,354|2210
401736361,Maddy Siegrist,away,2,,0,1162.7,412|1163
401736361,Serena Sundell,away,2,,0,1765.1,501|1765
401736361,Allisha Gray,home,2,,0,1175.9,634|1176
401736361,Rhyne Howard,home,2,,0,1989.0,1216|1989
401736361,Te-Hina Paopao,home,1,,0,,1384
401736361,Brionna Jones,home,3,2041.0,0,1741.4,1421|1741|2041
401736361,Amy Okonkwo,away,3,2159.0,0,1572.0,1503|1572|2159
401736361,Naz Hillmon,home,1,,0,,1599
401736361,Myisha Hines-Allen,away,3,1993.0,0,1977.0,1610|1977|1993
401736361,Paige Bueckers,away,1,,0,,2182
401736361,Christyn Williams,away,1,,0,,2296
401736362,Kelsey Plum,home,1,,0,,75
401736362,Lexie Hull,away,5,885.0,1,861.0,259|861|885|905|1567
401736362,Kelsey Mitchell,away,3,2368.4,0,1988.0,435|1988|2368
401736362,Brianna Turner,away,1,,0,,515
401736362,Sarah Ashlee Barker,home,3,649.0,1,612.0,544|612|649
401736362,Cameron Brink,home,2,,0,1830.0,673|1830
401736362,Rickea Jackson,home,1,,0,,696
401736362,Natasha Howard,away,3,2051.0,0,1344.0,716|1344|2051
401736362,Aliyah Boston,away,4,1581.0,0,1362.0,750|1362|1581|1810
401736362,Dearica Hamby,home,3,2277.0,0,1015.0,778|1015|2277
401736362,Julie Vanloo,home,1,,0,,984
401736362,Azura Stevens,home,1,,0,,1040
401736362,Odyssey Sims,away,2,,0,2229.0,1169|2229
401736362,Aerial Powers,away,1,,0,,1764
401736362,Kelsey Plum personal,home,1,,0,,2399
401736362,Julie Allemand personal,home,1,,0,,2400
401736363,Bridget Carleton,away,1,,0,,69
401736363,Tina Charles,home,2,,0,933.0,203|933
401736363,Saniya Rivers,home,1,,0,,618
401736363,Aneesah Morrow,home,2,,0,2352.0,716|2352
401736363,Maria Kliundikova,away,3,2324.0,0,2315.0,784|2315|2324
401736363,Marina Mabrey,home,3,1649.0,0,1487.0,1097|1487|1649
401736363,Leila Lacan,home,2,,0,2121.0,1153|2121
401736363,Napheesa Collier,away,3,2159.0,0,1522.0,1428|1522|2159
401736363,Kayla McBride,away,3,2152.0,0,2070.0,1510|2070|2152
401736363,Jessica Shepard,away,1,,0,,1614
401736363,Double,home,1,,0,,1649
401736363,DiJonai Carrington,away,2,,0,2282.0,1756|2282
401736363,Natisha Hiedeman,away,1,,0,,1939
401736363,Aaliyah Edwards,home,1,,0,,2012
401736363,Mamignan Toure,home,2,,0,2331.0,2251|2331
401736363,Lindsay Allen,home,1,,0,,2298
401736363,Rayah Marshall,home,1,,0,,2302
401736363,Jaylyn Sherrod,away,1,,0,,2400
401736364,Sug Sutton,away,3,1654.0,0,188.0,78|188|1654
401736364,Sonia Citron,away,4,1000.0,1,787.0,122|787|1000|1182
401736364,Kaila Charles,home,3,1316.0,0,379.0,168|379|1316
401736364,Temi Fagbenle,home,4,806.0,1,350.0,316|350|806|1240
401736364,Jade Melbourne,away,3,1558.0,0,904.0,453|904|1558
401736364,Iliana Rupert,home,1,,0,,510
401736364,Kiki Iriafen,away,1,,0,,625
401736364,Sydney Johnson,away,1,,0,,806
401736364,Lucy Olsen,away,2,,0,2005.0,882|2005
401736364,Stefanie Dolson,away,2,,0,1665.0,934|1665
401736364,Janelle Salaun,home,1,,0,,981
401736364,Veronica Burton,home,2,,0,1058.0,1033|1058
401736364,Kaitlyn Chen,home,1,,0,,1106
401736364,Alysha Clark,away,2,,0,2387.7,1388|2388
401736364,Emily Engstler,away,3,1930.0,0,1847.0,1571|1847|1930
401736364,Carla Leite,home,2,,0,2086.0,1625|2086
401736364,Kate Martin,home,1,,0,,1969
401736364,Bree Hall,home,2,,0,2275.0,2270|2275
401736365,Skylar Diggins,home,3,1644.0,0,1396.0,172|1396|1644
401736365,Ezi Magbegor,home,5,1824.0,0,406.0,267|406|1824|1913|2172
401736365,Erica Wheeler,home,5,1967.0,0,1111.0,553|1111|1967|2331|2331
401736365,Elizabeth Williams,away,2,,0,1121.0,634|1121
401736365,Mackenzie Holmes,home,2,,0,1528.0,755|1528
401736365,Kia Nurse,away,2,,0,1628.0,807|1628
401736365,Gabby Williams,home,1,,0,,995
401736365,Angel Reese,away,3,2060.0,0,1194.7,1075|1195|2060
401736365,Kamilla Cardoso,away,4,2304.0,0,1479.0,1307|1479|2304|2345
401736365,Rachel Banham,away,1,,0,,1341
401736365,Brittney Sykes,home,1,,0,,1714
401736365,Rebecca Allen,away,1,,0,,1862
401736365,Nneka Ogwumike,home,3,2233.0,0,2038.0,1996|2038|2233
401736365,Ariel Atkins,away,1,,0,,2022
401736365,Michaela Onyenwere,away,2,,0,2294.0,2180|2294
401736366,Satou Sabally,home,4,1869.0,0,1335.0,115|1335|1869|1952
401736366,Jonquel Jones,away,4,1719.0,0,1412.0,192|1412|1719|2262
401736366,Emma Meesseman defensive 3-seconds (technical,away,1,,0,,229
401736366,Marine Johannes,away,2,,0,488.0,369|488
401736366,Natasha Mack,home,2,,0,1247.0,898|1247
401736366,Breanna Stewart,away,2,,0,1992.0,988|1992
401736366,Nate Tibbetts,home,1,,0,,1008
401736366,Kahleah Copper,home,2,,0,1493.0,1118|1493
401736366,Leonie Fiebich,away,1,,0,,1270
401736366,Alyssa Thomas,home,1,,0,,1332
401736366,Monique Akoa Makani,home,1,,0,,1375
401736366,Emma Meesseman,away,1,,0,,1396
401736366,Isabelle Harrison,away,1,,0,,1538
401736366,DeWanna Bonner,home,1,,0,,1587
401736366,Rebekah Gardner,away,1,,0,,1691
401736366,Natasha Cloud,away,1,,0,,2164
401736366,Kiana Williams,home,1,,0,,2347
401736367,Rickea Jackson,home,2,,0,163.0,30|163
401736367,Jade Melbourne,away,1,,0,,221
401736367,Lucy Olsen,away,4,1010.0,1,819.0,240|819|1010|1921
401736367,Julie Allemand,home,1,,0,,279
401736367,Cameron Brink,home,4,1823.0,0,596.5,549|596|1823|1828
401736367,Julie Vanloo,home,1,,0,,606
401736367,Azura Stevens,home,4,1921.0,0,833.0,800|833|1921|2092
401736367,Dearica Hamby,home,3,2028.0,0,1732.0,918|1732|2028
401736367,Kiki Iriafen,away,2,,0,1974.0,1101|1974
401736367,Kelsey Plum,home,3,1701.0,0,1315.0,1282|1315|1701
401736367,Sonia Citron,away,3,2392.2,0,2225.0,1464|2225|2392
401736367,Emily Engstler,away,2,,0,1650.0,1590|1650
401736367,Stefanie Dolson,away,1,,0,,1977
401736367,Sug Sutton,away,1,,0,,2072
401736367,Shakira Austin,away,2,,0,2284.0,2109|2284
401736368,Iliana Rupert,home,3,1495.0,0,661.0,60|661|1495
401736368,Temi Fagbenle,home,5,951.0,1,784.0,283|784|951|1876|2211
401736368,Natasha Howard,away,3,2299.0,0,1083.0,360|1083|2299
401736368,Kelsey Mitchell,away,2,,0,1684.0,437|1684
401736368,Kaila Charles,home,2,,0,2345.2,545|2345
401736368,Aerial Powers,away,3,2249.0,0,1973.0,728|1973|2249
401736368,Janelle Salaun,home,2,,0,1152.3,788|1152
401736368,Kate Martin,home,1,,0,,802
401736368,Carla Leite clear path,home,1,,0,,828
401736368,Brianna Turner,away,1,,0,,1040
401736368,Odyssey Sims,away,3,1960.0,0,1603.0,1049|1603|1960
401736368,Veronica Burton,home,3,2308.0,0,1397.0,1053|1397|2308
401736368,Lexie Hull,away,2,,0,1273.0,1165|1273
401736368,Iliana Rupert defensive 3-seconds (technical,home,1,,0,,1243
401736368,Laeticia Amihere defensive 3-seconds (technical,home,1,,0,,1666
401736368,Carla Leite,home,1,,0,,1931
401736369,Allisha Gray,away,4,1314.0,0,971.0,119|971|1314|2147
401736369,Marina Mabrey,home,3,1689.0,0,376.0,227|376|1689
401736369,Rhyne Howard,away,4,2093.0,0,368.0,293|368|2093|2132
401736369,Saniya Rivers,home,2,,0,472.0,310|472
401736369,Naz Hillmon,away,2,,0,1733.0,384|1733
401736369,Leila Lacan,home,5,1590.0,0,807.0,574|807|1590|1720|2343
401736369,Tina Charles,home,3,1682.0,0,1084.0,796|1084|1682
401736369,Maya Caldwell,away,1,,0,,815
401736369,Jordin Canada,away,1,,0,,869
401736369,Aneesah Morrow,home,1,,0,,1011
401736369,Brionna Jones,away,2,,0,1366.0,1071|1366
401736369,Te-Hina Paopao,away,2,,0,1238.0,1093|1238
401736369,Brittney Griner,away,1,,0,,1141
401736369,Lindsay Allen,home,1,,0,,1529
401736369,Mamignan Toure,home,1,,0,,1796
401736369,Aaliyah Edwards,home,1,,0,,2027
401736370,Amy Okonkwo,away,2,,0,213.0,177|213
401736370,DiJonai Carrington,home,1,,0,,189
401736370,Myisha Hines-Allen,away,1,,0,,281
401736370,Diamond Miller,away,4,1168.6,1,712.0,465|712|1169|2243
401736370,Courtney Williams,home,3,1217.0,0,1181.0,480|1181|1217
401736370,Alanna Smith,home,5,1130.0,1,1022.0,532|1022|1130|1400|1968
401736370,Jessica Shepard,home,1,,0,,859
401736370,Maria Kliundikova,home,3,1997.0,0,1886.0,934|1886|1997
401736370,Grace Berger,away,1,,0,,1050
401736370,Maddy Siegrist,away,5,1581.0,0,1361.0,1161|1361|1581|1744|2050
401736370,Napheesa Collier,home,1,,0,,1281
401736370,Christyn Williams,away,1,,0,,1848
401736370,Bridget Carleton,home,1,,0,,1881
401736370,Natisha Hiedeman,home,1,,0,,2110
401736370,Jaylyn Sherrod,home,1,,0,,2137
401736370,Anastasiia Olairi Kosu,home,1,,0,,2225
401736370,Camryn Taylor,home,1,,0,,2319
401736371,Gabby Williams,home,3,2378.7,0,2210.0,182|2210|2379
401736371,Julie Allemand,away,3,2118.0,0,887.0,316|887|2118
401736371,Cameron Brink,away,6,1638.0,0,1478.0,365|1478|1638|1639|1656|2110
401736371,Dominique Malonga,home,5,1538.0,0,1527.0,742|1527|1538|1626|1738
401736371,Rae Burrell,away,3,1759.6,0,1649.0,873|1649|1760
401736371,Dearica Hamby,away,3,1909.0,0,1212.0,915|1212|1909
401736371,Brittney Sykes,home,3,1271.0,0,1054.0,1045|1054|1271
401736371,Ezi Magbegor,home,2,,0,2312.0,1054|2312
401736371,Erica Wheeler,home,2,,0,2367.1,1085|2367
401736371,Nneka Ogwumike,home,3,2075.0,0,1316.0,1154|1316|2075
401736371,Azura Stevens,away,1,,0,,1796
401736372,Natasha Cloud,away,3,2216.0,0,831.0,156|831|2216
401736372,Marine Johannes,away,4,1386.0,0,643.0,544|643|1386|2047
401736372,Isabelle Harrison,away,1,,0,,680
401736372,Emma Meesseman,away,2,,0,1886.0,732|1886
401736372,Kate Martin,home,3,1139.0,1,896.0,847|896|1139
401736372,Iliana Rupert,home,3,1509.0,0,1301.0,852|1301|1509
401736372,Kennedy Burke,away,1,,0,,863
401736372,Breanna Stewart,away,3,2037.0,0,1574.0,904|1574|2037
401736372,Jonquel Jones,away,2,,0,954.0,936|954
401736372,Kaila Charles,home,1,,0,,997
401736372,Monique Billings,home,1,,0,,1396
401736372,Janelle Salaun,home,2,,0,1809.0,1549|1809
401736372,Veronica Burton,home,4,2193.0,0,1975.0,1614|1975|2193|2246
401736372,Rebekah Gardner,away,2,,0,1740.2,1614|1740
401736372,Sandy Brondello,away,1,,0,,1952
401736372,Temi Fagbenle,home,3,2225.0,0,2168.0,2152|2168|2225
401736373,Natasha Mack,home,1,,0,,82
401736373,Kelsey Mitchell,away,3,2068.0,0,939.0,151|939|2068
401736373,Shey Peddy,away,2,,0,440.0,374|440
401736373,Alyssa Thomas,home,1,,0,,423
401736373,Sami Whitcomb,home,1,,0,,536
401736373,Lexie Hull,away,2,,0,1907.0,633|1907
401736373,Monique Akoa Makani,home,2,,0,975.0,751|975
401736373,DeWanna Bonner,home,2,,0,1937.0,793|1937
401736373,Aerial Powers,away,3,2219.0,0,2102.0,856|2102|2219
401736373,Satou Sabally,home,1,,0,,1085
401736373,Lexi Held,home,1,,0,,1580
401736373,Brianna Turner,away,3,2318.0,0,2153.0,1768|2153|2318
401736373,Kathryn Westbeld,home,2,,0,1974.0,1813|1974
401736373,Aliyah Boston,away,1,,0,,1993
401736373,Lexie Hull personal,away,1,,0,,2361
401736373,Kahleah Copper,home,1,,0,,2366
401736374,Brionna Jones,home,3,1267.0,0,1094.0,41|1094|1267
401736374,Te-Hina Paopao,home,2,,0,1899.0,190|1899
401736374,Julie Allemand,away,2,,0,1978.0,247|1978
401736374,Maya Caldwell,home,2,,0,1173.8,290|1174
401736374,Kelsey Plum,away,1,,0,,505
401736374,Rickea Jackson,away,1,,0,,531
401736374,Cameron Brink,away,2,,0,2260.0,658|2260
401736374,Jordin Canada,home,3,1497.0,0,851.0,674|851|1497
401736374,Azura Stevens,away,1,,0,,689
401736374,Dearica Hamby,away,2,,0,1427.0,959|1427
401736374,Shatori Walker-Kimbrough,home,1,,0,,1059
401736374,Nia Coffey,home,1,,0,,1733
401736374,Sania Feagin,away,1,,0,,1879
401736374,Naz Hillmon,home,2,,0,2355.2,1930|2355
401736374,Rhyne Howard,home,3,2280.0,0,2088.0,1959|2088|2280
401736375,Marina Mabrey,away,2,,0,996.0,133|996
401736375,Kamilla Cardoso,home,3,1214.0,0,914.0,176|914|1214
401736375,Saniya Rivers,away,1,,0,,205
401736375,Tina Charles,away,3,1508.0,0,1493.0,239|1493|1508
401736375,Aaliyah Edwards,away,3,1430.0,0,1368.0,287|1368|1430
401736375,Kia Nurse,home,2,,0,1564.0,352|1564
401736375,Aneesah Morrow,away,1,,0,,418
401736375,Haley Peters,away,4,833.0,1,819.0,569|819|833|2307
401736375,Rachel Banham,home,1,,0,,780
401736375,Ariel Atkins,home,1,,0,,816
401736375,Angel Reese,home,6,1153.8,1,1109.0,860|1109|1154|1420|2165|2245
401736375,Michaela Onyenwere,home,1,,0,,1037
401736375,Elizabeth Williams,home,2,,0,1837.0,1068|1837
401736375,Rayah Marshall,away,2,,0,1917.0,1079|1917
401736375,Leila Lacan,away,2,,0,2062.0,1226|2062
401736375,Lindsay Allen,away,3,2276.0,0,2223.0,1554|2223|2276
401736375,Mamignan Toure,away,2,,0,1907.0,1805|1907
401736375,Rebecca Allen,home,1,,0,,1972
401736376,Sug Sutton,home,3,2382.3,0,1308.0,173|1308|2382
401736376,Shakira Austin,home,1,,0,,276
401736376,Kathryn Westbeld,away,3,1009.0,1,461.0,286|461|1009
401736376,Sonia Citron,home,1,,0,,311
401736376,Sami Whitcomb,away,5,1766.8,0,1517.0,388|1517|1767|1870|1992
401736376,Kahleah Copper,away,2,,0,1603.0,420|1603
401736376,Natasha Mack,away,1,,0,,491
401736376,Emily Engstler,home,1,,0,,565
401736376,DeWanna Bonner,away,1,,0,,925
401736376,Lucy Olsen,home,1,,0,,1039
401736376,Monique Akoa Makani,away,3,2057.0,0,1666.0,1098|1666|2057
401736376,Jade Melbourne,home,1,,0,,1587
401736376,Alysha Clark,home,2,,0,2376.3,1934|2376
401736376,Satou Sabally,away,1,,0,,2254
401736377,Kaila Charles,home,3,1067.0,1,738.0,226|738|1067
401736377,Myisha Hines-Allen,away,2,,0,1863.0,355|1863
401736377,Aziaha James,away,3,1643.0,0,492.0,480|492|1643
401736377,Temi Fagbenle,home,1,,0,,599
401736377,Grace Berger,away,3,2000.0,0,1990.0,655|1990|2000
401736377,Carla Leite,home,2,,0,2012.0,802|2012
401736377,Veronica Burton,home,2,,0,2186.0,948|2186
401736377,Paige Bueckers,away,3,2377.7,0,1502.0,1035|1502|2378
401736377,Janelle Salaun,home,2,,0,1168.2,1081|1168
401736377,Iliana Rupert,home,1,,0,,1213
401736377,Amy Okonkwo,away,1,,0,,1576
401736377,Kate Martin,home,1,,0,,1626
401736377,Laeticia Amihere,home,2,,0,2142.0,1678|2142
401736377,Monique Billings,home,2,,0,1910.0,1792|1910
401736377,Maddy Siegrist,away,2,,0,2198.0,1992|2198
401736377,Haley Jones personal,away,1,,0,,2385
401736377,Haley Jones,away,1,,0,,2389
401736377,Grace Berger personal,away,1,,0,,2393
401736378,Jessica Shepard,away,1,,0,,543
401736378,Napheesa Collier,away,2,,0,1438.0,588|1438
401736378,Chelsea Gray,home,1,,0,,678
401736378,Alanna Smith,away,4,1593.0,0,780.0,692|780|1593|1760
401736378,NaLyssa Smith,home,5,1568.0,0,1417.0,947|1417|1568|2271|2320
401736378,Maria Kliundikova,away,2,,0,2322.0,1049|2322
401736378,Bridget Carleton,away,2,,0,1378.0,1112|1378
401736378,Dana Evans,home,1,,0,,1127
401736378,Courtney Williams,away,1,,0,,1135
401736378,Kayla McBride,away,1,,0,,1170
401736378,A'ja Wilson,home,1,,0,,1347
401736378,Jackie Young,home,2,,0,1741.2,1640|1741
401736378,Natisha Hiedeman,away,1,,0,,1915
401736378,Aaliyah Nye,home,1,,0,,2070
401736379,Azura Stevens,away,1,,0,,18
401736379,Kelsey Plum,away,3,1930.0,0,319.0,126|319|1930
401736379,Jordin Canada,home,4,1217.0,0,899.0,200|899|1217|1546
401736379,Te-Hina Paopao,home,2,,0,1666.0,269|1666
401736379,Rhyne Howard,home,3,1374.0,0,1085.0,420|1085|1374
401736379,Nia Coffey,home,1,,0,,613
401736379,Brionna Jones,home,3,1900.0,0,1856.0,749|1856|1900
401736379,Julie Allemand,away,1,,0,,1192
401736379,Dearica Hamby,away,1,,0,,1349
401736379,Maya Caldwell,home,1,,0,,1417
401736379,Cameron Brink,away,1,,0,,1680
401736379,Brittney Griner,home,3,2247.0,0,2215.0,1781|2215|2247
401736379,Alissa Pili,away,2,,0,1873.0,1869|1873
401736379,Naz Hillmon,home,2,,0,2182.0,2060|2182
401736379,Dearica Hamby personal,away,1,,0,,2337
401736379,Sania Feagin,away,1,,0,,2352
401736379,Rae Burrell,away,1,,0,,2380
401736379,Sika Kone,home,1,,0,,2391
401736380,Michaela Onyenwere,away,3,815.0,1,269.0,201|269|815
401736380,Maddy Westbeld,away,3,511.0,1,432.0,258|432|511
401736380,Kamilla Cardoso,away,3,2149.0,0,2070.0,320|2070|2149
401736380,Brianna Turner,home,3,1544.0,0,1088.0,364|1088|1544
401736380,Aliyah Boston,home,4,829.0,1,712.0,418|712|829|1309
401736380,Kelsey Mitchell,home,3,1489.0,0,1212.0,508|1212|1489
401736380,Ariel Atkins,away,5,1248.0,0,990.0,588|990|1248|1425|1955
401736380,Natasha Howard,home,2,,0,1935.0,626|1935
401736380,Rachel Banham,away,2,,0,2234.0,657|2234
401736380,Lexie Hull,home,3,2061.0,0,1823.0,756|1823|2061
401736380,Odyssey Sims,home,3,1983.0,0,1058.0,865|1058|1983
401736380,Damiris Dantas,home,4,1789.3,0,1713.0,1337|1713|1789|2219
401736380,Aerial Powers,home,2,,0,1745.6,1525|1746
401736380,Kia Nurse,away,1,,0,,1567
401736380,Rebecca Allen,away,1,,0,,1789
401736380,Elizabeth Williams,away,1,,0,,1864
401736380,Shey Peddy,home,1,,0,,2159
401736381,Jonquel Jones,away,5,908.0,1,904.0,246|904|908|1256|1920
401736381,Dominique Malonga,home,3,1748.4,0,1590.0,421|1590|1748
401736381,Leonie Fiebich,away,2,,0,1794.4,577|1794
401736381,Kennedy Burke,away,2,,0,1986.0,683|1986
401736381,Tiffany Mitchell,home,2,,0,1880.0,733|1880
401736381,Rebekah Gardner,away,3,1466.0,0,966.0,862|966|1466
401736381,Ezi Magbegor,home,3,2380.4,0,1114.0,886|1114|2380
401736381,Erica Wheeler,home,3,2353.2,0,1059.0,889|1059|2353
401736381,Gabby Williams,home,3,1789.6,0,1632.0,1174|1632|1790
401736381,Brittney Sykes,home,2,,0,2285.0,1266|2285
401736381,Breanna Stewart,away,2,,0,2118.0,1664|2118
401736381,Natasha Cloud,away,2,,0,2363.9,2116|2364
401736381,Nneka Ogwumike,home,1,,0,,2253
401736381,Skylar Diggins,home,1,,0,,2386
401736382,Leila Lacan,home,5,1235.0,0,450.0,49|450|1235|1415|1629
401736382,Kahleah Copper,away,4,664.0,1,258.0,127|258|664|770
401736382,Alyssa Thomas,away,4,1646.0,0,1002.0,140|1002|1646|2396
401736382,Tina Charles,home,2,,0,2355.6,140|2356
401736382,Aneesah Morrow,home,4,587.3,1,568.4,249|568|587|1364
401736382,Sami Whitcomb,away,5,1545.0,0,826.0,434|826|1545|2022|2114
401736382,Marina Mabrey,home,5,1467.0,0,1301.0,483|1301|1467|2085|2291
401736382,Lindsay Allen,home,5,1694.0,0,865.0,860|865|1694|1764|2033
401736382,Satou Sabally,away,5,1477.0,0,1312.0,1024|1312|1477|2191|2329
401736382,Monique Akoa Makani,away,5,1325.0,0,1325.0,1291|1325|1325|1977|2191
401736382,DeWanna Bonner,away,1,,0,,1677
401736382,Kathryn Westbeld,away,1,,0,,1719
401736382,Aaliyah Edwards,home,1,,0,,1926
401736382,DeWanna Bonner personal,away,1,,0,,2390
401736383,Kayla McBride,away,2,,0,1265.0,119|1265
401736383,Veronica Burton,home,2,,0,1688.0,317|1688
401736383,Natisha Hiedeman,away,5,1917.0,0,1160.9,427|1161|1917|2175|2354
401736383,Napheesa Collier,away,3,2232.0,0,2220.0,638|2220|2232
401736383,Monique Billings,home,2,,0,2344.8,657|2345
401736383,Kaila Charles,home,2,,0,1826.0,824|1826
401736383,Janelle Salaun,home,3,2253.0,0,2162.0,1099|2162|2253
401736383,Temi Fagbenle,home,3,2057.0,0,2045.0,1470|2045|2057
401736383,Courtney Williams,away,1,,0,,1592
401736383,Jessica Shepard,away,1,,0,,1843
401736383,Bridget Carleton,away,1,,0,,2087
401736383,Veronica Burton personal,home,1,,0,,2382
401736384,Odyssey Sims,away,2,,0,1018.0,51|1018
401736384,Shakira Austin,home,4,1686.0,0,989.0,99|989|1686|1945
401736384,Kiki Iriafen,home,4,978.0,1,329.0,153|329|978|1574
401736384,Natasha Howard,away,3,1404.0,0,406.0,237|406|1404
401736384,Lexie Hull,away,4,1017.0,1,496.0,240|496|1017|1342
401736384,Aliyah Boston,away,3,1441.0,0,1293.0,243|1293|1441
401736384,Alysha Clark,home,3,2018.0,0,779.0,348|779|2018
401736384,Jade Melbourne,home,4,2048.0,0,1606.0,518|1606|2048|2098
401736384,Aerial Powers,away,5,1460.0,0,1394.0,531|1394|1460|2085|2223
401736384,Damiris Dantas,away,1,,0,,621
401736384,Stefanie Dolson defensive 3-seconds (technical,home,1,,0,,790
401736384,Sonia Citron,home,3,1302.0,0,1179.4,902|1179|1302
401736384,Stefanie Dolson,home,2,,0,1535.0,1180|1535
401736384,Kelsey Mitchell,away,2,,0,1652.0,1623|1652
401736384,Lucy Olsen,home,1,,0,,1744
401736384,Madison Scott,home,2,,0,2299.0,2213|2299
401736384,Bree Hall,away,1,,0,,2287
401736385,Paige Bueckers,away,1,,0,,13
401736385,Julie Allemand,home,3,1141.4,1,411.0,390|411|1141
401736385,Myisha Hines-Allen,away,3,1034.0,1,485.0,432|485|1034
401736385,Rickea Jackson,home,1,,0,,507
401736385,Diamond Miller,away,2,,0,2163.0,695|2163
401736385,Rae Burrell,home,1,,0,,737
401736385,Haley Jones,away,4,1853.0,0,1265.0,758|1265|1853|1882
401736385,Kelsey Plum,home,2,,0,951.0,769|951
401736385,Azura Stevens,home,3,2156.0,0,1733.0,940|1733|2156
401736385,Dearica Hamby,home,2,,0,1409.0,1325|1409
401736385,Sarah Ashlee Barker,home,2,,0,1706.0,1686|1706
401736385,Aziaha James,away,1,,0,,1716
401736385,Christyn Williams,away,1,,0,,1772
401736385,Ajae Petty,away,1,,0,,2252
401736385,Grace Berger,away,1,,0,,2339
401736386,Megan Gustafson,home,3,1287.0,0,1008.0,256|1008|1287
401736386,Kamilla Cardoso,away,2,,0,941.0,262|941
401736386,Michaela Onyenwere,away,3,994.0,1,994.0,436|994|994
401736386,Dana Evans,home,1,,0,,481
401736386,Kia Nurse,away,2,,0,819.0,557|819
401736386,Elizabeth Williams,away,1,,0,,726
401736386,Jewell Loyd,home,2,,0,1928.0,923|1928
401736386,Rachel Banham,away,1,,0,,971
401736386,Chelsea Gray,home,2,,0,1350.0,1149|1350
401736386,Kierstan Bell,home,4,1341.0,0,1281.0,1232|1281|1341|1443
401736386,Maddy Westbeld,away,1,,0,,1528
401736386,Aaliyah Nye,home,1,,0,,2002
401736387,Rhyne Howard,home,2,,0,610.0,163|610
401736387,Saniya Rivers,away,3,2114.0,0,634.0,445|634|2114
401736387,Brionna Jones,home,1,,0,,643
401736387,Mamignan Toure,away,2,,0,775.0,752|775
401736387,Maya Caldwell,home,3,1978.0,0,1884.0,923|1884|1978
401736387,Brittney Griner,home,1,,0,,961
401736387,Te-Hina Paopao,home,1,,0,,1148
401736387,Aneesah Morrow,away,1,,0,,1194
401736387,Tina Charles,away,1,,0,,1419
401736387,Marina Mabrey,away,1,,0,,1608
401736387,Jordin Canada,home,1,,0,,1686
401736387,Haley Peters,away,2,,0,1965.0,1965|1965
401736387,Rayah Marshall,away,1,,0,,2161
401736387,Naz Hillmon,home,1,,0,,2205
401736388,Jonquel Jones,home,3,1961.0,0,762.0,227|762|1961
401736388,Sonia Citron,away,2,,0,2042.0,374|2042
401736388,Leonie Fiebich,home,4,1118.0,1,1067.0,410|1067|1118|2072
401736388,Stefanie Dolson,away,5,1522.0,0,911.0,512|911|1522|1567|2201
401736388,Sug Sutton,away,1,,0,,887
401736388,Natasha Cloud,home,3,1696.0,0,1197.7,933|1198|1696
401736388,Emily Engstler,away,1,,0,,1054
401736388,Alysha Clark,away,3,2097.0,0,2049.0,1076|2049|2097
401736388,Shakira Austin,away,1,,0,,1650
401736388,Kennedy Burke,home,1,,0,,1667
401736388,Kiki Iriafen,away,1,,0,,1679
401736388,Emma Meesseman,home,2,,0,2267.0,1795|2267
401736388,Rebekah Gardner,home,1,,0,,1949
401736388,Stephanie Talbot,home,1,,0,,2356
401736389,Bridget Carleton,away,3,1822.0,0,1668.0,47|1668|1822
401736389,Courtney Williams,away,3,1348.0,0,459.0,73|459|1348
401736389,Lexie Hull,home,4,1118.0,1,325.0,85|325|1118|1950
401736389,Aliyah Boston,home,3,1302.0,0,1238.0,92|1238|1302
401736389,Anastasiia Olairi Kosu,away,3,2010.0,0,536.0,517|536|2010
401736389,Jessica Shepard,away,1,,0,,783
401736389,Natasha Howard,home,3,1742.7,0,1167.6,1025|1168|1743
401736389,Aerial Powers,home,2,,0,2166.0,1445|2166
401736389,Camryn Taylor,away,2,,0,2213.0,1987|2213
401736389,Maria Kliundikova,away,3,2237.0,0,2194.0,2118|2194|2237
401736390,Rachel Banham,away,2,,0,873.0,127|873
401736390,NaLyssa Smith,home,3,1748.1,0,816.0,169|816|1748
401736390,Elizabeth Williams,away,2,,0,312.0,204|312
401736390,Aaliyah Nye,home,4,2353.3,0,1736.0,272|1736|2353|2379
401736390,Maddy Westbeld,away,2,,0,1150.5,457|1150
401736390,Dana Evans,home,2,,0,1593.0,797|1593
401736390,Michaela Onyenwere,away,4,1208.0,0,966.0,869|966|1208|1642
401736390,Kamilla Cardoso,away,2,,0,1610.0,880|1610
401736390,Jackie Young,home,3,1308.0,0,1304.0,1033|1304|1308
401736390,Sevgi Uzun,away,2,,0,1701.0,1578|1701
401736390,Jewell Loyd,home,2,,0,2048.0,1783|2048
401736390,Chelsea Gray,home,2,,0,1894.0,1815|1894
401736390,Cheyenne Parker-Tyus,home,1,,0,,1851
401736390,Rebecca Allen,away,1,,0,,1879
401736391,Kelsey Plum,away,3,2110.0,0,2009.0,25|2009|2110
401736391,Natasha Mack,home,3,1454.0,0,1256.0,220|1256|1454
401736391,Sami Whitcomb,home,1,,0,,348
401736391,Cameron Brink,away,3,1793.9,0,884.0,837|884|1794
401736391,Monique Akoa Makani,home,2,,0,1329.0,920|1329
401736391,Julie Vanloo,away,2,,0,1100.0,1040|1100
401736391,Kathryn Westbeld,home,3,2292.0,0,2174.0,1153|2174|2292
401736391,Satou Sabally,home,2,,0,1530.0,1195|1530
401736391,Alyssa Thomas,home,1,,0,,1398
401736391,Rae Burrell,away,3,1842.0,0,1816.0,1518|1816|1842
401736391,Kalani Brown,home,3,2224.0,0,1924.0,1827|1924|2224
401736391,Dearica Hamby,away,1,,0,,1869
401736391,Kitija Laksa,home,1,,0,,2038
401736391,Azura Stevens,away,1,,0,,2211
401736391,Lexi Held,home,1,,0,,2339
401736391,Kitija Laksa personal,home,1,,0,,2399
401736392,Temi Fagbenle,away,3,2358.6,0,1465.0,57|1465|2359
401736392,Kaila Charles,away,4,922.0,1,832.0,91|832|922|2323
401736392,Gabby Williams,home,1,,0,,244
401736392,Dominique Malonga,home,2,,0,982.0,395|982
401736392,Iliana Rupert,away,2,,0,1366.0,476|1366
401736392,Ezi Magbegor,home,3,2083.0,0,1281.0,508|1281|2083
401736392,Brittney Sykes,home,2,,0,1158.3,847|1158
401736392,Monique Billings,away,1,,0,,1031
401736392,Veronica Burton,away,5,1530.0,0,1238.0,1095|1238|1530|2043|2308
401736392,Erica Wheeler,home,4,1884.0,0,1778.6,1199|1779|1884|2188
401736392,Skylar Diggins,home,4,1687.0,0,1481.0,1348|1481|1687|2346
401736392,Kate Martin,away,1,,0,,2258
401736393,Tina Charles,home,2,,0,437.0,48|437
401736393,Rhyne Howard,away,3,1545.0,0,1287.0,57|1287|1545
401736393,Rayah Marshall,home,2,,0,540.0,462|540
401736393,Brittney Griner,away,1,,0,,490
401736393,Nia Coffey,away,2,,0,1597.0,669|1597
401736393,Aaliyah Edwards,home,3,1989.0,0,1820.0,725|1820|1989
401736393,Maya Caldwell,away,4,1748.6,0,883.0,773|883|1749|2096
401736393,Saniya Rivers,home,3,2202.0,0,1403.0,997|1403|2202
401736393,Lindsay Allen,home,1,,0,,1103
401736393,Naz Hillmon,away,3,1504.0,0,1389.0,1212|1389|1504
401736393,Te-Hina Paopao,away,2,,0,1959.0,1329|1959
401736393,Allisha Gray,away,1,,0,,1416
401736393,Mamignan Toure,home,1,,0,,1526
401736393,Brionna Jones,away,2,,0,1676.0,1603|1676
401736393,Aneesah Morrow,home,2,,0,1985.0,1937|1985
401736394,Rebecca Allen,home,3,1599.0,0,1073.0,80|1073|1599
401736394,Rachel Banham,home,2,,0,1135.0,129|1135
401736394,Leonie Fiebich,away,1,,0,,403
401736394,Breanna Stewart,away,1,,0,,551
401736394,Kennedy Burke,away,1,,0,,619
401736394,Maddy Westbeld,home,3,1527.0,0,832.0,678|832|1527
401736394,Michaela Onyenwere,home,4,1361.0,0,1194.5,716|1194|1361|2305
401736394,Sabrina Ionescu,away,3,1556.0,0,963.0,773|963|1556
401736394,Jonquel Jones,away,2,,0,1451.0,882|1451
401736394,Sevgi Uzun,home,1,,0,,977
401736394,Kamilla Cardoso,home,1,,0,,1309
401736394,Kia Nurse,home,1,,0,,1484
401736394,Rebekah Gardner,away,2,,0,1895.0,1844|1895
401736394,Marine Johannes,away,1,,0,,1988
401736394,Stephanie Talbot,away,1,,0,,2154
401736394,Nyara Sabally,away,1,,0,,2372
401736394,Isabelle Harrison,away,1,,0,,2388
401736395,Paige Bueckers,home,2,,0,118.0,105|118
401736395,Haley Jones,home,2,,0,935.0,147|935
401736395,Myisha Hines-Allen,home,3,1811.0,0,492.0,244|492|1811
401736395,Kahleah Copper,away,2,,0,913.0,284|913
401736395,Kalani Brown,away,2,,0,401.0,348|401
401736395,Kitija Laksa,away,4,1594.0,0,1227.0,363|1227|1594|2214
401736395,Sami Whitcomb,away,2,,0,1682.0,391|1682
401736395,Kiana Williams,away,3,2099.0,0,1976.0,476|1976|2099
401736395,Alyssa Thomas,away,1,,0,,1001
401736395,Lexi Held,away,1,,0,,1050
401736395,Monique Akoa Makani,away,1,,0,,1476
401736395,Aziaha James,home,1,,0,,1505
401736395,Diamond Miller,home,3,1886.0,0,1706.0,1539|1706|1886
401736395,Satou Sabally,away,1,,0,,1647
401736395,Amy Okonkwo,home,1,,0,,1894
401736395,Christyn Williams,home,1,,0,,2200
401736396,Temi Fagbenle,away,4,1522.0,0,1379.0,222|1379|1522|1566
401736396,Alanna Smith,home,3,1339.0,0,998.0,398|998|1339
401736396,Cecilia Zandalasini,away,1,,0,,446
401736396,Iliana Rupert,away,2,,0,1315.0,485|1315
401736396,Maria Kliundikova,home,2,,0,742.0,671|742
401736396,Kaila Charles,away,2,,0,2000.0,1172|2000
401736396,Kayla McBride,home,3,1473.0,0,1211.0,1211|1211|1473
401736396,Courtney Williams,home,2,,0,1374.0,1267|1374
401736396,Natisha Hiedeman,home,2,,0,2260.0,1553|2260
401736396,Monique Billings,away,2,,0,2118.0,1633|2118
401736396,Veronica Burton,away,1,,0,,1858
401736396,Kaila Charles personal,away,1,,0,,1958
401736396,Janelle Salaun,away,1,,0,,2063
401736396,Bridget Carleton,home,1,,0,,2133
401736396,Carla Leite,away,1,,0,,2147
401736397,A'ja Wilson,away,1,,0,,239
401736397,Kelsey Plum,home,3,1344.0,0,914.0,567|914|1344
401736397,Dana Evans,away,2,,0,2375.0,741|2375
401736397,Cameron Brink,home,1,,0,,756
401736397,Aaliyah Nye,away,1,,0,,820
401736397,Chelsea Gray,away,1,,0,,1042
401736397,Sarah Ashlee Barker,home,1,,0,,1078
401736397,Jewell Loyd,away,1,,0,,1092
401736397,Sania Feagin,home,3,2331.0,0,1885.0,1154|1885|2331
401736397,NaLyssa Smith,away,1,,0,,1235
401736397,Julie Vanloo,home,2,,0,1907.0,1686|1907
401736397,Cheyenne Parker-Tyus,away,1,,0,,1729
401736397,Azura Stevens,home,1,,0,,2192
401736397,Chelsea Gray personal,away,1,,0,,2281
401820272,Cecilia Zandalasini,away,3,1127.0,1,1059.0,125|1059|1127
401820272,Alanna Smith,home,3,1214.0,0,302.0,165|302|1214
401820272,Kaila Charles,away,4,846.0,1,771.0,248|771|846|2084
401820272,Temi Fagbenle,away,5,1294.0,0,1227.0,290|1227|1294|1318|1429
401820272,Jessica Shepard,home,1,,0,,378
401820272,Iliana Rupert,away,3,1927.0,0,709.0,619|709|1927
401820272,Bridget Carleton,home,2,,0,1382.0,890|1382
401820272,Veronica Burton,away,4,1553.0,0,989.0,932|989|1553|1957
401820272,Kayla McBride,home,3,1517.0,0,1504.0,987|1504|1517
401820272,Natisha Hiedeman,home,3,2224.0,0,2069.0,1038|2069|2224
401820272,Napheesa Collier,home,4,1370.0,0,1178.1,1151|1178|1370|1711
401820272,Janelle Salaun,away,2,,0,1846.0,1484|1846
401820272,Courtney Williams,home,1,,0,,1499
401820272,DiJonai Carrington,home,1,,0,,1643
401820272,Natalie Nakase,away,1,,0,,1927
401820272,Carla Leite,away,1,,0,,2142
401820272,Anastasiia Olairi Kosu,home,3,2363.4,0,2227.0,2156|2227|2363
401820272,Jaylyn Sherrod,home,1,,0,,2183
401820272,Camryn Taylor,home,1,,0,,2259
401820313,Brionna Jones,home,5,2050.0,0,1786.4,116|1786|2050|2188|2219
401820313,Jordin Canada,home,6,1003.0,1,820.0,232|820|1003|1465|1909|2232
401820313,Odyssey Sims,away,2,,0,1909.0,249|1909
401820313,Lexie Hull,away,3,1562.0,0,721.0,305|721|1562
401820313,Naz Hillmon,home,5,1694.0,0,747.0,342|747|1694|1714|2006
401820313,Maya Caldwell,home,1,,0,,546
401820313,Brianna Turner,away,2,,0,1956.0,571|1956
401820313,Natasha Howard,away,4,1933.0,0,844.0,647|844|1933|1942
401820313,Allisha Gray,home,3,2330.0,0,1290.0,815|1290|2330
401820313,Aliyah Boston,away,5,1703.0,0,1640.0,1050|1640|1703|1856|1862
401820313,Kelsey Mitchell,away,3,1582.0,0,1507.0,1061|1507|1582
401820313,Rhyne Howard,home,3,2032.0,0,1301.0,1156|1301|2032
401820313,Stephanie White,away,1,,0,,1905
401820313,Aerial Powers,away,1,,0,,2204
401820313,Sika Kone,home,1,,0,,2345
401820314,Monique Akoa Makani,home,4,1978.0,0,1218.0,64|1218|1978|2335
401820314,Leonie Fiebich,away,2,,0,2320.0,347|2320
401820314,Kahleah Copper,home,5,922.0,1,779.0,393|779|922|1467|2589
401820314,Satou Sabally,home,2,,0,2519.0,543|2519
401820314,Kennedy Burke,away,1,,0,,639
401820314,Natasha Cloud,away,3,2218.0,0,1749.3,699|1749|2218
401820314,Sabrina Ionescu,away,3,1496.0,0,1256.0,903|1256|1496
401820314,Sami Whitcomb,home,1,,0,,1063
401820314,Jonquel Jones,away,3,2260.0,0,1882.0,1311|1882|2260
401820314,Alyssa Thomas,home,2,,0,2048.0,1659|2048
401820314,Emma Meesseman,away,1,,0,,1720
401820315,Brittney Sykes,away,5,1321.0,0,955.0,172|955|1321|1457|1838
401820315,Jackie Young,home,3,1663.0,0,614.0,308|614|1663
401820315,Jewell Loyd,home,2,,0,1917.0,317|1917
401820315,Dana Evans,home,2,,0,2317.0,384|2317
401820315,Tiffany Mitchell,away,2,,0,474.0,447|474
401820315,Cheyenne Parker-Tyus,home,4,1560.0,0,494.0,483|494|1560|1656
401820315,Skylar Diggins,away,3,1903.0,0,747.0,532|747|1903
401820315,Erica Wheeler,away,2,,0,1470.0,642|1470
401820315,A'ja Wilson,home,4,2003.0,0,1794.3,688|1794|2003|2101
401820315,Ezi Magbegor,away,3,1976.0,0,1671.0,837|1671|1976
401820315,Dominique Malonga,away,3,1952.0,0,1130.0,1019|1130|1952
401820315,Nneka Ogwumike,away,3,1917.0,0,1330.0,1281|1330|1917
401820315,Chelsea Gray,home,2,,0,1894.0,1485|1894
401820315,Kiah Stokes,home,1,,0,,2197
401820315,Kierstan Bell,home,1,,0,,2340
401820316,Aliyah Boston,home,2,,0,806.0,94|806
401820316,Rhyne Howard,away,2,,0,1648.0,152|1648
401820316,Allisha Gray,away,5,1756.6,0,1286.0,180|1286|1757|1819|1850
401820316,Naz Hillmon,away,4,1392.0,0,992.0,250|992|1392|1463
401820316,Lexie Hull,home,5,1145.7,1,314.0,256|314|1146|1239|2257
401820316,Kelsey Mitchell,home,1,,0,,261
401820316,Maya Caldwell,away,2,,0,2047.0,430|2047
401820316,Natasha Howard,home,3,2111.0,0,954.0,640|954|2111
401820316,Shey Peddy,home,1,,0,,680
401820316,Brionna Jones,away,3,1303.0,0,1124.0,701|1124|1303
401820316,Nia Coffey,away,1,,0,,740
401820316,Brittney Griner,away,2,,0,2310.0,899|2310
401820316,Te-Hina Paopao,away,2,,0,2086.0,979|2086
401820316,Jordin Canada,away,2,,0,1896.0,1295|1896
401820316,Aerial Powers,home,3,1628.0,0,1555.0,1393|1555|1628
401820316,Brianna Turner,home,1,,0,,1679
401820317,Kierstan Bell,away,1,,0,,72
401820317,Skylar Diggins,home,3,1675.0,0,970.0,277|970|1675
401820317,Cheyenne Parker-Tyus,away,3,509.0,1,503.0,456|503|509
401820317,Dominique Malonga,home,4,1047.0,1,975.0,474|975|1047|1575
401820317,Brittney Sykes,home,3,1427.0,0,798.0,658|798|1427
401820317,Erica Wheeler,home,5,2110.0,0,1566.0,738|1566|2110|2293|2336
401820317,Dana Evans,away,2,,0,1833.0,856|1833
401820317,A'ja Wilson,away,1,,0,,863
401820317,NaLyssa Smith,away,2,,0,1167.7,1099|1168
401820317,Ezi Magbegor,home,4,1974.0,0,1915.0,1337|1915|1974|2036
401820317,Nneka Ogwumike,home,2,,0,1938.0,1360|1938
401820317,Jackie Young,away,4,2151.0,0,1785.9,1691|1786|2151|2197
401820317,Jewell Loyd,away,1,,0,,2142
401820317,Chelsea Gray,away,2,,0,2369.0,2245|2369
401820318,Monique Akoa Makani,away,3,804.0,1,782.0,131|782|804
401820318,Leonie Fiebich,home,1,,0,,252
401820318,Jonquel Jones,home,3,1216.0,0,856.0,337|856|1216
401820318,Natasha Cloud,home,3,1125.0,1,1059.0,443|1059|1125
401820318,Alyssa Thomas,away,2,,0,1491.0,464|1491
401820318,Rebekah Gardner,home,2,,0,532.0,526|532
401820318,DeWanna Bonner,away,1,,0,,548
401820318,Satou Sabally,away,4,1087.0,1,965.0,839|965|1087|2005
401820318,Breanna Stewart,home,1,,0,,1000
401820318,Natasha Mack,away,2,,0,2212.0,1237|2212
401820318,Kahleah Copper,away,3,1569.0,0,1456.0,1445|1456|1569
401820318,Sami Whitcomb,away,2,,0,2106.0,1619|2106
401820318,Sabrina Ionescu,home,1,,0,,1795
401820318,Kennedy Burke,home,2,,0,1965.0,1822|1965
401820318,Kathryn Westbeld,away,1,,0,,1885
401820318,Marine Johannes,home,1,,0,,2121
401820319,Bridget Carleton,away,4,1258.0,0,943.0,95|943|1258|1631
401820319,Alanna Smith,away,3,1227.0,0,813.0,142|813|1227
401820319,Courtney Williams,away,1,,0,,327
401820319,Kayla McBride,away,2,,0,2397.2,387|2397
401820319,Veronica Burton,home,4,2163.0,0,1590.0,493|1590|2163|2250
401820319,Monique Billings,home,2,,0,1198.1,545|1198
401820319,DiJonai Carrington,away,2,,0,2177.0,684|2177
401820319,Iliana Rupert,home,2,,0,1418.0,728|1418
401820319,Iliana Rupert defensive 3-seconds (technical,home,1,,0,,828
401820319,Kaila Charles,home,1,,0,,869
401820319,Napheesa Collier,away,3,1674.0,0,1169.1,1083|1169|1674
401820319,Janelle Salaun,home,3,1405.0,0,1405.0,1166|1405|1405
401820319,Cecilia Zandalasini,home,3,1949.0,0,1441.0,1237|1441|1949
401820319,Natisha Hiedeman,away,1,,0,,1798
401820320,Natasha Howard,away,2,,0,973.0,24|973
401820320,Allisha Gray,home,5,1145.4,1,452.0,176|452|1145|1551|2020
401820320,Naz Hillmon,home,4,1343.0,0,291.0,195|291|1343|2184
401820320,Aliyah Boston,away,3,1456.0,0,702.0,252|702|1456
401820320,Brionna Jones,home,4,1403.0,0,562.1,474|562|1403|1456
401820320,Shey Peddy,away,1,,0,,609
401820320,Odyssey Sims,away,2,,0,1890.0,933|1890
401820320,Jordin Canada,home,4,1815.0,0,1767.3,1032|1767|1815|1932
401820320,Rhyne Howard,home,2,,0,1109.0,1065|1109
401820320,Brittney Griner,home,2,,0,1600.0,1087|1600
401820320,Lexie Hull,away,3,1789.9,0,1291.0,1222|1291|1790
401820320,Aerial Powers,away,1,,0,,1838
401820320,Brianna Turner,away,2,,0,2145.0,2075|2145
401820320,Kelsey Mitchell,away,1,,0,,2118
401820320,Naz Hillmon personal,home,1,,0,,2399
401820321,NaLyssa Smith,home,5,975.0,1,827.0,105|827|975|1319|1990
401820321,Ezi Magbegor,away,4,1245.0,0,943.0,115|943|1245|1346
401820321,Erica Wheeler,away,4,1730.0,0,1697.0,245|1697|1730|1884
401820321,Skylar Diggins,away,2,,0,2034.0,425|2034
401820321,Dominique Malonga,away,3,2307.0,0,1149.3,474|1149|2307
401820321,Jewell Loyd,home,2,,0,2260.0,540|2260
401820321,Dana Evans,home,2,,0,1797.7,758|1798
401820321,Jackie Young,home,3,2288.0,0,1289.0,887|1289|2288
401820321,Gabby Williams,away,2,,0,2192.0,902|2192
401820321,Chelsea Gray,home,3,1946.0,0,1635.0,1540|1635|1946
401820324,Breanna Stewart,away,4,1275.0,0,365.0,89|365|1275|1568
401820324,Jonquel Jones,away,6,1160.7,1,1095.0,138|1095|1161|1608|1676|2000
401820324,Kennedy Burke,away,1,,0,,194
401820324,Kahleah Copper,home,3,1512.0,0,1312.0,469|1312|1512
401820324,Sabrina Ionescu,away,2,,0,2351.4,514|2351
401820324,Kathryn Westbeld,home,1,,0,,522
401820324,Monique Akoa Makani,home,2,,0,1730.0,555|1730
401820324,Rebekah Gardner,away,1,,0,,563
401820324,Satou Sabally,home,5,2153.0,0,735.0,624|735|2153|2235|2330
401820324,DeWanna Bonner,home,5,815.0,1,793.0,633|793|815|1905|1989
401820324,Natasha Cloud,away,3,883.0,1,869.0,724|869|883
401820324,Emma Meesseman,away,1,,0,,907
401820324,Sami Whitcomb,home,1,,0,,916
401820324,Natasha Mack,home,1,,0,,1434
401820324,Alyssa Thomas,home,1,,0,,1588
401820324,Leonie Fiebich,away,1,,0,,2220
401820324,Breanna Stewart personal,away,1,,0,,2382
401820327,Chelsea Gray,home,1,,0,,215
401820327,Aliyah Boston,away,2,,0,1366.0,288|1366
401820327,Kelsey Mitchell,away,4,1052.0,1,1043.0,441|1043|1052|1583
401820327,Aerial Powers,away,2,,0,2325.0,507|2325
401820327,Jackie Young,home,3,2009.0,0,1991.0,542|1991|2009
401820327,Natasha Howard,away,1,,0,,666
401820327,A'ja Wilson,home,4,1397.0,0,1286.0,1043|1286|1397|1599
401820327,Megan Gustafson,home,1,,0,,1146
401820327,Jewell Loyd,home,5,2140.0,0,1471.0,1166|1471|2140|2147|2298
401820327,Dana Evans,home,1,,0,,1711
401820327,Lexie Hull,away,1,,0,,2042
401820327,Bree Hall,away,1,,0,,2361
401820328,Kahleah Copper,away,1,,0,,175
401820328,Alanna Smith,home,3,2079.0,0,1049.0,252|1049|2079
401820328,Bridget Carleton,home,4,1986.0,0,875.0,260|875|1986|2025
401820328,Monique Akoa Makani,away,1,,0,,524
401820328,Courtney Williams,home,1,,0,,1007
401820328,Napheesa Collier,home,1,,0,,1150
401820328,Jessica Shepard,home,1,,0,,1452
401820328,DeWanna Bonner,away,3,2037.0,0,1827.0,1535|1827|2037
401820328,Alyssa Thomas,away,2,,0,1763.8,1555|1764
401820330,Natasha Mack,away,2,,0,544.8,184|545
401820330,Courtney Williams,home,4,2161.0,0,934.0,420|934|2161|2188
401820330,Alyssa Thomas,away,2,,0,2273.0,544|2273
401820330,Natisha Hiedeman,home,1,,0,,559
401820330,Satou Sabally,away,4,1958.0,0,1167.3,814|1167|1958|2378
401820330,Napheesa Collier,home,2,,0,2522.0,853|2522
401820330,Kahleah Copper,away,2,,0,1289.0,901|1289
401820330,Alanna Smith,home,3,2678.3,0,1488.0,1013|1488|2678
401820330,Sami Whitcomb,away,2,,0,2271.0,1031|2271
401820330,Jessica Shepard,home,1,,0,,1885
401820330,Kahleah Copper personal,away,1,,0,,2379
401820330,Alanna Smith personal,home,1,,0,,2683
401820330,Napheesa Collier personal,home,1,,0,,2687
401820330,Alyssa Thomas personal,away,1,,0,,2692
401820331,Kelsey Mitchell,away,3,1931.0,0,1740.0,305|1740|1931
401820331,Aliyah Boston,away,3,1547.0,0,1428.0,322|1428|1547
401820331,Shey Peddy,away,2,,0,738.0,521|738
401820331,Aerial Powers,away,1,,0,,554
401820331,Chelsea Gray,home,3,2059.0,0,1133.0,567|1133|2059
401820331,Jewell Loyd,home,3,2157.0,0,1583.0,700|1583|2157
401820331,Jackie Young,home,4,1104.0,1,1057.0,796|1057|1104|1902
401820331,NaLyssa Smith,home,4,1302.0,0,1017.0,860|1017|1302|1353
401820331,Lexie Hull,away,3,1495.0,0,1326.0,977|1326|1495
401820331,Kierstan Bell,home,1,,0,,1277
401820331,A'ja Wilson,home,1,,0,,1328
401820331,Odyssey Sims,away,2,,0,2096.0,1403|2096
401820331,Natasha Howard,away,3,1778.6,0,1769.5,1455|1770|1779
401820331,Megan Gustafson,home,1,,0,,1631
401820331,Dana Evans,home,2,,0,2309.0,1647|2309
401820331,Jewell Loyd clear path,home,1,,0,,1854
401820331,Brianna Turner,away,2,,0,2085.0,2018|2085
401820331,Aaliyah Nye,home,1,,0,,2239
401820331,Kiah Stokes,home,1,,0,,2283
401820334,Natasha Howard,home,1,,0,,104
401820334,Jackie Young,away,3,1660.0,0,781.0,196|781|1660
401820334,NaLyssa Smith defensive 3-seconds (technical,away,1,,0,,212
401820334,Aliyah Boston,home,3,1814.0,0,1588.0,364|1588|1814
401820334,Megan Gustafson,away,1,,0,,495
401820334,Dana Evans,away,2,,0,1536.0,495|1536
401820334,Lexie Hull,home,4,1292.0,0,1135.0,518|1135|1292|1513
401820334,Shey Peddy,home,2,,0,1994.0,519|1994
401820334,Kelsey Mitchell,home,2,,0,2135.0,651|2135
401820334,NaLyssa Smith,away,5,1937.0,0,1428.0,688|1428|1937|2020|2332
401820334,Jackie Young defensive 3-seconds (technical,away,1,,0,,733
401820334,Jewell Loyd,away,3,1952.0,0,1533.0,882|1533|1952
401820334,Makayla Timpson defensive 3-seconds (technical,home,1,,0,,981
401820334,Odyssey Sims,home,1,,0,,1016
401820334,A'ja Wilson,away,4,1610.0,0,1315.0,1241|1315|1610|1841
401820334,Chelsea Gray,away,1,,0,,1484
401820334,Aerial Powers,home,2,,0,1745.0,1525|1745
401820334,Makayla Timpson,home,1,,0,,2274
401820334,Lexie Hull personal,home,2,,0,2351.2,2333|2351
401820334,Brianna Turner personal,home,1,,0,,2368
401820334,Shey Peddy personal,home,1,,0,,2370
401820334,Aerial Powers personal,home,1,,0,,2382
401820333,Kahleah Copper,home,5,1275.0,0,1235.0,66|1235|1275|1522|2116
401820333,Courtney Williams,away,3,1229.0,0,1021.0,213|1021|1229
401820333,Satou Sabally,home,3,1940.0,0,1034.0,234|1034|1940
401820333,Napheesa Collier,away,5,1825.0,0,1430.0,501|1430|1825|1904|2279
401820333,Kayla McBride,away,1,,0,,653
401820333,Maria Kliundikova,away,2,,0,1673.0,664|1673
401820333,Monique Akoa Makani,home,3,2026.0,0,1321.0,774|1321|2026
401820333,Sami Whitcomb,home,2,,0,1754.8,803|1755
401820333,Cheryl Reeve,away,2,,0,2378.2,873|2378
401820333,Alanna Smith,away,1,,0,,958
401820333,Alyssa Thomas,home,2,,0,1869.0,1100|1869
401820333,Natisha Hiedeman,away,1,,0,,1737
401820333,Bridget Carleton,away,1,,0,,1799
401820333,Eric Thibault,away,1,,0,,2378
401820337,Chelsea Gray,away,4,2022.0,0,1796.7,154|1797|2022|2339
401820337,Kierstan Bell,away,1,,0,,189
401820337,Megan Gustafson,away,4,1490.0,0,913.0,347|913|1490|2218
401820337,Lexie Hull,home,3,2203.0,0,1375.0,594|1375|2203
401820337,NaLyssa Smith,away,5,1299.0,0,1010.0,701|1010|1299|1405|2044
401820337,Kelsey Mitchell,home,3,2074.0,0,1679.0,841|1679|2074
401820337,Odyssey Sims,home,2,,0,2031.0,1034|2031
401820337,Makayla Timpson,home,2,,0,1533.0,1058|1533
401820337,Aliyah Boston,home,4,1714.0,0,1358.0,1121|1358|1714|2264
401820337,A'ja Wilson,away,3,1928.0,0,1557.0,1319|1557|1928
401820337,Natasha Howard defensive 3-seconds (technical,home,1,,0,,1363
401820337,Jewell Loyd,away,1,,0,,1483
401820337,Jackie Young,away,2,,0,2353.8,1756|2354
401820337,Natasha Howard,home,3,2352.8,0,2003.0,1861|2003|2353
401820337,Megan Gustafson defensive 3-seconds (technical,away,1,,0,,2281
401820337,Jackie Young personal,away,3,2393.9,0,2381.6,2363|2382|2394
401820337,excess timeout,away,1,,0,,2370
401820337,Chelsea Gray personal,away,1,,0,,2372
401820338,Bridget Carleton,away,4,918.0,1,694.0,49|694|918|1426
401820338,Alanna Smith,away,4,1489.0,0,1363.0,74|1363|1489|2358
401820338,Monique Akoa Makani,home,2,,0,931.0,243|931
401820338,Courtney Williams,away,1,,0,,325
401820338,Jessica Shepard,away,1,,0,,341
401820338,Maria Kliundikova,away,2,,0,528.0,405|528
401820338,Sami Whitcomb,home,2,,0,2201.0,419|2201
401820338,Satou Sabally,home,3,2039.0,0,1775.6,561|1776|2039
401820338,Natisha Hiedeman,away,3,2391.0,0,1474.0,732|1474|2391
401820338,Alyssa Thomas,home,2,,0,1634.0,962|1634
401820338,Anastasiia Olairi Kosu,away,1,,0,,1108
401820338,Natasha Mack,home,1,,0,,1305
401820338,Jessica Shepard defensive 3-seconds (technical,away,1,,0,,1319
401820338,Courtney Williams personal,away,2,,0,2395.6,2380|2396
401820340,Jackie Young,home,5,1403.0,0,844.0,164|844|1403|1701|2348
401820340,A'ja Wilson,home,2,,0,2567.0,199|2567
401820340,Natasha Howard,away,3,2688.0,0,2014.0,220|2014|2688
401820340,Jewell Loyd,home,2,,0,655.0,230|655
401820340,Kelsey Mitchell,away,2,,0,1107.0,345|1107
401820340,NaLyssa Smith,home,5,884.0,1,760.0,483|760|884|2003|2085
401820340,Megan Gustafson,home,1,,0,,568
401820340,Chelsea Gray,home,2,,0,960.0,723|960
401820340,Dana Evans,home,3,2530.0,0,1720.0,744|1720|2530
401820340,Shey Peddy,away,3,2506.0,0,1938.0,794|1938|2506
401820340,Aliyah Boston,away,6,1125.0,1,1107.0,858|1107|1125|1307|1495|2373
401820340,Aerial Powers,away,1,,0,,895
401820340,Becky Hammon,home,1,,0,,1107
401820340,Odyssey Sims,away,5,2587.0,0,2250.0,1305|2250|2587|2679|2695
401820340,Lexie Hull,away,1,,0,,1331
401820340,Brianna Turner,away,4,2350.1,0,1738.0,1420|1738|2350|2542
401820322,NaLyssa Smith,home,2,,0,147.0,137|147
401820322,Chelsea Gray,home,1,,0,,169
401820322,Kahleah Copper,away,3,2386.5,0,1463.0,274|1463|2386
401820322,Jewell Loyd,home,4,1428.0,0,1195.5,342|1196|1428|1584
401820322,Jackie Young,home,5,1978.0,0,1387.0,345|1387|1978|2265|2375
401820322,Alyssa Thomas,away,1,,0,,408
401820322,DeWanna Bonner,away,3,1682.0,0,1665.0,418|1665|1682
401820322,Satou Sabally,away,6,1436.0,0,1121.0,778|1121|1436|1771|1897|1897
401820322,Sami Whitcomb,away,3,2315.0,0,1170.7,1001|1171|2315
401820322,Monique Akoa Makani,away,2,,0,1616.0,1474|1616
401820325,Kierstan Bell,home,1,,0,,139
401820325,Alyssa Thomas,away,4,990.0,1,799.0,149|799|990|1361
401820325,Megan Gustafson,home,2,,0,1903.0,459|1903
401820325,Kathryn Westbeld,away,3,1799.1,0,839.0,489|839|1799
401820325,Dana Evans,home,3,1953.0,0,1763.9,555|1764|1953
401820325,Monique Akoa Makani,away,2,,0,1629.0,746|1629
401820325,Kahleah Copper,away,3,1889.0,0,1560.0,1115|1560|1889
401820325,Chelsea Gray,home,1,,0,,1334
401820325,NaLyssa Smith,home,2,,0,2189.0,1508|2189
401820325,Jewell Loyd,home,2,,0,1704.0,1571|1704
401820325,A'ja Wilson,home,2,,0,2162.0,1645|2162
401820325,Jackie Young,home,2,,0,1941.0,1648|1941
401820325,Kiana Williams,away,1,,0,,2167
401820325,Natasha Mack,away,1,,0,,2300
401820326,NaLyssa Smith,away,5,1343.0,0,691.0,183|691|1343|1401|1738
401820326,Chelsea Gray,away,4,2099.0,0,929.0,395|929|2099|2189
401820326,Dana Evans,away,6,957.0,1,684.0,424|684|957|1674|1696|2049
401820326,Jewell Loyd,away,3,1540.0,0,1412.0,451|1412|1540
401820326,DeWanna Bonner,home,5,1560.0,0,945.0,547|945|1560|1978|2283
401820326,Nate Tibbetts,home,1,,0,,547
401820326,Satou Sabally,home,3,1277.0,0,1101.0,629|1101|1277
401820326,Natasha Mack,home,1,,0,,829
401820326,Alyssa Thomas,home,5,1467.0,0,1148.5,943|1148|1467|1667|2067
401820326,Monique Akoa Makani,home,5,1456.0,0,1358.0,1211|1358|1456|1982|2314
401820326,Sami Whitcomb,home,1,,0,,1579
401820326,Kahleah Copper,home,1,,0,,1773
401820326,Aaliyah Nye,away,1,,0,,1819
401820326,A'ja Wilson,away,1,,0,,1910
401820326,Megan Gustafson,away,2,,0,2339.0,1960|2339
401820326,Jackie Young,away,1,,0,,2134
401820326,Kierstan Bell,away,1,,0,,2175
401820329,Natasha Mack,home,2,,0,112.0,59|112
401820329,Kalani Brown,home,4,1257.0,0,354.0,129|354|1257|1332
401820329,NaLyssa Smith,away,4,2082.0,0,875.0,242|875|2082|2216
401820329,A'ja Wilson,away,3,1350.0,0,1034.0,304|1034|1350
401820329,Kathryn Westbeld,home,3,1737.0,0,1619.0,463|1619|1737
401820329,Jewell Loyd,away,3,2147.0,0,1190.8,521|1191|2147
401820329,DeWanna Bonner,home,5,2036.0,0,1279.0,923|1279|2036|2302|2388
401820329,Dana Evans,away,3,1599.0,0,1579.0,1025|1579|1599
401820329,Chelsea Gray,away,2,,0,1679.0,1156|1679
401820329,Kahleah Copper,home,5,2200.0,0,1885.0,1403|1885|2200|2310|2310
401820329,Monique Akoa Makani,home,2,,0,1639.0,1410|1639
401820329,Alyssa Thomas,home,3,1763.9,0,1608.0,1444|1608|1764
401820329,Nate Tibbetts,home,2,,0,1639.0,1639|1639
401820329,Double,home,1,,0,,1639
401820329,Megan Gustafson,away,1,,0,,1874
401820329,Sami Whitcomb,home,1,,0,,2359
401867793,Natasha Howard,home,2,,0,135.0,116|135
401867793,Kia Nurse,away,1,,0,,236
401867793,Julie Allemand,away,2,,0,1833.0,246|1833
401867793,Eliska Hamzova,home,4,1889.0,0,1856.0,258|1856|1889|2071
401867793,Laura Juskaite,away,5,1712.0,0,732.0,272|732|1712|1712|1825
401867793,Lexi Held,away,4,2006.0,0,1835.0,380|1835|2006|2052
401867793,Temi Fagbenle,away,3,1112.0,1,1106.0,414|1106|1112
401867793,Elizabeth Balogun,away,3,2183.0,0,595.9,533|596|2183
401867793,Saylor Poffenbarger,home,1,,0,,546
401867793,Antonia Delaere,home,1,,0,,696
401867793,Brittney Sykes,away,4,795.0,1,757.0,757|757|795|1469
401867793,Kiki Rice,away,2,,0,2152.0,887|2152
401867793,Olivia Miles,home,2,,0,1507.0,1080|1507
401867793,Aaliyah Nye,away,3,1191.7,1,1147.9,1144|1148|1192
401867793,Courtney Williams,home,1,,0,,1214
401867793,Emma Cechova,home,4,1812.0,0,1812.0,1372|1812|1812|1864
401867793,Teonni Key,away,6,1757.1,0,1458.0,1413|1458|1757|2018|2088|2091
401867793,Liatu King,home,2,,0,1897.0,1674|1897
401867793,Jaylyn Sherrod,home,1,,0,,1776
401867794,Monique Billings,home,1,,0,,77
401867794,Sophie Cunningham,home,3,1198.0,1,735.0,129|735|1198
401867794,Nicole Enabosi,away,6,896.0,1,896.0,146|896|896|1175|1342|2091
401867794,Myisha Hines-Allen,home,5,912.0,1,341.0,232|341|912|1285|1665
401867794,Raven Johnson,home,4,1174.6,1,826.0,245|826|1175|1646
401867794,Damiris Dantas,home,4,1231.0,0,507.0,322|507|1231|2247
401867794,Kelsey Mitchell,home,1,,0,,388
401867794,Vera Ojenuwa,away,4,1694.0,0,754.0,406|754|1694|1694
401867794,Ezinne Kalu,away,4,926.0,1,598.9,449|599|926|1584
401867794,Promise Amukamara,away,1,,0,,561
401867794,Aliyah Boston,home,1,,0,,578
401867794,Pallas Kunaiyi,away,5,1598.0,0,1598.0,614|1598|1598|1622|1622
401867794,Shatori Walker-Kimbrough,home,3,1915.0,0,1259.0,692|1259|1915
401867794,Caitlin Clark,home,1,,0,,815
401867794,Shay Ijiwoye,away,6,1093.0,1,1006.0,941|1006|1093|1491|2083|2351
401867794,Regina Donanu,away,2,,0,1072.0,976|1072
401867794,Kayana Traylor,home,4,1932.0,0,1865.0,1482|1865|1932|2222
401867794,Jessica Timmons,home,1,,0,,1570
401867794,Jemi Klaku,away,1,,0,,1942
401867794,Victoria Macaulay,away,1,,0,,2055
401867794,Suzie Rafiu,away,2,,0,2367.4,2367|2367
401867795,Cotie McMahon,away,4,1455.0,0,1037.0,119|1037|1455|1993
401867795,Angel Reese,home,3,1069.0,1,399.0,231|399|1069
401867795,Sonia Citron,away,1,,0,,322
401867795,Angela Dugalic,away,2,,0,339.0,339|339
401867795,Kiki Iriafen,away,6,608.0,1,608.0,356|608|608|660|698|1393
401867795,Cassandre Prosper,away,3,1628.0,0,1468.0,437|1468|1628
401867795,Jordin Canada,home,1,,0,,507
401867795,Indya Nivar,home,3,2245.0,0,1125.0,513|1125|2245
401867795,Georgia Amoore,away,1,,0,,539
401867795,Maite Cazorla,home,6,1701.0,0,825.0,671|825|1701|1930|1930|2212
401867795,Lucy Olsen,away,3,1837.0,0,1745.7,842|1746|1837
401867795,Rori Harmon,away,2,,0,1652.0,848|1652
401867795,Lauren Betts,away,3,1963.0,0,1953.0,855|1953|1963
401867795,Allisha Gray,home,1,,0,,889
401867795,Stephanie Jones,home,4,1440.0,0,1386.0,898|1386|1440|1918
401867795,Madina Okot,home,4,1212.0,0,919.0,919|919|1212|1940
401867795,Taylor Thierry,home,3,1861.0,0,1644.0,1559|1644|1861
401867795,Sika Kone,home,1,,0,,1566
401867795,Holly Winterburn,home,2,,0,2264.0,1849|2264
401867795,Madison Scott,away,1,,0,,2102
401867795,Christeen Iwuala,away,1,,0,,2362
401866519,Aneesah Morrow,home,2,,0,766.0,8|766
401866519,Diamond Miller,home,3,2241.0,0,116.0,83|116|2241
401866519,Charlisse Leger-Walker,home,2,,0,428.0,295|428
401866519,Saniya Rivers,home,3,1611.0,0,772.0,386|772|1611
401866519,Alex Fowler,away,4,1526.0,0,1462.0,397|1462|1526|1765
401866519,Pauline Astier,away,3,2026.0,0,444.0,436|444|2026
401866519,Olivia Nelson-Ododa,home,4,1706.0,0,549.1,500|549|1706|1706
401866519,Raegan Beers,home,5,1647.0,0,610.0,610|610|1647|1863|1863
401866519,Harmoni Turner,home,1,,0,,687
401866519,Marine Johannes,away,1,,0,,755
401866519,Sabrina Ionescu,away,3,1288.0,0,879.0,879|879|1288
401866519,Derin Erdogan,away,3,2120.0,0,2014.0,1127|2014|2120
401866519,Anneli Maley,away,2,,0,1911.0,1317|1911
401866519,Rebekah Gardner,away,1,,0,,1433
401866519,Gianna Kneepkens,home,1,,0,,1800
401866520,Alanna Smith,home,3,924.0,1,918.0,96|918|924
401866520,Azzi Fudd,home,2,,0,1288.0,244|1288
401866520,Jackie Young,away,3,1587.0,0,1303.0,315|1303|1587
401866520,Chennedy Carter,away,6,1562.0,0,466.0,321|466|1562|1630|1703|1916
401866520,A'ja Wilson,away,5,1333.0,0,1118.0,358|1118|1333|1333|1554
401866520,NaLyssa Smith,away,6,1209.0,0,423.0,423|423|1209|1889|2063|2096
401866520,JJ Quinerly,home,2,,0,1749.1,541|1749
401866520,Chelsea Gray,away,2,,0,934.0,691|934
401866520,Jessica Shepard,home,3,1417.0,0,1026.0,949|1026|1417
401866520,Jewell Loyd,away,3,2323.0,0,2323.0,1156|2323|2323
401866520,Alysha Clark,home,3,2226.0,0,1815.0,1188|1815|2226
401866520,Odyssey Sims,home,1,,0,,1446
401866520,Maddy Siegrist,home,3,1659.0,0,1659.0,1474|1659|1659
401866520,Dulcy Fankam Mendjiadeu,home,2,,0,1823.0,1537|1823
401866520,Aziaha James,home,5,1609.0,0,1602.0,1573|1602|1609|1609|1931
401866520,Li Yueru,home,1,,0,,1903
401866520,Stephanie Talbot,away,2,,0,2052.0,1910|2052
401866520,Lindsay Allen,home,1,,0,,2013
401866520,Grace Berger,home,1,,0,,2035
401866520,Amy Okonkwo,home,1,,0,,2131
401866520,Kierstan Bell,away,1,,0,,2144
401866520,Rayah Marshall,home,1,,0,,2194
401866520,Jordan Obi,away,1,,0,,2264
401866520,Cheyenne Parker-Tyus,away,1,,0,,2316
401866521,Carla Leite,home,4,702.0,1,563.0,53|563|702|1333
401866521,Haley Jones,home,7,229.0,1,80.0,80|80|229|1027|1484|1484|1668
401866521,Serah Williams,home,5,301.0,1,235.0,235|235|301|798|900
401866521,Bridget Carleton,home,1,,0,,247
401866521,Dearica Hamby,away,4,736.0,1,696.0,270|696|736|1363
401866521,Frieda Bühner,home,3,809.0,1,809.0,373|809|809
401866521,Erica Wheeler,away,3,1634.0,0,606.0,407|606|1634
401866521,Kelsey Plum,away,4,866.0,1,866.0,411|866|866|1260
401866521,Cameron Brink,away,8,547.7,1,547.7,423|548|548|637|637|1177|1522|1522
401866521,Luisa Geiselsoder,home,6,1193.0,1,539.0,539|539|1193|1389|1699|1751
401866521,Jordan Harrison,home,4,1666.0,0,962.0,816|962|1666|2058
401866521,Frieda Bühner defensive 3-seconds (technical,home,1,,0,,822
401866521,Nneka Ogwumike,away,2,,0,1263.0,882|1263
401866521,Nyadiew Puoch,home,2,,0,995.0,891|995
401866521,Emma Cannon,away,1,,0,,1577
401866521,Maya Caldwell,home,3,2024.0,0,1677.0,1677|1677|2024
401866521,Jihyun Park,away,1,,0,,1695
401866521,Julie Vanloo,away,3,1945.0,0,1739.0,1707|1739|1945
401866521,Ta'Niya Latson,away,2,,0,2282.0,1765|2282
401866521,Laura Ziegler,away,3,2353.9,0,2180.0,1859|2180|2354
401866521,Sania Feagin,away,1,,0,,2129
401856890,Saniya Rivers,away,2,,0,943.0,105|943
401856890,Pauline Astier,home,4,933.0,1,736.0,186|736|933|1422
401856890,Rebekah Gardner,home,5,1661.0,0,925.0,277|925|1661|1706|2205
401856890,Charlisse Leger-Walker,away,1,,0,,288
401856890,Julie Vanloo,home,2,,0,457.0,376|457
401856890,Olivia Nelson-Ododa,away,2,,0,1763.4,407|1763
401856890,Kennedy Burke,away,4,1162.7,1,526.0,478|526|1163|1619
401856890,Han Xu,home,2,,0,1026.0,487|1026
401856890,Raegan Beers,away,2,,0,1780.3,736|1780
401856890,Jonquel Jones,home,7,1275.0,0,1275.0,771|1275|1275|1392|1439|1439|1746
401856890,Brittney Griner,away,2,,0,1321.0,785|1321
401856890,Hailey Van Lith,away,2,,0,791.0,788|791
401856890,Aneesah Morrow,away,5,1188.4,1,1035.0,924|1035|1188|1459|2131
401856890,Diamond Miller,away,4,1562.0,0,1347.0,1012|1347|1562|1601
401856890,Breanna Stewart,home,4,1406.0,0,1256.0,1167|1256|1406|1406
401856890,Marine Johannes,home,2,,0,1996.0,1187|1996
401856890,Gianna Kneepkens,away,2,,0,2016.0,1840|2016
401856891,Sonia Citron,away,2,,0,1883.0,42|1883
401856891,Julie Allemand,home,1,,0,,89
401856891,Nyara Sabally,home,6,1127.0,1,1127.0,100|1127|1127|2012|2153|2382
401856891,Shakira Austin,away,5,2267.0,0,1875.0,171|1875|2267|2267|2368
401856891,Cassandre Prosper,away,6,1354.0,0,915.0,200|915|1354|1561|2045|2209
401856891,Kia Nurse,home,3,1078.0,1,338.0,338|338|1078
401856891,Lauren Betts,away,1,,0,,371
401856891,Alex Wilson,away,4,1764.5,0,753.0,556|753|1764|2134
401856891,Kiki Iriafen,away,7,1886.0,0,813.0,637|813|1886|2079|2079|2093|2093
401856891,Georgia Amoore,away,1,,0,,674
401856891,Brittney Sykes,home,5,1489.0,0,1489.0,710|1489|1489|1776|2336
401856891,Laura Juskaite,home,6,1825.0,0,1825.0,721|1825|1825|1863|2222|2389
401856891,Marina Mabrey,home,3,2190.0,0,1748.9,795|1749|2190
401856891,Temi Fagbenle,home,5,1607.0,0,1052.0,869|1052|1607|1607|2110
401856891,Angela Dugalic,away,1,,0,,936
401856891,Rori Harmon,away,4,1794.0,0,1487.0,971|1487|1794|2098
401856891,Julie Allemand defensive 3-seconds (technical,home,1,,0,,1018
401856891,Mariella Fasoula,home,2,,0,1506.0,1495|1506
401856892,Natisha Hiedeman,home,5,1057.0,1,967.0,43|967|1057|2082|2361
401856892,Dominique Malonga,home,5,828.0,1,66.0,66|66|828|828|1818
401856892,Flau'jae Johnson,home,2,,0,168.0,148|168
401856892,Veronica Burton,away,4,1905.0,0,1240.0,194|1240|1905|2187
401856892,Kayla Thornton,away,4,2339.0,0,2339.0,254|2339|2339|2339
401856892,Tiffany Hayes,away,1,,0,,261
401856892,Mackenzie Holmes,home,2,,0,1537.0,336|1537
401856892,Laeticia Amihere,away,5,1136.0,1,440.0,440|440|1136|2243|2364
401856892,Kaila Charles,away,5,942.0,1,701.0,506|701|942|1651|2152
401856892,Zia Cooke,home,1,,0,,517
401856892,Grace VanSlooten,home,2,,0,709.0,618|709
401856892,Stefanie Dolson,home,4,1741.8,0,756.0,756|756|1742|2310
401856892,Jade Melbourne,home,2,,0,1196.2,1100|1196
401856892,Jordan Horston,home,2,,0,1111.0,1111|1111
401856892,Kiah Stokes,away,3,1950.0,0,1679.0,1305|1679|1950
401856892,Janelle Salaun,away,4,2162.0,0,2158.0,1453|2158|2162|2392
401856892,Lexie Brown,home,2,,0,1760.9,1761|1761
401856893,Alanna Smith,away,5,186.0,1,186.0,95|186|186|701|2304
401856893,Caitlin Clark,home,7,1128.0,1,127.0,127|127|1128|1128|1416|1872|1872
401856893,Myisha Hines-Allen,home,2,,0,362.0,159|362
401856893,Maddy Siegrist,away,3,1765.4,0,527.0,192|527|1765
401856893,Damiris Dantas,home,6,552.9,1,552.9,493|553|553|939|1735|1782
401856893,Odyssey Sims,away,5,1727.0,0,591.8,574|592|1727|2131|2194
401856893,Kelsey Mitchell,home,3,2189.0,0,1851.0,881|1851|2189
401856893,Lexie Hull,home,3,1051.0,1,1051.0,916|1051|1051
401856893,Alysha Clark,away,3,1047.0,1,925.0,925|925|1047
401856893,Arike Ogunbowale,away,5,1176.7,1,1070.0,1044|1070|1177|2045|2082
401856893,Aziaha James,away,3,2129.0,0,1094.0,1094|1094|2129
401856893,Aliyah Boston,home,2,,0,2374.7,1118|2375
401856893,Jessica Shepard,away,6,1215.0,0,1215.0,1153|1215|1215|1348|1596|2228
401856893,Sophie Cunningham,home,3,1619.0,0,1576.0,1291|1576|1619
401856893,Paige Bueckers,away,2,,0,1399.0,1343|1399
401856893,Raven Johnson,home,1,,0,,1841
401856893,Makayla Timpson,home,1,,0,,2269
401856893,Kelsey Mitchell personal,home,1,,0,,2387
401856893,Makayla Timpson personal,home,1,,0,,2398
401856894,DeWanna Bonner,away,2,,0,247.0,132|247
401856894,Chelsea Gray,home,1,,0,,182
401856894,NaLyssa Smith,home,3,1014.0,1,323.0,298|323|1014
401856894,Chennedy Carter,home,5,1750.8,0,562.2,424|562|1751|2128|2207
401856894,Jewell Loyd,home,3,1028.0,1,1028.0,637|1028|1028
401856894,Jackie Young,home,1,,0,,733
401856894,Kahleah Copper,away,3,1195.0,1,1195.0,924|1195|1195
401856894,Kierstan Bell,home,1,,0,,1066
401856894,Alyssa Thomas,away,1,,0,,1309
401856894,Jovana Nogic,away,1,,0,,1451
401856894,Natasha Mack,away,2,,0,2034.0,1502|2034
401856894,Cheyenne Parker-Tyus,home,4,1714.0,0,1626.0,1626|1626|1714|1714
401856894,Sha Carter,away,1,,0,,2192
401856894,Anneli Maley,away,1,,0,,2220
401856899,Natasha Howard,home,7,1262.0,0,744.0,183|744|1262|1289|1969|1969|2123
401856899,Olivia Miles,home,3,1399.0,0,595.8,207|596|1399
401856899,Angel Reese,away,8,278.0,1,278.0,230|278|278|1142|1450|1796|2065|2065
401856899,Rhyne Howard,away,4,1115.0,1,929.0,289|929|1115|2346
401856899,Te-Hina Paopao,away,5,1594.0,0,529.0,367|529|1594|1637|1834
401856899,Courtney Williams,home,1,,0,,401
401856899,Madina Okot,away,2,,0,1043.0,477|1043
401856899,Emma Cechova,home,7,1170.2,1,1170.2,658|1170|1170|1186|1683|2032|2316
401856899,Allisha Gray,away,2,,0,1542.0,728|1542
401856899,Maya Caldwell,home,2,,0,1946.0,764|1946
401856899,Nia Coffey,home,3,1514.0,0,1514.0,1152|1514|1514
401856899,Antonia Delaere,home,2,,0,1877.0,1629|1877
401856899,Anastasiia Olairi Kosu,home,1,,0,,1730
401856899,Emese Hof,home,1,,0,,1925
401856895,Bridget Carleton,home,1,,0,,16
401856895,Emily Engstler,home,6,1082.0,1,1082.0,50|1082|1082|1140|1892|1926
401856895,Rickea Jackson,away,5,901.0,1,107.0,107|107|901|1174|2138
401856895,Gabriela Jaquez,away,3,2330.0,0,787.0,117|787|2330
401856895,Kamilla Cardoso,away,5,364.0,1,364.0,188|364|364|1949|1949
401856895,Carla Leite,home,3,1273.0,0,1189.0,334|1189|1273
401856895,Sarah Ashlee Barker,home,4,2200.0,0,2031.0,466|2031|2200|2318
401856895,Luisa Geiselsoder,home,3,2337.0,0,1869.0,578|1869|2337
401856895,Frieda Buhner,home,3,2005.0,0,1676.0,682|1676|2005
401856895,Jacy Sheldon,away,3,1213.0,0,1152.5,692|1152|1213
401856895,Jordan Harrison,home,2,,0,1020.0,986|1020
401856895,Skylar Diggins,away,2,,0,1427.0,1393|1427
401856895,Megan Gustafson,home,1,,0,,1453
401856895,Aicha Coulibaly,away,1,,0,,1687
401856895,Rachel Banham,away,1,,0,,1740
401856895,Haley Jones,home,2,,0,2064.0,1973|2064
401856895,Elizabeth Williams defensive 3-seconds (technical,away,1,,0,,2128
401856896,Brittney Griner,home,7,953.0,1,20.0,20|20|953|1156|1616|1616|2333
401856896,Dominique Malonga,away,4,834.0,1,187.0,107|187|834|1539
401856896,Diamond Miller,home,4,1220.0,0,501.0,148|501|1220|2283
401856896,Charlisse Leger-Walker,home,4,815.0,1,722.0,247|722|815|2247
401856896,Flau'jae Johnson,away,3,2333.0,0,1001.0,289|1001|2333
401856896,Mackenzie Holmes,away,5,1103.0,1,866.0,422|866|1103|2041|2122
401856896,Zia Cooke,away,1,,0,,437
401856896,Saniya Rivers,home,2,,0,1427.0,489|1427
401856896,Stefanie Dolson,away,6,1018.0,1,1018.0,501|1018|1018|1071|1242|1379
401856896,Hailey Van Lith,home,4,1680.0,0,609.0,593|609|1680|1971
401856896,Aneesah Morrow,home,1,,0,,675
401856896,Grace VanSlooten,away,1,,0,,675
401856896,Gianna Kneepkens,home,1,,0,,929
401856896,Olivia Nelson-Ododa,home,3,1846.0,0,1165.6,1166|1166|1846
401856896,Kennedy Burke,home,4,1811.0,0,1811.0,1469|1811|1811|1967
401856896,Jade Melbourne,away,3,2358.0,0,1986.0,1610|1986|2358
401856896,Natisha Hiedeman,away,3,1979.0,0,1900.0,1900|1900|1979
401856896,Diamond Miller personal,home,2,,0,2363.0,2345|2363
401856897,Shakira Austin,home,2,,0,2517.0,205|2517
401856897,Cassandre Prosper,home,6,511.0,1,408.0,228|408|511|1088|2525|2670
401856897,Jonquel Jones,away,8,1102.0,1,663.0,338|663|1102|1269|1749|1749|2195|2195
401856897,Marine Johannes,away,3,896.0,1,629.0,401|629|896
401856897,Angela Dugalic,home,3,1784.8,0,1668.0,408|1668|1785
401856897,Pauline Astier,away,5,2148.0,0,1398.0,421|1398|2148|2241|2686
401856897,Breanna Stewart,away,7,765.0,1,442.0,442|442|765|993|993|1647|2565
401856897,Rebekah Gardner,away,1,,0,,516
401856897,Julie Vanloo,away,3,1566.0,0,1565.0,594|1565|1566
401856897,Georgia Amoore,home,3,1360.0,0,1213.0,653|1213|1360
401856897,Kiki Iriafen,home,5,1051.0,1,715.0,688|715|1051|1344|1896
401856897,Betnijah Laney-Hamilton,away,3,2628.0,0,1088.0,822|1088|2628
401856897,Alex Wilson,home,3,1597.0,0,1119.0,914|1119|1597
401856897,Rori Harmon,home,1,,0,,951
401856897,Han Xu,away,6,2035.0,0,1341.0,1001|1341|2035|2211|2502|2618
401856897,Lauren Betts,home,1,,0,,2140
401856897,Sonia Citron,home,2,,0,2680.7,2610|2681
401856897,Lucy Olsen,home,1,,0,,2688
401856898,Dearica Hamby,home,2,,0,2221.0,32|2221
401856898,A'ja Wilson,away,2,,0,101.0,101|101
401856898,Rae Burrell,home,3,1159.7,1,553.9,259|554|1160
401856898,Chelsea Gray,away,3,1875.0,0,1571.0,279|1571|1875
401856898,Chennedy Carter,away,3,1920.0,0,1829.0,375|1829|1920
401856898,Cameron Brink,home,3,1950.0,0,569.1,432|569|1950
401856898,Brianna Turner,away,1,,0,,441
401856898,Erica Wheeler,home,1,,0,,501
401856898,Nneka Ogwumike,home,1,,0,,624
401856898,NaLyssa Smith,away,4,1266.0,0,732.0,687|732|1266|1520
401856898,Ariel Atkins,home,3,1091.0,1,840.0,840|840|1091
401856898,Jackie Young,away,3,1320.0,0,882.0,882|882|1320
401856898,Kelsey Plum,home,3,1719.0,0,1583.0,941|1583|1719
401856898,Jewell Loyd,away,2,,0,1020.0,986|1020
401856898,Sania Feagin,home,1,,0,,2288
401856898,Emma Cannon,home,2,,0,2325.0,2325|2325
401856900,Natasha Mack,away,4,575.5,1,575.5,140|576|576|1647
401856900,Alyssa Thomas,away,6,248.0,1,248.0,152|248|248|1808|2157|2322
401856900,Kiah Stokes,home,3,1446.0,0,350.0,201|350|1446
401856900,Veronica Burton,home,3,1259.0,0,1127.0,229|1127|1259
401856900,Laeticia Amihere,home,6,1491.0,0,392.0,392|392|1491|2177|2177|2187
401856900,Janelle Salaun,home,1,,0,,400
401856900,Noemie Brochant,away,2,,0,1782.7,516|1783
401856900,Kyara Linskens,away,1,,0,,663
401856900,Kaitlyn Chen,home,1,,0,,761
401856900,Gabby Williams,home,2,,0,1717.0,761|1717
401856900,Kiana Williams,away,2,,0,1079.0,881|1079
401856900,Kaila Charles,home,4,1946.0,0,1267.0,1196|1267|1946|2329
401856900,Kayla Thornton,home,3,1917.0,0,1763.4,1239|1763|1917
401856900,Jovana Nogic,away,5,1641.0,0,1543.0,1286|1543|1641|1889|2057
401856900,Kahleah Copper,away,2,,0,2363.6,1500|2364
401856900,DeWanna Bonner,away,1,,0,,2265
401856901,Jordin Canada,away,3,1789.0,0,1319.0,108|1319|1789
401856901,Rhyne Howard,away,4,1506.0,0,1326.0,168|1326|1506|1945
401856901,Angel Reese,away,3,1739.0,0,1473.0,178|1473|1739
401856901,Alanna Smith,home,3,611.0,1,611.0,215|611|611
401856901,Alysha Clark,home,2,,0,479.0,468|479
401856901,Maddy Siegrist,home,1,,0,,516
401856901,Allisha Gray,away,2,,0,1707.0,529|1707
401856901,Odyssey Sims,home,3,1327.0,0,1327.0,828|1327|1327
401856901,Paige Bueckers,home,2,,0,1409.0,964|1409
401856901,Te-Hina Paopao,away,2,,0,1015.0,1015|1015
401856901,Naz Hillmon,away,5,1968.0,0,1625.0,1071|1625|1968|1968|2330
401856901,Sika Kone,away,2,,0,1428.0,1428|1428
401856901,Aziaha James,home,4,1498.0,0,1489.0,1444|1489|1498|2164
401856901,Arike Ogunbowale,home,2,,0,1565.0,1453|1565
401856901,Jessica Shepard,home,2,,0,2293.0,1723|2293
401856902,Olivia Miles,away,4,1104.0,1,253.0,81|253|1104|1396
401856902,Natasha Mack,home,2,,0,969.0,165|969
401856902,Valeriane Ayayi,home,4,323.0,1,224.0,224|224|323|965
401856902,Nia Coffey,away,7,406.0,1,274.0,274|274|406|864|1370|2297|2393
401856902,Courtney Williams,away,2,,0,1755.6,303|1756
401856902,Noemie Brochant,home,1,,0,,413
401856902,Anastasiia Olairi Kosu,away,3,1168.1,1,928.0,435|928|1168
401856902,Jovana Nogic,home,4,1506.0,0,1506.0,564|1506|1506|1546
401856902,Emma Cechova,away,6,803.0,1,803.0,574|803|803|1926|2204|2204
401856902,Kyara Linskens,home,3,1701.0,0,1578.0,733|1578|1701
401856902,DeWanna Bonner,home,3,2142.0,0,1020.0,770|1020|2142
401856902,Maya Caldwell,away,1,,0,,780
401856902,Kahleah Copper,home,3,2034.0,0,789.0,789|789|2034
401856902,Kiana Williams,home,2,,0,2073.0,798|2073
401856902,Antonia Delaere,away,2,,0,2007.0,1031|2007
401856902,Natasha Howard,away,5,1233.0,0,1136.0,1136|1136|1233|1527|1985
401856902,Kayla McBride,away,1,,0,,1564
401856902,Eliska Hamzova,away,1,,0,,1676
401856902,Alyssa Thomas,home,3,1974.0,0,1755.6,1694|1756|1974
401856902,Kiana Williams personal,home,1,,0,,2387
401856903,Pauline Astier,away,3,1897.0,0,1698.0,84|1698|1897
401856903,Emily Engstler,home,4,484.0,1,484.0,148|484|484|1452
401856903,Sarah Ashlee Barker,home,1,,0,,192
401856903,Marine Johannes,away,1,,0,,221
401856903,Bridget Carleton,home,2,,0,738.0,311|738
401856903,Frieda Buhner,home,2,,0,1558.0,467|1558
401856903,Julie Vanloo,away,2,,0,1537.0,560|1537
401856903,Haley Jones,home,2,,0,1852.0,702|1852
401856903,Megan Gustafson,home,3,840.0,1,840.0,768|840|840
401856903,Jonquel Jones,away,5,1133.0,1,808.0,808|808|1133|1337|1337
401856903,Nyadiew Puoch,home,4,1874.0,0,1833.0,1031|1833|1874|1963
401856903,Carla Leite,home,1,,0,,1100
401856903,Luisa Geiselsoder,home,3,2357.1,0,1880.0,1123|1880|2357
401856903,Breanna Stewart,away,6,1971.0,0,1638.0,1163|1638|1971|2194|2247|2247
401856903,Kamiah Smalls,home,1,,0,,1516
401856903,Rebekah Gardner,away,1,,0,,1603
401856903,Julie Vanloo defensive 3-seconds (technical,away,1,,0,,2049
401856903,Betnijah Laney-Hamilton,away,1,,0,,2203
401856904,Stefanie Dolson,away,7,539.0,1,539.0,229|539|539|1490|1490|2264|2315
401856904,Nyara Sabally,home,3,1732.0,0,1732.0,300|1732|1732
401856904,Dominique Malonga,away,1,,0,,319
401856904,Jade Melbourne,away,4,1696.0,0,841.0,387|841|1696|2257
401856904,Nikolina Milic,home,3,448.0,1,389.0,389|389|448
401856904,Flau'jae Johnson,away,3,1834.0,0,935.0,422|935|1834
401856904,Lexie Brown,away,4,1745.8,0,851.0,497|851|1746|1746
401856904,Kia Nurse,home,1,,0,,576
401856904,Kiki Rice,home,3,2080.0,0,1918.0,580|1918|2080
401856904,Laura Juskaite,home,2,,0,2011.0,834|2011
401856904,Maria Conde,home,6,1545.0,0,1310.0,1001|1310|1545|1755|1755|1879
401856904,Natisha Hiedeman,away,3,1359.0,0,1254.0,1144|1254|1359
401856904,Brittney Sykes,home,2,,0,1814.0,1200|1814
401856904,Jordan Horston,away,1,,0,,1334
401856904,Zia Cooke,away,2,,0,2207.0,2207|2207
401856905,A'ja Wilson,away,4,815.0,1,802.0,113|802|815|1594
401856905,Jackie Young,away,2,,0,208.0,149|208
401856905,Olivia Nelson-Ododa,home,4,863.0,1,296.0,188|296|863|2318
401856905,Raegan Beers,home,4,667.0,1,308.0,299|308|667|1702
401856905,Chennedy Carter,away,3,1740.0,0,555.7,320|556|1740
401856905,Diamond Miller,home,4,1362.0,0,368.0,341|368|1362|1857
401856905,Brianna Turner,away,2,,0,1152.8,681|1153
401856905,Aneesah Morrow,home,4,1525.0,0,699.0,699|699|1525|1774
401856905,Hailey Van Lith,home,1,,0,,770
401856905,Gianna Kneepkens,home,1,,0,,895
401856905,NaLyssa Smith,away,5,1493.0,0,956.0,903|956|1493|2215|2233
401856905,Chelsea Gray,away,1,,0,,925
401856905,Charlisse Leger-Walker,home,2,,0,1446.0,946|1446
401856905,Saniya Rivers,home,1,,0,,1683
401856905,Cheyenne Parker-Tyus,away,1,,0,,1955
401856905,Jewell Loyd,away,1,,0,,2240
401856906,Jacy Sheldon,away,3,2170.0,0,136.0,71|136|2170
401856906,Veronica Burton,home,5,1782.5,0,1649.0,129|1649|1782|1886|2110
401856906,Gabriela Jaquez,away,2,,0,1298.0,136|1298
401856906,Gabby Williams,home,1,,0,,162
401856906,Kayla Thornton,home,1,,0,,289
401856906,Elizabeth Williams,away,1,,0,,319
401856906,Kaila Charles,home,4,1152.1,1,567.9,400|568|1152|2247
401856906,Janelle Salaun,home,1,,0,,779
401856906,Kiah Stokes,home,6,1485.0,0,1361.0,858|1361|1485|2188|2353|2381
401856906,Skylar Diggins,away,2,,0,1340.0,1191|1340
401856906,Kamilla Cardoso,away,3,2200.0,0,1509.0,1231|1509|2200
401856906,Rickea Jackson,away,3,2396.9,0,2378.8,1344|2379|2397
401856906,Natasha Cloud,away,5,1992.0,0,1908.0,1828|1908|1992|1992|2022
401856906,Rachel Banham,away,1,,0,,1895
401856906,Kaitlyn Chen,home,1,,0,,2150
401856907,Nneka Ogwumike,home,3,1572.0,0,1572.0,37|1572|1572
401856907,Caitlin Clark,away,4,1179.7,1,1179.7,68|1180|1180|1200
401856907,Kelsey Plum,home,3,1479.0,0,924.0,278|924|1479
401856907,Ariel Atkins,home,3,1272.0,0,796.0,322|796|1272
401856907,Damiris Dantas,away,4,1553.0,0,501.0,406|501|1553|1648
401856907,Lexie Hull,away,4,1563.0,0,1563.0,411|1563|1563|2028
401856907,Chance Gray,home,3,1589.0,0,640.0,483|640|1589
401856907,Aliyah Boston,away,7,830.0,1,830.0,698|830|830|1258|1682|2155|2188
401856907,Dearica Hamby,home,6,1364.0,0,1364.0,739|1364|1364|1740|1740|1898
401856907,Monique Billings,away,3,1969.0,0,1843.0,779|1843|1969
401856907,Monique Billings defensive 3-seconds (technical,away,1,,0,,968
401856907,Kelsey Mitchell,away,3,1389.0,0,1134.0,976|1134|1389
401856907,Rae Burrell,home,1,,0,,1019
401856907,Cameron Brink,home,4,1665.0,0,1110.0,1110|1110|1665|2209
401856907,Erica Wheeler,home,5,1641.0,0,1406.0,1373|1406|1641|2366|2391
401856907,Myisha Hines-Allen,away,2,,0,1521.0,1419|1521
401856907,Raven Johnson,away,1,,0,,1705
401856908,Olivia Miles,away,2,,0,2322.0,153|2322
401856908,Alanna Smith,home,3,1614.0,0,1604.0,258|1604|1614
401856908,Paige Bueckers,home,2,,0,1081.0,345|1081
401856908,Emma Cechova defensive 3-seconds (technical,away,1,,0,,452
401856908,Anastasiia Olairi Kosu,away,1,,0,,662
401856908,Natasha Howard,away,5,2112.0,0,748.0,748|748|2112|2194|2210
401856908,Arike Ogunbowale,home,3,2382.9,0,1450.0,809|1450|2383
401856908,Jessica Shepard,home,3,2283.0,0,1476.0,971|1476|2283
401856908,Nia Coffey,away,4,1671.0,0,1197.4,1052|1197|1671|1735
401856908,Courtney Williams,away,3,1860.0,0,1496.0,1128|1496|1860
401856908,Awak Kuier,home,1,,0,,1138
401856908,Maddy Siegrist,home,1,,0,,1162
401856908,Kayla McBride,away,3,2386.9,0,1330.0,1235|1330|2387
401856908,Emma Cechova,away,2,,0,1589.0,1558|1589
401856908,Azzi Fudd,home,3,2135.0,0,2134.0,1599|2134|2135
401856908,Aziaha James,home,1,,0,,1822
401856908,Azzi Fudd personal,home,1,,0,,2387
401856909,Betnijah Laney-Hamilton,away,1,,0,,50
401856909,Luisa Geiselsoder,home,4,963.0,1,196.0,196|196|963|1915
401856909,Sug Sutton,home,3,2077.0,0,1465.0,247|1465|2077
401856909,Bridget Carleton,home,2,,0,872.0,262|872
401856909,Julie Vanloo,away,1,,0,,339
401856909,Breanna Stewart,away,3,2085.0,0,832.0,347|832|2085
401856909,Rebecca Allen,away,2,,0,2370.5,394|2370
401856909,Jonquel Jones,away,2,,0,461.0,461|461
401856909,Nyadiew Puoch,home,5,1662.0,0,1010.0,525|1010|1662|1758|2312
401856909,Alex Fowler,away,8,992.0,1,561.9,562|562|992|1689|1905|2308|2324|2324
401856909,Marine Johannes,away,1,,0,,578
401856909,Kamiah Smalls,home,1,,0,,712
401856909,Frieda Buhner,home,2,,0,2177.0,742|2177
401856909,Megan Gustafson,home,3,1609.0,0,796.0,796|796|1609
401856909,Emily Engstler,home,1,,0,,1777
401856909,Pauline Astier,away,2,,0,2021.0,1933|2021
401856909,Haley Jones,home,2,,0,2062.0,1945|2062
401856909,Sarah Ashlee Barker,home,1,,0,,2091
401856909,Rebekah Gardner,away,1,,0,,2122
401856909,Aubrey Griffin,away,1,,0,,2322
401856910,Jackie Young,away,4,1511.0,0,1404.0,74|1404|1511|1584
401856910,Kennedy Burke,home,5,337.0,1,251.0,251|251|337|1813|2125
401856910,Aneesah Morrow,home,5,1777.0,0,451.0,451|451|1777|1855|2000
401856910,Diamond Miller,home,3,1422.0,0,1258.0,466|1258|1422
401856910,Saniya Rivers,home,3,1861.0,0,1796.5,547|1796|1861
401856910,Cheyenne Parker-Tyus,away,3,690.0,1,638.0,638|638|690
401856910,Jewell Loyd,away,5,976.0,1,684.0,684|684|976|1459|2208
401856910,Nell Angloma,home,2,,0,1501.0,751|1501
401856910,Raegan Beers,home,4,2227.0,0,1604.0,810|1604|2227|2227
401856910,Aaliyah Edwards,home,3,1302.0,0,990.0,844|990|1302
401856910,Stephanie Talbot,away,4,2012.0,0,960.0,960|960|2012|2340
401856910,Gianna Kneepkens,home,2,,0,1197.5,1059|1198
401856910,Chelsea Gray,away,2,,0,1288.0,1258|1288
401856910,Hailey Van Lith,home,1,,0,,1261
401856910,NaLyssa Smith,away,1,,0,,1489
401856910,Chennedy Carter,away,1,,0,,1608
401856910,A'ja Wilson,away,2,,0,2108.0,1795|2108
401856911,Monique Billings,home,4,1416.0,0,641.0,14|641|1416|2299
401856911,Lauren Betts,away,5,1506.0,0,830.0,253|830|1506|1521|1521
401856911,Cassandre Prosper,away,6,894.0,1,730.0,389|730|894|1771|2331|2654
401856911,Cotie McMahon,away,4,1285.0,0,577.3,442|577|1285|2104
401856911,Makayla Timpson,home,1,,0,,472
401856911,Damiris Dantas,home,1,,0,,481
401856911,Sophie Cunningham,home,3,2271.0,0,708.0,497|708|2271
401856911,Sonia Citron,away,1,,0,,586
401856911,Georgia Amoore,away,3,1351.0,0,1321.0,803|1321|1351
401856911,Caitlin Clark,home,3,2349.5,0,955.0,862|955|2350
401856911,Aliyah Boston,home,2,,0,878.0,869|878
401856911,Kelsey Mitchell,home,2,,0,2261.0,1130|2261
401856911,Shakira Austin,away,6,1463.0,0,1357.0,1357|1357|1463|1923|2394|2620
401856911,Angela Dugalic,away,1,,0,,1545
401856911,Myisha Hines-Allen,home,5,1821.0,0,1679.0,1679|1679|1821|1821|2086
401856911,Lexie Hull,home,4,2394.9,0,2013.0,1909|2013|2395|2696
401856911,Kiki Iriafen,away,3,2611.0,0,2417.0,1941|2417|2611
401856911,Rori Harmon,away,2,,0,2676.3,2676|2676
401856911,Myisha Hines-Allen personal,home,1,,0,,2686
401856911,Lexie Hull personal,home,1,,0,,2689
401856912,Brittney Sykes,away,5,1192.6,1,1192.6,189|1193|1193|1340|1390
401856912,Nyara Sabally,away,3,2391.1,0,827.0,227|827|2391
401856912,Kelsey Plum,home,3,1162.5,1,654.0,368|654|1162
401856912,Teonni Key,away,2,,0,1753.8,395|1754
401856912,Dearica Hamby,home,4,1504.0,0,1254.0,478|1254|1504|1880
401856912,Erica Wheeler,home,1,,0,,683
401856912,Lexi Held,away,1,,0,,700
401856912,Laura Juskaite,away,5,2097.0,0,1594.0,726|1594|2097|2132|2296
401856912,Marina Mabrey,away,4,1263.0,0,833.0,833|833|1263|2317
401856912,Cameron Brink,home,4,860.0,1,843.0,843|843|860|2397
401856912,Julie Allemand,away,1,,0,,910
401856912,Kiki Rice,away,4,2304.0,0,2274.0,1175|2274|2304|2386
401856912,Chance Gray,home,1,,0,,1179
401856912,Nneka Ogwumike,home,4,1918.0,0,1885.0,1249|1885|1918|2057
401856912,Nikolina Milic,away,2,,0,1285.0,1285|1285
401856912,Kate Martin,home,1,,0,,1733
401856912,Dearica Hamby defensive 3-seconds (technical,home,1,,0,,1831
401856912,Rae Burrell,home,3,2344.7,0,2344.7,2286|2345|2345
401856913,Jacy Sheldon,away,4,990.0,1,496.0,66|496|990|2094
401856913,Kamilla Cardoso,away,5,885.0,1,171.0,171|171|885|899|1337
401856913,Natasha Mack,home,6,1347.0,0,864.0,195|864|1347|1770|2238|2271
401856913,Skylar Diggins,away,3,824.0,1,669.0,330|669|824
401856913,Alyssa Thomas,home,5,1578.0,0,695.0,396|695|1578|2001|2001
401856913,Rachel Banham,away,4,646.0,1,488.0,488|488|646|1059
401856913,Kahleah Copper,home,2,,0,1068.0,653|1068
401856913,Natasha Cloud,away,5,1368.0,0,1297.0,718|1297|1368|1433|2066
401856913,DeWanna Bonner,home,3,1274.0,0,797.0,797|797|1274
401856913,Elizabeth Williams,away,4,1517.0,0,1078.0,1078|1078|1517|1537
401856913,Aicha Coulibaly,away,4,1953.0,0,1829.0,1084|1829|1953|2217
401856913,Jovana Nogic,home,2,,0,1933.0,1419|1933
401856913,Noemie Brochant,home,3,1697.0,0,1549.0,1527|1549|1697
401856913,Sydney Taylor,away,1,,0,,1557
401856913,Kyara Linskens,home,4,1709.0,0,1709.0,1609|1709|1709|1721
401856913,Gabriela Jaquez,away,1,,0,,1828
401856913,Jacy Sheldon personal,away,1,,0,,2369
401856913,Gabriela Jaquez personal,away,1,,0,,2373
401856915,NaLyssa Smith,away,6,1046.0,1,378.0,66|378|1046|1983|2135|2135
401856915,Te-Hina Paopao,home,4,1497.0,0,921.0,75|921|1497|1861
401856915,Angel Reese,home,5,788.0,1,139.0,139|139|788|788|833
401856915,Naz Hillmon,home,4,978.0,1,312.0,203|312|978|1923
401856915,Madina Okot,home,5,932.0,1,271.0,271|271|932|932|1585
401856915,Jewell Loyd,away,4,1538.0,0,531.0,446|531|1538|2113
401856915,Allisha Gray,home,4,1313.0,0,639.0,487|639|1313|1442
401856915,Cheyenne Parker-Tyus,away,1,,0,,546
401856915,Jordin Canada,home,3,2377.4,0,1799.4,592|1799|2377
401856915,Chennedy Carter,away,3,1785.2,0,1575.0,596|1575|1785
401856915,A'ja Wilson,away,6,939.0,1,819.0,819|819|939|1328|1529|2340
401856915,Brianna Turner,away,1,,0,,885
401856915,Stephanie Talbot,away,2,,0,1741.2,964|1741
401856915,Sika Kone,home,1,,0,,1092
401856915,Jackie Young,away,2,,0,2079.0,1881|2079
401856916,Lexie Hull,home,4,1722.0,0,763.0,83|763|1722|1784
401856916,Stefanie Dolson,away,3,1983.0,0,1010.0,113|1010|1983
401856916,Monique Billings,home,1,,0,,202
401856916,Flau'jae Johnson,away,2,,0,605.0,305|605
401856916,Makayla Timpson,home,3,883.0,1,322.0,317|322|883
401856916,Kelsey Mitchell,home,3,1405.0,0,840.0,384|840|1405
401856916,Mackenzie Holmes,away,2,,0,962.0,454|962
401856916,Raven Johnson,home,2,,0,2232.0,455|2232
401856916,Natisha Hiedeman,away,3,2070.0,0,977.0,496|977|2070
401856916,Caitlin Clark,home,3,1524.0,0,1103.0,567|1103|1524
401856916,Myisha Hines-Allen,home,3,2061.0,0,1391.0,626|1391|2061
401856916,Jordan Horston,away,2,,0,1217.0,713|1217
401856916,Zia Cooke,away,4,1799.9,0,1496.0,749|1496|1800|1863
401856916,Jade Melbourne,away,4,1620.0,0,1417.0,1031|1417|1620|2350
401856916,Lexie Brown,away,2,,0,1764.9,1575|1765
401856916,Damiris Dantas,home,1,,0,,1582
401856916,Sophie Cunningham,home,3,2316.0,0,1707.0,1707|1707|2316
401856916,Tyasha Harris,home,1,,0,,2206
401856914,Natasha Cloud,away,5,876.0,1,17.0,2|17|876|2377|2384
401856914,Natasha Howard,home,3,1973.0,0,767.0,217|767|1973
401856914,Elizabeth Williams,away,1,,0,,424
401856914,Anastasiia Olairi Kosu,home,1,,0,,434
401856914,Nia Coffey,home,5,1242.0,0,849.0,565|849|1242|1422|2389
401856914,Sydney Taylor,away,2,,0,1694.0,578|1694
401856914,Kayla McBride,home,3,1649.0,0,1597.0,680|1597|1649
401856914,Emese Hof,home,3,961.0,1,931.0,931|931|961
401856914,Olivia Miles,home,5,1564.0,0,1273.0,1066|1273|1564|1564|2209
401856914,Aicha Coulibaly,away,2,,0,1776.4,1140|1776
401856914,Kamilla Cardoso,away,3,2194.0,0,1947.0,1257|1947|2194
401856914,Gabriela Jaquez,away,3,2251.0,0,2251.0,1409|2251|2251
401856914,Rachel Banham,away,1,,0,,1509
401856914,Antonia Delaere,home,1,,0,,1681
401856914,Jacy Sheldon,away,1,,0,,2076
401856914,Kayla McBride personal,home,1,,0,,2382
401856914,Courtney Williams,home,1,,0,,2384
401856917,Laura Juskaite,away,4,1140.0,1,124.0,79|124|1140|1462
401856917,Rae Burrell,home,6,614.0,1,275.0,161|275|614|1237|1527|2143
401856917,Marina Mabrey,away,6,705.0,1,598.0,188|598|705|1443|1443|2131
401856917,Dearica Hamby,home,4,268.0,1,221.0,221|221|268|1190
401856917,Erica Wheeler,home,5,1304.0,0,554.2,246|554|1304|1758|1828
401856917,Kiki Rice,away,5,1464.0,0,1457.0,297|1457|1464|1662|2122
401856917,Chance Gray,home,2,,0,822.0,327|822
401856917,Cameron Brink,home,6,1525.0,0,1039.0,395|1039|1525|1604|1974|2334
401856917,Jihyun Park,home,3,1519.0,0,911.0,657|911|1519
401856917,Nneka Ogwumike,home,2,,0,2169.0,683|2169
401856917,Brittney Sykes,away,3,1612.0,0,1349.0,878|1349|1612
401856917,Teonni Key,away,5,1685.0,0,1014.0,974|1014|1685|1713|1989
401856917,Laura Juskaite defensive 3-seconds (technical,away,1,,0,,1137
401856917,Kelsey Plum defensive 3-seconds (technical,home,1,,0,,1215
401856917,Nyara Sabally,away,1,,0,,1288
401856917,Jihyun Park defensive 3-seconds (technical,home,1,,0,,1478
401856917,Maria Conde,away,3,2184.0,0,2155.0,1507|2155|2184
401856917,Kia Nurse,away,2,,0,1561.0,1561|1561
401856917,Kelsey Plum,home,5,1846.0,0,1621.0,1580|1621|1846|2312|2325
401856918,Alanna Smith,home,5,752.0,1,157.0,74|157|752|987|987
401856918,Sonia Citron,away,4,719.0,1,719.0,194|719|719|1020
401856918,Cotie McMahon,away,4,467.0,1,467.0,377|467|467|982
401856918,Azzi Fudd,home,2,,0,1409.0,449|1409
401856918,Aziaha James,home,2,,0,2342.9,574|2343
401856918,Maddy Siegrist,home,3,1779.7,0,1115.0,708|1115|1780
401856918,Paige Bueckers,home,3,2237.0,0,1704.0,1176|1704|2237
401856918,Odyssey Sims,home,6,1375.0,0,1311.0,1311|1311|1375|1403|1403|2337
401856918,Kiki Iriafen,away,3,1841.0,0,1393.0,1393|1393|1841
401856918,Lucy Olsen,away,2,,0,1619.0,1544|1619
401856918,Angela Dugalic,away,1,,0,,1632
401856918,Cassandre Prosper,away,2,,0,1763.5,1722|1764
401856918,Georgia Amoore,away,1,,0,,1995
401856918,Awak Kuier,home,1,,0,,2046
401856918,Jessica Shepard,home,1,,0,,2080
401856918,Rori Harmon,away,2,,0,2302.0,2274|2302
401856918,Lauren Betts,away,1,,0,,2312
401856919,Luisa Geiselsoder,home,5,1769.1,0,1769.1,25|1769|1769|1788|2354
401856919,Aaliyah Edwards,away,2,,0,73.0,73|73
401856919,Megan Gustafson,home,1,,0,,295
401856919,Raegan Beers,away,1,,0,,466
401856919,Emily Engstler,home,3,2398.1,0,2321.0,506|2321|2398
401856919,Nell Angloma,away,2,,0,596.6,540|597
401856919,Sarah Ashlee Barker,home,4,1455.0,0,684.0,573|684|1455|1995
401856919,Serah Williams,home,3,1928.0,0,711.0,619|711|1928
401856919,Brittney Griner,away,3,1984.0,0,724.0,724|724|1984
401856919,Diamond Miller,away,4,887.0,1,862.0,731|862|887|1244
401856919,Bridget Carleton,home,2,,0,1639.0,795|1639
401856919,Holly Winterburn,home,2,,0,2135.0,907|2135
401856919,Hailey Van Lith,away,4,1795.2,0,1306.0,968|1306|1795|2080
401856919,Kennedy Burke,away,2,,0,1113.0,973|1113
401856919,Aneesah Morrow,away,1,,0,,1102
401856919,Nyadiew Puoch,home,2,,0,1562.0,1398|1562
401856919,Sug Sutton,home,1,,0,,1411
401856919,Haley Jones defensive 3-seconds (technical,home,1,,0,,1451
401856919,Haley Jones,home,1,,0,,1468
401856919,Charlisse Leger-Walker,away,3,2212.0,0,2010.0,1578|2010|2212
401856919,Gianna Kneepkens,away,1,,0,,1659
401856919,Saniya Rivers,away,3,2338.0,0,2252.0,2066|2252|2338
401856919,Charlisse Leger-Walker personal,away,1,,0,,2390
401856920,Kiki Rice,away,5,1162.1,1,643.0,185|643|1162|2127|2323
401856920,Alyssa Thomas,home,3,2346.7,0,2145.0,191|2145|2347
401856920,Jovana Nogic,home,4,1501.0,0,744.0,209|744|1501|1960
401856920,Marina Mabrey,away,4,1597.0,0,744.0,323|744|1597|1597
401856920,Maria Conde,away,3,2088.0,0,802.0,362|802|2088
401856920,Kiana Williams,home,1,,0,,378
401856920,Kia Nurse,away,3,1721.0,0,1643.0,401|1643|1721
401856920,Teonni Key,away,4,1150.2,1,1150.2,427|1150|1150|1438
401856920,Valeriane Ayayi,home,3,876.0,1,574.3,483|574|876
401856920,Laura Juskaite,away,6,1062.0,1,732.0,506|732|1062|1062|1215|2288
401856920,Kyara Linskens,home,1,,0,,542
401856920,Brittney Sykes,away,3,2297.0,0,1916.0,905|1916|2297
401856920,Kahleah Copper,home,1,,0,,947
401856920,DeWanna Bonner,home,2,,0,2363.7,1295|2364
401856920,Natasha Mack,home,1,,0,,1347
401856920,Noemie Brochant,home,1,,0,,1563
401856920,Lexi Held,away,1,,0,,1606
401856920,Nikolina Milic,away,1,,0,,1768
401856921,Aliyah Boston,home,4,1949.0,0,65.0,65|65|1949|1949
401856921,Luisa Geiselsoder,away,6,1192.4,1,583.5,172|584|1192|1192|1826|1945
401856921,Lexie Hull,home,2,,0,1367.0,198|1367
401856921,Bridget Carleton,away,3,1859.0,0,1255.0,292|1255|1859
401856921,Myisha Hines-Allen,home,2,,0,1983.0,333|1983
401856921,Makayla Timpson,home,2,,0,1577.0,361|1577
401856921,Nyadiew Puoch,away,2,,0,1114.0,371|1114
401856921,Carla Leite,away,4,1609.0,0,1609.0,460|1609|1609|1651
401856921,Raven Johnson,home,4,1103.0,1,611.0,603|611|1103|2074
401856921,Serah Williams,away,1,,0,,668
401856921,Tyasha Harris,home,4,2034.0,0,2020.0,739|2020|2034|2128
401856921,Kelsey Mitchell,home,5,806.0,1,806.0,782|806|806|1360|1895
401856921,Megan Gustafson,away,4,1632.0,0,1625.0,895|1625|1632|2157
401856921,Haley Jones,away,2,,0,2091.0,931|2091
401856921,Emily Engstler,away,2,,0,1388.0,1059|1388
401856921,Sug Sutton,away,1,,0,,1176
401856921,Monique Billings,home,1,,0,,1255
401856921,Sophie Cunningham,home,1,,0,,1495
401856921,Sarah Ashlee Barker,away,1,,0,,1593
401856921,Lexie Hull defensive 3-seconds (technical,home,1,,0,,1689
401856921,Holly Winterburn,away,2,,0,2116.0,1980|2116
401856922,Alanna Smith,away,5,1221.0,0,981.0,126|981|1221|1337|1936
401856922,Kamilla Cardoso,home,2,,0,1609.0,139|1609
401856922,Paige Bueckers,away,3,2248.0,0,476.0,151|476|2248
401856922,Skylar Diggins,home,3,2371.8,0,2362.2,307|2362|2372
401856922,Gabriela Jaquez,home,5,1173.4,1,1173.4,313|1173|1173|1355|1800
401856922,Awak Kuier,away,1,,0,,379
401856922,Rachel Banham,home,2,,0,1778.3,808|1778
401856922,Jacy Sheldon,home,2,,0,1366.0,857|1366
401856922,Natasha Cloud,home,5,1974.0,0,981.0,866|981|1974|2013|2138
401856922,Li Yueru,away,3,2056.0,0,1573.0,908|1573|2056
401856922,Aziaha James,away,2,,0,1789.0,957|1789
401856922,Elizabeth Williams,home,2,,0,1629.0,1078|1629
401856922,Arike Ogunbowale,away,2,,0,2050.0,1144|2050
401856922,Jessica Shepard,away,3,2124.0,0,2078.0,1297|2078|2124
401856922,Aicha Coulibaly,home,3,1502.0,0,1471.0,1412|1471|1502
401856922,Azzi Fudd defensive 3-seconds (technical,away,1,,0,,1565
401856922,Azzi Fudd,away,1,,0,,2169
401856922,Rachel Banham personal,home,1,,0,,2359
401856923,Natisha Hiedeman,home,1,,0,,113
401856923,Aneesah Morrow,away,1,,0,,121
401856923,Stefanie Dolson,home,3,1419.0,0,1419.0,271|1419|1419
401856923,Taylor Thierry,home,5,811.0,1,348.0,291|348|811|884|1477
401856923,Saniya Rivers,away,1,,0,,299
401856923,Mackenzie Holmes,home,2,,0,1396.0,347|1396
401856923,Charlisse Leger-Walker,away,2,,0,476.0,387|476
401856923,Lexie Brown,home,3,2397.2,0,1927.0,429|1927|2397
401856923,Raegan Beers,away,5,1498.0,0,1372.0,507|1372|1498|1498|1828
401856923,Ashlon Jackson,away,2,,0,2129.0,644|2129
401856923,Aaliyah Edwards,away,4,908.0,1,871.0,800|871|908|2278
401856923,Kennedy Burke,away,2,,0,2008.0,1177|2008
401856923,Diamond Miller,away,1,,0,,1592
401856923,Nell Angloma,away,3,2359.2,0,2050.0,1670|2050|2359
401856923,Jade Melbourne,home,2,,0,1791.4,1791|1791
401856923,Jordan Horston,home,1,,0,,1843
401856924,Jonquel Jones,home,1,,0,,228
401856924,Kaila Charles,away,1,,0,,258
401856924,Rebecca Allen,home,4,1682.0,0,496.0,496|496|1682|2065
401856924,Julie Vanloo,home,3,2210.0,0,2064.0,511|2064|2210
401856924,Satou Sabally,home,4,1027.0,1,535.0,535|535|1027|1705
401856924,Janelle Salaun,away,2,,0,1887.0,558|1887
401856924,Pauline Astier,home,4,1729.0,0,1315.0,612|1315|1729|1858
401856924,Kiah Stokes,away,2,,0,2050.0,634|2050
401856924,Gabby Williams,away,3,1149.0,1,1073.0,812|1073|1149
401856924,Breanna Stewart,home,2,,0,1307.0,988|1307
401856924,Veronica Burton,away,1,,0,,995
401856924,Kayla Thornton,away,3,1811.0,0,1539.0,1299|1539|1811
401856924,Rebekah Gardner,home,1,,0,,1518
401856924,Kaitlyn Chen,away,1,,0,,1659
401856924,Jonquel Jones defensive 3-seconds (technical,home,1,,0,,1864
401856924,Alex Fowler,home,4,2318.0,0,2150.0,1992|2150|2318|2378
401856924,Marine Johannes,home,1,,0,,2002
401856924,Tiffany Hayes,away,1,,0,,2039
401856924,Veronica Burton personal,away,1,,0,,2311
401856924,Miela Sowah,away,1,,0,,2336
401856924,Laeticia Amihere,away,1,,0,,2391
401856925,Courtney Williams,home,2,,0,1844.0,10|1844
401856925,Natasha Howard,home,5,495.0,1,83.0,83|83|495|495|1273
401856925,Marina Mabrey,away,4,305.0,1,138.0,138|138|305|305
401856925,Kiki Rice,away,1,,0,,153
401856925,Kayla McBride,home,1,,0,,274
401856925,Brittney Sykes,away,3,456.0,1,456.0,383|456|456
401856925,Laura Juskaite,away,5,1379.0,0,1289.0,465|1289|1379|1569|1652
401856925,Anastasiia Olairi Kosu,home,1,,0,,715
401856925,Antonia Delaere,home,3,1991.0,0,1814.0,904|1814|1991
401856925,Maria Conde,away,3,2108.0,0,1735.0,934|1735|2108
401856925,Nia Coffey defensive 3-seconds (technical,home,1,,0,,959
401856925,Nikolina Milic,away,2,,0,1597.0,1011|1597
401856925,Teonni Key,away,1,,0,,1135
401856925,Nia Coffey,home,1,,0,,1334
401856925,Kia Nurse,away,1,,0,,1518
401856925,Lexi Held,away,3,2340.0,0,2243.0,1557|2243|2340
401856925,Maya Caldwell,home,3,1991.0,0,1684.0,1635|1684|1991
401856925,Mariella Fasoula,away,3,2140.0,0,2080.0,1834|2080|2140
401856925,Antonia Delaere defensive 3-seconds (technical,home,1,,0,,1872
401856926,Erica Wheeler,away,5,1139.0,1,1136.0,113|1136|1139|1230|1848
401856926,Natasha Mack,home,5,584.8,1,145.0,145|145|585|1961|1990
401856926,Kelsey Plum,away,2,,0,2242.0,248|2242
401856926,Cameron Brink,away,6,997.0,1,997.0,258|997|997|1466|1466|1518
401856926,Chance Gray,away,1,,0,,411
401856926,Marta Suarez,home,6,964.0,1,464.0,423|464|964|973|1065|1679
401856926,Kahleah Copper,home,4,911.0,1,911.0,536|911|911|1961
401856926,Valeriane Ayayi,home,2,,0,1042.0,545|1042
401856926,Kiana Williams,home,1,,0,,550
401856926,Rae Burrell,away,2,,0,2090.0,570|2090
401856926,Jovana Nogic,home,5,1550.0,0,1254.0,760|1254|1550|2006|2316
401856926,Alyssa Thomas,home,2,,0,1650.0,790|1650
401856926,Jihyun Park,away,3,1662.0,0,911.0,808|911|1662
401856926,Ariel Atkins,away,5,1390.0,0,1303.0,1242|1303|1390|1485|1820
401856926,Dearica Hamby,away,3,2369.7,0,2349.8,1369|2350|2370
401856926,DeWanna Bonner,home,1,,0,,1557
401856926,Noemie Brochant,home,2,,0,2059.0,2059|2059
401856927,Angel Reese,home,3,2073.0,0,1196.4,169|1196|2073
401856927,Paige Bueckers,away,5,1418.0,0,877.0,232|877|1418|1698|2170
401856927,Azzi Fudd,away,1,,0,,481
401856927,Jordin Canada,home,2,,0,651.0,611|651
401856927,Odyssey Sims,away,3,865.0,1,728.0,728|728|865
401856927,Jessica Shepard,away,4,2144.0,0,1862.0,741|1862|2144|2144
401856927,Alanna Smith,away,2,,0,1232.0,912|1232
401856927,Maddy Siegrist,away,1,,0,,1147
401856927,Naz Hillmon,home,2,,0,1611.0,1386|1611
401856927,Arike Ogunbowale,away,2,,0,2254.0,1588|2254
401856927,Aziaha James,away,3,2211.0,0,2163.0,1651|2163|2211
401856927,Indya Nivar,home,2,,0,1739.0,1698|1739
401856927,Rhyne Howard,home,1,,0,,1762
401856927,Allisha Gray,home,1,,0,,2333
401856927,Isobel Borlase,home,1,,0,,2336
401856928,Lexie Hull,home,5,1589.0,0,1321.0,55|1321|1589|2095|2183
401856928,Monique Billings,home,2,,0,818.0,86|818
401856928,Raven Johnson,home,4,1906.0,0,1791.8,365|1792|1906|2367
401856928,Tyasha Harris,home,1,,0,,430
401856928,Sophie Cunningham,home,4,1373.0,0,1140.2,469|1140|1373|2263
401856928,Aliyah Boston,home,4,1761.6,0,1366.0,597|1366|1762|1762
401856928,Kaitlyn Chen,away,2,,0,1139.0,674|1139
401856928,Caitlin Clark,home,6,1464.0,0,1023.0,714|1023|1464|1971|2273|2273
401856928,Kiah Stokes,away,3,1648.0,0,860.0,796|860|1648
401856928,Veronica Burton defensive 3-seconds (technical,away,1,,0,,930
401856928,Laeticia Amihere,away,4,1513.0,0,1156.2,1156|1156|1513|1599
401856928,Double,home,2,,0,1200.0,1200|1200
401856928,Kaila Charles,away,4,1978.0,0,1388.0,1228|1388|1978|2176
401856928,Veronica Burton,away,4,2144.0,0,2101.0,1276|2101|2144|2369
401856928,Kayla Thornton,away,3,2375.8,0,2076.0,1417|2076|2376
401856928,Myisha Hines-Allen,home,2,,0,1935.0,1448|1935
401856928,Kelsey Mitchell,home,1,,0,,1545
401856928,Tiffany Hayes,away,3,2341.6,0,2292.0,1558|2292|2342
401856928,Janelle Salaun,away,1,,0,,1792
401856928,Veronica Burton personal,away,1,,0,,2358
401856929,Natisha Hiedeman,home,2,,0,1738.0,10|1738
401856929,Gianna Kneepkens,away,3,379.0,1,312.0,99|312|379
401856929,Jordan Horston,home,2,,0,1329.0,226|1329
401856929,Diamond Miller,away,2,,0,1038.0,280|1038
401856929,Jade Melbourne,home,2,,0,1050.0,395|1050
401856929,Nell Angloma,away,3,2383.0,0,706.0,472|706|2383
401856929,Mackenzie Holmes,home,4,1812.0,0,818.0,485|818|1812|2307
401856929,Kennedy Burke,away,3,1076.0,1,1076.0,519|1076|1076
401856929,Lexie Brown,home,1,,0,,619
401856929,Stefanie Dolson,home,4,2195.0,0,1438.0,629|1438|2195|2195
401856929,Raegan Beers,away,2,,0,1840.0,657|1840
401856929,Zia Cooke,home,1,,0,,765
401856929,Aaliyah Edwards,away,4,1023.0,1,1023.0,948|1023|1023|1356
401856929,Joyner Holmes,home,1,,0,,991
401856929,Flau'jae Johnson,home,2,,0,2208.0,1290|2208
401856929,Charlisse Leger-Walker,away,1,,0,,1684
401856929,Aneesah Morrow,away,2,,0,2098.0,1885|2098
401856930,Nia Coffey,away,3,812.0,1,227.0,45|227|812
401856930,Natasha Cloud,home,3,2086.0,0,743.0,137|743|2086
401856930,Natasha Howard,away,7,1505.0,0,1050.0,271|1050|1505|1505|2097|2106|2106
401856930,Olivia Miles,away,3,1860.0,0,1758.6,315|1759|1860
401856930,Jacy Sheldon,home,3,1452.0,0,1014.0,341|1014|1452
401856930,Elizabeth Williams defensive 3-seconds (technical,home,1,,0,,431
401856930,Liatu King,away,3,1811.0,0,545.6,517|546|1811
401856930,Sydney Taylor,home,5,1961.0,0,1742.1,554|1742|1961|2140|2140
401856930,Emese Hof,away,3,691.0,1,648.0,597|648|691
401856930,Double,home,1,,0,,691
401856930,Kamilla Cardoso,home,4,1354.0,0,1067.0,715|1067|1354|2184
401856930,Courtney Williams,away,3,1078.0,1,881.0,765|881|1078
401856930,Azura Stevens,home,1,,0,,929
401856930,Maya Caldwell,away,3,1852.0,0,1768.4,1169|1768|1852
401856930,Skylar Diggins,home,3,2134.0,0,2044.0,1184|2044|2134
401856930,Kayla McBride,away,1,,0,,1484
401856930,Elizabeth Williams,home,1,,0,,1559
401856930,Gabriela Jaquez,home,3,1949.0,0,1946.0,1566|1946|1949
401856931,Bridget Carleton,away,7,892.0,1,589.1,127|589|892|892|1350|2004|2004
401856931,Marina Mabrey,home,5,306.0,1,306.0,143|306|306|2025|2077
401856931,Laura Juskaite,home,3,1406.0,0,1217.0,175|1217|1406
401856931,Teja Oblak,away,2,,0,1631.0,329|1631
401856931,Brittney Sykes,home,5,1105.0,1,1105.0,408|1105|1105|1888|1888
401856931,Megan Gustafson,away,3,2333.0,0,1515.0,434|1515|2333
401856931,Sarah Ashlee Barker,away,2,,0,1565.0,677|1565
401856931,Emily Engstler,away,4,1078.0,1,1031.0,933|1031|1078|2272
401856931,Lexi Held,home,2,,0,2302.0,948|2302
401856931,Teonni Key,home,2,,0,1457.0,1015|1457
401856931,Nyara Sabally,home,1,,0,,1100
401856931,Kiki Rice,home,2,,0,1832.0,1136|1832
401856931,Nyadiew Puoch,away,2,,0,2040.0,1660|2040
401856931,Luisa Geiselsoder,away,2,,0,1812.0,1812|1812
401856931,Maria Conde,home,2,,0,2226.0,1853|2226
401856931,Serah Williams,away,2,,0,2127.0,2060|2127
401856931,Carla Leite,away,2,,0,2182.0,2182|2182
401856931,Nikolina Milic,home,2,,0,2191.0,2191|2191
401856931,Kia Nurse,home,1,,0,,2327
401856932,Erica Wheeler,away,2,,0,2041.0,28|2041
401856932,Kelsey Plum,away,4,987.0,1,874.0,210|874|987|1292
401856932,Emma Cannon,away,1,,0,,287
401856932,Jewell Loyd,home,4,1421.0,0,1421.0,305|1421|1421|2370
401856932,Rae Burrell,away,2,,0,471.0,471|471
401856932,Brianna Turner,home,2,,0,539.0,496|539
401856932,Cameron Brink,away,9,1137.0,1,1137.0,510|1137|1137|1501|1635|1635|1891|1891|1944
401856932,Kate Martin,away,1,,0,,568
401856932,Jackie Young,home,5,1082.0,1,888.0,840|888|1082|1340|1815
401856932,Jihyun Park,away,2,,0,1779.3,966|1779
401856932,Dearica Hamby,away,6,1748.1,0,1350.0,1034|1350|1748|1938|2304|2376
401856932,Chennedy Carter,home,3,2361.0,0,1592.0,1050|1592|2361
401856932,A'ja Wilson,home,2,,0,1125.0,1125|1125
401856932,NaLyssa Smith,home,2,,0,1211.0,1211|1211
401856932,Stephanie Talbot,home,2,,0,2380.6,1277|2381
401856932,Chelsea Gray,home,3,2018.0,0,1923.0,1684|1923|2018
401856932,Ariel Atkins,away,1,,0,,2060
401856933,Jordin Canada,home,4,1108.0,1,599.8,127|600|1108|1899
401856933,Noemie Brochant,away,1,,0,,144
401856933,Alyssa Thomas,away,2,,0,2230.0,145|2230
401856933,Rhyne Howard,home,5,206.0,1,206.0,169|206|206|206|418
401856933,Kahleah Copper,away,3,1886.0,0,300.0,300|300|1886
401856933,Kyara Linskens,away,1,,0,,437
401856933,Madina Okot,home,4,1633.0,0,614.0,572|614|1633|1633
401856933,Jovana Nogic,away,4,1491.0,0,987.0,707|987|1491|1821
401856933,Natasha Mack,away,5,737.0,1,737.0,722|737|737|831|1431
401856933,Te-Hina Paopao,home,1,,0,,768
401856933,Angel Reese,home,6,2176.0,0,1886.0,960|1886|2176|2234|2234|2396
401856933,Allisha Gray,home,1,,0,,1119
401856933,Noemie Brochant defensive 3-seconds (technical,away,1,,0,,1530
401856933,Kiana Williams,away,3,2337.0,0,1638.0,1536|1638|2337
401856933,Kahleah Copper personal,away,1,,0,,2385
401856933,Noemie Brochant personal,away,1,,0,,2392
401856934,Marine Johannes,home,3,2077.0,0,810.0,266|810|2077
401856934,Alanna Smith,away,3,1746.6,0,977.0,379|977|1747
401856934,Anneli Maley,home,4,2160.0,0,1986.0,569|1986|2160|2230
401856934,Azzi Fudd,away,3,2203.0,0,1709.0,704|1709|2203
401856934,Breanna Stewart,home,1,,0,,839
401856934,Pauline Astier,home,1,,0,,934
401856934,Maddy Siegrist,away,1,,0,,1037
401856934,Paige Bueckers,away,4,1395.0,0,1144.2,1112|1144|1395|2172
401856934,Satou Sabally,home,4,1828.0,0,1343.0,1333|1343|1828|1926
401856934,Arike Ogunbowale,away,3,1583.0,0,1583.0,1452|1583|1583
401856934,Sabrina Ionescu,home,2,,0,2052.0,1540|2052
401856934,Jessica Shepard,away,4,2003.0,0,1940.0,1594|1940|2003|2003
401856934,Jonquel Jones,home,3,1995.0,0,1788.5,1671|1788|1995
401856935,Michaela Onyenwere,away,4,1423.0,0,1377.0,38|1377|1423|1966
401856935,Jordan Horston,home,3,1870.0,0,1844.0,77|1844|1870
401856935,Natisha Hiedeman,home,3,1768.0,0,1176.5,102|1176|1768
401856935,Lauren Betts,away,3,1581.0,0,1581.0,201|1581|1581
401856935,Stefanie Dolson,home,5,2145.0,0,1225.0,221|1225|2145|2267|2298
401856935,Cotie McMahon,away,4,935.0,1,761.0,390|761|935|941
401856935,Awa Fam,home,5,1136.0,1,1136.0,464|1136|1136|1444|2025
401856935,Kiki Iriafen,away,2,,0,1700.0,501|1700
401856935,Shakira Austin,away,3,2109.0,0,1976.0,566|1976|2109
401856935,Georgia Amoore,away,6,1283.0,0,1242.0,701|1242|1283|1855|2155|2180
401856935,Flau'jae Johnson,home,4,1798.4,0,1369.0,727|1369|1798|2399
401856935,Rori Harmon,away,1,,0,,786
401856935,Mackenzie Holmes,home,3,1935.0,0,1883.0,999|1883|1935
401856935,Sonia Citron,away,2,,0,1910.0,1213|1910
401856935,Jade Melbourne,home,4,1476.0,0,1447.0,1433|1447|1476|2361
401856935,Cassandre Prosper,away,2,,0,1763.2,1730|1763
401856935,Lexie Brown,home,1,,0,,1959
401856935,Zia Cooke,home,1,,0,,1993
401856936,Satou Sabally,home,2,,0,517.0,104|517
401856936,Nyadiew Puoch,away,2,,0,1334.0,121|1334
401856936,Jonquel Jones,home,5,1364.0,0,791.0,159|791|1364|1946|2216
401856936,Sarah Ashlee Barker,away,2,,0,988.0,280|988
401856936,Breanna Stewart,home,3,1027.0,1,803.0,317|803|1027
401856936,Megan Gustafson,away,4,1568.0,0,978.0,326|978|1568|1630
401856936,Teja Oblak,away,3,2154.0,0,1503.0,332|1503|2154
401856936,Pauline Astier,home,6,1468.0,0,1279.0,344|1279|1468|1778|1778|2330
401856936,Serah Williams,away,2,,0,904.0,508|904
401856936,Luisa Geiselsoder,away,3,2370.4,0,1094.0,628|1094|2370
401856936,Rebekah Gardner,home,1,,0,,768
401856936,Chris DeMarco,home,1,,0,,1158
401856936,Carla Leite,away,1,,0,,1343
401856936,Rebecca Allen,home,1,,0,,1348
401856936,Bridget Carleton,away,3,2283.0,0,1742.8,1660|1743|2283
401856936,Anneli Maley,home,1,,0,,1729
401856936,Emily Engstler,away,2,,0,2342.9,2283|2343
401856936,Rebecca Allen personal,home,2,,0,2394.9,2390|2395
401856937,Diamond Miller,away,2,,0,258.0,44|258
401856937,Kiah Stokes,home,4,858.0,1,110.0,61|110|858|1351
401856937,Gianna Kneepkens,away,2,,0,732.0,188|732
401856937,Laeticia Amihere,home,1,,0,,206
401856937,Aaliyah Edwards,away,2,,0,1081.0,230|1081
401856937,Kayla Thornton,home,4,909.0,1,771.0,243|771|909|909
401856937,Saniya Rivers,away,4,1739.0,0,1542.0,326|1542|1739|2069
401856937,Cecilia Zandalasini,home,1,,0,,344
401856937,Olivia Nelson-Ododa,away,7,538.0,1,538.0,356|538|538|1166|1635|1688|2278
401856937,Veronica Burton,home,3,1449.0,0,868.0,557|868|1449
401856937,Raegan Beers,away,4,717.0,1,717.0,568|717|717|1855
401856937,Charlisse Leger-Walker,away,4,1883.0,0,804.0,732|804|1883|2266
401856937,Janelle Salaun,home,5,1654.0,0,1464.0,944|1464|1654|1800|2363
401856937,Tiffany Hayes,home,2,,0,1947.0,1041|1947
401856937,Nell Angloma,away,2,,0,1933.0,1054|1933
401856937,Aneesah Morrow,away,2,,0,1799.6,1721|1800
401856937,Kaitlyn Chen,home,3,2257.0,0,2027.0,1977|2027|2257
401856937,Ndjakalenga Mwenentanda,home,1,,0,,2128
401856937,Juste Jocyte,home,2,,0,2349.4,2132|2349
401856938,Leonie Fiebich defensive 3-seconds (technical,home,1,,0,,119
401856938,Marine Johannes,home,4,1158.6,1,768.0,167|768|1159|1526
401856938,Monique Akoa Makani,away,2,,0,1860.0,237|1860
401856938,Valeriane Ayayi,away,2,,0,1765.2,476|1765
401856938,Leonie Fiebich,home,5,787.0,1,787.0,575|787|787|1967|1967
401856938,Betnijah Laney-Hamilton,home,3,2127.0,0,734.0,650|734|2127
401856938,DeWanna Bonner,away,6,1655.0,0,1655.0,817|1655|1655|1721|1745|2261
401856938,Rebekah Gardner,home,3,1532.0,0,940.0,917|940|1532
401856938,Rebecca Allen,home,1,,0,,973
401856938,Alyssa Thomas,away,5,1748.1,0,1748.1,983|1748|1748|1904|2061
401856938,Noemie Brochant,away,2,,0,1020.0,990|1020
401856938,Kyara Linskens,away,3,1687.0,0,1687.0,1050|1687|1687
401856938,Breanna Stewart,home,2,,0,1307.0,1085|1307
401856938,Pauline Astier,home,2,,0,2272.0,1315|2272
401856938,Kahleah Copper,away,3,2250.0,0,1661.0,1551|1661|2250
401856938,Natasha Mack,away,1,,0,,1752
401856938,Han Xu,home,1,,0,,2023
401856938,Raquel Carrera,home,1,,0,,2345
401856939,Laura Juskaite,away,5,814.0,1,71.0,56|71|814|2142|2314
401856939,Jacy Sheldon,home,3,1400.0,0,266.0,97|266|1400
401856939,Azura Stevens,home,2,,0,796.0,163|796
401856939,Kiki Rice,away,4,1677.0,0,1089.0,188|1089|1677|1905
401856939,Maria Conde,away,3,1499.0,0,1431.0,391|1431|1499
401856939,Rachel Banham,home,3,1744.4,0,458.0,410|458|1744
401856939,Aicha Coulibaly,home,3,2028.0,0,961.0,512|961|2028
401856939,Natasha Cloud,home,5,1374.0,0,606.0,600|606|1374|1507|1693
401856939,Sydney Taylor,home,1,,0,,732
401856939,Kamilla Cardoso,home,2,,0,1606.0,791|1606
401856939,Kia Nurse,away,1,,0,,810
401856939,Marina Mabrey,away,5,1413.0,0,944.0,908|944|1413|1424|2096
401856939,Teonni Key,away,3,1663.0,0,1047.0,1008|1047|1663
401856939,Nyara Sabally,away,4,1736.0,0,1352.0,1230|1352|1736|2018
401856939,Elizabeth Williams,home,1,,0,,1893
401856939,Skylar Diggins,home,1,,0,,2202
401856939,Elizabeth Williams personal,home,1,,0,,2369
401856939,Skylar Diggins personal,home,1,,0,,2370
401856939,Jacy Sheldon personal,home,1,,0,,2397
401856940,Angel Reese,away,2,,0,712.0,235|712
401856940,Olivia Miles,home,4,1432.0,0,1291.0,372|1291|1432|2030
401856940,Liatu King,home,1,,0,,554
401856940,Anastasiia Olairi Kosu,home,3,2329.0,0,644.0,644|644|2329
401856940,Allisha Gray,away,4,1356.0,0,1335.0,746|1335|1356|1821
401856940,Naz Hillmon,away,1,,0,,956
401856940,Nia Coffey,home,2,,0,1192.9,1027|1193
401856940,Rhyne Howard,away,3,1879.0,0,1127.0,1127|1127|1879
401856940,Natasha Howard,home,5,1999.0,0,1761.3,1152|1761|1999|1999|2294
401856940,Kayla McBride,home,1,,0,,1451
401856940,Sika Kone,away,1,,0,,1534
401856940,Courtney Williams,home,1,,0,,1965
401856940,Maya Caldwell,home,1,,0,,2325
401856941,Carla Leite,home,3,2340.1,0,1157.7,76|1158|2340
401856941,Nyadiew Puoch,home,3,1342.0,0,545.2,139|545|1342
401856941,Sarah Ashlee Barker,home,4,1609.0,0,298.0,257|298|1609|2335
401856941,Hailey Van Lith,away,3,659.0,1,566.4,370|566|659
401856941,Megan Gustafson,home,3,1399.0,0,1029.0,472|1029|1399
401856941,Nell Angloma,away,2,,0,735.0,600|735
401856941,Kennedy Burke,away,2,,0,756.0,620|756
401856941,Luisa Geiselsoder,home,3,1886.0,0,1886.0,672|1886|1886
401856941,Aneesah Morrow,away,3,2366.2,0,2172.0,859|2172|2366
401856941,Teja Oblak,home,2,,0,2229.0,874|2229
401856941,Raegan Beers,away,3,2032.0,0,1778.9,982|1779|2032
401856941,Diamond Miller,away,4,2332.0,0,2265.0,1045|2265|2332|2346
401856941,Charlisse Leger-Walker,away,4,1730.0,0,1279.0,1182|1279|1730|2294
401856941,Olivia Nelson-Ododa,away,1,,0,,1383
401856941,Bridget Carleton,home,2,,0,1386.0,1386|1386
401856941,Karlie Samuelson,home,1,,0,,1523
401856941,Serah Williams,home,1,,0,,1744
401856941,Gianna Kneepkens,away,1,,0,,1871
401856941,Emily Engstler,home,1,,0,,1916
401856942,Michaela Onyenwere,away,3,1701.0,0,115.0,67|115|1701
401856942,Kiki Iriafen,away,5,1721.0,0,1337.0,99|1337|1721|1844|1905
401856942,Natisha Hiedeman,home,1,,0,,135
401856942,Jade Melbourne,home,2,,0,2128.0,293|2128
401856942,Mackenzie Holmes,home,5,1659.0,0,302.0,302|302|1659|1659|2333
401856942,Awa Fam,home,5,982.0,1,982.0,309|982|982|996|1684
401856942,Alicia Florez Getino,away,4,1449.0,0,836.0,364|836|1449|1747
401856942,Georgia Amoore,away,3,2041.0,0,1072.0,435|1072|2041
401856942,Cassandre Prosper,away,4,1082.0,1,1076.0,464|1076|1082|1572
401856942,Flau'jae Johnson,home,3,1797.6,0,1394.0,797|1394|1798
401856942,Zia Cooke,home,2,,0,1114.0,1038|1114
401856942,Katie Lou Samuelson,home,1,,0,,1106
401856942,Stefanie Dolson,home,2,,0,1733.0,1360|1733
401856942,Jordan Horston,home,3,1865.0,0,1471.0,1440|1471|1865
401856942,Lauren Betts,away,1,,0,,1830
401856942,Cotie McMahon,away,1,,0,,1991
401856942,Sonia Citron,away,1,,0,,2082
401856942,Angela Dugalic,away,2,,0,2225.0,2225|2225
401856943,Maddy Siegrist,home,2,,0,1294.0,85|1294
401856943,NaLyssa Smith,away,4,1517.0,0,1366.0,219|1366|1517|2336
401856943,Paige Bueckers,home,2,,0,1682.0,262|1682
401856943,Arike Ogunbowale,home,3,487.0,1,487.0,275|487|487
401856943,Azzi Fudd,home,1,,0,,366
401856943,Aziaha James,home,1,,0,,470
401856943,Cheyenne Parker-Tyus,away,3,618.0,1,595.1,511|595|618
401856943,Chelsea Gray,away,3,1466.0,0,921.0,631|921|1466
401856943,Jessica Shepard,home,4,2319.0,0,1354.0,631|1354|2319|2358
401856943,Alysha Clark,home,5,820.0,1,810.0,810|810|820|1721|2123
401856943,Jackie Young,away,2,,0,1613.0,1108|1613
401856943,Chennedy Carter,away,2,,0,1588.0,1552|1588
401856943,Awak Kuier,home,1,,0,,1566
401856943,Kierstan Bell,away,1,,0,,1711
401856943,Jewell Loyd,away,1,,0,,2379
401856944,Lexie Hull,away,3,1643.0,0,1359.0,78|1359|1643
401856944,Caitlin Clark,away,4,1196.9,1,910.0,102|910|1197|1909
401856944,Kaila Charles,home,1,,0,,131
401856944,Veronica Burton,home,5,2073.0,0,1833.0,289|1833|2073|2375|2375
401856944,Cecilia Zandalasini,home,1,,0,,390
401856944,Kelsey Mitchell,away,5,2227.0,0,1046.0,427|1046|2227|2258|2384
401856944,Laeticia Amihere,home,3,1623.0,0,1597.0,613|1597|1623
401856944,Tiffany Hayes,home,3,1093.0,1,680.0,642|680|1093
401856944,Aliyah Boston,away,5,685.0,1,685.0,653|685|685|1994|2260
401856944,Monique Billings,away,2,,0,1403.0,660|1403
401856944,Kaitlyn Chen,home,1,,0,,749
401856944,Makayla Timpson,away,3,1982.0,0,1128.0,1071|1128|1982
401856944,Sophie Cunningham,away,2,,0,1597.0,1077|1597
401856944,Kayla Thornton,home,2,,0,1364.0,1146|1364
401856944,Kiah Stokes,home,1,,0,,1295
401856944,Janelle Salaun,home,2,,0,1744.0,1577|1744
401856944,Juste Jocyte,home,1,,0,,1672
401856944,Gabby Williams,home,1,,0,,1925
401856944,Myisha Hines-Allen,away,1,,0,,1943
401856944,Raven Johnson,away,1,,0,,2119
401856945,Kahleah Copper,away,3,1355.0,0,928.0,36|928|1355
401856945,Marine Johannes,home,4,1395.0,0,763.0,182|763|1395|1741
401856945,Rebekah Gardner,home,2,,0,891.0,352|891
401856945,Jovana Nogic,away,2,,0,1032.0,369|1032
401856945,DeWanna Bonner,away,2,,0,1950.0,523|1950
401856945,Jonquel Jones defensive 3-seconds (technical,home,1,,0,,616
401856945,Pauline Astier,home,5,1135.0,1,999.0,641|999|1135|2149|2185
401856945,Monique Akoa Makani,away,4,1808.0,0,1456.0,668|1456|1808|2334
401856945,Alyssa Thomas,away,4,1290.0,0,685.0,685|685|1290|1548
401856945,Leonie Fiebich,home,1,,0,,758
401856945,Rebecca Allen,home,1,,0,,816
401856945,Satou Sabally,home,2,,0,1638.0,945|1638
401856945,Kyara Linskens,away,1,,0,,960
401856945,Han Xu,home,2,,0,988.0,988|988
401856945,Jonquel Jones,home,4,1601.0,0,1498.0,1067|1498|1601|2295
401856945,Betnijah Laney-Hamilton,home,1,,0,,1171
401856945,Noemie Brochant,away,2,,0,1444.0,1240|1444
401856945,Natasha Mack,away,1,,0,,2278
401856945,Monique Akoa Makani personal,away,2,,0,2399.2,2391|2399
401856946,Kiki Iriafen,home,4,1223.0,0,176.0,75|176|1223|1383
401856946,Georgia Amoore,home,4,1251.0,0,448.0,144|448|1251|1850
401856946,Shakira Austin,home,6,422.0,1,422.0,276|422|422|917|917|1661
401856946,Nneka Ogwumike,away,3,1869.0,0,1410.0,310|1410|1869
401856946,Cameron Brink,away,7,1035.0,1,1035.0,458|1035|1035|1611|1792|2062|2062
401856946,Michaela Onyenwere,home,3,2311.0,0,2108.0,493|2108|2311
401856946,Erica Wheeler,away,1,,0,,535
401856946,Chance Gray,away,2,,0,1191.9,591|1192
401856946,Cotie McMahon,home,2,,0,1081.0,834|1081
401856946,Ariel Atkins,away,7,1241.0,0,1021.0,854|1021|1241|1717|1717|2009|2206
401856946,Alicia Florez Getino,home,2,,0,1630.0,968|1630
401856946,Angela Dugalic,home,3,1411.0,0,1392.0,1127|1392|1411
401856946,Rae Burrell,away,5,1365.0,0,1301.0,1210|1301|1365|2150|2150
401856946,Sonia Citron,home,1,,0,,1597
401856946,Cassandre Prosper,home,3,1792.2,0,1792.2,1649|1792|1792
401856946,Ta'Niya Latson,away,3,1686.0,0,1686.0,1660|1686|1686
401856946,Dearica Hamby,away,2,,0,2273.0,2234|2273
401856946,Sonia Citron personal,home,1,,0,,2384
401856946,Alicia Florez Getino personal,home,1,,0,,2396
401856947,Courtney Williams,away,4,1562.0,0,229.0,109|229|1562|2181
401856947,Azura Stevens,home,1,,0,,128
401856947,Skylar Diggins,home,4,2137.0,0,424.0,294|424|2137|2164
401856947,Teaira McCowan,away,4,1793.5,0,430.0,430|430|1794|1794
401856947,Rachel Banham,home,1,,0,,505
401856947,Olivia Miles,away,2,,0,1233.0,572|1233
401856947,Natasha Cloud,home,3,2007.0,0,851.0,641|851|2007
401856947,Liatu King,away,4,1589.0,0,761.0,761|761|1589|2373
401856947,Natasha Howard,away,3,2124.0,0,1545.0,892|1545|2124
401856947,Jacy Sheldon,home,4,1335.0,0,1306.0,926|1306|1335|1569
401856947,Kayla McBride,away,2,,0,1519.0,1226|1519
401856947,Kamilla Cardoso,home,3,2226.0,0,1505.0,1372|1505|2226
401856947,Sydney Taylor,home,3,2194.0,0,1695.0,1639|1695|2194
401856947,Anastasiia Olairi Kosu,away,1,,0,,1931
401856948,Allisha Gray,away,1,,0,,45
401856948,Emily Engstler,home,4,1360.0,0,957.0,162|957|1360|1464
401856948,Luisa Geiselsoder,home,5,1329.0,0,1329.0,178|1329|1329|1843|2111
401856948,Angel Reese,away,4,1322.0,0,223.0,223|223|1322|2194
401856948,Rhyne Howard,away,3,936.0,1,571.6,268|572|936
401856948,Sika Kone,away,1,,0,,357
401856948,Jordin Canada,away,2,,0,1775.5,385|1776
401856948,Sarah Ashlee Barker,home,1,,0,,458
401856948,Serah Williams,home,6,733.0,1,733.0,543|733|733|798|1587|1822
401856948,Nyadiew Puoch,home,2,,0,1347.0,551|1347
401856948,Carla Leite,home,3,1172.6,1,710.0,666|710|1173
401856948,Madina Okot,away,1,,0,,946
401856948,Megan Gustafson,home,2,,0,2040.0,971|2040
401856948,Karlie Samuelson,home,2,,0,1487.0,1429|1487
401856948,Naz Hillmon,away,2,,0,1996.0,1552|1996
401856948,Indya Nivar,away,1,,0,,2261
401856949,Kiki Rice,home,3,1570.0,0,1328.0,140|1328|1570
401856949,Mackenzie Holmes,away,3,2341.6,0,871.0,323|871|2342
401856949,Laura Juskaite,home,4,2081.0,0,1935.0,440|1935|2081|2081
401856949,Awa Fam,away,4,885.0,1,885.0,478|885|885|1664
401856949,Lexie Brown,away,2,,0,1707.0,686|1707
401856949,Flau'jae Johnson,away,2,,0,2007.0,823|2007
401856949,Natisha Hiedeman,away,2,,0,1687.0,893|1687
401856949,Stefanie Dolson,away,3,1793.9,0,1415.0,1065|1415|1794
401856949,Brittney Sykes,home,3,2359.1,0,1349.0,1081|1349|2359
401856949,Julie Allemand,home,2,,0,1614.0,1085|1614
401856949,Jade Melbourne,away,3,2027.0,0,1385.0,1349|1385|2027
401856949,Maria Conde,home,1,,0,,1520
401856949,Nyara Sabally,home,1,,0,,1681
401856949,Katie Lou Samuelson,away,1,,0,,2111
401856949,Zia Cooke,away,1,,0,,2308
401856949,Teonni Key,home,1,,0,,2375
401856950,Diamond Miller,home,3,2238.0,0,1345.0,84|1345|2238
401856950,Erica Wheeler,away,5,1189.3,1,140.0,140|140|1189|1189|2199
401856950,Aneesah Morrow,home,4,815.0,1,182.0,182|182|815|1281
401856950,Leila Lacan,home,4,827.0,1,688.0,242|688|827|1275
401856950,Dearica Hamby,away,2,,0,1543.0,278|1543
401856950,Saniya Rivers,home,2,,0,886.0,347|886
401856950,Ta'Niya Latson,away,1,,0,,364
401856950,Ariel Atkins,away,5,1854.0,0,1333.0,395|1333|1854|1942|2292
401856950,Olivia Nelson-Ododa,home,4,1960.0,0,1252.0,507|1252|1960|2077
401856950,Cameron Brink,away,5,1009.0,1,519.0,519|519|1009|1478|1478
401856950,Brittney Griner,home,2,,0,680.0,680|680
401856950,Nell Angloma,home,2,,0,1659.0,716|1659
401856950,Kennedy Burke,home,1,,0,,723
401856950,Kate Martin,away,3,1794.8,0,1707.0,806|1707|1795
401856950,Charlisse Leger-Walker,home,2,,0,1454.0,1080|1454
401856950,Gianna Kneepkens,home,2,,0,1153.1,1139|1153
401856950,Raegan Beers,home,7,1565.0,0,1519.0,1519|1519|1565|1906|2062|2092|2092
401856950,Rae Burrell,away,1,,0,,1650
401856950,Chance Gray,away,2,,0,2027.0,1672|2027
401856950,Nneka Ogwumike,away,1,,0,,1994
401856950,Nneka Ogwumike personal,away,1,,0,,2388
401856950,Rae Burrell personal,away,1,,0,,2393
401856951,Monique Billings,away,1,,0,,171
401856951,Caitlin Clark,away,5,1092.0,1,432.0,210|432|1092|1319|1758
401856951,Myisha Hines-Allen,away,2,,0,265.0,220|265
401856951,Raven Johnson,away,6,812.0,1,776.0,255|776|812|1391|1989|1999
401856951,Frieda Buhner,home,3,1509.0,0,797.0,280|797|1509
401856951,Sophie Cunningham,away,4,908.0,1,908.0,296|908|908|1425
401856951,Bridget Carleton,home,3,1751.6,0,1001.0,337|1001|1752
401856951,Teja Oblak,home,2,,0,1195.4,453|1195
401856951,Makayla Timpson,away,4,2061.0,0,453.0,453|453|2061|2066
401856951,Nyadiew Puoch,home,3,2323.0,0,581.3,513|581|2323
401856951,Megan Gustafson,home,4,1728.0,0,747.0,516|747|1728|1901
401856951,Carla Leite,home,3,786.0,1,747.0,625|747|786
401856951,Sarah Ashlee Barker,home,4,1930.0,0,1750.6,831|1751|1930|2278
401856951,Luisa Geiselsoder,home,1,,0,,986
401856951,Aliyah Boston,away,3,1736.0,0,1718.0,1075|1718|1736
401856951,Lexie Hull,away,1,,0,,1259
401856951,Emily Engstler,home,3,2250.0,0,1791.7,1332|1792|2250
401856951,Double,away,1,,0,,2007
401856952,Chelsea Gray,away,5,1856.0,0,738.0,329|738|1856|2133|2133
401856952,Laeticia Amihere,home,1,,0,,353
401856952,Kaila Charles,home,2,,0,1560.0,440|1560
401856952,Janelle Salaun,home,3,1841.0,0,1075.0,527|1075|1841
401856952,Tiffany Hayes,home,2,,0,1735.0,567|1735
401856952,Stephanie Talbot,away,5,1511.0,0,801.0,574|801|1511|1911|2318
401856952,Kiah Stokes,home,2,,0,2033.0,688|2033
401856952,NaLyssa Smith,away,4,1396.0,0,826.0,795|826|1396|1396
401856952,A'ja Wilson,away,4,2199.0,0,892.0,892|892|2199|2199
401856952,Kayla Thornton,home,4,2305.0,0,1266.0,1067|1266|2305|2372
401856952,Gabby Williams,home,3,2186.0,0,2186.0,1164|2186|2186
401856952,Veronica Burton,home,5,1483.0,0,1337.0,1337|1337|1483|2075|2079
401856952,Cecilia Zandalasini,home,1,,0,,1546
401856952,Kierstan Bell,away,1,,0,,1584
401856952,Brianna Turner,away,2,,0,1888.0,1696|1888
401856952,Jackie Young,away,1,,0,,2356
401856953,Azzi Fudd,home,1,,0,,274
401856953,Stefanie Dolson,away,5,1418.0,0,1277.0,383|1277|1418|2040|2040
401856953,Alanna Smith,home,5,489.0,1,489.0,447|489|489|560|1861
401856953,Jade Melbourne,away,6,1859.0,0,1690.0,465|1690|1859|2168|2258|2280
401856953,Awa Fam,away,3,1577.0,0,475.0,475|475|1577
401856953,Mackenzie Holmes,away,1,,0,,528
401856953,Aziaha James,home,3,1912.0,0,1795.6,633|1796|1912
401856953,Alysha Clark,home,4,2152.0,0,711.0,676|711|2152|2181
401856953,Flau'jae Johnson,away,6,2011.0,0,825.0,689|825|2011|2116|2192|2360
401856953,Paige Bueckers,home,1,,0,,953
401856953,Natisha Hiedeman,away,1,,0,,1077
401856953,Maddy Siegrist,home,1,,0,,1353
401856953,Jordan Horston,away,1,,0,,2110
401856953,Li Yueru,home,1,,0,,2292
401856953,Zia Cooke,away,2,,0,2329.0,2329|2329
401856954,Natasha Mack,home,2,,0,206.0,145|206
401856954,Kayla McBride,away,2,,0,1055.0,300|1055
401856954,Olivia Miles,away,4,1535.0,0,1116.0,351|1116|1535|1763
401856954,Courtney Williams,away,2,,0,2135.0,395|2135
401856954,Anastasiia Olairi Kosu,away,2,,0,2142.0,527|2142
401856954,Alyssa Thomas,home,1,,0,,571
401856954,Maya Caldwell,away,2,,0,702.0,583|702
401856954,Lexi Held,home,1,,0,,592
401856954,Teaira McCowan,away,9,1745.0,0,756.0,694|756|1745|1745|2037|2037|2232|2297|2358
401856954,Antonia Delaere,away,2,,0,905.0,764|905
401856954,Nia Coffey,away,1,,0,,954
401856954,Monique Akoa Makani,home,2,,0,1345.0,1157|1345
401856954,Kahleah Copper,home,1,,0,,1397
401856954,Natasha Howard,away,1,,0,,1653
401856954,Jovana Nogic,home,1,,0,,1686
401856954,Kyara Linskens,home,2,,0,1963.0,1711|1963
401856954,Valeriane Ayayi,home,2,,0,2270.0,2212|2270
401856955,Leila Lacan,away,3,898.0,1,424.0,175|424|898
401856955,Naz Hillmon,home,4,676.0,1,569.6,229|570|676|2049
401856955,Allisha Gray,home,3,1457.0,0,922.0,260|922|1457
401856955,Angel Reese,home,3,533.0,1,425.0,321|425|533
401856955,Madina Okot,home,5,1055.0,1,364.0,339|364|1055|1695|1725
401856955,Aneesah Morrow defensive 3-seconds (technical,away,1,,0,,468
401856955,Gianna Kneepkens,away,1,,0,,529
401856955,Nell Angloma,away,2,,0,742.0,546|742
401856955,Olivia Nelson-Ododa,away,2,,0,1770.7,611|1771
401856955,Aneesah Morrow,away,1,,0,,896
401856955,Diamond Miller,away,4,1436.0,0,1274.0,965|1274|1436|2296
401856955,Charlisse Leger-Walker,away,1,,0,,1043
401856955,Jordin Canada,home,4,2149.0,0,2121.0,1293|2121|2149|2286
401856955,Rhyne Howard,home,1,,0,,1487
401856955,Kennedy Burke,away,3,1789.0,0,1789.0,1605|1789|1789
401856955,Brittney Griner,away,2,,0,2087.0,1937|2087
401856955,Indya Nivar,home,1,,0,,2383
401856956,Natasha Cloud,away,6,1414.0,0,168.0,113|168|1414|1429|1947|2034
401856956,Georgia Amoore,home,4,1442.0,0,216.0,121|216|1442|1914
401856956,Azura Stevens,away,4,1330.0,0,1196.9,207|1197|1330|1458
401856956,Cassandre Prosper,home,2,,0,235.0,235|235
401856956,Shakira Austin,home,1,,0,,316
401856956,Sydney Taylor,away,2,,0,1510.0,389|1510
401856956,Jacy Sheldon,away,3,1788.8,0,399.0,399|399|1789
401856956,Lauren Betts,home,2,,0,1615.0,530|1615
401856956,Michaela Onyenwere,home,2,,0,591.3,591|591
401856956,Kamilla Cardoso,away,4,1099.0,1,962.0,685|962|1099|2048
401856956,Skylar Diggins,away,2,,0,1270.0,748|1270
401856956,Cotie McMahon,home,2,,0,1442.0,805|1442
401856956,Elizabeth Williams,away,1,,0,,927
401856956,Alicia Florez Getino,home,2,,0,1988.0,1038|1988
401856956,Rachel Banham,away,1,,0,,1132
401856956,Kiki Iriafen,home,2,,0,2231.0,1214|2231
401856956,Saylor Poffenbarger,away,1,,0,,1730
401856956,Angela Dugalic,home,2,,0,2149.0,2121|2149
401856957,Veronica Burton,home,2,,0,2011.0,85|2011
401856957,Emily Engstler,away,3,1858.0,0,456.0,116|456|1858
401856957,Nyadiew Puoch,away,1,,0,,127
401856957,Cecilia Zandalasini,home,2,,0,2214.0,214|2214
401856957,Luisa Geiselsoder,away,2,,0,356.0,356|356
401856957,Karlie Samuelson,away,3,1568.0,0,1568.0,420|1568|1568
401856957,Bridget Carleton,away,4,994.0,1,738.0,579|738|994|1240
401856957,Carla Leite,away,2,,0,1120.0,706|1120
401856957,Tiffany Hayes,home,2,,0,2005.0,751|2005
401856957,Kaitlyn Chen,home,1,,0,,755
401856957,Megan Gustafson,away,3,2073.0,0,941.0,901|941|2073
401856957,Kiah Stokes,home,2,,0,1294.0,959|1294
401856957,Kayla Thornton,home,2,,0,1491.0,1141|1491
401856957,Sarah Ashlee Barker,away,1,,0,,1147
401856957,Gabby Williams,home,1,,0,,1360
401856957,Janelle Salaun,home,2,,0,1879.0,1511|1879
401856957,Serah Williams,away,1,,0,,1596
401856957,Kaila Charles,home,2,,0,2328.0,1737|2328
401856958,Erica Wheeler,home,5,1151.4,1,248.0,178|248|1151|2276|2300
401856958,Chelsea Gray,away,2,,0,719.0,230|719
401856958,NaLyssa Smith,away,7,341.0,1,258.0,258|258|341|341|975|1463|2232
401856958,Jackie Young,away,3,2207.0,0,2100.0,298|2100|2207
401856958,A'ja Wilson,away,2,,0,315.0,315|315
401856958,Kierstan Bell,away,2,,0,1742.4,566|1742
401856958,Cheyenne Parker-Tyus,away,7,787.0,1,579.9,580|580|787|815|1772|1872|2084
401856958,Stephanie Talbot,away,4,1347.0,0,1294.0,613|1294|1347|2309
401856958,Jihyun Park,home,1,,0,,624
401856958,Dearica Hamby,home,3,1498.0,0,1235.0,683|1235|1498
401856958,Ariel Atkins,home,2,,0,1115.0,825|1115
401856958,Nneka Ogwumike,home,2,,0,2283.0,1430|2283
401856958,Brianna Turner,away,1,,0,,1684
401856958,Cameron Brink,home,3,2040.0,0,1945.0,1912|1945|2040
401856958,Double,away,1,,0,,2300
401856959,Laura Juskaite,away,5,1708.0,0,1434.0,98|1434|1708|1749|1862
401856959,Breanna Stewart,home,1,,0,,159
401856959,Marina Mabrey,away,2,,0,816.0,270|816
401856959,Pauline Astier,home,4,1503.0,0,1286.0,494|1286|1503|2115
401856959,Satou Sabally,home,2,,0,1629.0,578|1629
401856959,Julie Allemand,away,2,,0,1655.0,638|1655
401856959,Brittney Sykes,away,2,,0,1469.0,742|1469
401856959,Marine Johannes,home,3,2349.0,0,2157.0,1148|2157|2349
401856959,Leonie Fiebich,home,2,,0,1155.1,1155|1155
401856959,Kiki Rice,away,1,,0,,1391
401856959,Jonquel Jones,home,2,,0,1942.0,1442|1942
401856959,Maria Conde,away,1,,0,,1619
401856959,Teonni Key,away,1,,0,,2149
401856959,Nyara Sabally,away,3,2248.0,0,2224.0,2184|2224|2248
401856960,Kahleah Copper,away,2,,0,2314.0,22|2314
401856960,Stefanie Dolson,home,3,1969.0,0,732.0,164|732|1969
401856960,Noemie Brochant,away,2,,0,1553.0,226|1553
401856960,Mackenzie Holmes,home,2,,0,1743.7,281|1744
401856960,Natasha Mack,away,1,,0,,293
401856960,Awa Fam,home,3,2373.5,0,1374.0,521|1374|2374
401856960,Jordan Horston,home,1,,0,,569
401856960,Flau'jae Johnson,home,2,,0,1042.0,636|1042
401856960,Monique Akoa Makani,away,4,1162.1,1,1162.1,648|1162|1162|1208
401856960,Valeriane Ayayi,away,1,,0,,695
401856960,Jade Melbourne,home,3,2395.5,0,1866.0,709|1866|2396
401856960,DeWanna Bonner,away,2,,0,2018.0,815|2018
401856960,Natisha Hiedeman,home,2,,0,2241.0,858|2241
401856960,Jovana Nogic,away,1,,0,,946
401856960,Alyssa Thomas,away,3,1654.0,0,1654.0,1394|1654|1654
401856960,Katie Lou Samuelson,home,1,,0,,1737
401856960,Lexi Held,away,1,,0,,2178
401856960,Zia Cooke,home,1,,0,,2383
401856961,Caitlin Clark,home,4,1527.0,0,761.0,118|761|1527|1903
401856961,Aliyah Boston,home,6,2038.0,0,893.0,178|893|2038|2073|2073|2305
401856961,Angel Reese,away,5,425.0,1,205.0,205|205|425|2151|2184
401856961,Naz Hillmon,away,2,,0,1597.0,245|1597
401856961,Jordin Canada,away,6,1270.0,0,1023.0,335|1023|1270|2085|2225|2322
401856961,Makayla Timpson,home,4,540.4,1,415.0,415|415|540|573
401856961,Rhyne Howard,away,2,,0,1405.0,836|1405
401856961,Allisha Gray,away,3,2068.0,0,2027.0,935|2027|2068
401856961,Raven Johnson,home,2,,0,2190.0,1034|2190
401856961,Monique Billings,home,2,,0,1303.0,1227|1303
401856961,Myisha Hines-Allen,home,5,2121.0,0,2104.0,1762|2104|2121|2125|2393
401856961,Isobel Borlase,away,1,,0,,2286
401856961,Madina Okot,away,1,,0,,2354
401856961,Sophie Cunningham,home,1,,0,,2370
401856962,Natasha Howard,home,4,1034.0,1,1034.0,51|1034|1034|2336
401856962,Cecilia Zandalasini,away,2,,0,333.0,247|333
401856962,Olivia Miles,home,5,1448.0,0,784.0,301|784|1448|1956|2117
401856962,Kaila Charles,away,3,1854.0,0,775.0,447|775|1854
401856962,Janelle Salaun,away,5,800.0,1,554.9,555|555|800|1514|1708
401856962,Nia Coffey,home,4,1054.0,1,1054.0,580|1054|1054|1889
401856962,Juste Jocyte,away,1,,0,,614
401856962,Tiffany Hayes,away,2,,0,842.0,807|842
401856962,Teaira McCowan,home,1,,0,,833
401856962,Veronica Burton,away,4,1984.0,0,1114.0,1082|1114|1984|2074
401856962,Courtney Williams,home,2,,0,2312.0,1423|2312
401856962,Kiah Stokes,away,1,,0,,1477
401856962,Maya Caldwell,home,1,,0,,2129
401856962,Gabby Williams,away,1,,0,,2212
401856962,Gabby Williams personal,away,1,,0,,2394
401856963,Azura Stevens,home,4,1463.0,0,1310.0,204|1310|1463|1817
401856963,Kamilla Cardoso,home,4,1234.0,0,214.0,214|214|1234|2328
401856963,Aneesah Morrow,away,2,,0,2070.0,241|2070
401856963,Brittney Griner,away,4,741.0,1,359.0,359|359|741|2069
401856963,Sydney Taylor,home,3,1895.0,0,781.0,503|781|1895
401856963,Olivia Nelson-Ododa,away,5,1611.0,0,1163.9,554|1164|1611|1611|1612
401856963,Saniya Rivers,away,2,,0,960.0,644|960
401856963,Rachel Banham,home,5,1145.0,1,685.0,685|685|1145|1304|1717
401856963,Jacy Sheldon,home,3,1557.0,0,1009.0,730|1009|1557
401856963,Skylar Diggins,home,2,,0,807.0,807|807
401856963,Leila Lacan,away,6,1419.0,0,845.0,832|845|1419|1983|2320|2392
401856963,Diamond Miller,away,2,,0,1321.0,1190|1321
401856963,Azura Stevens defensive 3-seconds (technical,home,1,,0,,1340
401856963,Ashlon Jackson,away,1,,0,,1438
401856963,Natasha Cloud,home,3,2389.0,0,1624.0,1464|1624|2389
401856963,Charlisse Leger-Walker,away,1,,0,,1760
401856963,Elizabeth Williams,home,1,,0,,1928
401856964,Ariel Atkins,home,5,757.0,1,9.0,9|9|757|905|2028
401856964,Kelsey Plum,home,2,,0,1554.0,193|1554
401856964,Dearica Hamby,home,2,,0,1865.0,306|1865
401856964,Maddy Siegrist,away,4,2082.0,0,1011.0,317|1011|2082|2082
401856964,Cameron Brink,home,5,1908.0,0,1843.0,334|1843|1908|1908|1977
401856964,Paige Bueckers,away,5,829.0,1,377.0,377|377|829|1607|1697
401856964,Chance Gray,home,1,,0,,552
401856964,Alysha Clark,away,1,,0,,697
401856964,Azzi Fudd,away,3,2334.0,0,2245.0,773|2245|2334
401856964,Nneka Ogwumike,home,1,,0,,965
401856964,Aziaha James,away,4,1824.0,0,1765.9,980|1766|1824|1853
401856964,Nneka Ogwumike defensive 3-seconds (technical,home,1,,0,,1381
401856964,Arike Ogunbowale,away,3,2267.0,0,1937.0,1898|1937|2267
401856964,Erica Wheeler,home,1,,0,,2353
401856964,Ariel Atkins personal,home,1,,0,,2370
401856965,Emily Engstler,home,2,,0,1933.0,28|1933
401856965,Sarah Ashlee Barker,home,4,206.0,1,110.0,110|110|206|2355
401856965,Lexi Held,away,2,,0,1770.2,395|1770
401856965,Quionche Carter defensive 3-seconds (technical,away,1,,0,,454
401856965,Kyara Linskens,away,1,,0,,460
401856965,Luisa Geiselsoder,home,6,972.0,1,972.0,515|972|972|1419|2267|2320
401856965,Carla Leite,home,4,730.0,1,634.0,530|634|730|2383
401856965,Quionche Carter,away,3,1969.0,0,1777.3,559|1777|1969
401856965,Marta Suarez,away,6,689.0,1,612.0,612|612|689|968|2016|2016
401856965,Teja Oblak,home,2,,0,1701.0,883|1701
401856965,Nyadiew Puoch,home,1,,0,,1011
401856965,Natasha Mack,away,2,,0,1650.0,1052|1650
401856965,Monique Akoa Makani,away,3,2362.7,0,2244.0,1195|2244|2363
401856965,Jovana Nogic,away,2,,0,1996.0,1341|1996
401856965,Noemie Brochant,away,1,,0,,1506
401856965,DeWanna Bonner,away,1,,0,,2165
401856965,Bridget Carleton,home,1,,0,,2365
401856965,Karlie Samuelson,home,1,,0,,2374
401856966,Flau'jae Johnson,away,1,,0,,110
401856966,Awa Fam,away,5,766.0,1,766.0,153|766|766|1316|1732
401856966,Natasha Howard,home,3,1184.8,1,161.0,161|161|1185
401856966,Zia Cooke,away,1,,0,,509
401856966,Stefanie Dolson,away,2,,0,1420.0,618|1420
401856966,Antonia Delaere,home,1,,0,,972
401856966,Olivia Miles,home,3,2054.0,0,1570.0,1023|1570|2054
401856966,Dominique Malonga,away,1,,0,,1134
401856966,Nia Coffey,home,1,,0,,1179
401856966,Maya Caldwell,home,4,2217.0,0,1344.0,1344|1344|2217|2353
401856966,Jade Melbourne,away,2,,0,1834.0,1560|1834
401856966,Anastasiia Olairi Kosu,home,2,,0,1958.0,1794|1958
401856966,Teaira McCowan,home,3,2389.0,0,1863.0,1863|1863|2389
401856966,Jordan Horston,away,1,,0,,1907
401856966,Kayla McBride,home,1,,0,,1945
401856966,Courtney Williams,home,1,,0,,2073
401856967,Kayla Thornton,away,4,2264.0,0,1245.0,247|1245|2264|2393
401856967,Veronica Burton,away,3,2397.6,0,2052.0,385|2052|2398
401856967,A'ja Wilson,home,4,1021.0,1,1021.0,427|1021|1021|1437
401856967,Janelle Salaun,away,2,,0,1633.0,474|1633
401856967,Tiffany Hayes,away,5,1538.0,0,1538.0,500|1538|1538|1797|1884
401856967,Brianna Turner,home,2,,0,504.0,504|504
401856967,Kaitlyn Chen,away,1,,0,,737
401856967,NaLyssa Smith,home,3,1926.0,0,1476.0,826|1476|1926
401856967,Jackie Young,home,3,2390.1,0,1569.0,920|1569|2390
401856967,Chelsea Gray,home,4,1701.0,0,995.0,995|995|1701|1955
401856967,Stephanie Talbot,home,2,,0,1254.0,1069|1254
401856967,Gabby Williams,away,2,,0,2059.0,1454|2059
401856967,Kiah Stokes,away,3,1531.0,0,1499.0,1499|1499|1531
401856967,Jewell Loyd,home,5,1774.1,0,1643.0,1643|1643|1774|1942|2195
401856967,Kaila Charles,away,1,,0,,1974
401856967,Janelle Salaun defensive 3-seconds (technical,away,1,,0,,2067
401856968,Shakira Austin,away,3,1631.0,0,447.0,69|447|1631
401856968,Naz Hillmon,home,3,2129.0,0,1619.0,75|1619|2129
401856968,Michaela Onyenwere,away,4,1260.0,0,864.0,134|864|1260|1878
401856968,Georgia Amoore,away,3,1917.0,0,956.0,221|956|1917
401856968,Rhyne Howard,home,5,1114.0,1,728.0,227|728|1114|1114|1251
401856968,Madina Okot,home,6,257.0,1,257.0,234|257|257|965|1538|1538
401856968,Sonia Citron,away,2,,0,2287.0,346|2287
401856968,Angela Dugalic defensive 3-seconds (technical,away,1,,0,,404
401856968,Lauren Betts,away,4,1373.0,0,1373.0,557|1373|1373|1501
401856968,Sika Kone,home,3,2021.0,0,1807.0,639|1807|2021
401856968,Te-Hina Paopao,home,2,,0,1701.0,683|1701
401856968,Kiki Iriafen,away,3,1846.0,0,1317.0,699|1317|1846
401856968,Angela Dugalic,away,1,,0,,791
401856968,Alicia Florez Getino,away,2,,0,1568.0,903|1568
401856968,Allisha Gray,home,2,,0,1411.0,1164|1411
401856968,Cotie McMahon,away,3,1892.0,0,1654.0,1183|1654|1892
401856968,Indya Nivar,home,4,1904.0,0,1862.0,1198|1862|1904|2324
401856968,Angel Reese,home,3,1628.0,0,1560.0,1365|1560|1628
401856968,Isobel Borlase,home,1,,0,,1578
401856968,Cassandre Prosper,away,1,,0,,2158
401856968,Rori Harmon,away,1,,0,,2377
401856969,Pauline Astier,home,3,1946.0,0,749.0,68|749|1946
401856969,Aliyah Boston,away,6,1282.0,0,710.0,252|710|1282|1800|2132|2184
401856969,Monique Billings,away,3,1693.0,0,1146.0,384|1146|1693
401856969,Myisha Hines-Allen,away,5,1484.0,0,763.0,612|763|1484|2103|2160
401856969,Marine Fauthoux,home,1,,0,,700
401856969,Jonquel Jones,home,5,1909.0,0,781.0,718|781|1909|1909|1974
401856969,Caitlin Clark,away,5,1842.0,0,1367.0,885|1367|1842|1967|2014
401856969,Marine Johannes,home,3,1392.0,0,1093.0,904|1093|1392
401856969,Rebekah Gardner,home,1,,0,,951
401856969,Satou Sabally,home,3,2201.0,0,1881.0,1016|1881|2201
401856969,Sophie Cunningham,away,3,1658.0,0,1197.0,1143|1197|1658
401856969,Leonie Fiebich,home,3,1301.0,0,1209.0,1209|1209|1301
401856969,Breanna Stewart,home,1,,0,,1416
401856969,Betnijah Laney-Hamilton,home,2,,0,1621.0,1621|1621
401856969,Makayla Timpson,away,1,,0,,1654
401856969,Raven Johnson,away,1,,0,,1736
401856969,Kelsey Mitchell personal,away,3,2376.2,0,2349.1,2334|2349|2376
401856969,Lexie Hull personal,away,1,,0,,2363
401856970,Kamilla Cardoso,away,5,1515.0,0,381.0,120|381|1515|1702|1963
401856970,Rachel Banham,away,3,934.0,1,140.0,140|140|934
401856970,Nyara Sabally,home,3,1647.0,0,557.6,257|558|1647
401856970,Skylar Diggins,away,1,,0,,338
401856970,Teonni Key,home,6,1130.0,1,464.0,363|464|1130|1581|1581|1599
401856970,Maria Conde,home,1,,0,,458
401856970,Kia Nurse,home,4,1031.0,1,509.0,509|509|1031|2235
401856970,Elizabeth Williams,away,3,2125.0,0,573.5,546|574|2125
401856970,Isabelle Harrison,home,4,1528.0,0,695.0,628|695|1528|1716
401856970,Jacy Sheldon,away,5,1350.0,0,1206.0,683|1206|1350|1900|1984
401856970,Laura Juskaite,home,3,1880.0,0,1842.0,975|1842|1880
401856970,Natasha Cloud,away,2,,0,1079.0,1079|1079
401856970,Azura Stevens,away,3,1434.0,0,1287.0,1255|1287|1434
401856970,Brittney Sykes,home,2,,0,1411.0,1264|1411
401856970,Julie Allemand,home,1,,0,,1375
401856970,Sydney Taylor,away,1,,0,,1665
401856970,Gabriela Jaquez,away,3,2183.0,0,1747.6,1748|1748|2183
401856970,Saylor Poffenbarger,away,1,,0,,2253
401856971,Sarah Ashlee Barker,away,4,2145.0,0,988.0,120|988|2145|2228
401856971,Megan Gustafson,away,2,,0,1860.0,156|1860
401856971,Nneka Ogwumike,home,3,1925.0,0,1925.0,171|1925|1925
401856971,Dearica Hamby,home,3,1318.0,0,556.7,341|557|1318
401856971,Cameron Brink,home,6,1570.0,0,598.3,416|598|1570|1570|1792|1792
401856971,Nyadiew Puoch,away,2,,0,1715.0,426|1715
401856971,Kelsey Plum,home,4,2079.0,0,1556.0,435|1556|2079|2090
401856971,Erica Wheeler,home,2,,0,1940.0,637|1940
401856971,Ariel Atkins,home,2,,0,1423.0,697|1423
401856971,Kate Martin,home,4,1834.0,0,1776.1,743|1776|1834|1915
401856971,Frieda Buhner,away,2,,0,1467.0,754|1467
401856971,Rae Burrell,home,1,,0,,807
401856971,Nyadiew Puoch defensive 3-seconds (technical,away,1,,0,,929
401856971,Emily Engstler,away,5,1319.0,0,1095.0,1026|1095|1319|1389|2287
401856971,Luisa Geiselsoder,away,2,,0,1178.3,1158|1178
401856971,Teja Oblak,away,1,,0,,1586
401856971,Carla Leite,away,3,1924.0,0,1746.9,1747|1747|1924
401856971,Bridget Carleton,away,1,,0,,2130
401856972,Diamond Miller,home,3,1528.0,0,704.0,48|704|1528
401856972,Han Xu,away,5,795.0,1,795.0,76|795|795|1947|1989
401856972,Olivia Nelson-Ododa,home,5,1285.0,0,983.0,272|983|1285|1639|2321
401856972,Gianna Kneepkens,home,1,,0,,531
401856972,Raquel Carrera,away,5,922.0,1,922.0,560|922|922|1656|1782
401856972,Charlisse Leger-Walker,home,4,999.0,1,999.0,701|999|999|1869
401856972,Raegan Beers,home,6,1020.0,1,807.0,807|807|1020|1102|1421|1573
401856972,Betnijah Laney-Hamilton,away,6,1734.0,0,823.0,823|823|1734|1734|2250|2386
401856972,Nell Angloma,home,3,1765.4,0,1602.0,869|1602|1765
401856972,Marine Johannes,away,3,1363.0,0,1296.0,887|1296|1363
401856972,Breanna Stewart,away,3,2088.0,0,2088.0,895|2088|2088
401856972,Satou Sabally,away,3,2354.1,0,1692.0,913|1692|2354
401856972,Aaliyah Edwards,home,2,,0,2001.0,1169|2001
401856972,Saniya Rivers,home,3,2227.0,0,2056.0,1213|2056|2227
401856972,Kennedy Burke,home,1,,0,,1547
401856972,Raquel Carrera defensive 3-seconds (technical,away,1,,0,,1743
401856972,Pauline Astier,away,1,,0,,1751
401856972,Marine Fauthoux,away,1,,0,,1878
401856972,Rebekah Gardner,away,1,,0,,1941
401856972,Leila Lacan,home,2,,0,2102.0,2048|2102
401856972,Leonie Fiebich,away,2,,0,2056.0,2056|2056
401856973,Aliyah Boston,away,7,1040.0,1,1040.0,56|1040|1040|1387|1437|1437|1769
401856973,Kelsey Mitchell,away,6,2231.0,0,1314.0,132|1314|2231|2285|2285|2309
401856973,Caitlin Clark,away,3,1021.0,1,571.4,140|571|1021
401856973,Shakira Austin,home,2,,0,215.0,215|215
401856973,Michaela Onyenwere,home,6,556.2,1,556.2,222|556|556|1066|1649|1951
401856973,Monique Billings,away,5,884.0,1,711.0,236|711|884|1818|1883
401856973,Lauren Betts,home,2,,0,1927.0,322|1927
401856973,Alicia Florez Getino,home,4,1031.0,1,899.0,415|899|1031|1800
401856973,Angela Dugalic,home,6,976.0,1,549.9,455|550|976|976|1246|1261
401856973,Sophie Cunningham,away,1,,0,,632
401856973,Kiki Iriafen,home,1,,0,,658
401856973,Lexie Hull,away,5,1304.0,0,1304.0,773|1304|1304|1738|2396
401856973,Cotie McMahon,home,2,,0,2243.0,853|2243
401856973,Myisha Hines-Allen,away,2,,0,1057.0,1057|1057
401856973,Cassandre Prosper,home,1,,0,,1363
401856973,Damiris Dantas,away,3,1992.0,0,1959.0,1959|1959|1992
401856973,Sonia Citron,home,1,,0,,2125
401856973,Georgia Amoore,home,1,,0,,2364
401856974,Flau'jae Johnson,away,3,2210.0,0,212.0,112|212|2210
401856974,Dominique Malonga,away,6,908.0,1,866.0,250|866|908|1313|1313|2035
401856974,Zia Cooke,away,4,1839.0,0,390.0,262|390|1839|2042
401856974,Chelsea Gray,home,3,2056.0,0,812.0,302|812|2056
401856974,Stefanie Dolson,away,5,777.0,1,751.0,344|751|777|1603|1603
401856974,Mackenzie Holmes,away,1,,0,,420
401856974,Jade Melbourne,away,1,,0,,476
401856974,A'ja Wilson,home,1,,0,,576
401856974,Natisha Hiedeman,away,1,,0,,744
401856974,Awa Fam,away,4,817.0,1,817.0,795|817|817|1160
401856974,Jordan Horston,away,1,,0,,984
401856974,Jewell Loyd,home,3,2219.0,0,1492.0,1025|1492|2219
401856974,Stephanie Talbot,home,2,,0,1347.0,1237|1347
401856974,Mackenzie Holmes defensive 3-seconds (technical,away,1,,0,,1614
401856974,Jackie Young,home,2,,0,2015.0,1742|2015
401856974,Cheyenne Parker-Tyus,home,1,,0,,1809
401856974,Brianna Turner,home,1,,0,,1947
401856975,Azura Stevens,home,2,,0,1301.0,165|1301
401856975,Allisha Gray,away,2,,0,522.0,256|522
401856975,Gabriela Jaquez,home,5,1393.0,0,719.0,268|719|1393|2148|2193
401856975,Jacy Sheldon,home,2,,0,694.0,393|694
401856975,Rhyne Howard,away,3,1624.0,0,1261.0,417|1261|1624
401856975,Elizabeth Williams,home,4,2265.0,0,803.0,490|803|2265|2265
401856975,Angel Reese,away,5,1308.0,0,707.0,589|707|1308|1308|2010
401856975,Sydney Taylor,home,1,,0,,589
401856975,Kamilla Cardoso,home,3,1670.0,0,1028.0,749|1028|1670
401856975,Te-Hina Paopao,away,1,,0,,826
401856975,Natasha Cloud,home,3,2186.0,0,1734.0,925|1734|2186
401856975,Naz Hillmon,away,3,2174.0,0,1748.2,939|1748|2174
401856975,Skylar Diggins,home,3,2294.0,0,2294.0,1149|2294|2294
401856975,Jordin Canada,away,2,,0,1419.0,1179|1419
401856975,Rachel Banham,home,2,,0,1918.0,1918|1918
401856976,Paige Bueckers,away,2,,0,1167.4,95|1167
401856976,Courtney Williams,home,1,,0,,190
401856976,Arike Ogunbowale,away,4,1606.0,0,808.0,205|808|1606|1632
401856976,Olivia Miles,home,1,,0,,429
401856976,Maya Caldwell,home,2,,0,1879.0,642|1879
401856976,Alysha Clark,away,1,,0,,709
401856976,Azzi Fudd,away,3,1430.0,0,1226.0,739|1226|1430
401856976,Kayla McBride,home,1,,0,,808
401856976,Jessica Shepard,away,4,1900.0,0,1328.0,1036|1328|1900|1925
401856976,Alanna Smith,away,1,,0,,1140
401856976,Natasha Howard,home,4,1593.0,0,1393.0,1239|1393|1593|1873
401856976,Nia Coffey,home,1,,0,,2032
401856976,Li Yueru,away,4,2278.0,0,2278.0,2251|2278|2278|2286
401856976,Teaira McCowan,home,1,,0,,2266
401856976,Aziaha James,away,1,,0,,2343
401856977,Noemie Brochant,away,2,,0,2301.0,44|2301
401856977,Cecilia Zandalasini,home,2,,0,1405.0,248|1405
401856977,Gabby Williams,home,5,1332.0,0,815.0,335|815|1332|1895|1895
401856977,Lexi Held,away,5,1540.0,0,1540.0,522|1540|1540|1553|1683
401856977,Kaila Charles,home,4,1461.0,0,749.0,581|749|1461|2196
401856977,Natasha Mack,away,2,,0,1862.0,674|1862
401856977,Kaitlyn Chen,home,1,,0,,682
401856977,Jovana Nogic,away,4,1476.0,0,1144.0,718|1144|1476|1528
401856977,Alyssa Thomas,away,2,,0,1093.0,749|1093
401856977,Quionche Carter,away,1,,0,,766
401856977,Kayla Thornton,home,2,,0,1517.0,811|1517
401856977,Monique Akoa Makani,away,4,2388.2,0,1005.0,910|1005|2388|2396
401856977,Kiah Stokes,home,1,,0,,995
401856977,Veronica Burton,home,5,2092.0,0,1168.5,1115|1168|2092|2263|2348
401856977,Kahleah Copper,away,2,,0,2230.0,1144|2230
401856977,DeWanna Bonner,away,1,,0,,1624
401856977,Janelle Salaun,home,2,,0,1906.0,1884|1906
401856978,Marina Mabrey,home,3,2236.0,0,1159.0,186|1159|2236
401856978,Saniya Rivers,away,4,1402.0,0,472.0,209|472|1402|2689
401856978,Leila Lacan,away,6,2135.0,0,1316.0,258|1316|2135|2284|2364|2373
401856978,Diamond Miller,away,2,,0,1026.0,275|1026
401856978,Isabelle Harrison,home,6,793.0,1,562.0,394|562|793|1489|1786|2160
401856978,Kennedy Burke,away,2,,0,2570.0,435|2570
401856978,Brittney Sykes,home,5,1323.0,0,439.0,439|439|1323|2333|2333
401856978,Teonni Key,home,3,982.0,1,810.0,582|810|982
401856978,Raegan Beers,away,3,1458.0,0,1445.0,636|1445|1458
401856978,Aaliyah Edwards,away,4,1339.0,0,750.0,711|750|1339|1964
401856978,Laura Juskaite,home,5,1857.0,0,725.0,724|725|1857|2171|2536
401856978,Nell Angloma,away,2,,0,1819.0,747|1819
401856978,Maria Conde,home,2,,0,1553.0,865|1553
401856978,Nyara Sabally,home,5,1845.0,0,1363.0,1063|1363|1845|2585|2676
401856978,Julie Allemand,home,5,1246.0,0,1246.0,1093|1246|1246|1978|2570
401856978,Olivia Nelson-Ododa,away,9,1545.0,0,1255.0,1255|1255|1545|1718|1718|2060|2270|2270|2300
401856978,Tima Pouye,home,1,,0,,1736
401856978,Charlisse Leger-Walker personal,away,1,,0,,2688
401856979,Kelsey Plum,away,2,,0,873.0,84|873
401856979,Jordan Horston,home,4,1451.0,0,1386.0,175|1386|1451|2398
401856979,Jade Melbourne,home,3,1893.0,0,1732.0,399|1732|1893
401856979,Cameron Brink,away,5,1973.0,0,593.5,427|594|1973|1997|2059
401856979,Stefanie Dolson,home,3,1978.0,0,1408.0,442|1408|1978
401856979,Katie Lou Samuelson,home,1,,0,,544
401856979,Zia Cooke,home,1,,0,,742
401856979,Ariel Atkins,away,3,1719.0,0,787.0,759|787|1719
401856979,Jihyun Park,away,1,,0,,817
401856979,Erica Wheeler,away,4,1494.0,0,1180.4,1008|1180|1494|2237
401856979,Dominique Malonga,home,6,1812.0,0,1812.0,1101|1812|1812|2162|2220|2220
401856979,Natisha Hiedeman,home,3,2398.4,0,1646.0,1547|1646|2398
401856979,Flau'jae Johnson,home,1,,0,,1563
401856979,Mackenzie Holmes,home,1,,0,,1755
401856979,Dearica Hamby,away,2,,0,2309.0,2139|2309
401856980,Monique Billings,home,3,1322.0,0,163.0,37|163|1322
401856980,Kamilla Cardoso defensive 3-seconds (technical,away,1,,0,,202
401856980,Gabriela Jaquez,away,1,,0,,211
401856980,Jacy Sheldon,away,2,,0,2129.0,296|2129
401856980,Myisha Hines-Allen,home,2,,0,2675.9,312|2676
401856980,Natasha Cloud,away,7,842.0,1,842.0,435|842|842|1598|1836|2326|2654
401856980,Caitlin Clark,home,5,1689.0,0,1404.0,442|1404|1689|1850|2381
401856980,Raven Johnson,home,1,,0,,614
401856980,Kamilla Cardoso,away,7,1434.0,0,1335.0,624|1335|1434|1434|1476|1814|2180
401856980,Kelsey Mitchell,home,3,2635.0,0,2392.8,657|2393|2635
401856980,Lexie Hull,home,4,1348.0,0,996.0,818|996|1348|2596
401856980,Makayla Timpson,home,5,1383.0,0,1089.0,1089|1089|1383|1464|2349
401856980,Elizabeth Williams,away,1,,0,,1145
401856980,Aliyah Boston,home,6,1306.0,0,1186.5,1186|1186|1306|1309|1504|1504
401856980,Azura Stevens,away,3,2530.0,0,2053.0,1264|2053|2530
401856980,Skylar Diggins,away,1,,0,,1526
401856980,Aicha Coulibaly,away,1,,0,,1552
401856980,Damiris Dantas,home,2,,0,1792.9,1749|1793
401856980,Elizabeth Williams personal,away,1,,0,,2382
401856980,Jacy Sheldon personal,away,3,2693.2,0,2689.0,2679|2689|2693
401856981,Pauline Astier,away,2,,0,1989.0,128|1989
401856981,Jordin Canada,home,4,1858.0,0,1513.0,168|1513|1858|2214
401856981,Jonquel Jones,away,5,1307.0,0,1024.0,214|1024|1307|1494|2319
401856981,Angel Reese,home,7,1718.0,0,1042.0,489|1042|1718|1866|1866|1866|2143
401856981,Rebekah Gardner,away,3,2309.0,0,2309.0,541|2309|2309
401856981,Allisha Gray,home,4,1427.0,0,931.0,677|931|1427|1616
401856981,Leonie Fiebich,away,5,1130.0,1,1130.0,718|1130|1130|1262|1262
401856981,Isobel Borlase,home,3,1551.0,0,1114.0,765|1114|1551
401856981,Madina Okot,home,1,,0,,920
401856981,Satou Sabally,away,3,2133.0,0,1056.0,920|1056|2133
401856981,Marine Johannes,away,2,,0,2075.0,980|2075
401856981,Han Xu,away,1,,0,,1122
401856981,Madina Okot defensive 3-seconds (technical,home,1,,0,,1505
401856981,Breanna Stewart,away,2,,0,2025.0,1561|2025
401856981,Raquel Carrera,away,2,,0,1656.0,1583|1656
401856981,Betnijah Laney-Hamilton,away,1,,0,,1797
401856981,Rhyne Howard,home,3,2123.0,0,1924.0,1886|1924|2123
401856981,Te-Hina Paopao,home,1,,0,,2360
401856982,Noemie Brochant,away,3,1588.0,0,138.0,49|138|1588
401856982,Monique Akoa Makani,away,2,,0,264.0,264|264
401856982,Lexi Held,away,3,2262.0,0,2216.0,453|2216|2262
401856982,Arike Ogunbowale,home,2,,0,1567.0,514|1567
401856982,Alanna Smith,home,3,552.4,1,537.0,537|537|552
401856982,Azzi Fudd,home,3,1797.9,0,996.0,649|996|1798
401856982,Paige Bueckers,home,3,1918.0,0,809.0,693|809|1918
401856982,Alysha Clark,home,2,,0,2245.0,765|2245
401856982,Aziaha James,home,4,1039.0,1,1039.0,779|1039|1039|1571
401856982,Alyssa Thomas,away,4,2344.8,0,1260.0,1260|1260|2345|2345
401856982,Natasha Mack,away,2,,0,1411.0,1314|1411
401856982,Kahleah Copper,away,2,,0,1857.0,1512|1857
401856982,Aziaha James personal,home,1,,0,,1788
401856982,DeWanna Bonner,away,3,2357.5,0,1897.0,1897|1897|2358
401856982,Awak Kuier,home,2,,0,2190.0,2190|2190
401856983,Stephanie Talbot,away,4,1427.0,0,1232.0,12|1232|1427|2191
401856983,Megan Gustafson,home,4,1741.9,0,1190.5,69|1190|1742|2139
401856983,Jackie Young,away,2,,0,2291.0,111|2291
401856983,Bridget Carleton,home,2,,0,2348.4,207|2348
401856983,Luisa Geiselsoder,home,4,1074.0,1,527.0,338|527|1074|1585
401856983,Karlie Samuelson,home,2,,0,957.0,348|957
401856983,Frieda Buhner,home,3,1542.0,0,1512.0,360|1512|1542
401856983,Chennedy Carter,away,3,1677.0,0,630.0,386|630|1677
401856983,Nyadiew Puoch,home,1,,0,,413
401856983,Teja Oblak,home,1,,0,,511
401856983,Emily Engstler,home,3,2183.0,0,1222.0,648|1222|2183
401856983,NaLyssa Smith,away,5,819.0,1,648.0,648|648|819|1462|1496
401856983,A'ja Wilson,away,1,,0,,782
401856983,Sarah Ashlee Barker,home,4,1814.0,0,1385.0,1130|1385|1814|1957
401856983,Serah Williams defensive 3-seconds (technical,home,1,,0,,1507
401856983,Cheyenne Parker-Tyus,away,1,,0,,1633
401856983,Serah Williams,home,1,,0,,2040
401856984,Marina Mabrey,away,1,,0,,189
401856984,Julie Allemand,away,3,779.0,1,246.0,246|246|779
401856984,Temi Fagbenle,away,5,1035.0,1,1006.0,298|1006|1035|1539|1539
401856984,Alicia Florez,home,2,,0,1512.0,346|1512
401856984,Cotie McMahon,home,1,,0,,411
401856984,Brittney Sykes,away,4,1381.0,0,714.0,445|714|1381|2363
401856984,Kia Nurse,away,1,,0,,472
401856984,Cassandre Prosper,home,2,,0,694.0,615|694
401856984,Teonni Key defensive 3-seconds (technical,away,1,,0,,628
401856984,Isabelle Harrison,away,2,,0,1588.0,907|1588
401856984,Tima Pouye,away,1,,0,,930
401856984,Shakira Austin,home,3,1458.0,0,1458.0,978|1458|1458
401856984,Michaela Onyenwere,home,2,,0,2214.0,1093|2214
401856984,Laura Juskaite,away,5,1343.0,0,1144.4,1113|1144|1343|1727|1727
401856984,Georgia Amoore,home,2,,0,1756.7,1657|1757
401856984,Sonia Citron,home,3,2324.0,0,2010.0,1885|2010|2324
401856984,Maria Conde,away,4,2096.0,0,2026.0,1961|2026|2096|2314
401856985,Veronica Burton,away,3,2319.0,0,155.0,42|155|2319
401856985,Jordan Horston,home,2,,0,921.0,366|921
401856985,Flau'jae Johnson,home,5,1025.0,1,424.0,409|424|1025|2290|2398
401856985,Awa Fam,home,5,1517.0,0,1383.0,432|1383|1517|1755|2080
401856985,Janelle Salaun,away,7,1576.0,0,726.0,460|726|1576|2104|2234|2234|2350
401856985,Dominique Malonga,home,4,1615.0,0,1615.0,517|1615|1615|2150
401856985,Jade Melbourne,home,3,2378.7,0,2199.0,640|2199|2379
401856985,Kaitlyn Chen,away,1,,0,,650
401856985,Natisha Hiedeman,home,3,1416.0,0,1377.0,806|1377|1416
401856985,Kiah Stokes,away,2,,0,959.0,931|959
401856985,Tiffany Hayes,away,2,,0,1665.0,1665|1665
401856985,Kaila Charles,away,3,1902.0,0,1766.9,1761|1767|1902
401856985,Kayla Thornton,away,3,2248.0,0,2150.0,2093|2150|2248
401856985,Katie Lou Samuelson,home,1,,0,,2161
401856985,Jade Melbourne personal,home,1,,0,,2388
401856986,Brittney Griner,home,4,2065.0,0,216.0,167|216|2065|2065
401856986,Aliyah Boston,away,3,2002.0,0,1025.0,256|1025|2002
401856986,Monique Billings,away,2,,0,1453.0,267|1453
401856986,Aaliyah Edwards,home,2,,0,919.0,284|919
401856986,Raven Johnson,away,1,,0,,486
401856986,Myisha Hines-Allen,away,4,1696.0,0,1493.0,507|1493|1696|1696
401856986,Olivia Nelson-Ododa,home,3,1810.0,0,1810.0,555|1810|1810
401856986,Charlisse Leger-Walker,home,2,,0,1645.0,593|1645
401856986,Aneesah Morrow,home,2,,0,1737.0,667|1737
401856986,Sophie Cunningham,away,2,,0,796.0,733|796
401856986,Leila Lacan,home,5,1958.0,0,1129.0,815|1129|1958|2179|2267
401856986,Kelsey Mitchell,away,3,2249.0,0,939.0,939|939|2249
401856986,Diamond Miller,home,2,,0,1441.0,1044|1441
401856986,Saniya Rivers,home,3,1482.0,0,1402.0,1106|1402|1482
401856986,Nell Angloma,home,1,,0,,1820
401856986,Olivia Nelson-Ododa defensive 3-seconds (technical,home,1,,0,,1858
401856986,Caitlin Clark,away,3,2377.8,0,2065.0,1872|2065|2378
401856986,Lexie Hull,away,2,,0,2109.0,2109|2109
401856987,Nia Coffey,away,2,,0,389.0,19|389
401856987,Stephanie Talbot,home,1,,0,,70
401856987,Chennedy Carter,home,2,,0,682.0,501|682
401856987,Cheyenne Parker-Tyus,home,1,,0,,564
401856987,Anastasiia Olairi Kosu,away,1,,0,,734
401856987,Natasha Howard,away,6,1171.8,1,1016.0,813|1016|1172|1952|2081|2244
401856987,Nia Coffey defensive 3-seconds (technical,away,1,,0,,946
401856987,A'ja Wilson,home,5,1933.0,0,1933.0,1032|1933|1933|2128|2352
401856987,Jewell Loyd,home,2,,0,2027.0,1139|2027
401856987,Olivia Miles,away,3,1534.0,0,1317.0,1273|1317|1534
401856987,NaLyssa Smith,home,2,,0,2094.0,1444|2094
401856987,Jackie Young,home,2,,0,1865.0,1464|1865
401856987,Kayla McBride,away,3,2355.7,0,1753.5,1529|1754|2356
401856987,Chelsea Gray,home,1,,0,,1638
401856987,Liatu King,away,2,,0,2379.5,2006|2380
401856987,Antonia Delaere,away,1,,0,,2070
401856987,Courtney Williams,away,1,,0,,2396
401856988,Carla Leite,home,4,1793.8,0,1040.0,176|1040|1794|1887
401856988,Arike Ogunbowale,away,3,939.0,1,203.0,203|203|939
401856988,Serah Williams,home,2,,0,383.0,301|383
401856988,Frieda Buhner,home,2,,0,2155.0,313|2155
401856988,Alysha Clark,away,3,2398.3,0,2333.0,559|2333|2398
401856988,Azzi Fudd,away,5,1452.0,0,1393.0,630|1393|1452|2086|2170
401856988,Jessica Shepard,away,1,,0,,699
401856988,Sarah Ashlee Barker,home,4,1780.1,0,1766.4,782|1766|1780|1780
401856988,Alanna Smith,away,2,,0,1580.0,856|1580
401856988,Karlie Samuelson,home,4,2061.0,0,1670.0,966|1670|2061|2107
401856988,Teja Oblak,home,3,1656.0,0,1521.0,1035|1521|1656
401856988,Maddy Siegrist,away,1,,0,,1287
401856988,Luisa Geiselsoder,home,3,1626.0,0,1511.0,1511|1511|1626
401856988,Emily Engstler,home,1,,0,,1722
401856988,Bridget Carleton,home,3,2381.3,0,2116.0,2116|2116|2381
401856988,Megan Gustafson,home,1,,0,,2195
401856988,Aziaha James,away,1,,0,,2240
401856989,Ariel Atkins,away,3,1093.0,1,926.0,169|926|1093
401856989,Dearica Hamby,away,4,1216.0,0,368.0,368|368|1216|1712
401856989,Lexi Held,home,4,2471.0,0,491.0,396|491|2471|2517
401856989,DeWanna Bonner,home,1,,0,,398
401856989,Rae Burrell,away,1,,0,,411
401856989,Kate Martin,away,1,,0,,653
401856989,Jihyun Park,away,1,,0,,712
401856989,Noemie Brochant,home,3,1405.0,0,1319.0,733|1319|1405
401856989,Monique Akoa Makani,home,5,1267.0,0,1059.0,747|1059|1267|1475|1978
401856989,Alyssa Thomas,home,3,1977.0,0,1873.0,752|1873|1977
401856989,Kahleah Copper,home,2,,0,2463.0,1107|2463
401856989,Erica Wheeler,away,2,,0,1139.0,1125|1139
401856989,Nneka Ogwumike,away,3,2614.0,0,2167.0,1462|2167|2614
401856989,Kelsey Plum,away,4,1891.0,0,1499.0,1499|1499|1891|2432
401856989,Quionche Carter,home,2,,0,1696.0,1657|1696
401856989,Cameron Brink,away,2,,0,2677.0,1764|2677
401856989,Jovana Nogic,home,1,,0,,2100
401856989,Natasha Mack,home,2,,0,2659.7,2221|2660
401856990,Michaela Onyenwere,away,3,388.0,1,388.0,49|388|388
401856990,Pauline Astier,home,3,1356.0,0,990.0,82|990|1356
401856990,Alicia Florez,away,3,2113.0,0,1593.0,480|1593|2113
401856990,Rebekah Gardner,home,2,,0,2343.0,692|2343
401856990,Georgia Amoore,away,3,1813.0,0,1413.0,698|1413|1813
401856990,Leonie Fiebich,home,2,,0,1405.0,996|1405
401856990,Marine Johannes,home,2,,0,1373.0,1004|1373
401856990,Sonia Citron,away,1,,0,,1043
401856990,Jonquel Jones,home,1,,0,,1134
401856990,Angela Dugalic,away,5,2082.0,0,1330.0,1225|1330|2082|2285|2385
401856990,Breanna Stewart,home,2,,0,1545.0,1391|1545
401856990,Satou Sabally,home,4,2153.0,0,1764.8,1435|1765|2153|2153
401856990,Lauren Betts,away,2,,0,1594.0,1541|1594
401856990,Shakira Austin,away,2,,0,2177.0,1777|2177
401856990,Sabrina Ionescu,home,1,,0,,2189
401856990,Lucy Olsen,away,1,,0,,2335
401856991,Isabelle Harrison,home,4,996.0,1,996.0,54|996|996|1435
401856991,Marina Mabrey,home,3,848.0,1,79.0,79|79|848
401856991,Te-Hina Paopao,away,2,,0,894.0,432|894
401856991,Angel Reese,away,6,1007.0,1,1007.0,559|1007|1007|1321|1541|1933
401856991,Allisha Gray,away,3,1285.0,0,733.0,627|733|1285
401856991,Isobel Borlase,away,2,,0,2147.0,842|2147
401856991,Maria Conde,home,2,,0,1985.0,907|1985
401856991,Julie Allemand,home,4,1196.3,1,1089.0,952|1089|1196|2270
401856991,Tima Pouye,home,1,,0,,1064
401856991,Brittney Sykes,home,3,2193.0,0,1581.0,1115|1581|2193
401856991,Jordin Canada,away,1,,0,,1168
401856991,Laura Juskaite,home,3,2026.0,0,1253.0,1253|1253|2026
401856991,Naz Hillmon,away,2,,0,1489.0,1285|1489
401856991,Rhyne Howard,away,3,1901.0,0,1619.0,1619|1619|1901
401856991,Temi Fagbenle,home,2,,0,1886.0,1838|1886
401856991,Madina Okot,away,1,,0,,2017
401856992,Paige Bueckers,home,2,,0,1096.0,73|1096
401856992,Stephanie Talbot,away,1,,0,,114
401856992,Chelsea Gray,away,4,764.0,1,457.0,241|457|764|764
401856992,NaLyssa Smith,away,2,,0,849.0,334|849
401856992,Jessica Shepard defensive 3-seconds (technical,home,1,,0,,475
401856992,Jackie Young,away,4,1326.0,0,983.0,506|983|1326|1543
401856992,Sug Sutton,home,1,,0,,521
401856992,Maddy Siegrist,home,2,,0,2159.0,551|2159
401856992,Cheyenne Parker-Tyus,away,1,,0,,572
401856992,Arike Ogunbowale,home,2,,0,1925.0,899|1925
401856992,Jewell Loyd,away,2,,0,1478.0,1007|1478
401856992,Awak Kuier,home,3,1731.0,0,1247.0,1127|1247|1731
401856992,A'ja Wilson,away,1,,0,,1414
401856992,Kierstan Bell,away,5,1908.0,0,1862.0,1552|1862|1908|2178|2364
401856992,Azzi Fudd,home,1,,0,,1564
401856992,Alanna Smith,home,1,,0,,1599
401856992,Jessica Shepard,home,1,,0,,1894
401856992,Alysha Clark,home,1,,0,,2352
401856993,Carla Leite,away,4,693.0,1,91.0,91|91|693|1462
401856993,Bridget Carleton,away,2,,0,1165.5,110|1166
401856993,Olivia Miles,home,4,1339.0,0,280.0,254|280|1339|1848
401856993,Teja Oblak,away,4,441.0,1,441.0,384|441|441|972
401856993,Nyadiew Puoch,away,3,2280.0,0,2110.0,419|2110|2280
401856993,Sarah Ashlee Barker,away,4,1345.0,0,568.6,477|569|1345|1345
401856993,Antonia Delaere,home,2,,0,2355.8,640|2356
401856993,Megan Gustafson,away,2,,0,1086.0,752|1086
401856993,Anastasiia Olairi Kosu,home,2,,0,2032.0,815|2032
401856993,Frieda Buhner,away,1,,0,,848
401856993,Luisa Geiselsoder,away,3,1529.0,0,1479.0,899|1479|1529
401856993,Natasha Howard,home,3,1834.0,0,1834.0,1156|1834|1834
401856993,Kayla McBride,home,4,1321.0,0,1215.0,1215|1215|1321|1321
401856993,Serah Williams,away,3,2053.0,0,1535.0,1535|1535|2053
401856993,Teaira McCowan,home,2,,0,2330.0,1715|2330
401856993,Eliska Hamzova,home,1,,0,,2127
401856993,Holly Winterburn,away,2,,0,2247.0,2200|2247
401856994,Erica Wheeler,away,5,1563.0,0,1100.0,99|1100|1563|1754|2035
401856994,Dearica Hamby,away,3,2214.0,0,276.0,141|276|2214
401856994,Kiah Stokes,home,4,1254.0,0,251.0,251|251|1254|1864
401856994,Gabby Williams,home,4,1470.0,0,1470.0,276|1470|1470|2230
401856994,Veronica Burton,home,2,,0,1306.0,437|1306
401856994,Kelsey Plum,away,6,1533.0,0,1115.0,519|1115|1533|1569|1849|2135
401856994,Chance Gray,away,2,,0,1858.0,567|1858
401856994,Kaitlyn Chen,home,1,,0,,576
401856994,Kaila Charles,home,3,2061.0,0,1944.0,757|1944|2061
401856994,Kayla Thornton,home,4,1744.5,0,1612.0,811|1612|1744|2159
401856994,Cecilia Zandalasini,home,1,,0,,1261
401856994,Janelle Salaun,home,3,2017.0,0,1995.0,1489|1995|2017
401856994,Cameron Brink,away,1,,0,,1514
401856994,Tiffany Hayes,home,1,,0,,1546
401856994,Kate Martin,away,1,,0,,1626
401856995,Isabelle Harrison,away,2,,0,565.3,64|565
401856995,Monique Billings,home,2,,0,1394.0,77|1394
401856995,Laura Juskaite,away,5,874.0,1,376.0,172|376|874|1291|2371
401856995,Lexie Hull,home,3,924.0,1,781.0,198|781|924
401856995,Brittney Sykes,away,2,,0,911.0,261|911
401856995,Kia Nurse,away,3,1899.0,0,481.0,481|481|1899
401856995,Raven Johnson,home,1,,0,,628
401856995,Julie Allemand,away,3,791.0,1,704.0,639|704|791
401856995,Marina Mabrey,away,2,,0,1316.0,1283|1316
401856995,Temi Fagbenle,away,2,,0,2075.0,1349|2075
401856995,Tima Pouye,away,6,1591.0,0,1478.0,1407|1478|1591|1591|2124|2174
401856995,Makayla Timpson,home,4,1773.2,0,1675.0,1577|1675|1773|2361
401856995,Maria Conde,away,3,2100.0,0,1970.0,1667|1970|2100
401856995,Kelsey Mitchell,home,1,,0,,1702
401856995,Aliyah Boston,home,4,1978.0,0,1956.0,1913|1956|1978|1978
401856995,Caitlin Clark,home,2,,0,2115.0,2047|2115
401856995,Sophie Cunningham,home,2,,0,2279.0,2185|2279
401856995,Teonni Key,away,1,,0,,2342
401856996,Michaela Onyenwere,away,3,1701.0,0,835.0,194|835|1701
401856996,Sonia Citron,away,4,1825.0,0,1632.0,266|1632|1825|2315
401856996,Lucy Olsen,away,4,1440.0,0,726.0,296|726|1440|2089
401856996,Brittney Griner,home,5,1433.0,0,918.0,314|918|1433|2268|2268
401856996,Cassandre Prosper,away,2,,0,1581.0,344|1581
401856996,Charlisse Leger-Walker,home,3,2368.6,0,674.0,493|674|2369
401856996,Angela Dugalic,away,4,1581.0,0,1048.0,690|1048|1581|2297
401856996,Cotie McMahon,away,1,,0,,750
401856996,Nell Angloma,home,2,,0,1448.0,783|1448
401856996,Lauren Betts,away,1,,0,,807
401856996,Saniya Rivers,home,3,1912.0,0,1835.0,935|1835|1912
401856996,Diamond Miller,home,3,2288.0,0,1449.0,1284|1449|2288
401856996,Leila Lacan,home,2,,0,2255.0,1349|2255
401856996,Georgia Amoore,away,1,,0,,1399
401856996,Olivia Nelson-Ododa,home,4,1719.0,0,1645.0,1479|1645|1719|1719
401856996,Raegan Beers,home,4,2099.0,0,2003.0,1931|2003|2099|2164
401856996,Aaliyah Edwards,home,1,,0,,1945
401856997,Jonquel Jones,away,2,,0,2321.0,168|2321
401856997,Sydney Taylor,home,5,1078.0,1,823.0,216|823|1078|1341|1880
401856997,Kamilla Cardoso,home,5,2020.0,0,1866.0,265|1866|2020|2020|2149
401856997,Sabrina Ionescu,away,1,,0,,312
401856997,Skylar Diggins,home,1,,0,,319
401856997,Natasha Cloud,home,3,1449.0,0,362.0,349|362|1449
401856997,Aicha Coulibaly,home,1,,0,,443
401856997,Jacy Sheldon,home,2,,0,1748.2,556|1748
401856997,Rebekah Gardner,away,2,,0,2353.8,570|2354
401856997,Leonie Fiebich,away,2,,0,1761.0,836|1761
401856997,Breanna Stewart personal,away,1,,0,,1196
401856997,Azura Stevens,home,5,1861.0,0,1330.0,1237|1330|1861|1965|1965
401856997,Gabriela Jaquez,home,1,,0,,1425
401856997,Breanna Stewart,away,2,,0,2165.0,1465|2165
401856997,Satou Sabally,away,2,,0,2235.0,1560|2235
401856998,Azzi Fudd,away,4,1717.0,0,1565.0,373|1565|1717|2280
401856998,Cecilia Zandalasini,home,3,1254.0,0,436.0,436|436|1254
401856998,Sug Sutton,away,2,,0,1837.0,525|1837
401856998,Alanna Smith,away,1,,0,,529
401856998,Tiffany Hayes,home,2,,0,622.0,600|622
401856998,Maddy Siegrist,away,3,1764.0,0,1584.0,611|1584|1764
401856998,Kaitlyn Chen,home,3,2088.0,0,1907.0,678|1907|2088
401856998,Janelle Salaun,home,1,,0,,696
401856998,Arike Ogunbowale,away,2,,0,1973.0,818|1973
401856998,Veronica Burton,home,3,1988.0,0,1772.3,1059|1772|1988
401856998,Awak Kuier,away,1,,0,,1314
401856998,Kayla Thornton,home,1,,0,,1325
401856998,Paige Bueckers,away,2,,0,2017.0,1374|2017
401856998,Kaila Charles,home,2,,0,2336.0,1470|2336
401856998,Jessica Shepard,away,2,,0,2220.0,2210|2220
401856998,Paige Bueckers personal,away,2,,0,2357.2,2343|2357
401856998,Jessica Shepard personal,away,1,,0,,2365
401856999,Nia Coffey,away,5,1069.0,1,441.0,178|441|1069|1414|1896
401856999,Natasha Howard,away,4,1935.0,0,1465.0,455|1465|1935|2097
401856999,Antonia Delaere,away,2,,0,2239.0,508|2239
401856999,Ariel Atkins,home,4,1361.0,0,1194.7,562|1195|1361|1574
401856999,Jihyun Park,home,3,2372.9,0,1915.0,675|1915|2373
401856999,Anastasiia Olairi Kosu,away,3,741.0,1,741.0,700|741|741
401856999,Dearica Hamby,home,2,,0,1549.0,791|1549
401856999,Rae Burrell,home,4,1424.0,0,1251.0,823|1251|1424|1453
401856999,Erica Wheeler,home,1,,0,,864
401856999,Sania Feagin,home,2,,0,2224.0,869|2224
401856999,Chance Gray,home,1,,0,,921
401856999,Courtney Williams,away,4,1414.0,0,1165.3,1165|1165|1414|1511
401856999,Kayla McBride,away,3,1768.0,0,1445.0,1335|1445|1768
401856999,Olivia Miles,away,2,,0,1528.0,1366|1528
401856999,Eliska Hamzova,away,2,,0,2372.9,1989|2373
401856999,Maya Caldwell,away,2,,0,2120.0,2101|2120
401856999,Ta'Niya Latson,home,1,,0,,2120
401856999,Teaira McCowan,away,3,2353.4,0,2160.0,2160|2160|2353
401856999,Emma Cannon,home,1,,0,,2232
401857000,Jackie Young,away,2,,0,599.7,39|600
401857000,Kahleah Copper,home,4,1453.0,0,1012.0,242|1012|1453|1531
401857000,Jewell Loyd,away,3,1551.0,0,1436.0,250|1436|1551
401857000,Natasha Mack defensive 3-seconds (technical,home,1,,0,,283
401857000,Valeriane Ayayi,home,3,1621.0,0,347.0,291|347|1621
401857000,DeWanna Bonner,home,2,,0,2086.0,321|2086
401857000,NaLyssa Smith,away,1,,0,,561
401857000,Natasha Mack,home,3,2202.0,0,1816.0,662|1816|2202
401857000,Alyssa Thomas,home,5,1696.0,0,1426.0,1081|1426|1696|1914|2234
401857000,A'ja Wilson,away,2,,0,2218.0,1197|2218
401857000,Monique Akoa Makani,home,1,,0,,1501
401857000,Stephanie Talbot,away,2,,0,1960.0,1712|1960
401857000,Brianna Turner,away,1,,0,,1903
401857000,Chelsea Gray,away,2,,0,2350.8,1923|2351
401857000,Jovana Nogic,home,1,,0,,1967
401857001,Awa Fam,away,4,1763.3,0,219.0,139|219|1763|2043
401857001,Emily Engstler,home,4,1042.0,1,719.0,318|719|1042|1489
401857001,Carla Leite,home,2,,0,1533.0,341|1533
401857001,Frieda Buhner,home,1,,0,,493
401857001,Serah Williams,home,4,1733.0,0,516.0,516|516|1733|1733
401857001,Teja Oblak,home,1,,0,,548
401857001,Mackenzie Holmes,away,2,,0,675.0,620|675
401857001,Sarah Ashlee Barker,home,1,,0,,692
401857001,Zia Cooke,away,4,1164.4,1,1033.0,754|1033|1164|2369
401857001,Flau'jae Johnson,away,7,1098.0,1,1009.0,823|1009|1098|1627|1991|2033|2033
401857001,Bridget Carleton,home,2,,0,1178.1,1025|1178
401857001,Natisha Hiedeman,away,1,,0,,1369
401857001,Megan Gustafson,home,4,1951.0,0,1858.0,1397|1858|1951|2069
401857001,Nyadiew Puoch,home,1,,0,,1648
401857001,Jade Melbourne,away,1,,0,,2258
401857002,Naz Hillmon,away,6,1496.0,0,145.0,40|145|1496|1896|2288|2382
401857002,Angel Reese,away,5,751.0,1,683.0,151|683|751|751|855
401857002,Monique Billings,home,4,1336.0,0,1304.0,202|1304|1336|1336
401857002,Kelsey Mitchell,home,2,,0,1630.0,251|1630
401857002,Allisha Gray,away,4,2006.0,0,1459.0,280|1459|2006|2192
401857002,Aliyah Boston,home,4,2158.0,0,2158.0,313|2158|2158|2215
401857002,Isobel Borlase,away,4,1621.0,0,1140.0,497|1140|1621|1689
401857002,Myisha Hines-Allen,home,2,,0,1813.0,555|1813
401857002,Jordin Canada,away,4,1741.6,0,1597.0,638|1597|1742|2033
401857002,Sophie Cunningham,home,2,,0,1531.0,707|1531
401857002,Te-Hina Paopao,away,2,,0,1568.0,741|1568
401857002,Caitlin Clark,home,5,1147.4,1,913.0,777|913|1147|1723|1879
401857002,Isobel Borlase defensive 3-seconds (technical,away,1,,0,,868
401857002,Rhyne Howard,away,1,,0,,922
401857002,Madina Okot,away,2,,0,1169.4,958|1169
401857002,Makayla Timpson,home,2,,0,2376.9,1047|2377
401857002,Lexie Hull,home,4,1361.0,0,1254.0,1090|1254|1361|1446
401857002,Angel Reese defensive 3-seconds (technical,away,1,,0,,1516
401857002,Tyasha Harris,home,1,,0,,2103
401857002,Tyasha Harris personal,home,2,,0,2391.3,2383|2391
401857003,Diamond Miller,home,2,,0,773.0,117|773
401857003,Aaliyah Edwards,home,3,1386.0,0,251.0,124|251|1386
401857003,Leila Lacan,home,2,,0,1184.3,326|1184
401857003,Aneesah Morrow,home,3,1597.0,0,436.0,436|436|1597
401857003,Teonni Key,away,1,,0,,463
401857003,Temi Fagbenle,away,3,2377.9,0,676.0,496|676|2378
401857003,Kia Nurse,away,2,,0,965.0,561|965
401857003,Maria Conde,away,1,,0,,752
401857003,Tima Pouye,away,4,1595.0,0,909.0,880|909|1595|1827
401857003,Laura Juskaite,away,6,1538.0,0,1319.0,1015|1319|1538|1941|2233|2233
401857003,Marina Mabrey,away,4,1944.0,0,1755.5,1175|1756|1944|2239
401857003,Isabelle Harrison,away,2,,0,2323.0,1326|2323
401857003,Olivia Nelson-Ododa,home,1,,0,,1731
401857003,Julie Allemand,away,1,,0,,1879
401857003,Diamond Miller personal,home,1,,0,,2379
401857003,Saniya Rivers personal,home,2,,0,2391.0,2382|2391
401857004,Michaela Onyenwere,away,3,2214.0,0,1918.0,150|1918|2214
401857004,Sonia Citron,away,4,2041.0,0,915.0,158|915|2041|2093
401857004,Shakira Austin,away,4,1031.0,1,977.0,166|977|1031|1031
401857004,Cotie McMahon,away,2,,0,1607.0,369|1607
401857004,Pauline Astier,home,3,1742.6,0,475.0,395|475|1743
401857004,Lucy Olsen,away,4,1533.0,0,1475.0,446|1475|1533|1612
401857004,Sabrina Ionescu,home,4,2008.0,0,617.0,617|617|2008|2331
401857004,Satou Sabally,home,5,1756.1,0,1137.0,689|1137|1756|1756|1864
401857004,Han Xu,home,3,1062.0,1,772.0,772|772|1062
401857004,Jonquel Jones,home,3,2173.0,0,1403.0,783|1403|2173
401857004,Kiki Iriafen,away,3,1165.8,1,1122.0,895|1122|1166
401857004,Lauren Betts,away,2,,0,1841.0,964|1841
401857004,Leonie Fiebich,home,3,2302.0,0,1354.0,1132|1354|2302
401857004,Breanna Stewart,home,4,1462.0,0,1398.0,1234|1398|1462|1719
401857004,Georgia Amoore,away,2,,0,2351.4,1416|2351
401857004,Rebekah Gardner,home,2,,0,1675.0,1628|1675
401857004,Marine Johannes,home,1,,0,,1875
401857004,Breanna Stewart personal,home,1,,0,,2388
401857005,Veronica Burton,home,4,320.0,1,320.0,75|320|320|2376
401857005,Gabby Williams,home,4,1194.8,1,137.0,137|137|1195|1200
401857005,Olivia Miles,away,4,1491.0,0,366.0,157|366|1491|2094
401857005,Kayla Thornton,home,1,,0,,170
401857005,Nia Coffey,away,1,,0,,227
401857005,Natasha Howard,away,6,1562.0,0,565.7,339|566|1562|2116|2172|2331
401857005,Kaila Charles,home,2,,0,1661.0,358|1661
401857005,Kiah Stokes,home,1,,0,,456
401857005,Anastasiia Olairi Kosu defensive 3-seconds (technical,away,1,,0,,861
401857005,Kayla McBride,away,3,2374.0,0,1609.0,1133|1609|2374
401857005,Cecilia Zandalasini,home,2,,0,2306.0,1536|2306
401857005,Maya Caldwell,away,1,,0,,1738
401857005,Kaitlyn Chen,home,2,,0,1984.0,1906|1984
401857005,Anastasiia Olairi Kosu,away,2,,0,2340.0,1924|2340
401857005,Tiffany Hayes,home,1,,0,,2384
401857005,Janelle Salaun,home,1,,0,,2388
401857006,Monique Billings,away,5,661.0,1,548.9,19|549|661|1279|1766
401857006,Allisha Gray,home,3,2306.0,0,1168.7,92|1169|2306
401857006,Kelsey Mitchell,away,4,971.0,1,416.0,108|416|971|1828
401857006,Aliyah Boston,away,7,1006.0,1,806.0,164|806|1006|1006|1298|1298|1740
401857006,Lexie Hull,away,3,1334.0,0,855.0,173|855|1334
401857006,Jordin Canada,home,3,1481.0,0,270.0,208|270|1481
401857006,Naz Hillmon,home,3,1599.0,0,1402.0,316|1402|1599
401857006,Rhyne Howard,home,5,771.0,1,745.0,416|745|771|1868|2138
401857006,Angel Reese,home,6,1315.0,0,781.0,467|781|1315|2012|2012|2051
401857006,Myisha Hines-Allen,away,3,1155.1,1,882.0,504|882|1155
401857006,Sophie Cunningham,away,4,1907.0,0,1907.0,532|1907|1907|1907
401857006,Madina Okot,home,2,,0,2382.8,541|2383
401857006,Caitlin Clark,away,3,2186.0,0,831.0,797|831|2186
401857006,Isobel Borlase,home,2,,0,1116.0,890|1116
401857006,Raven Johnson,away,1,,0,,1816
401857006,Te-Hina Paopao,home,1,,0,,1974
401857006,Damiris Dantas,away,2,,0,2259.0,1986|2259
401857006,Rhyne Howard defensive 3-seconds (technical,home,1,,0,,2130
401857006,Tyasha Harris,away,2,,0,2295.0,2155|2295
401857007,Jade Melbourne,away,4,1022.0,1,665.0,138|665|1022|1046
401857007,Awa Fam,away,2,,0,1415.0,207|1415
401857007,Kahleah Copper,home,2,,0,1589.0,222|1589
401857007,Flau'jae Johnson,away,4,1574.0,0,787.0,509|787|1574|1634
401857007,Stefanie Dolson,away,2,,0,1677.0,510|1677
401857007,Zia Cooke,away,4,719.0,1,617.0,608|617|719|1602
401857007,Valeriane Ayayi,home,2,,0,1753.6,836|1754
401857007,Natasha Mack,home,3,2044.0,0,2044.0,1112|2044|2044
401857007,Dominique Malonga,away,2,,0,1379.0,1197|1379
401857007,Alyssa Thomas,home,1,,0,,1254
401857007,Lexi Held,home,1,,0,,1285
401857007,Noemie Brochant,home,4,1621.0,0,1468.0,1327|1468|1621|1813
401857007,Natisha Hiedeman,away,4,1864.0,0,1798.8,1660|1799|1864|1892
401857007,Katie Lou Samuelson,away,1,,0,,2153
401857007,Kyara Linskens,home,1,,0,,2271
401857007,Mackenzie Holmes,away,1,,0,,2320
401857007,Quionche Carter,home,1,,0,,2348
401857008,Awak Kuier,home,7,866.0,1,674.0,172|674|866|1319|2027|2027|2101
401857008,Sydney Taylor,away,7,1150.9,1,197.0,197|197|1151|1451|1963|2102|2364
401857008,Azzi Fudd,home,3,2206.0,0,1813.0,223|1813|2206
401857008,Kamilla Cardoso,away,7,1376.0,0,337.0,293|337|1376|2157|2186|2186|2388
401857008,Arike Ogunbowale,home,3,2330.0,0,1469.0,445|1469|2330
401857008,Alanna Smith,home,2,,0,573.7,569|574
401857008,Maddy Siegrist,home,3,1919.0,0,889.0,599|889|1919
401857008,Gabriela Jaquez,away,1,,0,,773
401857008,Jacy Sheldon,away,1,,0,,947
401857008,Skylar Diggins,away,4,1520.0,0,1520.0,1133|1520|1520|1988
401857008,Li Yueru,home,4,1618.0,0,1385.0,1164|1385|1618|2262
401857008,Sug Sutton,home,1,,0,,1469
401857008,Paige Bueckers,home,1,,0,,1489
401857008,Maddy Westbeld,away,2,,0,1633.0,1572|1633
401857008,Elizabeth Williams,away,1,,0,,1720
401857008,Azura Stevens,away,3,2199.0,0,1903.0,1899|1903|2199
401857008,Jessica Shepard personal,home,1,,0,,2364
401857008,Natasha Cloud,away,1,,0,,2369
401857009,NaLyssa Smith,home,5,1932.0,0,1784.8,316|1785|1932|2124|2124
401857009,Jewell Loyd,home,4,534.0,1,329.0,329|329|534|1556
401857009,Kayla Thornton,away,5,952.0,1,952.0,490|952|952|1369|1657
401857009,Kaila Charles,away,2,,0,1742.6,494|1743
401857009,Kaitlyn Chen,away,1,,0,,766
401857009,Jackie Young,home,3,2113.0,0,2040.0,805|2040|2113
401857009,Tiffany Hayes,away,2,,0,1484.0,817|1484
401857009,A'ja Wilson,home,1,,0,,817
401857009,Chelsea Gray,home,4,1100.0,1,1036.0,914|1036|1100|1977
401857009,Janelle Salaun,away,5,1729.0,0,1729.0,1156|1729|1729|1991|2143
401857009,Cecilia Zandalasini,away,2,,0,1364.0,1235|1364
401857009,Kierstan Bell,home,1,,0,,1677
401857009,Stephanie Talbot,home,2,,0,1955.0,1926|1955
401857009,Laeticia Amihere,away,1,,0,,2020
401857009,Brianna Turner,home,1,,0,,2286
401857010,Natasha Howard,home,5,916.0,1,156.0,156|156|916|2076|2386
401857010,Kayla McBride,home,5,2050.0,0,1135.0,247|1135|2050|2394|2396
401857010,Nia Coffey,home,4,1265.0,0,841.0,332|841|1265|1470
401857010,Kiki Iriafen,away,6,849.0,1,403.0,403|403|849|1072|1755|2395
401857010,Teaira McCowan,home,1,,0,,552
401857010,Antonia Delaere,home,1,,0,,781
401857010,Olivia Miles,home,4,1684.0,0,832.0,832|832|1684|2053
401857010,Courtney Williams,home,2,,0,1313.0,880|1313
401857010,Lucy Olsen,away,2,,0,956.0,956|956
401857010,Michaela Onyenwere,away,2,,0,2125.0,1244|2125
401857010,Sonia Citron,away,3,2087.0,0,1736.0,1341|1736|2087
401857010,Georgia Amoore,away,1,,0,,1448
401857010,Lauren Betts,away,1,,0,,1868
401857010,Maya Caldwell,home,2,,0,2014.0,1909|2014
401857010,Cotie McMahon,away,1,,0,,1933
401857010,Shakira Austin,away,1,,0,,2241
401857010,Olivia Miles personal,home,2,,0,2385.3,2382|2385
401857011,Leonie Fiebich,away,3,281.0,1,12.0,12|12|281
401857011,Ariel Atkins,home,1,,0,,145
401857011,Kelsey Plum,home,4,2142.0,0,1054.0,160|1054|2142|2298
401857011,Pauline Astier,away,2,,0,1778.2,330|1778
401857011,Dearica Hamby,home,5,1625.0,0,925.0,365|925|1625|1838|2373
401857011,Breanna Stewart,away,6,868.0,1,868.0,392|868|868|1143|2377|2390
401857011,Rae Burrell,home,2,,0,946.0,524|946
401857011,Erica Wheeler,home,3,2322.0,0,1741.8,580|1742|2322
401857011,Satou Sabally,away,4,2017.0,0,1166.0,698|1166|2017|2017
401857011,Rebekah Gardner,away,1,,0,,752
401857011,Marine Johannes,away,2,,0,2267.0,792|2267
401857011,Kiana Williams,home,2,,0,1045.0,943|1045
401857011,Sabrina Ionescu,away,2,,0,1409.0,1409|1409
401857011,Jonquel Jones,away,3,2053.0,0,1592.0,1445|1592|2053
401857011,Laura Ziegler,home,1,,0,,1638
401857011,Rebecca Allen,away,2,,0,1755.7,1681|1756
401857011,Nneka Ogwumike,home,1,,0,,2222
401857011,Nneka Ogwumike personal,home,1,,0,,2391
401857012,Skylar Diggins,away,3,1371.0,0,676.0,180|676|1371
401857012,Charlisse Leger-Walker,home,3,1442.0,0,1081.0,238|1081|1442
401857012,Kamilla Cardoso,away,4,733.0,1,296.0,279|296|733|1231
401857012,Saniya Rivers,home,2,,0,443.0,384|443
401857012,Aaliyah Edwards,home,2,,0,1853.0,406|1853
401857012,Maddy Westbeld,away,4,822.0,1,519.0,493|519|822|1609
401857012,Leila Lacan,home,4,1217.0,0,624.0,557|624|1217|1984
401857012,Brittney Griner,home,5,1504.0,0,805.0,683|805|1504|1521|1521
401857012,Diamond Miller,home,4,1339.0,0,744.0,739|744|1339|1942
401857012,Azura Stevens,away,3,1835.0,0,1140.0,984|1140|1835
401857012,Olivia Nelson-Ododa,home,4,1705.0,0,1705.0,1127|1705|1705|1797
401857012,Jacy Sheldon,away,2,,0,1906.0,1615|1906
401857012,Elizabeth Williams,away,1,,0,,1633
401857012,Sydney Taylor,away,1,,0,,1650
401857012,Gabriela Jaquez,away,1,,0,,1724
401857012,Kennedy Burke,home,2,,0,1815.0,1815|1815
401857012,Nell Angloma,home,4,2334.0,0,2270.0,1945|2270|2334|2386
401857012,Rachel Banham,away,1,,0,,2096
401857012,Raegan Beers,home,4,2307.0,0,2233.0,2233|2233|2307|2307
401857012,Saylor Poffenbarger,away,1,,0,,2262
401857012,Gianna Kneepkens,home,1,,0,,2302
401857013,Marina Mabrey,away,5,1876.0,0,956.0,96|956|1876|1876|2217
401857013,Nyara Sabally,away,3,1116.0,1,179.0,130|179|1116
401857013,Isobel Borlase,home,3,2149.0,0,366.0,282|366|2149
401857013,Temi Fagbenle,away,7,966.0,1,326.0,295|326|966|1530|1530|1850|2150
401857013,Angel Reese,home,8,435.0,1,396.0,396|396|435|1155|1155|1868|2255|2324
401857013,Laura Juskaite,away,5,1611.0,0,612.0,454|612|1611|1611|2240
401857013,Allisha Gray,home,2,,0,1620.0,469|1620
401857013,Te-Hina Paopao,home,2,,0,1694.0,545|1694
401857013,Julie Allemand,away,3,1847.0,0,1500.0,623|1500|1847
401857013,Rhyne Howard,home,6,1607.0,0,667.0,641|667|1607|1666|2196|2282
401857013,Jordin Canada,home,1,,0,,754
401857013,Sika Kone,home,2,,0,861.0,799|861
401857013,Madina Okot,home,3,2043.0,0,2005.0,988|2005|2043
401857013,Naz Hillmon,home,1,,0,,1059
401857013,Isabelle Harrison,away,1,,0,,1135
401857013,Maria Conde,away,1,,0,,1348
401857013,Indya Nivar,home,1,,0,,2303
401857013,Teonni Key,away,1,,0,,2336
401857014,Aliyah Boston,home,5,386.0,1,170.0,170|170|386|2137|2137
401857014,Caitlin Clark,home,6,1862.0,0,757.0,217|757|1862|1923|1923|2093
401857014,Lexi Held,away,4,1167.8,1,725.0,276|725|1168|1463
401857014,Kyara Linskens,away,3,1728.0,0,1549.0,431|1549|1728
401857014,Natasha Mack,away,3,778.0,1,744.0,639|744|778
401857014,Noemie Brochant,away,2,,0,1097.0,964|1097
401857014,Kelsey Mitchell,home,3,2040.0,0,1605.0,972|1605|2040
401857014,Lexie Hull,home,2,,0,1450.0,1070|1450
401857014,Kahleah Copper,away,7,2020.0,0,1941.0,1128|1941|2020|2020|2045|2168|2191
401857014,Alyssa Thomas,away,3,1474.0,0,1474.0,1321|1474|1474
401857014,Monique Billings,home,4,1820.0,0,1558.0,1558|1558|1820|2205
401857014,Raven Johnson,home,4,2160.0,0,1868.0,1754|1868|2160|2334
401857014,Double,away,2,,0,1923.0,1923|1923
401857014,Myisha Hines-Allen,home,2,,0,1931.0,1931|1931
401857014,DeWanna Bonner,away,1,,0,,1982
401857014,Valeriane Ayayi,away,3,2390.2,0,2299.0,2055|2299|2390
401857014,Shay Ciezki,away,1,,0,,2325
401857014,Grace VanSlooten,home,3,2397.4,0,2370.2,2370|2370|2397
401857015,Maddy Siegrist,away,1,,0,,468
401857015,Sug Sutton,away,2,,0,1921.0,500|1921
401857015,Aziaha James,away,4,2053.0,0,1677.0,581|1677|2053|2633
401857015,Stefanie Dolson,home,1,,0,,662
401857015,Awak Kuier,away,1,,0,,741
401857015,Katie Lou Samuelson,home,3,1931.0,0,1475.0,797|1475|1931
401857015,Awa Fam,home,3,1782.3,0,1752.5,1005|1752|1782
401857015,Arike Ogunbowale,away,1,,0,,1035
401857015,Natisha Hiedeman,home,1,,0,,1382
401857015,Li Yueru,away,2,,0,1944.0,1393|1944
401857015,Jessica Shepard,away,2,,0,2173.0,1476|2173
401857015,Dominique Malonga,home,2,,0,1877.0,1576|1877
401857015,Paige Bueckers,away,1,,0,,2462
401857015,Flau'jae Johnson,home,1,,0,,2596
401857015,Natisha Hiedeman personal,home,1,,0,,2698
401857016,NaLyssa Smith,home,2,,0,1600.0,79|1600
401857016,Satou Sabally,away,1,,0,,269
401857016,Cheyenne Parker-Tyus,home,3,2300.0,0,1971.0,527|1971|2300
401857016,Pauline Astier,away,5,1948.0,0,1656.0,649|1656|1948|2318|2324
401857016,Kierstan Bell,home,1,,0,,735
401857016,Betnijah Laney-Hamilton,away,3,1483.0,0,1483.0,748|1483|1483
401857016,Stephanie Talbot,home,1,,0,,840
401857016,Jackie Young,home,2,,0,1078.0,857|1078
401857016,Jonquel Jones,away,4,1400.0,0,1386.0,919|1386|1400|1472
401857016,Jewell Loyd,home,4,1610.0,0,1610.0,1378|1610|1610|1917
401857016,A'ja Wilson,home,2,,0,2055.0,1459|2055
401857016,Han Xu defensive 3-seconds (technical,away,1,,0,,1981
401857017,Aliyah Boston,home,7,1694.0,0,1530.0,60|1530|1694|1878|1878|2268|2268
401857017,Lexi Held,away,2,,0,1347.0,129|1347
401857017,Alyssa Thomas,away,6,1007.0,1,387.0,387|387|1007|1409|1409|1756
401857017,Kahleah Copper,away,4,2268.0,0,939.0,412|939|2268|2364
401857017,Raven Johnson,home,3,2343.1,0,1614.0,491|1614|2343
401857017,Marta Suarez,away,3,1694.0,0,1633.0,501|1633|1694
401857017,Valeriane Ayayi,away,2,,0,815.0,555|815
401857017,Myisha Hines-Allen,home,2,,0,1644.0,594|1644
401857017,Kelsey Mitchell,home,7,1885.0,0,1281.0,684|1281|1885|2250|2275|2378|2378
401857017,DeWanna Bonner,away,3,1796.0,0,1352.0,723|1352|1796
401857017,Caitlin Clark,home,2,,0,863.0,733|863
401857017,Monique Billings,home,3,1694.0,0,969.0,911|969|1694
401857017,Lexie Hull,home,4,1898.0,0,1855.0,1397|1855|1898|2379
401857017,Noemie Brochant,away,1,,0,,1417
401857017,Sophie Cunningham,home,3,1779.1,0,1779.1,1536|1779|1779
401857017,Marta Suarez defensive 3-seconds (technical,away,1,,0,,1658
401857017,Tyasha Harris,home,1,,0,,1767
401857017,Sophie Cunningham personal,home,1,,0,,2394
401857018,Michaela Onyenwere,home,5,1623.0,0,1168.9,121|1169|1623|2059|2398
401857018,Nia Coffey,away,7,913.0,1,309.0,161|309|913|1405|1816|1816|2400
401857018,Shakira Austin,home,3,727.0,1,727.0,183|727|727
401857018,Olivia Miles,away,4,549.2,1,549.2,497|549|549|1654
401857018,Anastasiia Olairi Kosu,away,3,1689.0,0,593.1,535|593|1689
401857018,Kayla McBride,away,3,2234.0,0,1753.3,677|1753|2234
401857018,Natasha Howard,away,6,1431.0,0,687.0,687|687|1431|1558|1924|2336
401857018,Georgia Amoore,home,5,1027.0,1,696.0,696|696|1027|1584|1947
401857018,Courtney Williams defensive 3-seconds (technical,away,1,,0,,726
401857018,Antonia Delaere,away,1,,0,,811
401857018,Lauren Betts,home,6,1808.0,0,975.0,975|975|1808|1808|2007|2260
401857018,Kiki Iriafen,home,2,,0,2287.0,984|2287
401857018,Teaira McCowan,away,2,,0,1840.0,1162|1840
401857018,Courtney Williams,away,1,,0,,1186
401857018,Sonia Citron,home,3,1913.0,0,1468.0,1441|1468|1913
401857018,Angela Dugalic,home,1,,0,,1472
401857018,Maya Caldwell,away,1,,0,,1822
401857018,Alicia Florez,home,1,,0,,2087
401857019,Bridget Carleton,away,1,,0,,43
401857019,Emily Engstler,away,5,1716.0,0,506.0,77|506|1716|1777|1929
401857019,Skylar Diggins,home,2,,0,1944.0,108|1944
401857019,Kamilla Cardoso,home,2,,0,1218.0,160|1218
401857019,Luisa Geiselsoder,away,3,1598.0,0,1523.0,410|1523|1598
401857019,Jacy Sheldon,home,5,1702.0,0,1656.0,519|1656|1702|2017|2024
401857019,Megan Gustafson,away,5,1463.0,0,1463.0,613|1463|1463|1467|2164
401857019,Sarah Ashlee Barker,away,1,,0,,614
401857019,Carla Leite,away,3,1848.0,0,1747.3,653|1747|1848
401857019,Rachel Banham,home,2,,0,697.0,688|697
401857019,Sydney Taylor,home,4,1331.0,0,979.0,974|979|1331|1437
401857019,Gabriela Jaquez,home,1,,0,,1153
401857019,Frieda Buhner,away,1,,0,,1520
401857019,Natasha Cloud,home,1,,0,,1614
401857019,Serah Williams,away,3,1808.0,0,1808.0,1673|1808|1808
401857019,Karlie Samuelson,away,1,,0,,2003
401857019,Azura Stevens,home,1,,0,,2079
401857019,Holly Winterburn,away,1,,0,,2267
401857020,Cecilia Zandalasini,home,5,1136.0,1,1007.0,109|1007|1136|1379|2181
401857020,Angel Reese,away,2,,0,305.0,153|305
401857020,Naz Hillmon,away,1,,0,,234
401857020,Rhyne Howard,away,2,,0,1254.0,275|1254
401857020,Te-Hina Paopao,away,2,,0,1455.0,312|1455
401857020,Janelle Salaun,home,2,,0,441.0,367|441
401857020,Kaitlyn Chen,home,1,,0,,496
401857020,Jordin Canada,away,1,,0,,724
401857020,Gabby Williams,home,1,,0,,770
401857020,Kiah Stokes,home,5,1746.1,0,1746.1,839|1746|1746|1800|2145
401857020,Isobel Borlase,away,2,,0,2053.0,904|2053
401857020,Veronica Burton,home,1,,0,,1179
401857020,Allisha Gray,away,2,,0,1338.0,1282|1338
401857020,Laeticia Amihere,home,2,,0,1519.0,1390|1519
401857020,Sika Kone,away,4,2078.0,0,2078.0,1555|2078|2078|2117
401857020,Kayla Thornton,home,3,2279.0,0,2214.0,1612|2214|2279
401857020,Indya Nivar,away,1,,0,,1825
401857020,Tiffany Hayes,home,1,,0,,1988
401857021,Dearica Hamby,away,3,1385.0,0,1016.0,82|1016|1385
401857021,Rae Burrell,away,2,,0,252.0,113|252
401857021,Ariel Atkins,away,6,221.0,1,221.0,120|221|221|765|1210|1210
401857021,Jihyun Park,away,3,1510.0,0,397.0,252|397|1510
401857021,Marina Mabrey,home,2,,0,1541.0,264|1541
401857021,Nyara Sabally,home,5,1245.0,0,695.0,270|695|1245|1998|2100
401857021,Temi Fagbenle,home,2,,0,1797.4,321|1797
401857021,Erica Wheeler,away,4,1926.0,0,1004.0,329|1004|1926|1982
401857021,Kia Nurse,home,3,2336.0,0,1182.0,512|1182|2336
401857021,Nneka Ogwumike,away,1,,0,,552
401857021,Maria Conde,home,2,,0,993.0,713|993
401857021,Tima Pouye,home,5,1498.0,0,1074.0,1041|1074|1498|2392|2392
401857021,Julie Allemand,home,2,,0,1829.0,1429|1829
401857021,Emma Cannon,away,1,,0,,1655
401857021,Laura Juskaite,home,1,,0,,1703
401857021,Kiana Williams,away,2,,0,1954.0,1890|1954
401857021,Laura Ziegler,away,2,,0,2353.8,2307|2354
401857021,Teonni Key,home,1,,0,,2325
401857021,Chance Gray,away,1,,0,,2371
401857021,Isabelle Harrison,home,1,,0,,2384
401857022,Jackie Young,home,3,1664.0,0,1630.0,161|1630|1664
401857022,A'ja Wilson,home,4,1184.9,1,277.0,277|277|1185|2035
401857022,Maddy Siegrist,away,3,2048.0,0,1920.0,377|1920|2048
401857022,Li Yueru,away,1,,0,,433
401857022,Sug Sutton,away,1,,0,,536
401857022,Aziaha James,away,3,1398.0,0,1398.0,550|1398|1398
401857022,NaLyssa Smith,home,3,2309.0,0,2309.0,563|2309|2309
401857022,Cheyenne Parker-Tyus,home,4,1670.0,0,873.0,613|873|1670|2372
401857022,Awak Kuier,away,4,1265.0,0,824.0,674|824|1265|1443
401857022,Chelsea Gray,home,5,1017.0,1,1017.0,788|1017|1017|1424|1424
401857022,Azzi Fudd,away,2,,0,1315.0,912|1315
401857022,Stephanie Talbot,home,2,,0,2190.0,935|2190
401857022,Arike Ogunbowale,away,4,1982.0,0,1195.5,950|1196|1982|2106
401857022,Jessica Shepard,away,3,2020.0,0,1168.4,978|1168|2020
401857022,Alysha Clark,away,2,,0,1294.0,1285|1294
401857022,Paige Bueckers,away,2,,0,1707.0,1509|1707
401857022,Jewell Loyd,home,3,2002.0,0,1764.8,1530|1765|2002
401857022,Paige Bueckers personal,away,1,,0,,2247
401857023,Awa Fam,home,4,1196.5,1,75.0,75|75|1196|1255
401857023,Stefanie Dolson,home,5,1389.0,0,1261.0,663|1261|1389|1389|1460
401857023,Marine Johannes,away,1,,0,,740
401857023,Zia Cooke,home,1,,0,,762
401857023,Pauline Astier,away,3,1502.0,0,1413.0,814|1413|1502
401857023,Dominique Malonga,home,5,1625.0,0,1553.0,983|1553|1625|2141|2311
401857023,Betnijah Laney-Hamilton,away,3,2338.0,0,1894.0,1182|1894|2338
401857023,Sabrina Ionescu,away,4,1588.0,0,1351.0,1303|1351|1588|2215
401857023,Katie Lou Samuelson,home,1,,0,,1336
401857023,Flau'jae Johnson,home,4,2246.0,0,1874.0,1528|1874|2246|2265
401857023,Jade Melbourne,home,2,,0,2334.0,1529|2334
401857023,Leonie Fiebich,away,2,,0,2133.0,1536|2133
401857023,Natisha Hiedeman,home,1,,0,,2006
401857023,Jonquel Jones,away,1,,0,,2105
401857023,Rebekah Gardner,away,1,,0,,2327
401857024,Shakira Austin,away,1,,0,,0
401857024,Olivia Nelson-Ododa,home,4,669.0,1,452.0,137|452|669|2060
401857024,Kiki Iriafen,away,6,1214.0,0,914.0,154|914|1214|1214|1561|2215
401857024,Brittney Griner,home,6,1419.0,0,399.0,212|399|1419|1789|2304|2304
401857024,Leila Lacan,home,3,1159.0,1,399.0,338|399|1159
401857024,Lauren Betts,away,3,1708.0,0,494.0,410|494|1708
401857024,Charlisse Leger-Walker,home,3,1698.0,0,1383.0,658|1383|1698
401857024,Angela Dugalic,away,1,,0,,670
401857024,Georgia Amoore,away,5,1080.0,1,1030.0,715|1030|1080|1080|2334
401857024,Kennedy Burke,home,2,,0,1625.0,1080|1625
401857024,Michaela Onyenwere,away,2,,0,1246.0,1246|1246
401857024,Diamond Miller,home,1,,0,,1449
401857024,Aaliyah Edwards,home,1,,0,,1823
401857024,Ashlon Jackson,home,1,,0,,1867
401857025,Megan Gustafson,away,5,1854.0,0,980.0,62|980|1854|2071|2208
401857025,Emily Engstler,away,2,,0,194.0,96|194
401857025,Sydney Taylor,home,4,1710.0,0,583.4,240|583|1710|1917
401857025,Nyadiew Puoch,away,3,1554.0,0,1456.0,246|1456|1554
401857025,Azura Stevens,home,2,,0,2198.0,393|2198
401857025,Courtney Vandersloot,home,2,,0,1603.0,409|1603
401857025,Jordan Harrison,away,3,842.0,1,491.0,424|491|842
401857025,Bridget Carleton,away,3,2083.0,0,1275.0,472|1275|2083
401857025,Jacy Sheldon,home,3,1196.1,1,638.0,576|638|1196
401857025,Elizabeth Williams,home,2,,0,1640.0,678|1640
401857025,Kamilla Cardoso,home,2,,0,1507.0,800|1507
401857025,Natasha Cloud,home,3,1951.0,0,1025.0,872|1025|1951
401857025,Serah Williams,away,2,,0,1660.0,944|1660
401857025,Skylar Diggins,home,1,,0,,1251
401857025,Gabriela Jaquez defensive 3-seconds (technical,home,1,,0,,1445
401857025,Teja Oblak,away,3,1709.0,0,1709.0,1627|1709|1709
401857025,Sarah Ashlee Barker,away,1,,0,,1710
401857025,Carla Leite,away,1,,0,,1906
401857025,Frieda Buhner,away,1,,0,,1938
401857025,Rachel Banham,home,1,,0,,2340
401857026,Angel Reese,away,6,1187.9,1,214.0,104|214|1188|1188|2384|2394
401857026,Jordin Canada,away,3,2212.0,0,1869.0,145|1869|2212
401857026,Veronica Burton,home,1,,0,,154
401857026,Kaila Charles,home,3,1732.0,0,641.0,488|641|1732
401857026,Tiffany Hayes,home,3,1845.0,0,1558.0,652|1558|1845
401857026,Laeticia Amihere,home,3,1962.0,0,1631.0,743|1631|1962
401857026,Kaitlyn Chen,home,3,1509.0,0,934.0,772|934|1509
401857026,Rhyne Howard,away,6,1540.0,0,947.0,889|947|1540|1967|1967|2336
401857026,Cecilia Zandalasini,home,1,,0,,975
401857026,Kiah Stokes,home,6,2050.0,0,1756.0,1362|1756|2050|2197|2323|2374
401857026,Allisha Gray,away,4,1761.5,0,1743.5,1404|1744|1762|2226
401857026,Madina Okot,away,1,,0,,1544
401857026,Janelle Salaun,home,2,,0,1781.4,1576|1781
401857026,Naz Hillmon,away,2,,0,2037.0,1710|2037
401857026,Indya Nivar,away,1,,0,,2376
401857027,Noemie Brochant,away,1,,0,,80
401857027,Kia Nurse,home,3,2382.9,0,648.0,257|648|2383
401857027,Kahleah Copper,away,4,2312.0,0,409.0,333|409|2312|2312
401857027,Marta Suarez,away,1,,0,,338
401857027,Tima Pouye,home,5,1898.0,0,1467.0,428|1467|1898|2200|2358
401857027,Temi Fagbenle,home,2,,0,1572.0,514|1572
401857027,Nyara Sabally,home,5,761.0,1,737.0,530|737|761|1225|1681
401857027,Laura Juskaite,home,2,,0,1032.0,544|1032
401857027,Isabelle Harrison,home,5,2075.0,0,2075.0,674|2075|2075|2112|2375
401857027,Quionche Carter,away,2,,0,1768.9,702|1769
401857027,Kyara Linskens,away,3,1287.0,0,837.0,722|837|1287
401857027,Maria Conde,home,3,2240.0,0,794.0,731|794|2240
401857027,Valeriane Ayayi,away,5,2019.0,0,1943.0,943|1943|2019|2210|2298
401857027,DeWanna Bonner,away,2,,0,2260.0,1783|2260
401857028,Dearica Hamby,away,6,1599.0,0,1128.0,136|1128|1599|1733|1846|1906
401857028,Ariel Atkins,away,4,905.0,1,482.0,350|482|905|1299
401857028,Makayla Timpson defensive 3-seconds (technical,home,1,,0,,405
401857028,Kelsey Mitchell,home,3,610.0,1,433.0,433|433|610
401857028,Laura Ziegler,away,2,,0,591.2,513|591
401857028,Aliyah Boston,home,3,1434.0,0,535.0,535|535|1434
401857028,Rae Burrell,away,4,1192.6,1,725.0,695|725|1193|1679
401857028,Monique Billings,home,2,,0,1723.0,730|1723
401857028,Sophie Cunningham,home,3,1611.0,0,1110.0,808|1110|1611
401857028,Erica Wheeler,away,2,,0,1211.0,815|1211
401857028,Emma Cannon,away,2,,0,2301.0,908|2301
401857028,Raven Johnson,home,4,2131.0,0,2125.0,916|2125|2131|2235
401857028,Makayla Timpson,home,1,,0,,1142
401857028,Lexie Hull,home,5,1489.0,0,1465.0,1308|1465|1489|2012|2088
401857028,Jihyun Park,away,1,,0,,1351
401857028,Myisha Hines-Allen,home,3,1580.0,0,1530.0,1530|1530|1580
401857028,Chance Gray,away,1,,0,,1657
401857028,Damiris Dantas,home,2,,0,2288.0,2268|2288
401857028,Kiana Williams,away,1,,0,,2353
401857028,Grace VanSlooten,home,1,,0,,2368
401857029,Flau'jae Johnson,home,3,2011.0,0,906.0,90|906|2011
401857029,Allisha Gray,away,5,1350.0,0,1238.0,237|1238|1350|1821|2181
401857029,Dominique Malonga,home,7,1429.0,0,664.0,270|664|1429|1863|2069|2069|2267
401857029,Awa Fam,home,6,1749.2,0,376.0,376|376|1749|1749|2023|2054
401857029,Natisha Hiedeman,home,1,,0,,417
401857029,Rhyne Howard,away,1,,0,,450
401857029,Stefanie Dolson,home,4,880.0,1,560.8,550|561|880|1979
401857029,Isobel Borlase,away,2,,0,1516.0,576|1516
401857029,Te-Hina Paopao,away,1,,0,,1044
401857029,Angel Reese,away,2,,0,1258.0,1258|1258
401857029,Jade Melbourne,home,2,,0,1385.0,1336|1385
401857029,Madina Okot,away,1,,0,,1504
401857029,Jordin Canada,away,4,2258.0,0,1989.0,1602|1989|2258|2320
401857029,Awa Fam defensive 3-seconds (technical,home,1,,0,,1728
401857029,Sika Kone,away,1,,0,,2147
401857029,Indya Nivar,away,1,,0,,2331
401857029,Zia Cooke,home,1,,0,,2366
401857029,Amy Okonkwo,away,1,,0,,2379
401857030,Paige Bueckers,home,3,1448.0,0,1041.0,103|1041|1448
401857030,Courtney Williams,away,2,,0,2081.0,109|2081
401857030,Natasha Howard,away,2,,0,1340.0,224|1340
401857030,Maya Caldwell,away,1,,0,,466
401857030,Jessica Shepard,home,4,1980.0,0,1364.0,580|1364|1980|2061
401857030,Liatu King,away,2,,0,1750.5,683|1750
401857030,Antonia Delaere,away,2,,0,693.0,693|693
401857030,Nia Coffey,away,3,2183.0,0,1352.0,705|1352|2183
401857030,Maddy Siegrist,home,2,,0,1872.0,932|1872
401857030,Azzi Fudd,home,3,2279.0,0,1950.0,991|1950|2279
401857030,Olivia Miles,away,3,1800.0,0,1106.0,1002|1106|1800
401857030,Kayla McBride,away,2,,0,1901.0,1166|1901
401857030,Arike Ogunbowale,home,2,,0,1314.0,1314|1314
401857030,Aziaha James,home,1,,0,,1548
401857030,Li Yueru,home,1,,0,,1578
401857031,Megan Gustafson,away,7,1162.4,1,309.0,22|309|1162|3272|3399|3547|3547
401857031,Carla Leite,away,6,1872.0,0,1238.0,81|1238|1872|1872|2304|2392
401857031,Cotie McMahon,home,3,1692.0,0,719.0,491|719|1692
401857031,Angela Dugalic,home,1,,0,,523
401857031,Jordan Harrison,away,2,,0,984.0,530|984
401857031,Lucy Olsen,home,3,1150.9,1,1035.0,559|1035|1151
401857031,Lauren Betts,home,1,,0,,610
401857031,Georgia Amoore,home,1,,0,,698
401857031,Frieda Buhner,away,3,2050.0,0,1467.0,778|1467|2050
401857031,Georgia Amoore personal,home,1,,0,,847
401857031,Emily Engstler,away,6,2372.5,0,1884.0,985|1884|2372|2420|3116|3161
401857031,Nyadiew Puoch,away,2,,0,2083.0,1009|2083
401857031,Sarah Ashlee Barker,away,4,2083.0,0,1339.0,1025|1339|2083|2270
401857031,Sonia Citron,home,5,1397.0,0,1286.0,1286|1286|1397|1913|1913
401857031,Bridget Carleton,away,6,2297.0,0,1382.0,1382|1382|2297|3084|3165|3415
401857031,Serah Williams,away,2,,0,1666.0,1513|1666
401857031,Kiki Iriafen,home,6,3041.0,0,2823.0,1987|2823|3041|3135|3323|3503
401857031,Teja Oblak,away,2,,0,2110.0,2110|2110
401857031,Alicia Florez,home,1,,0,,2315
401857031,Sarah Ashlee Barker personal,away,1,,0,,2386
401857031,Bridget Carleton personal,away,1,,0,,2690
401857031,Michaela Onyenwere,home,2,,0,3051.0,2897|3051
401857031,Nyadiew Puoch personal,away,1,,0,,3289
401857031,Shakira Austin,home,1,,0,,3587
401857032,Azura Stevens,home,4,1333.0,0,1078.0,63|1078|1333|2215
401857032,Kamilla Cardoso,home,4,2028.0,0,1993.0,99|1993|2028|2252
401857032,NaLyssa Smith,away,6,409.0,1,409.0,182|409|409|1550|1742|1750
401857032,Courtney Vandersloot,home,1,,0,,366
401857032,Elizabeth Williams,home,1,,0,,471
401857032,Natasha Cloud,home,5,1020.0,1,807.0,477|807|1020|1879|2013
401857032,Jewell Loyd,away,3,2126.0,0,1590.0,527|1590|2126
401857032,Gabriela Jaquez,home,1,,0,,611
401857032,Aicha Coulibaly,home,1,,0,,667
401857032,Skylar Diggins,home,5,1147.6,1,862.0,790|862|1148|1314|2357
401857032,Kierstan Bell,away,1,,0,,816
401857032,Jackie Young,away,2,,0,2340.7,821|2341
401857032,A'ja Wilson,away,2,,0,1454.0,823|1454
401857032,Chelsea Gray,away,3,2366.2,0,2003.0,1009|2003|2366
401857032,Sydney Taylor,home,3,2319.0,0,2016.0,1598|2016|2319
401857032,Jacy Sheldon,home,2,,0,1715.0,1651|1715
401857032,Chennedy Carter,away,2,,0,2175.0,1768|2175
401857032,Stephanie Talbot,away,3,2260.0,0,2154.0,1975|2154|2260
401857033,Breanna Stewart,away,4,978.0,1,978.0,76|978|978|997
401857033,Jonquel Jones,away,5,1164.3,1,1164.3,92|1164|1164|1314|1796
401857033,Kayla Thornton,home,5,1068.0,1,158.0,158|158|1068|2055|2257
401857033,Pauline Astier,away,4,1226.0,0,624.0,182|624|1226|1941
401857033,Kiah Stokes,home,3,2148.0,0,2135.0,205|2135|2148
401857033,Veronica Burton,home,2,,0,2055.0,225|2055
401857033,Leonie Fiebich,away,2,,0,485.0,246|485
401857033,Betnijah Laney-Hamilton,away,2,,0,1885.0,419|1885
401857033,Kaitlyn Chen,home,5,780.0,1,669.0,520|669|780|1724|1777
401857033,Rebekah Gardner,away,1,,0,,557
401857033,Tiffany Hayes,home,3,1534.0,0,1470.0,714|1470|1534
401857033,Laeticia Amihere,home,5,809.0,1,809.0,748|809|809|857|1496
401857033,Marine Johannes,away,2,,0,800.0,761|800
401857033,Jonquel Jones defensive 3-seconds (technical,away,1,,0,,957
401857033,Sabrina Ionescu,away,1,,0,,1056
401857033,Leonie Fiebich defensive 3-seconds (technical,away,1,,0,,1216
401857033,Cecilia Zandalasini,home,1,,0,,1324
401857033,Raquel Carrera,away,2,,0,2231.0,1822|2231
401857033,Janelle Salaun,home,1,,0,,1919
401857033,Kaila Charles,home,1,,0,,2328
401857321,Brianna Turner,away,3,1968.0,0,1762.5,219|1762|1968
401857321,Chennedy Carter,away,3,1113.0,1,552.7,244|553|1113
401857321,Pauline Astier,home,4,1776.3,0,1057.0,252|1057|1776|2215
401857321,Breanna Stewart,home,2,,0,2162.0,322|2162
401857321,Sabrina Ionescu,home,5,1740.9,0,393.0,393|393|1741|1741|2089
401857321,Leonie Fiebich,home,5,1222.0,0,568.5,458|568|1222|1529|1985
401857321,Cheyenne Parker-Tyus,away,4,934.0,1,847.0,471|847|934|2243
401857321,Jewell Loyd,away,3,2153.0,0,1194.1,524|1194|2153
401857321,NaLyssa Smith,away,2,,0,1392.0,637|1392
401857321,Raquel Carrera,home,2,,0,1681.0,648|1681
401857321,Chelsea Gray,away,5,1767.0,0,1005.0,740|1005|1767|1843|2073
401857321,Jackie Young,away,4,1348.0,0,1270.0,838|1270|1348|2051
401857321,Jonquel Jones,home,3,2319.0,0,1054.0,946|1054|2319
401857034,Jordin Canada,away,5,1994.0,0,587.1,36|587|1994|1999|2106
401857034,Cotie McMahon,home,6,1411.0,0,62.0,62|62|1411|1604|1914|2208
401857034,Angel Reese,away,7,1092.0,1,1092.0,90|1092|1092|1181|1353|1578|2398
401857034,Georgia Amoore,home,3,1240.0,0,183.0,123|183|1240
401857034,Lauren Betts,home,2,,0,420.0,420|420
401857034,Alicia Florez,home,2,,0,1025.0,482|1025
401857034,Sika Kone,away,3,934.0,1,934.0,557|934|934
401857034,Kiki Iriafen,home,6,1442.0,0,1442.0,738|1442|1442|2044|2044|2260
401857034,Michaela Onyenwere,home,4,1944.0,0,822.0,822|822|1944|1944
401857034,Madina Okot,away,2,,0,1586.0,859|1586
401857034,Rhyne Howard,away,3,2066.0,0,2066.0,1051|2066|2066
401857034,Allisha Gray,away,3,1658.0,0,1658.0,1314|1658|1658
401857034,Shakira Austin,home,3,2230.0,0,1766.1,1353|1766|2230
401857034,Isobel Borlase,away,2,,0,1525.0,1411|1525
401857034,Double,home,1,,0,,1470
401857034,Naz Hillmon,away,2,,0,2387.5,1618|2388
401857034,Cassandre Prosper,home,3,2057.0,0,1724.0,1650|1724|2057
401857034,Indya Nivar,away,1,,0,,2389
401857035,Awak Kuier,away,3,1372.0,0,1246.0,139|1246|1372
401857035,Brittney Griner,home,6,1272.0,0,1272.0,159|1272|1272|1553|2005|2073
401857035,Azzi Fudd,away,3,1497.0,0,877.0,255|877|1497
401857035,Alanna Smith,away,2,,0,444.0,313|444
401857035,Diamond Miller,home,5,1513.0,0,1003.0,414|1003|1513|1841|1884
401857035,Aaliyah Edwards,home,5,1742.7,0,1078.0,560|1078|1743|1743|2374
401857035,Maddy Siegrist,away,3,1543.0,0,829.0,652|829|1543
401857035,Saniya Rivers,home,2,,0,1696.0,674|1696
401857035,Aziaha James,away,3,1776.0,0,1570.0,910|1570|1776
401857035,Paige Bueckers,away,6,1964.0,0,1811.0,1057|1811|1964|2128|2128|2333
401857035,Olivia Nelson-Ododa,home,5,1407.0,0,1407.0,1088|1407|1407|1607|1674
401857035,Jessica Shepard,away,5,1235.0,0,1235.0,1235|1235|1235|1658|2230
401857035,Arike Ogunbowale,away,3,2162.0,0,2108.0,1368|2108|2162
401857035,Charlisse Leger-Walker,home,2,,0,2323.0,2265|2323
401857035,Aaliyah Edwards personal,home,1,,0,,2397
401857036,DeWanna Bonner,home,3,2063.0,0,1549.0,131|1549|2063
401857036,Awa Fam,away,3,1135.0,1,916.0,150|916|1135
401857036,Jade Melbourne,away,2,,0,1439.0,284|1439
401857036,Katie Lou Samuelson,away,3,405.0,1,374.0,288|374|405
401857036,Flau'jae Johnson,away,4,1743.7,0,1159.0,334|1159|1744|1915
401857036,Valeriane Ayayi,home,3,1172.4,1,895.0,425|895|1172
401857036,Zia Cooke,away,1,,0,,540
401857036,Quionche Carter,home,1,,0,,560
401857036,Dominique Malonga,away,4,1455.0,0,1288.0,571|1288|1455|1455
401857036,Monique Akoa Makani,home,2,,0,2017.0,682|2017
401857036,Jordan Horston,away,1,,0,,1755
401857036,Kahleah Copper,home,3,2170.0,0,1831.0,1831|1831|2170
401857036,Alyssa Thomas,home,2,,0,1948.0,1948|1948
401857036,Taylor Thierry,away,1,,0,,2340
401857036,Marta Suarez,home,2,,0,2349.0,2349|2349
401857037,Olivia Miles,away,3,1715.0,0,286.0,72|286|1715
401857037,Leonie Fiebich,home,4,1647.0,0,729.0,376|729|1647|1879
401857037,Marine Johannes,home,1,,0,,385
401857037,Courtney Williams,away,3,2288.0,0,769.0,464|769|2288
401857037,Pauline Astier,home,3,621.0,1,485.0,485|485|621
401857037,Han Xu,home,1,,0,,499
401857037,Rebekah Gardner,home,1,,0,,639
401857037,Anastasiia Olairi Kosu,away,2,,0,894.0,702|894
401857037,Jonquel Jones,home,2,,0,880.0,821|880
401857037,Natasha Howard,away,4,1699.0,0,1155.8,1013|1156|1699|1939
401857037,Breanna Stewart,home,2,,0,1031.0,1031|1031
401857037,Antonia Delaere,away,1,,0,,1102
401857037,Sabrina Ionescu,home,1,,0,,1510
401857037,Kayla McBride,away,1,,0,,1947
401857037,Maya Caldwell,away,1,,0,,2058
401857038,Azura Stevens,away,3,1430.0,0,304.0,95|304|1430
401857038,Kamilla Cardoso,away,5,1208.0,0,180.0,165|180|1208|1208|1434
401857038,Stephanie Talbot defensive 3-seconds (technical,home,1,,0,,192
401857038,Aicha Coulibaly,away,3,994.0,1,994.0,315|994|994
401857038,Chelsea Gray,home,2,,0,1643.0,446|1643
401857038,Jackie Young,home,4,1494.0,0,502.0,502|502|1494|1979
401857038,Cheyenne Parker-Tyus,home,2,,0,2408.0,511|2408
401857038,Kierstan Bell,home,3,2084.0,0,571.4,540|571|2084
401857038,Jacy Sheldon,away,3,1882.0,0,1158.0,590|1158|1882
401857038,Courtney Vandersloot,away,2,,0,745.0,633|745
401857038,Skylar Diggins,away,2,,0,2253.0,695|2253
401857038,NaLyssa Smith,home,4,1362.0,0,1280.0,762|1280|1362|2037
401857038,Natasha Cloud,away,5,2119.0,0,1463.0,987|1463|2119|2630|2630
401857038,Chennedy Carter,home,2,,0,1469.0,1029|1469
401857038,Elizabeth Williams,away,2,,0,1106.0,1048|1106
401857038,Gabriela Jaquez,away,2,,0,1306.0,1177|1306
401857038,Jewell Loyd,home,1,,0,,1271
401857038,Stephanie Talbot,home,2,,0,1904.0,1782|1904
401857038,Sydney Taylor,away,4,2343.3,0,2057.0,1990|2057|2343|2674
401857038,Sydney Taylor personal,away,1,,0,,2689
401857039,Allisha Gray,home,6,1073.0,1,576.7,189|577|1073|1789|1789|2070
401857039,Rhyne Howard,home,2,,0,1130.0,208|1130
401857039,Kiah Stokes,away,6,1697.0,0,1327.0,242|1327|1697|1697|1707|2055
401857039,Angel Reese,home,5,1034.0,1,1034.0,360|1034|1034|1154|2273
401857039,Kaila Charles,away,4,2140.0,0,886.0,391|886|2140|2173
401857039,Naz Hillmon,home,3,2156.0,0,1829.0,467|1829|2156
401857039,Janelle Salaun,away,2,,0,2098.0,527|2098
401857039,Gabby Williams,away,3,2340.6,0,1539.0,706|1539|2341
401857039,Veronica Burton,away,4,2187.0,0,1996.0,724|1996|2187|2187
401857039,Te-Hina Paopao,home,1,,0,,812
401857039,Cecilia Zandalasini,away,4,1073.0,1,1073.0,879|1073|1073|2107
401857039,Laeticia Amihere,away,3,1655.0,0,1129.0,939|1129|1655
401857039,Indya Nivar,home,1,,0,,1009
401857039,Madina Okot,home,1,,0,,1069
401857039,Jordin Canada,home,2,,0,1723.0,1492|1723
401857039,Tiffany Hayes,away,2,,0,1840.0,1812|1840
401857039,Kaitlyn Chen,away,3,1960.0,0,1960.0,1929|1960|1960
401857039,Kayla Thornton,away,1,,0,,2204
401857039,Angel Reese personal,home,2,,0,2393.5,2380|2394
401857040,Awa Fam,home,3,2062.0,0,577.6,78|578|2062
401857040,Jade Melbourne,home,5,1327.0,0,1242.0,160|1242|1327|1431|1908
401857040,Dominique Malonga,home,3,642.0,1,235.0,174|235|642
401857040,Carla Leite,away,5,855.0,1,766.0,264|766|855|1747|1943
401857040,Frieda Buhner,away,2,,0,1677.0,478|1677
401857040,Sarah Ashlee Barker,away,4,2241.0,0,1895.0,708|1895|2241|2344
401857040,Flau'jae Johnson,home,3,2292.0,0,932.0,847|932|2292
401857040,Bridget Carleton,away,2,,0,1392.0,867|1392
401857040,Serah Williams,away,3,2109.0,0,1068.0,1068|1068|2109
401857040,Megan Gustafson,away,3,1921.0,0,1356.0,1166|1356|1921
401857040,Emily Engstler,away,1,,0,,1373
401857040,Ezi Magbegor,home,2,,0,2076.0,1580|2076
401857040,Stefanie Dolson,home,1,,0,,1738
401857040,Zia Cooke,home,3,2356.8,0,2336.0,2216|2336|2357
401857040,Natisha Hiedeman,home,1,,0,,2382
401857040,Jordan Horston,home,1,,0,,2393
401857041,Nyara Sabally,home,3,1478.0,0,1090.0,225|1090|1478
401857041,Paige Bueckers,away,3,1136.0,1,390.0,262|390|1136
401857041,Awak Kuier,away,1,,0,,272
401857041,Odyssey Sims,away,4,1953.0,0,1069.0,402|1069|1953|1986
401857041,Marina Mabrey,home,3,2062.0,0,877.0,451|877|2062
401857041,Laura Juskaite,home,2,,0,2012.0,474|2012
401857041,Alanna Smith,away,2,,0,1779.8,515|1780
401857041,Isabelle Harrison,home,2,,0,1285.0,559|1285
401857041,Azzi Fudd,away,3,2161.0,0,1679.0,737|1679|2161
401857041,Ornella Bankole,home,1,,0,,808
401857041,Arike Ogunbowale,away,2,,0,1208.0,877|1208
401857041,Kia Nurse,home,2,,0,2150.0,1037|2150
401857041,Li Yueru,away,2,,0,2354.5,1098|2354
401857041,Tima Pouye,home,1,,0,,1381
401857041,Sug Sutton,away,2,,0,2299.0,1634|2299
401857041,Jessica Shepard,away,3,1948.0,0,1731.0,1690|1731|1948
401857041,Teonni Key,home,2,,0,2217.0,2217|2217
401857042,Monique Billings,away,2,,0,405.0,95|405
401857042,NaLyssa Smith,home,3,1397.0,0,211.0,132|211|1397
401857042,Cheyenne Parker-Tyus,home,3,1373.0,0,165.0,165|165|1373
401857042,Jackie Young,home,2,,0,1926.0,313|1926
401857042,Chennedy Carter,home,3,1586.0,0,428.0,417|428|1586
401857042,Jewell Loyd,home,3,1552.0,0,881.0,451|881|1552
401857042,Sophie Cunningham,away,2,,0,693.0,574|693
401857042,Makayla Timpson,away,1,,0,,616
401857042,Aliyah Boston,away,3,1368.0,0,730.0,730|730|1368
401857042,Lexie Hull,away,4,1336.0,0,1213.0,854|1213|1336|2279
401857042,Tyasha Harris,away,2,,0,1311.0,896|1311
401857042,Myisha Hines-Allen,away,2,,0,1953.0,959|1953
401857042,Kelsey Mitchell,away,3,2180.0,0,1151.8,1056|1152|2180
401857042,Raven Johnson,away,2,,0,1657.0,1193|1657
401857042,Stephanie Talbot,home,1,,0,,1762
401857042,Brianna Turner,home,2,,0,2160.0,1886|2160
401857042,Chelsea Gray,home,1,,0,,2214
401857043,Shakira Austin,home,2,,0,221.0,108|221
401857043,Georgia Amoore,home,4,1404.0,0,1296.0,349|1296|1404|2008
401857043,Alicia Florez,home,2,,0,1908.0,415|1908
401857043,Kaitlyn Chen,away,1,,0,,484
401857043,Lauren Betts,home,2,,0,527.0,527|527
401857043,Michaela Onyenwere,home,1,,0,,818
401857043,Kaila Charles,away,3,1923.0,0,1613.0,926|1613|1923
401857043,Gabby Williams,away,2,,0,1488.0,1054|1488
401857043,Cecilia Zandalasini,away,2,,0,1167.5,1079|1168
401857043,Veronica Burton,away,1,,0,,1104
401857043,Kiki Iriafen,home,1,,0,,1303
401857043,Cotie McMahon,home,2,,0,2231.0,1342|2231
401857043,Janelle Salaun,away,2,,0,1922.0,1732|1922
401857043,Tiffany Hayes,away,1,,0,,1813
401857043,Laeticia Amihere,away,3,2062.0,0,1974.0,1953|1974|2062
401857043,Kiah Stokes,away,1,,0,,2168
401857044,Diamond Miller,away,3,2345.9,0,736.0,56|736|2346
401857044,Natasha Howard,home,6,945.0,1,243.0,67|243|945|1739|2189|2189
401857044,Charlisse Leger-Walker,away,3,1253.0,0,867.0,195|867|1253
401857044,Brittney Griner,away,5,1073.0,1,1073.0,336|1073|1073|1532|1912
401857044,Anastasiia Olairi Kosu,home,2,,0,1198.0,395|1198
401857044,Antonia Delaere,home,3,1673.0,0,509.0,455|509|1673
401857044,Leila Lacan,away,3,2310.0,0,1749.9,460|1750|2310
401857044,Dorka Juhasz,home,2,,0,1173.9,476|1174
401857044,Eliska Hamzova,home,2,,0,723.0,523|723
401857044,Aaliyah Edwards,away,2,,0,1718.0,588|1718
401857044,Olivia Nelson-Ododa,away,3,2098.0,0,1328.0,656|1328|2098
401857044,Nia Coffey,home,3,806.0,1,784.0,697|784|806
401857044,Maya Caldwell,home,1,,0,,742
401857044,Gianna Kneepkens,away,2,,0,860.0,833|860
401857044,Kayla McBride,home,1,,0,,978
401857044,Courtney Williams,home,2,,0,1442.0,1232|1442
401857044,Courtney Williams personal,home,1,,0,,2363
401857044,Kayla McBride personal,home,1,,0,,2395
401857045,Rae Burrell,home,1,,0,,213
401857045,Ariel Atkins,home,3,820.0,1,736.0,220|736|820
401857045,Ezi Magbegor,away,1,,0,,356
401857045,Jordan Horston,away,4,2249.0,0,1482.0,453|1482|2249|2393
401857045,Jihyun Park,home,2,,0,1732.0,520|1732
401857045,Kate Martin,home,1,,0,,610
401857045,Zia Cooke,away,4,1910.0,0,649.0,638|649|1910|2372
401857045,Jade Melbourne,away,4,1437.0,0,1105.0,744|1105|1437|1798
401857045,Flau'jae Johnson,away,1,,0,,809
401857045,Erica Wheeler,home,2,,0,2079.0,909|2079
401857045,Dominique Malonga,away,3,1212.0,0,1212.0,926|1212|1212
401857045,Natisha Hiedeman,away,1,,0,,1375
401857045,Emma Cannon,home,2,,0,1935.0,1658|1935
401857045,Dearica Hamby,home,2,,0,1888.0,1888|1888
401857045,Stefanie Dolson,away,1,,0,,1990
401857045,Katie Lou Samuelson,away,1,,0,,2084
401857045,Awa Fam,away,3,2206.0,0,2206.0,2165|2206|2206
401857045,Kiana Williams,home,1,,0,,2372
401857046,Alanna Smith,away,2,,0,1720.0,370|1720
401857046,Breanna Stewart,home,4,569.3,1,569.3,539|569|569|1251
401857046,Pauline Astier,home,1,,0,,553
401857046,Aziaha James,away,1,,0,,637
401857046,Marine Johannes,home,1,,0,,731
401857046,Paige Bueckers,away,1,,0,,745
401857046,Arike Ogunbowale,away,4,2171.0,0,1566.0,826|1566|2171|2314
401857046,Rebekah Gardner,home,2,,0,1261.0,941|1261
401857046,Awak Kuier,away,4,2077.0,0,2060.0,971|2060|2077|2258
401857046,Jessica Shepard,away,4,1648.0,0,991.0,991|991|1648|2225
401857046,Azzi Fudd,away,1,,0,,1126
401857046,Sabrina Ionescu,home,4,2227.0,0,1451.0,1325|1451|2227|2227
401857046,Chris DeMarco,home,1,,0,,1566
401857046,Jonquel Jones,home,7,1632.0,0,1623.0,1623|1623|1632|2137|2137|2192|2192
401857046,Betnijah Laney-Hamilton,home,2,,0,1740.0,1669|1740
401857046,Odyssey Sims,away,1,,0,,1716
401857046,Breanna Stewart personal,home,1,,0,,2344
401857046,Rebekah Gardner personal,home,1,,0,,2350
401857047,Sydney Taylor,away,5,1376.0,0,290.0,179|290|1376|1530|2252
401857047,Courtney Vandersloot,away,1,,0,,200
401857047,Kamilla Cardoso,away,2,,0,1335.0,206|1335
401857047,Kyara Linskens,home,3,2106.0,0,769.0,363|769|2106
401857047,Monique Akoa Makani,home,5,458.0,1,458.0,390|458|458|1836|1943
401857047,DeWanna Bonner,home,3,1471.0,0,1471.0,499|1471|1471
401857047,Rachel Banham,away,2,,0,581.6,507|582
401857047,Gabriela Jaquez,away,1,,0,,558
401857047,Natasha Cloud,away,4,1994.0,0,899.0,830|899|1994|2306
401857047,Kahleah Copper,home,4,1734.0,0,1501.0,865|1501|1734|1734
401857047,Alyssa Thomas,home,3,978.0,1,953.0,953|953|978
401857047,Valeriane Ayayi,home,3,1758.8,0,1175.7,1105|1176|1759
401857047,Elizabeth Williams,away,2,,0,1676.0,1192|1676
401857047,Jacy Sheldon,away,1,,0,,1246
401857047,Azura Stevens,away,5,1951.0,0,1928.0,1461|1928|1951|2214|2214
401857047,Double,home,1,,0,,1743
401857047,Aicha Coulibaly,away,1,,0,,1854
401857047,Lexi Held,home,2,,0,2333.0,1862|2333
401857048,Veronica Burton,away,2,,0,1453.0,45|1453
401857048,Julie Allemand,home,4,1909.0,0,701.0,68|701|1909|2039
401857048,Marina Mabrey,home,1,,0,,150
401857048,Kayla Thornton,away,6,944.0,1,944.0,227|944|944|1219|1219|1527
401857048,Isabelle Harrison,home,5,903.0,1,353.0,353|353|903|1161|1629
401857048,Laura Juskaite,home,5,551.6,1,459.0,450|459|552|1597|1714
401857048,Nyara Sabally,home,1,,0,,539
401857048,Maria Conde,home,1,,0,,687
401857048,Kaila Charles,away,4,2061.0,0,1611.0,842|1611|2061|2364
401857048,Gabby Williams,away,3,1323.0,0,1118.0,922|1118|1323
401857048,Laeticia Amihere,away,3,1733.0,0,1144.3,933|1144|1733
401857048,Cecilia Zandalasini,away,1,,0,,991
401857048,Kia Nurse,home,3,1752.4,0,1752.4,1190|1752|1752
401857048,Kiah Stokes,away,2,,0,1287.0,1287|1287
401857048,Teonni Key,home,2,,0,1898.0,1898|1898
401857048,Kaitlyn Chen,away,1,,0,,2115
401857048,Tima Pouye,home,1,,0,,2354
401857048,Janelle Salaun,away,1,,0,,2393
401857049,Olivia Nelson-Ododa,home,2,,0,1503.0,106|1503
401857049,Diamond Miller,home,4,915.0,1,832.0,242|832|915|1657
401857049,Maya Caldwell,away,2,,0,872.0,368|872
401857049,Nia Coffey,away,4,1400.0,0,1302.0,399|1302|1400|1420
401857049,Leila Lacan,home,4,1648.0,0,749.0,438|749|1648|1736
401857049,Natasha Howard,away,2,,0,1235.0,563|1235
401857049,Eliska Hamzova,away,1,,0,,634
401857049,Antonia Delaere,away,4,1195.4,1,1132.0,644|1132|1195|1766
401857049,Courtney Williams,away,1,,0,,666
401857049,Kennedy Burke,home,4,1611.0,0,978.0,713|978|1611|2339
401857049,Raegan Beers,home,1,,0,,1008
401857049,Anastasiia Olairi Kosu,away,2,,0,2321.0,1129|2321
401857049,Kayla McBride,away,2,,0,2157.0,1260|2157
401857049,Aaliyah Edwards,home,1,,0,,1361
401857049,Dorka Juhasz,away,2,,0,2387.9,1718|2388
401857049,Nell Angloma,home,2,,0,1867.0,1780|1867
401857049,Charlisse Leger-Walker,home,2,,0,1957.0,1902|1957
401857050,Ariel Atkins,home,6,1122.0,1,458.0,155|458|1122|1620|2216|2216
401857050,Monique Billings,away,4,730.0,1,711.0,282|711|730|730
401857050,Erica Wheeler,home,3,1367.0,0,1064.0,304|1064|1367
401857050,Makayla Timpson,away,4,1554.0,0,411.0,411|411|1554|1561
401857050,Damiris Dantas,away,3,2340.0,0,575.4,491|575|2340
401857050,Tyasha Harris,away,3,1394.0,0,859.0,548|859|1394
401857050,Sophie Cunningham,away,2,,0,592.1,592|592
401857050,Myisha Hines-Allen,away,4,937.0,1,896.0,639|896|937|1338
401857050,Emma Cannon,home,2,,0,791.0,689|791
401857050,Kiana Williams,home,1,,0,,1055
401857050,Kelsey Mitchell,away,1,,0,,1083
401857050,Lexie Hull,away,1,,0,,1134
401857050,Grace VanSlooten,away,1,,0,,1173
401857050,Nneka Ogwumike,home,3,2209.0,0,1511.0,1357|1511|2209
401857050,Raven Johnson,away,1,,0,,1554
401857050,Alissa Pili,home,1,,0,,1742
401857050,Caitlin Clark,away,1,,0,,1990
401857050,Dearica Hamby,home,2,,0,2328.0,2013|2328
401857050,Rae Burrell,home,1,,0,,2060
401857051,Rhyne Howard,home,4,2112.0,0,1762.7,73|1763|2112|2228
401857051,Jade Melbourne,away,4,1417.0,0,487.0,162|487|1417|1456
401857051,Dominique Malonga,away,3,2304.0,0,409.0,226|409|2304
401857051,Flau'jae Johnson clear path,away,1,,0,,243
401857051,Jordin Canada,home,3,1329.0,0,741.0,341|741|1329
401857051,Ezi Magbegor,away,1,,0,,368
401857051,Jordan Horston,away,3,466.0,1,466.0,438|466|466
401857051,Sika Kone,home,4,2148.0,0,1642.0,547|1642|2148|2148
401857051,Isobel Borlase,home,2,,0,1854.0,749|1854
401857051,Angel Reese,home,2,,0,1275.0,890|1275
401857051,Madina Okot,home,3,1684.0,0,1684.0,1116|1684|1684
401857051,Naz Hillmon,home,2,,0,1140.2,1140|1140
401857051,Allisha Gray,home,2,,0,1403.0,1149|1403
401857051,Flau'jae Johnson,away,1,,0,,1345
401857051,Natisha Hiedeman,away,3,2322.0,0,2274.0,1424|2274|2322
401857051,Katie Lou Samuelson,away,2,,0,1577.0,1505|1577
401857051,Stefanie Dolson,away,3,1913.0,0,1669.0,1669|1669|1913
401857051,Zia Cooke,away,2,,0,1953.0,1953|1953
401857052,Aliyah Boston,away,2,,0,1222.0,159|1222
401857052,Lexi Held,home,1,,0,,234
401857052,Monique Billings,away,2,,0,1920.0,296|1920
401857052,Kahleah Copper,home,2,,0,2396.0,339|2396
401857052,Monique Akoa Makani,home,2,,0,1443.0,405|1443
401857052,Myisha Hines-Allen,away,2,,0,409.0,409|409
401857052,Alyssa Thomas,home,4,1760.4,0,1397.0,580|1397|1760|2340
401857052,Sami Whitcomb,home,1,,0,,592
401857052,Kelsey Mitchell,away,3,2358.6,0,1214.0,599|1214|2359
401857052,Marta Suarez,home,2,,0,675.0,640|675
401857052,Tyasha Harris,away,6,2011.0,0,1305.0,898|1305|2011|2021|2021|2220
401857052,Valeriane Ayayi,home,2,,0,1410.0,984|1410
401857052,Raven Johnson,away,1,,0,,1135
401857052,Lexie Hull,away,1,,0,,1320
401857052,Sophie Cunningham,away,2,,0,1619.0,1619|1619
401857052,Aliyah Boston defensive 3-seconds (technical,away,1,,0,,1672
401857053,Carla Leite,home,3,1953.0,0,662.0,167|662|1953
401857053,Megan Gustafson,home,2,,0,1270.0,227|1270
401857053,Stephanie Talbot,away,3,2316.0,0,711.0,239|711|2316
401857053,NaLyssa Smith,away,4,1292.0,0,743.0,286|743|1292|1963
401857053,Serah Williams,home,3,432.0,1,416.0,297|416|432
401857053,Jewell Loyd,away,3,2059.0,0,1434.0,318|1434|2059
401857053,Jackie Young,away,1,,0,,424
401857053,Emily Engstler,home,5,1798.6,0,819.0,765|819|1799|2125|2140
401857053,Luisa Geiselsoder,home,1,,0,,799
401857053,Nyadiew Puoch,home,1,,0,,987
401857053,Sarah Ashlee Barker,home,2,,0,1222.0,1028|1222
401857053,Chelsea Gray,away,4,1311.0,0,1305.0,1115|1305|1311|1843
401857053,Bridget Carleton,home,1,,0,,1483
401857053,Kierstan Bell,away,2,,0,1924.0,1749|1924
401857053,Frieda Buhner,home,1,,0,,2333
401857054,Diamond Miller,home,4,1411.0,0,1411.0,100|1411|1411|1417
401857054,Veronica Burton,away,4,1894.0,0,1835.0,296|1835|1894|2261
401857054,Leila Lacan,home,2,,0,1481.0,330|1481
401857054,Janelle Salaun,away,2,,0,2371.1,492|2371
401857054,Nell Angloma,home,3,1881.0,0,1708.0,552|1708|1881
401857054,Tiffany Hayes,away,3,1494.0,0,758.0,566|758|1494
401857054,Olivia Nelson-Ododa,home,2,,0,846.0,672|846
401857054,Cecilia Zandalasini,away,4,1282.0,0,803.0,803|803|1282|1410
401857054,Kayla Thornton,away,5,894.0,1,834.0,834|834|894|964|1476
401857054,Aaliyah Edwards,home,4,1662.0,0,1662.0,1083|1662|1662|1887
401857054,Raegan Beers,home,2,,0,1142.3,1142|1142
401857054,Kiah Stokes,away,1,,0,,1323
401857054,Charlisse Leger-Walker,home,3,2073.0,0,2057.0,1489|2057|2073
401857054,Laeticia Amihere,away,1,,0,,1639
401857054,Gianna Kneepkens,home,3,2329.0,0,1768.6,1700|1769|2329
401857054,Kaila Charles,away,1,,0,,2013
401857054,Nadia Fingall,away,1,,0,,2273
401857054,Juste Jocyte,away,1,,0,,2390
401857055,Arike Ogunbowale,away,2,,0,382.0,162|382
401857055,Isabelle Harrison,home,2,,0,1999.0,177|1999
401857055,Maria Conde,home,2,,0,1098.0,266|1098
401857055,Azzi Fudd,away,3,2146.0,0,1367.0,281|1367|2146
401857055,Marina Mabrey,home,5,684.0,1,308.0,308|308|684|781|1245
401857055,Tima Pouye,home,4,520.0,1,512.0,402|512|520|1589
401857055,Odyssey Sims,away,1,,0,,492
401857055,Alanna Smith,away,1,,0,,663
401857055,Aziaha James,away,1,,0,,673
401857055,Laura Juskaite,home,3,2263.0,0,1391.0,731|1391|2263
401857055,Awak Kuier,away,1,,0,,860
401857055,Kayla Alexander,home,3,1729.0,0,863.0,863|863|1729
401857055,Alysha Clark,away,4,1982.0,0,1183.9,1156|1184|1982|2236
401857055,Teonni Key,home,1,,0,,1619
401857055,Paige Bueckers,away,2,,0,1770.5,1742|1770
401857055,Jessica Shepard,away,2,,0,2291.0,1794|2291
401857055,Julie Allemand,home,1,,0,,2219
401857056,Kamilla Cardoso,away,5,1180.1,1,844.0,33|844|1180|1403|2383
401857056,Dearica Hamby,home,2,,0,1543.0,45|1543
401857056,Ariel Atkins,home,4,1396.0,0,230.0,126|230|1396|2179
401857056,Sydney Taylor,away,4,2025.0,0,2025.0,194|2025|2025|2149
401857056,Erica Wheeler,home,3,2167.0,0,2053.0,216|2053|2167
401857056,Courtney Vandersloot,away,2,,0,2237.0,250|2237
401857056,Nneka Ogwumike,home,3,784.0,1,346.0,346|346|784
401857056,Kate Martin,home,1,,0,,356
401857056,Natasha Cloud,away,5,1373.0,0,835.0,389|835|1373|1380|2325
401857056,Jihyun Park,home,1,,0,,567
401857056,Alissa Pili,home,2,,0,626.0,580|626
401857056,Azura Stevens,away,2,,0,1123.0,1018|1123
401857056,Rae Burrell,home,3,2105.0,0,2040.0,1059|2040|2105
401857056,Emma Cannon,home,2,,0,1911.0,1553|1911
401857056,Aicha Coulibaly,away,2,,0,1860.0,1610|1860
401857056,Jacy Sheldon,away,1,,0,,2001
401857057,Pauline Astier,away,3,2357.8,0,261.0,19|261|2358
401857057,Olivia Miles,home,3,1746.4,0,1602.0,31|1602|1746
401857057,Rebekah Gardner,away,2,,0,1336.0,116|1336
401857057,Kayla McBride,home,4,1880.0,0,1019.0,211|1019|1880|2007
401857057,Courtney Williams defensive 3-seconds (technical,home,1,,0,,327
401857057,Dorka Juhasz,home,2,,0,348.0,348|348
401857057,Nia Coffey,home,4,1772.4,0,1397.0,357|1397|1772|2215
401857057,Marine Johannes,away,2,,0,2347.1,436|2347
401857057,Eliska Hamzova,home,1,,0,,646
401857057,Jonquel Jones defensive 3-seconds (technical,away,1,,0,,708
401857057,Rebecca Allen,away,2,,0,906.0,715|906
401857057,Breanna Stewart,away,2,,0,895.0,895|895
401857057,Natasha Howard,home,3,2074.0,0,1968.0,1049|1968|2074
401857057,Courtney Williams,home,2,,0,1503.0,1067|1503
401857057,Jonquel Jones,away,4,1902.0,0,1313.0,1091|1313|1902|2047
401857057,Han Xu,away,1,,0,,1902
401857057,Raquel Carrera,away,1,,0,,2027
401857057,Chris DeMarco,away,1,,0,,2047
401857057,Marine Johannes personal,away,1,,0,,2392
401857059,Allisha Gray,home,4,1440.0,0,1151.4,35|1151|1440|1631
401857059,Nyadiew Puoch,away,3,1762.7,0,454.0,124|454|1763
401857059,Megan Gustafson,away,5,521.0,1,521.0,204|521|521|1942|1942
401857059,Jordin Canada,home,5,1399.0,0,1215.0,213|1215|1399|1487|2128
401857059,Madina Okot,home,1,,0,,229
401857059,Sika Kone,home,5,1199.4,1,827.0,343|827|1199|1751|1765
401857059,Frieda Buhner,away,6,1543.0,0,439.0,409|439|1543|2037|2037|2048
401857059,Te-Hina Paopao,home,1,,0,,505
401857059,Emily Engstler,away,3,2204.0,0,1045.0,641|1045|2204
401857059,Teja Oblak,away,3,2138.0,0,2138.0,853|2138|2138
401857059,Naz Hillmon,home,4,1334.0,0,1334.0,910|1334|1334|1824
401857059,Carla Leite,away,6,1809.0,0,1739.0,1312|1739|1809|1855|1855|2214
401857059,Karlie Samuelson,away,1,,0,,1428
401857059,Serah Williams,away,2,,0,1474.0,1467|1474
401857059,Indya Nivar,home,1,,0,,1554
401857059,Holly Winterburn,away,1,,0,,1569
401857059,Rhyne Howard,home,2,,0,2370.5,1994|2370
401857059,Bridget Carleton,away,2,,0,2073.0,2073|2073
401857059,Isobel Borlase,home,1,,0,,2368
401857058,Valeriane Ayayi,away,2,,0,726.0,166|726
401857058,NaLyssa Smith,home,2,,0,330.0,330|330
401857058,Jewell Loyd,home,5,1191.6,1,1170.0,378|1170|1192|1192|1668
401857058,A'ja Wilson,home,3,1027.0,1,460.0,460|460|1027
401857058,Brianna Turner,home,1,,0,,530
401857058,Sami Whitcomb,away,3,1986.0,0,633.0,633|633|1986
401857058,Kahleah Copper,away,4,1486.0,0,697.0,697|697|1486|1591
401857058,Noemie Brochant,away,2,,0,820.0,745|820
401857058,Alyssa Thomas,away,1,,0,,772
401857058,Chelsea Gray,home,2,,0,1069.0,863|1069
401857058,Monique Akoa Makani,away,4,1149.2,1,1104.0,950|1104|1149|1149
401857058,DeWanna Bonner,away,1,,0,,987
401857058,Lexi Held,away,2,,0,1160.6,1082|1161
401857058,Justine Pissott,home,1,,0,,1874
401857058,Cheyenne Parker-Tyus,home,3,2239.0,0,2239.0,2085|2239|2239
401857058,Kierstan Bell,home,1,,0,,2136
401857060,Pauline Astier,away,5,925.0,1,183.0,13|183|925|1377|1844
401857060,Julie Allemand,home,2,,0,333.0,99|333
401857060,Marina Mabrey,home,4,882.0,1,156.0,156|156|882|1388
401857060,Sabrina Ionescu,away,4,1963.0,0,1493.0,210|1493|1963|2105
401857060,Isabelle Harrison,home,6,1901.0,0,1775.6,252|1776|1901|2084|2196|2257
401857060,Marine Johannes,away,2,,0,814.0,344|814
401857060,Tima Pouye,home,3,1699.0,0,1641.0,369|1641|1699
401857060,Breanna Stewart,away,1,,0,,451
401857060,Ornella Bankole,home,1,,0,,462
401857060,Laura Juskaite,home,6,823.0,1,670.0,670|670|823|1230|1997|2292
401857060,Jonquel Jones,away,3,978.0,1,978.0,739|978|978
401857060,Betnijah Laney-Hamilton,away,5,1072.0,1,1038.0,1038|1038|1072|1072|2292
401857060,Maria Conde,home,4,1580.0,0,1212.0,1115|1212|1580|2170
401857060,Double,home,1,,0,,1601
401857060,Anneli Maley,away,3,2341.4,0,2271.0,1744|2271|2341
401857060,Kia Nurse,home,1,,0,,1864
401857060,Nyara Sabally,home,4,1892.0,0,1877.0,1877|1877|1892|1963
401857060,Raquel Carrera,away,2,,0,1929.0,1929|1929
401857061,Michaela Onyenwere,home,4,1781.1,0,273.0,82|273|1781|2349
401857061,Georgia Amoore,home,2,,0,550.2,114|550
401857061,Sonia Citron,home,2,,0,875.0,289|875
401857061,Dominique Malonga,away,6,573.3,1,339.0,339|339|573|807|1639|2217
401857061,Jordan Horston,away,4,753.0,1,623.0,378|623|753|2382
401857061,Flau'jae Johnson,away,2,,0,794.0,394|794
401857061,Awa Fam,away,2,,0,483.0,407|483
401857061,Zia Cooke,away,1,,0,,536
401857061,Stefanie Dolson,away,7,867.0,1,630.0,630|630|867|1025|1025|1799|1984
401857061,Shakira Austin,home,2,,0,2347.1,670|2347
401857061,Kiki Iriafen,home,2,,0,1762.2,728|1762
401857061,Alicia Florez,home,2,,0,1840.0,772|1840
401857061,Natisha Hiedeman,away,1,,0,,798
401857061,Cassandre Prosper,home,2,,0,979.0,828|979
401857061,Mackenzie Holmes,away,2,,0,1074.0,1040|1074
401857061,Jade Melbourne,away,3,2341.2,0,1936.0,1913|1936|2341
401857061,Lauren Betts,home,1,,0,,2128
401857062,Paige Bueckers,home,4,1655.0,0,1290.0,304|1290|1655|2155
401857062,Natasha Cloud,away,2,,0,1025.0,469|1025
401857062,Jessica Shepard,home,1,,0,,543
401857062,Elizabeth Williams,away,2,,0,697.0,658|697
401857062,Odyssey Sims,home,2,,0,832.0,766|832
401857062,Kamilla Cardoso,away,2,,0,1058.0,857|1058
401857062,Azura Stevens,away,5,1467.0,0,980.0,980|980|1467|1919|2213
401857062,Jacy Sheldon,away,1,,0,,1044
401857062,Li Yueru,home,1,,0,,1069
401857062,Azzi Fudd,home,1,,0,,1369
401857062,Maddy Siegrist,home,1,,0,,1518
401857062,Alysha Clark,home,2,,0,1737.0,1550|1737
401857062,Rachel Banham,away,1,,0,,1694
401857062,Sug Sutton,home,1,,0,,1712
401857062,Gabriela Jaquez,away,1,,0,,1759
401857062,Sydney Taylor,away,1,,0,,1846
401857062,Natasha Cloud personal,away,1,,0,,2375
401857062,Courtney Vandersloot personal,away,1,,0,,2392
401857063,Stephanie Talbot,home,2,,0,2201.0,150|2201
401857063,Kelsey Mitchell,away,1,,0,,198
401857063,Chelsea Gray,home,2,,0,596.2,253|596
401857063,Aliyah Boston,away,3,1002.0,1,1002.0,301|1002|1002
401857063,NaLyssa Smith,home,2,,0,1775.9,330|1776
401857063,Brianna Turner,home,2,,0,2297.0,511|2297
401857063,Justine Pissott,home,1,,0,,548
401857063,Sophie Cunningham,away,2,,0,2173.0,640|2173
401857063,Tyasha Harris,away,3,1175.4,1,1074.0,652|1074|1175
401857063,Jackie Young,home,3,1865.0,0,974.0,678|974|1865
401857063,Caitlin Clark,away,3,1534.0,0,934.0,812|934|1534
401857063,Lexie Hull,away,1,,0,,984
401857063,A'ja Wilson,home,3,2015.0,0,1013.0,1013|1013|2015
401857063,Dana Evans,home,1,,0,,1061
401857063,Monique Billings,away,1,,0,,1220
401857063,Jewell Loyd,home,3,2007.0,0,1578.0,1499|1578|2007
401857063,Cheyenne Parker-Tyus,home,1,,0,,1656
401857063,Makayla Timpson,away,3,2180.0,0,1793.9,1703|1794|2180
401857063,Grace VanSlooten,away,1,,0,,2275
401857064,Dearica Hamby,away,3,1302.0,0,1162.7,103|1163|1302
401857064,Sika Kone,home,1,,0,,265
401857064,Isobel Borlase,home,3,1492.0,0,1441.0,339|1441|1492
401857064,Alissa Pili,away,3,453.0,1,349.0,349|349|453
401857064,Allisha Gray,home,3,1867.0,0,1121.0,463|1121|1867
401857064,Te-Hina Paopao,home,2,,0,1759.5,490|1760
401857064,Rae Burrell,away,3,1798.7,0,682.0,503|682|1799
401857064,Kiana Williams,away,2,,0,1663.0,530|1663
401857064,Emma Cannon,away,1,,0,,694
401857064,Madina Okot,home,3,1452.0,0,1452.0,718|1452|1452
401857064,Angel Reese,home,4,1431.0,0,1331.0,1002|1331|1431|1726
401857064,Nneka Ogwumike,away,3,2139.0,0,1596.0,1313|1596|2139
401857064,Ariel Atkins,away,4,2205.0,0,1609.0,1419|1609|2205|2238
401857064,Erica Wheeler,away,5,2034.0,0,1852.0,1638|1852|2034|2172|2172
401857064,Jordin Canada,home,1,,0,,1972
401857064,Naz Hillmon,home,2,,0,2079.0,2079|2079
401857064,Erica Wheeler personal,away,1,,0,,2370
401857065,Monique Akoa Makani,away,5,2183.0,0,1283.0,195|1283|2183|2231|2310
401857065,Courtney Williams,home,4,2193.0,0,1487.0,264|1487|2193|2284
401857065,Noemie Brochant,away,2,,0,1409.0,472|1409
401857065,Antonia Delaere,home,4,1558.0,0,579.3,579|579|1558|1919
401857065,Maya Caldwell,home,3,1519.0,0,662.0,598|662|1519
401857065,Marta Suarez,away,2,,0,636.0,636|636
401857065,Anastasiia Olairi Kosu,home,1,,0,,718
401857065,Kahleah Copper,away,3,1027.0,1,902.0,869|902|1027
401857065,Olivia Miles,home,6,1263.0,0,910.0,879|910|1263|1263|1941|1982
401857065,Alyssa Thomas,away,1,,0,,943
401857065,Kayla McBride,home,2,,0,2172.0,1012|2172
401857065,Natasha Howard,home,3,2005.0,0,1712.0,1569|1712|2005
401857065,Sami Whitcomb,away,2,,0,1846.0,1588|1846
401857065,DeWanna Bonner,away,2,,0,2119.0,1725|2119
401857065,Valeriane Ayayi,away,1,,0,,2080
401857065,Monique Akoa Makani personal,away,1,,0,,2383
401857066,Bridget Carleton,away,3,1647.0,0,1290.0,17|1290|1647
401857066,Olivia Nelson-Ododa,home,3,1847.0,0,368.0,138|368|1847
401857066,Alex Sarama,away,1,,0,,212
401857066,Diamond Miller,home,3,1744.9,0,1565.0,324|1565|1745
401857066,Emily Engstler,away,5,1363.0,0,1324.0,428|1324|1363|1948|2295
401857066,Nell Angloma,home,4,1654.0,0,1538.0,458|1538|1654|1713
401857066,Charlisse Leger-Walker,home,2,,0,1891.0,485|1891
401857066,Kennedy Burke,home,3,1199.4,1,754.0,540|754|1199
401857066,Brittney Griner,home,4,2230.0,0,769.0,769|769|2230|2230
401857066,Carla Leite,away,1,,0,,784
401857066,Teja Oblak,away,1,,0,,850
401857066,Sarah Ashlee Barker,away,1,,0,,995
401857066,Aaliyah Edwards,home,3,1434.0,0,1391.0,1391|1391|1434
401857066,Leila Lacan,home,2,,0,2124.0,1462|2124
401857066,Frieda Buhner,away,1,,0,,1626
401857066,Megan Gustafson,away,1,,0,,1698
401857066,Karlie Samuelson,away,1,,0,,2098
401857067,Laura Juskaite,home,3,2193.0,0,944.0,134|944|2193
401857067,Georgia Amoore,away,1,,0,,240
401857067,Kiki Iriafen,away,5,418.0,1,273.0,273|273|418|418|2181
401857067,Tima Pouye,home,2,,0,911.0,296|911
401857067,Shakira Austin,away,1,,0,,432
401857067,Michaela Onyenwere,away,4,1530.0,0,1454.0,537|1454|1530|2159
401857067,Isabelle Harrison,home,7,574.3,1,574.3,551|574|574|979|1760|1943|2123
401857067,Maria Conde,home,2,,0,1478.0,695|1478
401857067,Cassandre Prosper,away,3,2332.0,0,1105.0,803|1105|2332
401857067,Cotie McMahon,away,3,1851.0,0,1160.5,1043|1160|1851
401857067,Marina Mabrey,home,4,2081.0,0,1631.0,1068|1631|2081|2301
401857067,Kayla Alexander,home,2,,0,1132.0,1132|1132
401857067,Nyara Sabally,home,3,2228.0,0,1428.0,1293|1428|2228
401857067,Lauren Betts,away,3,2021.0,0,1648.0,1648|1648|2021
401857067,Julie Allemand,home,1,,0,,1962
401857068,Azura Stevens,home,5,1307.0,0,111.0,111|111|1307|1421|2154
401857068,Courtney Vandersloot,home,2,,0,1215.0,166|1215
401857068,Jade Melbourne,away,3,1404.0,0,1154.5,180|1154|1404
401857068,Natasha Cloud,home,1,,0,,248
401857068,Natisha Hiedeman,away,1,,0,,290
401857068,Elizabeth Williams,home,3,1688.0,0,866.0,323|866|1688
401857068,Dominique Malonga,away,4,916.0,1,846.0,591|846|916|2016
401857068,Sydney Taylor,home,4,1967.0,0,1928.0,609|1928|1967|2353
401857068,Zia Cooke,away,1,,0,,698
401857068,Katie Lou Samuelson,away,2,,0,1519.0,802|1519
401857068,Awa Fam,away,3,1129.0,1,1001.0,972|1001|1129
401857068,Chloe Bibby,home,1,,0,,981
401857068,Flau'jae Johnson,away,1,,0,,1036
401857068,Jacy Sheldon,home,1,,0,,1160
401857068,Jordan Horston,away,1,,0,,1618
401857068,Jade Melbourne personal,away,1,,0,,2393
401857068,Jordan Horston personal,away,1,,0,,2394
