game_id,season,margin,total,pstr,pnews,telo,zone,rest,b2b,form5,pace_d,pace_s,tov,oreb,ftr,p3ar,p3pct,stk,bench,drop
401129939,2019,5.0,179.0,0.2174,0.241,20.3,0,0,0,32.37,-3.03,161.43,-0.0245,0.0156,-0.2447,0.1441,-0.0035,7.05,0.4134,-0.2758
401129940,2019,-4.0,138.0,0.3633,0.3391,31.4,0,0,0,57.0,-2.88,168.96,-0.0297,0.0309,-0.0286,0.0857,0.2821,0.0,0.1811,0.2917
401129942,2019,11.0,141.0,0.0594,0.0627,25.4,0,0,0,22.0,4.56,168.4,-0.1189,0.0699,-0.0867,0.0168,-0.0637,4.0,0.1858,-0.1405
401129943,2019,-11.0,139.0,0.1777,0.1951,23.9,0,-2,0,20.53,1.55,165.15,-0.0267,0.148,-0.0584,0.0292,0.082,5.32,0.1143,0.1346
401129944,2019,7.0,177.0,-0.0768,-0.0894,0.3,0,3,0,-4.0,4.84,155.4,0.1176,-0.0147,0.2159,0.083,0.05,6.0,-0.1506,0.1325
401129945,2019,-19.0,177.0,-0.0967,-0.1207,-22.5,0,0,0,-21.76,-2.61,168.02,0.0502,-0.0477,0.1849,-0.0165,0.0999,-0.09,-0.2837,0.2879
401129946,2019,-5.0,137.0,-0.1996,-0.1886,-25.4,0,2,0,-19.79,-3.68,170.21,0.0002,-0.0652,0.1006,0.1165,-0.1357,-7.95,-0.1166,-0.118
401104913,2019,4.0,148.0,0.2289,0.2463,18.0,0,0,0,11.87,-1.4,160.37,-0.0506,-0.0013,0.0032,0.0343,0.0843,2.54,0.2479,-0.0343
401104914,2019,-1.0,161.0,-0.1302,-0.2224,-57.1,0,0,0,-19.81,-1.72,163.44,0.0007,-0.0498,0.0829,0.0848,0.1002,-6.32,-0.2299,-0.0219
401104915,2019,9.0,145.0,-0.0306,0.0515,-25.0,0,0,0,-10.0,2.45,161.03,-0.0307,0.132,-0.0484,-0.0858,-0.0576,-5.68,0.1029,-0.0971
401104916,2019,15.0,153.0,0.1055,0.1248,21.2,0,0,0,13.37,6.14,159.59,-0.0101,0.1729,-0.0083,0.0119,-0.0013,3.78,0.0871,0.0831
401104917,2019,18.0,160.0,0.24,0.3406,33.2,0,0,0,16.42,-1.3,167.34,-0.1033,0.1772,-0.0294,0.0275,-0.0873,-6.47,-0.1816,0.6524
401104918,2019,13.0,153.0,0.0421,0.0806,-7.2,0,0,0,-4.37,-5.41,164.93,-0.0248,0.0431,0.2105,-0.1162,-0.0899,-7.42,-0.0555,0.1825
401104919,2019,11.0,165.0,0.1244,0.1722,5.3,0,-1,0,9.08,0.45,163.71,-0.0435,-0.0089,-0.091,0.0921,0.0349,-2.54,0.1042,0.0953
401104920,2019,11.0,133.0,0.1349,0.2098,27.5,0,0,0,9.96,2.64,164.92,-0.0106,0.0484,0.0371,-0.0055,-0.0993,-0.16,-0.1906,0.5376
401104921,2019,-16.0,148.0,0.1448,0.1207,20.7,0,3,0,7.47,0.45,160.42,-0.0281,-0.0442,0.1033,0.0676,0.0119,0.89,0.46,-0.4885
401104922,2019,2.0,170.0,-0.1119,-0.1113,2.7,0,0,0,-5.18,-6.56,162.35,0.0397,-0.0433,-0.1394,0.1598,0.0734,2.24,0.1099,-0.3571
401104923,2019,7.0,147.0,-0.2394,-0.3553,-54.2,0,2,0,-19.04,4.25,167.24,0.0544,-0.1228,-0.0195,-0.0459,0.0647,5.53,0.0258,-0.5946
401104924,2019,15.0,169.0,0.1573,0.1987,57.7,0,-1,0,10.82,-0.35,162.48,-0.0308,-0.0013,-0.1099,-0.0675,-0.1018,3.71,-0.0307,0.3795
401104925,2019,21.0,171.0,0.0326,0.0317,5.8,0,4,-1,-3.35,-3.93,158.76,-0.0172,-0.076,-0.0819,-0.0425,-0.0144,-4.03,-0.2584,0.4548
401104926,2019,4.0,162.0,-0.156,-0.1202,-34.4,0,4,-1,-15.13,4.5,165.08,0.0531,-0.0965,-0.0218,-0.0253,-0.0084,2.81,0.1883,-0.4781
401104927,2019,-3.0,137.0,-0.2744,-0.3966,-47.6,0,2,0,-16.74,-1.06,161.75,-0.0063,-0.0897,-0.0062,0.0619,-0.0275,1.24,-0.1663,-0.2312
401104928,2019,-6.0,154.0,-0.1025,-0.1025,-38.9,0,0,0,-4.03,1.6,166.09,0.0228,-0.0613,0.0706,-0.102,0.0466,1.41,0.0224,-0.158
401104929,2019,-5.0,151.0,-0.1491,-0.182,-39.7,0,-1,0,-12.78,-2.03,166.39,0.0234,0.1051,0.1245,0.0238,-0.0108,-4.81,0.0237,-0.3099
401104930,2019,7.0,161.0,-0.1574,-0.0927,-36.3,0,0,0,-7.7,0.76,162.14,-0.0358,-0.1082,-0.0416,-0.0096,-0.0045,2.13,0.1864,-0.3551
401104931,2019,18.0,188.0,0.1725,0.1826,34.2,0,0,0,11.76,-7.7,162.71,-0.0691,0.0479,0.0288,0.0606,0.01,-3.91,0.2719,-0.1803
401104932,2019,-23.0,161.0,-0.1734,-0.1942,-9.9,0,1,0,-8.96,-4.05,165.94,-0.025,0.0248,-0.0225,0.1476,-0.0953,0.04,-0.1412,-0.0615
401104933,2019,12.0,166.0,0.2105,0.1557,39.7,0,2,0,7.5,-1.81,167.39,-0.0288,0.0893,0.0343,0.0433,-0.0534,-1.95,-0.0713,0.3444
401104934,2019,2.0,114.0,0.0626,0.021,20.7,0,-3,0,4.55,1.26,157.14,-0.0008,0.1508,0.0315,-0.0625,-0.0913,-2.43,-0.1103,0.1335
401104935,2019,15.0,143.0,0.2361,0.2234,55.1,0,0,0,9.67,1.95,160.87,-0.0186,-0.0529,0.0048,-0.1193,0.084,0.53,0.1406,0.1138
401104936,2019,-9.0,179.0,-0.4177,-0.4554,-68.5,0,1,0,-15.78,3.1,161.54,0.045,0.0092,0.1454,-0.064,0.0523,-0.67,-0.0264,-0.6309
401104937,2019,-4.0,174.0,0.0603,0.0535,33.1,0,0,0,6.03,-6.97,162.52,0.0265,0.1095,0.0109,-0.0095,-0.05,-2.65,-0.0139,0.0905
401104938,2019,-6.0,124.0,-0.4216,-0.4762,-93.1,0,0,0,-21.67,-1.16,165.13,0.0175,-0.0802,0.0257,0.0379,-0.0575,-1.42,0.059,-0.7836
401104939,2019,10.0,166.0,-0.2943,-0.4052,-69.5,0,-1,0,-15.06,-3.35,168.52,-0.0004,0.0367,0.0229,0.093,-0.0067,-0.74,-0.1829,-0.2577
401104940,2019,24.0,148.0,0.4145,0.4056,60.8,0,0,0,14.76,0.27,157.36,-0.0387,-0.0315,-0.0111,0.0192,0.1265,-0.92,0.3183,0.0989
401104941,2019,-7.0,181.0,0.1363,0.1552,34.4,0,-1,0,5.94,4.73,156.5,-0.048,0.0873,0.0597,-0.1588,-0.0606,-1.41,0.248,-0.1306
401104942,2019,7.0,149.0,-0.0927,-0.1676,-40.4,0,-1,0,-14.28,3.89,163.56,0.0339,-0.0616,-0.0589,-0.0057,-0.0299,-0.11,-0.232,0.1016
401104943,2019,8.0,158.0,-0.0962,-0.0609,20.3,0,0,0,-6.93,4.04,161.37,0.0047,0.0485,0.0452,-0.0485,-0.0385,4.28,-0.6287,0.7945
401104944,2019,-2.0,166.0,0.167,0.1178,29.6,0,0,0,2.63,0.95,161.16,-0.0227,-0.0063,0.0017,-0.0503,0.0661,-2.56,0.4552,-0.4732
401104945,2019,7.0,157.0,-0.2282,-0.2091,-41.5,0,0,0,-6.97,7.7,161.08,0.0432,0.0644,-0.0466,-0.076,-0.0865,-0.72,-0.0435,-0.1808
401104946,2019,6.0,144.0,-0.254,-0.2973,-73.3,0,-1,0,-3.73,4.05,162.64,-0.0334,-0.0403,0.0356,0.0163,0.011,-0.78,-0.0286,-0.2935
401104947,2019,-4.0,148.0,-0.3841,-0.33,-64.8,0,2,0,-13.11,-3.06,156.74,0.021,0.0374,-0.0202,0.065,-0.154,-0.49,-0.4482,0.1945
401104948,2019,-3.0,145.0,0.1904,0.1919,28.5,0,0,0,9.48,-1.0,158.54,-0.0392,-0.0164,-0.0296,0.1065,-0.0122,-1.13,0.3957,-0.2908
401104949,2019,-4.0,166.0,-0.2089,-0.2137,-49.3,0,-1,0,-8.31,-2.16,162.5,0.0684,0.0091,-0.0352,0.0047,-0.0086,-2.19,0.4676,-0.8669
401104950,2019,-17.0,153.0,0.0855,0.1031,1.2,0,-2,0,-0.14,-7.02,162.75,-0.0063,-0.0391,0.0211,0.0339,0.003,-3.07,-0.1575,0.3147
401104951,2019,35.0,165.0,0.1073,0.1258,42.0,0,3,0,4.56,3.12,169.01,-0.0015,-0.0177,0.0046,-0.114,0.0342,-1.22,-0.0018,0.1026
401104952,2019,-6.0,134.0,0.1584,0.1543,49.0,0,-2,0,6.71,-5.05,162.3,-0.0427,0.0266,0.0728,-0.0366,0.0136,-0.05,0.3847,-0.3116
401104953,2019,10.0,132.0,0.0514,0.1227,-0.4,0,-3,0,2.49,-5.07,158.07,0.0047,0.0542,-0.0535,-0.0344,-0.0109,-2.07,-0.0616,0.2729
401104954,2019,-6.0,190.0,0.3434,0.4099,79.6,0,0,0,12.32,-0.97,166.91,-0.011,-0.0224,-0.0626,-0.0157,0.0895,3.0,-0.1123,0.7211
401104955,2019,14.0,148.0,0.1832,0.1748,60.9,0,0,0,6.63,3.07,161.84,-0.0283,0.0235,0.0277,0.042,-0.0015,1.19,-0.0044,0.2327
401104956,2019,-5.0,155.0,-0.0864,-0.1349,-5.3,0,0,0,-13.36,-6.76,166.06,0.0139,0.0235,-0.1018,0.1194,-0.034,0.17,-0.2294,0.1514
401104957,2019,-29.0,133.0,-0.0572,-0.029,-13.5,0,-1,0,-5.02,5.51,162.42,0.0367,-0.0109,-0.0502,-0.0682,0.0544,0.13,-0.681,0.8762
401104958,2019,10.0,166.0,-0.3415,-0.2206,-75.5,0,0,0,-14.79,2.19,159.1,0.0245,-0.0198,0.0581,0.0724,-0.0719,2.15,-0.2074,-0.0734
401104959,2019,-8.0,174.0,-0.1398,-0.178,-36.6,0,0,0,-6.53,2.18,166.05,-0.0286,-0.0293,0.1066,0.0197,-0.0405,1.28,0.1742,-0.468
401104960,2019,15.0,123.0,-0.1591,-0.1572,-31.3,0,0,0,-1.99,-1.1,154.23,0.0029,0.1031,-0.0026,-0.0307,-0.1171,0.19,0.2594,-0.5914
401104961,2019,-23.0,167.0,-0.0592,0.0123,-27.7,0,2,0,-0.49,6.57,164.3,0.0468,0.0178,0.1299,-0.1534,0.0239,-3.14,-0.3814,0.5382
401104962,2019,10.0,162.0,0.4234,0.4139,125.0,0,3,0,17.27,1.55,160.53,-0.0106,0.0184,-0.0394,-0.0181,0.072,1.5,-0.3599,0.9656
401104963,2019,-7.0,145.0,0.1453,0.278,-9.9,0,0,0,7.47,4.1,159.4,0.0341,-0.0529,-0.0069,0.0455,0.0246,1.27,-0.1448,0.5039
401104964,2019,22.0,146.0,0.1394,0.1817,15.3,0,2,0,3.76,-6.27,163.49,0.0008,0.0291,0.0591,-0.0463,-0.0314,-0.69,0.3128,-0.1962
401104965,2019,9.0,175.0,0.198,0.3928,58.3,0,2,0,1.21,-5.26,164.48,0.04,0.0374,-0.0354,0.0362,0.0034,0.42,-0.1748,0.662
401104966,2019,18.0,154.0,0.2533,0.3354,32.8,0,0,0,5.92,8.22,161.36,0.0058,-0.0767,0.1132,-0.0722,0.1326,0.78,-0.0689,0.6704
401104967,2019,-16.0,162.0,-0.42,-0.4123,-120.3,0,-1,0,-20.79,0.87,158.86,0.0197,0.0239,0.0608,-0.0466,-0.0825,-3.1,-0.4142,0.0014
401104968,2019,18.0,168.0,-0.2183,-0.2273,-93.6,0,0,0,-5.09,0.2,162.07,0.016,-0.049,-0.0645,-0.0104,-0.0363,-1.29,0.0569,-0.3707
401104969,2019,10.0,154.0,0.0557,0.1598,2.1,0,1,0,1.41,-6.07,161.26,-0.011,-0.0153,0.0624,0.0215,0.02,-0.09,-0.0246,0.2231
401104970,2019,4.0,126.0,0.0244,0.089,-2.8,0,0,0,3.41,0.37,155.31,0.0255,-0.0254,0.0345,0.0156,-0.0004,3.08,-0.7259,1.1137
401104971,2019,-4.0,152.0,-0.181,-0.1843,7.4,0,-1,0,-0.44,-2.55,158.25,-0.0364,0.0114,-0.0609,-0.0692,0.0111,-3.09,0.1142,-0.309
401104972,2019,4.0,116.0,0.1743,0.1174,-8.3,0,1,0,1.06,6.87,161.05,0.0072,-0.0153,0.0819,-0.0514,0.0456,0.41,0.0519,0.1939
401104973,2019,-7.0,155.0,-0.1033,-0.1468,-76.9,0,0,0,-6.25,2.5,161.0,0.0304,-0.0297,-0.0242,-0.0696,-0.0223,-3.86,-0.3236,0.2228
401104974,2019,1.0,147.0,-0.4218,-0.5334,-107.5,0,1,0,-6.24,-5.53,158.98,0.0106,0.0742,-0.0428,0.0129,-0.1373,-1.21,0.119,-0.9419
401104975,2019,12.0,160.0,-0.4047,-0.4927,-47.7,0,2,0,-18.24,-2.92,167.29,-0.0097,0.0132,-0.1041,0.0734,-0.0202,-2.92,-0.3962,-0.1241
401104976,2019,1.0,137.0,0.0184,-0.1257,-27.0,0,3,0,-8.43,9.08,161.02,-0.0157,-0.112,0.0122,0.0057,0.0602,1.47,-0.3139,0.3657
401104977,2019,22.0,160.0,-0.0402,0.0647,-20.4,0,2,0,-1.13,-1.58,156.69,-0.0083,-0.0984,0.0531,0.0804,0.0215,0.91,-0.2472,0.3557
401104978,2019,3.0,155.0,-0.2088,-0.1873,18.9,0,1,0,-1.01,-3.45,160.18,0.0075,0.0157,0.0387,-0.0036,-0.0075,1.64,-0.0523,-0.1536
401104979,2019,43.0,161.0,0.1137,0.0675,27.3,0,0,0,13.55,-1.07,161.8,-0.0269,-0.0006,-0.0673,0.0558,-0.0133,2.2,0.3996,-0.447
401104980,2019,5.0,199.0,0.2199,0.2186,13.8,0,1,-1,5.61,6.54,163.65,0.0208,-0.0763,0.0755,-0.0167,0.0474,4.18,0.0517,0.201
401104981,2019,-16.0,132.0,0.0201,0.1468,-2.9,0,3,0,0.99,-5.08,162.12,0.0167,0.0392,0.0396,0.0122,-0.0064,-0.96,0.2041,-0.1444
401104982,2019,3.0,175.0,-0.3389,-0.3767,-52.9,0,-3,0,0.4,-4.38,155.91,-0.037,0.0768,-0.0419,-0.0035,-0.0598,-1.83,-0.1994,-0.0631
401104983,2019,25.0,163.0,-0.3308,-0.3276,-13.6,0,1,0,-11.07,1.88,163.67,-0.0008,-0.0135,0.0107,-0.0001,0.005,0.11,-0.1497,-0.2351
401104984,2019,-2.0,136.0,0.0345,-0.0743,19.4,0,0,0,1.86,0.81,155.36,0.0078,0.0537,-0.0315,-0.0197,-0.0673,2.38,-0.1299,0.0542
401104985,2019,8.0,172.0,0.105,0.1095,33.1,0,1,0,4.96,4.93,166.72,0.0105,-0.0146,0.109,-0.0828,-0.0432,1.12,0.2549,-0.2082
401104986,2019,17.0,153.0,0.3245,0.3548,87.2,0,0,0,9.62,1.21,160.72,0.0161,-0.0292,0.0335,-0.0115,0.0154,0.3,-0.1767,0.5895
401104987,2019,-1.0,167.0,0.2301,0.2447,56.9,0,0,0,1.73,-6.26,160.04,0.0192,0.0222,0.0029,0.0271,0.0423,-0.74,0.0297,0.2347
401104988,2019,-20.0,132.0,-0.0005,0.0289,-21.8,0,0,0,6.35,-4.41,156.96,0.0139,0.0333,0.0581,0.0581,-0.0327,-0.1,-0.1487,0.262
401104989,2019,-4.0,156.0,0.1908,0.1992,44.0,0,3,0,0.83,-6.07,159.82,-0.0082,-0.0495,0.0318,0.0482,0.0581,-1.99,-0.1301,0.3737
401104990,2019,-11.0,143.0,0.3252,0.3711,94.2,0,-1,0,10.85,-1.69,157.39,-0.0038,0.0046,0.0059,0.0001,0.0124,-0.85,0.1372,0.3211
401104992,2019,-3.0,145.0,-0.131,-0.1282,28.9,0,1,0,-15.34,0.01,161.96,-0.0157,-0.0074,-0.0133,-0.005,-0.0024,1.55,-0.5493,0.5498
401104993,2019,-32.0,148.0,-0.2957,-0.3156,-47.6,0,-3,0,-1.18,-3.97,168.25,-0.0224,0.0165,-0.0756,0.0588,-0.0459,-0.55,-0.1598,-0.1603
401104994,2019,17.0,179.0,-0.4806,-0.3775,-114.8,0,0,0,-25.74,2.23,163.2,0.0413,0.0126,-0.029,-0.057,-0.0009,-3.79,-0.3324,-0.0303
401104995,2019,12.0,144.0,0.2328,0.1495,24.7,0,3,0,0.72,6.24,157.38,0.009,-0.0686,-0.0432,-0.0112,0.072,2.59,-0.1006,0.3022
401104996,2019,2.0,128.0,0.2137,0.2223,69.4,0,0,0,11.86,-1.99,156.21,-0.0336,-0.0859,0.0387,0.0249,0.0316,-2.42,0.0947,0.1724
401104997,2019,12.0,136.0,-0.2611,-0.2755,-69.6,0,0,0,-13.46,-5.5,158.24,0.0042,0.0572,0.0415,-0.0079,-0.0825,-1.09,-0.2333,-0.0591
401104998,2019,3.0,153.0,-0.204,-0.2148,-112.1,0,-1,0,5.14,-2.03,159.89,-0.0061,0.0036,-0.0082,0.0309,-0.022,-0.18,0.0703,-0.3295
401104999,2019,-23.0,159.0,0.3698,0.2688,92.7,0,0,0,7.69,4.14,156.98,-0.006,0.0,-0.0157,0.0321,0.017,4.29,0.2501,0.0795
401105000,2019,-3.0,145.0,-0.2927,-0.3226,-35.4,0,2,0,-10.99,-6.69,164.62,-0.0085,0.0594,-0.1048,0.0477,-0.0561,-4.23,-0.0587,-0.3412
401105001,2019,-1.0,145.0,-0.095,-0.1045,-42.5,0,-1,0,-11.46,1.23,162.24,-0.0052,-0.0567,-0.0543,0.0255,0.029,-0.34,-0.0234,-0.0669
401105002,2019,-6.0,174.0,-0.0097,-0.0381,1.4,0,-1,0,-8.17,-1.74,160.47,-0.0251,-0.0071,0.0459,-0.0653,-0.0216,-1.77,0.1985,-0.3352
401105003,2019,7.0,113.0,-0.3169,-0.3307,-95.0,0,0,0,-7.49,-2.05,159.48,0.0184,0.0217,-0.001,0.0463,0.0099,1.14,-0.3753,0.0815
401105004,2019,15.0,143.0,-0.1862,-0.1797,8.4,0,0,0,-22.1,4.04,156.94,0.047,0.0554,0.0146,-0.0311,0.0238,3.52,-0.1126,-0.0036
401105005,2019,16.0,182.0,0.2935,0.2432,30.7,0,-3,0,-0.39,-0.29,164.18,0.002,-0.0309,0.0006,0.0506,0.0267,-0.26,-0.003,0.2703
401105006,2019,14.0,176.0,0.0439,0.0269,43.1,0,2,0,-0.12,1.73,154.27,0.0084,-0.0176,0.0008,0.0181,-0.0051,0.15,-0.0236,0.0133
401105007,2019,-4.0,166.0,0.079,-0.0069,22.6,0,0,0,-5.35,-5.86,165.03,-0.0283,-0.0101,-0.0814,0.1425,-0.0631,-0.79,0.1711,-0.2355
401105008,2019,-5.0,147.0,-0.1936,-0.2564,-66.9,0,0,0,-7.36,-3.63,159.15,0.0075,0.0102,0.0599,0.0181,-0.041,1.01,-0.0132,-0.3207
401105009,2019,-13.0,139.0,-0.0228,-0.0353,-50.5,0,0,0,2.82,-0.21,160.58,-0.0171,-0.0021,-0.0057,-0.0491,0.0142,-2.36,0.3866,-0.534
401105010,2019,-10.0,168.0,-0.2255,-0.2884,-41.0,0,0,0,-6.87,-7.12,159.36,0.016,0.0894,-0.001,0.0173,0.012,0.19,-0.1016,-0.2601
401105011,2019,13.0,137.0,0.113,0.1104,4.0,0,0,0,0.25,2.29,154.47,0.0241,0.0648,-0.0058,-0.0545,0.0119,1.82,-0.0732,0.2006
401105012,2019,9.0,147.0,0.1799,0.1458,66.1,0,0,0,8.34,-5.05,160.74,0.0163,0.0321,0.006,0.0908,0.0175,1.17,-0.1628,0.4508
401105013,2019,1.0,153.0,0.3867,0.4359,62.5,0,0,0,4.3,3.74,160.93,-0.0028,-0.1177,-0.0243,-0.0159,0.1087,-1.59,0.1443,0.4257
401105014,2019,5.0,133.0,0.0382,0.1249,73.1,0,0,0,6.28,-0.65,152.08,-0.0275,-0.0908,-0.0293,0.0086,-0.0549,-0.66,-0.0771,0.1953
401105015,2019,-11.0,169.0,0.0558,0.0194,19.6,0,0,0,2.49,0.59,156.59,-0.0169,0.0077,-0.0011,-0.1397,-0.0502,-1.6,-0.1101,0.1402
401105016,2019,5.0,133.0,0.1657,0.2168,86.0,0,3,-1,13.17,5.94,157.6,0.0011,0.0273,-0.0454,0.0032,-0.0108,1.63,-0.2763,0.5722
401105017,2019,-7.0,183.0,-0.2916,-0.3389,-84.5,0,0,0,-1.71,-0.17,159.63,0.0334,0.0663,0.0178,-0.1137,0.0096,-3.26,-0.1792,-0.2271
401105018,2019,29.0,167.0,0.1627,0.2087,123.4,0,3,0,-1.8,-0.54,159.97,0.0169,-0.0031,-0.0212,-0.0167,0.0901,-0.11,-0.238,0.6413
401105019,2019,3.0,135.0,-0.0465,-0.0183,-34.6,0,-3,0,-4.88,-6.78,164.16,0.0283,0.0504,-0.0822,0.1725,0.0042,1.1,-0.1199,0.1479
401105020,2019,5.0,161.0,-0.2242,-0.2292,-87.4,0,3,0,-15.27,2.11,161.94,0.0221,-0.0364,0.0505,-0.0383,0.0032,-0.78,-0.1861,-0.0432
401105021,2019,-4.0,136.0,-0.0991,-0.157,-83.9,0,-1,0,-4.68,-0.01,150.03,0.0294,0.1124,-0.0449,-0.0087,0.0317,-0.47,0.1213,-0.302
401105022,2019,28.0,158.0,0.5262,0.6327,148.4,0,0,0,6.71,0.81,160.19,-0.0364,-0.0538,-0.0424,0.0356,0.0482,0.27,0.4314,0.3141
401105023,2019,8.0,148.0,0.2804,0.3831,28.3,0,2,0,10.43,1.99,163.83,0.0081,-0.0824,-0.0244,0.0594,0.0501,1.73,-0.1365,0.6895
401105024,2019,5.0,153.0,0.0778,0.0685,36.3,0,-2,0,8.27,6.31,164.72,0.0055,-0.0743,0.0776,-0.0267,0.0735,2.45,-0.0248,0.1244
401105025,2019,-12.0,144.0,-0.2903,-0.3013,-96.1,0,-1,0,-13.19,0.76,158.94,0.0227,-0.0077,0.0541,-0.0015,-0.0612,-0.29,-0.1011,-0.2643
401105026,2019,17.0,141.0,0.1156,0.073,29.5,0,-2,0,1.35,5.41,165.49,-0.0075,-0.0524,0.0658,-0.1677,0.0106,-3.08,-0.1961,0.3456
401105027,2019,18.0,172.0,0.0344,0.1022,51.4,0,1,0,8.13,-5.8,157.67,-0.024,-0.1111,0.0329,0.0642,-0.0132,-0.04,-0.1804,0.2923
401105028,2019,7.0,133.0,0.2226,0.2295,125.3,0,1,0,20.87,-1.88,161.34,-0.0182,0.0522,-0.1163,0.0541,-0.0189,2.0,-0.3769,0.908
401105029,2019,-8.0,150.0,-0.3075,-0.3191,-68.7,0,0,0,-2.92,-0.55,160.46,0.0447,0.0592,-0.0437,-0.1452,-0.031,-0.54,-0.473,0.1986
401105030,2019,6.0,194.0,-0.2034,-0.2366,62.7,0,0,0,6.0,-1.76,162.26,-0.0224,0.0796,-0.0254,-0.0199,-0.0128,1.5,-0.1234,-0.0986
401105031,2019,6.0,192.0,0.3195,0.2984,63.4,0,0,0,3.55,4.69,156.89,-0.0035,0.0414,-0.0321,0.0543,-0.0086,2.2,0.3905,-0.0119
401105032,2019,32.0,140.0,0.4034,0.3925,145.0,0,0,0,12.94,8.4,159.26,0.0077,-0.0407,0.0946,-0.0784,0.0587,3.62,-0.1243,0.7089
401105033,2019,2.0,120.0,0.1857,0.1797,51.1,0,0,0,4.99,1.84,159.76,-0.0144,-0.0024,-0.0284,-0.0638,0.0935,-1.93,0.3211,-0.2148
401105034,2019,6.0,130.0,0.0921,0.0548,50.9,0,0,0,11.37,4.76,158.58,0.0298,0.1367,-0.0372,-0.0146,0.0203,2.25,-0.3305,0.6515
401105035,2019,23.0,151.0,-0.0975,-0.1347,-23.8,0,-3,0,-1.81,-4.51,156.77,-0.0145,0.0265,-0.1237,0.0341,-0.0435,-1.57,-0.0515,-0.0668
401105036,2019,8.0,144.0,-0.1609,-0.1426,-50.4,0,3,0,-7.97,-4.33,161.24,-0.017,0.0518,-0.0908,0.086,-0.0634,-0.89,-0.0767,-0.279
401105037,2019,-20.0,178.0,-0.3368,-0.3562,-76.0,0,2,0,-6.84,-0.75,159.8,0.0708,0.0465,0.0086,0.0152,0.0507,3.14,-0.5112,0.2048
401105038,2019,-12.0,162.0,-0.5246,-0.578,-98.4,0,-1,0,-18.82,-3.05,162.96,-0.009,0.0476,-0.0053,-0.0159,-0.1246,0.97,0.1249,-1.0877
401105039,2019,11.0,161.0,-0.2136,-0.2234,-42.4,0,-2,0,-4.34,1.86,160.23,-0.0272,-0.0458,0.1019,0.0188,0.0007,-1.67,0.0306,-0.34
401105040,2019,-5.0,145.0,-0.3642,-0.3404,-139.0,0,0,0,-12.75,-5.5,159.6,0.0183,0.044,-0.0717,0.0816,-0.1048,-1.83,-0.2422,-0.0629
401105041,2019,-15.0,173.0,-0.3622,-0.4107,-155.3,0,0,0,-21.75,-0.32,162.05,0.0332,-0.0767,0.1531,-0.0333,0.0069,-1.05,0.3791,-1.0571
401105042,2019,8.0,158.0,0.0781,0.0515,30.8,0,1,0,9.92,-0.43,158.39,-0.0307,-0.0146,-0.0424,-0.0486,0.0129,-0.85,0.1675,-0.2336
401105043,2019,21.0,185.0,-0.4429,-0.2631,-92.8,0,1,0,-11.6,-2.61,157.26,0.0141,-0.0673,0.0085,-0.0537,-0.0432,-0.37,-0.3177,-0.075
401156333,2019,-29.0,169.0,-0.1446,-0.1667,-21.0,0,1,-1,3.26,2.98,161.18,0.0432,-0.0013,0.0919,-0.1227,0.0614,2.51,-0.2436,0.1072
401105044,2019,-16.0,154.0,-0.3394,-0.3913,-100.4,0,0,0,-10.07,1.81,161.44,-0.0264,-0.0438,0.1069,0.105,-0.0486,0.37,-0.3221,-0.0559
401105045,2019,9.0,193.0,0.4986,0.5954,100.5,0,1,0,15.63,2.08,166.21,-0.022,-0.0341,-0.104,0.0673,0.0535,-0.33,-0.0075,0.8096
401105046,2019,13.0,169.0,0.5038,0.6142,147.2,0,-2,0,11.75,-2.42,159.77,-0.031,0.0049,-0.0248,0.1022,0.0384,-0.54,0.4287,0.239
401105047,2019,10.0,158.0,0.0212,-0.1267,3.0,0,0,0,-0.47,0.95,155.97,0.0099,0.0903,-0.0315,0.0084,-0.004,2.86,-0.1877,0.2388
401105048,2019,12.0,126.0,0.1356,0.1353,73.9,0,-1,0,-3.41,2.45,157.86,0.0096,-0.0013,-0.0052,0.0623,0.0161,1.7,-0.5607,0.9997
401105049,2019,32.0,146.0,-0.1117,-0.1406,-81.5,0,-2,0,-14.81,-1.36,161.19,0.0257,-0.0085,-0.0575,-0.0844,-0.0674,-0.55,0.067,-0.2323
401105050,2019,-3.0,171.0,-0.1302,-0.1549,31.1,0,2,0,-4.38,-3.65,165.87,-0.0005,0.0468,0.0238,-0.0961,0.0622,1.03,0.1571,-0.4513
401105051,2019,5.0,169.0,0.2241,0.1697,85.7,0,-2,0,8.71,-2.74,161.61,-0.0052,0.0241,-0.0224,-0.0765,0.1036,-2.42,0.6486,-0.6934
401105052,2019,-3.0,157.0,0.2062,0.2896,111.8,0,0,0,8.62,1.14,153.87,-0.0338,-0.0815,0.0565,0.0142,-0.0022,-1.04,0.3033,-0.1429
401105053,2019,-15.0,153.0,-0.2244,-0.2558,-94.0,0,1,0,-5.16,3.85,162.36,0.0134,-0.0502,0.0851,-0.0618,0.0132,-3.9,0.412,-0.9902
401105054,2019,23.0,179.0,0.2225,0.1998,92.3,0,1,0,2.99,-2.7,158.62,-0.0687,-0.013,0.0361,0.1194,0.0411,-2.4,0.2195,-0.0491
401105055,2019,3.0,165.0,-0.1796,-0.01,21.7,0,1,0,1.82,-6.35,162.66,-0.0095,0.0285,-0.1018,-0.0122,0.026,2.48,0.3701,-0.3796
401105056,2019,8.0,170.0,0.0566,0.0663,-23.0,0,0,0,-1.27,0.89,163.64,-0.0009,-0.0386,0.0469,-0.0832,0.0468,-2.2,0.2784,-0.4072
401105057,2019,-16.0,162.0,-0.347,-0.3936,-125.4,0,0,0,-15.16,1.18,163.08,0.0117,-0.039,0.1273,0.0697,0.0131,-2.23,0.2716,-0.96
401105058,2019,4.0,184.0,0.497,0.543,172.7,0,-1,0,4.56,0.52,164.44,0.0054,0.0592,0.018,-0.1139,0.1316,-0.84,0.2389,0.4866
401105059,2019,29.0,147.0,0.3864,0.3718,115.4,0,0,0,15.24,0.3,157.31,-0.0472,0.0058,0.0116,0.0061,0.0012,-3.43,0.738,-0.6
401105060,2019,6.0,162.0,-0.3326,-0.3417,-126.2,0,1,0,-11.79,-3.68,156.75,0.0031,0.0249,0.0297,-0.007,-0.0069,-2.02,-0.0567,-0.4151
401105061,2019,-7.0,149.0,-0.0168,-0.2207,-36.9,0,1,0,3.18,-4.52,158.49,-0.0016,-0.0848,0.0958,-0.0128,-0.0048,-2.74,0.0572,-0.4246
401105062,2019,1.0,157.0,0.0995,0.1799,60.9,0,0,0,3.29,3.7,158.81,-0.0241,0.0296,0.005,-0.0149,-0.0247,-1.78,0.0826,0.0525
401105063,2019,10.0,172.0,0.2432,0.2228,-20.6,0,3,0,-1.0,4.18,166.36,0.0102,0.0161,0.1077,0.0342,-0.0287,-0.2,-0.3425,0.7644
401105064,2019,6.0,160.0,0.112,0.1836,48.3,0,-1,0,17.88,-5.23,159.04,-0.0273,0.0345,-0.0378,0.0008,0.0168,1.19,0.2442,-0.16
401105065,2019,-7.0,165.0,-0.3304,-0.354,-106.7,0,1,0,-10.24,3.3,159.25,0.0557,-0.0147,-0.0554,-0.0763,-0.0765,1.6,-0.9071,0.8591
401105066,2019,9.0,145.0,0.2842,0.19,137.1,0,-1,0,6.13,-5.25,160.65,0.0063,0.007,0.0892,-0.056,0.0382,-1.4,-0.0529,0.3498
401105067,2019,10.0,146.0,0.1836,0.1814,132.6,0,0,0,-3.53,5.91,158.63,-0.0217,-0.0015,-0.0347,0.0189,-0.0305,2.46,-0.2344,0.5308
401105068,2019,39.0,175.0,0.5451,0.5339,177.8,0,-3,0,21.58,-2.2,158.73,-0.0166,-0.0079,0.0134,0.0799,0.057,2.24,0.0151,0.7541
401105069,2019,-15.0,185.0,0.0826,0.0684,-22.4,0,-3,0,8.12,2.93,166.73,0.0181,-0.0369,0.0102,0.1158,-0.0917,1.48,-0.1856,0.3741
401105070,2019,6.0,150.0,0.364,0.2397,136.2,0,0,0,13.6,-3.52,158.13,-0.0433,-0.0309,0.0404,0.0212,-0.0205,0.35,-0.0986,0.3788
401105071,2019,8.0,156.0,-0.206,-0.231,-21.3,0,0,0,-8.31,-3.07,161.28,0.003,0.0247,-0.002,0.0757,0.0003,1.83,-0.0375,-0.2097
401105072,2019,-4.0,170.0,-0.552,-0.6547,-143.0,0,2,0,-8.75,-3.03,166.58,-0.01,-0.0311,-0.0713,-0.016,-0.0418,-0.26,-0.057,-0.8854
401105073,2019,-6.0,158.0,0.1546,0.1585,84.9,0,0,0,1.34,0.04,160.49,-0.0421,-0.0317,-0.0298,-0.0243,0.0074,0.07,0.2653,-0.1861
401105074,2019,5.0,163.0,0.4019,0.408,47.9,0,0,0,1.02,4.06,160.51,-0.0039,0.0624,-0.037,-0.0959,0.0832,0.68,0.442,0.0412
401105075,2019,10.0,152.0,-0.0878,-0.0629,15.2,0,2,0,-0.81,0.55,162.71,-0.0362,-0.0495,-0.0059,0.0578,-0.0444,0.22,0.3268,-0.5692
401105076,2019,16.0,156.0,0.1908,0.1908,78.3,0,-2,0,-5.1,5.95,157.13,0.0263,-0.0541,-0.0798,-0.0438,-0.0099,0.4,-0.1489,0.4408
401105077,2019,33.0,163.0,0.2881,0.2839,88.9,0,0,0,10.79,1.05,161.07,0.0313,-0.0444,-0.0231,0.0538,0.0228,3.68,-0.0218,0.4904
401105078,2019,4.0,174.0,-0.1249,-0.1268,2.7,0,2,0,-8.76,-2.6,165.94,0.0146,0.0096,-0.0742,0.0977,-0.0892,3.55,-0.2903,0.1919
401105079,2019,-3.0,177.0,0.0179,0.0574,20.1,0,0,0,0.91,-2.19,162.94,0.0286,0.0625,0.0196,-0.0698,0.0462,-2.53,-0.108,0.281
401105080,2019,7.0,163.0,-0.2264,-0.2494,-136.3,0,-2,0,-23.37,7.21,164.04,0.0414,0.0074,0.0665,-0.0025,-0.1134,0.21,-0.7353,0.6459
401105081,2019,29.0,173.0,0.6041,0.6041,266.4,0,0,0,21.33,-1.79,161.32,-0.0522,-0.038,0.0074,0.0865,0.0721,3.1,0.4011,0.2705
401105082,2019,-4.0,150.0,0.0667,0.0451,52.8,0,1,0,0.07,-7.2,160.24,0.0254,0.0289,0.0378,-0.0248,0.0656,0.67,-0.1414,0.1672
401105083,2019,12.0,156.0,-0.0855,-0.1105,-26.3,0,1,0,4.35,0.83,164.72,0.0123,-0.0702,-0.0064,0.0035,0.0113,-1.43,0.3436,-0.485
401105084,2019,-8.0,180.0,-0.2537,-0.2572,-14.0,0,3,0,-0.77,-5.83,165.64,-0.0216,-0.0533,0.0049,-0.0111,0.0052,-1.97,-0.2406,-0.0463
401105085,2019,21.0,175.0,-0.1908,-0.1075,-47.9,0,1,0,-3.64,-4.24,166.26,0.05,-0.0157,-0.0788,0.0553,-0.0046,2.67,-0.1067,-0.0104
401105086,2019,-9.0,117.0,0.2066,0.2441,71.1,0,2,0,18.87,-2.99,158.98,0.0516,0.084,-0.0309,0.074,-0.0111,5.0,0.0707,0.166
401105087,2019,15.0,157.0,-0.3999,-0.3936,-98.7,0,0,0,-10.68,-5.86,164.75,0.0117,-0.0407,-0.0235,0.0324,-0.0375,1.24,-0.0378,-0.4906
401105088,2019,-13.0,177.0,-0.2465,-0.2387,-128.5,0,0,0,-7.2,1.07,162.67,0.0303,0.0727,-0.0964,-0.0498,0.0556,-1.26,0.1311,-0.4752
401105089,2019,29.0,161.0,0.2634,0.2634,88.9,0,0,0,9.73,-2.65,162.77,-0.0408,0.0561,0.0167,0.0614,0.0634,0.08,0.2014,0.0351
401105090,2019,8.0,178.0,-0.0954,-0.0484,-5.5,0,0,0,0.91,-5.41,166.88,0.0277,-0.0398,-0.0716,-0.0759,0.0752,1.1,-0.2107,0.1893
401105091,2019,-19.0,159.0,-0.2437,-0.2527,-69.5,0,0,0,-4.62,-4.52,158.43,0.037,0.0123,-0.0069,0.0206,-0.0226,0.81,-0.1452,-0.1204
401105092,2019,-4.0,170.0,-0.2069,-0.3034,-84.5,0,0,0,-10.46,-3.11,162.36,-0.0242,0.0164,0.0302,-0.063,0.0131,-0.99,-0.1881,-0.1746
401105093,2019,-5.0,171.0,0.4988,0.477,114.1,0,-2,0,3.94,9.56,163.02,-0.018,-0.0009,-0.0253,0.0201,-0.0531,1.29,0.0281,0.6634
401105094,2019,-7.0,123.0,-0.2409,-0.2864,-133.7,0,2,0,-4.34,2.96,162.94,0.0079,-0.0061,-0.0341,0.0153,-0.0354,1.71,-0.0147,-0.4261
401105095,2019,-10.0,178.0,-0.4905,-0.4724,-219.1,0,0,0,-14.77,1.02,161.4,0.0089,-0.0189,-0.0346,-0.0027,0.0339,-6.7,-0.1539,-0.4298
401105096,2019,-6.0,176.0,-0.6455,-0.6775,-233.4,0,-2,0,-23.78,-3.13,156.82,0.0298,0.0387,0.0474,-0.1209,0.004,-1.16,-0.3651,-0.465
401105097,2019,6.0,178.0,0.0668,0.0255,-19.9,0,2,0,-10.23,2.01,167.41,-0.0293,0.0557,0.075,-0.0873,0.0116,-2.41,-0.188,0.2626
401105098,2019,27.0,183.0,0.2754,0.2754,1.5,0,0,0,-2.57,5.05,165.35,-0.003,0.0668,-0.0396,-0.0183,-0.021,1.34,0.1321,0.103
401105099,2019,8.0,154.0,0.3963,0.4934,79.8,0,2,0,9.41,0.95,161.66,0.0216,-0.0025,-0.0906,0.0114,0.103,3.4,-0.0472,0.6955
401105100,2019,17.0,167.0,0.1509,0.149,109.0,0,2,0,-7.47,-6.16,160.37,0.0457,0.0464,-0.054,0.012,0.0498,0.72,-0.0387,0.2474
401105101,2019,-16.0,170.0,-0.7404,-0.7768,-304.7,0,1,0,-29.18,2.06,160.15,0.0329,0.0187,-0.0815,-0.1133,-0.0244,-5.18,-0.1774,-0.6911
401105102,2019,-12.0,152.0,0.0294,0.0252,17.3,0,0,0,-4.17,2.58,157.19,-0.0335,-0.0623,0.1103,0.0119,-0.0362,-2.56,0.0019,0.0842
401105103,2019,10.0,130.0,0.3268,0.2114,183.5,0,1,0,6.11,1.2,165.19,-0.0132,-0.0465,-0.0477,-0.0338,0.0314,-2.12,0.4574,-0.3611
401105104,2019,30.0,174.0,0.3839,0.3382,167.5,0,1,0,12.17,4.07,156.15,0.0083,-0.0076,-0.0346,-0.0091,-0.0486,2.47,0.0513,0.4612
401105105,2019,4.0,152.0,-0.4279,-0.4324,-178.9,0,-3,0,-0.47,-3.81,166.35,0.0146,-0.0234,-0.0638,0.1212,-0.0675,2.88,-0.1265,-0.4295
401105106,2019,34.0,170.0,0.1045,0.1045,51.0,0,0,0,-3.91,5.14,159.95,-0.0296,-0.0511,0.0208,-0.0151,-0.0393,-2.85,0.2925,-0.2164
401105107,2019,13.0,159.0,0.6306,0.6837,253.7,0,1,0,25.93,4.1,154.68,0.0091,0.005,-0.0347,0.1045,0.0308,1.51,0.3566,0.4565
401105108,2019,-5.0,213.0,-0.0929,-0.0657,60.1,0,-3,0,5.33,-4.41,164.57,0.011,0.008,-0.0274,-0.0204,0.0573,0.42,0.1214,-0.1769
401105109,2019,-5.0,167.0,-0.1467,-0.1389,-100.9,0,-2,0,-10.77,0.59,160.7,-0.0012,0.0149,-0.0741,0.0519,0.0504,-1.05,-0.0527,-0.1017
401105110,2019,-14.0,152.0,-0.2884,-0.2571,-51.7,0,-2,0,-15.56,-1.04,160.33,-0.0089,-0.0542,0.1109,0.0599,-0.0881,-2.88,0.0204,-0.2969
401105111,2019,-8.0,134.0,0.0216,0.0088,23.7,0,1,0,8.49,-0.94,163.19,-0.0101,0.002,0.0502,0.0463,-0.0482,3.14,-0.2105,0.3017
401105112,2019,28.0,180.0,-0.3259,-0.2833,-126.7,0,0,0,-6.03,-2.45,164.81,0.013,-0.0538,0.0422,-0.0556,-0.0607,-2.73,0.1762,-0.6932
401105113,2019,14.0,186.0,0.1384,0.1151,125.9,0,0,0,11.66,-7.75,166.25,-0.0089,-0.0102,-0.0251,0.0904,0.0898,-1.42,0.309,-0.2666
401105114,2019,-14.0,142.0,-0.126,-0.111,-75.7,0,-1,0,-3.58,-2.32,152.57,-0.056,0.0073,0.1081,-0.0496,0.0219,-2.67,0.1556,-0.4744
401105115,2019,-9.0,187.0,-0.1389,-0.1023,-56.5,0,-1,0,-1.06,-5.39,165.24,0.0329,-0.0736,-0.0272,0.1008,-0.0042,-0.46,-0.2852,0.2661
401105116,2019,9.0,145.0,-0.1222,-0.1858,9.7,0,1,0,-7.68,1.56,162.48,-0.0275,-0.0113,-0.0106,0.0375,-0.0879,-2.4,0.2927,-0.5449
401165793,2019,29.0,181.0,0.3429,0.3052,71.9,0,0,0,12.18,6.07,166.77,-0.0214,0.0831,-0.0388,-0.0312,0.0069,0.19,0.2644,0.0168
401165794,2019,10.0,158.0,-0.3216,-0.3156,-49.3,0,0,0,-8.95,-1.9,158.36,0.0148,-0.011,-0.0285,0.0815,-0.0086,0.35,-0.0606,-0.2501
401165795,2019,23.0,161.0,0.1845,0.2262,63.4,0,1,0,7.57,2.02,159.63,-0.034,0.0112,0.0007,-0.0462,-0.0602,-2.23,0.5914,-0.486
401165796,2019,1.0,185.0,-0.2343,-0.2516,-6.2,0,1,0,-12.53,-1.56,172.14,-0.0016,0.0106,0.0515,-0.0686,-0.0047,-1.74,-0.1261,-0.1799
401165797,2019,2.0,192.0,0.3452,0.396,128.2,0,3,0,15.06,-6.22,166.44,-0.0064,0.0267,-0.1024,0.1932,0.0432,-0.17,0.7121,-0.438
401165802,2019,9.0,159.0,-0.1186,-0.0511,-18.5,0,3,0,-12.32,3.46,163.69,0.0143,0.0442,0.1099,-0.011,0.0609,0.36,-0.2807,0.2621
401165798,2019,12.0,194.0,0.278,0.3293,132.1,0,0,0,8.19,-4.86,166.72,-0.0245,0.0101,-0.1162,0.1922,0.0203,1.07,0.5843,-0.3451
401165803,2019,26.0,162.0,-0.093,-0.0885,-3.2,0,0,0,-10.29,4.08,164.57,-0.0029,0.0365,0.1002,-0.0216,0.0798,0.01,-0.5582,0.5709
401165887,2019,17.0,167.0,-0.3041,-0.3817,-141.1,0,0,0,-13.23,4.28,166.31,0.0335,-0.005,0.0973,-0.1808,-0.0114,-1.97,-0.3606,-0.0463
401165892,2019,-22.0,134.0,-0.0156,-0.0156,-25.9,0,0,0,-3.43,-4.09,163.4,0.0066,-0.0834,-0.0804,0.001,-0.0825,1.24,0.3677,-0.4816
401165888,2019,-4.0,184.0,-0.2918,-0.2153,-108.3,0,0,0,-0.72,3.86,166.12,0.0311,0.0164,0.0962,-0.1867,0.0061,-2.49,-0.1856,-0.0375
401165807,2019,9.0,181.0,0.2333,0.1542,65.3,0,0,0,-4.87,-2.94,164.48,-0.0325,-0.0497,-0.0615,0.0725,0.0125,-0.47,0.5416,-0.4305
401165808,2019,-12.0,186.0,0.216,0.0031,75.9,0,0,0,-2.73,-2.2,163.56,-0.0289,-0.0561,-0.0279,0.0548,0.02,-0.46,0.6338,-0.7147
401165809,2019,-13.0,175.0,-0.169,-0.0856,-46.5,0,0,0,12.64,2.16,163.15,0.0256,0.0841,0.0234,-0.05,-0.0049,0.74,-0.6752,0.6234
401165810,2019,4.0,176.0,-0.1706,-0.1203,-72.6,0,0,0,5.46,2.16,162.72,0.0232,0.0655,0.0243,-0.0521,-0.0472,0.49,-0.6449,0.4631
401165811,2019,11.0,167.0,0.1243,0.1614,60.3,0,0,0,-0.67,-2.08,162.44,-0.0229,-0.0849,-0.044,0.0461,0.0555,0.44,0.6619,-0.5462
401230733,2020,-16.0,158.0,-0.1952,-0.2033,-99.8,0,0,0,-1.39,3.42,161.03,-0.0194,0.0229,-0.019,-0.0462,-0.0111,-4.33,0.1152,-0.382
401230734,2020,-23.0,175.0,-0.1336,0.1158,-59.6,0,0,0,-10.96,1.29,161.91,0.0249,-0.0548,0.1564,0.0128,0.047,-1.71,0.0666,-0.0973
401230735,2020,25.0,177.0,0.3513,0.3706,134.2,0,0,0,-4.36,-1.78,162.6,-0.0537,-0.0247,-0.114,0.089,0.0476,-0.1,-0.2706,0.6074
401230461,2020,8.0,146.0,-0.0117,0.2765,-43.3,0,0,0,4.74,-2.05,162.18,0.0528,-0.0055,-0.0109,-0.0253,0.0247,3.21,0,0.2733
401230462,2020,-2.0,174.0,-0.0912,-0.157,2.9,0,0,0,-8.39,-2.49,172.04,0.0157,0.0454,0.0339,-0.0884,0.0637,-3.44,0.0412,-0.3247
401230463,2020,10.0,200.0,-0.003,0.0129,-27.6,0,0,0,5.28,5.29,156.6,0.0204,-0.0155,-0.0437,0.0424,-0.0674,0.99,0,-0.0206
401230464,2020,-5.0,183.0,-0.1433,-0.1329,-66.1,0,-1,0,-12.09,0.94,161.93,0.0161,0.0671,0.0288,-0.0479,-0.1111,-0.15,-0.3366,0.1989
401230465,2020,18.0,174.0,0.1934,0.1218,-8.9,0,-1,0,6.59,6.58,168.54,-0.0071,0.0132,0.0556,0.0093,0.0357,-1.35,0.0673,-0.031
401230466,2020,24.0,156.0,-0.0766,-0.1221,-23.3,0,1,0,-3.87,-0.59,160.28,-0.0076,-0.047,-0.0117,0.0765,0.0186,0.87,0.3661,-0.5102
401230467,2020,6.0,206.0,0.0241,0.0317,30.3,0,0,0,17.16,0.03,164.99,-0.027,0.0323,-0.0342,-0.0535,0.034,-0.78,0.2611,-0.2791
401230468,2020,13.0,173.0,0.0803,0.2071,33.6,0,-1,0,-6.8,-5.95,161.62,-0.0375,0.0283,0.093,-0.0196,0.032,1.73,0.1026,0.1275
401230469,2020,30.0,170.0,0.2188,0.0799,120.5,0,0,0,2.57,4.06,167.96,-0.0066,0.0525,-0.0139,-0.1319,0.0251,-3.11,0.239,-0.1618
401230470,2020,18.0,160.0,0.1655,0.0335,109.2,0,0,0,1.41,2.03,161.32,-0.0348,-0.0216,0.039,-0.0033,0.0246,-3.96,-0.0465,0.0882
401230471,2020,2.0,164.0,-0.2869,-0.0746,-29.0,0,0,0,-13.0,-7.19,167.06,0.0434,0.0808,0.0002,-0.0462,-0.0344,0.61,-0.4966,0.4545
401230472,2020,5.0,157.0,-0.1156,-0.0164,-20.3,0,0,0,-3.24,-0.91,164.19,0.0153,-0.0432,-0.0805,0.0164,-0.0144,3.41,-0.1048,0.2872
401230753,2020,6.0,162.0,-0.0032,0.0955,21.6,0,0,0,0.96,-1.18,166.78,-0.0116,-0.0126,0.093,0.0003,-0.051,3.78,-0.0945,0.2365
401230754,2020,3.0,149.0,-0.014,0.0754,-57.4,0,0,0,-10.03,-4.0,162.14,-0.0351,-0.0072,-0.0419,0.0204,0.013,1.41,0.2914,-0.3834
401230755,2020,7.0,197.0,-0.2633,-0.2643,-94.0,0,0,0,-23.3,-4.31,168.74,0.0175,-0.1195,0.0774,0.152,-0.0588,1.21,-0.3898,0.1948
401230756,2020,-9.0,147.0,-0.0374,-0.1762,25.7,0,0,0,1.21,3.39,162.4,-0.0425,-0.0436,0.0365,0.0102,-0.0201,-3.15,0.1338,-0.31
401230757,2020,2.0,174.0,-0.0033,-0.0447,-97.3,0,0,0,-3.43,5.39,167.59,0.023,0.0106,0.0174,-0.0296,-0.0676,1.48,-0.1012,0.0658
401230758,2020,6.0,156.0,0.0804,0.0687,-20.6,0,0,0,7.82,-2.52,162.59,0.0089,0.0174,0.0081,0.0632,0.0644,-0.44,0.2706,-0.2947
401230759,2020,-29.0,163.0,-0.2423,-0.281,-80.0,0,0,0,3.9,1.97,167.08,-0.006,0.0549,-0.1576,0.0148,-0.0434,-0.4,0.0709,-0.5144
401230760,2020,16.0,170.0,-0.0073,-0.0641,74.5,0,0,0,5.36,-0.36,165.77,0.0017,-0.0026,0.0001,-0.0183,0.0616,-2.99,0.082,-0.1515
401230761,2020,9.0,149.0,0.1525,0.1788,97.4,0,0,0,9.46,7.44,165.91,0.0342,0.0391,0.0206,-0.1267,0.06,-2.1,0.0874,0.0827
401230762,2020,3.0,161.0,0.3038,0.3038,122.4,0,1,0,6.8,6.7,165.97,0.038,-0.0517,-0.0404,0.018,0.0498,-0.68,-0.077,0.5122
401230763,2020,-7.0,155.0,-0.2289,-0.2263,-76.8,0,0,0,-6.72,-0.97,165.47,-0.0127,0.0565,-0.1053,-0.0458,-0.0463,-0.47,-0.07,-0.1811
401230764,2020,13.0,161.0,0.1397,0.1908,-12.0,0,0,0,8.89,-2.59,162.93,0.0209,-0.025,-0.0993,0.0683,0.037,2.73,0.3556,-0.1426
401230765,2020,-26.0,158.0,-0.4064,-0.361,-184.0,0,-1,0,-10.25,5.33,164.65,-0.0187,-0.0923,-0.0565,0.0969,-0.0093,-3.46,-0.091,-0.2891
401230766,2020,-6.0,160.0,0.1409,0.1265,103.3,0,1,0,5.07,-4.11,168.96,-0.0381,-0.0845,-0.0892,0.1584,0.014,2.16,-0.2539,0.5179
401230767,2020,11.0,161.0,0.0594,0.0553,47.8,0,1,0,-7.83,0.69,165.37,-0.0088,-0.0645,-0.121,0.0059,-0.0646,3.94,-0.1812,0.3308
401230768,2020,-1.0,185.0,-0.3224,-0.3237,-146.4,0,0,0,-15.55,3.71,162.42,0.0144,0.0132,0.0322,-0.0829,-0.0623,-2.6,-0.2193,-0.1833
401230769,2020,-23.0,159.0,-0.0756,-0.0869,-103.3,0,0,0,6.91,-2.53,161.82,-0.038,-0.0135,-0.0548,0.0443,0.0137,2.82,0.325,-0.4593
401230770,2020,10.0,182.0,-0.1438,-0.1196,-69.6,0,0,0,0.41,-1.71,168.87,0.0088,-0.0142,0.1652,-0.0198,-0.0538,0.01,-0.1968,0.1017
401230771,2020,7.0,167.0,0.219,0.2467,68.4,0,0,0,8.43,-2.84,162.39,0.0247,0.0721,-0.0424,-0.014,-0.032,5.73,-0.0499,0.3803
401230772,2020,-8.0,140.0,0.6017,0.6584,288.7,0,0,0,25.34,-2.26,167.05,-0.0556,-0.0272,0.006,-0.0406,0.0998,-0.3,0.4414,0.2656
401230773,2020,4.0,168.0,0.0621,0.1516,3.3,0,0,0,4.24,2.47,168.33,0.0125,0.0846,0.141,-0.1098,0.0819,-5.71,0.0842,0.1349
401230774,2020,10.0,160.0,-0.105,-0.1937,22.9,0,0,0,3.25,-3.31,164.04,-0.0504,0.0126,-0.0385,0.0611,-0.0164,1.17,0.0842,-0.349
401230775,2020,6.0,142.0,0.1181,0.1665,45.8,0,0,0,-5.07,-4.11,165.45,-0.0153,0.0266,-0.1274,0.0347,-0.002,1.84,0.3234,-0.2177
401230776,2020,-7.0,193.0,-0.187,-0.1115,2.8,0,0,0,-1.85,-3.02,167.59,-0.0153,0.0257,0.1009,-0.0498,-0.0863,-2.12,-0.1903,0.0598
401230777,2020,-2.0,154.0,-0.5318,-0.5466,-197.4,0,0,0,-20.28,-1.08,169.23,0.0219,-0.0369,-0.0771,0.2445,-0.1194,2.32,-0.4761,-0.0844
401230778,2020,7.0,175.0,-0.26,-0.1978,-139.3,0,0,0,-0.87,-0.54,164.6,0.0429,0.095,0.0629,-0.0239,0.0058,-1.87,0.1058,-0.3819
401230779,2020,16.0,178.0,-0.1909,-0.0131,-16.7,0,0,0,-7.45,5.47,161.99,-0.0337,-0.1504,-0.0498,0.009,-0.0308,-0.7,0.1626,-0.1575
401230780,2020,-11.0,175.0,-0.1526,-0.1581,-156.4,0,0,0,-4.3,0.01,166.34,0.0096,0.0099,-0.0603,0.0017,0.0059,0.27,0.0825,-0.3312
401230781,2020,-12.0,170.0,-0.1494,-0.1552,-72.5,0,0,0,-12.73,-5.09,165.36,-0.038,0.0642,-0.1458,0.0437,-0.0291,-0.29,0.0307,-0.1916
401230782,2020,18.0,160.0,-0.028,0.0101,-9.0,0,0,0,2.3,-3.53,165.69,-0.0103,-0.0098,0.01,0.0117,-0.0097,2.15,0.154,-0.2179
401230783,2020,20.0,116.0,0.09,0.1282,-63.5,0,0,0,6.82,-4.09,161.44,0.0505,0.12,0.0126,-0.0139,-0.0162,3.56,0.0074,0.1121
401230784,2020,-19.0,177.0,-0.1524,-0.1383,-66.6,0,0,0,-2.67,-2.61,165.54,0.0142,0.0282,-0.0234,0.1459,0.0208,0.01,-0.1031,-0.0887
401230785,2020,15.0,171.0,0.4325,0.4787,199.1,0,0,0,14.93,-0.04,166.75,-0.0227,-0.039,-0.0332,-0.1229,0.047,2.95,0.4174,0.0981
401230786,2020,4.0,136.0,0.1965,0.316,139.7,0,0,0,9.2,1.86,163.6,0.023,-0.0082,0.0891,-0.0751,0.0296,-0.24,-0.0144,0.3725
401230787,2020,18.0,160.0,0.0804,0.1534,40.7,0,0,0,-13.46,-0.91,169.83,0.0219,0.0387,-0.1206,0.0198,0.0614,-0.17,0.185,-0.0164
401230788,2020,37.0,163.0,0.4391,0.4348,183.6,0,0,0,18.08,-2.42,165.14,-0.0205,-0.003,-0.01,0.0508,0.0255,4.88,0.2744,0.193
401230789,2020,-7.0,165.0,-0.2801,-0.3244,-124.2,0,0,0,-7.91,2.43,165.79,0.0403,-0.0229,-0.0288,0.1168,-0.0529,2.49,-0.4881,0.2138
401230790,2020,-17.0,145.0,-0.0337,-0.046,39.1,0,0,0,-16.78,-3.1,165.87,-0.0258,0.0186,0.0333,0.0309,-0.0744,-2.01,-0.0256,-0.1051
401230791,2020,10.0,164.0,-0.0194,0.0979,10.5,0,0,0,-0.44,6.63,162.2,-0.0246,-0.0841,0.0657,-0.1579,0.0495,-4.48,0.0443,0.1415
401230792,2020,-3.0,151.0,0.2236,0.1493,3.9,0,0,0,-3.5,1.88,164.67,0.0394,0.0136,-0.0708,0.0313,0.0114,-0.6,0.3187,-0.2147
401230793,2020,-18.0,148.0,-0.5258,-0.5251,-160.7,0,0,0,-22.65,-1.43,160.22,-0.0211,0.0558,-0.0212,0.0011,-0.1361,-1.79,-0.3774,-0.1753
401230794,2020,16.0,176.0,0.2332,0.1552,127.3,0,0,0,14.69,1.18,167.37,-0.0147,-0.0121,0.1103,0.0122,-0.0203,2.29,-0.049,0.2866
401230795,2020,-14.0,166.0,-0.206,-0.2066,-92.9,0,0,0,-15.75,-2.64,164.54,-0.0069,0.0819,0.0586,0.0046,-0.0344,-5.19,-0.0982,-0.1786
401230796,2020,30.0,158.0,0.4906,0.3995,212.7,0,0,0,12.34,-4.53,161.49,-0.0029,0.0935,-0.0207,-0.1078,0.0208,2.9,0.3848,-0.016
401230797,2020,15.0,161.0,0.2443,0.1845,2.8,0,0,0,21.0,2.17,164.5,-0.0101,0.0628,0.089,-0.1774,0.0363,-0.69,0.1468,0.1224
401230820,2020,-25.0,159.0,-0.4461,-0.4477,-185.6,0,0,0,-15.46,1.2,165.34,-0.0203,-0.0211,-0.0362,-0.023,0.0582,-1.71,-0.3872,-0.1108
401230821,2020,-23.0,167.0,-0.3982,-0.4274,-20.8,0,0,0,-11.09,0.65,162.59,-0.0159,0.0437,0.0703,-0.0681,-0.0799,-1.63,-0.4891,0.0979
401230822,2020,-6.0,184.0,0.1998,0.1872,105.9,0,0,0,12.41,4.28,163.07,0.0204,-0.0583,0.1193,-0.0431,0.0599,0.42,-0.0208,0.2689
401230823,2020,22.0,146.0,0.1171,0.1603,68.7,0,-1,0,2.18,0.8,161.41,-0.0342,-0.0073,-0.0038,-0.0192,-0.0557,5.27,-0.0645,0.281
401230824,2020,2.0,166.0,0.0475,-0.0037,-28.9,0,-1,0,-3.69,-0.99,164.13,0.0502,0.0253,-0.0836,0.1333,-0.0156,1.82,-0.2169,0.3803
401230825,2020,41.0,169.0,0.8856,0.9167,261.5,0,-1,0,31.96,-3.44,163.13,-0.0356,-0.0135,-0.0749,-0.0689,0.1331,3.46,0.737,0.2422
401230798,2020,7.0,189.0,0.1717,0.2766,217.3,0,1,0,6.62,-1.66,164.48,-0.0051,-0.0185,0.0147,0.0668,-0.0267,0.38,0.2811,-0.0149
401230826,2020,7.0,175.0,0.281,0.2147,155.3,0,1,0,11.17,0.87,158.46,0.0477,0.0526,0.0712,-0.0728,0.0449,1.42,0.0239,0.2638
401230827,2020,9.0,157.0,0.0416,0.0653,94.7,0,1,0,12.66,-0.53,165.46,0.0155,-0.0196,-0.0729,-0.0288,0.0759,1.14,0.443,-0.5359
401230799,2020,-16.0,186.0,-0.7612,-0.7603,-233.2,0,0,0,-26.69,1.89,165.25,0.0081,-0.0097,0.0891,0.115,-0.0344,-2.09,-0.4721,-0.4122
401230800,2020,21.0,177.0,0.2387,0.1928,39.2,0,0,0,5.1,2.66,162.34,-0.0039,-0.0906,0.0635,-0.0883,0.0384,-0.95,0.5679,-0.5879
401230828,2020,6.0,174.0,-0.656,-0.6933,-144.4,0,0,0,-37.42,-2.1,161.23,0.0185,0.0735,0.0491,-0.0483,-0.1072,-7.86,-0.5683,-0.1579
401230829,2020,-8.0,178.0,-0.3836,-0.4221,-242.4,0,0,0,-32.59,-0.83,164.35,0.02,0.0903,-0.0596,-0.0169,-0.048,-4.18,-0.4597,0.0168
401230830,2020,9.0,193.0,-0.0677,-0.1298,-167.2,0,0,0,3.05,-3.19,159.28,-0.0315,0.0394,0.0161,0.0097,-0.0004,2.37,0.0048,-0.1663
401230831,2020,-10.0,170.0,-0.0131,-0.1012,-76.9,0,0,0,-8.95,3.54,161.6,-0.0214,-0.1098,-0.0065,0.011,-0.0483,-0.83,-0.1523,0.0734
401230801,2020,8.0,156.0,-0.1826,-0.2099,1.2,0,0,0,-8.75,0.62,164.27,-0.0172,0.0148,0.09,-0.1579,-0.0849,-5.48,-0.0139,-0.2963
401230832,2020,11.0,163.0,0.4389,0.45,104.2,0,0,0,19.58,2.71,163.29,0.0021,-0.0663,-0.0577,-0.0027,-0.0033,4.88,0.2441,0.2856
401230833,2020,17.0,147.0,0.3643,0.4597,212.0,0,0,0,18.83,-4.04,164.53,-0.0526,0.06,-0.0702,-0.1162,0.0483,1.08,0.1521,0.4254
401230834,2020,-3.0,153.0,0.3547,0.3848,230.4,0,0,0,28.55,-4.84,163.43,-0.0151,0.0468,0.1349,0.0409,0.0457,3.1,0.1972,0.2927
401230835,2020,3.0,165.0,0.21,0.1915,181.2,0,0,0,14.13,4.45,163.98,0.0324,-0.0495,0.0315,-0.0976,0.0775,0.95,0.0448,0.2508
401230836,2020,-1.0,175.0,-0.1203,-0.0548,82.1,0,0,0,-4.21,-0.67,163.92,0.0038,0.0468,-0.0741,0.0066,0.0061,-2.01,-0.2021,0.2523
401230837,2020,-2.0,200.0,0.7149,0.7514,256.5,0,0,0,32.81,-0.9,165.0,-0.0249,0.0366,-0.1144,-0.1311,0.082,1.76,0.7082,-0.0005
401230838,2020,-4.0,188.0,-0.3585,-0.3686,-190.5,0,-1,0,-12.4,-3.62,162.14,-0.0046,0.0282,-0.0761,0.197,0.0375,1.44,-0.3838,0.0776
401230839,2020,13.0,161.0,0.5657,0.5526,125.4,0,0,0,18.91,2.83,162.82,-0.0459,-0.0879,-0.0224,0.0389,0.0611,8.25,0.3953,0.2091
401230843,2020,-9.0,167.0,-0.2743,-0.3493,-215.1,0,0,0,-16.01,4.31,162.65,0.0177,-0.0392,-0.1081,-0.0516,-0.0171,-2.21,-0.1201,-0.2862
401230844,2020,-4.0,156.0,-0.204,-0.1153,-56.8,0,0,0,-9.21,-2.21,163.28,-0.0271,0.088,-0.0486,0.0135,-0.1145,-0.54,-0.2597,0.1397
401230845,2020,22.0,166.0,0.1053,0.0771,-71.8,0,0,0,3.99,-0.52,164.04,0.0047,-0.0377,0.0767,0.0027,-0.0043,1.8,0.2896,-0.3316
401230805,2020,-4.0,160.0,-0.0691,-0.0705,49.9,0,0,0,-10.42,0.24,159.25,0.0614,0.0282,-0.0044,-0.082,-0.0132,-3.03,0.0388,-0.1554
401230806,2020,-14.0,162.0,-0.1509,-0.1409,-22.9,0,0,0,-1.76,-0.43,164.65,0.017,0.0586,-0.0217,-0.015,-0.0296,-5.01,0.1245,-0.3815
401230807,2020,17.0,143.0,0.6512,0.6327,279.6,0,0,0,27.45,-0.53,164.37,-0.0636,0.0294,0.0709,-0.257,0.0103,0.48,0.6168,-0.0408
401230808,2020,5.0,163.0,0.3982,0.3982,257.6,0,0,0,15.44,-1.36,166.15,-0.0186,-0.0652,0.0938,-0.0081,0.0391,2.69,0.2114,0.262
401230846,2020,-13.0,139.0,-0.0977,-0.1213,2.9,0,0,0,-7.37,0.85,162.33,0.0107,-0.0288,0.001,0.0804,0.0308,-2.72,-0.4527,0.5323
401230847,2020,-4.0,162.0,0.0233,-0.0247,73.6,0,0,0,8.52,-0.51,160.5,-0.0066,0.0741,0.0018,-0.0349,0.0019,-0.33,-0.0222,0.0525
401241306,2020,-23.0,177.0,-0.4786,-0.4786,-105.8,0,0,0,-9.95,-1.39,161.72,0.0319,0.0227,0.0793,0.0155,-0.0015,-2.91,-0.4174,-0.0797
401241307,2020,18.0,174.0,-0.0881,-0.0211,-40.8,0,0,0,-2.25,-1.98,162.97,-0.0048,0.0893,0.0246,0.0828,-0.0443,-0.5,-0.0223,-0.0102
401230848,2020,-5.0,135.0,-0.3897,-0.4359,-222.9,0,1,0,-21.94,2.03,161.96,0.0392,-0.0739,0.0885,0.1427,-0.0329,-1.76,0.0992,-0.5973
401230849,2020,12.0,192.0,0.0076,0.0076,-89.5,0,1,-1,4.91,2.62,164.04,-0.0038,-0.004,-0.1225,-0.0543,0.083,0.69,-0.2309,0.3712
401230850,2020,-7.0,177.0,0.2023,0.1987,102.9,0,1,0,7.24,2.32,161.84,-0.0541,-0.0011,0.0407,-0.2147,-0.0401,0.04,0.4495,-0.354
401230809,2020,-8.0,174.0,-0.1936,-0.1517,-175.7,0,2,0,0.67,-0.86,161.38,-0.0292,0.0722,0.0277,0.1214,-0.0632,-0.07,-0.3387,0.3016
401230851,2020,-3.0,169.0,0.1582,0.0746,-4.6,0,0,0,0.3,1.79,161.83,0.0039,-0.0267,-0.0419,-0.0568,-0.0404,0.66,0.4528,-0.4512
401230852,2020,7.0,135.0,0.6367,0.6686,85.6,0,1,0,18.88,1.45,162.69,-0.017,-0.0375,0.05,-0.0709,0.0328,6.0,0.738,-0.1115
401230810,2020,-6.0,118.0,-0.2474,-0.2222,-35.5,0,0,0,-9.45,-1.21,165.54,0.0215,-0.0695,0.0965,0.1553,-0.1017,1.72,-0.1518,-0.088
401230811,2020,-15.0,171.0,-0.2883,-0.406,-47.0,0,0,0,-4.66,-1.99,162.11,0.0281,0.0272,-0.1206,0.0962,0.029,0.92,-0.5626,0.1979
401230812,2020,24.0,186.0,0.3786,0.4489,95.2,0,0,0,18.37,-1.27,160.7,-0.0178,-0.0474,-0.0452,0.1046,0.074,2.98,-0.1643,0.7485
401230813,2020,-1.0,179.0,-0.2873,-0.3853,-13.9,0,0,0,-4.79,0.06,161.52,0.0021,-0.0355,-0.0063,-0.0329,0.063,-3.53,-0.3307,-0.0478
401230853,2020,10.0,148.0,-0.5036,-0.5247,-48.2,0,0,0,-13.5,-3.0,161.72,-0.0051,0.0025,-0.0109,0.0615,0.013,-2.77,-0.9468,0.4713
401230854,2020,-13.0,163.0,-0.2775,-0.3478,-173.7,0,0,0,-5.98,-0.32,161.23,-0.0252,-0.0018,0.0366,0.0833,-0.0581,-1.83,-0.044,-0.3068
401230814,2020,-10.0,168.0,-0.4684,-0.4871,-248.1,0,0,0,-5.49,1.1,165.85,0.0458,0.0139,-0.1061,0.0723,0.0249,-1.59,-0.3857,-0.1171
401230815,2020,16.0,150.0,0.6674,0.7333,213.6,0,0,0,20.56,-1.94,163.43,-0.0388,0.0308,-0.03,-0.0157,0.1016,1.75,0.4903,0.2626
401230855,2020,-19.0,173.0,-0.1839,-0.2734,-123.7,0,0,0,-17.86,2.22,161.77,0.0163,-0.0274,0.0874,0.0191,0.0187,-2.84,0.346,-0.8437
401230856,2020,-7.0,195.0,-0.0132,-0.0134,125.7,0,0,0,-0.41,-1.84,158.13,0.0261,-0.0146,-0.1048,-0.0212,0.0183,-1.13,-0.1897,0.1694
401230857,2020,-15.0,191.0,-0.1937,-0.2572,-24.5,0,0,0,2.54,-0.14,161.67,-0.0034,0.0431,-0.053,0.0224,0.0741,-2.58,-0.3364,0.0884
401230858,2020,6.0,166.0,-0.1287,-0.0534,36.4,0,0,0,0.85,-1.28,161.38,-0.007,-0.0267,0.0955,-0.0644,0.0735,-0.44,-0.5774,0.5797
401241308,2020,-15.0,155.0,0.2024,0.1688,-20.9,0,0,0,10.8,1.64,160.94,-0.0089,-0.0829,0.0045,0.1544,0.0661,0.72,0.2566,-0.1521
401230859,2020,-26.0,166.0,-0.6603,-0.7968,-289.3,0,1,0,-9.35,1.49,161.83,0.0106,0.0202,0.021,0.1575,-0.1821,-0.05,-0.35,-0.4991
401230860,2020,3.0,175.0,-0.3291,-0.3701,-60.9,0,0,0,-9.09,-0.71,160.79,-0.0166,-0.0903,-0.0899,0.042,-0.0896,-2.05,-0.2932,-0.1263
401230861,2020,6.0,178.0,0.5888,0.5882,217.8,0,0,0,25.04,0.75,164.19,-0.0665,-0.0368,-0.0113,-0.1258,-0.0181,3.35,0.0135,0.7023
401230816,2020,12.0,202.0,0.5476,0.6322,218.8,0,0,0,12.5,-0.26,162.92,0.0289,0.0281,0.0193,-0.103,0.0011,4.43,0.6423,0.0273
401230862,2020,-5.0,195.0,-0.0801,-0.0422,50.9,0,0,0,1.36,-1.17,160.76,-0.0047,0.0747,-0.0301,-0.1586,-0.0332,0.33,-0.3379,0.4285
401230863,2020,-8.0,186.0,0.3995,0.418,192.4,0,-1,0,-1.32,-2.06,165.78,0.0078,-0.0255,-0.0256,0.1189,0.019,0.25,0.5522,-0.1466
401230864,2020,10.0,160.0,0.217,0.2319,97.0,0,0,0,-1.54,0.75,163.31,0.0028,0.0374,0.0009,-0.1411,0.081,-1.75,0.4493,-0.3201
401230865,2020,-15.0,193.0,-0.1487,-0.1453,-48.0,0,0,0,-6.15,-3.12,161.53,0.0405,0.0703,-0.0784,0.1729,0.0755,-2.31,-0.3792,0.3192
401230866,2020,-8.0,152.0,0.3342,0.4291,84.6,0,0,0,8.17,1.81,159.36,0.0124,-0.0312,0.074,-0.1237,0.0811,2.26,0.6352,-0.1144
401230867,2020,-7.0,157.0,0.1135,0.1516,184.7,0,0,0,1.69,-2.34,165.77,0.0082,0.0607,0.0541,0.0524,-0.0304,1.57,-0.2147,0.4763
401230868,2020,-7.0,183.0,-0.2839,-0.3922,-130.2,0,0,0,-2.65,0.21,165.18,-0.0302,-0.0137,0.1442,0.0562,0.0167,-1.68,-0.5427,0.1385
401230869,2020,-23.0,143.0,-0.3705,-0.2587,-111.0,0,0,0,-3.43,0.64,165.35,0.0038,-0.0259,-0.0434,0.111,-0.0201,-1.92,-0.2771,-0.0403
401230817,2020,-17.0,133.0,-0.4376,-0.4843,-236.6,0,0,0,-15.08,4.24,160.31,0.0409,0.0025,0.0629,0.056,-0.0999,1.89,-0.3262,-0.167
401230818,2020,-12.0,184.0,-0.3887,-0.4609,-154.5,0,0,0,-4.34,3.25,163.13,0.0175,-0.0681,0.0524,-0.0507,-0.0491,0.2,0.0325,-0.5804
401230819,2020,-14.0,154.0,-0.1175,-0.0714,-39.7,0,0,0,-2.46,-3.28,162.32,0.0437,-0.0336,-0.0917,0.0856,0.0501,-1.79,-0.4279,0.4553
401241309,2020,-3.0,161.0,-0.4078,-0.2854,-114.0,0,-1,1,-8.74,-0.95,163.8,0.0826,-0.0297,-0.0685,0.0432,-0.0577,1.66,0.0145,-0.3175
401241310,2020,-2.0,170.0,0.0648,0.1091,2.2,0,1,-1,0.43,0.27,164.52,0.0236,0.0176,-0.0136,0.1252,-0.0326,1.65,0.1173,0.0326
401241311,2020,-7.0,163.0,-0.0737,-0.0741,-156.9,0,1,-1,-2.38,6.38,161.79,0.0046,0.0568,0.0292,-0.166,0.0141,0.83,0.0576,-0.1327
401244169,2020,-13.0,175.0,0.254,0.0526,1.4,0,0,0,-4.63,-0.43,163.36,-0.0029,-0.0593,-0.0559,0.0453,0.0437,-1.35,0.3712,-0.2927
401244170,2020,1.0,169.0,0.0028,0.0685,-39.4,0,2,0,-7.23,5.92,158.61,0.0408,0.0582,0.1223,0.041,-0.0153,1.93,0.0828,0.004
401244171,2020,1.0,159.0,0.1694,0.2046,55.5,0,3,0,2.38,-2.4,160.29,0.0072,0.0753,-0.0981,-0.0666,0.077,-3.47,0.158,-0.034
401244172,2020,-14.0,132.0,0.2537,0.0765,20.9,0,3,0,-5.49,-1.8,160.42,0.0009,-0.1144,-0.0774,-0.0016,0.0653,-1.12,0.5141,-0.5545
401244173,2020,-25.0,149.0,0.3596,0.2587,78.8,0,2,0,2.8,1.38,162.61,-0.0241,-0.0618,0.0573,-0.0849,0.0593,0.42,0.3941,-0.2229
401244175,2020,2.0,174.0,0.2035,0.3713,76.2,0,0,0,12.79,3.07,161.31,-0.0042,-0.0277,0.1136,-0.038,-0.0597,3.35,0.3738,0.0995
401244176,2020,8.0,158.0,0.146,0.3568,30.2,0,0,0,-8.97,1.88,162.47,-0.0145,-0.0656,0.0491,-0.0819,0.012,-0.64,0.6397,-0.3083
401244177,2020,9.0,145.0,-0.1407,-0.152,-41.8,0,0,0,5.75,-1.96,162.96,0.0196,0.0683,-0.0709,0.0989,0.0277,0.31,-0.5177,0.4498
401244178,2020,10.0,168.0,0.1773,0.3276,81.2,0,0,0,10.18,3.36,161.64,0.0088,-0.0019,0.1051,-0.04,-0.0457,1.61,0.3099,0.1122
401244179,2020,-9.0,159.0,-0.1095,0.0189,-25.0,0,0,0,12.74,-1.86,161.99,-0.0063,0.0741,-0.0677,0.0796,-0.0141,1.06,0.1354,-0.1913
401244180,2020,-21.0,163.0,-0.1824,-0.289,-91.6,0,0,0,-11.45,-3.07,159.61,-0.0146,-0.0042,-0.0975,0.0261,0.0633,-2.06,-0.4297,0.0421
401248413,2020,3.0,129.0,0.1696,0.064,46.5,0,0,0,-7.22,1.79,161.47,0.002,-0.06,0.0594,-0.1011,-0.0326,-0.28,0.2209,-0.1138
401244183,2020,-13.0,173.0,-0.2432,-0.3122,-27.8,0,-2,0,-12.7,-0.44,162.73,0.0047,-0.0282,0.0386,-0.1728,-0.0883,-0.02,-0.4596,0.1372
401244184,2020,-13.0,195.0,-0.3479,-0.3932,-54.8,0,0,0,-10.86,-0.6,163.08,0.004,0.0033,0.049,-0.1661,-0.063,-1.45,-0.5144,0.1016
401244185,2020,33.0,151.0,0.3944,0.4293,80.6,0,0,0,17.56,0.94,162.92,-0.0168,-0.0271,-0.016,0.1541,0.068,2.7,0.4332,0.0732
401322870,2021,-7.0,167.0,0.0895,-0.0115,116.1,0,0,0,5.97,-6.55,159.39,-0.0227,-0.075,-0.0243,0.162,0.0068,0.39,0,-0.0462
401322871,2021,11.0,147.0,0.1568,0.142,11.9,0,0,0,-9.38,0.49,157.66,0.0385,0.0821,0.0105,-0.0154,0.1016,-2.07,0.1196,-0.0006
401323518,2021,-13.0,165.0,-0.1665,-0.2057,-126.0,0,0,0,-5.67,2.89,162.95,-0.0239,-0.0465,0.0871,0.1375,0.029,-1.63,0,-0.1679
401323519,2021,0.0,170.0,0.0035,-0.1256,-26.2,0,0,0,9.02,-2.31,159.92,0.001,-0.0353,-0.0239,0.1001,0.0104,1.68,0,-0.027
401323520,2021,-17.0,159.0,-0.4581,-0.3085,-138.9,0,0,0,-24.91,-0.2,163.1,0.0337,-0.0075,0.0619,0.0667,-0.044,-0.26,0,-0.3505
401323454,2021,17.0,147.0,-0.314,-0.2012,-96.8,0,0,0,-3.26,1.85,161.53,0.0193,0.0319,0.0638,-0.0179,-0.03,-1.45,0,-0.2745
401323455,2021,13.0,153.0,0.0907,0.1098,66.5,0,0,0,-7.39,-1.19,161.95,-0.0197,-0.0511,-0.0425,0.0089,-0.0274,1.92,-0.0416,0.2219
401320565,2021,3.0,177.0,-0.2599,-0.216,-85.9,0,0,0,-12.65,-1.15,163.61,0.0145,-0.038,-0.0463,0.1228,-0.0787,0.7,-0.0771,-0.1215
401320566,2021,-11.0,145.0,-0.0614,-0.1692,-146.5,0,0,0,0.32,3.47,163.32,0.0009,-0.0163,0.021,-0.094,0.0208,-0.83,-0.0779,-0.0887
401320567,2021,-2.0,152.0,0.1091,-0.0763,44.6,0,0,0,3.36,-1.55,161.46,0.0168,0.0403,-0.1114,-0.0418,0.092,-2.21,-0.0347,-0.0578
401320568,2021,-23.0,165.0,0.2225,0.2303,117.0,0,0,0,1.81,-1.83,162.11,0.0424,-0.0042,-0.0777,-0.0956,0.015,1.8,0.0062,0.2503
401320569,2021,-14.0,126.0,-0.184,-0.3329,-2.7,0,1,0,2.72,-1.87,161.94,-0.0287,-0.0192,-0.0267,0.0748,0.0237,-0.3,-0.1777,-0.2374
401320570,2021,14.0,180.0,0.1066,0.1983,81.0,0,0,0,31.31,-1.16,164.03,-0.0645,-0.0035,-0.0655,0.1568,0.0331,2.22,0.4706,-0.4161
401320571,2021,-8.0,138.0,0.0898,-0.0609,74.5,0,0,0,8.47,0.81,164.93,-0.0157,0.0832,0.0075,-0.1259,0.0211,-0.43,0.025,-0.0238
401320572,2021,8.0,164.0,0.1643,0.1276,80.0,0,0,0,11.74,-2.85,161.01,0.008,0.055,-0.0838,-0.0832,0.0168,-0.01,-0.2296,0.4226
401320573,2021,11.0,161.0,-0.2508,-0.1341,-167.0,0,-2,0,1.72,2.08,164.08,0.0285,-0.0812,0.0299,0.0624,-0.0831,1.34,-0.1314,-0.0412
401320574,2021,-21.0,161.0,-0.1493,-0.156,1.3,0,1,0,-1.38,-1.0,161.9,-0.0132,-0.0103,-0.1033,-0.0109,-0.0031,0.97,-0.0175,-0.2084
401320575,2021,-16.0,176.0,0.1296,0.182,94.0,0,0,0,32.42,-1.46,164.63,-0.0491,0.0026,-0.0448,0.1757,0.0581,1.94,0.3759,-0.2859
401320576,2021,-8.0,162.0,-0.1063,-0.1935,-112.4,0,1,0,-1.72,1.08,164.67,-0.0222,0.0598,-0.011,-0.0884,-0.039,0.74,-0.1226,-0.0357
401320577,2021,21.0,155.0,0.1882,0.2701,167.2,0,0,0,9.05,-5.97,164.19,-0.0255,0.0491,0.0138,0.0025,0.0381,1.39,0.1434,0.1686
401320578,2021,-12.0,168.0,-0.1893,-0.2764,-124.8,0,0,0,-16.78,-0.18,163.32,0.0431,0.0125,0.0164,-0.0133,-0.0229,-2.39,-0.2557,0.0761
401320579,2021,-4.0,162.0,-0.0793,-0.0879,3.4,0,0,0,-3.96,-0.94,167.75,0.0311,-0.0036,-0.0338,0.0776,0.0076,-4.05,-0.3779,0.4224
401320580,2021,29.0,173.0,-0.2089,-0.1409,98.6,0,0,0,-13.57,-3.05,164.73,-0.0527,0.0764,0.009,-0.0353,-0.0528,2.86,-0.0682,-0.1238
401320581,2021,-17.0,151.0,-0.1596,-0.2447,-75.1,0,1,0,-10.32,2.78,158.68,0.0132,-0.0383,0.1285,0.098,-0.0598,-1.26,0.0061,-0.2997
401320582,2021,28.0,166.0,0.1773,0.2642,68.5,0,-2,0,5.03,0.63,164.61,0.0016,0.0296,0.0315,-0.1353,0.0077,-1.67,-0.0606,0.4624
401320583,2021,-3.0,197.0,-0.3903,-0.4795,-205.9,0,3,0,-10.31,1.75,165.67,0.0154,0.0114,0.0976,0.0154,-0.0208,-3.39,-0.4781,0.0767
401320584,2021,-8.0,178.0,0.217,0.1425,168.3,0,2,0,5.52,0.22,167.36,-0.0149,0.0739,0.0977,-0.131,-0.0549,1.86,0.1299,-0.0248
401320585,2021,12.0,166.0,-0.0105,-0.144,-82.5,0,0,0,-6.41,2.35,163.76,0.037,0.0095,-0.0307,-0.1043,-0.012,-2.88,-0.1441,0.0284
401320586,2021,-7.0,137.0,0.0504,0.0303,-6.9,0,0,0,-12.09,6.07,160.56,0.0052,-0.1237,0.0706,-0.1139,-0.0029,0.13,0.0634,-0.0316
401320588,2021,7.0,169.0,0.139,0.1423,-64.4,0,-1,1,-1.5,-1.04,169.25,0.0576,-0.0571,-0.0964,0.0337,0.0198,0.56,-0.0077,0.2867
401320587,2021,-16.0,154.0,-0.0534,-0.1171,-59.1,0,0,0,0.96,1.96,163.97,0.0332,0.009,-0.0087,-0.1133,0.0063,-2.44,-0.1001,-0.008
401320589,2021,-7.0,173.0,0.2762,0.1917,108.9,0,-2,0,5.0,1.37,167.76,0.0347,-0.0308,0.0342,0.0301,0.0048,-2.55,0.0065,0.2024
401320590,2021,3.0,177.0,0.11,0.0573,43.4,0,1,0,-7.36,5.27,160.84,-0.0328,-0.1309,0.0273,0.0435,0.0137,2.79,0.2979,-0.2569
401320591,2021,-6.0,164.0,-0.2417,-0.381,-88.2,0,2,0,-8.6,-3.04,161.91,-0.0058,0.067,0.0356,0.1731,-0.0585,-2.35,-0.6569,0.3082
401320592,2021,6.0,196.0,0.0219,0.0395,-10.6,0,-1,0,-0.18,-1.62,167.2,-0.0141,0.0349,-0.0227,-0.1388,-0.033,4.95,0.4138,-0.4763
401320593,2021,5.0,167.0,0.2833,0.3263,121.1,0,0,0,8.16,-1.18,159.79,0.0111,0.0762,-0.014,-0.083,0.0356,1.66,-0.2938,0.6591
401320594,2021,-15.0,137.0,0.1152,0.1406,6.5,0,-2,0,19.32,1.7,167.87,0.0239,0.0797,0.1119,-0.052,-0.0071,-0.15,0.1925,-0.1313
401320595,2021,10.0,154.0,0.3166,0.294,151.0,0,-2,0,10.31,0.77,166.9,-0.0428,0.0021,0.015,0.0231,0.038,4.56,0.1231,0.2105
401320596,2021,36.0,190.0,0.3935,0.4066,194.3,0,-1,0,13.15,0.6,163.95,-0.0137,-0.0562,0.0609,-0.0464,0.0338,3.19,0.0068,0.5013
401320597,2021,-3.0,177.0,0.1399,0.0326,-43.8,0,3,0,0.36,-0.05,166.44,0.0751,-0.1076,-0.0756,0.176,0.0606,-3.26,-0.2278,0.2974
401320598,2021,-4.0,174.0,-0.076,-0.0066,-61.2,0,-1,0,0.57,4.7,163.89,-0.0148,-0.0194,0.0104,-0.003,0.0673,-0.17,-0.1618,0.2078
401320599,2021,-3.0,161.0,0.0589,0.1106,-24.8,0,0,0,6.17,0.52,167.46,0.0383,0.0619,0.1187,-0.0382,-0.0181,-1.11,0.2475,-0.2029
401320600,2021,23.0,179.0,0.4941,0.5385,208.3,0,0,0,30.28,1.58,166.08,-0.0383,-0.077,0.0817,-0.0415,0.0592,4.36,0.4398,0.0532
401320601,2021,5.0,153.0,-0.135,-0.1287,-107.5,0,0,0,-14.19,3.52,161.63,-0.0014,-0.0872,-0.0145,-0.0031,-0.0625,-2.73,-0.2557,0.2267
401320602,2021,7.0,141.0,-0.0915,-0.1487,-1.0,0,0,0,-14.7,-3.95,163.6,0.0099,0.0998,-0.0973,0.1194,-0.0109,-1.36,-0.4736,0.4299
401320603,2021,-1.0,167.0,0.0063,0.0707,-7.3,0,-1,0,-4.31,6.98,162.44,0.0587,0.0062,-0.011,-0.0955,0.0191,2.68,0.6572,-0.6574
401320604,2021,10.0,148.0,-0.0395,-0.0345,-104.2,0,1,0,5.07,-0.78,169.23,-0.0438,0.0397,0.1003,0.0534,0.0213,-3.67,0.0028,-0.0568
401320605,2021,15.0,161.0,0.547,0.626,275.0,0,2,0,18.47,0.38,166.2,-0.0517,-0.0377,-0.0065,0.078,0.0674,5.34,0.4387,0.2098
401320606,2021,-12.0,176.0,-0.1848,-0.3297,-218.6,0,3,0,-11.42,1.99,168.34,0.0611,0.0121,-0.0918,0.2164,0.0743,-2.56,-1.4188,1.223
401320607,2021,3.0,151.0,0.0227,-0.066,16.5,0,0,0,6.67,-6.96,163.72,-0.0363,-0.0162,0.0198,0.0992,0.0232,-2.11,-0.5569,0.5979
401320608,2021,35.0,161.0,0.1269,-0.0065,130.8,0,0,0,9.28,1.28,166.92,0.0021,-0.068,-0.0156,0.0698,0.0593,4.74,-0.2065,0.2704
401320609,2021,2.0,170.0,0.1558,0.1613,75.3,0,0,0,-8.5,-2.59,168.13,0.0248,-0.0671,-0.0411,0.1024,-0.0157,-4.75,0.0896,0.1192
401320610,2021,3.0,207.0,0.4187,0.5345,231.4,0,0,0,10.26,-0.43,165.87,-0.0124,-0.0385,-0.0528,-0.0199,0.0113,3.81,0.3459,0.2424
401320611,2021,-3.0,189.0,-0.2751,-0.3547,-120.8,0,3,0,-11.59,-3.15,164.33,0.0016,0.0792,-0.1094,0.2065,-0.0016,-2.71,-0.8965,0.6857
401320612,2021,5.0,131.0,-0.0235,-0.1454,44.3,0,0,0,10.46,-2.49,168.73,-0.0285,-0.1057,-0.0786,0.0705,0.0646,0.88,-0.3936,0.3478
401320613,2021,21.0,149.0,0.1914,0.249,236.4,0,2,0,7.61,-5.84,164.33,-0.0371,0.0953,0.0444,-0.0762,-0.0281,1.29,0.1145,0.1259
401320614,2021,20.0,180.0,0.1521,0.1505,80.3,0,0,0,-7.53,-3.2,168.99,0.0264,-0.0596,-0.0135,0.0805,-0.0083,-4.01,-0.1308,0.3565
401320615,2021,-1.0,135.0,0.3335,0.3822,234.0,0,0,0,8.54,-0.63,170.41,-0.0048,-0.0646,0.0033,-0.0082,0.002,3.2,0.3422,0.0023
401320616,2021,4.0,166.0,-0.1324,-0.1206,-42.4,0,1,0,1.23,0.4,165.02,-0.0269,-0.0024,-0.0513,0.0535,-0.0041,-0.53,-0.1672,-0.0859
401320619,2021,-4.0,166.0,0.0393,-0.0093,67.6,0,3,0,-1.94,-5.06,164.85,0.0244,-0.015,0.0422,-0.0142,-0.0281,0.61,-0.2318,0.2529
401320617,2021,-24.0,166.0,-0.3859,-0.3387,-235.1,0,0,0,-8.18,0.75,168.95,0.0265,0.1013,-0.0133,-0.0552,-0.0304,-0.09,-0.1908,-0.1394
401320618,2021,16.0,168.0,0.3022,0.3294,101.5,0,-1,0,20.35,1.93,166.69,0.0276,0.0178,0.0696,0.0204,0.0256,4.15,0.2922,0.0026
401320620,2021,18.0,160.0,0.0413,0.1354,-44.3,0,-3,0,-9.62,0.36,166.29,-0.0103,0.0458,0.0293,0.0545,-0.0168,-2.24,0.1339,-0.012
401320621,2021,-11.0,161.0,-0.4798,-0.4863,-254.3,0,0,0,-19.66,1.61,168.93,0.0241,0.1298,-0.0251,-0.0471,-0.0873,-0.19,-0.3599,-0.1612
401320622,2021,-18.0,136.0,0.0059,0.0059,51.7,0,0,0,-2.11,-4.67,163.14,0.0161,-0.0184,0.0706,-0.0076,-0.0599,1.19,-0.0641,-0.0225
401320623,2021,-4.0,162.0,-0.4518,-0.4661,-114.3,0,0,0,-25.98,-1.0,165.1,-0.0123,-0.0295,-0.0756,-0.0314,-0.0279,-3.36,-0.3388,-0.1501
401320624,2021,16.0,144.0,0.3208,0.3438,0.4,0,2,0,0.78,1.35,166.74,0.0303,0.0505,0.0476,0.0011,-0.0232,-2.21,0.3007,-0.0014
401320625,2021,-23.0,155.0,-0.1628,-0.3276,-61.3,0,3,0,-4.61,-3.68,161.21,0.0125,0.1249,-0.0242,-0.0236,-0.0522,-0.21,-0.2779,-0.1264
401320626,2021,23.0,179.0,-0.1212,-0.0859,-88.0,0,-1,0,-18.15,1.63,166.55,0.0049,0.0468,0.0069,-0.0877,-0.0303,1.73,0.2046,-0.3972
401320627,2021,7.0,163.0,0.3385,0.371,145.9,0,3,0,5.31,1.33,167.97,-0.0194,-0.1242,0.1134,-0.1375,-0.0239,2.52,0.8779,-0.7331
401320628,2021,-2.0,168.0,-0.0483,-0.0391,108.4,0,-3,0,1.97,-4.18,161.95,-0.0331,0.0698,0.082,-0.0958,-0.107,0.4,-0.1418,0.1177
401320629,2021,-17.0,157.0,-0.7424,-0.7416,-330.6,0,1,0,-30.86,-1.12,162.54,0.0378,0.0991,-0.0432,-0.1009,-0.111,-2.07,-0.4492,-0.4149
401320630,2021,-16.0,194.0,0.0238,0.0772,38.1,0,0,0,5.33,0.06,167.06,0.0064,-0.0437,0.0131,0.0617,0.0119,-1.32,-0.0941,0.2552
401320631,2021,22.0,178.0,0.4047,0.4138,236.9,0,0,0,13.09,1.63,168.46,-0.0423,-0.0035,0.1595,-0.229,-0.0658,1.53,0.3787,0.1085
401320632,2021,5.0,165.0,-0.1109,-0.0821,33.9,0,1,0,2.3,2.62,162.26,-0.0114,-0.0552,-0.0879,0.0085,0.0764,3.17,0.0389,-0.0816
401320633,2021,-10.0,148.0,-0.7556,-0.7545,-339.9,0,0,0,-32.32,-0.61,162.19,0.0344,0.0775,-0.0062,-0.0899,-0.1173,-0.57,-0.509,-0.3382
401320634,2021,3.0,189.0,0.0442,0.0217,51.3,0,0,0,3.22,-2.82,165.73,0.0013,-0.0438,0.0095,0.0757,0.017,-1.34,0.0754,-0.185
401320635,2021,6.0,156.0,0.0106,0.1723,-89.4,0,-2,0,6.29,4.96,161.5,0.0151,-0.0136,0.0362,-0.0055,0.0058,1.78,0.6009,-0.4997
401320636,2021,-12.0,158.0,-0.1101,-0.1701,-48.6,0,2,0,0.04,-1.7,167.92,-0.0594,0.0529,-0.0879,0.0113,-0.0327,-0.9,-0.0335,-0.1398
401320637,2021,27.0,179.0,0.4234,0.4243,244.7,0,0,0,20.22,2.38,168.76,-0.0435,0.011,0.1357,-0.2393,-0.0442,0.54,0.3007,0.155
401320638,2021,-14.0,146.0,-0.0878,-0.065,42.7,0,0,0,6.09,1.43,160.13,-0.0189,-0.0505,-0.1232,0.0119,0.0599,3.71,0.1096,-0.1274
401320639,2021,10.0,172.0,0.0398,0.207,-73.6,0,0,0,9.74,4.05,160.91,0.0104,-0.0016,0.0319,0.0206,-0.0102,2.11,0.5143,-0.3489
401320640,2021,5.0,159.0,0.2834,0.3156,127.8,0,0,0,14.89,1.38,162.97,-0.0187,0.0109,0.02,0.16,0.1051,-0.71,0.2184,0.0802
401320641,2021,18.0,172.0,-0.1587,-0.2038,-73.4,0,0,0,-5.11,-1.58,166.78,-0.0621,0.0404,-0.0739,-0.0046,-0.0274,-0.39,-0.0281,-0.1786
401320642,2021,-3.0,149.0,-0.0735,-0.0768,126.6,0,-1,0,8.81,-4.98,163.95,-0.0352,0.0227,0.0288,-0.1175,-0.0192,0.97,0.015,-0.0715
401320643,2021,10.0,150.0,-0.0191,0.0335,113.5,0,0,0,-7.67,-2.37,161.06,0.0333,-0.0261,0.0446,-0.0442,-0.0269,0.08,-0.0756,0.0748
401320644,2021,-20.0,164.0,-0.3356,-0.3193,-148.3,0,-1,0,-22.76,2.08,166.37,0.0315,-0.0314,-0.0604,0.1417,0.005,-1.98,-0.4871,0.2194
401320645,2021,-4.0,170.0,0.4561,0.4244,215.6,0,2,0,15.35,-1.2,163.77,-0.0054,-0.0684,-0.021,-0.0779,0.0428,1.22,0.5652,-0.0511
401320646,2021,-2.0,172.0,-0.1474,-0.1493,-81.7,0,1,0,-2.61,-0.07,167.61,-0.0468,0.0597,-0.0333,-0.0169,-0.0269,1.96,0.0069,-0.1384
401320647,2021,-25.0,153.0,-0.2693,-0.2467,-106.4,0,3,0,-10.83,0.22,160.84,0.0227,-0.0559,0.027,-0.0853,-0.1078,0.35,-0.3274,0.1418
401320648,2021,-23.0,159.0,-0.403,-0.3864,-173.4,0,0,0,-24.92,1.48,167.8,0.0489,-0.0404,-0.0455,0.1424,-0.0123,-1.53,-0.5595,0.2382
401320649,2021,7.0,171.0,-0.2551,-0.2111,-7.4,0,2,0,-10.01,-1.66,160.76,0.0121,-0.0442,-0.0116,-0.0883,-0.0318,4.51,-0.0123,-0.1813
401320650,2021,1.0,179.0,-0.1951,-0.2591,-109.3,0,-3,0,-16.65,-3.1,168.38,0.0553,0.0406,-0.0523,0.14,0.0054,-0.69,-0.7057,0.5845
401320651,2021,11.0,159.0,0.0017,0.0096,-12.0,0,0,0,7.2,-1.95,161.86,-0.001,0.0232,-0.0358,-0.0914,-0.0054,2.81,0.2557,-0.2251
401320652,2021,-23.0,179.0,0.1797,0.1083,70.3,0,1,0,15.35,-1.16,168.52,-0.0537,0.0814,0.0308,-0.1419,0.0505,2.96,0.1556,-0.0134
401320653,2021,9.0,167.0,0.0898,0.037,-10.3,0,2,0,1.47,-0.83,158.74,0.0053,0.052,0.145,-0.0078,-0.0781,-3.95,-0.3503,0.4018
401320654,2021,16.0,132.0,-0.2569,-0.2569,32.9,0,2,0,-17.29,-4.03,162.8,0.0266,0.0423,0.0235,-0.0128,-0.0442,-1.73,-0.3952,0.1372
401320655,2021,3.0,187.0,-0.0988,0.01,-76.0,0,-3,0,1.33,7.51,167.42,0.0092,0.0469,0.1185,-0.1236,-0.0419,0.77,0.1001,-0.1088
401320656,2021,4.0,142.0,0.009,0.008,24.9,0,0,0,2.87,-0.8,169.38,-0.0534,0.0614,0.002,-0.165,0.0168,3.05,0.459,-0.589
401320657,2021,-19.0,161.0,-0.1057,-0.0606,-110.4,0,1,0,-1.44,2.98,160.93,-0.0343,-0.0276,-0.047,0.1449,0.0195,-2.09,-0.2948,0.2472
401320658,2021,-10.0,172.0,-0.2084,-0.2069,-54.9,0,1,0,-0.36,-2.1,162.23,-0.0187,0.0428,-0.0296,0.0137,0.0218,-1.14,-0.3559,0.2353
401320659,2021,-6.0,158.0,-0.1524,-0.1661,-25.6,0,-2,0,4.35,-4.46,164.37,-0.0258,-0.0065,0.0974,-0.0025,-0.0266,-3.17,-0.3155,0.2869
401320660,2021,-24.0,174.0,-0.4787,-0.4835,-136.3,0,0,0,-13.84,-9.13,168.89,-0.006,-0.0552,-0.1245,0.1365,-0.0474,1.23,-0.3223,-0.2494
401320661,2021,-6.0,166.0,-0.5311,-0.6254,-269.1,0,3,0,-20.24,2.86,159.18,-0.0193,-0.1066,-0.0165,-0.0482,-0.0905,-0.66,-0.3917,-0.2898
401320662,2021,9.0,191.0,-0.2556,-0.2096,-76.7,0,0,0,-2.61,-2.39,163.42,-0.0177,0.0366,-0.0321,0.0194,-0.0175,0.21,-0.3299,0.1584
401320663,2021,-8.0,124.0,-0.5907,-0.5874,-166.2,0,0,0,-23.88,-7.92,171.21,-0.0167,-0.0664,-0.096,0.1126,-0.0396,0.85,-0.5481,-0.0795
401320665,2021,3.0,179.0,0.5122,0.5491,285.4,0,2,0,8.4,-1.23,165.49,-0.0049,-0.0699,-0.0285,0.0323,0.0654,-3.9,0.4023,0.1104
401320664,2021,-31.0,167.0,-0.1998,-0.1998,-42.7,0,0,0,1.27,-3.45,162.89,-0.0378,-0.0395,0.1046,0.0235,-0.0472,-2.23,-0.2603,0.1584
401320666,2021,6.0,140.0,-0.4886,-0.5332,-275.9,0,0,0,-21.44,2.23,158.7,-0.0204,-0.1208,-0.0174,-0.059,-0.0756,-0.84,-0.1915,-0.4477
401320667,2021,3.0,161.0,-0.0262,-0.0352,-96.9,0,0,0,3.38,1.57,164.41,0.0548,-0.0061,0.0235,0.004,-0.0459,-0.49,0.0696,-0.0791
401320668,2021,23.0,213.0,0.4453,0.4686,242.7,0,0,0,17.21,5.52,170.78,0.0144,-0.0256,0.0918,-0.094,-0.0019,-2.78,0.1966,0.3712
401320669,2021,-10.0,158.0,-0.5259,-0.5249,-223.7,0,0,0,-12.03,-1.26,162.83,-0.0053,-0.0175,-0.0166,-0.0188,-0.1053,1.68,-0.4053,-0.1053
401320670,2021,3.0,195.0,-0.1338,-0.1857,-108.8,0,-1,0,-7.92,2.19,162.66,0.0457,-0.09,0.033,0.1017,-0.0568,-2.35,-0.1709,0.0003
401320671,2021,6.0,164.0,0.1696,0.1539,71.2,0,2,0,1.33,2.0,164.09,0.0298,-0.04,0.0155,-0.007,-0.036,-1.42,-0.0835,0.2748
401320672,2021,-9.0,189.0,0.4506,0.5196,189.7,0,-1,0,17.91,8.02,168.47,-0.0074,0.062,-0.0138,-0.1309,0.0956,1.35,0.7263,-0.2046
401320673,2021,9.0,133.0,0.5276,0.619,235.0,0,0,0,12.83,-0.06,160.67,0.0019,0.0241,0.0105,0.018,0.0843,-1.62,0.7114,-0.1721
401320674,2021,12.0,156.0,0.2555,0.305,200.4,0,0,0,17.96,-5.5,160.04,0.063,0.0949,0.0606,0.0063,-0.0224,-2.85,0.1906,0.0639
401320675,2021,13.0,151.0,-0.2294,-0.1816,-38.7,0,1,0,-8.3,-4.16,162.4,-0.0272,0.0243,0.0371,-0.2008,-0.085,-0.43,0.1669,-0.4721
401320676,2021,8.0,162.0,-0.417,-0.4746,-225.0,0,0,0,-5.77,1.66,160.94,-0.0154,-0.044,0.1249,0.0218,-0.0877,-1.9,-0.669,0.2978
401320677,2021,-10.0,144.0,0.141,0.0614,81.6,0,0,0,-0.77,5.63,171.42,-0.0447,0.0183,0.0826,-0.1017,0.0357,-0.66,0.1405,-0.0751
401320678,2021,-4.0,174.0,0.3047,0.2513,81.0,0,0,0,11.82,1.05,163.01,0.017,0.0214,-0.0096,-0.1158,0.0309,0.63,0.5079,-0.2996
401320679,2021,-16.0,174.0,-0.2646,-0.1968,-147.8,0,2,0,-5.76,-6.14,167.74,0.0043,0.026,-0.1014,0.119,0.0289,2.0,0.0023,-0.2227
401320680,2021,-17.0,125.0,-0.2917,-0.2917,-230.6,0,0,0,-7.69,5.38,160.8,0.0258,-0.1085,-0.0144,0.1408,0.0063,0.29,-0.0336,-0.3115
401320681,2021,-11.0,147.0,0.1338,0.1131,41.7,0,0,0,-9.61,3.81,161.7,-0.0417,-0.0033,-0.0486,0.0597,0.0827,2.37,0.0181,0.1376
401320682,2021,7.0,157.0,0.3302,0.2851,202.3,0,0,0,3.88,-0.97,160.41,0.0103,0.0413,-0.1258,-0.0123,0.0803,0.67,0.2152,0.2031
401320683,2021,-25.0,147.0,-0.425,-0.4663,-109.2,0,2,0,-22.81,-1.94,161.78,-0.0147,-0.0389,0.0228,0.0053,-0.0393,1.28,-0.363,-0.0985
401353913,2021,22.0,136.0,0.1025,0.1025,78.6,0,0,0,-5.72,1.86,156.23,-0.023,-0.0555,-0.023,0.0351,0.0418,0.18,0.4063,-0.4144
401320684,2021,2.0,172.0,-0.0835,0.0953,-163.1,0,2,0,-8.67,3.99,162.22,-0.0045,-0.0155,-0.0158,-0.0252,-0.0262,0.12,0.1773,-0.133
401320685,2021,-21.0,139.0,-0.1078,-0.1561,-136.9,0,2,0,-6.45,2.88,158.77,-0.0432,-0.0327,-0.0208,0.0184,0.0597,1.2,0.0481,-0.2428
401320686,2021,1.0,167.0,0.3918,0.3793,164.0,0,0,0,11.83,3.83,168.24,-0.0061,0.0306,0.1164,-0.2257,0.0264,1.05,0.4404,-0.0794
401320687,2021,11.0,173.0,0.081,0.2023,99.6,0,0,0,5.12,-1.88,163.55,0.0417,0.0,0.0919,0.0718,0.0096,-4.11,0.0272,0.1067
401320688,2021,10.0,166.0,0.4144,0.4288,220.8,0,0,0,22.49,-0.82,162.79,-0.0307,0.0252,-0.0563,-0.1336,0.0413,2.88,0.0717,0.5119
401320689,2021,5.0,145.0,0.0204,0.0337,73.9,0,0,0,-16.99,-0.05,159.0,-0.0046,-0.0549,-0.066,0.0698,0.053,3.05,0.193,-0.2365
401320690,2021,12.0,132.0,-0.09,-0.002,27.4,0,0,0,-11.12,-3.08,156.78,0.0108,0.0867,-0.0023,-0.0036,-0.0284,0.11,0.0259,-0.1053
401320691,2021,-4.0,156.0,0.2481,0.2221,89.4,0,0,0,5.97,4.99,163.9,0.0022,-0.0207,0.0031,-0.0005,-0.0511,-0.33,0.0795,0.1861
401320692,2021,10.0,176.0,0.3444,0.3297,166.7,0,0,0,8.97,2.99,167.49,-0.0065,0.0421,0.1372,-0.2319,0.0189,0.53,0.3588,-0.0698
401320693,2021,4.0,164.0,0.2532,0.2222,123.2,0,0,0,-4.51,1.91,160.98,-0.0091,-0.0293,0.0146,0.1115,0.0926,-0.26,-0.0733,0.2906
401320694,2021,5.0,165.0,-0.0127,0.1242,67.7,0,0,0,2.94,-3.65,163.44,0.0611,-0.0391,0.028,0.04,0.0231,-0.79,0.1926,-0.1629
401320695,2021,4.0,162.0,-0.3805,-0.1622,-330.5,0,0,0,-13.48,-0.53,161.38,0.0426,-0.0476,-0.0004,0.0825,-0.032,-3.71,0.1753,-0.5022
401320696,2021,11.0,153.0,-0.0477,0.0382,42.5,0,0,0,1.19,-2.5,156.35,0.0005,0.0765,0.015,0.0006,-0.0194,-0.11,-0.0637,0.0354
401320697,2021,13.0,141.0,0.0182,-0.0231,24.6,0,0,0,10.32,-1.09,163.78,0.0241,0.0267,0.1182,-0.0791,0.0378,0.39,-0.2992,0.3815
401320698,2021,2.0,130.0,0.0167,0.1215,75.3,0,0,0,5.81,-2.7,166.99,0.0563,-0.0511,0.009,0.0522,0.026,-0.45,0.1288,-0.0878
401320699,2021,-16.0,182.0,-0.3695,-0.3824,-313.5,0,0,0,-9.32,-1.26,161.73,0.0438,-0.0418,-0.004,0.0677,-0.0095,-4.46,-0.1397,-0.3684
401320700,2021,-2.0,164.0,0.1955,0.1725,97.7,0,0,0,-11.73,1.0,158.92,-0.0098,0.0193,-0.1033,0.0445,0.1217,1.48,0.2539,-0.0547
401320701,2021,-15.0,153.0,-0.1765,-0.3091,-126.5,0,0,0,-13.91,2.78,164.28,-0.0416,0.0088,-0.109,-0.0568,-0.0537,3.08,-0.1203,-0.1103
401320702,2021,-6.0,196.0,0.0343,-0.0338,-41.2,0,2,0,-4.04,4.33,161.65,-0.0117,0.029,-0.0019,0.0407,-0.0227,0.03,0.352,-0.516
401320703,2021,-3.0,169.0,0.0252,0.0476,-86.1,0,-1,0,-6.8,-0.69,161.22,0.0051,0.0017,0.0026,0.1221,0.0508,-3.03,0.0995,-0.0033
401320704,2021,-7.0,163.0,-0.3896,-0.4683,-231.5,0,1,0,-13.01,0.57,163.68,-0.0272,-0.0282,-0.0263,0.0535,-0.0991,-2.19,-0.4362,-0.0398
401320705,2021,6.0,146.0,-0.177,-0.2057,-111.3,0,1,0,-5.14,-1.66,161.5,0.0109,-0.038,-0.0068,-0.0937,0.0303,-3.38,-0.407,0.248
401320706,2021,-7.0,165.0,-0.4467,-0.453,-164.0,0,0,0,-4.71,-0.86,166.72,-0.0226,0.0172,-0.0162,-0.0512,-0.0765,1.57,-0.4603,0.002
401320707,2021,14.0,138.0,-0.096,-0.1273,-9.4,0,0,0,5.68,-7.15,161.86,0.04,0.0353,-0.0943,0.1123,-0.0244,1.28,-0.342,0.2512
401320708,2021,10.0,146.0,0.0436,0.0124,-4.2,0,0,0,-5.13,1.88,164.04,-0.038,0.0163,-0.0266,0.088,-0.0107,-2.7,-0.039,0.1017
401320709,2021,-27.0,185.0,-0.0346,-0.1909,-149.1,0,-1,0,-16.11,0.59,161.89,0.0044,-0.0701,-0.0534,0.1104,0.0356,-0.55,-0.0193,-0.1219
401320710,2021,-7.0,149.0,-0.4852,-0.4691,-274.9,0,0,0,-8.28,-0.94,164.29,-0.0281,0.0297,-0.1529,0.0956,-0.0895,3.84,-0.6203,0.2008
401320711,2021,4.0,148.0,0.3466,0.3618,189.6,0,0,0,8.12,-3.62,157.7,0.0042,0.0619,-0.0039,-0.0057,0.0468,-2.37,0.198,0.1227
401320712,2021,-5.0,159.0,0.036,0.0798,7.6,0,-3,0,3.96,3.01,162.16,-0.0145,-0.0735,0.0193,0.0536,-0.0838,-0.62,-0.2255,0.493
401320713,2021,-16.0,144.0,-0.1286,-0.0084,-179.9,0,0,0,-26.24,-0.03,161.07,0.0046,-0.064,-0.0443,0.1126,0.015,-0.2,0.3982,-0.4491
401320714,2021,-4.0,142.0,0.1547,0.1173,154.9,0,0,0,2.89,-1.87,164.97,0.0044,0.0299,0.0305,0.0282,-0.0122,3.32,0.2174,-0.1413
401320715,2021,-16.0,158.0,-0.5524,-0.5182,-264.8,0,3,0,-0.69,-3.84,159.43,0.0145,0.0449,0.004,0.0782,-0.0459,0.3,-0.7707,0.429
401320716,2021,15.0,137.0,0.3232,0.3017,193.3,0,0,0,13.15,-2.41,156.18,-0.0059,0.0629,0.027,-0.0099,0.0214,-1.77,0.4637,-0.2144
401320717,2021,1.0,151.0,0.0464,-0.0111,-8.8,0,0,0,0.41,1.79,160.45,-0.0135,-0.0907,0.026,0.0639,-0.06,0.69,-0.0071,0.0018
401320718,2021,-32.0,182.0,0.1127,0.0543,138.0,0,0,0,0.36,-0.85,165.5,-0.0006,0.0176,0.0336,0.012,-0.0364,3.4,0.0674,0.0028
401320719,2021,2.0,146.0,-0.1998,-0.2614,-82.3,0,0,0,2.28,-0.06,156.79,-0.0184,0.0953,0.0405,-0.0554,-0.0161,-3.21,0.2993,-0.7119
401320720,2021,-10.0,160.0,-0.281,-0.3689,-189.2,0,0,0,-13.4,4.49,158.37,-0.0315,-0.0683,0.0078,0.0863,0.0065,-0.12,0.043,-0.5612
401320721,2021,8.0,140.0,0.296,0.0795,254.9,0,1,0,12.72,-1.8,160.56,-0.0179,0.0118,0.0445,-0.1971,0.0328,1.75,0.2277,-0.255
401320722,2021,20.0,186.0,-0.2134,-0.1833,-35.0,0,2,0,7.39,-1.02,162.98,0.0164,0.0126,0.0912,0.0129,-0.0332,-1.13,-0.5222,0.4205
401320723,2021,4.0,140.0,0.0755,0.0876,107.6,0,0,0,5.18,-2.86,160.74,0.0658,0.0448,0.1015,0.0123,0.1153,-3.42,0.2355,-0.2182
401320724,2021,9.0,123.0,0.2629,0.2598,153.0,0,0,0,6.45,2.53,157.99,-0.0161,0.0234,-0.001,-0.0374,0.0579,-1.78,0.3551,-0.1635
401320725,2021,7.0,173.0,-0.0215,-0.1873,83.7,0,3,0,1.39,-0.47,162.81,0.0024,-0.0205,0.1157,-0.1353,-0.0197,0.16,-0.277,0.0229
401320726,2021,10.0,160.0,0.4303,0.4688,312.7,0,2,0,7.84,0.64,163.79,-0.0238,0.0221,0.0179,-0.1165,-0.0276,3.04,0.5379,-0.2153
401320727,2021,-22.0,152.0,-0.4182,-0.4857,-181.4,0,0,0,-22.64,-3.47,158.03,0.0069,0.0308,0.0648,-0.0695,-0.0861,-0.48,0.0953,-0.7663
401320728,2021,18.0,168.0,0.2194,0.4329,146.6,0,-2,0,7.0,-1.39,159.55,0.0141,0.0127,-0.013,-0.0999,0.0408,-0.67,0.146,0.3631
401320729,2021,8.0,176.0,0.0135,0.1307,-92.0,0,0,0,-3.66,-0.61,163.23,-0.001,-0.0016,-0.1125,0.1473,-0.0061,0.57,0.0015,0.2353
401320730,2021,-5.0,133.0,0.0932,0.0137,113.2,0,0,0,8.92,-2.85,158.65,0.0445,0.0616,0.0997,0.0155,0.0941,-2.88,0.1113,-0.1614
401320731,2021,-5.0,167.0,-0.4372,-0.5993,-204.6,0,0,0,-28.52,-3.04,157.33,0.0088,0.0345,0.053,-0.0802,-0.0975,0.1,-0.1383,-0.5697
401320732,2021,-27.0,139.0,-0.3488,-0.4373,-199.5,0,-3,0,-10.75,1.83,154.92,-0.014,-0.0105,-0.0331,0.0123,0.0308,-1.72,-0.125,-0.4074
401320733,2021,34.0,176.0,0.3775,0.4394,204.4,0,2,0,0.35,1.2,162.29,0.0045,0.0146,-0.0398,-0.0582,-0.0232,2.13,0.2786,0.2282
401320734,2021,-1.0,151.0,-0.2998,-0.1124,-206.6,0,1,0,-21.88,1.0,158.38,-0.0249,-0.0477,-0.0969,-0.0684,-0.1342,3.01,0.3017,-0.4723
401320735,2021,21.0,183.0,0.03,-0.0422,32.9,0,-1,0,-8.23,2.27,160.52,-0.0295,0.0306,0.0425,-0.1278,-0.0004,0.02,0.1561,-0.2736
401320736,2021,-18.0,132.0,-0.3632,-0.3914,-228.1,0,3,0,-22.63,1.22,154.16,-0.0158,-0.1666,0.0075,0.0147,-0.0172,-0.38,-0.1581,-0.2582
401320737,2021,8.0,156.0,-0.0073,-0.1533,82.4,0,1,0,-12.56,1.02,159.89,0.0363,-0.037,0.1375,0.1466,0.0443,-3.3,0.2089,-0.4979
401320738,2021,17.0,161.0,0.561,0.5697,239.7,0,-2,0,11.18,3.12,156.09,0.0087,-0.1093,-0.0505,0.0197,0.0721,-1.0,0.4269,0.1875
401320739,2021,1.0,153.0,-0.0119,-0.0563,107.4,0,-1,0,6.37,-3.47,158.63,-0.0178,0.109,0.0372,-0.089,-0.0255,0.36,0.3926,-0.5917
401320740,2021,-9.0,143.0,-0.1628,-0.1567,-105.9,0,1,0,-3.8,2.45,155.15,-0.0392,-0.0779,-0.036,0.0482,0.0963,-3.45,-0.3061,0.2114
401320741,2021,-8.0,150.0,0.4837,0.5174,118.8,0,3,0,13.5,1.11,160.91,-0.0181,0.0349,-0.0748,-0.0715,0.0653,0.34,0.1924,0.5485
401320742,2021,10.0,170.0,0.5722,0.5548,246.1,0,0,0,17.79,3.26,156.72,-0.0167,-0.1143,-0.0336,0.001,0.0703,0.17,0.2312,0.4174
401320743,2021,28.0,134.0,-0.3768,-0.2913,-226.6,0,-2,0,-12.58,-5.34,159.06,0.0176,-0.067,0.0042,-0.0108,-0.0344,-0.79,-0.428,0.1605
401320744,2021,10.0,160.0,0.4734,0.5565,203.2,0,3,0,14.85,4.5,159.19,-0.0294,-0.0671,0.0386,-0.1832,0.0457,0.53,0.6657,-0.1733
401320745,2021,7.0,163.0,0.1886,0.213,4.8,0,2,0,7.75,2.33,155.59,-0.0467,-0.0842,-0.1015,-0.0313,-0.0439,3.14,0.1954,0.0942
401320746,2021,29.0,167.0,0.4195,0.4248,350.5,0,0,0,26.88,-4.24,155.16,0.0085,0.1411,0.1192,-0.1324,-0.0164,3.05,0.1795,0.2768
401320747,2021,-6.0,142.0,-0.1194,-0.0584,-97.5,0,-2,0,1.66,2.22,154.41,-0.0458,0.0766,-0.0982,-0.0238,-0.019,1.91,0.1123,-0.1142
401320748,2021,-19.0,165.0,-0.5833,-0.557,-256.4,0,-2,0,-18.36,-2.73,155.8,0.0044,0.0967,-0.038,0.0061,-0.0472,0.84,-0.6689,0.1313
401320749,2021,11.0,171.0,-0.0082,-0.084,-125.6,0,-3,0,-5.45,1.8,160.97,0.0297,-0.0091,-0.1096,0.022,0.0187,0.52,-0.1917,0.2227
401320750,2021,-33.0,173.0,-0.0146,-0.012,-98.7,0,1,0,-9.3,-0.68,162.17,0.0205,0.026,-0.0669,0.1344,-0.0401,-1.31,-0.1763,0.3121
401320751,2021,9.0,179.0,0.0852,-0.1006,70.9,0,0,0,-9.86,3.71,158.4,0.0043,-0.0296,-0.0062,0.0062,-0.0773,2.47,0.6291,-0.9132
401320752,2021,20.0,148.0,0.5179,0.4657,334.4,0,1,0,19.91,0.02,154.94,0.056,0.1111,0.151,0.0266,0.0459,-0.24,0.4187,0.0813
401320753,2021,-1.0,167.0,-0.1892,-0.1892,-117.1,0,0,0,-13.67,-5.79,157.61,0.0295,0.0378,-0.0118,0.1384,-0.0249,-1.06,-0.5959,0.5641
401320754,2021,-6.0,160.0,-0.3307,-0.3017,-161.6,0,0,0,-17.63,-0.82,159.88,0.0093,-0.0651,0.0199,0.1241,-0.01,-0.73,-0.127,-0.1857
401320755,2021,3.0,171.0,-0.1672,-0.1298,-22.3,0,2,0,-9.95,1.86,152.82,-0.0096,0.1248,-0.0569,0.0704,0.0037,-1.57,0.2977,-0.4991
401320756,2021,11.0,185.0,0.5971,0.5439,194.8,0,0,0,-0.7,2.93,157.88,-0.0268,-0.118,-0.0146,0.0398,0.0295,-0.59,0.5382,0.1593
401370430,2021,17.0,145.0,0.3318,0.3538,86.8,0,0,0,1.03,3.25,158.75,-0.0239,-0.0636,-0.0155,-0.0241,0.0019,-0.46,0.2084,0.2391
401370431,2021,1.0,165.0,0.2557,0.4055,208.7,0,-1,0,3.92,-5.1,157.09,-0.0428,0.0592,0.0399,-0.0597,0.0389,0.17,0.1157,0.2342
401370432,2021,-13.0,165.0,-0.0359,-0.0415,71.7,0,2,0,7.38,0.05,160.49,0.0123,0.0305,0.0662,-0.0387,0.02,1.04,0.0159,-0.0962
401370433,2021,-5.0,165.0,0.1153,0.0177,83.6,0,2,0,2.62,4.07,155.44,0.0329,-0.031,-0.0011,-0.0377,-0.049,2.12,0.2864,-0.2213
401370434,2021,-6.0,196.0,0.1191,0.1499,132.9,0,3,0,18.64,-3.11,157.52,0.0335,0.1224,0.0816,-0.0475,0.0525,1.98,0.3551,-0.3591
401370435,2021,6.0,186.0,0.2256,0.2159,114.1,0,3,0,13.73,4.18,158.02,-0.0081,-0.0311,0.0037,-0.1712,0.0353,0.52,0.7274,-0.6606
401370436,2021,11.0,147.0,0.0496,0.0974,112.5,0,0,0,8.8,-3.02,163.71,0.0202,0.1422,0.0694,-0.0534,0.0337,2.71,0.1991,-0.1618
401370437,2021,-26.0,208.0,0.1247,0.1247,120.7,0,0,0,15.15,4.73,158.3,-0.0059,-0.0207,0.0076,-0.1705,0.0472,0.53,0.4325,-0.4256
401370438,2021,27.0,147.0,-0.068,-0.1096,-69.0,0,0,0,3.39,-3.87,159.86,0.0237,0.0284,-0.0,0.1667,-0.0081,-1.45,-0.5785,0.5864
401370439,2021,3.0,169.0,-0.0719,-0.0698,-122.0,0,0,0,-5.94,2.69,161.65,-0.0167,-0.1627,-0.0736,0.0794,-0.0785,-1.87,-0.3261,0.3782
401370440,2021,-17.0,169.0,0.0358,0.0917,-30.1,0,0,0,17.83,-3.26,160.85,0.0277,0.068,-0.0329,0.1468,0.0092,-1.42,-0.7332,0.9895
401370441,2021,10.0,148.0,-0.0802,-0.0897,-109.9,0,0,0,-4.17,1.41,161.33,-0.0185,-0.1289,-0.0343,0.0713,-0.0734,-1.67,-0.0142,-0.0875
401370442,2021,-3.0,171.0,0.1142,0.0113,62.3,0,0,0,-12.36,1.63,162.35,-0.039,-0.0533,0.0263,-0.124,-0.0006,1.15,0.758,-0.8962
401370395,2021,-14.0,168.0,-0.1501,-0.0829,16.5,0,-2,0,1.93,0.44,160.95,-0.0177,0.0061,0.0072,0.0075,0.0115,-0.08,-0.4851,0.4862
401370396,2021,5.0,177.0,-0.1322,-0.0626,-13.8,0,0,0,-2.36,0.66,160.76,-0.0163,0.0014,0.0385,-0.0091,0.0326,-0.39,-0.8476,0.802
401370397,2021,36.0,136.0,0.1245,0.1245,3.0,0,0,0,2.57,-1.23,163.85,0.0201,0.0156,-0.043,0.017,-0.0265,0.46,0.3694,-0.363
401370398,2021,6.0,154.0,0.2234,0.2439,38.8,0,0,0,25.37,-1.21,161.65,0.0063,0.0134,-0.0139,0.0122,0.0167,1.07,0.4537,-0.2955
401430482,2022,16.0,172.0,0.401,0.3601,221.2,0,0,0,7.61,1.8,155.79,0.0468,0.1262,0.1081,0.007,0.1314,1.48,0.0964,0.3666
401430483,2022,3.0,175.0,-0.1454,-0.1433,-32.6,0,0,0,12.41,-1.01,162.59,0.0513,0.047,-0.0005,0.0447,-0.0069,-0.19,0.1028,-0.2395
401430484,2022,12.0,190.0,0.1524,0.174,74.9,0,0,0,3.13,-1.3,155.53,-0.009,-0.0517,0.0074,0.0782,0.0281,-0.51,-0.2409,0.4598
401391650,2022,14.0,154.0,0.1341,0.2813,80.9,0,-1,0,5.63,-1.58,159.3,-0.0046,-0.1272,0.0559,0.115,0.0227,-1.59,-0.0944,0.4695
401391651,2022,-7.0,189.0,0.2791,0.2914,105.7,0,0,0,11.0,4.21,156.13,-0.0151,0.0964,-0.0482,0.0386,-0.0028,0.91,0,0.1597
401391652,2022,-18.0,194.0,-0.0221,-0.0861,-51.9,0,-2,0,-3.4,-0.36,164.61,0.0362,0.0531,-0.0693,0.0398,-0.025,0.09,-0.1906,0.1102
401391653,2022,23.0,171.0,0.021,0.0101,17.1,0,-2,0,-1.17,-0.5,162.56,-0.0086,-0.0789,-0.0273,0.0409,-0.0046,0.46,-0.2082,0.2734
401391654,2022,2.0,160.0,-0.2044,-0.1956,-230.2,0,-2,0,-7.46,1.21,159.21,0.0016,-0.1683,-0.101,0.1443,-0.0505,-3.91,0.1098,-0.4996
401391655,2022,-7.0,125.0,0.0767,-0.0174,71.8,0,0,0,7.69,2.43,155.49,0.0274,0.0246,0.0453,0.0735,0.0941,-2.52,-0.0768,0.1239
401391656,2022,-10.0,164.0,-0.2424,-0.4229,-112.6,0,0,0,-17.07,1.86,157.88,-0.0135,0.1514,-0.0983,-0.0031,-0.051,-2.25,-0.2946,-0.189
401391657,2022,11.0,159.0,-0.0135,0.0613,10.1,0,0,0,-4.92,1.4,164.12,-0.0243,0.0055,0.0725,-0.048,0.0257,-2.58,0.0009,0.0648
401391658,2022,-12.0,144.0,0.0479,0.0246,96.2,0,0,0,-6.05,3.46,161.32,0.0234,0.1127,-0.043,-0.1087,0.0244,1.91,0.1562,-0.1386
401391659,2022,13.0,165.0,-0.1123,-0.2507,-140.4,0,0,0,-4.09,-3.83,163.07,0.0065,-0.0144,-0.0407,0.0933,-0.0754,-2.32,-0.3225,0.1112
401391660,2022,6.0,158.0,-0.3001,-0.3681,-184.2,0,0,0,-4.15,-0.72,164.51,-0.0022,0.0196,-0.0583,0.0352,-0.0251,-0.14,0.1783,-0.7272
401391661,2022,2.0,152.0,-0.105,-0.1927,-89.6,0,1,0,-14.65,-1.62,157.24,-0.0392,0.0361,-0.0895,0.0101,-0.0354,0.38,-0.2678,0.0807
401391662,2022,33.0,133.0,0.209,0.281,171.0,0,1,0,10.96,3.16,162.13,-0.0086,0.0361,0.0105,-0.0696,-0.0201,2.76,0.0547,0.2606
401391663,2022,20.0,174.0,-0.1398,0.0762,-66.3,0,2,0,-12.68,0.8,163.78,-0.0011,0.038,0.0149,-0.0404,-0.0326,-2.13,0.2644,-0.2669
401391664,2022,-8.0,180.0,0.1622,0.1739,39.7,0,-2,0,9.25,-0.51,160.3,-0.0176,-0.0521,-0.0045,0.0413,-0.0501,-2.53,0.2035,-0.0461
401391665,2022,-23.0,169.0,-0.1991,-0.2573,-198.4,0,-1,0,-7.45,-5.08,162.0,0.0023,0.0477,-0.0853,0.0232,-0.0673,1.64,-0.2464,0.0391
401391666,2022,-6.0,178.0,0.17,0.1313,18.0,0,-1,0,-3.1,-4.54,160.19,0.0072,-0.1085,0.006,0.075,-0.0103,-2.99,-0.1423,0.3694
401391667,2022,-5.0,133.0,0.0422,-0.1351,35.2,0,0,0,3.67,-0.79,164.6,-0.0099,-0.0342,-0.0133,0.0518,-0.0004,2.32,-0.2911,0.1965
401391668,2022,17.0,137.0,0.053,0.1249,126.7,0,2,0,-1.24,-0.61,159.22,0.0018,0.1528,0.0058,-0.0086,0.0726,-0.26,0.0756,0.0668
401391669,2022,-4.0,160.0,-0.1895,-0.11,-38.1,0,1,0,-23.51,1.94,164.68,0.0188,0.078,0.0328,-0.0772,-0.0604,-0.63,-0.3217,0.1347
401391670,2022,-10.0,152.0,-0.1281,-0.1106,-84.9,0,0,0,-6.98,1.68,161.22,0.0325,-0.0748,-0.0484,0.0146,-0.0351,-1.84,0.1287,-0.3483
401391671,2022,-6.0,164.0,-0.0958,-0.0711,-16.9,0,0,0,6.24,5.86,164.53,0.0189,0.0788,-0.0126,-0.0003,0.0073,0.85,-0.1811,0.2416
401391672,2022,-27.0,157.0,-0.2744,-0.3051,-250.7,0,-1,0,-14.71,1.29,160.36,0.0038,-0.2115,-0.0885,0.0875,-0.042,-3.02,-0.148,-0.2661
401391673,2022,-22.0,180.0,-0.1265,-0.0747,-34.2,0,0,0,1.53,5.23,166.1,0.0079,0.0735,-0.0479,-0.0074,0.0277,0.1,0.0395,-0.1314
401391674,2022,-16.0,152.0,-0.1303,-0.123,-7.5,0,-2,0,-2.58,-0.17,159.51,-0.0015,0.039,0.0147,-0.0307,0.0498,1.97,-0.1962,0.0796
401391675,2022,12.0,160.0,0.238,0.1796,65.1,0,1,0,12.44,2.08,165.58,-0.0124,-0.0408,0.0945,-0.0081,0.0304,2.08,0.1709,-0.0321
401391676,2022,-3.0,171.0,0.0683,0.0107,-48.0,0,0,0,6.44,-2.57,161.65,0.0007,-0.1016,0.0482,-0.0014,-0.0149,2.61,-0.1528,0.2625
401391677,2022,3.0,145.0,-0.1284,-0.2019,-11.1,0,0,0,-18.18,1.77,160.38,0.008,-0.0306,-0.0071,0.0323,-0.008,0.8,-0.2439,0.1274
401391678,2022,6.0,180.0,0.2124,0.1902,88.0,0,0,0,17.41,1.7,164.61,-0.0449,-0.163,0.0451,0.0705,0.0334,1.15,0.216,-0.0963
401391679,2022,-10.0,178.0,0.1585,0.1809,87.2,0,0,0,-2.59,1.82,160.5,0.0138,-0.0281,-0.054,0.0025,-0.031,-1.54,0.1691,0.0043
401391680,2022,9.0,179.0,0.4438,0.5114,277.7,0,0,0,17.22,-5.13,167.06,0.0101,0.0588,0.0847,-0.0562,0.0568,2.81,0.6079,-0.1549
401391681,2022,-5.0,151.0,-0.1119,-0.0377,-73.7,0,0,0,-5.48,1.71,160.3,0.0149,0.007,0.0636,-0.0389,-0.0131,1.73,-0.0763,0.0631
401391682,2022,3.0,163.0,0.0463,-0.0146,99.0,0,-1,0,-0.63,0.88,161.19,-0.0261,0.0129,-0.1065,0.1203,0.0328,-0.75,-0.037,0.1227
401391683,2022,20.0,180.0,0.2043,0.1846,94.7,0,0,0,11.51,1.97,163.46,-0.0009,-0.0067,0.1021,-0.0001,0.0538,2.6,0.0539,0.1896
401391684,2022,16.0,172.0,-0.1313,-0.1313,-59.9,0,0,0,5.79,-1.67,161.43,-0.0337,-0.0978,-0.0141,0.0651,0.065,0.38,0.0735,-0.2866
401391685,2022,-22.0,162.0,-0.4536,-0.4618,-281.1,0,0,0,-19.89,4.63,167.97,0.0025,-0.0809,-0.0984,0.0455,-0.0709,-2.98,-0.1698,-0.4312
401391686,2022,-9.0,155.0,-0.1063,-0.1251,-71.9,0,-2,0,1.0,-0.16,158.41,0.0096,-0.016,0.085,0.0207,-0.0229,-1.27,-0.1403,0.0584
401391687,2022,28.0,180.0,0.141,0.1003,161.9,0,-1,0,14.1,2.9,162.99,-0.0408,-0.0095,0.0458,0.105,0.0862,-2.06,0.1086,0.0088
401391688,2022,-8.0,162.0,0.2381,0.3465,153.7,0,-1,0,9.39,1.0,161.73,0.0214,0.1027,0.0634,-0.0891,0.0302,2.67,0.2784,0.0893
401391689,2022,20.0,120.0,0.1189,0.1296,78.0,0,-2,0,1.7,-1.27,160.23,-0.016,-0.001,-0.0326,0.0074,-0.0028,-0.26,0.1068,0.0795
401391690,2022,5.0,185.0,0.5256,0.5076,244.0,0,0,0,18.89,-5.49,164.16,-0.0213,-0.059,-0.0704,0.0251,0.0215,0.69,0.2449,0.3679
401391691,2022,6.0,162.0,0.2585,0.1682,159.1,0,-2,0,9.23,0.02,162.34,-0.0295,0.1132,0.0686,-0.1146,0.0207,0.42,-0.0963,0.3345
401391692,2022,5.0,193.0,0.0729,0.1578,-58.8,0,-2,0,-6.08,-0.62,161.62,0.0087,-0.0009,0.0578,-0.0922,-0.0368,4.64,-0.0342,0.3055
401391693,2022,31.0,167.0,0.2214,0.2423,129.5,0,0,0,5.99,0.01,159.7,0.024,0.0832,0.0453,-0.0904,0.0124,1.67,0.1606,0.1306
401391694,2022,5.0,197.0,-0.356,-0.3822,-131.1,0,1,0,-3.93,4.66,167.06,0.0149,0.0929,-0.0344,0.0405,-0.0101,-1.6,-0.0162,-0.4766
401391695,2022,8.0,150.0,0.2888,0.1557,220.2,0,2,0,10.81,-0.5,162.61,-0.0468,0.0407,-0.0231,0.0173,0.0271,2.95,0.2899,-0.2616
401391696,2022,-7.0,159.0,-0.0069,-0.0403,-53.4,0,-1,0,-9.64,-2.16,163.26,0.0257,0.0451,-0.1012,-0.0842,-0.0475,1.78,0.305,-0.4444
401391697,2022,8.0,150.0,0.1213,0.2933,131.6,0,-2,0,10.63,1.45,158.71,0.0101,0.1533,0.0828,-0.0814,0.0279,0.61,0.4167,-0.2078
401391698,2022,27.0,135.0,-0.1483,-0.1056,-109.4,0,1,0,4.68,-1.51,161.13,0.0385,0.007,0.0217,-0.0192,0.0034,1.56,-0.0398,-0.093
401391699,2022,31.0,153.0,0.2706,0.1609,224.6,0,0,0,10.47,-0.52,164.01,-0.0644,0.0184,0.0019,-0.0029,0.009,3.04,0.2657,-0.2297
401391700,2022,-2.0,168.0,-0.015,-0.0874,56.5,0,3,0,3.33,-0.3,163.4,0.0108,0.0592,0.0186,0.0003,-0.0128,-2.83,-0.2408,0.2124
401391701,2022,-12.0,162.0,-0.3458,-0.3421,-150.8,0,1,0,-13.47,7.54,163.81,0.0202,0.0835,0.0346,-0.0415,0.0248,-0.19,0.0084,-0.5608
401391702,2022,3.0,143.0,0.3423,0.2564,82.7,0,1,0,16.63,0.69,162.51,-0.01,0.0214,-0.0268,-0.0342,0.0193,2.1,0.0209,0.3327
401391703,2022,8.0,170.0,-0.0361,-0.0452,11.9,0,0,0,2.27,4.46,162.41,-0.0575,-0.1923,-0.0153,0.1192,-0.0198,-1.13,-0.3509,0.3673
401391704,2022,2.0,184.0,0.2049,0.2215,-17.3,0,-3,0,-1.66,1.59,161.27,0.0018,-0.0469,0.064,-0.1168,-0.0093,3.09,0.2264,-0.0633
401391705,2022,8.0,160.0,-0.115,-0.086,-84.9,0,0,0,9.01,0.07,161.59,0.0423,-0.0476,-0.1573,0.0891,0.003,0.1,0.2412,-0.428
401391706,2022,13.0,161.0,0.0634,0.1091,9.0,0,2,-1,-8.74,-3.84,166.93,0.0334,-0.0829,-0.0395,0.1025,-0.0711,-1.64,-0.0354,0.2146
401391707,2022,-7.0,187.0,0.0122,0.0419,24.5,0,0,0,5.51,3.66,164.95,-0.0534,-0.1694,-0.0141,0.109,-0.0186,-0.39,-0.1491,0.2019
401391708,2022,-4.0,144.0,0.2577,0.2234,150.9,0,1,0,14.94,-2.39,159.55,-0.0424,0.0262,-0.0036,-0.0856,0.0368,2.03,0.0422,0.3043
401391709,2022,-8.0,138.0,-0.2569,-0.2583,-142.9,0,-1,0,5.26,1.3,163.39,0.0538,0.0043,-0.0151,0.0421,0.0553,0.78,-0.4356,0.2837
401391710,2022,-4.0,180.0,-0.449,-0.3719,-148.5,0,2,-1,-18.59,-0.19,162.2,-0.0106,-0.1418,-0.0623,0.0928,-0.0645,-0.26,0.015,-0.4909
401391711,2022,-17.0,119.0,0.1423,0.1626,100.3,0,2,0,10.92,1.38,161.84,-0.0131,-0.0494,-0.0698,0.0186,-0.0155,4.15,0.2042,-0.0836
401391712,2022,-7.0,161.0,-0.1189,-0.0979,-139.7,0,-2,0,0.33,-0.76,161.78,0.0142,-0.0623,-0.1401,0.1673,-0.0306,1.11,0.0267,-0.0957
401391713,2022,9.0,141.0,0.1908,0.1974,100.6,0,-2,0,10.02,-1.6,166.88,0.0388,-0.0533,-0.0403,0.0506,-0.029,0.34,-0.0627,0.3812
401391714,2022,9.0,173.0,0.1508,0.2278,89.0,0,0,0,1.36,2.69,160.01,-0.0045,-0.034,0.0276,-0.0206,-0.0386,-0.52,0.329,-0.1678
401391715,2022,6.0,162.0,0.376,0.3716,143.7,0,1,0,8.05,5.15,163.7,-0.0371,-0.1064,0.0546,-0.0004,-0.0122,0.81,0.1969,0.1135
401391716,2022,7.0,155.0,-0.207,-0.1277,14.7,0,-3,0,-7.41,1.28,162.62,-0.0005,-0.0154,-0.066,0.1615,-0.0607,-0.81,0.1936,-0.4395
401391717,2022,-7.0,179.0,-0.348,-0.2921,-81.7,0,0,0,-2.06,-0.89,162.51,-0.0241,-0.1048,-0.1416,0.1141,-0.0561,3.54,-0.1654,-0.141
401391718,2022,19.0,157.0,-0.1168,-0.097,-153.0,0,0,0,-3.12,-0.08,161.31,0.0049,-0.0496,-0.1583,0.1753,-0.101,1.86,0.1098,-0.289
401391719,2022,12.0,132.0,0.1751,0.2361,120.5,0,0,0,-1.03,-2.99,164.21,-0.0479,0.0049,-0.0157,0.0652,-0.01,2.03,0.2119,0.0817
401391720,2022,19.0,157.0,0.7522,0.7797,328.3,0,0,0,11.17,-3.73,166.63,0.0037,0.0379,0.0952,-0.031,0.0357,-0.45,0.2718,0.6721
401391721,2022,2.0,166.0,-0.1273,-0.1192,-98.5,0,0,0,-3.03,-2.56,160.46,-0.0009,0.0439,-0.0457,0.0213,0.0162,0.38,-0.1977,0.1734
401391722,2022,-4.0,162.0,0.2151,0.1932,68.7,0,0,0,4.45,0.91,161.9,0.0137,0.0895,0.1271,-0.0312,0.0571,-0.99,0.0117,0.2382
401391723,2022,-14.0,180.0,-0.2254,-0.2829,-52.4,0,-1,0,-11.76,3.42,165.27,-0.0154,0.0338,0.0137,-0.147,0.0313,-0.6,-0.1287,-0.1732
401391724,2022,-1.0,177.0,-0.2099,-0.2541,-61.8,0,2,0,-7.19,-1.25,159.76,0.0018,0.0842,0.0435,0.004,0.0352,-5.28,-0.3551,0.0573
401391725,2022,-17.0,135.0,-0.163,-0.3018,-6.0,0,1,0,-2.65,1.77,158.63,0.0095,-0.0054,0.1789,-0.04,0.025,-1.74,-0.2018,-0.2004
401391726,2022,2.0,178.0,0.1042,0.0618,62.9,0,2,0,-8.59,-1.67,164.66,-0.0301,-0.0452,0.0823,0.0751,0.0219,-0.96,0.2253,-0.2072
401391727,2022,-17.0,161.0,-0.1517,-0.1164,-181.0,0,0,0,-8.2,-4.6,164.37,0.0483,0.0225,0.0193,-0.1501,0.0443,0.76,0.351,-0.6075
401391728,2022,-2.0,174.0,-0.2453,-0.24,-205.7,0,0,0,4.78,-1.08,159.4,0.0169,0.0056,-0.0279,0.1641,-0.011,-1.84,-0.0426,-0.3415
401391729,2022,-5.0,163.0,-0.2559,-0.2925,-70.2,0,0,0,-6.96,0.11,161.13,-0.0056,0.0524,0.0478,0.0031,0.025,-4.28,-0.2188,-0.097
401391730,2022,-9.0,189.0,0.1048,0.0461,19.8,0,0,0,7.65,-3.72,159.0,-0.002,0.0883,-0.102,-0.0752,-0.0023,-0.09,-0.3887,0.5993
401391731,2022,-4.0,164.0,0.2447,0.1135,166.2,0,0,0,4.92,-3.56,163.46,0.0313,-0.0163,0.1511,0.0024,0.0269,-1.56,-0.0441,0.2269
401391732,2022,18.0,148.0,0.059,0.0797,-3.2,0,0,0,-3.14,-2.74,163.12,0.0013,0.1132,-0.071,-0.0667,-0.0144,-0.91,-0.1954,0.4924
401391733,2022,-2.0,160.0,-0.3167,-0.4442,-104.0,0,0,0,-8.35,0.61,159.53,0.0036,0.0203,0.1676,-0.0822,-0.0237,-5.16,-0.0389,-0.4737
401391734,2022,-8.0,176.0,-0.328,-0.4076,-170.5,0,-1,0,-6.55,-4.5,165.76,0.0473,0.1346,-0.0694,-0.0224,0.0278,-2.67,-0.1467,-0.3408
401391735,2022,13.0,197.0,0.5099,0.4176,220.5,0,0,0,7.91,-1.83,163.83,-0.0109,0.0908,0.1402,-0.0563,0.047,-2.42,0.1841,0.3162
401391736,2022,-13.0,173.0,-0.3243,-0.3496,-177.7,0,2,-1,-8.13,-0.26,165.48,-0.0158,0.0828,-0.064,-0.1203,0.0191,-1.29,-0.4915,0.2268
401391737,2022,12.0,142.0,-0.1279,-0.0382,-128.7,0,2,0,1.05,-0.59,160.32,0.0246,-0.0601,0.0008,0.0963,0.026,-0.54,0.1581,-0.3939
401391738,2022,11.0,153.0,0.0744,0.1813,74.9,0,-1,0,5.14,3.05,161.32,-0.0076,0.0505,0.0928,-0.0978,0.0138,-2.36,0.2469,-0.0903
401391739,2022,5.0,181.0,-0.0888,-0.0869,-23.5,0,0,0,-4.07,-1.99,163.75,0.0043,0.1491,-0.0641,-0.0423,0.0298,-4.25,-0.4247,0.4053
401391740,2022,6.0,206.0,0.3321,0.2041,173.5,0,3,0,9.52,-2.37,164.02,-0.0104,-0.0068,0.0645,-0.0431,0.0039,-1.03,0.2407,-0.0461
401391741,2022,-9.0,153.0,-0.1846,-0.1577,-171.0,0,1,0,6.68,0.79,158.46,-0.0052,-0.0235,0.0036,0.0837,-0.0711,-1.59,0.5722,-0.9562
401391742,2022,2.0,176.0,-0.6268,-0.5813,-290.4,0,2,0,-13.67,0.11,164.98,-0.0166,0.0308,-0.0141,-0.0029,-0.0359,-1.59,-0.4843,-0.1809
401391743,2022,8.0,134.0,-0.2315,-0.2853,-154.2,0,1,0,-6.66,-1.94,162.41,-0.0108,-0.0346,-0.0571,0.0871,-0.0648,-0.59,-0.1573,-0.1167
401391744,2022,10.0,174.0,-0.0959,-0.1334,29.3,0,-3,0,3.07,-0.01,161.24,0.0009,0.1398,-0.0685,0.1271,-0.0032,-3.32,-0.2211,0.1823
401391745,2022,1.0,191.0,0.4761,0.5645,200.7,0,-1,0,13.9,5.12,165.01,-0.0484,-0.0652,-0.0243,0.0744,-0.0003,3.19,-0.0711,0.7232
401391746,2022,5.0,155.0,-0.071,-0.0367,-71.0,0,2,0,-6.32,4.01,166.67,0.0057,-0.0483,-0.0818,-0.0621,-0.0588,4.34,0.0519,-0.0884
401391747,2022,-9.0,199.0,0.036,-0.001,70.9,0,0,0,3.69,2.27,168.7,-0.0457,-0.0568,0.0376,0.0692,-0.0685,-1.35,-0.4299,0.5162
401391748,2022,-13.0,155.0,0.169,0.1519,36.5,0,2,0,7.54,2.2,163.08,-0.0019,-0.0779,0.0124,0.0928,0.013,4.9,0.3047,-0.2577
401391749,2022,2.0,166.0,-0.1044,-0.0183,-62.3,0,0,0,-10.88,1.96,162.29,0.0215,-0.0415,0.0973,-0.106,0.0546,1.89,0.1827,-0.4161
401391750,2022,-4.0,158.0,0.2751,0.4077,253.7,0,0,0,-0.21,1.24,160.62,0.0152,0.0822,0.0926,-0.1491,0.0346,0.33,0.2182,0.2831
401391751,2022,26.0,162.0,0.2984,0.2984,169.8,0,-2,0,6.85,-2.14,164.73,0.0209,0.0238,0.0162,0.116,0.0409,-1.67,0.231,0.1067
401391752,2022,12.0,188.0,-0.1187,-0.1194,-6.9,0,0,0,2.59,-2.54,161.99,-0.0036,0.0918,-0.022,-0.0948,-0.0071,-4.36,-0.4975,0.4828
401391753,2022,14.0,156.0,0.1068,0.1103,68.8,0,2,0,0.57,-1.04,159.99,-0.0003,-0.0532,-0.0506,0.01,0.0625,0.89,0.0969,-0.0412
401391754,2022,-23.0,141.0,-0.2859,-0.2695,-151.3,0,0,0,-9.94,-1.63,165.75,0.023,0.0202,0.0975,-0.0576,-0.0286,0.88,-0.1684,-0.22
401391755,2022,-12.0,166.0,-0.0843,-0.0457,27.6,0,1,0,-8.21,5.98,164.63,0.0382,0.085,0.0074,-0.1227,-0.0012,3.36,0.291,-0.473
401391756,2022,-11.0,155.0,-0.0022,-0.1199,17.5,0,0,0,14.18,-0.74,163.57,0.0014,0.1554,-0.0713,-0.0695,0.0455,-0.07,0.033,-0.1808
401391757,2022,-8.0,162.0,0.2959,0.2216,142.5,0,0,0,15.68,-4.14,161.12,-0.0113,-0.0122,-0.1128,0.1261,0.0645,-1.22,-0.3639,0.8344
401391758,2022,-1.0,173.0,0.2204,0.2157,151.3,0,2,0,5.12,6.09,165.76,-0.0449,-0.0828,0.0576,0.0001,0.0025,1.71,0.0923,0.0794
401391759,2022,-11.0,133.0,-0.4877,-0.4479,-222.6,0,-2,0,-6.77,3.85,166.63,0.0099,0.003,-0.0585,0.0265,0.0076,3.29,-0.1249,-0.4365
401391760,2022,3.0,173.0,0.306,0.3487,134.3,0,0,0,3.99,2.91,163.6,-0.0154,-0.0714,-0.0968,-0.0361,0.0702,4.4,0.1821,0.1849
401391761,2022,12.0,154.0,0.3639,0.4194,177.9,0,-2,0,8.68,0.04,164.45,-0.0034,-0.1255,0.1016,0.1678,0.0015,0.86,0.442,-0.0665
401391762,2022,-6.0,152.0,-0.2465,-0.2566,-193.9,0,0,0,-9.33,-4.64,170.19,0.0502,0.064,0.0121,-0.1108,0.0183,-1.03,0.255,-0.6447
401391763,2022,18.0,166.0,0.2204,0.1641,98.0,0,1,0,3.76,-3.27,166.15,-0.0079,-0.0178,0.0115,0.0813,-0.0088,-2.42,-0.3198,0.6936
401391764,2022,28.0,156.0,0.1045,0.1867,3.9,0,-1,0,-0.64,-1.85,161.92,0.0091,-0.0307,-0.003,-0.0319,-0.0151,-3.68,-0.0569,0.4054
401391765,2022,8.0,174.0,-0.0305,0.0282,-21.5,0,0,0,3.91,1.6,164.36,-0.0169,-0.0766,-0.0516,0.0179,0.0898,1.32,0.2094,-0.2482
401391766,2022,21.0,177.0,0.3832,0.3918,185.0,0,0,0,9.78,0.53,162.28,-0.0205,-0.1139,0.0871,0.183,-0.017,1.48,0.1296,0.2931
401391767,2022,10.0,166.0,0.0449,-0.0571,-80.3,0,2,0,0.34,-7.53,165.53,0.0261,0.0149,-0.0857,0.0206,0.057,-1.66,-0.2361,0.2288
401391768,2022,-11.0,173.0,0.1987,0.2484,13.3,0,3,0,13.1,-3.93,163.23,-0.02,-0.0486,-0.0415,0.1551,0.0391,-3.01,-0.2491,0.6124
401391769,2022,-8.0,186.0,-0.0675,-0.0561,16.0,0,-1,0,2.1,-1.04,164.18,-0.0101,0.0138,0.0626,0.0863,0.0151,-0.59,-0.2127,0.299
401391770,2022,-6.0,176.0,-0.1723,-0.2351,-143.5,0,1,0,13.47,-5.9,166.41,0.0258,0.0894,-0.0058,-0.0269,0.007,-4.53,-0.2623,0.1315
401391771,2022,16.0,130.0,0.6448,0.5848,280.6,0,0,0,17.93,0.33,159.42,-0.0148,-0.1109,-0.0711,0.1157,0.0523,2.69,0.3562,0.2989
401391772,2022,16.0,166.0,0.2967,0.3159,132.7,0,0,0,2.72,1.85,162.96,0.034,0.0058,-0.1112,-0.1165,0.0938,-0.65,0.2433,0.1046
401391773,2022,2.0,146.0,0.2273,0.2029,122.5,0,-1,0,-2.76,0.18,160.73,-0.0082,0.0589,0.0078,-0.1198,-0.0638,0.21,0.4805,-0.4195
401391774,2022,14.0,166.0,-0.3678,-0.3433,-169.9,0,1,0,-13.24,5.59,165.43,0.0146,0.0849,0.0066,-0.0834,-0.0559,-0.23,0.0429,-0.5276
401391775,2022,31.0,173.0,-0.1995,-0.1995,-155.5,0,0,0,9.48,-4.88,165.99,0.0198,0.071,0.0,-0.0131,0.0003,-4.07,-0.0613,-0.1393
401391776,2022,10.0,158.0,-0.0231,-0.033,57.1,0,-1,0,-2.62,2.53,164.58,0.0011,0.0262,0.0583,-0.1895,-0.0324,0.88,0.1938,-0.2381
401391777,2022,3.0,153.0,-0.0084,0.1464,-26.0,0,-1,1,-2.36,2.01,164.52,0.0096,0.0356,-0.0671,-0.1442,0.0096,-1.22,0.5189,-0.4293
401391778,2022,-22.0,168.0,-0.6522,-0.6519,-270.5,0,2,0,-18.1,-1.1,160.67,0.0207,0.1168,0.035,-0.1336,-0.0409,-3.01,-0.3149,-0.4042
401391779,2022,11.0,153.0,-0.4346,-0.3783,-184.4,0,2,0,-5.37,1.11,163.64,-0.0043,-0.0468,0.1039,0.0594,0.0368,-1.59,-0.2579,-0.1112
401391780,2022,3.0,159.0,-0.2545,-0.2978,-116.8,0,-1,0,1.38,-1.94,162.94,-0.0227,0.0729,0.0037,0.039,-0.0668,-2.39,-0.3964,0.2046
401391781,2022,-19.0,151.0,-0.1506,-0.2321,-82.1,0,0,0,-2.46,3.65,166.89,-0.0032,0.0408,-0.0044,-0.0932,-0.0089,-0.15,0.0344,-0.3758
401391782,2022,-9.0,223.0,0.1301,0.2395,225.8,0,0,0,-4.11,2.61,165.9,-0.0318,-0.0237,0.0497,-0.0648,-0.0177,2.54,0.1792,0.0642
401391783,2022,-9.0,177.0,-0.797,-0.8005,-337.2,0,1,-1,-27.93,-2.57,162.78,-0.0114,0.0536,0.05,-0.073,-0.0814,-1.22,-0.5161,-0.3382
401391784,2022,3.0,165.0,-0.0634,-0.0537,76.9,0,2,-1,3.2,-1.38,162.24,0.011,0.0049,0.1245,-0.0367,-0.0881,3.85,0.0364,-0.126
401391785,2022,-37.0,175.0,-0.2349,-0.1852,-107.5,0,1,0,-1.23,2.08,165.03,0.0223,0.0707,0.0128,-0.1293,-0.0242,-2.03,-0.1293,-0.1078
401391786,2022,9.0,157.0,0.3682,0.47,133.1,0,0,0,17.95,-0.02,162.45,0.0021,-0.0498,-0.0712,0.0365,0.0473,1.79,0.2972,0.2366
401391787,2022,-6.0,208.0,-0.1002,-0.2171,-201.9,0,0,0,7.87,-2.08,166.0,0.0329,0.0349,-0.0683,0.0414,0.0238,-2.23,-0.2597,0.0805
401391788,2022,15.0,165.0,0.3504,0.3919,217.6,0,0,0,10.96,-1.5,167.45,0.0192,0.0003,0.0055,0.0372,0.1173,-0.96,0.2805,0.1784
401391789,2022,11.0,225.0,0.121,0.1063,34.4,0,0,0,8.29,0.12,160.65,0.0033,0.0724,-0.0664,-0.0845,0.0506,-3.69,0.0114,0.235
401391790,2022,-13.0,175.0,-0.1744,-0.3183,-80.9,0,0,0,-11.63,1.72,164.8,-0.0019,0.0331,-0.0185,-0.111,-0.0326,-0.83,-0.1125,-0.2797
401391791,2022,-8.0,170.0,-0.7538,-0.7045,-336.7,0,0,0,-13.35,-0.23,162.17,0.0007,0.0132,0.0515,-0.0167,0.0836,-2.72,-0.4853,-0.2414
401391792,2022,-34.0,182.0,-0.1353,-0.1353,-211.3,0,0,0,3.29,-0.72,167.3,0.0283,0.0226,-0.0942,0.0453,0.0353,-1.1,-0.0573,-0.2164
401391793,2022,-5.0,179.0,0.2029,0.1915,67.5,0,0,0,21.0,2.26,165.11,0.0219,0.0639,-0.0375,-0.0057,0.0575,-2.41,0.1348,0.1181
401391794,2022,5.0,155.0,-0.197,-0.2298,-57.2,0,0,0,-12.42,2.62,163.05,-0.0174,0.014,0.044,0.0644,-0.065,2.32,-0.2456,-0.0504
401391795,2022,-12.0,148.0,-0.3662,-0.435,-200.6,0,0,0,-16.83,-0.06,165.45,-0.0091,-0.0078,0.0053,-0.0493,-0.038,-0.06,-0.3176,-0.1988
401391796,2022,-10.0,164.0,-0.4855,-0.4731,-236.2,0,1,-1,-20.84,-1.89,165.36,0.0022,-0.0622,-0.0393,-0.05,-0.0205,0.46,-0.2474,-0.374
401391797,2022,-25.0,161.0,-0.2841,-0.3024,-217.2,0,1,0,-6.27,2.41,165.66,0.0171,-0.0162,0.0142,0.0118,0.029,-1.68,-0.041,-0.3496
401391798,2022,-8.0,170.0,-0.3618,-0.3421,-170.0,0,0,0,-14.53,-0.33,164.02,-0.0455,-0.0016,0.0819,0.0281,-0.0891,0.87,-0.1582,-0.2
401391799,2022,-8.0,174.0,0.0139,-0.1851,11.4,0,-1,0,1.48,-2.15,165.93,0.0329,0.0669,-0.0313,-0.1092,-0.0882,1.99,-0.5016,0.3672
401391800,2022,13.0,127.0,0.104,0.1152,6.0,0,1,0,-1.1,-3.75,165.32,0.0074,-0.0648,-0.0186,0.0666,-0.0022,2.29,0.0873,-0.0118
401391801,2022,-10.0,160.0,0.1095,0.1824,89.0,0,1,0,5.2,-0.63,167.33,-0.0355,-0.0024,0.0555,0.1591,0.0293,4.76,0.0753,0.0726
401391802,2022,16.0,146.0,0.6869,0.7307,323.6,0,3,0,27.21,-1.67,163.89,-0.0106,-0.0657,-0.0327,0.0861,0.0352,3.45,0.3701,0.5146
401391803,2022,19.0,145.0,0.2316,0.1376,239.8,0,-3,0,13.7,-1.02,164.85,0.0244,0.0668,0.0301,-0.1441,-0.0813,2.06,-0.3158,0.5541
401391804,2022,-16.0,168.0,0.3024,0.4809,224.7,0,0,0,11.2,1.65,165.48,-0.0608,-0.0491,0.0634,0.1352,0.063,2.02,0.304,0.2008
401391805,2022,7.0,165.0,0.3155,0.3285,148.9,0,3,0,1.84,-0.7,164.85,-0.0013,-0.0282,-0.0589,-0.0337,0.078,1.49,-0.0237,0.4277
401391806,2022,4.0,152.0,0.0344,-0.0152,42.6,0,1,0,-6.2,0.08,162.62,0.0195,0.0471,-0.0321,-0.056,0.0336,-3.08,-0.1351,0.1267
401391807,2022,9.0,147.0,0.2887,0.232,157.1,0,2,0,20.1,-2.27,163.24,-0.0013,0.0099,0.0591,-0.0548,-0.0326,1.82,0.0136,0.3309
401391808,2022,7.0,163.0,0.0012,0.0668,-2.1,0,0,0,-5.05,0.05,163.85,-0.0072,-0.022,-0.0078,-0.017,0.0365,1.83,0.4199,-0.5409
401391809,2022,13.0,167.0,0.564,0.6764,343.2,0,0,0,14.27,1.53,166.16,-0.0651,-0.0547,0.0081,0.1409,0.015,3.16,0.1559,0.7569
401391810,2022,-10.0,178.0,-0.1736,-0.0753,-113.0,0,2,0,-7.02,3.34,165.36,0.0004,0.0038,-0.0056,0.0354,0.0081,-3.46,0.2582,-0.3779
401391811,2022,6.0,172.0,0.4023,0.3712,186.5,0,-3,0,11.18,-2.09,161.26,0.0446,0.0734,-0.1082,-0.0095,0.0208,-0.78,0.1785,0.2295
401391812,2022,16.0,172.0,-0.3154,-0.2765,-126.3,0,3,0,-17.9,1.61,163.17,-0.014,0.0114,0.0474,0.0835,-0.0362,2.08,-0.267,-0.0837
401391813,2022,3.0,163.0,-0.4089,-0.3522,-273.0,0,1,-1,-23.11,2.57,161.46,-0.0014,-0.0821,-0.018,0.1195,0.0283,-0.41,-0.1735,-0.1953
401391814,2022,18.0,150.0,0.2873,0.3509,183.6,0,0,0,15.62,3.29,165.0,-0.0425,-0.013,0.0495,0.1596,-0.0769,-0.88,0.414,-0.0996
401391815,2022,-10.0,182.0,-0.3297,-0.3772,-189.5,0,1,0,-8.87,1.12,165.04,0.0511,0.046,-0.0105,0.0088,0.0253,-0.88,-0.2789,-0.1428
401391816,2022,10.0,154.0,0.2679,0.2906,160.3,0,-1,0,8.98,-0.54,162.4,-0.0377,-0.0192,0.0075,0.0409,-0.0197,3.11,0.1934,0.1773
401391817,2022,-7.0,165.0,-0.1646,-0.3313,-131.3,0,0,0,-13.22,2.22,164.1,0.0162,0.0198,-0.0097,0.0219,-0.0195,-3.57,0.2294,-0.6464
401430112,2022,-10.0,176.0,0.0286,0.0125,22.5,0,0,0,-6.24,-3.76,163.26,0.0316,0.0683,-0.0184,-0.102,-0.0431,0.04,0.3269,-0.4228
401391818,2022,-7.0,177.0,-0.0708,-0.0769,-79.7,0,0,0,2.46,-1.96,164.96,0.0065,-0.0033,-0.0419,0.0243,-0.0111,-0.21,-0.1904,0.1231
401391819,2022,5.0,171.0,0.0545,0.0882,57.4,0,0,0,7.82,0.27,161.53,0.0162,0.0491,0.039,-0.0797,0.0317,-0.04,0.2839,-0.3355
401391820,2022,-10.0,164.0,-0.2609,-0.0786,-75.2,0,-1,0,-10.44,2.65,163.16,-0.0208,-0.0127,0.0215,-0.0766,-0.0386,-0.66,-0.0375,-0.0133
401391821,2022,10.0,170.0,0.1001,0.1747,59.1,0,0,0,6.91,1.77,162.48,-0.0253,0.0402,0.0368,0.1828,-0.0509,2.48,0.2743,-0.1896
401391822,2022,-21.0,165.0,-0.7241,-0.7312,-369.7,0,2,0,-18.54,0.01,167.28,0.0595,0.0245,0.0417,-0.0967,-0.0323,-2.64,-0.4174,-0.4486
401391823,2022,8.0,170.0,0.4132,0.3159,246.0,0,-2,0,12.1,-2.13,163.69,-0.0291,0.0721,0.0252,-0.078,-0.095,0.99,0.5398,-0.3253
401391824,2022,-5.0,159.0,-0.0613,-0.0655,-30.4,0,0,0,8.52,-0.16,159.77,0.0022,-0.0428,0.0557,0.006,0.0282,-0.74,-0.0591,-0.0161
401391825,2022,-13.0,149.0,-0.0031,0.0256,-45.2,0,0,0,1.21,-0.37,165.3,0.0317,0.0267,-0.0661,0.0051,0.058,-1.8,0.2787,-0.3197
401391826,2022,-3.0,187.0,-0.0348,0.101,14.8,0,1,0,5.97,-0.08,162.24,0.0276,-0.0032,0.0249,-0.0305,0.0982,0.3,0.2083,-0.2121
401391827,2022,20.0,158.0,-0.0964,-0.1119,-110.0,0,-1,0,-15.01,0.33,166.21,0.0224,-0.0156,-0.0631,-0.0388,0.013,-4.04,-0.0259,-0.0246
401391828,2022,-25.0,163.0,-0.7515,-0.7914,-378.4,0,0,0,-24.34,0.29,166.94,0.0444,-0.011,0.0424,-0.0788,-0.0467,-1.59,-0.2996,-0.6841
401391829,2022,3.0,153.0,-0.1102,-0.0735,-45.9,0,0,0,5.66,0.0,160.5,0.0068,-0.0452,0.0533,0.0008,0.0261,0.17,-0.1145,0.0784
401391830,2022,-7.0,161.0,-0.1313,-0.1642,-84.7,0,0,0,-3.17,-2.07,165.7,-0.0044,-0.0568,0.0147,-0.0098,-0.0244,3.98,-0.3219,0.1759
401391831,2022,24.0,150.0,0.3087,0.3083,165.5,0,0,0,7.08,1.19,166.0,0.0157,0.0767,-0.0221,-0.1576,0.0459,-3.0,0.4526,-0.2032
401391832,2022,29.0,175.0,0.091,0.1284,-13.7,0,0,0,4.17,0.43,164.94,0.0181,0.0362,-0.055,0.119,0.0405,-2.48,0.2696,-0.134
401391833,2022,10.0,156.0,-0.0373,-0.1807,-93.1,0,0,0,-12.69,-3.98,161.73,0.0141,-0.0629,0.0231,-0.042,0.0027,-1.24,-0.1235,-0.0249
401391834,2022,-6.0,162.0,0.4251,0.4306,170.6,0,-1,0,0.34,0.65,164.94,0.0109,0.0037,-0.0179,-0.0079,0.0118,-0.54,0.4682,-0.0403
401391835,2022,10.0,172.0,0.3342,0.3969,143.0,0,1,0,10.76,-1.28,164.88,-0.0008,-0.0078,-0.0382,-0.0315,0.0321,-0.29,0.3629,0.0344
401391836,2022,3.0,125.0,0.2004,0.2656,19.2,0,0,0,21.67,0.05,164.84,0.0301,0.0574,-0.0195,0.1242,0.0828,-2.37,0.5421,-0.3563
401391837,2022,12.0,166.0,0.2413,0.2646,69.8,0,0,0,0.59,-4.33,162.52,-0.0361,-0.0155,-0.0394,0.0985,-0.0632,3.05,0.1467,0.0381
401391838,2022,13.0,141.0,0.3877,0.3453,177.7,0,0,0,16.07,0.2,165.05,-0.0037,0.0997,-0.0209,-0.1607,0.0632,-3.73,0.4708,-0.1006
401391839,2022,2.0,162.0,-0.2505,-0.383,-152.3,0,0,0,-8.71,-0.3,163.14,-0.0016,0.0134,0.0345,-0.087,-0.0765,1.06,-0.2128,-0.1865
401391840,2022,2.0,174.0,0.1403,0.0388,7.3,0,0,0,8.45,1.01,163.65,0.0229,0.0743,0.0343,0.0398,0.0534,-1.53,0.282,-0.2368
401391841,2022,10.0,176.0,0.1201,0.2199,69.3,0,0,0,-6.82,2.56,160.58,0.0081,0.0507,-0.0045,-0.0165,-0.0661,1.65,0.1355,0.1624
401391842,2022,4.0,186.0,0.4141,0.5441,234.2,0,-1,0,20.15,-4.45,163.23,-0.0551,0.0107,-0.0445,-0.0357,-0.0252,2.22,0.514,0.0189
401391843,2022,14.0,138.0,-0.042,-0.0951,45.2,0,-1,0,-18.18,-0.8,163.13,-0.0123,-0.0369,0.047,0.0455,-0.036,3.55,-0.0351,-0.1901
401391844,2022,3.0,185.0,0.1672,0.1369,-16.4,0,-1,0,-8.33,-1.21,163.5,-0.032,-0.1039,-0.022,0.044,-0.0668,1.6,0.1682,-0.0434
401391845,2022,-3.0,155.0,0.3372,0.3809,163.7,0,0,0,10.79,-2.7,159.28,-0.0102,0.0109,0.0596,0.0685,0.0894,-3.2,0.3408,0.1152
401391846,2022,-8.0,170.0,0.0833,-0.0367,-34.7,0,1,0,-3.63,-0.91,159.62,0.0163,-0.0419,0.0216,-0.0362,0.0109,-1.18,0.0341,-0.0542
401391847,2022,10.0,152.0,0.1146,0.1746,104.5,0,2,0,-0.12,1.34,165.83,0.0053,-0.0471,-0.0167,-0.0485,0.015,-2.09,0.2231,-0.0041
401391848,2022,9.0,163.0,0.0618,0.1546,73.3,0,0,0,-1.94,-0.67,162.66,-0.0412,0.051,0.1119,-0.1188,-0.0384,2.05,0.167,-0.059
401391849,2022,-11.0,211.0,0.136,0.1119,57.5,0,0,0,3.38,2.17,160.3,-0.009,0.0097,0.0059,-0.0336,-0.0391,1.76,0.1301,0.019
401391850,2022,7.0,187.0,0.5135,0.5722,235.9,0,0,0,10.81,-1.62,160.47,-0.0522,-0.0079,-0.0857,0.0724,-0.0282,2.17,0.3137,0.2602
401391851,2022,-26.0,168.0,-0.4037,-0.4037,-248.6,0,0,0,-13.72,-2.71,163.07,-0.0315,-0.1522,-0.0202,0.0043,-0.1096,2.23,-0.3703,-0.1477
401391852,2022,-18.0,164.0,0.0863,0.0732,83.4,0,0,0,2.94,-0.32,160.61,-0.0462,0.0585,0.1196,-0.1253,-0.0254,2.81,-0.1082,0.2032
401391853,2022,-9.0,163.0,-0.1695,-0.1168,-40.4,0,1,0,-7.46,-1.07,164.2,-0.0245,0.0044,0.0247,0.1385,-0.0828,4.95,-0.3898,0.3494
401391854,2022,11.0,167.0,-0.0685,-0.0346,12.6,0,0,0,5.93,-2.72,161.31,-0.0226,0.0223,-0.0507,0.0527,0.0446,-0.65,-0.3114,0.2457
401391855,2022,-24.0,162.0,-0.4152,-0.4487,-267.7,0,0,0,-23.32,-2.86,164.38,-0.0268,-0.1787,0.0121,0.0073,-0.1035,2.21,-0.3913,-0.1838
401391856,2022,-12.0,152.0,-0.6332,-0.7339,-297.6,0,0,0,-12.24,7.26,162.5,0.0523,0.0471,0.0395,-0.0034,-0.0327,1.53,-0.038,-0.9315
401391857,2022,-10.0,150.0,-0.0285,-0.0844,-29.1,0,1,0,-8.64,1.13,159.96,-0.0126,0.0225,0.0891,-0.1045,0.027,-0.14,-0.1883,0.0658
401391858,2022,-27.0,165.0,-0.2477,-0.2608,-70.7,0,-1,0,0.82,0.98,159.8,0.0388,0.0153,0.0166,-0.0832,0.0269,-2.46,0.1709,-0.6393
401391859,2022,12.0,160.0,-0.0633,-0.0603,-9.0,0,0,0,-8.86,1.45,159.43,0.0342,-0.0679,-0.107,0.1362,0.018,0.87,-0.1309,-0.0039
401391860,2022,7.0,173.0,0.2281,0.2281,160.7,0,1,0,20.79,3.74,164.05,-0.0037,0.1401,0.0007,-0.0125,-0.0017,2.52,-0.0489,0.3777
401391861,2022,4.0,170.0,0.032,0.0706,51.9,0,0,0,6.61,-1.1,159.65,0.007,-0.0111,-0.0902,0.0811,-0.0209,-0.09,-0.0212,0.1482
401391862,2022,12.0,178.0,0.6302,0.6961,306.4,0,0,0,16.16,-5.93,161.75,-0.0457,-0.0163,-0.0242,-0.0019,-0.0119,-1.17,0.1197,0.843
401391863,2022,-15.0,149.0,-0.5188,-0.5188,-146.0,0,-1,0,1.25,-4.44,161.4,0.0075,0.0109,-0.0616,0.0766,0.0665,0.67,-0.5594,0.0094
401391864,2022,9.0,209.0,-0.0075,-0.0276,29.7,0,1,0,-5.24,-0.24,158.24,-0.0182,0.0128,0.005,0.0027,-0.0083,0.67,-0.2326,0.2217
401391865,2022,-28.0,204.0,-0.1469,-0.2797,-82.9,0,1,0,-7.74,2.95,159.05,0.0091,-0.1487,-0.0852,-0.0475,-0.0495,0.03,-0.397,0.1587
401455627,2022,-7.0,189.0,0.3487,0.4044,185.8,0,0,0,-1.68,3.08,162.57,-0.0169,-0.0184,0.0047,-0.0756,-0.0528,2.65,0.1837,0.319
401455628,2022,16.0,142.0,0.6067,0.5568,190.3,0,0,0,9.5,1.07,157.8,-0.0533,0.0181,0.0383,-0.0085,0.0446,1.15,0.2617,0.3301
401455629,2022,25.0,161.0,0.3286,0.3423,183.5,0,0,0,10.79,5.14,161.67,0.0232,0.0142,-0.0918,-0.0567,0.0136,-0.12,0.0792,0.3828
401455650,2022,3.0,169.0,0.1831,0.1037,56.6,0,0,0,1.61,3.14,158.72,0.0072,-0.0007,-0.1317,0.076,0.0777,-1.36,0.0232,0.082
401455651,2022,38.0,162.0,0.2874,0.2874,163.0,0,0,0,-8.39,3.11,162.91,-0.0051,-0.0073,0.0123,-0.0701,-0.058,1.96,0.1477,0.1856
401455652,2022,37.0,197.0,0.6542,0.7073,198.4,0,0,0,14.78,-0.03,157.93,-0.0417,0.0104,0.0453,0.0266,0.0418,2.11,0.4115,0.3103
401455653,2022,-10.0,168.0,0.4056,0.3635,194.9,0,0,0,20.63,5.31,160.91,0.0113,0.0302,-0.0871,-0.0709,0.0134,0.66,-0.0243,0.5725
401455654,2022,13.0,181.0,0.1894,0.1801,62.9,0,0,0,2.63,2.42,158.06,0.0079,-0.0085,-0.1099,0.074,0.0899,-1.25,0.2067,-0.1207
401455657,2022,-18.0,162.0,-0.4427,-0.3872,-180.2,0,0,0,-9.27,-2.56,163.48,0.0167,-0.0213,0.0094,0.0699,0.0296,-3.21,-0.2069,-0.2564
401455659,2022,-15.0,131.0,-0.347,-0.3957,-166.6,0,0,0,-15.41,-4.42,158.4,-0.0123,-0.019,0.041,0.0822,0.0183,0.17,-0.2894,-0.1526
401455660,2022,-3.0,149.0,-0.0691,0.105,43.3,0,0,0,8.79,0.04,157.62,-0.0244,-0.0545,0.0316,0.0416,-0.0264,1.47,-0.0986,0.2182
401455661,2022,-5.0,131.0,0.1075,0.0994,-32.8,0,1,0,0.77,1.03,163.91,-0.0166,-0.1465,-0.0492,0.1044,-0.0182,0.99,0.0704,0.0133
401455671,2022,8.0,162.0,0.0804,0.1658,-48.2,0,0,0,3.3,0.97,160.9,-0.0133,-0.135,-0.0524,0.1328,-0.0157,1.66,0.3464,-0.283
401455674,2022,5.0,151.0,-0.0893,0.1303,29.6,0,0,0,7.02,-0.18,157.9,-0.0163,-0.0703,0.0335,0.0409,-0.0118,1.33,0.1269,-0.0555
401455675,2022,-4.0,148.0,-0.1805,-0.0928,32.1,0,0,0,-5.72,-1.02,161.75,0.0151,0.1385,0.0357,-0.1236,0.0083,-2.15,-0.045,-0.0731
401455676,2022,-12.0,208.0,0.0771,-0.0494,-38.6,0,0,0,-11.07,0.22,156.84,0.006,0.0495,-0.0631,-0.037,0.0069,-1.31,0.3948,-0.4837
401455677,2022,24.0,184.0,-0.1993,-0.1672,16.9,0,0,0,-11.72,-0.61,162.71,0.0222,0.126,0.0266,-0.1369,0.0396,-2.95,-0.3361,0.2198
401455678,2022,-5.0,189.0,-0.1019,-0.131,-63.8,0,0,0,-13.23,0.64,160.17,0.0035,0.0215,-0.0476,-0.0348,-0.0001,-1.58,0.1364,-0.2816
401455679,2022,-9.0,135.0,0.0737,0.0447,-42.1,0,0,0,-8.1,0.38,163.03,-0.0172,-0.136,-0.0264,0.1299,-0.0386,1.82,0.0199,0.05
401455681,2022,3.0,131.0,0.192,0.1409,-3.2,0,2,0,4.18,-1.36,161.13,-0.0518,-0.1061,-0.0201,0.1753,0.0815,-0.9,-0.0451,0.149
401455682,2022,14.0,156.0,0.1146,0.0643,5.1,0,0,0,0.62,-0.7,157.94,-0.0317,-0.109,0.0309,0.1856,0.0613,-1.47,-0.0863,0.1643
401455683,2022,29.0,181.0,-0.0992,-0.0992,-23.4,0,0,0,-6.67,0.52,157.03,0.0314,0.1094,-0.0187,-0.1853,-0.0491,0.9,0.0894,-0.2239
401455684,2022,-7.0,149.0,-0.033,-0.0202,10.9,0,0,0,9.46,1.12,157.26,0.0174,0.1257,-0.0262,-0.1972,-0.0234,1.17,0.4508,-0.5034
401537457,2023,3.0,141.0,-0.0722,-0.1657,-29.5,0.0,0,0,-6.2,2.31,156.48,0.0399,-0.016,-0.0762,-0.0259,0.0202,-2.24,0,-0.0893
401537458,2023,5.0,145.0,-0.2846,0.0402,-96.4,0.0,0,0,2.71,-5.01,157.89,0.0248,0.152,0.0857,-0.0304,0.041,-4.69,0,0.0606
401537459,2023,25.0,137.0,0.4494,0.2985,256.9,0.733,-1,0,6.19,-2.38,162.77,-0.0588,-0.0616,-0.1085,0.0211,-0.0515,3.66,-0.0503,0.4133
401535138,2023,-6.0,148.0,0.431,0.26,106.1,0.0,0,0,12.59,0.88,159.37,-0.0477,0.0074,0.0233,0.011,0.0906,0.17,0,0.4266
401537460,2023,6.0,120.0,0.3886,0.4664,169.7,0.0,0,0,11.85,-1.19,159.73,-0.0127,0.0958,0.006,-0.1883,0.0259,2.59,-0.1849,0.6623
401537461,2023,12.0,164.0,0.0407,0.0241,107.4,2.847,2,0,5.89,-2.89,157.77,-0.0129,-0.0138,-0.0158,0.0143,-0.0042,1.97,-0.0218,0.0893
401535139,2023,-19.0,161.0,-0.0209,-0.2278,73.5,1.346,1,0,6.46,-2.93,158.93,0.0096,0.0444,-0.0472,0.0707,0.0376,-3.25,-0.0735,-0.0907
401525954,2023,-8.0,156.0,-0.1761,-0.1129,-75.6,0.246,0,0,-2.54,0.13,159.06,0.0229,0.0239,0.0455,-0.0029,0.0011,-6.72,-0.1115,0.0125
401537462,2023,7.0,173.0,-0.262,-0.3236,-178.8,-7.813,0,0,-13.37,5.54,158.67,0.0446,-0.0943,-0.0218,-0.0341,0.029,0.4,-0.0018,-0.479
401545052,2023,7.0,161.0,0.4247,0.5033,178.4,-1.127,0,0,10.49,-1.57,156.94,-0.0463,-0.0145,0.003,0.0008,0.0312,1.34,0.0239,0.4208
401537464,2023,-17.0,153.0,-0.2279,-0.2593,-213.6,-9.074,0,0,-11.33,3.63,161.24,-0.0015,-0.0161,0.0534,0.1129,-0.044,-1.54,-0.0978,-0.1964
401507130,2023,-9.0,131.0,-0.4124,-0.4683,-308.7,-7.336,0,0,-15.94,1.66,162.24,0.027,-0.0524,0.0614,0.0829,0.0107,-0.88,-0.2874,-0.2369
401507131,2023,16.0,144.0,-0.1166,-0.1442,81.2,1.156,0,0,13.32,-0.36,158.82,-0.0313,0.0717,0.0529,-0.0736,-0.0018,3.54,0.0961,-0.2352
401507132,2023,-11.0,143.0,-0.0451,-0.14,-93.9,1.273,0,0,-7.05,-0.11,159.46,0.0076,-0.0095,0.0681,-0.0027,0.0046,-5.58,-0.1245,-0.0031
401507133,2023,23.0,165.0,0.0467,0.1043,-33.6,7.08,0,0,5.48,2.95,159.67,-0.022,-0.0443,0.0274,-0.0781,-0.0064,2.72,0.0875,0.0491
401507134,2023,-41.0,169.0,-0.2349,-0.5472,-71.7,-3.201,0,0,-5.83,1.16,158.18,-0.0293,0.0679,-0.0122,-0.0379,0.0065,0.23,-0.3438,-0.1779
401507135,2023,7.0,163.0,0.0841,0.1046,80.5,2.915,0,0,4.68,-5.58,161.71,0.011,0.0774,0.011,0.0291,0.0164,0.39,-0.1843,0.3877
401507136,2023,6.0,154.0,0.1009,0.0755,100.8,5.021,0,0,7.36,0.6,160.95,0.0226,0.0742,0.022,-0.116,0.018,-0.5,-0.0753,0.1893
401507137,2023,17.0,163.0,0.4731,0.5093,119.6,0.161,0,0,-6.26,-1.85,162.69,-0.0084,-0.0557,-0.0851,0.1111,-0.0286,-2.71,-0.071,0.979
401507138,2023,-6.0,144.0,-0.0985,-0.0201,-160.2,1.81,0,0,-24.81,-0.88,158.17,0.0087,0.0203,0.0331,0.024,-0.0714,-7.44,-0.2881,0.2349
401507139,2023,-7.0,169.0,-0.1243,-0.0509,-107.8,-5.971,0,0,-4.94,0.1,162.17,-0.0107,-0.0777,-0.0474,0.1018,-0.0356,0.3,0.0207,-0.115
401507140,2023,-6.0,160.0,0.0013,0.0237,85.2,5.752,1,0,0.71,-4.75,164.2,0.016,-0.041,-0.0065,-0.0002,0.0369,0.26,0.3632,-0.5117
401507141,2023,-9.0,179.0,-0.4121,-0.4636,-224.1,2.38,0,0,-14.2,0.79,160.7,-0.0068,0.0346,0.0103,-0.0878,-0.079,1.33,-0.3754,-0.1025
401507142,2023,9.0,171.0,0.0007,0.0251,-41.1,3.112,2,0,-9.09,0.22,158.33,-0.0012,-0.031,-0.0189,0.0031,-0.0297,-1.59,-0.4819,0.6998
401507143,2023,-2.0,140.0,-0.2182,-0.1948,79.4,1.886,2,0,7.32,-1.25,159.93,0.0097,0.0117,-0.0762,-0.045,0.0858,2.92,0.2928,-0.7145
401507144,2023,-4.0,186.0,0.0843,-0.0795,43.9,-4.287,0,0,-15.35,2.33,160.5,-0.0571,-0.0946,-0.0944,-0.0114,0.0285,-0.01,0.2026,-0.2576
401507145,2023,16.0,146.0,-0.0611,0.0572,-201.1,-3.556,1,0,-13.5,0.15,161.88,0.0342,-0.0856,-0.1344,0.1589,0.0197,-3.25,0.2244,-0.2359
401507146,2023,28.0,158.0,0.3621,0.3911,234.7,4.725,0,0,11.41,-0.84,162.72,0.0198,-0.0248,0.0223,0.0985,0.0802,-1.9,0.3144,0.1364
401507147,2023,-3.0,177.0,0.1651,0.1972,93.5,0.245,0,0,4.9,1.68,166.95,-0.0307,0.0428,-0.0075,0.0327,-0.0405,-1.11,0.1824,-0.0317
401507148,2023,6.0,182.0,-0.0141,-0.0264,102.8,4.844,0,0,8.82,0.22,160.47,0.0102,-0.0895,-0.0891,-0.0464,0.0436,3.28,0.2791,-0.3771
401507149,2023,21.0,167.0,0.5481,0.6316,203.5,5.868,-2,1,25.93,1.86,161.97,-0.0227,-0.049,-0.0298,0.0505,0.0996,2.3,0.1797,0.6044
401507150,2023,18.0,148.0,-0.1509,-0.0726,-200.3,-7.753,0,0,-11.2,2.85,165.44,-0.0216,0.0133,0.1096,0.0311,-0.044,-4.38,-0.2832,0.3005
401507151,2023,3.0,159.0,0.478,0.4495,308.6,4.233,1,0,10.69,-2.9,162.3,-0.0324,0.0184,0.059,-0.0304,-0.0142,1.44,0.0396,0.5508
401507152,2023,5.0,183.0,0.1409,0.0567,30.8,-0.028,0,0,11.89,1.15,162.01,-0.0044,0.0545,-0.0041,0.0316,0.023,1.32,-0.2988,0.4282
401507153,2023,-8.0,164.0,-0.4271,-0.4505,60.0,-12.152,1,0,-16.26,1.49,162.66,-0.0763,0.0209,0.0238,-0.0522,-0.0034,1.23,-0.4744,0.0962
401507154,2023,-5.0,173.0,-0.322,-0.314,-174.9,-2.457,0,0,-11.56,1.08,161.18,0.0095,-0.0386,-0.0593,0.028,-0.0192,-2.38,0.0065,-0.4771
401507155,2023,1.0,149.0,0.1992,0.2075,34.6,3.62,2,0,1.72,-0.76,163.33,0.0094,-0.0851,-0.0082,-0.0088,-0.0043,1.0,0.0559,0.2173
401507156,2023,-5.0,179.0,-0.4845,-0.609,-253.8,-4.889,-2,0,-20.53,2.05,166.45,0.0043,0.0732,0.0685,-0.0943,-0.0605,-3.14,-0.4458,-0.193
401507157,2023,-1.0,153.0,-0.309,-0.4444,108.0,-1.201,0,0,-5.5,1.8,162.09,-0.0078,0.0648,-0.0354,-0.1204,-0.0058,1.92,-0.2935,-0.1119
401507158,2023,-6.0,192.0,-0.021,-0.0269,16.1,0.395,0,0,-0.72,-3.2,161.29,0.0423,0.02,0.0398,0.0753,-0.0189,-2.05,-0.2319,0.2176
401507159,2023,-2.0,158.0,0.2512,0.2867,81.7,3.583,-1,1,9.83,0.99,162.51,-0.0085,-0.0557,0.0085,0.0364,-0.0082,3.03,0.0324,0.3507
401507160,2023,7.0,177.0,0.1299,0.2097,-78.3,10.575,-3,1,13.48,2.62,164.42,0.0345,-0.0186,-0.004,-0.0358,0.0038,0.33,0.1654,0.0961
401507161,2023,6.0,154.0,0.2357,0.2736,142.5,4.881,1,0,-0.58,-2.09,162.02,0.0127,0.0036,0.0529,-0.0675,0.0369,-0.46,0.0724,0.2702
401507162,2023,-4.0,168.0,0.4084,0.3701,-97.5,-0.404,0,0,8.04,-1.45,160.93,0.002,-0.0899,0.0268,0.1162,-0.0352,-0.74,0.5024,-0.2547
401507163,2023,-4.0,164.0,-0.6323,-0.7687,-355.7,-5.349,3,0,-23.46,-0.89,165.39,0.0394,0.075,-0.0051,-0.0909,-0.0324,-2.4,-0.6874,-0.0584
401507164,2023,-6.0,174.0,-0.2266,-0.1883,-39.5,1.391,0,0,-11.23,-3.09,163.81,0.0382,0.108,0.062,-0.0835,-0.02,-2.91,-0.3692,0.1789
401507165,2023,5.0,211.0,0.1638,0.1824,264.2,1.285,0,0,3.46,-0.16,163.67,0.0032,0.0362,-0.022,-0.0112,0.0214,1.27,0.1606,0.025
401507166,2023,3.0,129.0,-0.1287,-0.1816,61.6,-7.318,0,0,-12.09,-1.89,164.56,-0.0183,0.0176,-0.0222,0.0438,0.0025,-0.44,-0.1751,0.0468
401507168,2023,5.0,163.0,0.0141,0.0103,58.8,-5.423,-2,0,6.69,1.36,162.32,-0.0426,0.0697,-0.0457,0.0128,-0.0062,2.48,0.0498,-0.0902
401507169,2023,17.0,171.0,-0.2953,-0.2772,-56.3,2.762,0,0,-12.74,-2.39,165.25,0.0298,0.1039,0.0411,-0.0448,-0.0122,-3.85,-0.4287,0.1777
401507170,2023,-23.0,189.0,-0.3473,-0.2737,-57.9,0.046,0,0,-4.31,4.29,166.3,-0.0338,0.0539,0.0892,-0.0828,0.0054,-0.55,-0.5214,0.4277
401507171,2023,13.0,167.0,-0.0146,0.0311,66.7,-4.992,0,0,5.15,1.85,165.45,-0.0355,0.1017,-0.0175,-0.0009,-0.0161,1.61,0.0685,-0.0851
401507172,2023,-2.0,140.0,0.0878,0.1384,139.7,1.157,2,0,-1.9,-1.23,162.52,0.0034,0.008,0.0718,0.0317,-0.0444,-1.02,0.3467,-0.3005
401507173,2023,15.0,139.0,0.1195,0.0981,-145.6,1.04,0,0,-4.09,0.35,166.26,0.0032,-0.0483,0.0315,-0.0026,-0.0487,-0.34,0.0983,-0.0504
401507174,2023,-7.0,139.0,-0.2432,-0.3013,-20.1,-5.264,-2,0,-7.59,0.65,163.3,-0.0299,0.0367,-0.0209,-0.0369,0.0065,0.3,-0.0246,-0.4469
401507175,2023,9.0,195.0,0.3356,0.3227,-8.2,-1.03,0,0,5.21,-2.97,166.5,0.0186,-0.1249,-0.0567,0.0369,0.0755,-0.21,0.4952,-0.3263
401507176,2023,13.0,173.0,0.4451,0.4594,103.8,-3.931,1,0,7.05,0.52,166.15,-0.0114,-0.051,0.0754,0.047,-0.0059,1.67,0.1689,0.3752
401507177,2023,-12.0,166.0,-0.3713,-0.3019,-246.6,-1.514,-1,0,-8.12,4.87,167.44,-0.0039,-0.0569,-0.0153,0.015,-0.0152,-1.01,-0.0517,-0.3332
401507178,2023,-3.0,167.0,-0.2298,-0.2193,-97.0,-2.222,0,0,3.36,-0.41,163.87,-0.0283,0.0162,-0.0792,-0.0603,0.0808,-2.91,-0.114,-0.0957
401507179,2023,-6.0,136.0,-0.3079,-0.2713,-38.9,-4.298,0,0,-5.2,1.14,162.78,-0.0211,-0.0048,-0.0207,-0.0303,0.0154,0.48,-0.151,-0.2051
401507180,2023,5.0,177.0,-0.1704,-0.2119,-3.1,-3.808,0,0,-6.26,-2.68,163.65,0.0267,0.0227,0.0355,0.023,0.0168,-2.88,-0.3132,0.1713
401507181,2023,21.0,153.0,-0.3192,-0.3364,-225.7,-0.846,0,0,-5.58,0.06,161.87,-0.0132,0.0435,-0.0829,-0.0678,0.0116,-3.68,-0.3491,0.0216
401507182,2023,-7.0,165.0,0.4931,0.427,108.7,0.068,0,0,14.17,-5.1,168.87,-0.0135,-0.0411,-0.0867,0.0921,0.0415,1.03,0.1258,0.367
401507183,2023,-14.0,152.0,0.076,0.0621,-62.6,5.651,0,0,2.2,-0.52,163.06,0.0437,0.0238,0.0444,0.0333,-0.0098,-1.38,-0.151,0.3355
401507184,2023,-18.0,140.0,-0.0354,-0.0677,44.7,-4.318,0,0,-3.27,2.11,168.04,-0.0038,0.129,0.0019,0.0398,-0.0345,0.04,-0.0252,0.0125
401507185,2023,-4.0,180.0,0.324,0.3337,247.0,0.071,2,0,10.83,-3.63,168.85,-0.0225,0.027,0.0307,-0.0244,0.0116,1.23,-0.0575,0.4964
401507186,2023,-2.0,182.0,0.0447,0.1101,223.9,-0.579,2,0,-8.26,1.95,162.68,0.004,-0.0521,-0.0148,0.0049,0.0307,3.83,0.2003,-0.1661
401507187,2023,33.0,159.0,0.4969,0.4723,176.4,-0.375,2,0,2.01,1.9,163.6,0.0068,-0.013,0.0158,-0.0168,0.0274,0.24,0.0175,0.6322
401507188,2023,19.0,157.0,0.1538,0.2305,110.4,-1.079,0,0,4.56,-0.13,161.91,-0.0249,0.0029,-0.0064,0.0047,0.0049,-0.27,0.2182,0.0018
401507189,2023,-5.0,149.0,0.1671,0.2535,11.4,4.052,-3,0,7.37,1.29,162.66,-0.0289,-0.0661,-0.0452,-0.0238,0.0053,2.84,0.0006,0.2813
401507190,2023,-6.0,212.0,0.0879,0.1425,-20.0,0.605,1,0,3.06,2.64,165.16,-0.003,0.1307,-0.0136,-0.0082,-0.0292,-2.09,0.0984,0.0856
401507191,2023,18.0,160.0,0.4844,0.5535,83.1,0.036,3,0,14.5,0.97,163.4,-0.0362,0.0149,-0.0774,0.0362,0.0583,0.31,0.2644,0.3354
401507192,2023,8.0,146.0,0.1576,0.1877,-27.0,1.5,-1,0,6.92,-1.06,161.25,0.0129,-0.0398,0.0785,0.0659,-0.0386,-0.2,0.1238,0.1038
401507193,2023,-6.0,194.0,-0.1086,-0.1086,-64.4,-2.107,0,0,8.82,-6.79,166.32,-0.0398,0.0333,-0.0564,-0.01,-0.0176,-2.54,-0.1939,0.1607
401507194,2023,-9.0,157.0,-0.1878,-0.1649,-181.4,-0.281,-1,0,-0.98,-2.65,164.11,-0.0095,-0.0973,-0.052,0.0453,-0.003,-0.66,-0.0181,-0.2092
401507195,2023,31.0,155.0,0.5053,0.5433,221.5,-0.572,1,0,7.78,2.68,162.17,-0.026,-0.0427,-0.0751,0.0076,0.0375,6.16,0.0642,0.7112
401507196,2023,12.0,158.0,-0.0135,0.0239,47.3,-7.106,1,0,-1.99,-2.72,170.93,-0.0431,0.0822,-0.0632,0.0529,-0.0745,1.28,0.2505,-0.3153
401507197,2023,-6.0,128.0,0.1252,0.2568,-6.1,1.514,0,0,7.29,1.01,160.1,-0.0088,-0.0474,-0.0474,-0.0084,0.0075,2.39,0.031,0.3105
401507198,2023,-6.0,164.0,-0.3594,-0.3924,-143.5,-6.851,1,0,-10.97,-0.38,164.94,0.0022,-0.0472,0.002,0.1065,-0.0209,0.63,-0.0202,-0.4914
401507199,2023,-20.0,178.0,-0.6107,-0.7791,-292.8,-3.734,0,0,-28.22,-1.4,161.62,0.0572,0.0068,0.0434,0.0085,-0.0294,-3.38,-0.4676,-0.4342
401507200,2023,-21.0,139.0,-0.1486,-0.1885,12.2,-1.051,0,0,-11.0,1.97,160.02,0.017,0.0458,-0.1039,-0.0389,0.0222,-0.31,0.1363,-0.418
401507201,2023,-21.0,157.0,-0.4305,-0.3224,-185.3,-1.671,0,0,-11.3,-3.39,161.95,0.0026,-0.0302,0.0134,0.0693,-0.0441,-3.47,0.0463,-0.4358
401507202,2023,-12.0,148.0,0.0285,0.0157,158.9,-0.586,-2,0,-8.06,1.16,163.16,0.0152,-0.087,0.0486,0.1084,0.0308,4.27,0.0978,-0.1568
401507203,2023,-30.0,190.0,-0.3652,-0.4319,-84.6,3.405,-2,0,-9.59,4.78,167.5,0.0133,-0.004,0.0788,-0.1249,-0.0201,-1.82,-0.3875,0.0532
401507204,2023,2.0,150.0,-0.0248,-0.0523,-29.2,5.472,0,0,-0.56,-3.7,163.47,0.0138,-0.1618,-0.0487,0.0074,0.0171,-1.97,-0.6217,0.7298
401507205,2023,13.0,189.0,0.5907,0.7127,343.4,1.989,1,0,12.55,-0.61,161.46,-0.0272,-0.0792,-0.0005,0.0666,0.0318,5.78,0.5293,0.2434
401507206,2023,23.0,171.0,0.1303,0.1219,89.8,-1.684,-1,0,7.92,2.78,162.46,-0.0242,-0.0166,0.0241,0.0375,0.0314,1.25,-0.3301,0.4864
401507207,2023,24.0,168.0,0.3804,0.2857,134.2,6.06,0,0,21.44,1.54,163.52,-0.0173,-0.0014,0.0754,-0.0299,0.021,1.78,-0.0191,0.3344
401507208,2023,1.0,177.0,0.2125,0.2476,-39.3,-3.09,-1,0,7.32,4.35,161.81,0.0065,0.0148,-0.0113,0.0611,0.0497,2.01,0.4323,-0.3432
401507209,2023,10.0,176.0,-0.0579,-0.0403,-21.2,3.616,0,0,3.07,-2.51,163.91,-0.004,-0.1641,-0.0248,-0.0063,-0.0024,-0.99,-0.7732,0.8864
401507210,2023,8.0,168.0,0.5849,0.7374,346.3,1.215,0,0,19.66,-1.03,162.11,-0.0272,-0.0658,0.0309,0.078,0.0497,5.01,0.6698,0.0756
401507211,2023,-8.0,170.0,0.0028,-0.1597,149.7,5.384,0,0,2.03,-0.55,167.38,-0.007,0.0045,-0.0249,-0.141,-0.012,-0.24,-0.1387,-0.0749
401507212,2023,11.0,197.0,-0.0529,-0.0793,-33.9,3.572,2,0,-5.82,-3.06,161.54,-0.005,0.0274,-0.0269,-0.077,-0.0638,-4.0,0.03,-0.1388
401507213,2023,-15.0,139.0,-0.2669,-0.2105,-77.5,-0.89,1,0,-14.74,-3.25,163.28,0.0222,-0.1318,0.0209,0.02,0.0221,-2.81,-0.2,0.0054
401507214,2023,17.0,143.0,-0.1389,-0.1218,66.6,-3.791,0,0,-13.79,0.29,161.81,0.0215,0.061,-0.0582,-0.0099,0.028,0.16,0.1748,-0.4033
401507215,2023,23.0,195.0,0.265,0.2804,163.4,2.014,-2,0,12.91,-6.93,167.47,-0.0325,-0.0337,-0.0671,0.079,-0.0006,0.51,0.0207,0.2676
401507216,2023,17.0,179.0,0.0848,0.1828,166.4,1.902,1,0,9.38,-2.96,164.37,-0.0173,-0.0158,0.0155,-0.0637,-0.0162,-0.15,0.0945,0.102
401507217,2023,22.0,148.0,-0.2045,-0.1673,18.2,-4.947,-1,0,-15.74,-1.76,160.93,0.0375,-0.0884,0.0313,0.0676,-0.0678,1.71,-0.1708,-0.0078
401507218,2023,-2.0,196.0,0.0359,0.0721,15.5,-4.227,0,0,5.35,1.84,161.82,0.0017,-0.0227,0.023,0.089,0.0504,4.05,-0.0145,0.018
401507219,2023,5.0,183.0,-0.3241,-0.2266,-175.4,-4.917,0,0,-26.89,5.89,169.22,0.0255,0.0334,0.0771,-0.089,-0.0245,0.28,-0.144,-0.1123
401507220,2023,8.0,164.0,-0.0847,-0.0797,82.3,-2.06,0,0,-2.95,-0.23,160.96,0.0073,0.0553,-0.0362,0.0093,0.0474,0.11,0.3129,-0.4928
401507221,2023,18.0,186.0,0.4411,0.4411,45.7,-2.003,-2,0,7.02,-3.82,163.23,-0.0112,-0.0303,0.0112,0.067,0.023,-0.79,0.3019,0.1654
401507222,2023,-10.0,162.0,-0.1421,-0.1548,-90.0,-2.205,0,0,-3.77,-2.05,160.63,0.0486,-0.0226,-0.0016,0.0019,-0.0282,0.93,-0.1189,-0.0029
401507223,2023,28.0,196.0,-0.0882,-0.038,-50.9,-1.598,0,0,-6.63,6.71,167.7,0.0084,0.0207,0.0713,-0.048,0.0849,0.23,0.3357,-0.4105
401507224,2023,-2.0,176.0,-0.1033,-0.1518,-195.3,0.014,1,0,-4.45,1.13,160.85,-0.021,0.0543,0.0066,-0.0374,-0.025,-3.09,-0.2981,0.1766
401507225,2023,17.0,161.0,-0.1567,-0.0583,-77.2,-4.396,3,0,-6.41,0.71,164.07,0.0229,0.1338,-0.0202,-0.0153,-0.0656,1.11,0.1848,-0.2513
401507226,2023,-15.0,147.0,-0.3586,-0.4018,-53.2,-4.059,0,0,-7.48,0.98,167.47,-0.0116,-0.0304,0.0021,0.0127,-0.0078,-0.0,-0.2356,-0.2714
401507227,2023,4.0,194.0,0.518,0.4926,171.5,2.365,-1,0,14.37,4.11,162.09,-0.0346,0.0432,-0.0248,0.0567,0.1055,3.05,0.0788,0.533
401507228,2023,7.0,173.0,0.1758,0.1832,144.8,0.509,1,0,9.58,0.9,162.72,-0.028,-0.0871,0.0259,0.0554,-0.0153,2.61,0.2079,-0.0318
401507229,2023,7.0,171.0,0.5761,0.6408,225.0,0.441,1,0,8.2,-2.9,163.66,-0.041,-0.1199,0.0187,0.0345,0.1075,0.89,0.1221,0.5631
401507230,2023,-11.0,169.0,-0.0323,-0.0515,13.6,0.176,0,0,-5.98,-6.21,169.03,-0.0041,-0.028,-0.0811,0.0397,-0.0853,-1.13,-0.4901,0.6443
401507231,2023,20.0,166.0,0.3223,0.3277,188.6,7.819,1,0,7.4,-0.24,167.9,-0.0212,0.0018,-0.008,-0.1286,-0.0291,1.65,0.2142,0.1526
401507232,2023,8.0,184.0,0.3161,0.2034,203.4,3.933,3,0,12.49,1.21,163.55,-0.0199,-0.1199,0.0572,0.0673,0.0169,2.47,0.2639,-0.1254
401507233,2023,-14.0,150.0,-0.086,-0.1558,113.7,1.507,3,0,-2.96,-7.25,166.18,0.0245,0.0436,-0.1625,0.0561,-0.0278,-1.33,-0.3332,0.2798
401507234,2023,2.0,158.0,-0.5558,-0.6353,-229.0,-0.295,0,0,-9.64,2.32,163.12,0.0264,0.1073,-0.0477,-0.0366,-0.1225,-0.03,-0.3391,-0.3873
401507235,2023,11.0,139.0,0.1103,0.0011,115.1,2.77,0,0,8.07,1.88,162.34,-0.051,0.0268,0.0304,-0.0044,-0.0068,0.49,-0.2716,0.347
401507236,2023,4.0,156.0,0.5351,0.5222,88.4,4.5,1,0,9.34,-1.29,167.83,-0.0059,0.0144,0.0206,-0.0125,0.0136,2.06,0.1124,0.5754
401507237,2023,8.0,176.0,0.0734,0.1084,115.3,3.847,1,0,5.82,1.61,165.08,0.0089,0.0172,-0.087,-0.0676,0.0811,2.88,0.0793,0.0345
401507238,2023,-1.0,153.0,-0.2407,-0.1884,-161.6,-1.81,0,0,-12.47,-1.59,163.11,-0.0006,-0.0462,0.0054,-0.0224,0.0712,-2.93,-0.3659,0.1568
401507239,2023,6.0,150.0,-0.0828,-0.0676,-47.3,-0.463,-2,0,7.82,-1.31,162.49,0.0431,-0.004,-0.0412,0.036,0.0085,-0.81,0.0952,0.0357
401507240,2023,-24.0,202.0,-0.5964,-0.5518,-220.5,-0.706,0,0,-0.6,1.08,161.8,0.0029,0.0023,0.0152,-0.033,-0.0855,0.57,-0.095,-0.5007
401507241,2023,-11.0,165.0,-0.1134,-0.1474,80.2,0.103,0,0,-10.8,-6.46,164.94,0.0277,0.028,-0.1382,0.0685,-0.0433,-1.96,-0.2957,0.2493
401507242,2023,7.0,179.0,0.2991,0.1943,82.0,4.146,-1,0,9.69,-2.8,165.94,-0.0309,-0.0537,0.074,-0.0882,-0.0222,0.12,0.143,0.113
401507243,2023,26.0,170.0,0.6465,0.6002,348.4,2.291,0,0,12.73,0.75,160.81,-0.0633,0.0222,0.0076,0.0726,0.1025,1.84,0.0439,0.5796
401507244,2023,-8.0,182.0,-0.6035,-0.5813,-219.7,-1.219,-1,0,-10.35,-1.85,163.73,0.0104,0.062,-0.0265,-0.1415,-0.0751,-3.11,-0.3266,-0.3844
401507245,2023,-12.0,156.0,-0.2848,-0.2974,-151.3,-3.227,0,0,-6.43,-3.6,162.9,0.0273,0.0402,-0.0442,0.0405,-0.0719,-2.5,-0.2193,-0.0345
401507246,2023,-40.0,174.0,-0.0788,-0.0744,-16.9,-2.516,0,0,-4.69,0.71,163.69,-0.0263,-0.1117,0.0183,0.0277,0.1008,-0.86,0.0376,-0.1494
401507247,2023,10.0,160.0,0.2122,0.218,5.7,5.492,2,-1,23.26,0.92,168.91,-0.0265,-0.029,0.0859,-0.1647,0.0202,2.21,0.159,0.068
401507248,2023,-19.0,175.0,-0.6272,-0.5455,-317.1,-2.214,2,-1,-28.93,0.92,162.78,0.0323,-0.0156,0.0113,-0.0905,-0.0931,-0.49,-0.3673,-0.1366
401558893,2023,-16.0,270.0,-0.0763,0.3951,18.7,0.0,0,0,35.0,-0.56,208.96,0.0167,0.066,0.0277,-0.0702,0.1064,-3.53,0,0.4101
401507249,2023,9.0,155.0,0.2208,0.238,13.8,3.281,0,0,24.09,2.58,166.73,-0.0018,0.0079,0.0857,-0.0485,0.0274,2.45,-0.0098,0.4068
401507250,2023,6.0,138.0,-0.3508,-0.3192,-298.0,-5.133,0,0,-13.68,-2.44,161.64,0.0519,0.0041,0.0004,0.0184,-0.1026,-2.33,-0.3612,0.1294
401507251,2023,-6.0,158.0,0.3655,0.2198,216.5,-0.482,0,0,3.03,-2.12,164.92,-0.0284,-0.0695,0.074,0.0603,0.0237,2.47,0.0262,0.3008
401507252,2023,-10.0,186.0,0.2579,0.2567,27.0,-0.615,0,0,-8.29,2.92,166.64,0.013,-0.1157,0.0124,0.1296,0.1123,-0.62,0.0514,0.3128
401507253,2023,11.0,153.0,0.151,0.0817,188.0,0.385,0,0,-7.39,-3.56,164.59,-0.009,-0.0376,-0.0464,0.0005,0.0428,-0.96,0.2091,-0.2487
401507254,2023,3.0,143.0,-0.1027,-0.3193,42.1,-0.692,-3,0,1.74,-0.72,164.95,-0.0069,0.0078,-0.0076,0.0254,0.0573,-0.6,0.2105,-0.5248
401507255,2023,18.0,142.0,-0.0545,-0.0209,-118.9,-0.756,-3,0,0.82,-0.42,158.66,0.014,-0.0384,0.0103,-0.0023,-0.032,-1.1,0.0164,-0.0578
401507256,2023,-16.0,142.0,-0.587,-0.612,-285.7,-4.945,0,0,-26.6,2.57,165.94,0.0345,0.0306,-0.0272,0.018,-0.0424,-0.77,-0.0793,-0.6055
401507257,2023,-9.0,183.0,-0.2017,-0.3005,-11.5,-1.139,0,0,-6.03,-2.98,165.65,-0.0221,-0.0261,0.0385,-0.09,-0.0652,0.89,0.0913,-0.5178
401507258,2023,-8.0,164.0,-0.2306,-0.1734,-194.4,0.006,0,0,-2.9,2.86,165.12,0.0191,0.0364,0.0295,-0.0111,-0.0427,-0.25,-0.0199,-0.2482
401507259,2023,-15.0,165.0,-0.0045,-0.0045,-45.7,-1.93,0,0,-0.03,4.0,163.75,0.0023,-0.0218,0.0262,0.0819,0.0387,-0.49,0.049,0.003
401507260,2023,14.0,182.0,0.2575,0.1941,142.1,2.699,1,0,23.2,-1.25,163.9,-0.0299,0.1325,0.001,-0.0252,0.0007,0.74,0.5787,-0.5361
401507261,2023,-17.0,179.0,-0.6778,-0.6636,-288.1,-3.077,0,0,-28.84,0.17,164.03,0.0145,0.0125,-0.0284,-0.0502,-0.0615,-3.05,0.0475,-0.8405
401507262,2023,18.0,184.0,0.5648,0.5635,217.9,0.928,-2,0,5.97,2.37,168.05,0.0014,-0.0183,0.006,0.1388,0.0691,1.97,0.1064,0.6268
401507263,2023,15.0,153.0,0.181,0.1381,122.2,-1.986,-1,0,-2.15,3.53,161.6,-0.0497,-0.0185,0.0551,0.0054,0.0056,1.4,0.2201,-0.1616
401507264,2023,13.0,143.0,0.1038,0.1077,69.7,2.457,1,0,3.14,4.52,162.71,-0.0484,0.0339,0.117,-0.0167,-0.0028,2.23,0.2012,-0.0504
401507265,2023,4.0,168.0,0.4916,0.4355,133.5,3.316,-1,0,17.5,0.07,167.57,-0.0101,0.0467,-0.0298,0.0588,0.0773,-2.16,0.2376,0.2941
401507266,2023,-12.0,202.0,-0.6025,-0.6979,-242.7,-1.851,0,0,-26.77,-2.25,163.55,0.0376,0.0892,-0.0241,-0.0501,-0.0573,-0.11,-0.332,-0.3488
401507267,2023,-5.0,171.0,-0.0719,-0.1263,-122.7,-2.622,0,0,7.42,-0.48,162.95,-0.0092,0.1415,-0.0431,-0.0473,-0.1138,-0.69,-0.4432,0.3763
401507268,2023,1.0,157.0,0.1156,0.2081,61.6,-1.249,1,0,-4.55,-0.26,164.4,-0.0077,-0.061,0.0208,0.0119,-0.0257,1.56,-0.4252,0.7963
401507269,2023,5.0,189.0,-0.2127,-0.2284,-84.3,-1.037,1,0,-16.7,-0.04,165.63,0.0108,0.0138,-0.0624,-0.0122,-0.0118,-1.36,-0.1681,-0.0117
401507270,2023,13.0,149.0,0.1862,0.2141,66.0,-1.142,0,0,-3.17,-0.0,163.37,-0.0139,-0.0766,-0.0048,-0.0079,0.0067,2.05,-0.4749,0.8387
401507271,2023,11.0,179.0,0.3705,0.2444,91.2,-3.109,0,0,3.77,0.45,167.07,0.01,0.0343,-0.0806,0.1187,0.0195,-2.13,-0.4393,0.978
401507272,2023,-9.0,157.0,0.0365,-0.0302,71.2,0.552,0,0,3.25,-3.26,164.6,-0.0145,0.0775,0.004,-0.0517,0.0266,-0.67,-0.0451,0.0377
401507273,2023,28.0,152.0,0.1142,0.1125,20.7,1.23,1,0,10.77,-2.52,163.19,-0.0226,0.1413,-0.0107,-0.0604,-0.0427,0.37,0.2093,-0.0378
401558197,2023,-5.0,171.0,0.4631,0.5641,116.6,3.264,-1,1,17.06,0.99,167.0,0.0116,0.034,-0.0129,0.1391,0.0555,-1.08,0.1937,0.3468
401507274,2023,-4.0,170.0,0.3292,0.5186,216.2,4.609,3,0,7.96,-1.52,163.64,-0.029,-0.0401,0.0432,0.0146,0.0475,3.51,0.6279,-0.2253
401507275,2023,7.0,153.0,-0.0093,0.0144,-41.4,4.65,1,0,5.61,1.18,165.01,0.0087,0.0287,0.0516,-0.0092,0.0376,-0.03,-0.0678,0.2251
401507276,2023,-23.0,147.0,-0.1407,-0.2188,-110.5,-0.615,1,0,-1.07,-2.94,164.61,-0.0104,-0.0065,-0.0182,-0.0601,0.0141,-3.13,0.0747,-0.3956
401507277,2023,19.0,189.0,0.0385,0.1272,94.5,1.429,-3,0,-0.99,1.23,159.5,-0.0314,0.0555,0.0587,-0.0098,0.0043,1.68,-0.3856,0.747
401507278,2023,13.0,195.0,0.3003,0.244,193.9,-1.808,3,0,0.68,2.39,163.36,-0.0184,-0.154,0.0454,0.0923,0.0639,1.29,-0.5709,1.0086
401507279,2023,-8.0,166.0,-0.437,-0.4591,-153.5,-1.39,1,0,-9.59,-2.49,165.46,-0.0041,-0.0785,0.0031,-0.1715,-0.0488,1.24,-0.3226,-0.0903
401507280,2023,10.0,148.0,0.2959,0.4114,198.9,1.497,0,0,2.18,-1.77,163.82,-0.0431,-0.017,0.0675,0.0017,0.0188,3.93,0.418,-0.0611
401507281,2023,1.0,143.0,-0.1873,-0.0949,-71.4,0.07,0,0,-4.62,1.74,159.3,-0.0144,0.0146,0.0113,-0.0496,-0.0437,-1.6,-0.0768,-0.0443
401507282,2023,21.0,165.0,0.5427,0.5176,279.8,-3.768,0,0,16.39,0.06,165.9,-0.0416,-0.0244,0.0284,0.0273,0.0298,1.04,-0.1674,0.7207
401507283,2023,-7.0,145.0,-0.4417,-0.3245,-167.0,-2.19,0,0,-8.5,-1.86,165.81,-0.0224,-0.1027,0.0069,-0.1742,-0.0761,1.85,-0.0918,-0.3374
401507284,2023,-11.0,141.0,-0.1724,-0.1898,-99.9,0.426,0,0,-4.52,-0.05,163.67,0.048,-0.1157,-0.0091,0.1177,0.0151,1.18,-0.372,0.2378
401507285,2023,20.0,162.0,-0.128,-0.258,-93.1,-4.109,0,0,-2.04,-3.68,162.15,0.0249,0.0113,-0.0715,0.0234,0.0341,-0.52,-0.2458,-0.0632
401507286,2023,-16.0,160.0,-0.5821,-0.5642,-357.1,-3.166,0,0,-16.18,0.49,160.76,0.0589,0.0424,-0.0525,-0.0151,-0.0221,-3.39,-0.3746,-0.2294
401507287,2023,2.0,156.0,0.0553,0.0218,107.7,-1.427,2,0,-4.66,1.2,163.83,-0.0024,0.0232,0.0084,0.0316,0.015,1.81,0.4399,-0.6073
401507288,2023,-15.0,193.0,0.232,0.2494,72.0,2.307,-3,0,6.65,0.6,161.46,-0.0058,0.0857,-0.0279,-0.0558,-0.049,-1.16,0.3751,-0.2156
401507289,2023,-10.0,142.0,-0.5162,-0.6648,-105.1,-1.079,0,0,-7.49,0.62,164.27,0.0073,-0.0775,0.0241,-0.1725,-0.0305,-0.88,-0.1793,-0.6385
401507290,2023,-6.0,188.0,-0.1881,-0.1707,-48.2,-1.935,-1,0,-4.85,-2.49,160.97,-0.0047,0.0177,-0.0087,0.0027,0.0283,-1.03,-0.2445,0.119
401507291,2023,9.0,155.0,0.2885,0.3351,143.7,3.72,1,0,2.72,2.82,162.66,-0.0286,-0.0495,0.0321,0.0012,-0.0077,1.3,0.1541,0.2714
401507292,2023,38.0,160.0,-0.2174,-0.1515,-175.2,1.646,-3,0,-9.51,-2.11,163.54,0.0399,0.1518,-0.094,0.1028,-0.0658,-3.81,0.1721,-0.3836
401507293,2023,-8.0,174.0,0.1156,0.0464,112.0,-0.972,0,0,-3.94,1.78,163.35,-0.0122,-0.0062,-0.0007,0.0324,-0.0085,2.29,0.5235,-0.7006
401507294,2023,-8.0,200.0,0.1595,0.1762,38.2,0.788,0,0,-5.96,0.93,162.63,0.0008,0.0821,-0.0189,-0.0649,-0.0683,-0.22,0.3965,-0.3409
401507295,2023,-12.0,150.0,-0.2623,-0.2623,-224.2,-0.96,-1,0,-2.93,2.16,161.02,0.0417,-0.002,-0.0531,0.0416,-0.0127,-1.56,-0.3801,0.1438
401507296,2023,-7.0,167.0,-0.2374,-0.2418,-95.9,-0.411,0,0,-12.48,-0.77,160.65,0.0377,0.0479,-0.0044,-0.0032,-0.046,0.38,0.203,-0.6848
401507297,2023,-9.0,167.0,0.1238,0.1227,61.7,-2.438,-2,0,7.64,0.77,162.52,-0.0144,0.0604,0.05,0.0368,0.11,3.29,0.1066,0.0696
401507298,2023,-20.0,188.0,-0.2417,-0.2667,-190.8,-0.58,0,0,-3.67,0.11,165.77,0.0261,0.2047,-0.0014,-0.1022,-0.0545,-1.63,0.4107,-0.8909
401507299,2023,19.0,163.0,-0.0504,-0.0587,-104.6,1.551,1,0,5.95,-3.6,163.22,0.026,0.0547,-0.0307,0.0545,0.004,-1.1,-0.2903,0.3717
401507300,2023,18.0,164.0,-0.2035,-0.2182,-170.6,-2.807,0,0,-9.89,0.41,161.11,0.0277,0.0281,-0.0139,0.0092,-0.0071,2.59,-0.2027,-0.0035
401507301,2023,6.0,174.0,-0.3758,-0.2938,-278.5,-3.208,0,0,-4.46,1.03,158.26,0.0345,-0.0297,-0.0532,0.0804,0.0174,-3.24,-0.6886,0.6787
401507302,2023,1.0,135.0,-0.0445,-0.0674,-13.0,-1.236,-2,0,8.62,-1.15,163.09,0.0218,0.0669,-0.0835,0.03,-0.0016,-0.2,-0.1026,-0.0214
401507303,2023,16.0,162.0,0.389,0.4338,105.1,4.963,2,0,9.02,-2.03,161.85,0.0131,0.0631,-0.0838,0.132,-0.0557,-1.64,0.0206,0.4625
401507304,2023,24.0,202.0,0.5001,0.6405,261.9,4.219,0,0,16.66,0.01,166.07,-0.0216,-0.0126,0.0269,0.0445,0.0735,1.25,0.2414,0.4623
401507305,2023,11.0,159.0,-0.0374,-0.0563,-44.0,-4.514,2,0,5.38,-0.91,163.68,-0.0146,0.0107,-0.0144,-0.0237,0.019,-1.5,-0.4533,0.4702
401507306,2023,10.0,172.0,-0.0875,-0.1937,-146.7,-2.65,2,0,-15.21,3.68,162.6,-0.0053,0.0651,0.0046,-0.0055,-0.0246,-1.75,0.2859,-0.4862
401507307,2023,7.0,159.0,-0.0442,-0.0482,-29.8,-2.765,0,0,-13.8,1.84,166.33,-0.0167,-0.0703,-0.0256,-0.0082,-0.0693,-0.4,-0.107,0.0355
401507308,2023,10.0,152.0,-0.0143,-0.1291,34.7,2.103,0,0,-7.33,1.48,161.83,0.0036,0.0414,0.022,-0.0561,-0.0747,0.82,-0.0899,-0.0823
401507309,2023,-11.0,189.0,-0.7218,-0.6975,-301.5,-6.331,1,0,-18.38,-1.18,158.71,0.0341,-0.0328,0.0751,-0.1371,-0.0633,0.94,-0.3018,-0.5127
401507310,2023,21.0,151.0,0.4582,0.4952,295.0,-3.495,1,-1,16.61,1.85,165.87,-0.0509,-0.022,-0.0598,0.0373,0.105,-0.41,-0.5197,1.1411
401507376,2023,-19.0,145.0,0.0132,0.0994,120.3,-3.749,0,0,-5.66,5.06,163.66,-0.0348,-0.1371,0.0619,-0.1021,0.0141,2.16,0.1625,-0.0733
401507311,2023,13.0,163.0,-0.0148,0.0755,78.9,-5.242,0,0,-16.39,4.19,163.16,-0.0433,-0.1478,0.0474,-0.1024,-0.0187,2.09,-0.0019,0.047
401507312,2023,-20.0,170.0,0.0321,0.0515,123.2,2.271,0,0,7.51,-2.91,162.76,0.0021,-0.0458,-0.0398,0.0089,0.0335,1.23,-0.3305,0.454
401507313,2023,-4.0,162.0,-0.2066,-0.2231,-165.2,1.588,0,0,4.15,-4.57,162.93,0.0394,0.0762,0.007,-0.0161,0.0175,-0.55,-0.2328,-0.0455
401507314,2023,11.0,145.0,0.0097,0.0509,-51.4,4.648,0,0,-6.17,0.06,163.62,0.0025,-0.099,0.0742,-0.0332,-0.0948,-0.16,-0.0979,0.0832
401507315,2023,-22.0,148.0,-0.5315,-0.6228,-230.2,-7.008,4,-1,-7.34,0.33,159.07,0.0122,-0.0591,0.0217,-0.1143,-0.0335,1.37,-0.5909,-0.1225
401507316,2023,-8.0,148.0,0.0721,0.049,2.7,2.154,0,0,5.13,0.79,160.23,0.0222,0.0384,-0.0411,0.0198,-0.0142,3.21,0.0633,-0.0476
401507317,2023,-6.0,150.0,0.5267,0.4157,307.9,2.147,-3,0,6.3,1.94,164.55,-0.0391,-0.0227,-0.0803,0.0714,0.0036,1.33,0.2892,0.1796
401507318,2023,-13.0,181.0,-0.1089,-0.1936,-75.7,-2.578,0,0,-6.19,0.14,165.26,-0.0012,-0.1464,-0.034,0.0689,-0.0253,-1.1,-0.5077,0.4215
401507319,2023,-6.0,152.0,-0.2125,-0.2472,-154.4,-2.467,0,0,-4.14,1.09,160.69,0.0261,-0.0096,-0.0339,0.0773,0.0293,-1.67,-0.3837,0.1937
401507320,2023,-10.0,156.0,0.1312,0.0682,89.3,1.341,0,0,-1.44,0.28,158.99,-0.0212,-0.0533,-0.0235,0.056,-0.0053,1.11,0.2437,-0.2239
401507321,2023,-14.0,162.0,-0.0208,-0.038,18.3,-1.409,0,0,-2.87,-1.22,159.33,-0.0194,-0.0366,0.0403,-0.0238,0.011,-3.85,-0.0616,0.1073
401507322,2023,-12.0,212.0,-0.4533,-0.4909,-265.3,4.03,1,0,-8.06,-1.81,163.68,0.0386,-0.0155,0.0821,-0.0755,-0.053,-2.51,-0.0137,-0.6041
401507323,2023,-4.0,132.0,-0.1401,-0.1997,-174.0,-5.648,0,0,-4.17,4.7,161.8,0.0051,-0.1019,-0.0258,0.0722,-0.0034,-0.14,-0.0086,-0.1542
401507324,2023,23.0,181.0,0.0525,0.0743,19.1,-4.318,0,0,-11.45,-0.4,160.58,-0.016,-0.014,0.0149,0.0125,0.0039,-1.38,0.0599,0.0563
401507325,2023,5.0,177.0,-0.3806,-0.3882,-123.4,1.233,0,0,-9.93,-4.46,162.89,0.0106,-0.083,-0.0198,0.0139,-0.039,-4.52,-0.9799,0.7457
401507326,2023,29.0,153.0,0.076,0.244,46.8,1.961,1,0,11.51,1.87,160.62,-0.0052,-0.0703,0.088,-0.0858,0.0917,0.61,0.0595,0.2963
401507327,2023,-5.0,185.0,-0.2158,-0.2159,2.2,-2.49,-3,0,-15.2,-1.77,157.28,-0.0123,-0.0098,0.0857,-0.177,-0.0419,0.42,-0.2765,-0.0311
401507328,2023,4.0,176.0,-0.0834,-0.0486,-125.5,-3.814,2,0,3.65,-1.19,159.05,0.0061,-0.029,0.0069,-0.0153,-0.0015,0.68,-0.002,-0.0794
401507329,2023,-7.0,181.0,-0.4733,-0.4489,-232.5,-0.092,0,0,-5.85,-3.91,163.43,0.0264,0.0831,-0.0108,-0.018,-0.0239,-1.33,0.1413,-0.6776
401507330,2023,-9.0,171.0,0.326,0.2808,108.1,-2.15,0,0,6.2,5.26,163.97,0.0026,0.0946,0.0099,-0.017,0.0189,3.91,0.5397,-0.3106
401507331,2023,-5.0,161.0,-0.0364,-0.2818,3.5,1.879,1,0,-19.89,1.93,161.41,-0.0059,-0.0234,0.0121,0.015,-0.1156,-1.74,-0.2126,-0.077
401507332,2023,16.0,140.0,-0.3892,-0.3982,-261.5,-3.617,2,0,-8.07,-1.69,166.9,0.0385,0.0022,0.0253,0.0007,-0.0138,-0.25,0.2435,-0.7027
401507333,2023,-35.0,187.0,-0.5687,-0.6371,-187.0,-2.268,0,0,-9.56,-0.69,159.9,0.0124,-0.0345,0.1012,-0.1488,-0.0313,-2.01,-0.4605,-0.1109
401507334,2023,15.0,151.0,0.2087,0.1986,188.5,1.403,1,0,-16.18,-0.29,158.02,-0.0006,0.0599,-0.0843,0.0317,-0.0552,-0.9,0.1418,-0.1177
401507335,2023,3.0,163.0,-0.2133,-0.1841,-110.5,-4.149,1,0,10.49,-1.32,160.85,0.0193,0.1006,-0.0182,0.0376,0.0261,0.79,-0.0411,-0.1978
401507336,2023,-3.0,151.0,-0.3734,-0.3977,-178.5,0.058,1,0,-18.89,-6.65,162.64,-0.0023,-0.0841,-0.0837,0.079,-0.0552,-2.6,-0.8966,0.6221
401507337,2023,-5.0,175.0,-0.1685,-0.1319,-45.7,1.994,0,0,-2.16,-0.74,161.13,0.0168,0.0059,0.053,-0.0112,0.012,0.83,0.155,-0.3596
401507338,2023,9.0,179.0,-0.0397,0.0572,-38.9,5.238,0,0,13.71,-3.99,165.09,0.0058,0.0702,-0.0503,0.0766,0.0581,-0.55,0.3983,-0.3531
401507339,2023,18.0,170.0,0.0876,0.104,65.1,4.279,0,0,8.99,3.39,158.68,-0.0156,-0.0278,0.1103,-0.0731,0.0601,0.17,0.1808,-0.0924
401507340,2023,11.0,155.0,0.2703,0.2585,32.4,-2.383,0,0,9.08,2.56,162.19,-0.0097,-0.0348,0.0054,0.0476,-0.0095,3.41,0.2075,0.1471
401507341,2023,-1.0,151.0,0.0193,0.1503,-45.5,1.204,0,0,4.6,-2.51,161.36,0.0025,-0.0812,0.0697,-0.0562,0.0446,1.54,-0.3535,0.6504
401507342,2023,10.0,158.0,0.4086,0.4546,284.5,4.099,2,0,17.31,2.01,156.88,-0.0102,0.0391,0.0131,0.0305,0.0697,1.69,0.3727,0.0998
401507343,2023,9.0,159.0,0.2664,0.3373,209.9,1.722,1,0,-6.89,3.25,165.83,-0.0259,-0.0048,0.0034,-0.0009,-0.0235,0.18,-0.183,0.5278
401507344,2023,-11.0,133.0,0.2127,0.2012,10.9,-1.457,-2,0,9.01,-1.93,160.26,-0.0162,-0.0801,0.013,-0.0482,0.0477,0.86,-0.2288,0.5556
401507345,2023,-10.0,210.0,-0.3088,-0.2551,-219.6,2.122,0,0,-2.17,-3.26,163.54,0.0041,-0.0672,-0.0205,0.0386,0.0381,-1.29,-0.4697,0.2677
401507346,2023,31.0,147.0,0.1172,0.077,32.6,1.819,3,-1,6.29,2.93,160.3,-0.0199,0.0185,-0.0747,0.1115,-0.0318,-0.29,-0.2171,0.4584
401507347,2023,6.0,176.0,-0.1562,-0.233,3.3,-1.121,0,0,-12.32,-1.76,159.5,0.0199,0.0136,-0.0628,0.07,0.0204,-2.38,-0.0494,-0.1974
401507348,2023,26.0,180.0,0.542,0.5033,257.7,-2.726,0,0,1.28,2.41,164.32,-0.0413,-0.1004,-0.0404,0.0264,0.0064,-0.17,-0.0929,0.749
401507349,2023,-17.0,155.0,-0.3977,-0.4691,-194.9,-4.723,3,0,-17.79,-0.12,162.42,0.0064,-0.0056,0.003,-0.0974,-0.0257,-0.28,0.022,-0.6014
401507350,2023,-13.0,181.0,0.3076,0.2208,231.1,-1.481,0,0,2.37,3.39,163.81,-0.0037,0.0697,0.0141,-0.0404,-0.0167,1.36,0.3429,-0.1011
401507351,2023,13.0,159.0,0.0317,0.0464,92.2,3.562,-1,0,8.28,4.58,155.95,-0.0061,0.0583,0.0179,0.0469,0.0119,-1.02,-0.0017,0.0498
401507352,2023,8.0,136.0,-0.0723,-0.1348,-57.7,2.669,0,0,-0.93,-1.01,160.45,-0.0085,-0.0355,0.0174,-0.0683,0.0223,1.73,-0.0801,-0.0349
401507353,2023,14.0,166.0,0.0803,0.2718,192.8,0.727,2,0,-0.12,-1.01,157.75,0.0148,0.0696,-0.0262,0.0263,0.0348,-1.75,0.4076,-0.0651
401507354,2023,-27.0,165.0,-0.1403,-0.1246,-143.2,-1.4,0,0,4.39,1.16,163.73,0.0029,0.037,0.0787,-0.0221,0.0666,-0.71,-0.1277,-0.1017
401507355,2023,-1.0,187.0,-0.3401,-0.4283,-158.8,-7.967,0,0,-22.56,3.4,165.88,0.0018,0.0796,0.0742,-0.144,-0.01,0.07,0.3299,-0.9858
401507356,2023,-23.0,177.0,-0.2798,-0.2158,-127.9,-1.045,0,0,-14.56,-3.56,155.62,0.0089,-0.0065,-0.0063,-0.1121,0.0346,-2.18,0.2051,-0.5311
401507357,2023,11.0,147.0,0.1373,0.1566,-5.9,-1.588,1,0,8.4,1.5,163.76,-0.0401,-0.033,-0.0159,-0.0984,-0.01,-0.28,0.0552,0.1155
401507358,2023,7.0,185.0,0.3899,0.569,269.3,3.093,0,0,23.74,3.11,160.05,0.0011,0.1086,-0.0556,0.1175,-0.01,-0.91,0.2623,0.5694
401507359,2023,17.0,135.0,0.3931,0.4251,305.9,1.72,0,0,4.99,-3.55,161.49,-0.0003,-0.0201,-0.0106,0.0203,-0.0117,1.32,0.347,0.0893
401507360,2023,-5.0,155.0,0.1451,0.0564,51.0,-3.039,1,0,3.01,-3.09,161.73,0.0119,-0.0581,-0.0466,0.13,0.0657,0.75,0.3276,-0.2653
401507361,2023,5.0,179.0,0.1109,0.1688,48.5,-1.09,-2,0,5.29,0.13,162.79,-0.0126,-0.0251,-0.0506,0.0257,-0.0149,2.66,0.2864,-0.0336
401507362,2023,15.0,197.0,0.2562,0.3247,106.5,-5.472,1,0,5.72,3.62,164.63,-0.0243,0.0974,-0.0385,-0.0655,0.0038,1.47,0.7393,-0.4773
401507363,2023,-21.0,167.0,-0.6834,-0.6521,-370.1,-3.731,-2,0,-18.96,-7.13,159.6,0.0346,0.0155,-0.0573,-0.1307,0.0351,-3.77,0.0845,-0.9016
401507364,2023,-17.0,171.0,-0.1086,-0.0811,-93.3,5.219,0,0,2.04,-2.34,166.13,-0.0244,-0.1127,0.0177,-0.023,-0.0599,-3.65,-0.3869,0.3851
401507365,2023,-11.0,193.0,0.1487,0.1265,129.1,2.338,0,0,0.51,-3.94,160.47,0.0258,-0.008,0.0848,0.0016,-0.0032,0.02,-0.0314,0.2128
401507366,2023,15.0,159.0,-0.1804,-0.2072,-124.4,-3.433,0,0,-4.07,-0.01,163.05,-0.0015,-0.0092,0.0507,-0.0113,0.0138,1.07,-0.3565,0.1846
401507367,2023,-2.0,178.0,0.3203,0.3764,219.9,5.16,1,0,9.84,3.38,160.68,0.0193,0.1054,0.0077,0.0532,0.0053,0.79,0.0102,0.4806
401507368,2023,15.0,185.0,0.7401,0.7113,378.8,4.845,0,0,25.88,5.93,160.42,-0.024,-0.0318,0.0523,0.1368,-0.0269,4.46,-0.0656,0.9451
401507369,2023,-2.0,180.0,-0.0839,-0.0848,-6.4,1.253,-1,0,-4.74,2.63,159.6,0.0256,0.0707,0.0281,0.0481,-0.0129,-2.35,0.1195,-0.2764
401578549,2023,30.0,150.0,0.2838,0.3298,186.0,-0.797,0,0,2.79,-1.62,161.75,0.0012,-0.0238,0.037,0.0179,0.0244,2.51,0.3567,0.0135
401578550,2023,28.0,146.0,0.4685,0.4967,189.8,-0.434,0,0,7.32,-1.25,165.73,-0.0227,-0.0254,0.0853,0.0623,-0.0689,1.42,-0.3462,1.0287
401578551,2023,15.0,165.0,0.3281,0.396,206.7,3.498,0,0,8.17,3.77,159.85,0.0209,0.1046,0.0038,0.0621,-0.0153,0.78,0.1545,0.2655
401578552,2023,12.0,176.0,0.1924,0.1006,121.2,-4.381,0,0,5.6,2.2,167.22,0.0285,0.1059,-0.0223,0.0299,0.0333,3.28,0.2614,-0.2064
401578553,2023,-7.0,157.0,0.3654,0.3936,198.8,0.63,0,0,14.13,-1.48,161.69,-0.0137,-0.0236,0.0164,0.025,0.0769,3.38,0.4442,0.0259
401578554,2023,22.0,162.0,0.4776,0.5867,201.7,0.439,0,0,21.71,-0.77,165.87,-0.0267,-0.0277,0.0926,0.052,-0.054,2.45,-0.2259,0.9634
401578555,2023,5.0,175.0,0.341,0.3458,213.7,2.626,0,0,8.91,3.69,158.62,0.0204,0.1015,0.0186,0.0698,0.0106,1.57,-0.1374,0.6029
401578556,2023,27.0,175.0,0.2222,0.1318,130.7,-3.965,0,0,12.05,1.8,169.39,0.0321,0.0966,0.0046,0.0098,0.0101,2.87,0.3576,-0.2688
401578557,2023,-15.0,165.0,-0.3092,-0.3315,-175.9,0.164,0,0,-14.64,0.66,159.79,0.0072,0.0313,-0.0233,-0.0115,-0.0594,-2.62,-0.4834,0.1778
401578561,2023,-15.0,141.0,0.273,0.3004,77.7,1.78,1,0,-3.3,4.18,161.45,-0.0041,0.0726,-0.0093,0.0703,-0.0743,0.52,-0.1089,0.5103
401578562,2023,14.0,180.0,0.2709,0.387,150.9,4.895,0,0,7.29,-3.13,167.55,-0.0485,-0.1291,0.0057,0.0915,-0.0016,0.42,-0.4397,0.9523
401578563,2023,7.0,161.0,0.1767,0.2404,43.6,0.684,0,0,-7.98,4.62,158.42,0.0072,0.0496,-0.0164,0.0712,-0.068,-0.31,0.0226,0.2493
401578564,2023,7.0,175.0,0.3779,0.4058,160.0,5.219,0,0,9.51,-2.94,166.2,-0.0291,-0.0902,-0.0217,0.0893,-0.0044,0.79,-0.2558,0.7721
401578565,2023,-11.0,173.0,-0.197,-0.1897,-53.7,-0.02,0,0,6.36,-3.8,157.46,-0.0214,-0.058,0.0168,-0.0755,0.0695,-0.7,0.4842,-0.891
401578566,2023,-3.0,125.0,-0.4188,-0.3972,-165.7,-5.819,0,0,-11.11,2.91,165.1,0.0156,0.0914,-0.0236,-0.0842,0.015,-0.56,0.4674,-1.0272
401578567,2023,-3.0,171.0,-0.2286,-0.3505,-76.9,-0.25,0,0,-4.26,-3.32,157.37,-0.0221,-0.0604,0.0094,-0.0793,0.0379,-0.53,0.1826,-0.4775
401578571,2023,17.0,181.0,0.068,0.1352,24.7,1.526,0,0,10.78,0.1,161.05,-0.0094,-0.0738,0.0475,-0.0307,-0.0005,1.86,0.1827,-0.0964
401578572,2023,28.0,180.0,0.1111,0.1786,43.8,2.064,0,0,14.69,0.15,160.83,-0.0065,-0.0617,0.0617,-0.0371,0.0136,2.46,0.1726,-0.0282
401578573,2023,14.0,160.0,-0.2213,-0.2668,-68.7,-3.646,0,0,-21.56,-0.46,160.34,0.0071,0.0491,-0.0466,0.0493,-0.0433,-1.94,-0.2211,-0.017
401578574,2023,-1.0,139.0,-0.1972,-0.2103,-44.0,-1.971,0,0,-11.55,-1.11,159.72,0.0019,0.0308,-0.044,0.0635,-0.0302,-0.93,0.0225,-0.0819
401649378,2024,11.0,173.0,-0.0994,0.005,-55.5,-1.924,0,0,-7.4,-4.19,161.98,0.0039,0.0232,0.0588,0.0116,-0.0587,-2.35,0,-0.0447
401653060,2024,3.0,155.0,0.2984,0.2999,153.4,-1.811,0,0,6.39,2.03,166.53,-0.0184,0.0699,-0.0465,0.0004,-0.0373,3.0,0.3043,0.0651
401647556,2024,-5.0,163.0,-0.1302,-0.0108,-12.2,2.213,0,0,-4.67,2.87,161.61,0.0335,0.0319,0.0276,0.0593,0.0224,-3.59,0,0.064
401653631,2024,3.0,171.0,-0.1896,-0.1082,-43.2,-0.269,0,0,-8.61,5.43,163.87,0.0199,0.0204,0.0883,-0.0803,0.0009,-0.67,-0.2167,0.11
401649379,2024,48.0,154.0,-0.4334,-0.5768,-138.7,-0.952,1,0,-5.05,3.45,162.59,0.0304,-0.024,-0.0177,-0.0805,0.0372,0.29,-0.348,-0.1707
401649380,2024,26.0,144.0,0.0946,0.0796,55.4,4.237,0,0,5.99,4.85,159.69,0.0112,0.0095,0.0833,0.1014,0.0173,3.58,-0.1639,0.4185
401653632,2024,-6.0,160.0,0.123,0.0811,23.3,-0.396,-1,0,1.73,1.34,159.79,-0.0392,-0.0185,-0.0184,0.0314,-0.0115,2.18,0.1349,-0.0339
401649560,2024,-3.0,161.0,0.1125,0.1562,-17.4,1.015,1,0,17.42,-2.03,158.16,-0.039,-0.0096,-0.0352,-0.0597,0.0734,0.34,0.1066,-0.2302
401653633,2024,3.0,163.0,-0.1095,-0.1118,-65.5,-2.435,0,0,6.28,-2.72,166.59,-0.0003,0.0058,0.0159,0.0174,0.0196,1.16,-0.0154,-0.1837
401653634,2024,-13.0,183.0,-0.1123,-0.0675,-94.7,-3.57,-2,0,-19.04,-2.46,157.21,-0.0043,-0.047,-0.0622,-0.0439,-0.0003,-5.32,0.0697,-0.2698
401620178,2024,-5.0,165.0,-0.0456,-0.2522,-131.8,-1.806,0,0,6.54,2.66,159.77,-0.0366,-0.03,0.0156,-0.0143,-0.0021,1.06,0.1619,-0.4177
401620219,2024,21.0,163.0,0.3172,0.3361,186.3,0.782,0,0,1.9,-5.45,160.56,-0.0428,0.0216,-0.136,0.0053,0.0324,-0.59,0.1024,0.258
401620220,2024,9.0,169.0,0.4205,0.4331,325.4,8.993,-1,0,37.14,2.72,158.78,-0.0118,0.0404,0.0695,0.0549,-0.0385,0.88,-0.0536,0.5863
401620221,2024,-13.0,153.0,0.0012,0.0189,-23.8,2.937,0,0,3.07,2.41,162.22,-0.0042,0.007,0.0034,0.0153,0.0282,-0.13,-0.2304,0.4275
401620222,2024,8.0,166.0,0.1568,0.2171,11.7,-3.467,0,0,-1.21,1.06,166.64,-0.0307,0.0531,0.0267,-0.0151,-0.0644,1.54,0.2321,-0.0043
401620223,2024,-11.0,173.0,0.0458,-0.1201,29.4,-2.145,0,0,11.45,-4.66,165.59,0.0152,0.0467,0.0408,0.0492,-0.0027,3.2,-0.1168,-0.0154
401620224,2024,-36.0,168.0,-0.3271,-0.4547,-227.0,-2.381,0,0,0.43,3.14,162.45,0.0151,-0.0214,0.0858,-0.0605,0.0369,0.48,-0.0144,-0.6452
401620225,2024,7.0,161.0,0.1082,0.2124,112.6,1.792,0,0,7.22,-3.42,160.62,-0.0069,0.034,-0.0298,-0.0582,0.0791,-1.21,0.1304,0.0291
401620226,2024,9.0,195.0,0.0394,0.0211,51.0,-2.28,0,0,6.33,-1.69,164.79,0.0013,-0.0177,0.001,0.012,0.0025,1.08,0.0357,-0.0258
401620227,2024,11.0,171.0,0.365,0.4987,253.8,2.677,0,0,12.72,-1.0,162.38,-0.022,0.0521,-0.075,0.0557,-0.0268,0.53,-0.04,0.7488
401620228,2024,7.0,171.0,0.3641,0.5264,222.0,5.332,1,0,15.42,-0.11,162.54,-0.0282,-0.0429,-0.0079,0.0198,-0.0429,-2.45,0.2898,0.2995
401620229,2024,-9.0,157.0,0.149,0.2015,24.2,-2.976,0,0,0.51,1.42,166.26,-0.0232,0.0494,-0.0087,-0.0234,-0.0405,2.46,0.0636,0.2208
401620230,2024,3.0,173.0,-0.0572,-0.0894,-103.1,-5.079,1,0,-12.12,-5.13,164.3,-0.001,-0.0287,-0.0663,0.0508,0.0112,-1.22,0.1503,-0.361
401620231,2024,-9.0,159.0,0.0546,0.0787,38.6,-2.444,0,0,-4.21,-4.89,168.74,-0.0291,-0.0111,-0.0629,0.0649,0.0191,-1.29,0.0496,0.0624
401620232,2024,-4.0,172.0,-0.3268,-0.4056,-215.5,-1.322,-1,0,-18.13,4.25,160.96,0.0621,-0.0324,0.0593,0.012,-0.0187,-0.84,-0.0381,-0.5164
401620233,2024,11.0,137.0,0.2323,0.4134,189.3,-0.281,1,-1,2.95,-5.54,168.32,-0.0089,0.0088,-0.0679,0.0917,0.0345,-1.19,0.1393,0.3337
401620234,2024,5.0,161.0,-0.0723,-0.0184,-84.4,1.875,0,0,-1.2,0.35,169.45,-0.0067,-0.1005,0.0604,0.0059,0.0461,-3.14,-0.2635,0.3439
401620235,2024,-10.0,186.0,0.4147,0.432,324.1,6.23,0,0,22.76,0.75,162.05,-0.0096,0.0323,0.0468,0.0443,-0.0528,-0.26,-0.0584,0.6209
401620236,2024,2.0,138.0,-0.143,-0.0473,5.8,0.172,1,0,5.93,-0.2,164.44,0.0158,0.0636,0.0557,-0.0625,0.0225,0.51,0.1366,-0.2868
401620237,2024,2.0,168.0,0.209,0.2206,69.4,3.566,0,0,13.14,3.86,168.02,-0.0116,0.0066,0.0204,-0.014,-0.0257,1.64,-0.1339,0.5094
401620238,2024,1.0,165.0,0.1236,0.0537,99.7,-0.356,-2,0,-0.14,-6.49,163.67,-0.0639,0.0746,-0.0393,-0.0512,-0.0246,-3.66,-0.0199,0.0807
401620239,2024,-9.0,171.0,0.3103,0.3843,95.1,-0.276,-2,0,9.14,-2.18,164.62,0.0115,-0.0419,0.013,0.1047,-0.037,-1.71,-0.0154,0.5046
401620240,2024,3.0,163.0,-0.0295,0.0166,-74.7,-2.422,0,0,0.54,-0.6,163.45,-0.032,-0.0122,-0.0044,-0.0315,0.0682,-1.91,0.0195,0.0351
401620241,2024,-5.0,151.0,0.035,0.0525,99.3,-0.625,1,0,13.21,1.21,162.87,0.0064,-0.0045,0.0481,0.0158,0.0575,1.44,-0.12,0.2112
401620242,2024,17.0,151.0,-0.1561,-0.0834,-131.3,-1.605,0,0,-2.47,3.88,167.27,0.0071,-0.0517,0.0323,-0.0376,0.0104,2.91,-0.0827,-0.0848
401620243,2024,-4.0,168.0,-0.1686,-0.197,-42.2,2.506,0,0,3.61,2.68,163.61,0.0309,0.0386,-0.0156,0.0082,-0.0009,1.34,0.0312,-0.3362
401620244,2024,19.0,179.0,0.4501,0.4979,298.5,3.235,3,-1,18.03,1.35,163.13,-0.0424,-0.0269,0.0318,0.0553,0.0232,-1.84,0.0009,0.642
401620245,2024,32.0,170.0,0.0511,0.0696,-6.7,4.022,1,0,1.17,2.33,167.7,-0.0092,0.048,0.0191,-0.1069,-0.0344,1.01,-0.0578,0.1933
401620246,2024,-15.0,199.0,0.0383,0.0682,-148.9,-1.771,-2,0,1.4,-1.81,166.47,-0.0188,-0.1218,0.0241,0.1233,0.0606,-2.3,0.0082,0.0877
401620247,2024,-13.0,171.0,-0.0826,-0.1917,-43.7,1.371,4,-1,-6.3,-0.78,168.32,-0.031,0.0284,0.0458,-0.0689,0.0394,-4.54,-0.1799,0.0308
401620248,2024,-1.0,167.0,-0.1585,-0.1585,-86.4,-0.94,1,-1,-4.73,-2.44,166.89,0.0299,-0.1013,0.0782,0.0746,0.0117,-1.98,-0.2515,0.1424
401620249,2024,23.0,117.0,0.1066,0.0458,226.7,2.642,0,0,8.53,-4.33,163.93,-0.0086,0.1035,0.0169,-0.14,-0.0259,-0.81,0.0262,0.1076
401620250,2024,-6.0,170.0,-0.0695,-0.093,-79.6,-0.428,1,0,-2.45,-1.41,163.85,-0.0141,-0.0134,-0.0654,0.0035,-0.0235,-0.26,-0.0647,0.0176
401620251,2024,-9.0,145.0,-0.0819,-0.0479,86.5,-1.353,0,0,2.81,-2.57,166.58,-0.014,0.026,0.0022,-0.0294,0.0236,0.07,0.1071,-0.1998
401620252,2024,3.0,159.0,0.2802,0.3073,236.0,3.178,3,-1,9.83,-2.43,165.44,0.0191,0.0296,-0.0334,-0.0391,-0.0109,-0.52,0.3222,-0.0642
401620253,2024,-6.0,140.0,-0.1151,-0.0986,-19.0,-4.201,1,0,-10.4,-0.08,164.99,0.0255,-0.0039,-0.0582,0.0871,-0.0458,0.81,0.0461,-0.226
401620254,2024,-14.0,146.0,-0.1973,-0.1284,-157.0,-1.423,-1,0,-3.36,1.17,166.09,0.0546,-0.0066,0.0015,-0.0164,0.0323,5.32,-0.0535,-0.1049
401620255,2024,-15.0,191.0,-0.2341,-0.3027,-105.2,-5.149,0,0,-14.76,-2.85,165.92,-0.01,-0.0266,-0.0054,0.0646,-0.0088,-3.16,-0.16,-0.153
401620256,2024,10.0,156.0,0.0931,0.1292,71.8,2.429,0,0,-0.47,-1.23,164.9,-0.0186,0.0581,-0.0929,-0.0893,-0.0355,1.8,0.2707,-0.1824
401620257,2024,4.0,152.0,-0.3442,-0.3741,-227.8,-0.008,0,0,-7.48,0.36,165.23,0.038,0.0092,0.0311,-0.0933,0.0289,1.29,-0.2224,-0.158
401620258,2024,2.0,146.0,0.0425,0.0752,57.6,1.472,-2,0,6.3,-2.36,164.03,-0.0119,-0.0548,0.0288,0.0227,0.0119,-1.74,-0.1903,0.345
401620259,2024,11.0,169.0,0.3394,0.3518,184.8,2.628,0,0,9.83,-1.64,163.72,-0.0029,0.0232,0.0199,0.0037,-0.0261,0.93,0.1571,0.2144
401620260,2024,24.0,166.0,0.2714,0.2937,141.8,1.954,0,0,10.68,0.3,165.54,0.017,-0.0146,-0.0021,-0.0606,0.0503,2.71,0.3408,-0.1463
401620261,2024,1.0,141.0,-0.1568,-0.1977,-184.6,-5.068,0,0,-10.89,0.15,163.41,-0.0046,-0.0658,0.0071,0.1016,-0.0101,-3.58,-0.169,0.0193
401620262,2024,-19.0,119.0,-0.0807,-0.1137,-141.3,1.639,0,0,-7.02,2.98,162.01,0.0189,-0.0837,0.0235,0.0432,0.0944,-0.6,0.0917,-0.2894
401620263,2024,36.0,172.0,0.3684,0.4559,252.0,2.959,1,-1,6.96,0.42,162.13,0.0197,0.0121,0.0239,0.0574,-0.019,1.74,0.1214,0.3867
401620264,2024,11.0,163.0,0.1473,0.1114,-27.4,0.89,0,0,7.85,0.97,163.34,0.0107,-0.124,0.0275,0.1401,0.0581,2.3,-0.4125,0.5784
401620265,2024,19.0,155.0,0.0342,0.094,-93.7,-2.849,-1,0,-11.37,-1.44,165.15,-0.0282,-0.0199,-0.1099,0.092,-0.0344,0.82,-0.1119,0.308
401620266,2024,17.0,135.0,0.2499,0.2883,201.2,5.946,-2,0,21.69,-2.19,161.56,-0.0338,0.0762,0.043,-0.1197,-0.0294,0.26,-0.1101,0.5787
401620267,2024,-13.0,163.0,-0.2433,-0.2806,-82.2,2.094,1,0,-6.43,0.17,162.79,0.0048,0.07,-0.0228,-0.1746,-0.0076,1.36,0.0424,-0.3829
401620268,2024,18.0,142.0,0.1968,0.0673,105.2,4.606,3,0,18.29,2.16,166.31,-0.0095,0.0251,-0.0249,-0.1636,-0.016,2.85,0.3054,-0.3982
401620269,2024,-14.0,176.0,-0.3101,-0.3385,-142.7,-2.992,-2,0,-6.26,-0.76,165.29,0.052,0.1313,-0.044,-0.1477,-0.0111,2.66,-0.0967,-0.2464
401620270,2024,-24.0,148.0,-0.427,-0.3898,-87.2,0.003,0,0,-16.86,-0.43,165.34,0.0331,0.0044,0.1228,-0.0136,-0.0229,-5.75,-0.1926,-0.3018
401620271,2024,-8.0,150.0,-0.0669,-0.1164,-106.0,-6.43,0,0,-10.27,-1.75,162.28,0.0264,-0.0938,-0.0449,0.1735,0.005,-3.61,-0.0267,-0.1743
401620272,2024,-17.0,139.0,-0.2385,-0.3155,-173.5,0.106,2,0,-15.16,-0.87,163.1,0.0008,-0.0391,0.0293,-0.1262,0.0349,-0.42,0.1407,-0.4807
401620273,2024,-2.0,168.0,0.1726,0.1739,53.6,1.218,-4,1,1.59,0.57,162.43,0.0492,-0.0196,0.007,0.0081,-0.001,0.17,0.3295,-0.2299
401620274,2024,-13.0,143.0,0.1895,0.2143,198.5,-0.786,-1,0,-8.4,-1.15,167.61,-0.0347,-0.0373,0.0028,0.1015,-0.0125,-4.17,0.1349,0.0886
401620275,2024,9.0,153.0,-0.212,-0.1784,-104.7,-0.254,0,0,-7.46,0.25,165.07,0.0201,-0.1076,0.1148,0.1106,0.0322,-2.24,-0.0378,-0.2433
401620276,2024,1.0,161.0,-0.3971,-0.372,-173.3,-4.242,1,0,-21.8,-0.01,165.23,-0.0064,-0.0075,0.0322,0.052,-0.0753,-3.34,-0.7182,0.3813
401620277,2024,-7.0,157.0,-0.1104,-0.1314,-13.5,1.196,2,0,-3.11,-3.06,160.55,-0.0029,0.0269,0.065,-0.1571,-0.0083,-0.84,-0.5691,0.5403
401620278,2024,-9.0,169.0,-0.0401,-0.0563,85.3,0.547,0,0,7.79,3.0,163.18,-0.0,0.1089,-0.0204,-0.0884,-0.046,1.49,0.0864,-0.1878
401620279,2024,5.0,181.0,0.514,0.5142,246.3,5.037,-1,1,24.72,-0.82,162.51,-0.0433,-0.0197,0.0131,0.0385,0.0118,2.0,0.1389,0.4051
401620280,2024,-7.0,187.0,-0.0094,-0.031,139.6,0.976,0,0,-2.94,0.2,164.9,0.0122,0.1185,-0.0532,-0.175,-0.0385,-0.06,-0.2145,0.2578
401620281,2024,19.0,147.0,0.1031,0.1127,33.0,-2.356,0,0,-7.59,-2.42,167.52,0.0049,-0.0163,-0.0594,0.11,0.0661,-0.49,0.2412,-0.1596
401620282,2024,4.0,188.0,-0.5149,-0.4707,-240.6,-2.531,0,0,-12.3,-1.02,166.53,0.0571,0.0299,0.0525,-0.0428,-0.0076,-1.97,-0.0509,-0.544
401620283,2024,17.0,161.0,0.4249,0.4249,255.5,5.971,-1,0,20.68,-1.82,160.16,-0.0009,0.0446,0.0922,-0.1446,-0.0347,-0.25,0.1003,0.4092
401620284,2024,-19.0,155.0,0.1368,0.1146,57.0,5.473,1,0,4.41,-1.72,161.34,-0.036,0.0085,0.0744,-0.1048,-0.0021,3.48,-0.0525,0.2329
401620285,2024,-14.0,186.0,0.0013,-0.0343,114.2,-1.233,0,0,-14.5,1.85,165.24,-0.0461,-0.0401,0.0487,0.0068,-0.0874,-1.4,-0.0713,0.0827
401620286,2024,16.0,174.0,0.2658,0.21,57.5,3.598,0,0,12.67,1.29,166.81,-0.0339,0.0124,-0.0724,-0.0617,0.0001,5.52,-0.0771,0.4206
401620287,2024,-8.0,158.0,-0.1967,-0.3322,-100.7,-0.295,2,0,-11.26,4.92,161.02,0.0208,0.0122,-0.0383,-0.051,-0.0461,2.65,0.0954,-0.5601
401620288,2024,7.0,175.0,-0.2555,-0.2615,-80.5,-4.58,1,0,-4.29,0.85,158.38,0.0075,0.0077,-0.0472,0.1003,0.0133,-2.03,-0.1893,-0.0749
401620289,2024,-8.0,176.0,-0.2013,-0.2148,-0.3,-4.546,2,0,-16.65,2.01,167.43,0.0411,0.0692,-0.0275,-0.0437,-0.0575,-2.63,0.0505,-0.3198
401620290,2024,-4.0,202.0,-0.2918,-0.2738,-260.0,-1.776,2,0,2.92,1.58,168.05,0.0474,0.0473,-0.0352,0.0142,-0.027,0.93,-0.0078,-0.3296
401620291,2024,2.0,164.0,-0.0487,-0.0258,-89.6,-4.829,1,0,3.82,-0.96,162.21,0.0006,-0.0872,-0.0707,0.2007,0.0631,-4.24,0.0989,-0.1816
401620292,2024,5.0,157.0,0.5135,0.5436,135.1,2.571,0,0,22.0,-2.22,162.22,-0.0275,-0.0338,-0.1052,0.0422,0.1303,3.01,0.1701,0.5457
401620293,2024,-18.0,152.0,-0.2044,-0.2244,-132.1,-4.065,-1,0,-19.9,6.07,162.5,0.0411,0.0314,-0.1138,0.0002,-0.0147,1.57,0.1322,-0.5138
401620294,2024,-8.0,172.0,-0.0348,-0.024,1.3,-2.811,-3,0,-17.17,2.19,163.73,-0.0328,-0.0415,0.0422,-0.004,0.021,-0.5,0.135,-0.1562
401620295,2024,9.0,165.0,-0.1673,-0.1957,-130.9,-5.457,0,0,-6.31,2.99,166.89,0.0319,-0.0489,0.0288,0.1195,-0.0318,-3.38,0.1897,-0.4794
401620296,2024,8.0,174.0,-0.1999,-0.2465,-138.9,-5.513,1,0,-3.19,-1.13,161.61,-0.0266,-0.0529,-0.0403,0.2016,0.035,-1.84,-0.1472,-0.1253
401620297,2024,13.0,161.0,0.1005,0.1345,-0.3,1.461,1,0,-3.99,-4.19,161.24,-0.044,-0.0137,-0.0257,-0.0335,0.0238,0.93,0.0477,0.1164
401620298,2024,12.0,168.0,0.4474,0.4877,87.7,2.733,1,0,23.11,-3.02,162.47,-0.0203,-0.1029,-0.0102,0.1501,0.1727,3.56,-0.2665,0.9185
401620299,2024,9.0,149.0,0.303,0.3269,218.7,3.161,1,0,16.28,-4.39,160.14,-0.0324,0.0329,0.0178,-0.097,0.0128,0.59,-0.1851,0.7566
401620300,2024,6.0,192.0,-0.2759,-0.2759,-264.2,-3.172,-1,0,-9.55,3.96,165.38,0.0181,-0.0226,0.0067,-0.0348,-0.0455,0.58,0.1574,-0.4779
401620301,2024,7.0,169.0,-0.185,-0.1361,-49.1,-1.926,-2,0,-7.32,-1.49,161.33,-0.0251,0.02,0.0297,-0.0254,0.0111,1.15,-0.2392,0.1444
401620302,2024,13.0,123.0,0.3884,0.3648,137.5,-0.894,-1,0,13.26,0.97,157.73,0.0092,-0.0379,-0.0478,0.0828,0.0865,3.94,0.2696,0.1412
401620303,2024,11.0,177.0,0.0912,0.0959,135.1,-3.558,1,0,-8.06,0.49,165.19,-0.0027,-0.076,0.0441,0.1282,0.0315,-5.51,0.1473,-0.0964
401620304,2024,11.0,155.0,-0.017,0.0143,17.7,1.78,1,0,6.86,-1.26,163.58,-0.0221,-0.0214,0.065,-0.0576,0.0318,1.52,-0.2252,0.3836
401620305,2024,13.0,173.0,0.4672,0.5409,231.7,1.504,0,0,13.5,-0.01,163.08,-0.041,-0.005,-0.0877,0.1004,0.057,1.9,-0.2865,0.9125
401620306,2024,-12.0,170.0,0.1078,0.0672,50.4,6.324,0,0,-5.79,-1.39,157.11,-0.0117,0.0078,0.0285,-0.085,-0.0562,0.84,0.2422,-0.2339
401620307,2024,11.0,159.0,0.1532,0.1583,2.8,-3.56,-1,0,-11.05,6.27,159.13,-0.0057,-0.1199,-0.0157,0.1731,0.032,-0.04,0.5191,-0.4222
401620308,2024,28.0,166.0,0.0368,-0.0355,-51.9,-2.409,1,0,12.71,-0.46,162.65,-0.0103,-0.0842,0.0067,0.1513,0.0593,-1.1,0.0908,-0.2224
401620309,2024,10.0,186.0,0.5101,0.5735,237.3,1.299,0,0,16.63,0.66,162.97,-0.042,-0.0147,-0.0672,0.1171,0.0749,2.02,-0.1485,0.7593
401620310,2024,13.0,133.0,0.2381,0.2266,174.5,4.395,-1,0,8.28,-5.12,163.81,-0.0307,0.0234,-0.0079,-0.0293,0.0581,2.69,-0.155,0.4539
401620311,2024,-21.0,171.0,-0.397,-0.5144,-235.8,2.759,1,-1,-13.84,-2.57,160.7,-0.0149,0.0093,0.1295,-0.1655,-0.1031,-1.18,0.2515,-0.8042
401620312,2024,8.0,176.0,0.0405,-0.0315,-14.5,-0.907,0,0,24.39,-0.56,164.15,-0.029,-0.074,0.0182,0.1306,0.0766,-1.09,-0.0718,-0.0097
401620313,2024,1.0,175.0,0.0495,0.0723,104.2,3.695,1,0,-6.91,2.19,160.3,0.0051,0.0624,0.0074,-0.1968,-0.0864,0.8,-0.0267,0.148
401620314,2024,11.0,133.0,0.001,0.0208,-132.7,-0.949,2,0,-10.28,6.17,160.15,0.0055,-0.0008,-0.0767,0.0576,-0.0359,4.34,0.0002,-0.0642
401677672,2024,-5.0,183.0,0.0684,0.1458,79.6,-3.632,-1,0,-1.43,2.04,161.11,0.0069,0.0147,-0.0409,0.0864,0.0042,-1.26,-0.3614,0.4204
401620315,2024,6.0,182.0,-0.4986,-0.5097,-149.6,-4.813,2,0,-24.89,2.21,162.34,0.0498,0.1018,-0.0024,-0.0523,-0.1185,-3.82,0.3525,-1.0117
401620316,2024,-3.0,185.0,-0.2154,-0.2654,-178.6,-5.105,0,0,8.96,4.8,157.99,0.0237,-0.0589,-0.0631,0.1989,0.0668,-1.13,0.1687,-0.5527
401620317,2024,-12.0,178.0,-0.3899,-0.3403,-148.9,1.752,-1,0,-2.55,-0.23,163.43,0.0183,0.0966,0.0116,-0.2052,-0.0518,-0.12,-0.2095,-0.1862
401620318,2024,12.0,166.0,0.2764,0.3224,117.5,5.353,0,0,-3.85,3.03,161.87,-0.0062,0.0433,-0.0091,-0.1037,-0.1093,4.92,0.2689,0.074
401620319,2024,-4.0,152.0,0.2519,0.2258,214.9,-0.557,-4,1,9.77,-1.14,157.86,0.0051,0.0038,-0.0111,-0.0231,0.0539,0.87,-0.2559,0.7004
401620320,2024,14.0,170.0,0.1827,0.2231,-11.2,0.25,0,0,10.53,3.74,165.85,-0.0143,-0.0516,-0.0852,0.0537,0.0237,1.46,0.1395,0.1729
401620321,2024,-11.0,165.0,-0.4618,-0.4528,-222.1,-0.863,0,0,-1.1,1.58,165.03,0.0434,0.0135,-0.0844,0.0296,0.0471,-2.18,-0.1392,-0.4181
401620322,2024,21.0,173.0,0.3456,0.3412,65.8,4.654,0,0,12.56,0.6,163.53,-0.0476,-0.0719,0.0045,-0.0054,-0.033,6.07,-0.2202,0.7558
401620323,2024,6.0,156.0,0.4106,0.404,235.7,-1.902,3,0,12.97,2.67,160.56,0.0236,0.0018,-0.1259,0.1748,0.1139,-0.58,-0.0548,0.6038
401620324,2024,-8.0,132.0,-0.4354,-0.4001,-89.6,-1.717,0,0,-8.72,1.56,161.05,-0.0002,0.0714,0.0648,-0.1741,-0.1333,-3.23,-0.421,0.035
401620325,2024,-6.0,170.0,0.075,0.0637,21.0,0.82,-1,0,0.96,5.54,163.89,0.0061,-0.0132,-0.0121,0.01,-0.064,1.63,-0.1166,0.1845
401620326,2024,-11.0,155.0,-0.1721,-0.2079,-214.1,-2.904,-2,1,4.56,6.25,164.08,0.0155,-0.0434,-0.0918,0.1168,-0.0008,0.16,0.0984,-0.4717
401620327,2024,24.0,166.0,0.3718,0.3718,84.1,4.068,0,0,18.68,-0.15,164.1,-0.0448,-0.0447,0.0501,0.0003,-0.0475,5.55,-0.2542,0.9052
401620328,2024,9.0,143.0,-0.007,-0.0045,63.5,-4.219,0,0,2.36,0.51,161.45,-0.0018,0.0291,-0.0286,0.0934,0.0076,-2.95,-0.2611,0.3518
401620329,2024,-8.0,162.0,-0.0503,0.0431,-68.5,1.154,0,0,-5.24,-3.38,160.87,0.0037,-0.0428,0.0407,0.0745,0.0185,0.24,0.2785,-0.3292
401620330,2024,19.0,157.0,0.4317,0.4526,267.4,1.128,1,0,6.29,1.71,160.94,-0.0293,-0.05,0.0462,0.0209,-0.0437,0.85,0.2057,0.1951
401620331,2024,-2.0,162.0,-0.1248,-0.1237,-29.9,-0.853,1,0,-13.97,-2.02,164.26,0.0028,0.0377,0.0686,-0.078,-0.0756,1.52,-0.1568,0.0461
401620332,2024,-8.0,200.0,-0.1408,-0.1071,37.6,0.074,0,0,-12.61,-2.01,164.61,0.0364,0.1104,-0.017,-0.0722,0.0402,-0.29,0.4657,-0.8358
401620333,2024,-5.0,151.0,0.1337,0.0982,-35.3,2.32,-1,0,2.67,1.94,156.88,-0.0002,-0.0779,-0.1146,0.0922,0.057,2.2,-0.0761,0.3297
401620334,2024,21.0,175.0,0.4373,0.4943,231.8,1.775,0,0,9.76,-0.63,163.17,-0.0333,0.0022,0.1102,-0.0257,-0.0757,2.32,0.2413,0.3049
401620335,2024,3.0,167.0,-0.0941,-0.0231,14.8,-5.149,-1,0,-3.45,0.78,159.52,0.0159,0.0532,-0.027,0.0075,0.0216,0.26,0.4412,-0.6568
401620336,2024,5.0,191.0,-0.5095,-0.5379,-276.2,-2.986,2,-1,-24.68,-1.22,161.26,0.0339,0.0233,0.0005,-0.0275,-0.0157,-0.5,0.0431,-0.7705
401620337,2024,-4.0,172.0,0.2209,0.3628,41.2,1.512,1,0,13.28,1.09,163.81,-0.0024,-0.0215,0.0184,0.0937,-0.0106,5.54,0.1391,0.2565
401620338,2024,5.0,161.0,-0.4792,-0.5161,-264.9,-2.1,0,0,-11.82,-0.47,161.12,0.0247,0.0136,0.0643,-0.0835,0.0001,-1.22,-0.3797,-0.1645
401620339,2024,7.0,141.0,0.3978,0.3129,145.4,7.666,0,0,4.23,-3.36,161.45,-0.0087,0.0169,-0.0146,-0.0282,-0.0417,3.73,0.1244,0.2855
401620340,2024,13.0,147.0,0.249,0.3372,226.4,-1.409,1,0,7.95,-3.76,158.45,-0.029,0.028,0.0206,0.0189,0.0172,1.47,0.0178,0.4549
401620341,2024,19.0,189.0,0.47,0.5058,238.3,4.683,0,0,19.58,0.31,163.29,-0.0301,-0.1176,0.0117,0.0931,0.0441,-1.31,0.0349,0.4927
401620342,2024,13.0,155.0,0.1562,0.2835,25.8,0.639,0,0,13.17,1.68,162.66,0.001,-0.0365,0.0308,0.0933,-0.0524,5.7,0.1728,0.1201
401620343,2024,-6.0,162.0,-0.1661,-0.1654,-0.1,0.076,-2,0,-4.61,-0.82,164.28,0.0121,0.0229,0.0443,0.0035,0.0324,-0.84,-0.2756,0.198
401620344,2024,-15.0,149.0,-0.4202,-0.3216,-184.8,-6.436,-1,0,-4.15,3.16,160.31,-0.015,-0.0112,0.096,-0.0177,-0.0327,-3.11,-0.082,-0.3856
401620345,2024,-3.0,139.0,-0.1717,-0.2264,-19.2,1.222,-1,0,1.8,-4.57,156.91,0.0066,0.0391,0.1055,-0.196,-0.0148,0.33,-0.0931,-0.0721
401620346,2024,-5.0,173.0,0.0541,0.0327,-25.4,0.972,0,0,4.3,-2.06,161.53,-0.0164,0.0649,0.0411,-0.0486,-0.042,0.6,-0.2243,0.3326
401620347,2024,9.0,147.0,0.1462,0.2035,93.5,-0.427,0,0,1.78,1.19,160.15,-0.0458,0.0484,-0.0596,-0.0333,-0.0125,1.18,-0.1788,0.4802
401620348,2024,-5.0,163.0,-0.1466,-0.1431,-131.8,1.649,0,0,-0.14,-0.47,165.19,0.0012,0.0637,0.0331,-0.0944,-0.0919,4.22,-0.1714,0.066
401620349,2024,16.0,184.0,0.0993,0.0609,-7.0,2.118,0,0,15.42,-0.21,164.7,-0.0226,-0.0945,0.0377,0.0718,-0.0067,-1.57,-0.425,0.577
401620350,2024,15.0,167.0,0.3446,0.3779,159.5,-1.641,0,0,1.41,-1.86,160.56,0.0034,-0.0892,-0.0195,0.2413,0.0196,-1.61,0.101,0.2589
401620351,2024,-14.0,154.0,-0.6088,-0.6011,-277.4,0.811,0,0,-19.22,-2.62,163.43,0.0482,0.0614,0.016,-0.1626,-0.0469,-0.88,-0.0519,-0.6885
401620352,2024,9.0,181.0,-0.0954,-0.1434,-28.4,0.662,0,0,-8.62,0.13,161.38,0.0287,0.0377,-0.0473,0.0155,0.0009,0.09,-0.7654,0.7095
401620353,2024,28.0,154.0,-0.023,0.0826,-61.0,-0.975,-1,0,4.59,5.24,160.86,-0.0112,0.032,0.1128,-0.077,-0.1322,1.2,-0.0598,0.1376
401620354,2024,-14.0,148.0,-0.4072,-0.3796,-168.6,0.827,0,0,-8.16,2.23,159.46,0.0021,0.0948,-0.0244,-0.241,-0.0365,-0.44,-0.2774,-0.0052
401620355,2024,-6.0,168.0,0.0731,0.0514,23.2,-2.628,-1,0,-6.17,0.74,163.31,0.012,0.087,-0.0249,-0.068,0.0272,1.81,0.2416,-0.2594
401620356,2024,27.0,165.0,0.1628,0.1235,208.5,3.439,2,0,2.26,-4.97,156.82,-0.0045,0.0672,-0.0226,-0.0824,-0.0017,-1.49,-0.0569,0.2116
401620357,2024,-12.0,166.0,-0.5514,-0.5439,-240.2,-4.423,2,0,-16.63,0.12,166.43,0.0518,0.0371,-0.0481,0.0087,0.0224,-2.6,-0.1494,-0.5025
401620358,2024,11.0,151.0,0.4706,0.4955,158.9,2.36,0,0,21.23,1.46,163.97,-0.0381,0.0192,0.0246,0.0771,0.0052,2.93,-0.1675,0.8739
401620359,2024,-7.0,155.0,0.1941,0.2802,166.2,4.803,0,0,-4.16,-3.67,159.83,-0.0144,-0.0362,-0.0426,0.01,0.0467,0.89,0.526,-0.2457
401620360,2024,-9.0,183.0,-0.0759,-0.1212,20.0,-0.807,0,0,-3.58,2.66,163.22,0.0231,-0.0266,-0.0772,-0.0012,0.0818,-1.62,-0.2157,0.0883
401620361,2024,-6.0,172.0,-0.4262,-0.4256,-155.3,-5.912,1,0,-11.97,-1.49,164.24,0.0118,-0.0643,-0.0022,0.0344,0.0703,-3.94,0.0376,-0.6887
401620362,2024,8.0,156.0,0.1981,0.07,40.0,-1.76,1,0,-3.3,1.84,154.33,-0.0213,-0.1107,-0.0638,0.1481,-0.0055,1.62,0.0741,-0.0362
401620363,2024,-8.0,178.0,0.5229,0.5471,199.5,-0.392,-1,0,16.19,3.26,162.53,-0.0128,-0.12,0.0847,0.1764,0.0114,1.79,0.4452,0.0836
401620364,2024,7.0,165.0,0.2916,0.3327,173.5,1.603,0,0,5.89,-3.8,159.71,-0.0148,-0.0224,-0.0575,0.1838,0.1149,1.05,-0.0106,0.4452
401620365,2024,8.0,194.0,-0.0501,-0.0742,-14.2,-3.271,1,0,-10.03,1.35,163.94,0.0019,0.0352,0.0365,-0.1069,0.0219,0.43,0.2103,-0.2746
401620458,2024,8.0,226.0,-0.3001,-0.3218,4.5,0.0,0,0,16.0,-4.32,166.48,-0.0893,0.0873,-0.0518,0.0869,0.0167,3.0,0,-0.2469
401620366,2024,-20.0,150.0,-0.0884,-0.0739,73.3,5.633,0,0,-2.86,1.38,160.35,-0.0008,0.0705,-0.1084,-0.1531,-0.0035,-1.01,-0.1925,0.0352
401620367,2024,11.0,147.0,0.2127,0.2527,141.9,6.426,0,0,6.88,-4.55,161.21,-0.017,0.0417,0.0036,0.0247,-0.0331,2.89,0.146,0.1597
401620368,2024,-35.0,171.0,-0.486,-0.509,-285.1,-3.765,0,0,-11.11,3.39,159.61,0.0288,0.0297,0.0484,-0.0969,-0.0139,-2.13,-0.2448,-0.4433
401620369,2024,2.0,164.0,-0.419,-0.315,-174.7,-1.999,0,0,-21.19,-1.08,163.54,0.045,-0.0271,-0.0442,-0.0974,0.0023,-4.23,0.2222,-0.7104
401620370,2024,9.0,187.0,-0.1655,-0.1902,-35.1,0.201,4,-1,-1.21,4.52,160.22,0.0327,0.0435,-0.0664,0.028,-0.0798,-1.21,-0.3877,0.253
401620371,2024,-18.0,200.0,-0.1968,-0.401,-216.5,-5.526,0,0,-11.93,6.19,160.46,0.0224,-0.0076,-0.037,-0.0257,0.0443,1.42,-0.9087,0.617
401620372,2024,-16.0,182.0,-0.3455,-0.3333,-150.0,-6.422,0,0,-7.53,3.59,162.72,0.0196,-0.0486,-0.0037,-0.0167,0.0287,-1.76,0.1734,-0.6703
401620373,2024,-12.0,146.0,0.0555,0.0622,-14.9,-1.124,3,0,-8.84,4.4,162.56,-0.001,-0.0315,0.0345,-0.0703,-0.0261,0.52,0.2882,-0.3683
401620374,2024,-4.0,176.0,-0.0974,-0.0834,-94.6,-2.888,0,0,-5.19,2.54,162.17,0.023,-0.0846,0.1138,0.131,0.0129,-0.87,0.1322,-0.3463
401620375,2024,12.0,152.0,-0.1742,-0.2831,-244.9,0.982,0,0,-16.69,2.35,160.46,0.0545,-0.0227,-0.04,-0.0733,-0.0528,-0.01,-0.5289,0.3383
401620376,2024,16.0,158.0,0.5559,0.5736,282.9,4.203,0,0,12.17,0.07,165.43,-0.0217,-0.0798,-0.0498,0.0367,0.0002,3.76,0.5876,-0.1702
401620377,2024,17.0,167.0,-0.3668,-0.3846,-135.3,-5.4,0,0,-4.56,-0.01,165.47,0.0244,0.0031,-0.0555,0.0815,0.03,-3.7,-0.2011,-0.2171
401620378,2024,18.0,154.0,0.1721,0.1821,-46.2,-3.865,1,-1,4.46,-2.17,158.27,-0.0021,-0.1178,0.1164,0.2006,0.0343,0.96,0.6634,-0.5748
401620379,2024,8.0,130.0,0.2555,0.3572,246.1,4.223,0,0,15.58,-4.31,163.2,-0.0146,0.071,0.0218,-0.0445,0.0117,0.45,0.7905,-0.663
401620380,2024,20.0,168.0,0.4175,0.3777,299.2,7.472,-1,0,26.82,-5.07,162.71,-0.0384,-0.0834,-0.0703,0.156,-0.0121,-0.05,-0.408,0.9144
401620381,2024,-6.0,160.0,-0.3371,-0.3627,-130.6,-6.484,1,0,-12.48,-0.14,166.59,0.0342,-0.0647,-0.0379,0.0647,0.1057,-3.52,0.1412,-0.6346
401620382,2024,9.0,135.0,-0.0561,-0.0965,-45.3,4.843,0,0,-5.87,4.05,159.03,0.0483,0.0424,-0.0402,-0.1566,-0.0903,-1.11,-0.6165,0.6452
401620383,2024,-11.0,185.0,0.1443,0.0474,83.8,-2.19,-1,0,2.09,3.76,163.32,-0.0199,-0.1032,0.0249,-0.0218,-0.0265,3.59,0.0168,-0.0174
401620384,2024,8.0,150.0,0.439,0.4271,304.3,6.95,0,0,29.0,-4.65,164.03,-0.0464,-0.0459,-0.0697,0.1377,-0.0229,0.01,-0.1998,0.8483
401620385,2024,-2.0,162.0,-0.0029,-0.0456,-28.3,4.828,0,0,-2.76,3.18,157.5,0.0315,0.0741,-0.0232,-0.1236,-0.0946,-1.3,-0.507,0.5729
401620386,2024,2.0,162.0,0.2766,0.296,152.4,0.797,-2,0,14.07,-0.52,158.98,0.0106,-0.0457,0.092,0.0938,0.0364,1.62,0.8569,-0.8183
401620387,2024,6.0,154.0,0.1222,0.1189,28.1,-0.78,0,0,2.77,-0.1,167.63,0.0085,-0.012,-0.0366,0.033,0.0862,-0.48,0.4002,-0.4678
401620388,2024,13.0,161.0,-0.1161,-0.1036,-55.8,3.41,0,0,9.55,-3.89,161.17,0.0157,0.0895,-0.0168,-0.0006,0.0521,-3.86,-0.2241,0.275
401620389,2024,-8.0,136.0,0.1779,0.261,80.6,1.186,1,-1,14.44,-0.08,159.77,-0.0047,-0.0084,-0.0816,0.1201,0.0044,0.24,0.0054,0.3021
401620390,2024,10.0,170.0,0.3255,0.4428,168.7,4.13,-4,1,4.6,-3.25,161.68,-0.0011,-0.024,0.0195,-0.0215,0.0961,0.84,0.4416,0.0117
401620391,2024,-2.0,152.0,-0.4439,-0.4545,-168.6,2.912,0,0,-0.09,-2.43,162.41,0.0033,0.1919,-0.0328,-0.1881,-0.0617,-3.41,-0.4867,0.0964
401620392,2024,3.0,223.0,0.1252,0.072,30.2,-1.766,1,0,3.26,-1.85,169.22,-0.003,0.0567,0.0305,-0.0556,0.0646,0.24,0.3211,-0.4101
401620393,2024,-5.0,163.0,-0.0235,-0.0235,-22.9,5.167,1,0,0.33,-2.14,162.27,-0.0038,-0.034,0.077,-0.1266,-0.0155,0.24,-0.1539,0.2553
401620394,2024,-14.0,154.0,-0.3872,-0.3895,-245.8,-3.289,1,0,-7.83,-2.25,156.63,-0.0049,-0.067,0.0622,-0.0587,0.0539,-2.15,0.0015,-0.491
401620395,2024,-2.0,146.0,0.2749,0.3598,138.4,5.767,2,0,6.58,0.24,168.72,-0.0337,0.0367,0.0512,-0.0428,-0.0927,2.05,-0.1223,0.5854
401620396,2024,3.0,183.0,-0.4114,-0.4076,-239.1,-4.464,0,0,-3.29,2.35,166.03,0.0363,0.1519,0.0723,-0.0812,0.0009,-1.65,-0.0737,-0.4245
401620397,2024,4.0,164.0,-0.2224,-0.1667,-196.4,-3.249,-2,0,-2.02,1.96,163.24,0.0288,0.0454,-0.1265,0.1225,0.0165,-2.35,-0.2087,-0.0521
401620398,2024,-4.0,144.0,-0.0574,-0.0541,53.0,5.1,1,0,-2.99,-3.47,164.34,-0.0471,0.0927,-0.0078,-0.1886,-0.0117,-1.71,-0.2976,0.2668
401620399,2024,6.0,182.0,-0.4912,-0.4077,-335.5,-6.61,1,0,-15.85,5.15,165.49,0.0288,-0.0556,0.0414,-0.0785,-0.0351,-1.78,-0.5685,0.2988
401620400,2024,-13.0,165.0,-0.3366,-0.3198,-165.7,-3.199,-2,0,-15.08,-1.09,156.54,0.0021,-0.0574,-0.0032,-0.0247,-0.0624,-0.37,0.1509,-0.6178
401620401,2024,4.0,166.0,0.2758,0.2468,136.9,-1.24,0,0,-4.5,4.38,163.62,0.0002,-0.0239,-0.0106,0.0107,-0.0419,4.37,0.1432,0.1176
401620402,2024,-19.0,181.0,-0.0862,-0.1691,10.2,3.25,0,0,-8.94,-2.78,161.97,-0.0074,0.0321,0.0383,-0.2174,-0.0066,-1.23,-0.1606,0.0015
401620403,2024,18.0,170.0,-0.4014,-0.3732,-207.2,-7.551,1,0,-19.1,4.74,163.33,0.0037,0.0408,0.0329,-0.1012,-0.0795,-0.05,0.0957,-0.7273
401620404,2024,11.0,155.0,0.3928,0.4819,235.0,-4.227,1,0,-3.31,0.15,162.02,-0.0231,-0.1119,0.0201,0.0353,0.0389,3.37,0.3419,0.0855
401620405,2024,-13.0,183.0,-0.1213,-0.1482,-149.2,-0.15,0,0,-6.28,2.67,164.86,-0.0292,-0.0451,0.0076,-0.1221,-0.0514,0.72,-0.3749,0.2483
401620406,2024,-11.0,181.0,-0.2438,-0.2686,-208.2,-4.082,0,0,-1.71,1.46,163.93,0.0495,-0.0099,-0.0975,0.0753,0.0364,-0.96,-0.2522,0.0327
401620407,2024,7.0,179.0,-0.0101,-0.0646,103.8,-0.935,-1,1,9.37,-0.89,164.56,0.0206,0.005,0.0774,-0.0107,0.0602,0.05,0.1406,-0.217
401620408,2024,5.0,153.0,0.459,0.4852,158.2,0.73,0,0,13.67,0.35,159.82,-0.0048,-0.0773,0.0164,0.1944,0.0565,2.85,0.5313,-0.0349
401620409,2024,-7.0,193.0,-0.0378,0.07,-38.4,-2.132,0,0,-6.43,0.79,166.93,-0.0187,0.0341,0.0417,-0.1467,-0.013,0.28,0.5885,-0.6477
401620410,2024,-18.0,142.0,-0.0705,-0.0365,-21.4,-6.233,2,0,-0.9,5.16,164.99,0.0343,-0.0592,0.0446,-0.0028,0.0095,3.07,-0.1012,0.0844
401620411,2024,-18.0,176.0,-0.3056,-0.3376,-203.3,0.215,2,0,-2.92,-1.0,158.41,0.0525,0.0689,-0.0037,-0.0008,0.0021,-2.61,-0.0039,-0.3706
401620412,2024,-7.0,135.0,0.011,-0.045,111.4,-0.316,0,0,8.25,-0.8,164.75,0.0251,0.0084,0.115,-0.0334,0.0667,0.46,0.191,-0.2512
401620413,2024,-4.0,176.0,0.0341,0.0582,4.6,-0.715,-1,0,3.4,2.35,167.32,-0.0378,0.0775,0.067,-0.0843,-0.0016,-1.27,0.0827,-0.1118
401620414,2024,19.0,161.0,0.4926,0.5963,208.6,-2.921,0,0,11.36,0.08,158.89,-0.0584,-0.1824,0.006,0.1678,0.0186,4.9,0.3301,0.2963
401620415,2024,8.0,140.0,0.0445,0.0082,10.5,-5.692,0,0,-11.08,0.25,156.96,0.0357,-0.0657,0.0267,0.0297,0.0005,1.37,0.4523,-0.5602
401620416,2024,7.0,179.0,0.2233,0.1645,117.1,1.85,0,0,11.98,0.41,167.24,0.0063,0.0809,-0.0652,0.0672,0.0829,-0.52,-0.0548,0.2185
401620417,2024,7.0,147.0,0.1507,0.0931,160.6,1.876,3,0,6.49,-1.85,162.78,0.0449,0.1211,-0.0057,0.121,0.097,-2.56,0.1254,0.0207
401620418,2024,-13.0,167.0,0.014,0.0373,8.9,1.889,0,0,-7.41,-3.63,160.3,0.0062,-0.023,0.0874,-0.014,-0.044,-1.63,0.1589,-0.1901
401620419,2024,11.0,203.0,-0.0582,0.0484,-4.1,7.303,0,0,-3.75,-6.07,162.88,-0.009,-0.0611,-0.0612,0.0517,-0.0031,-1.99,-0.2696,0.3258
401620420,2024,-5.0,139.0,-0.111,-0.142,-21.7,0.934,0,0,-7.98,1.84,159.91,0.036,0.0559,0.0911,-0.105,0.001,0.02,0.0072,-0.2351
401620421,2024,-11.0,187.0,-0.2693,-0.3309,-121.2,-4.198,-3,0,4.82,4.61,163.72,0.0214,0.017,0.0113,0.0006,0.0072,-0.23,-0.4345,0.1002
401620422,2024,14.0,170.0,0.0656,0.1046,78.3,3.913,1,0,-4.56,-4.76,164.27,0.0253,0.1306,-0.0049,-0.1207,0.0147,-3.34,0.1697,-0.2637
401620423,2024,24.0,156.0,0.3622,0.3622,119.7,2.739,0,0,6.31,2.33,160.69,-0.0493,-0.0111,-0.062,-0.0881,-0.049,3.28,0.0346,0.372
401620424,2024,-7.0,149.0,-0.3775,-0.412,-173.7,-4.616,1,0,-1.23,1.05,161.44,0.0262,-0.0322,-0.0599,-0.0005,-0.0043,1.47,-0.3207,-0.0562
401620425,2024,4.0,204.0,0.0762,0.0676,54.0,-3.636,0,0,2.37,4.62,164.0,0.0464,-0.0038,-0.0174,0.0484,0.0659,0.82,0.1894,-0.1827
401620426,2024,4.0,146.0,0.0679,0.3456,44.5,2.806,1,0,-5.84,1.23,159.1,0.0459,0.1583,-0.0309,0.0415,0.035,-0.44,0.1218,0.3366
401620427,2024,15.0,169.0,-0.0803,-0.1305,36.3,5.322,0,0,-4.5,-5.4,164.8,0.0303,0.0019,-0.0376,-0.0635,-0.0117,-1.38,-0.1375,0.0015
401620428,2024,-12.0,146.0,-0.4696,-0.4299,-272.1,-4.593,0,0,-7.87,4.04,164.46,-0.0149,-0.0262,-0.0767,0.0582,-0.0336,-1.49,-0.5278,0.1694
401620429,2024,-12.0,140.0,-0.4116,-0.4386,-203.4,-1.469,0,0,-2.69,1.35,162.34,-0.0392,0.0382,-0.0132,-0.0552,-0.0348,-1.05,-0.7391,0.366
401620430,2024,-14.0,196.0,-0.4812,-0.4812,-310.9,-6.382,0,0,-11.5,4.57,164.79,-0.0126,-0.0092,0.0464,-0.1264,-0.0201,-2.29,-0.3222,-0.2402
401620431,2024,-20.0,152.0,-0.4993,-0.4951,-282.1,-4.074,0,0,-13.09,3.69,162.66,-0.0008,-0.044,-0.0418,0.0533,0.0069,-2.31,-0.5691,0.1694
401620432,2024,-11.0,161.0,-0.2963,-0.3385,-180.7,-1.32,0,0,-4.61,6.16,163.68,0.042,0.106,-0.005,-0.0038,0.0541,-2.46,-0.3978,0.0906
401620433,2024,-31.0,147.0,-0.0717,-0.0656,17.9,4.477,0,0,-1.57,0.0,161.24,0.0048,0.0901,0.104,-0.1826,-0.0247,-3.3,0.0573,-0.2692
401620434,2024,-8.0,172.0,-0.4816,-0.5014,-207.0,-4.76,-3,1,-16.8,1.98,164.06,0.0473,-0.0538,0.0721,0.0083,0.0402,-1.68,-0.3708,-0.1215
401620435,2024,-32.0,166.0,-0.4696,-0.4696,-320.0,-7.196,0,0,-17.76,4.74,165.1,-0.0167,-0.0183,0.0351,-0.1236,-0.0599,-2.11,-0.2491,-0.3529
401620436,2024,-3.0,141.0,-0.0794,-0.0771,-51.6,1.717,1,0,-7.73,1.49,161.26,-0.0513,0.042,0.053,-0.0646,-0.0573,-3.12,-0.3644,0.2348
401620437,2024,-4.0,152.0,-0.3786,-0.397,-195.4,-1.971,0,0,-10.68,6.9,163.74,0.0511,0.088,-0.0003,-0.0072,0.0232,-2.34,-0.4394,0.0912
401620438,2024,-2.0,164.0,-0.3956,-0.4473,-166.2,-6.19,-1,1,-22.43,3.8,165.74,0.0336,0.0845,0.056,-0.0284,0.0001,-5.21,-0.23,-0.295
401620439,2024,17.0,149.0,0.5315,0.5243,200.8,1.611,1,0,10.34,-1.12,159.37,-0.0295,-0.0684,-0.0208,0.1718,0.0573,1.3,0.4623,0.1109
401620440,2024,-19.0,157.0,-0.4042,-0.3342,-223.6,-3.24,2,0,-18.83,-0.08,158.36,0.0189,0.009,-0.0432,0.1103,-0.0205,-4.52,-0.3148,-0.0518
401620441,2024,1.0,219.0,0.1275,0.0826,82.6,4.906,0,0,11.28,-0.54,170.85,0.0238,-0.0668,-0.0026,0.1007,0.0864,-0.18,-0.0353,0.1625
401620442,2024,-9.0,167.0,0.0303,0.0543,91.9,-1.046,1,0,4.08,1.39,159.86,0.0123,0.0699,0.0559,0.0309,0.0245,0.98,-0.1025,0.2676
401620443,2024,-3.0,149.0,0.0956,0.1151,63.5,-0.553,0,0,12.6,-2.71,160.92,0.049,-0.0522,-0.0707,0.072,0.0662,2.23,0.3691,-0.3178
401620444,2024,-5.0,181.0,-0.074,-0.1904,17.7,3.96,0,0,5.4,1.15,158.9,0.0087,0.0799,0.0071,-0.1789,0.033,0.03,-0.7811,0.7125
401620445,2024,13.0,155.0,0.0604,0.0813,24.5,-0.572,0,0,-2.86,0.19,159.19,-0.0328,-0.058,-0.0508,0.0915,0.0249,-0.87,0.0081,0.0191
401620446,2024,3.0,177.0,0.433,0.3578,221.2,4.61,-2,0,19.21,-0.02,164.0,-0.045,0.0233,-0.0626,-0.0051,-0.0612,3.86,0.2122,0.1155
401620447,2024,-2.0,154.0,-0.1209,-0.1552,-6.1,-2.924,0,0,-5.02,-1.0,157.27,-0.0039,-0.0412,0.0832,-0.0722,-0.0333,0.55,-0.1481,0.0222
401620448,2024,-16.0,158.0,-0.4096,-0.4595,-250.2,-0.505,0,0,-2.54,-0.69,158.66,0.0221,-0.077,-0.0773,-0.0003,0.0094,0.42,-0.5089,0.1588
401620449,2024,16.0,156.0,0.1133,0.2798,-3.2,1.945,0,0,4.93,3.29,161.61,-0.0321,0.0049,0.0296,0.0768,-0.0605,2.14,-0.2207,0.6556
401620450,2024,-4.0,166.0,-0.074,-0.1411,-78.3,-0.522,0,0,-2.09,3.43,161.3,0.0035,0.0135,0.0363,-0.0964,0.0298,1.67,-0.3422,0.3775
401620451,2024,-13.0,157.0,-0.1376,-0.1538,-119.5,1.327,0,0,-0.41,3.02,160.91,0.0183,0.0675,-0.0234,-0.0832,-0.0837,2.8,-0.3705,0.2429
401620452,2024,33.0,141.0,0.5078,0.6736,228.3,1.007,0,0,17.38,-0.24,156.48,-0.0096,-0.0621,0.0243,0.0504,-0.0027,3.74,0.5051,0.1967
401620453,2024,-11.0,145.0,0.4658,0.5144,296.1,-0.048,0,0,10.2,-1.63,161.21,0.0254,0.0143,-0.0408,0.1118,0.0607,0.73,0.5388,0.0255
401620454,2024,1.0,183.0,-0.0082,-0.0411,-15.2,3.944,-2,0,4.28,-6.14,164.49,0.0129,-0.0319,-0.0594,0.0328,-0.0116,2.33,-0.0027,0.1321
401620455,2024,-17.0,119.0,0.6686,0.581,320.8,5.648,0,0,17.79,-3.88,161.22,-0.0195,-0.0247,-0.0679,0.0339,0.0473,0.94,0.5912,-0.1412
401620456,2024,14.0,182.0,0.5348,0.3511,306.4,5.597,-2,0,20.05,-7.39,163.15,-0.042,-0.1724,-0.0186,0.1013,0.074,1.65,0.2177,0.1032
401620457,2024,-19.0,159.0,-0.3064,-0.2864,-128.7,-3.106,0,0,-11.19,-2.0,159.76,0.0285,-0.0027,0.0516,0.1263,0.0215,-2.43,0.1308,-0.4932
401721253,2024,24.0,162.0,0.3625,0.3709,171.8,2.465,0,0,13.77,-7.48,162.71,-0.0168,0.0162,-0.0132,-0.0926,-0.0543,3.13,0.4477,-0.1087
401721255,2024,14.0,152.0,0.4305,0.4874,265.7,-1.444,0,0,2.65,-0.87,159.39,0.0242,-0.0021,-0.034,0.101,0.0714,1.11,0.4437,0.0496
401721256,2024,11.0,145.0,0.1106,0.1508,129.4,-1.669,0,0,7.31,-2.17,159.37,-0.0122,-0.0582,0.0328,0.0962,0.1192,-0.99,0.5686,-0.3601
401721261,2024,7.0,197.0,0.4175,0.4973,222.7,4.945,0,0,13.02,-0.7,156.92,0.0085,0.0278,-0.0633,-0.0642,0.0827,0.15,0.3026,0.1746
401721258,2024,9.0,173.0,0.4657,0.4567,270.6,-1.199,0,0,5.47,-0.83,159.97,0.019,-0.0082,-0.0347,0.1072,0.087,0.72,0.223,0.3372
401721262,2024,7.0,159.0,0.1763,0.2077,138.1,-1.547,0,0,11.52,-1.89,158.84,-0.021,-0.0698,0.0235,0.0854,0.1218,0.19,-0.1901,0.4918
401721254,2024,6.0,168.0,0.4039,0.402,183.6,3.308,0,0,21.8,-6.31,162.44,-0.0197,0.0298,-0.0185,-0.1058,-0.0144,2.5,0.5489,-0.1625
401721260,2024,13.0,189.0,0.403,0.4815,226.7,3.971,0,0,9.94,-0.41,158.13,0.0094,0.0156,-0.0329,-0.0621,0.0483,-0.13,0.243,0.2492
401724938,2024,10.0,164.0,0.0818,-0.0431,8.3,-0.617,0,0,-6.79,0.34,157.04,0.0231,0.1168,0.0477,0.003,-0.0138,1.07,-0.0723,0.1256
401725075,2024,-3.0,143.0,-0.0122,0.0602,-11.8,-1.394,0,0,-7.68,0.73,157.2,0.0088,-0.0233,0.0232,0.0671,0.0216,-1.16,-0.1658,0.2728
401724939,2024,4.0,172.0,0.0165,0.0585,22.9,0.378,0,0,1.95,0.36,158.18,0.0254,0.0919,0.0699,-0.0057,0.0023,2.53,0.0517,0.0307
401725076,2024,7.0,147.0,0.0358,0.0358,-24.5,-1.979,0,0,-11.55,0.26,156.65,0.0163,-0.0352,0.0519,0.0596,0.0007,0.08,-0.1159,0.1904
401724940,2024,14.0,176.0,-0.0263,0.0111,-31.2,-0.489,0,0,-3.27,-0.11,158.22,-0.0246,-0.0836,-0.063,0.0029,0.0262,-2.21,0.5406,-0.7345
401725077,2024,-9.0,171.0,-0.1137,-0.1137,10.9,1.379,0,0,7.55,0.68,155.17,-0.0291,0.0343,-0.0328,-0.046,-0.0152,0.07,0.2164,-0.4464
401724941,2024,-14.0,138.0,-0.0478,0.0198,-9.9,0.506,0,0,0.29,-0.04,158.29,-0.028,-0.0726,-0.0721,-0.0036,0.0092,-2.03,0.3015,-0.415
401725078,2024,10.0,174.0,-0.1333,-0.1466,-11.9,0.305,0,0,-4.81,1.98,154.72,-0.0233,0.0485,-0.0276,-0.0316,-0.044,-1.48,-0.1201,-0.0294
401725079,2024,11.0,165.0,0.1098,0.1251,-4.0,-0.809,0,0,1.89,-1.6,155.07,0.0306,-0.0496,0.0434,0.062,0.0185,1.09,-0.1978,0.4444
401726988,2024,-2.0,188.0,0.0152,0.0383,75.8,-0.539,2,0,1.32,1.36,155.32,-0.002,0.0503,-0.0074,0.0343,-0.0032,-0.38,0.1415,-0.1265
401726989,2024,14.0,146.0,0.0045,0.0259,63.6,-1.153,0,0,-1.52,1.63,157.33,0.003,0.0868,-0.0264,0.0309,0.0001,-1.84,0.1454,-0.1634
401726990,2024,-3.0,157.0,-0.023,-0.0642,-77.7,0.529,0,0,-5.04,-0.74,156.63,-0.0002,-0.0977,0.0134,-0.027,-0.0321,0.68,-0.185,0.1637
401726991,2024,2.0,162.0,-0.0846,-0.0611,-88.9,-0.025,0,0,-6.72,0.62,157.32,-0.0186,-0.0778,-0.0032,-0.0441,-0.0269,0.21,-0.2286,0.1912
401726992,2024,5.0,129.0,0.085,0.0649,79.1,-0.36,0,0,5.65,-0.08,157.89,0.0167,0.0851,-0.0207,0.0386,0.0214,-0.45,0.0556,-0.0373
401761558,2025,34.0,190.0,0.3805,0.3919,211.7,5.326,0,0,10.18,-6.88,163.8,-0.0392,-0.1258,-0.0446,0.1148,0.0293,0.55,0,0.3079
401761353,2025,5.0,153.0,-0.0376,0.0423,0.5,-2.66,0,0,-9.04,3.85,163.5,-0.0078,0.0376,0.0098,-0.0493,-0.0222,-2.41,0,0.1442
401761349,2025,20.0,138.0,-0.0695,0.2746,-56.0,1.326,0,0,0.83,1.37,158.11,-0.0147,-0.0648,-0.067,0.016,-0.0671,1.93,0,0.2745
401761354,2025,64.0,152.0,0.263,0.2953,-10.5,-1.49,-1,1,22.14,0.45,169.65,-0.0533,0.132,0.0181,-0.003,0.0773,2.99,0.322,-0.0858
401761347,2025,5.0,143.0,-0.368,-0.395,-149.7,-4.149,1,0,-3.89,-0.91,158.86,-0.0013,0.0698,0.0373,-0.0427,-0.0217,-1.65,0.1065,-0.3508
401761355,2025,1.0,169.0,0.221,0.4851,203.0,2.447,1,0,12.64,-0.08,158.52,-0.0292,0.0011,-0.0258,-0.0123,0.058,0.88,-0.0191,0.5954
401761344,2025,-10.0,150.0,-0.0677,-0.0767,12.1,0.74,1,0,-4.45,2.69,161.83,0.0405,-0.0894,-0.0665,0.1473,0.0662,-0.19,-0.0146,0.162
401765028,2025,-8.0,180.0,0.3969,0.6494,80.3,1.474,-2,0,11.59,0.6,158.96,0.0087,0.0012,-0.0084,0.0819,0.011,0.04,-0.0477,0.7855
401761345,2025,-5.0,157.0,-0.0295,-0.1326,-39.9,1.683,-2,0,-8.89,-4.53,162.91,-0.0187,0.0136,0.0237,-0.0838,-0.046,2.13,-0.0202,-0.1984
401761348,2025,5.0,179.0,0.2079,0.1113,133.7,2.766,0,0,-1.68,1.79,159.6,0.0115,-0.0463,-0.0038,0.0287,-0.0105,0.09,-0.073,0.1182
401761352,2025,-5.0,163.0,0.1404,0.1492,-70.7,-8.684,0,0,-6.23,-5.81,165.95,-0.0133,0.0138,-0.1784,-0.0235,0.116,0.82,0.0364,0.0618
401765029,2025,23.0,145.0,0.638,0.6406,182.7,22.598,1,0,68.53,2.6,157.4,-0.0671,0.072,0.0717,-0.2458,0.1815,3.6,0.4325,0.2846
401736112,2025,4.0,184.0,-0.1589,-0.2695,-4.7,0.11,0,0,-5.14,2.9,161.09,0.0428,-0.0631,-0.045,0.0542,0.0224,-1.47,-0.308,0.0744
401736113,2025,-15.0,183.0,-0.15,-0.0547,-142.0,-7.513,0,0,6.61,2.57,164.46,0.0053,0.1187,0.0159,-0.0716,0.0468,-1.88,0.2423,-0.3435
401736114,2025,-17.0,151.0,0.0369,-0.0931,108.5,10.388,0,0,0.78,1.25,165.37,-0.0543,-0.0387,0.1184,0.1663,-0.0434,1.41,-0.2625,0.219
401736115,2025,35.0,151.0,0.0622,0.0766,58.1,0.96,0,0,14.58,4.52,163.03,0.0073,0.0389,0.0179,0.0591,0.0022,-1.41,0.0719,-0.0289
401736116,2025,14.0,170.0,0.0355,0.0542,17.7,1.818,0,0,-1.83,-1.64,158.69,0.0436,0.0514,-0.0078,-0.0179,0.02,-0.57,0.5097,-0.4125
401736117,2025,22.0,140.0,-0.0377,-0.1116,-129.8,-4.348,0,0,-10.77,0.7,159.8,0.0226,-0.0064,0.037,0.1043,0.0377,-2.61,0.0052,-0.2108
401736118,2025,-5.0,175.0,0.0956,-0.1263,133.0,-1.903,3,0,0.32,-2.93,159.47,-0.0286,0.0912,-0.0069,-0.0864,0.0059,0.18,0.5388,-0.9902
401736119,2025,-14.0,164.0,-0.2781,-0.3071,-185.5,-3.695,0,0,3.34,0.3,164.35,0.0197,0.0399,0.0156,0.0055,-0.001,1.01,0.0451,-0.464
401736120,2025,-8.0,150.0,0.0298,-0.1641,-92.6,-7.194,1,0,2.96,4.15,162.92,0.0253,0.0722,0.0258,-0.0307,0.0955,-3.41,0.0536,-0.2222
401736121,2025,-25.0,149.0,-0.2938,-0.3089,-45.6,-0.326,-1,0,-7.05,-2.86,160.03,0.0296,0.0769,0.0547,-0.1084,-0.0252,-0.07,0.0788,-0.6438
401736122,2025,-1.0,181.0,0.0724,0.052,73.5,0.725,-1,0,26.18,4.85,163.13,0.003,-0.0174,-0.036,-0.0096,0.0348,0.6,0.1379,-0.1177
401736123,2025,4.0,166.0,0.1552,0.2651,180.1,7.866,1,0,6.31,-1.49,164.66,-0.0138,-0.0907,-0.0135,0.0767,-0.0143,0.22,-0.1429,0.5596
401736124,2025,2.0,150.0,-0.0827,-0.1729,22.3,2.842,2,0,-4.3,0.33,163.64,-0.001,0.0353,0.0043,0.1685,-0.0761,-0.27,-0.1597,-0.0649
401736125,2025,3.0,175.0,0.0622,0.1293,32.0,0.706,1,0,-2.26,-0.92,160.16,-0.0138,-0.0199,-0.0305,0.0408,0.0116,-0.26,-0.0817,0.2546
401736126,2025,-5.0,157.0,-0.0946,-0.0385,-63.3,-0.835,0,0,-21.92,-4.57,163.53,-0.0052,0.0278,0.0432,0.0433,-0.0631,0.17,-0.0096,-0.0521
401736127,2025,-25.0,173.0,-0.2432,-0.2748,-221.0,-2.116,0,0,-16.6,1.52,159.46,0.0102,0.0017,-0.0338,-0.0367,-0.0369,-0.29,-0.0051,-0.3912
401736128,2025,6.0,146.0,0.4433,0.4478,53.8,2.332,-1,0,18.05,2.1,159.53,0.0058,-0.0397,-0.0194,0.0563,0.0395,-0.93,0.0417,0.5042
401736129,2025,3.0,147.0,0.1561,0.312,183.6,-1.46,1,0,8.21,-1.56,163.59,-0.0575,0.0192,-0.0581,0.0448,0.0165,0.59,0.3851,-0.0064
401736130,2025,-9.0,155.0,0.058,0.194,-85.5,-8.191,0,0,5.36,-0.98,164.35,0.0191,0.0014,-0.0314,-0.156,0.0919,-1.05,0.1196,0.0491
401736131,2025,7.0,147.0,0.0028,0.0441,96.4,3.465,2,0,-4.25,-0.71,160.53,-0.0164,0.0009,-0.0456,-0.1365,-0.0129,1.67,-0.1697,0.2472
401736132,2025,-2.0,178.0,-0.1471,-0.2119,-143.9,-0.477,0,0,5.96,5.17,163.84,-0.0107,0.0463,0.0047,-0.0545,-0.0258,-2.31,0.0812,-0.3928
401736133,2025,8.0,158.0,0.0521,0.0469,20.1,5.731,-1,0,-1.86,-2.5,162.42,-0.0149,-0.0185,0.076,0.1094,-0.0486,0.79,-0.26,0.446
401736134,2025,24.0,134.0,0.2967,0.2819,-99.6,1.336,-1,1,9.27,0.8,158.36,-0.0297,-0.0089,0.0543,0.0801,0.0244,0.79,-0.3889,0.8301
401736135,2025,13.0,169.0,-0.0755,0.0062,-33.0,0.067,-1,0,7.13,0.45,163.34,0.0042,-0.0184,0.0747,0.0397,-0.0027,-0.92,-0.2109,0.3451
401736136,2025,6.0,130.0,0.0862,0.1242,-20.0,-4.156,0,0,3.32,-1.26,162.56,-0.0066,0.019,-0.0483,0.0562,-0.0169,1.96,0.1211,-0.0189
401736137,2025,20.0,184.0,0.0043,-0.0153,-102.7,3.13,0,0,-7.53,-0.93,160.98,0.0357,-0.0124,-0.0425,-0.1386,-0.0196,0.86,-0.119,0.1929
401736138,2025,-22.0,196.0,-0.238,-0.2437,112.4,4.431,-1,0,-15.38,-4.16,161.18,0.0182,-0.0301,0.0331,0.0149,-0.0506,-0.64,-0.385,0.2642
401736139,2025,28.0,162.0,0.4376,0.4543,174.3,-3.909,-1,0,11.56,-2.32,162.31,-0.0063,-0.0286,-0.0325,-0.1046,0.1047,0.99,0.0,0.6916
401736140,2025,5.0,159.0,0.095,0.0865,55.5,-1.28,2,0,1.29,1.1,160.53,0.0187,0.0288,0.0643,0.0855,-0.0246,-1.21,0.3468,-0.3209
401736141,2025,-6.0,170.0,-0.1105,-0.0556,-68.6,-4.747,0,0,-5.33,1.39,160.89,0.0199,-0.0252,0.0335,-0.0268,0.0292,0.55,-0.0643,-0.019
401736142,2025,5.0,183.0,0.1277,0.087,28.1,1.953,0,0,19.32,-0.99,161.51,-0.0006,-0.0508,0.0546,0.0778,0.0197,1.35,-0.245,0.4792
401736143,2025,6.0,160.0,-0.1474,-0.1193,-68.9,2.56,-1,0,-8.43,-3.16,167.14,0.0456,-0.0524,0.0912,0.0347,-0.0005,-2.06,-0.1662,0.1209
401736144,2025,5.0,159.0,0.5328,0.5048,187.3,-1.658,0,0,25.09,-2.36,162.72,-0.0206,-0.0256,-0.0383,-0.0905,0.0879,1.45,0.3837,0.0797
401736145,2025,5.0,189.0,-0.0854,-0.0705,-31.8,2.148,0,0,-15.05,-0.35,164.25,0.0332,-0.0149,-0.0282,0.0525,-0.0543,-0.02,-0.2687,0.2741
401736146,2025,-2.0,168.0,0.3788,0.3382,3.3,2.616,-1,0,21.6,5.72,164.97,-0.0117,0.012,-0.0365,0.01,0.0182,1.58,0.1572,0.2233
401736147,2025,-22.0,148.0,-0.3781,-0.374,-221.4,3.181,1,-1,-14.47,2.39,162.8,0.0455,0.0329,0.0275,-0.1214,-0.0138,-4.79,0.0135,-0.6352
401736148,2025,15.0,177.0,0.2028,0.1688,232.3,-0.002,2,0,1.55,0.22,162.26,-0.0544,-0.0496,-0.03,0.029,-0.017,0.75,-0.0481,0.288
401736149,2025,-3.0,145.0,-0.0824,-0.1009,-170.3,-2.359,0,0,-3.01,0.97,161.5,0.0112,-0.0214,-0.0148,0.0963,0.0208,1.37,-0.2601,0.2058
401736150,2025,-7.0,181.0,0.0638,0.1007,75.4,0.003,0,0,-5.13,-1.14,159.8,-0.0063,-0.0468,-0.0516,-0.1598,0.0159,0.11,-0.1562,0.281
401736151,2025,-11.0,177.0,0.0906,0.0512,20.1,-2.105,0,0,12.55,-0.72,165.04,-0.0297,-0.004,0.0139,-0.0407,0.0588,0.52,0.1328,-0.1179
401736152,2025,48.0,152.0,0.6069,0.5825,174.7,3.871,0,0,30.54,1.07,159.23,-0.0288,-0.0317,0.0126,0.1394,0.0046,3.42,0.2452,0.5086
401736153,2025,-5.0,165.0,-0.1884,-0.0019,-52.2,-1.866,0,0,-5.28,-0.21,162.26,0.0055,0.0152,0.0566,-0.0399,0.0333,-2.36,0.1799,-0.3185
401736154,2025,-5.0,145.0,0.0318,0.0468,-86.1,4.837,0,0,1.61,-1.56,161.76,0.0366,0.0199,-0.0482,-0.1374,-0.0291,-2.52,-0.0527,0.1573
401736155,2025,-11.0,161.0,-0.3867,-0.4576,-133.5,1.61,1,0,-13.94,0.8,161.83,0.0133,0.0053,0.0103,0.1414,-0.0369,-0.3,-0.3616,-0.1036
401736156,2025,9.0,161.0,0.2084,0.175,58.1,-3.657,0,0,4.62,1.62,167.23,-0.026,0.0236,-0.0345,0.0176,0.0064,1.97,-0.2826,0.6217
401736157,2025,23.0,153.0,0.1484,0.191,179.6,1.668,0,0,4.55,-0.97,160.82,-0.0072,0.0221,0.0111,-0.0726,0.004,-0.72,0.1617,0.0546
401736158,2025,6.0,160.0,0.0815,0.2066,113.5,6.894,-1,0,2.43,-1.96,162.42,0.0127,-0.08,-0.054,-0.0164,-0.019,-2.23,-0.2101,0.5534
401736159,2025,-8.0,164.0,-0.4824,-0.5146,-255.8,0.325,-2,0,-30.25,1.58,160.98,0.0295,0.051,0.0218,-0.2195,-0.0842,-5.06,0.1007,-0.9197
401736160,2025,9.0,163.0,0.0655,0.179,-33.7,-2.904,-2,0,4.14,-0.23,161.47,-0.0136,-0.0368,-0.0555,-0.0682,0.0245,1.54,0.1443,0.0006
401736161,2025,8.0,160.0,-0.4774,-0.4644,15.4,-4.497,0,0,-29.27,-2.69,159.38,0.0429,-0.0286,-0.0038,-0.0954,-0.0168,-1.42,-0.1777,-0.4077
401736162,2025,-14.0,172.0,0.1489,0.1018,36.0,-3.679,-2,0,2.6,1.93,163.97,-0.0177,0.0814,-0.047,-0.1273,-0.0047,1.68,0.3133,-0.3193
401736163,2025,27.0,163.0,-0.3417,-0.3565,-165.5,4.392,-3,0,-14.25,-0.31,162.39,0.0592,0.0517,0.0407,0.0958,-0.0823,-2.46,0.0525,-0.5036
401736164,2025,-27.0,131.0,-0.0447,-0.1186,-82.9,-2.17,1,0,-4.54,0.86,167.64,0.0257,0.1078,-0.0551,0.0106,-0.0359,0.91,-0.1249,0.0414
401736165,2025,-12.0,166.0,-0.2397,-0.1912,-86.4,-4.189,-2,0,-2.9,-0.59,161.47,-0.0039,0.036,0.016,0.1531,-0.035,1.4,0.1564,-0.4954
401736166,2025,37.0,171.0,0.2203,0.2724,-72.3,4.557,1,0,7.79,1.72,158.88,0.0039,0.0237,0.0757,-0.0621,0.0021,-1.99,0.2187,0.061
401736167,2025,-16.0,146.0,-0.2521,-0.3572,-231.7,-8.823,-3,0,-14.76,2.55,162.43,-0.0243,0.0865,-0.0194,-0.1047,-0.0367,1.55,-0.0471,-0.4049
401736168,2025,-8.0,170.0,0.0582,0.0985,-95.2,-5.301,1,0,3.3,-0.14,162.21,-0.0094,-0.017,0.0147,-0.0895,0.0523,0.28,0.1918,-0.133
401736169,2025,19.0,135.0,0.062,0.0962,-48.8,-0.301,1,0,-0.46,0.4,162.48,-0.0072,0.0399,-0.023,0.0913,-0.0472,0.04,0.0628,0.0704
401736170,2025,19.0,151.0,0.4057,0.4347,293.9,5.202,2,0,28.39,-3.64,162.21,-0.0269,-0.1377,0.07,0.1597,0.093,2.34,0.2143,0.2912
401736171,2025,-8.0,186.0,0.1847,0.2328,222.2,-1.977,2,0,-2.11,-1.0,163.23,-0.032,-0.0267,-0.0198,0.0155,0.0098,1.56,0.023,0.2242
401736172,2025,13.0,173.0,0.0095,0.0695,45.3,4.359,1,0,5.84,-1.88,161.97,0.0023,-0.0869,-0.028,0.1321,0.0025,-0.01,0.0988,-0.069
401736173,2025,10.0,178.0,-0.1141,-0.0997,-92.0,-0.567,1,0,-11.26,1.95,158.77,0.0096,-0.0284,-0.0122,-0.1061,0.0006,-2.25,-0.0432,-0.081
401736174,2025,18.0,158.0,0.2099,0.282,90.7,3.761,0,0,17.49,-1.89,163.11,-0.0552,-0.0543,0.035,0.0905,0.0081,0.09,0.2776,0.0099
401736175,2025,4.0,172.0,0.0613,-0.1411,210.9,2.278,0,0,4.86,0.39,163.62,-0.0337,-0.1184,0.0432,0.1142,0.0317,1.59,-0.2748,0.1903
401736176,2025,23.0,179.0,0.3446,0.3053,229.5,2.109,0,0,8.39,-4.06,159.99,-0.0055,0.0025,-0.0971,0.0107,0.0444,2.19,-0.16,0.6437
401736177,2025,14.0,190.0,-0.3214,-0.3306,-187.6,-1.49,0,0,-18.85,0.34,159.35,0.0053,0.0114,-0.0105,-0.1281,-0.0317,-4.06,-0.4576,0.1737
401736178,2025,6.0,146.0,-0.3506,-0.3682,-58.9,1.711,2,0,-0.91,1.63,161.74,0.0127,0.0617,0.061,0.1912,-0.1095,0.94,-0.1557,-0.2955
401736182,2025,17.0,159.0,0.4539,0.4515,47.2,4.373,-2,0,25.81,1.8,159.37,-0.0314,-0.0114,0.0436,0.04,0.0669,0.75,0.3638,0.097
401736183,2025,5.0,167.0,0.2189,0.1813,185.6,-0.393,-1,0,5.21,0.76,160.94,-0.0021,-0.0889,0.06,0.0469,0.0332,3.84,-0.0618,0.3122
401736184,2025,-7.0,151.0,-0.1011,-0.0853,-64.3,-5.708,-1,0,-13.69,1.19,162.48,0.0145,0.044,-0.1461,0.0527,-0.0072,2.51,-0.2336,0.2316
401736185,2025,9.0,151.0,0.0709,0.0309,-122.3,-9.392,1,0,-15.65,0.4,162.82,-0.0205,0.0342,-0.0407,-0.1454,0.0654,-0.07,0.0209,0.0239
401736186,2025,14.0,138.0,0.2416,0.4996,34.8,5.548,-1,0,15.27,-4.05,159.63,0.0111,0.0084,-0.1188,-0.0186,0.0674,1.11,0.3642,0.106
401736187,2025,-31.0,165.0,-0.3052,-0.2565,-155.8,-2.493,0,0,-7.12,1.57,162.26,0.0155,0.0435,0.1318,0.0577,-0.0076,-1.74,0.0911,-0.5333
401736188,2025,-8.0,158.0,-0.4703,-0.5606,28.1,-1.801,-4,1,-17.95,-1.53,158.49,0.0269,-0.0079,0.0357,-0.1058,-0.0715,-2.05,-0.673,0.2376
401736189,2025,-8.0,170.0,0.3248,0.3081,231.9,2.543,1,-1,10.66,2.01,160.24,-0.004,-0.0355,0.0843,0.041,0.0086,1.85,0.0475,0.3541
401736190,2025,11.0,165.0,-0.2053,-0.1802,-42.3,0.507,0,0,-5.65,1.11,161.13,0.0232,0.0221,0.0304,0.0378,-0.0971,2.21,-0.0934,-0.1236
401736191,2025,1.0,183.0,0.2245,0.2559,30.3,-1.049,0,0,3.06,-1.07,159.74,-0.0407,-0.0306,-0.127,0.1652,0.0042,2.2,-0.0327,0.4495
401736192,2025,-3.0,169.0,-0.2971,-0.2912,68.1,3.18,-1,0,-12.93,-2.89,160.21,0.0202,-0.098,-0.0003,0.0434,-0.0366,-2.57,-0.2674,0.0028
401736193,2025,-7.0,173.0,-0.2014,-0.2672,22.7,-4.892,0,0,-19.45,-0.2,162.14,-0.0033,0.0346,0.0962,0.0906,-0.041,-0.93,-0.4315,0.2971
401736194,2025,-21.0,193.0,-0.2671,-0.2891,-82.3,-1.508,2,0,-18.06,2.04,161.04,0.0601,0.0618,-0.027,-0.1333,-0.0275,-1.29,-0.4919,0.3285
401736195,2025,16.0,148.0,0.4362,0.2432,262.5,3.466,0,0,23.25,-4.0,159.49,-0.0449,-0.0214,-0.1375,0.0326,0.0078,3.94,-0.078,0.4556
401736196,2025,13.0,173.0,0.351,0.4346,131.3,4.737,1,-1,22.74,-2.09,160.34,-0.0717,-0.0611,-0.0014,0.1077,0.0292,-0.77,0.5619,-0.182
401736197,2025,3.0,179.0,0.025,0.0773,64.0,5.875,0,0,8.7,-1.0,161.3,0.0185,-0.0485,0.079,-0.0332,0.006,-2.2,0.1669,-0.199
401736198,2025,8.0,170.0,-0.0007,0.0604,51.6,-4.924,-1,0,-14.51,0.23,160.36,-0.0036,-0.0133,0.0565,0.0017,0.0268,3.04,-0.3473,0.523
401736199,2025,10.0,168.0,-0.0992,-0.0315,-98.3,-0.242,-1,0,10.0,-1.32,162.08,-0.0079,-0.0022,-0.1279,-0.1253,0.0748,-0.74,-0.3656,0.5745
401736200,2025,24.0,150.0,0.3068,0.32,49.5,5.614,1,0,18.8,2.56,159.27,-0.0052,0.0139,0.0366,0.0823,-0.0096,0.82,0.176,0.1831
401736201,2025,4.0,132.0,-0.2666,-0.2605,-175.0,-0.463,-1,0,-5.11,3.15,158.62,0.0275,0.0647,0.1987,-0.1433,-0.0475,-3.77,-0.1134,-0.2028
401736202,2025,11.0,183.0,0.0271,-0.0156,-10.8,-1.077,-1,0,-0.3,-1.04,161.32,0.0077,0.0189,-0.0701,-0.0795,-0.051,2.17,-0.3109,0.417
401736203,2025,13.0,123.0,-0.3628,-0.3825,-107.3,-5.925,0,0,-9.74,3.47,161.92,0.0346,0.1104,0.0244,-0.1289,-0.0563,0.53,-0.3292,-0.0809
401736204,2025,-8.0,180.0,0.2356,0.2922,64.9,0.523,0,0,12.21,1.89,161.6,-0.0246,-0.0272,-0.0364,-0.0623,0.0433,4.29,-0.2514,0.5828
401736205,2025,-3.0,159.0,-0.4547,-0.4028,-148.9,2.667,0,0,11.51,-1.01,162.76,-0.0113,0.0666,0.0118,-0.0279,-0.0517,-1.51,-0.5135,0.214
401736206,2025,26.0,144.0,0.4618,0.4997,140.5,0.338,0,0,14.13,2.84,159.38,-0.0088,-0.0209,0.0087,0.0482,0.0772,0.21,-0.1096,0.8165
401736207,2025,-10.0,160.0,0.2427,0.2655,167.2,3.85,0,0,18.44,-2.61,160.82,-0.0237,0.0167,-0.0924,0.0157,0.0152,-0.6,0.009,0.2912
401736208,2025,-11.0,177.0,0.0874,0.1049,116.6,-3.59,-1,1,-3.74,0.66,162.1,-0.0198,-0.08,-0.0872,0.1436,0.0417,1.07,-0.2936,0.6271
401736209,2025,-4.0,188.0,-0.0834,-0.1353,-143.3,-1.469,0,0,-5.93,0.38,155.85,-0.0353,0.0021,0.0576,0.0636,-0.0228,-3.33,0.2483,-0.4884
401736210,2025,-8.0,180.0,-0.1186,-0.145,-109.2,-3.459,2,-1,5.57,2.05,159.29,-0.005,0.0655,0.0448,-0.1184,-0.0581,1.45,0.0749,-0.2648
401736211,2025,5.0,161.0,0.0429,0.1668,138.5,8.623,-1,0,14.53,-1.13,161.51,-0.0362,-0.0088,0.0024,0.1362,-0.018,-0.92,0.1593,0.0914
401736212,2025,15.0,197.0,-0.2571,-0.1669,-183.6,-3.072,3,0,13.26,-0.24,161.33,-0.0009,0.0618,-0.0397,-0.0154,0.0159,-0.04,0.0165,-0.1935
401736213,2025,16.0,178.0,0.6644,0.7273,139.4,3.369,1,0,22.55,3.25,160.94,-0.0159,-0.0218,-0.0492,0.0302,0.1063,1.85,0.1635,0.6803
401736214,2025,8.0,150.0,-0.0646,-0.1847,-87.2,-4.744,-1,1,-2.82,-0.47,160.8,-0.0103,0.0338,-0.0712,0.0497,-0.0819,0.64,0.1134,-0.3315
401736215,2025,9.0,171.0,-0.019,-0.0504,-165.3,1.445,0,0,3.72,-1.57,160.69,-0.0234,0.0406,-0.0082,0.0052,-0.0163,-0.67,0.3322,-0.5373
401736216,2025,-7.0,177.0,-0.0328,0.0207,10.7,2.062,1,0,-6.11,0.64,162.91,0.0245,-0.0139,0.0653,0.0588,-0.0003,-1.99,-0.2829,0.466
401736217,2025,-3.0,165.0,0.1055,0.0696,-76.7,0.426,-1,0,12.25,-0.05,161.4,0.0036,0.0832,-0.0297,0.0645,0.0004,-0.11,0.835,-1.0269
401736218,2025,39.0,165.0,0.6914,0.7211,208.9,5.326,0,0,25.62,0.48,158.27,0.0051,0.0131,-0.0303,0.1071,0.0517,1.39,0.3913,0.4445
401736219,2025,27.0,141.0,-0.2951,-0.3537,-67.6,5.348,0,0,-4.51,-1.57,162.55,-0.0048,0.0607,0.0815,0.0539,-0.0742,-3.56,0.0538,-0.5176
401736430,2025,-15.0,133.0,0.2763,0.3622,119.2,1.398,-2,0,16.55,1.74,157.92,0.0055,-0.0251,-0.019,0.0318,0.0104,4.04,0.353,0.0073
401736220,2025,27.0,135.0,0.006,-0.0694,-37.6,4.26,-2,0,-0.17,-2.89,157.5,0.0138,0.0959,-0.0429,-0.0157,-0.0033,-0.71,0.1539,-0.2786
401736221,2025,10.0,168.0,0.4023,0.3507,270.4,1.894,0,0,1.54,-0.4,163.36,-0.0355,-0.0635,-0.0532,0.0281,0.0136,1.2,-0.0166,0.3222
401736222,2025,-1.0,159.0,-0.0223,-0.021,-63.5,2.281,0,0,2.98,-1.01,162.01,-0.0078,0.0295,0.069,0.0256,-0.0554,-3.4,0.4964,-0.6576
401736223,2025,9.0,187.0,-0.2662,-0.1155,-83.5,-0.73,1,0,-6.71,-0.93,160.04,0.0103,0.0422,0.0519,-0.1609,-0.0813,-0.16,-0.4173,0.3466
401736224,2025,17.0,167.0,0.3538,0.3836,149.1,1.063,-3,0,5.92,-0.82,159.68,0.0155,-0.0314,-0.1328,0.1477,-0.0213,3.28,0.318,0.1136
401736225,2025,-2.0,176.0,0.2971,0.2028,194.0,5.678,0,0,17.5,-4.75,158.45,-0.0295,0.0588,-0.119,-0.0202,0.0263,-1.26,0.006,0.2651
401736226,2025,11.0,153.0,0.2705,0.3417,101.8,-3.245,-3,0,-4.49,-0.97,160.64,0.0058,-0.014,-0.0876,-0.0369,0.0279,3.14,0.3012,0.0352
401736227,2025,-18.0,154.0,-0.4132,-0.4833,-141.4,-2.564,2,0,-20.74,-1.22,159.12,0.0033,0.0139,-0.0394,-0.0713,-0.0438,3.04,-0.0262,-0.619
401736228,2025,-9.0,149.0,0.017,0.0989,76.9,0.254,0,0,-1.22,0.62,163.04,0.0159,0.0066,0.0792,0.0293,-0.0287,-2.68,0.4884,-0.5316
401736229,2025,5.0,155.0,0.4424,0.4676,260.1,6.075,-4,1,13.93,-1.46,159.22,-0.0201,-0.0176,-0.0619,0.0637,-0.0011,-0.04,0.2651,0.3727
401736230,2025,9.0,171.0,0.1682,0.1444,-33.7,-4.248,2,0,-6.84,0.64,158.66,0.0022,0.0063,0.0306,-0.0405,-0.0284,1.2,0.0242,0.1276
401736231,2025,30.0,174.0,0.1977,0.1617,63.9,-0.38,0,0,0.92,0.24,161.8,-0.0152,-0.047,-0.0587,0.1375,0.0646,1.33,-0.0197,0.2194
401736232,2025,2.0,160.0,0.0734,-0.0236,96.9,3.928,3,0,-1.74,0.9,160.71,0.0026,0.0012,0.1317,-0.0583,-0.0193,-1.96,0.4616,-0.5454
401736233,2025,9.0,165.0,0.2506,0.2593,52.8,1.383,0,0,-5.23,1.99,161.09,-0.0088,0.0089,-0.0128,0.0187,0.001,1.4,0.273,-0.0929
401736234,2025,10.0,176.0,-0.7092,-0.685,-165.9,-4.208,0,0,-23.25,-1.92,160.49,0.0287,0.0051,0.0703,-0.0683,-0.0528,-2.79,-0.1516,-0.657
401736235,2025,-19.0,141.0,0.1408,0.1471,36.3,-2.325,2,0,7.1,-2.42,156.81,0.0026,0.0669,-0.009,-0.1003,0.0316,1.22,-0.1316,0.34
401736236,2025,8.0,150.0,-0.2009,-0.137,-143.8,-4.528,-1,0,0.21,2.59,160.86,-0.0004,0.0316,0.0647,0.0349,0.0876,-0.64,0.1586,-0.4283
401736237,2025,11.0,163.0,0.0563,0.0175,-33.5,0.492,-1,1,3.78,-1.19,161.84,0.0015,-0.0594,-0.036,0.0407,0.0388,1.01,-0.4853,0.5974
401736238,2025,-9.0,173.0,-0.5279,-0.5303,-255.6,-4.559,4,-1,-5.02,1.9,159.86,0.0279,-0.0099,0.159,-0.013,0.0396,-2.19,-0.528,0.0738
401736239,2025,2.0,138.0,-0.096,0.0332,-94.8,2.321,0,0,2.58,2.38,161.23,-0.0058,0.0566,0.0942,-0.1152,0.0028,-0.58,-0.0099,0.0956
401736240,2025,17.0,181.0,-0.1582,-0.1797,34.7,2.427,-2,0,3.25,-2.11,156.77,0.022,0.0225,-0.0762,-0.0616,0.0359,-1.05,-0.0382,-0.1228
401736241,2025,14.0,144.0,0.6107,0.6984,141.8,3.402,0,0,13.73,1.98,160.25,-0.0275,-0.0126,-0.0692,0.0728,0.0061,1.74,0.2872,0.4519
401736242,2025,6.0,168.0,-0.3734,-0.3611,-250.2,-3.464,1,0,-4.41,-0.29,158.64,0.0176,0.0135,0.1117,-0.064,0.0798,-0.58,-0.7135,0.514
401736243,2025,2.0,206.0,0.0834,0.1263,28.3,-7.574,-1,0,-9.33,-0.44,159.51,0.0023,-0.0371,0.0083,-0.0742,-0.041,2.3,-0.2396,0.5081
401736244,2025,19.0,185.0,0.2301,0.2329,145.8,5.793,-2,0,14.15,-3.16,160.24,-0.0046,-0.022,-0.0544,0.0521,0.0171,-1.24,-0.1102,0.4876
401736245,2025,7.0,151.0,0.1175,0.1049,143.0,-0.188,3,0,-0.4,2.22,160.91,0.0125,-0.0228,-0.0134,-0.0197,0.0217,0.77,0.1198,-0.0293
401736246,2025,4.0,180.0,0.2259,0.1971,-49.0,2.247,1,0,10.91,2.1,158.8,0.0357,0.0075,0.0373,0.0978,0.0655,-2.53,-0.2082,0.5377
401736247,2025,-5.0,143.0,0.2873,0.3986,88.7,-1.361,-1,0,0.95,-2.11,161.03,-0.0503,-0.0477,-0.1443,0.1138,-0.0013,4.98,-0.088,0.5467
401736248,2025,-13.0,169.0,-0.3562,-0.3543,-230.4,-2.525,0,0,2.14,0.27,160.77,0.0349,0.0428,0.1101,-0.0782,0.0673,-1.79,-0.6638,0.4962
401736249,2025,-1.0,155.0,-0.1834,-0.2319,28.3,6.055,-3,0,-4.36,-1.42,161.42,0.0181,-0.0173,0.0014,0.0615,0.0099,-3.75,-0.4186,0.3141
401736250,2025,-8.0,162.0,-0.4615,-0.4615,-137.7,-5.17,0,0,-20.12,0.51,158.36,0.0214,-0.0691,0.0419,-0.0422,-0.0146,0.8,-0.2725,-0.2686
401736251,2025,19.0,179.0,-0.064,0.0011,-115.0,-6.528,0,0,-1.26,-0.87,161.3,0.0164,0.0054,-0.0389,0.1384,0.0627,0.6,-0.2075,0.225
401736252,2025,-37.0,135.0,-0.2218,-0.3565,-101.5,-1.447,-1,0,1.56,0.43,159.93,0.0309,0.0162,-0.0405,-0.0857,0.0752,-1.05,-0.5779,0.2501
401736253,2025,13.0,145.0,0.1436,0.1416,119.7,1.523,0,0,-2.84,-0.71,160.97,-0.0087,-0.0011,-0.111,-0.0053,-0.0414,2.52,-0.1805,0.4986
401736254,2025,9.0,125.0,0.1946,0.2762,31.1,-3.574,1,0,1.93,-0.43,159.13,-0.0126,-0.0311,-0.0255,-0.1132,-0.0499,5.42,-0.1495,0.4828
401736255,2025,21.0,175.0,0.2223,0.1958,80.2,-2.178,2,-1,-3.54,2.47,160.05,-0.001,-0.0516,-0.0291,0.0499,0.0099,1.98,0.2094,-0.017
401736256,2025,-4.0,176.0,-0.2374,-0.2975,-175.8,-2.486,-1,0,-7.25,2.52,161.52,0.0112,0.0927,-0.0367,-0.0724,0.0307,0.8,0.179,-0.7353
401736257,2025,-7.0,179.0,0.0183,-0.0896,81.2,5.379,0,0,-8.01,0.74,163.05,0.0006,0.006,0.026,-0.1263,-0.0545,-1.5,0.2379,-0.3796
401736258,2025,14.0,182.0,0.2486,0.2617,97.3,-0.087,0,0,8.08,1.69,160.22,0.004,-0.0686,-0.0331,0.0465,0.051,2.86,0.1229,0.1257
401736259,2025,23.0,159.0,0.5013,0.497,272.0,3.558,0,0,14.23,-0.12,159.56,-0.0381,-0.0328,-0.0857,0.0867,-0.0456,4.09,0.4957,0.0508
401736260,2025,15.0,159.0,-0.1388,-0.1442,61.0,-3.815,0,0,-3.27,0.72,160.55,0.014,-0.0179,-0.0069,-0.0588,-0.0175,0.03,-0.1766,0.1135
401736261,2025,-24.0,150.0,0.3682,0.3829,178.0,4.845,0,0,14.76,-4.81,162.43,-0.0333,-0.087,-0.0166,0.0691,-0.0344,1.13,-0.1123,0.5926
401736262,2025,-11.0,169.0,0.0351,0.0291,1.0,-2.496,4,-1,1.03,-0.08,161.6,-0.0131,-0.002,-0.0405,-0.0064,0.0365,1.01,0.788,-1.0024
401736263,2025,-15.0,187.0,-0.2936,-0.3914,2.9,0.085,3,0,-12.1,-0.33,161.15,-0.0199,-0.0204,-0.0147,-0.1002,-0.0727,1.12,-0.0613,-0.37
401736264,2025,10.0,150.0,-0.0303,0.0225,-37.5,2.139,0,0,-3.49,0.51,162.39,-0.0034,0.0373,-0.0678,0.0202,0.03,-1.36,0.306,-0.4245
401736265,2025,-38.0,152.0,-0.2715,-0.3638,-181.2,-2.296,0,0,-9.51,0.53,158.64,0.0652,0.0873,0.0126,-0.0507,0.1121,-2.83,-0.0666,-0.4859
401736266,2025,13.0,165.0,0.288,0.3593,159.3,1.896,1,0,8.69,1.07,162.64,0.0161,-0.0233,-0.0256,-0.0248,0.052,2.6,0.4617,-0.2099
401736267,2025,31.0,187.0,0.3371,0.3371,67.1,2.512,2,-1,9.74,-1.32,159.99,-0.0266,0.0166,-0.1286,0.0735,0.0726,3.23,0.4337,-0.2001
401736268,2025,10.0,162.0,0.0748,0.1447,109.3,7.221,2,0,4.67,-5.25,162.62,-0.0109,-0.0363,0.0005,0.1663,-0.0025,-5.08,-0.0829,0.3002
401736270,2025,-2.0,200.0,0.3975,0.3547,238.4,4.061,-1,1,4.86,0.41,164.67,-0.0219,-0.0408,-0.0733,-0.0,-0.0001,3.09,0.5466,-0.2153
401736271,2025,11.0,127.0,-0.2634,-0.3417,-96.5,-0.612,2,0,-11.36,3.11,160.35,0.0579,0.0378,0.1157,-0.0888,0.0285,-3.97,0.1145,-0.6202
401736269,2025,-15.0,171.0,-0.3516,-0.415,-208.8,-3.552,0,0,-22.69,-2.45,160.78,0.0497,0.012,-0.0014,-0.0478,0.0291,-1.37,-0.452,0.0517
401736272,2025,31.0,159.0,-0.3205,-0.3138,-138.0,-7.603,1,0,-10.06,2.83,161.0,-0.006,-0.014,0.0051,-0.1716,-0.0453,4.06,-0.3184,0.0201
401736273,2025,-26.0,186.0,-0.1694,-0.2047,-150.3,-0.43,0,0,2.67,2.4,162.99,0.0146,0.0369,-0.0808,-0.0076,0.0933,0.72,0.1982,-0.6436
401736274,2025,-16.0,160.0,-0.1552,-0.1586,-15.2,1.956,-1,1,5.3,-0.77,162.81,0.0462,0.0344,0.0392,-0.1635,-0.0219,-0.24,-0.0501,-0.14
401736275,2025,-4.0,176.0,0.2408,0.2401,133.5,0.887,-2,0,13.81,-0.45,160.5,-0.0281,0.031,-0.0531,0.0015,0.0337,3.55,0.0687,0.1757
401736276,2025,-16.0,186.0,-0.4469,-0.4417,-132.7,-3.687,-1,1,-1.98,3.37,160.31,0.0315,0.0492,0.0458,-0.0167,0.0258,-1.89,-0.0075,-0.6989
401736277,2025,10.0,174.0,-0.5735,-0.5633,-255.3,-2.057,-1,1,-17.55,0.57,166.97,0.0083,0.0786,-0.0134,-0.0815,-0.0363,-2.87,-0.3854,-0.2152
401736278,2025,-2.0,152.0,0.312,0.3251,22.9,-2.044,0,0,13.54,1.29,160.88,-0.0193,-0.0098,-0.0017,-0.11,-0.0005,2.65,0.1189,0.2442
401736279,2025,17.0,189.0,0.1978,0.0993,122.6,3.021,0,0,19.78,1.3,160.93,-0.0217,-0.0234,0.0742,-0.0666,-0.0603,0.37,0.3602,-0.3218
401736280,2025,-15.0,163.0,-0.046,-0.0172,-150.0,-2.049,1,0,8.32,1.91,163.7,0.0258,0.0014,-0.0006,0.0446,0.1154,-2.56,-0.0101,-0.1555
401736281,2025,6.0,208.0,-0.0268,-0.0157,55.1,1.036,0,0,3.91,0.53,163.52,0.0099,0.0445,0.0008,-0.0143,0.0266,1.0,-0.1118,0.1484
401736282,2025,-3.0,173.0,-0.3091,-0.3157,-112.2,-1.243,1,-1,-7.44,5.08,163.5,0.0065,0.045,-0.0594,-0.0795,-0.0092,0.82,-0.2193,-0.1296
401736283,2025,7.0,193.0,0.037,0.1707,6.0,1.512,1,0,9.24,-2.92,163.11,-0.0125,0.06,-0.038,-0.0211,-0.0165,-0.2,0.1261,0.0281
401736284,2025,-1.0,135.0,0.0609,0.0816,-44.8,-0.74,0,0,4.63,3.27,159.92,0.0,-0.0093,0.0605,-0.2101,-0.0367,2.5,0.1748,-0.0813
401736285,2025,23.0,167.0,0.0821,0.0775,24.6,-0.591,0,0,5.2,-5.43,161.67,0.0067,0.0347,0.0075,0.0406,0.0584,-0.16,0.0626,0.0246
401736286,2025,16.0,140.0,-0.6177,-0.5878,-227.2,-3.067,2,0,-2.38,-0.14,165.9,0.0172,0.0374,0.0125,-0.088,-0.0155,-1.53,-0.2368,-0.4896
401736287,2025,-7.0,139.0,-0.1878,-0.1448,-183.7,-6.576,2,-1,-19.88,2.86,157.05,0.021,0.0253,-0.0189,-0.1677,-0.0067,2.32,-0.4839,0.4682
401736288,2025,-10.0,166.0,-0.2378,-0.203,-161.3,-3.411,0,0,-2.5,-0.48,166.64,-0.0087,0.0159,-0.0887,-0.0553,0.0027,-0.59,0.0722,-0.3929
401736289,2025,-2.0,214.0,0.1881,0.2206,144.4,3.297,1,0,2.14,-4.19,163.29,-0.0348,-0.0637,-0.1011,-0.0638,-0.044,5.51,-0.0857,0.4572
401736290,2025,-53.0,169.0,-0.3296,-0.3754,-63.6,-0.116,1,0,-9.27,0.56,161.86,0.0047,-0.0001,0.0479,-0.0231,-0.084,-0.13,-0.5711,0.3821
401736291,2025,16.0,182.0,0.2645,0.2899,77.3,-0.464,-1,0,7.19,-2.52,157.98,-0.0308,-0.0151,-0.0196,0.1459,0.0708,0.59,0.1214,0.2116
401736292,2025,-9.0,165.0,-0.5284,-0.4863,-192.0,-1.905,0,0,8.27,0.41,165.74,0.0052,0.0638,0.0171,-0.093,-0.0171,-1.17,-0.4412,0.0309
401736293,2025,-16.0,150.0,-0.3685,-0.4489,-164.8,-1.323,0,0,-11.02,-4.39,161.31,0.0585,0.0712,-0.0303,-0.0346,0.0484,-1.23,-0.7172,0.3815
401736294,2025,24.0,178.0,0.1812,0.2373,31.9,-5.273,-1,1,-10.03,4.21,158.89,-0.0317,-0.0013,0.0021,-0.108,-0.073,5.41,-0.1269,0.5298
401736295,2025,-4.0,152.0,0.0083,0.0769,-19.2,-0.527,0,0,-2.49,-1.07,166.76,-0.0314,-0.0481,-0.0733,-0.0609,-0.0486,2.67,-0.1982,0.4077
401736296,2025,9.0,161.0,0.3666,0.4146,223.7,2.447,-2,0,2.55,0.11,166.37,0.0251,-0.0381,0.0659,0.0798,0.0007,1.48,0.3136,0.2034
401736297,2025,14.0,142.0,-0.2824,-0.34,-138.6,-1.528,0,0,-15.72,-3.01,159.29,0.0134,0.037,-0.0651,0.0485,0.0168,-2.15,-0.6956,0.5461
401736298,2025,9.0,191.0,-0.1786,-0.1517,-157.9,-3.507,2,0,-7.25,3.02,171.09,0.0036,0.0092,0.0301,-0.0043,0.0062,-2.42,-0.0715,-0.094
401736299,2025,16.0,148.0,0.3792,0.4397,83.8,1.816,0,0,-2.84,-2.1,165.04,-0.025,-0.0214,-0.0563,0.0242,-0.0286,-1.47,0.5154,-0.1623
401736300,2025,-4.0,178.0,-0.3105,-0.1529,-137.6,0.467,-1,0,-17.01,2.83,163.18,0.0028,-0.079,-0.0213,-0.0703,-0.1251,0.26,-0.4989,0.4789
401736301,2025,-6.0,150.0,-0.2619,-0.284,-55.5,3.446,0,0,-5.58,-4.91,157.83,0.0178,-0.0061,0.017,0.0861,0.034,-4.96,-0.0896,-0.195
401736302,2025,-21.0,151.0,-0.5478,-0.5719,-215.9,-1.268,-2,0,-16.75,-0.59,157.05,0.0416,0.0216,-0.0778,-0.1149,-0.0748,-2.9,-0.6209,0.1587
401736303,2025,11.0,193.0,0.308,0.2813,24.3,0.319,0,0,3.03,2.21,169.4,-0.0031,0.0112,0.005,0.0505,0.0815,-4.05,0.0808,0.2158
401736304,2025,35.0,155.0,-0.0472,0.0217,-62.1,-1.02,0,0,0.24,-1.4,164.24,-0.001,-0.0202,-0.0118,-0.0476,-0.053,-0.18,0.2892,-0.3631
401736305,2025,-11.0,165.0,-0.3796,-0.4931,-228.3,-3.272,0,0,-5.54,-0.35,164.31,-0.0293,0.0732,-0.0472,-0.0718,-0.0472,-1.27,-0.1786,-0.4494
401736306,2025,4.0,156.0,0.4988,0.3943,250.1,1.425,0,0,24.93,1.28,161.51,-0.0359,0.0477,-0.0124,0.1198,0.139,2.34,0.3348,0.0685
401736307,2025,4.0,176.0,-0.1295,-0.3119,30.0,-1.617,-1,0,4.26,-3.14,163.95,0.0081,0.0916,0.0759,0.072,0.0022,-0.3,-0.7716,0.723
401736308,2025,13.0,131.0,-0.2268,-0.1623,59.3,4.073,1,0,-7.57,-9.78,161.53,-0.0047,0.0013,-0.0291,0.0677,-0.0661,-0.93,0.1024,-0.335
401736309,2025,22.0,162.0,0.3903,0.3915,226.3,2.527,0,0,2.19,4.57,160.78,-0.0218,0.0085,0.0564,0.1136,0.0201,1.95,0.5822,-0.3242
401736310,2025,-12.0,154.0,-0.1695,-0.0578,-62.1,1.196,0,0,-10.47,1.26,162.55,0.0162,-0.0922,0.0034,0.018,-0.0617,-1.5,-0.1615,0.127
401736311,2025,-13.0,169.0,-0.0884,-0.1105,-49.5,-0.599,0,0,-0.9,3.09,161.8,-0.0421,-0.0085,-0.0161,0.0392,-0.0354,-1.6,-0.3129,0.3083
401736312,2025,3.0,185.0,-0.1889,-0.2506,-103.8,-2.839,-1,1,-0.58,0.53,167.72,0.0253,0.0787,0.0794,0.0873,0.0561,-4.16,-0.2515,-0.0335
401736313,2025,-8.0,140.0,-0.1262,-0.078,-25.1,0.62,0,0,-3.24,3.13,161.0,0.0003,0.0049,-0.0553,-0.0473,-0.0759,-0.64,0.2041,-0.3336
401736314,2025,8.0,180.0,0.4253,0.3524,173.7,2.857,-1,0,7.71,-3.08,164.02,-0.0077,0.0107,0.0107,0.0514,0.0132,0.12,-0.1583,0.7042
401736315,2025,17.0,131.0,0.0834,0.0558,107.7,6.041,1,-1,5.09,-8.32,158.61,0.012,0.0123,0.0313,0.1117,-0.0104,-5.0,-0.0586,0.1451
401736316,2025,-1.0,161.0,0.3039,0.2971,174.7,4.167,1,0,7.85,-0.81,164.03,0.0192,0.0257,-0.0384,0.0796,0.0577,1.34,0.0811,0.1977
401736317,2025,-8.0,202.0,-0.2267,-0.2362,-176.9,-2.862,0,0,1.67,2.46,165.59,0.0026,0.0591,0.0251,0.0275,0.0329,-2.11,-0.4218,0.2004
401736318,2025,9.0,133.0,0.0687,0.1049,77.0,-2.299,-2,0,-1.19,4.25,158.52,-0.0233,-0.0054,0.0539,0.0544,0.0007,3.88,0.6484,-0.8213
401736319,2025,-5.0,171.0,0.0359,0.0176,-62.2,-3.831,1,0,-6.15,5.74,153.68,0.024,-0.002,0.0328,-0.2042,0.0105,3.99,0.4584,-0.6541
401736320,2025,6.0,160.0,-0.1211,-0.107,-44.2,-2.684,2,-1,-4.74,-0.14,161.6,-0.0077,0.0931,0.0119,0.0003,-0.0355,1.2,-0.4939,0.4936
401736321,2025,-10.0,160.0,-0.0469,-0.0282,-33.2,-0.816,0,0,-17.74,5.67,161.89,-0.0088,-0.0516,-0.0962,-0.0915,-0.0713,1.04,0.0816,-0.2158
401736322,2025,-4.0,172.0,0.1505,0.1369,101.0,2.895,1,0,0.92,3.04,159.79,-0.0061,0.0078,-0.0321,0.1063,0.0311,1.32,0.0832,0.061
401736323,2025,-31.0,149.0,-0.2739,-0.1738,-209.8,-4.695,0,0,-13.87,3.44,150.42,0.0283,0.0084,-0.0787,-0.1755,-0.0561,0.89,-0.1794,-0.0158
401736324,2025,-1.0,193.0,-0.252,-0.273,-52.6,0.118,0,0,-7.53,-1.28,165.78,-0.0193,-0.0342,-0.002,-0.0864,-0.08,0.94,-0.2802,0.043
401736325,2025,-2.0,158.0,0.0459,0.0662,55.8,2.146,0,0,20.13,-6.17,161.12,0.0235,0.0702,0.0984,0.1128,0.0759,-1.35,0.3437,-0.3818
401736326,2025,-3.0,169.0,-0.0009,-0.001,-65.6,3.199,3,0,-0.86,2.37,161.17,-0.0026,-0.0557,-0.0546,-0.0671,-0.0285,-1.58,0.5792,-0.7929
401736327,2025,6.0,166.0,0.0804,0.0365,86.8,-1.148,2,0,13.84,-0.28,159.36,-0.0141,0.067,-0.0007,-0.0285,0.0849,3.79,0.3169,-0.3774
401736328,2025,9.0,181.0,-0.107,-0.0605,14.1,1.593,0,0,0.97,-6.15,161.83,0.0106,-0.039,0.0157,-0.1067,-0.0343,0.67,-0.0028,-0.068
401736329,2025,-6.0,192.0,-0.2878,-0.2357,-138.9,-3.323,2,0,-3.12,-0.94,160.82,-0.0071,-0.0067,-0.0281,-0.0268,-0.0539,2.67,-0.322,0.2374
401736330,2025,19.0,193.0,0.3913,0.405,214.3,2.098,0,0,11.3,-4.05,161.93,0.0051,0.0956,0.0533,0.0608,0.0379,1.75,-0.0197,0.5177
401736331,2025,-3.0,167.0,0.057,0.0725,12.5,-1.978,0,0,-13.5,0.91,163.89,-0.0265,-0.0575,-0.047,-0.0521,0.0145,2.55,-0.0981,0.3147
401736332,2025,-16.0,142.0,-0.3046,-0.2984,-36.7,3.315,0,0,3.79,-4.17,148.86,0.0029,-0.0103,-0.0353,0.107,0.0199,-3.43,-0.5926,0.3725
401736333,2025,10.0,160.0,-0.0903,-0.0899,-94.4,1.72,0,0,-15.67,0.12,159.55,0.0243,-0.0585,-0.0619,0.0385,-0.0648,-3.75,-0.2064,0.1604
401736334,2025,-11.0,149.0,0.1902,0.2071,67.1,0.956,0,0,9.8,-3.78,157.83,0.0223,0.0197,0.0893,-0.0259,0.0595,-3.35,0.0038,0.245
401736335,2025,-6.0,182.0,-0.6386,-0.5726,-222.2,-2.002,2,0,-11.95,-7.05,159.59,0.0627,0.0857,-0.0281,0.0356,-0.0146,-4.52,-0.4626,-0.1367
401736336,2025,2.0,146.0,-0.0633,0.0092,9.4,-3.171,0,0,-1.68,3.35,155.71,-0.0034,0.021,0.0105,0.0075,0.0139,0.74,-0.4862,0.5621
401736337,2025,-7.0,189.0,-0.1254,-0.2863,-2.2,1.823,0,0,1.72,-10.87,153.7,-0.018,0.0012,0.0299,0.1369,0.0551,-2.08,-0.0035,-0.4216
401736338,2025,1.0,161.0,0.2027,0.2439,58.4,-1.091,0,0,3.63,-0.91,166.48,0.0059,0.0307,0.0208,0.0771,0.102,0.61,0.417,-0.2336
401736339,2025,11.0,123.0,-0.1535,-0.1524,-39.5,-0.404,0,0,-2.44,3.62,157.01,-0.0278,-0.0101,-0.0648,0.0074,-0.0753,3.4,-0.2014,0.1513
401736340,2025,-6.0,176.0,0.5518,0.4778,329.5,5.543,0,0,16.78,1.81,157.09,-0.0177,-0.0463,0.0824,0.0917,0.0456,0.18,0.6534,-0.3661
401736341,2025,2.0,148.0,-0.0395,-0.038,-113.6,1.335,0,0,3.09,-3.72,154.27,0.0106,0.0122,0.0085,0.0726,-0.0706,-1.75,0.0052,-0.0487
401736342,2025,22.0,144.0,0.1377,0.1377,68.2,-2.919,0,0,1.65,-3.22,159.8,-0.0028,0.0463,0.0357,0.0305,0.0311,2.55,-0.2736,0.4963
401736343,2025,-5.0,185.0,-0.279,-0.2803,-148.0,-1.697,4,-1,-2.58,3.07,161.88,0.0087,0.0084,0.0088,0.0299,-0.0644,-0.83,-0.3857,0.091
401736344,2025,-35.0,155.0,-0.4819,-0.455,-153.6,-1.729,-1,0,-5.46,-0.77,166.6,0.0254,0.018,0.022,0.018,0.0027,-1.87,-0.0506,-0.6278
401736345,2025,9.0,153.0,0.1413,0.2507,12.2,-0.924,-2,1,-9.58,8.25,153.34,0.0327,0.0287,-0.0206,-0.1062,-0.0536,-0.31,0.1833,0.0477
401736346,2025,16.0,140.0,0.0008,0.0062,-24.8,-1.091,0,0,4.7,-3.42,155.77,-0.0196,0.0421,0.0475,-0.0054,-0.0456,2.76,0.4468,-0.4878
401736347,2025,-10.0,172.0,-0.336,-0.4067,-172.4,-1.373,0,0,-14.48,-2.04,153.19,0.0453,-0.0471,0.0246,-0.0746,-0.0048,-1.81,0.2979,-0.8072
401736348,2025,-10.0,178.0,-0.0456,0.0212,-110.6,-0.884,0,0,-13.91,-1.98,156.6,0.0318,0.0233,-0.0351,0.0059,0.0418,-4.67,-0.7756,1.2137
401736349,2025,-2.0,166.0,-0.2804,-0.3196,-114.2,-2.902,-1,1,-12.82,-6.41,159.68,0.0629,0.0619,0.0929,-0.0162,0.0178,-3.88,0.1074,-0.5712
401736350,2025,-9.0,171.0,-0.2364,-0.2666,-149.7,-7.164,0,0,-11.96,9.84,155.89,0.0456,-0.0257,-0.0281,-0.1628,-0.0444,0.58,-0.329,0.081
401736351,2025,13.0,181.0,0.3034,0.308,158.8,1.11,0,0,-0.86,-3.2,160.14,-0.0165,0.0089,-0.0194,-0.0265,0.0228,2.01,0.3103,0.002
401736352,2025,2.0,160.0,0.3843,0.3981,176.9,3.829,0,0,-12.69,-0.37,156.95,0.0283,-0.0377,-0.0239,0.113,0.0764,-5.29,-0.2709,0.8142
401736353,2025,-5.0,153.0,-0.4181,-0.494,-320.1,-3.996,0,0,-20.81,-0.06,155.06,0.046,0.0164,-0.0532,-0.0592,-0.041,-3.13,-0.4306,0.1211
401736354,2025,20.0,170.0,-0.2221,-0.2876,-13.5,-1.385,0,0,-13.11,-1.37,162.05,0.038,0.0902,0.0098,0.0415,0.0566,-3.99,-0.0647,-0.3068
401736355,2025,-8.0,176.0,-0.1315,-0.2456,-94.1,-7.702,1,0,-1.28,2.85,161.58,-0.004,0.0044,-0.0066,-0.0176,0.0427,1.65,-0.4369,0.3105
401736356,2025,-6.0,156.0,0.0173,-0.0773,-18.5,0.79,2,0,-4.69,-2.51,152.9,-0.0026,0.0469,-0.0034,0.074,-0.0756,-0.93,0.5881,-0.7229
401736357,2025,-6.0,196.0,-0.1662,-0.2296,-77.7,-1.874,1,0,-18.51,3.56,159.77,0.0091,-0.0478,0.0131,0.0313,-0.0281,-2.48,-0.529,0.3964
401736358,2025,26.0,152.0,0.3602,0.2844,178.4,3.901,-1,0,1.98,0.32,154.32,-0.0247,-0.0085,-0.1025,0.1274,0.0005,-0.89,0.1232,0.1222
401736359,2025,-14.0,172.0,0.305,0.1825,166.2,0.943,2,0,-0.01,-3.07,158.98,0.0218,0.1161,0.0097,0.0311,0.0871,-2.59,0.2578,-0.0858
401736360,2025,4.0,162.0,0.2507,0.3629,243.7,5.214,-1,0,9.57,1.27,158.75,-0.0284,-0.0361,-0.0068,0.1047,0.0217,0.39,0.9559,-0.9707
401736361,2025,22.0,178.0,0.5259,0.4085,253.0,6.937,0,0,18.24,-7.25,158.13,-0.0115,0.073,0.0152,0.0818,-0.0153,0.64,0.645,-0.2273
401736362,2025,-1.0,151.0,-0.0716,-0.1078,-121.0,-2.481,0,0,-6.08,2.16,162.0,0.0035,-0.0315,-0.0132,0.062,-0.0303,1.15,-0.248,0.1791
401736363,2025,-24.0,164.0,-0.5786,-0.5654,-252.7,-1.146,1,0,8.26,1.51,157.84,-0.0224,-0.0283,0.0254,-0.0338,-0.0942,1.43,-0.1725,-0.4904
401736364,2025,37.0,161.0,0.0192,0.0192,91.4,4.946,3,0,13.44,-3.4,149.1,-0.0593,0.0381,-0.0201,0.2105,-0.0057,0.62,-0.1913,0.277
401736365,2025,10.0,148.0,0.4492,0.5062,260.2,1.235,0,0,10.56,1.55,159.36,-0.0777,-0.1288,-0.0008,0.0185,0.0184,6.14,0.7559,-0.4749
401736366,2025,17.0,143.0,-0.128,-0.0914,-70.9,-1.235,0,0,-2.44,3.69,155.63,0.0007,0.0364,-0.0115,-0.0075,-0.0422,3.27,0.1589,-0.4891
401736367,2025,3.0,159.0,0.0517,0.0368,15.6,-0.154,1,-1,15.44,4.21,157.48,-0.0004,0.0413,-0.0465,0.0921,0.0301,1.77,-0.4768,0.7734
401736368,2025,12.0,138.0,-0.0329,-0.0038,-27.7,5.066,-1,1,3.28,-6.58,154.54,-0.0315,-0.0882,0.0637,0.1939,-0.0206,-0.44,-0.0694,0.0734
401736369,2025,-17.0,169.0,-0.5559,-0.5743,-172.2,-4.162,-1,0,-8.65,3.84,153.94,0.0191,-0.0093,0.0425,-0.1408,0.0235,0.09,-0.5033,-0.0924
401736371,2025,-6.0,176.0,0.4003,0.4005,128.2,2.864,1,-1,9.86,-1.41,161.68,-0.0407,-0.0258,0.001,-0.0947,0.0285,4.6,0.3968,-0.0029
401736372,2025,8.0,124.0,-0.2727,-0.2795,-63.2,1.238,-1,0,11.97,-0.96,148.76,-0.0272,-0.0271,0.0161,0.0799,0.0415,1.64,-0.3098,-0.0451
401736373,2025,6.0,164.0,0.2627,0.2627,11.9,3.99,1,0,6.56,-1.38,158.11,-0.0113,-0.0267,0.0047,0.0708,-0.0037,1.68,0.4457,-0.3261
401736374,2025,11.0,161.0,0.3985,0.362,168.4,3.908,0,0,10.31,-7.68,156.6,-0.0613,0.065,-0.0028,0.0346,-0.0215,0.37,0.6419,-0.3413
401736375,2025,24.0,152.0,0.0692,0.0969,-122.2,0.548,2,0,1.86,0.76,156.98,0.062,0.0546,-0.0022,0.0125,0.0321,-1.66,-0.3139,0.6489
401736376,2025,-6.0,144.0,-0.4261,-0.4115,-155.0,-3.817,2,0,-24.82,-0.94,155.32,0.0176,-0.0625,0.0084,-0.081,-0.0022,-2.64,-0.2831,-0.1481
401736377,2025,4.0,164.0,0.3237,0.2993,206.0,11.758,-3,0,26.93,-9.43,156.74,0.0005,0.013,0.0754,0.166,0.0978,-0.5,0.2753,0.0606
401736378,2025,10.0,184.0,-0.1586,-0.1575,-65.9,2.222,0,0,2.85,0.44,154.08,-0.0201,-0.0587,0.0016,0.0018,-0.0403,0.5,-0.7096,0.5986
401736379,2025,19.0,189.0,0.4218,0.3863,175.5,3.615,0,0,14.5,-6.81,157.6,-0.0558,0.0657,-0.0348,0.0334,0.0017,0.77,0.5745,-0.2178
401736380,2025,20.0,174.0,0.1346,0.2383,225.1,0.061,1,0,-2.81,1.79,157.11,-0.0381,-0.0523,-0.0721,0.0458,0.0184,-0.21,0.4903,-0.3969
401736381,2025,-8.0,160.0,0.0196,0.0211,-42.5,-3.11,1,0,3.02,6.66,155.18,-0.0328,-0.037,-0.0315,-0.0834,0.0214,6.08,-0.0368,0.018
401736382,2025,3.0,171.0,-0.5696,-0.5338,-171.6,-4.376,1,0,-21.74,0.46,155.44,0.0062,0.042,0.0175,-0.1521,-0.0551,-1.03,-0.5866,0.1455
401736383,2025,-6.0,150.0,-0.4391,-0.4089,-140.8,6.296,0,0,9.96,-1.64,151.47,0.0074,-0.0282,0.0853,0.1111,-0.0436,-1.03,-0.4835,0.1221
401736384,2025,-29.0,159.0,-0.1878,-0.174,-142.1,-0.921,1,0,-18.97,-2.45,157.89,0.0037,-0.1037,0.0319,-0.0276,-0.0169,-0.15,0.0254,-0.2555
401736385,2025,14.0,168.0,0.2269,0.2034,95.1,2.119,-1,0,8.71,-1.5,163.75,0.0213,0.0279,0.054,0.0531,0.0058,-1.02,0.015,0.2241
401736386,2025,14.0,146.0,0.4639,0.6936,330.4,2.419,1,0,13.15,-0.6,155.61,-0.0871,-0.1401,-0.1477,0.0802,0.0804,2.55,0.1692,0.5644
401736387,2025,25.0,149.0,0.6497,0.6598,214.5,4.221,1,0,24.59,-3.53,155.29,-0.0455,0.0442,-0.107,0.1676,0.0298,0.59,0.7568,-0.0886
401736388,2025,9.0,141.0,0.5329,0.6976,216.0,6.055,2,0,21.53,-3.86,151.48,-0.0057,0.0155,0.0495,0.1298,0.0485,0.75,0.5465,0.16
401736389,2025,11.0,155.0,-0.4646,-0.3485,-133.0,-0.711,-1,0,4.71,2.95,156.21,-0.0016,0.0298,0.0106,-0.0422,-0.068,-1.87,-0.5627,0.2999
401736390,2025,31.0,153.0,0.468,0.7458,333.7,2.967,0,0,14.78,-0.66,154.82,-0.0894,-0.1554,-0.1391,0.0993,0.0677,3.4,0.2119,0.617
401736391,2025,-5.0,171.0,0.3201,0.3201,123.3,3.431,1,0,6.82,-4.16,160.73,-0.0053,0.0138,-0.0121,0.0443,0.0533,1.02,0.7372,-0.6202
401736392,2025,1.0,147.0,0.2641,0.3468,-1.7,-6.198,1,0,-11.07,4.81,156.14,-0.0177,-0.0474,-0.0395,-0.1138,-0.0113,5.59,0.4179,-0.1091
401736393,2025,-16.0,160.0,-0.6978,-0.6888,-224.1,-4.284,0,0,-36.07,1.84,155.8,0.0517,-0.0415,0.1095,-0.1588,-0.0342,-2.32,-0.5112,-0.3009
401736394,2025,-5.0,177.0,-0.6305,-0.8265,-297.0,-5.975,0,0,-15.45,2.91,151.29,0.0411,0.1276,0.0592,-0.1271,-0.0533,0.68,-0.5474,-0.4988
401736395,2025,21.0,173.0,-0.3979,-0.3443,-221.2,-5.149,2,0,-14.26,4.69,161.11,-0.0,-0.0452,-0.0436,-0.1017,-0.0745,-0.98,-0.6267,0.3479
401736396,2025,19.0,125.0,0.3307,0.3786,143.7,-5.889,0,0,-3.89,1.46,151.82,-0.0076,0.0306,-0.0548,-0.1063,0.0248,1.55,0.5283,-0.1721
401736397,2025,-28.0,178.0,-0.3433,-0.2746,-198.1,-3.502,0,0,-14.95,5.7,158.17,0.0235,0.0379,0.0939,0.0115,-0.1218,-3.33,-0.6055,0.0383
401820272,2025,29.0,173.0,0.3607,0.4674,155.3,-4.242,0,0,9.53,0.19,151.85,-0.0097,0.0259,-0.0765,-0.0865,0.0505,1.19,0.7947,-0.4442
401820313,2025,12.0,148.0,0.3496,0.3123,57.5,1.798,-1,0,7.82,-1.96,155.57,-0.0284,-0.008,-0.0444,0.1144,-0.0325,3.43,0.4796,-0.2676
401820314,2025,-7.0,145.0,-0.2128,-0.1963,-74.7,-0.133,0,0,-5.42,4.05,152.35,-0.0049,0.0137,-0.0414,0.0358,0.0087,1.3,-0.1361,-0.1112
401820315,2025,25.0,179.0,0.0336,0.1692,116.7,3.249,-2,0,17.84,-2.65,156.45,-0.0226,-0.0182,-0.1006,0.0812,0.0704,-0.14,-0.1292,0.3846
401820316,2025,17.0,137.0,-0.371,-0.3345,-70.5,-1.968,0,0,-8.71,0.53,155.69,0.0221,-0.0077,0.0589,-0.1059,-0.0014,-4.0,-0.2446,-0.1683
401820317,2025,3.0,169.0,-0.1722,-0.1783,-132.8,-3.463,0,0,-29.42,2.39,156.04,0.0236,0.0066,0.0774,-0.0865,-0.0592,-1.41,0.4164,-0.7654
401820318,2025,-26.0,146.0,0.2265,0.0999,91.7,0.771,0,0,11.62,-4.19,155.71,0.0237,0.0135,0.0198,-0.0155,-0.0084,-1.69,-0.0483,0.3477
401820319,2025,-1.0,149.0,-0.3959,-0.4825,-170.1,2.982,0,0,-20.43,0.16,153.68,0.0221,-0.0478,0.0836,0.0966,-0.0686,-1.78,-0.6341,0.2061
401820320,2025,-2.0,172.0,0.3133,0.3311,42.3,1.367,0,0,-2.91,-0.82,156.01,-0.0203,-0.0006,-0.0649,0.0871,-0.0038,3.42,0.2223,0.1312
401820321,2025,1.0,147.0,0.1767,0.1703,120.5,3.409,0,0,25.01,-2.08,155.53,-0.0202,-0.026,-0.0068,0.0879,0.0338,1.13,-0.5001,0.8478
401820324,2025,6.0,152.0,-0.1499,-0.1142,-41.2,0.962,0,0,0.22,3.46,155.66,-0.0346,-0.0106,-0.0541,0.0033,0.0123,2.14,0.042,-0.2301
401820327,2025,-16.0,162.0,0.4391,0.4848,76.0,-1.486,0,0,6.03,-2.3,156.12,-0.0056,-0.0795,-0.0311,0.0774,0.0849,5.03,-0.2998,0.8716
401820328,2025,13.0,151.0,0.2296,0.2568,142.6,-3.466,2,0,8.12,-3.71,156.62,0.0129,0.0676,-0.0448,-0.0187,0.0274,0.6,0.2411,0.0431
401820330,2025,-6.0,172.0,0.2444,0.2714,151.6,-2.953,0,0,12.07,-2.68,158.01,0.015,0.0703,-0.0333,-0.006,0.044,2.02,0.2286,0.0886
401820331,2025,22.0,158.0,0.3361,0.3739,40.5,-2.31,0,0,-2.68,-2.09,156.76,-0.0012,-0.0505,-0.0377,0.0666,0.0689,4.37,-0.2438,0.7205
401820333,2025,8.0,160.0,-0.2124,-0.2378,-131.0,3.328,0,0,-6.49,2.75,161.7,-0.0179,-0.0573,0.0368,0.0052,-0.0088,-2.85,-0.1553,-0.1481
401820334,2025,-12.0,156.0,-0.3862,-0.4056,-61.7,1.497,0,0,-5.88,0.69,156.04,0.01,0.038,0.0234,-0.0341,-0.0588,-5.11,0.1985,-0.6975
401820337,2025,7.0,173.0,-0.4077,-0.3788,-85.9,0.854,0,0,-5.82,0.27,157.51,0.0047,0.0694,0.0186,-0.0147,-0.0579,-5.62,0.3975,-0.9046
401820338,2025,5.0,167.0,-0.1995,-0.0276,-111.0,3.679,0,0,1.81,2.66,160.73,-0.0052,-0.0329,0.0537,-0.0028,0.0097,-2.41,-0.2276,0.1705
401820340,2025,9.0,205.0,0.3854,0.4038,68.9,-0.487,0,0,4.7,-0.95,159.65,-0.0004,-0.0863,-0.0723,0.0307,0.066,4.89,-0.2071,0.6897
401820322,2025,3.0,175.0,0.2113,0.2456,85.7,-2.171,-2,0,1.57,-1.11,163.54,-0.0076,-0.0333,0.0131,-0.0655,0.0678,5.25,-0.731,1.1107
401820325,2025,13.0,169.0,0.2013,0.2013,91.2,-2.837,0,0,6.05,-0.29,162.84,-0.0183,-0.0239,0.0297,-0.086,0.0432,4.91,-0.609,0.968
401820326,2025,-2.0,178.0,-0.2199,-0.2199,-102.9,2.294,0,0,-6.75,-0.16,163.52,0.0129,0.0109,-0.0229,0.0995,-0.0565,-4.7,0.5958,-0.9736
401820329,2025,-11.0,183.0,-0.2584,-0.3495,-111.8,2.797,0,0,-6.19,0.87,162.83,0.0117,0.0093,-0.0048,0.0802,-0.0544,-5.19,0.3948,-0.9232
401866519,2026,-12.0,146.0,-0.4022,-0.5114,-134.4,-3.668,0,0,-12.34,0.72,156.9,-0.0085,0.0637,-0.0232,-0.1348,-0.0245,-1.22,0,-0.4438
401866520,2026,17.0,185.0,-0.4961,-0.5652,-233.9,-4.155,0,0,-11.29,0.66,164.33,0.0134,0.0204,-0.0955,0.0047,-0.0928,-3.47,0.0781,-0.6543
401867795,2026,-11.0,155.0,0.3878,0.2949,163.9,7.391,0,0,21.22,1.83,156.47,-0.0271,0.0963,-0.0508,0.0915,0.0283,3.08,0,0.3139
401856890,2026,31.0,181.0,0.3078,0.4405,153.2,3.253,0,0,13.22,-0.58,157.03,-0.0072,-0.0579,0.048,0.1284,0.0182,2.5,0.0662,0.2894
401856891,2026,-3.0,133.0,-0.1605,-0.1895,65.0,10.951,0,0,-0.42,-1.13,155.21,-0.052,0.0247,-0.0349,0.0827,-0.0598,-1.49,-0.2591,0.0585
401856892,2026,-11.0,171.0,0.1167,-0.0746,11.6,-4.982,0,0,5.88,2.36,155.46,-0.028,0.0016,-0.039,-0.1286,0.0488,1.79,0,-0.2149
401856893,2026,-3.0,211.0,0.0694,-0.0136,161.4,4.382,0,0,3.71,-0.12,166.22,0.0363,0.0455,0.0896,-0.0099,0.0488,-0.93,0.1019,-0.1455
401856894,2026,-33.0,165.0,0.0861,-0.0015,73.4,-4.181,2,0,6.89,1.74,165.13,-0.0271,-0.0359,0.0705,-0.0419,0.0486,5.42,0.0729,0.0105
401856895,2026,-15.0,181.0,0.0727,-0.2213,125.7,6.641,2,0,0.52,8.57,161.83,0.079,-0.0816,0.2153,0.0296,-0.0882,0.07,-0.0058,-0.2918
401856899,2026,-1.0,181.0,0.0679,-0.073,58.5,-3.387,0,0,1.83,0.14,159.16,-0.0048,-0.026,-0.0115,-0.0717,-0.0016,-0.18,0.2234,-0.3578
401856896,2026,-7.0,171.0,-0.345,-0.1931,-107.7,-0.564,0,0,-10.74,2.84,159.53,0.011,0.0082,-0.0118,-0.0475,-0.1118,-3.36,-0.0528,-0.2161
401856897,2026,-5.0,191.0,-0.2328,-0.3097,-135.5,-3.773,0,0,-10.27,-1.32,159.7,0.0076,-0.0231,-0.0529,-0.1357,-0.0042,-1.12,-0.1049,-0.2614
401856898,2026,-27.0,183.0,-0.264,-0.1499,-115.5,-0.58,4,-1,3.91,-0.16,167.69,0.0215,0.0185,-0.0099,0.0869,-0.0764,-3.47,-0.0417,-0.1425
401856900,2026,16.0,174.0,-0.1273,-0.2065,-40.2,-1.21,1,-1,-9.26,-5.05,159.5,0.0242,0.0113,0.0038,0.0819,0.0181,1.31,-0.2496,0.0603
401856901,2026,-5.0,149.0,-0.1507,-0.0866,-149.2,-5.673,0,0,9.16,2.99,164.71,-0.0277,-0.0814,-0.0139,-0.0676,0.0394,-1.59,0.3995,-0.6492
401856902,2026,-4.0,172.0,0.037,0.1553,-64.2,3.083,-1,0,0.81,0.07,162.11,0.0034,-0.0224,0.035,0.0599,0.0494,-4.21,-0.0941,0.3432
401856903,2026,2.0,194.0,-0.3295,-0.4564,-110.1,-6.855,1,0,-17.81,2.71,167.27,0.02,-0.0659,0.0631,-0.0402,-0.0399,-0.88,-0.0879,-0.4788
401856904,2026,13.0,159.0,-0.3745,-0.2297,-30.9,16.762,2,0,-0.52,2.41,160.47,-0.0073,-0.0569,0.0962,0.0429,-0.1718,-2.18,-0.1475,-0.1367
401856905,2026,-29.0,167.0,-0.5786,-0.6499,-201.6,-0.561,0,0,-16.01,-1.65,166.76,0.0318,0.0645,-0.0457,-0.0363,-0.0642,-6.49,-0.115,-0.7725
401856906,2026,-6.0,132.0,0.2241,0.1079,159.8,6.531,-1,0,7.18,0.23,154.08,-0.025,-0.0625,-0.0913,0.1453,0.034,1.24,-0.0803,0.2313
401856907,2026,-9.0,165.0,-0.079,0.0004,-119.6,-1.642,-1,0,-14.16,-0.45,169.63,-0.0043,-0.043,-0.0239,0.1021,-0.067,0.83,-0.2772,0.3389
401856908,2026,-4.0,176.0,-0.1003,-0.1047,-209.6,-2.87,0,0,4.33,2.31,164.75,-0.028,-0.0148,-0.021,0.0214,-0.0295,-2.18,-0.0798,-0.0433
401856909,2026,-18.0,182.0,-0.4371,-0.4659,-99.9,-10.472,0,0,-15.15,0.55,165.45,0.004,-0.0417,0.0007,-0.0014,0.0021,-0.27,0.0209,-0.6724
401856910,2026,-7.0,195.0,-0.6335,-0.8332,-227.4,-1.627,0,0,-24.68,-1.67,166.93,0.0265,0.0325,-0.0418,-0.0463,-0.0693,-6.39,-0.4673,-0.4568
401856911,2026,-2.0,206.0,0.1626,0.1858,143.5,3.082,-3,0,15.19,4.26,164.74,0.006,0.0672,0.0282,0.0378,0.0527,-1.27,0.3173,-0.2261
401856912,2026,4.0,194.0,0.1425,0.2775,-59.7,-8.245,0,0,-12.05,3.61,165.36,0.0188,0.0106,-0.0321,-0.0126,-0.0394,-0.93,0.1255,0.0979
401856913,2026,8.0,174.0,0.2792,0.1691,159.0,5.098,1,0,3.74,5.15,159.14,-0.0188,-0.0786,-0.0248,0.0798,0.0512,-1.15,0.1244,0.0969
401856914,2026,-7.0,165.0,0.1457,0.2234,242.9,2.907,1,0,5.63,2.99,158.61,-0.0006,-0.0372,-0.0656,-0.0132,0.0422,0.84,0.1447,0.1112
401856915,2026,-1.0,169.0,-0.3024,-0.2649,-40.5,3.818,3,0,-8.64,-4.27,164.93,0.0164,0.0844,-0.0884,0.1018,-0.0522,-2.44,-0.2901,-0.0638
401856916,2026,11.0,167.0,0.185,0.1831,59.6,2.876,-2,0,11.51,7.78,166.61,-0.0085,0.0488,-0.0085,0.025,-0.0402,-1.16,0.2499,-0.1388
401856917,2026,-10.0,202.0,0.2116,0.2102,-47.9,-0.309,0,0,-9.1,2.55,165.35,0.0224,-0.0314,-0.0141,-0.0455,-0.0366,-2.85,-0.0172,0.2273
401856918,2026,23.0,161.0,0.1514,0.1133,-26.7,-0.699,1,0,4.41,0.85,164.75,-0.0429,-0.0017,-0.0401,0.0233,0.0192,-0.06,0.0449,0.2042
401856919,2026,1.0,165.0,-0.0437,0.0168,80.4,-4.739,1,0,6.55,-0.57,167.62,0.0095,-0.067,0.0752,0.1517,0.0513,1.26,0.1816,-0.2773
401856920,2026,-8.0,188.0,0.3657,0.4702,46.8,4.426,2,0,-0.46,0.52,163.85,0.0084,-0.0363,-0.0444,-0.0433,0.0252,-2.74,0.2804,0.2668
401856921,2026,17.0,163.0,0.3702,0.3461,113.4,9.165,1,0,18.77,4.35,170.38,-0.0022,0.0756,-0.0478,-0.0588,0.0088,-0.69,0.24,0.2147
401856922,2026,-10.0,188.0,-0.0376,-0.0099,-29.1,0.403,1,0,-4.0,-3.56,160.63,0.0293,0.0191,0.0993,-0.0165,-0.0319,0.58,-0.2178,0.3127
401856923,2026,-2.0,158.0,0.0854,0.1154,126.0,0.002,1,0,7.45,-3.02,164.61,-0.0128,-0.0625,0.0559,0.0459,0.075,2.38,0.0289,0.1726
401856924,2026,-17.0,157.0,0.1239,0.1717,60.0,-0.46,0,0,12.98,5.54,160.77,0.0101,-0.0451,0.0667,0.0101,0.0105,-0.48,-0.2355,0.6159
401856925,2026,28.0,172.0,0.2552,0.35,101.9,-0.166,2,0,-4.29,-0.86,163.86,0.0222,-0.0341,-0.124,-0.1414,-0.0023,0.79,0.4585,-0.1342
401856926,2026,-9.0,185.0,0.1183,0.0525,105.7,4.654,-2,0,8.0,-0.85,166.05,-0.0215,-0.0062,0.0358,-0.0102,0.0462,-0.99,0.0602,0.0171
401856927,2026,17.0,155.0,0.0302,0.0158,133.2,6.078,3,0,-7.52,0.45,163.54,0.0394,0.0398,0.0385,0.0759,-0.0685,2.25,-0.119,0.1907
401856928,2026,8.0,172.0,0.0286,0.0643,35.4,-0.956,1,-1,-0.5,9.2,165.17,0.0358,0.0104,0.0576,-0.0687,-0.0069,-0.2,0.0782,0.0135
401856929,2026,18.0,136.0,0.109,0.0817,113.3,-0.48,0,0,1.41,-2.84,164.48,-0.004,-0.0747,0.0739,0.0444,0.0642,1.97,0.1113,-0.016
401856930,2026,-10.0,160.0,-0.1133,-0.0255,-240.6,-3.47,1,0,-5.66,-2.24,159.99,-0.0214,-0.0235,0.083,0.0208,-0.0582,-1.02,0.0402,-0.0993
401856931,2026,-19.0,179.0,0.0531,0.0453,50.2,4.024,-1,0,7.81,0.08,164.18,-0.0231,0.08,0.0165,0.0786,0.0393,-0.73,0.0165,0.016
401856932,2026,-6.0,196.0,0.2962,0.3809,173.6,3.211,3,0,12.17,1.04,168.4,-0.0232,-0.0234,-0.0134,-0.0865,0.0377,3.57,0.2067,0.245
401856933,2026,2.0,162.0,0.035,0.0436,49.6,3.399,-1,0,8.99,-0.9,164.6,0.0251,0.0397,-0.0902,-0.0008,-0.034,2.34,0.1374,-0.1955
401856934,2026,-15.0,167.0,0.1287,0.2832,137.5,4.513,1,0,4.18,0.81,164.28,0.0374,-0.0422,0.0594,0.113,-0.0069,-0.76,-0.1302,0.5174
401856935,2026,12.0,182.0,0.0784,0.0024,79.8,-0.201,-3,0,4.46,-0.92,161.58,-0.0166,-0.014,0.0071,0.0529,0.0528,2.89,0.1084,-0.1218
401856936,2026,-7.0,155.0,0.3663,0.464,76.9,8.71,-1,1,-1.61,-0.23,164.32,-0.0074,0.009,-0.0199,0.0656,-0.0057,-2.53,-0.07,0.7316
401856937,2026,27.0,167.0,0.294,0.3499,163.3,4.482,0,0,15.25,-2.69,160.85,-0.0251,-0.0119,0.0426,0.1454,0.058,0.21,0.276,0.1118
401856938,2026,10.0,158.0,0.0282,0.1431,16.9,0.219,-1,0,-2.22,-1.37,163.93,0.016,-0.0395,-0.0416,0.0919,0.0308,-0.37,-0.0016,0.0822
401856939,2026,-7.0,215.0,0.2394,0.3099,-105.6,1.135,0,0,4.35,-0.91,162.92,-0.0136,-0.0434,0.0289,-0.1158,-0.0428,0.98,0.2608,0.0342
401856940,2026,15.0,177.0,0.012,-0.0059,52.3,-1.878,1,0,3.49,0.81,163.65,-0.0006,-0.0015,-0.0266,-0.092,0.0365,0.43,0.1004,-0.1137
401856941,2026,10.0,132.0,0.035,0.0936,115.1,-3.837,0,0,11.27,1.23,164.33,-0.0096,-0.0551,0.0173,0.077,0.0513,1.19,-0.0814,0.2617
401856942,2026,-14.0,142.0,0.1173,0.0714,91.5,0.529,0,0,10.45,-0.09,162.98,-0.0153,-0.0401,-0.0222,0.0733,0.0789,2.28,0.1035,-0.0339
401856943,2026,8.0,182.0,-0.2355,-0.2905,-159.7,-0.977,-1,0,-4.27,-4.51,166.13,-0.0311,0.0228,-0.0659,0.0427,0.0097,-3.5,-0.112,-0.2344
401856944,2026,2.0,178.0,-0.0709,-0.0976,-40.0,0.901,-2,0,0.74,-7.74,167.54,-0.0371,-0.003,-0.0585,0.0476,0.0093,0.24,-0.0419,-0.0919
401856945,2026,7.0,143.0,0.0759,0.0875,31.0,0.669,0,0,2.6,-1.06,162.8,0.0015,-0.0403,-0.0703,0.0724,0.0454,-0.43,0.1803,-0.166
401856946,2026,-5.0,179.0,-0.2477,-0.2123,-22.7,0.631,-3,0,-4.95,-4.54,164.65,-0.0004,0.0307,0.0496,-0.1142,-0.04,-0.65,-0.1432,0.0436
401856947,2026,-21.0,137.0,-0.1202,-0.1139,-266.5,-4.336,0,0,-16.71,0.59,163.76,-0.0462,-0.0637,0.0768,0.0765,-0.0789,-0.97,-0.0201,-0.0764
401856948,2026,-20.0,152.0,-0.3471,-0.421,-81.7,-7.086,0,0,4.11,0.37,162.84,-0.0041,-0.0835,0.0208,-0.0034,0.021,2.01,-0.0939,-0.4322
401856949,2026,21.0,165.0,0.0061,0.0426,1.0,-1.569,0,0,-5.64,2.14,161.79,-0.0087,0.0792,-0.0184,0.0696,-0.0099,-2.87,-0.3134,0.473
401856950,2026,3.0,165.0,-0.3701,-0.378,-98.8,-0.416,2,-1,-14.92,-3.45,164.79,-0.0018,0.0601,-0.054,-0.0918,-0.0809,1.51,0.2584,-0.8785
401856951,2026,16.0,184.0,-0.4141,-0.4046,-109.3,-5.367,-1,1,-6.91,-6.23,169.41,0.0341,-0.0229,-0.048,0.0058,-0.0069,1.07,-0.5103,0.174
401856952,2026,-10.0,172.0,-0.2498,-0.3124,-48.0,4.433,0,0,4.09,-4.25,166.14,-0.0051,0.0359,0.0056,0.1044,-0.0019,-1.57,0.1575,-0.5571
401856953,2026,23.0,135.0,0.374,0.3575,-20.2,-0.468,2,0,10.3,-0.04,160.61,-0.0493,0.0467,-0.0671,-0.0164,0.0504,-2.38,0.2011,0.1976
401856954,2026,-34.0,188.0,-0.1674,-0.183,-135.1,-2.484,0,0,-21.45,-1.37,163.95,-0.0185,-0.0491,0.1052,0.0887,-0.0486,-1.72,-0.2943,0.2204
401856955,2026,16.0,166.0,0.3814,0.4395,216.1,4.775,1,0,14.54,-0.36,162.5,0.0003,0.0096,-0.0239,0.0908,0.0536,-1.59,-0.025,0.6393
401856956,2026,18.0,162.0,-0.1895,-0.2992,61.0,0.776,0,0,5.01,-2.77,163.49,0.052,0.0467,0.0545,-0.0574,0.0349,-1.72,-0.2139,-0.1023
401856957,2026,18.0,172.0,0.2707,0.256,51.6,3.998,-1,0,-1.14,0.24,163.1,-0.0555,0.0046,0.0255,0.0349,0.0361,-1.36,0.229,0.0375
401856958,2026,-10.0,148.0,-0.2631,-0.3155,-151.3,-0.643,1,0,0.76,-1.05,169.22,0.0391,0.007,0.0474,0.0786,-0.0216,-2.03,-0.1744,-0.1499
401856959,2026,15.0,179.0,0.2562,0.2404,47.4,2.666,1,0,-2.08,-1.75,161.43,0.0178,-0.0487,-0.0735,-0.0088,0.0138,-0.26,0.4441,-0.3245
401856960,2026,-4.0,140.0,-0.2421,-0.2841,-26.2,0.481,0,0,5.64,-0.59,161.03,0.0223,-0.0308,-0.0552,-0.0178,-0.0025,1.85,0.245,-0.76
401856961,2026,12.0,154.0,-0.0484,-0.0388,-23.4,-2.204,3,0,-6.39,5.79,167.86,-0.006,-0.0585,0.0707,-0.027,0.0038,-0.91,0.307,-0.4379
401856962,2026,3.0,171.0,0.2474,0.297,117.3,1.081,1,0,16.03,1.37,162.4,0.052,0.0274,-0.0214,-0.1611,-0.0156,2.02,0.3227,-0.0997
401856963,2026,5.0,165.0,0.2305,0.2525,-11.3,0.849,0,0,-0.86,3.51,164.24,-0.0381,-0.0801,-0.0331,0.0394,0.0218,-0.93,-0.042,0.4225
401856964,2026,-8.0,200.0,-0.1403,-0.1108,-23.5,-1.835,-1,0,-8.52,2.86,163.76,0.0628,-0.022,0.088,0.0305,-0.0244,1.08,0.1296,-0.3263
401856965,2026,-6.0,150.0,-0.2133,-0.2242,-19.8,-2.953,1,0,8.05,-0.1,160.63,0.0333,0.0282,-0.128,0.0012,0.077,-0.34,-0.3254,0.3053
401856966,2026,20.0,156.0,0.6294,0.6675,209.3,2.425,-1,0,27.39,0.59,163.01,-0.0058,0.1355,-0.0423,-0.0792,0.099,0.18,0.4488,0.3091
401856967,2026,5.0,163.0,0.2121,0.1789,71.5,-3.71,2,0,-3.78,3.54,164.62,0.0359,-0.0319,0.0098,-0.1462,-0.0388,1.76,-0.0752,0.2678
401856968,2026,32.0,186.0,0.3093,0.3001,147.2,3.626,-2,0,1.95,-0.84,162.05,-0.0057,0.0324,-0.0933,0.1138,0.0195,1.69,0.1505,0.1493
401856969,2026,8.0,158.0,0.0624,0.1109,-16.0,-0.248,1,0,0.36,-5.41,165.01,-0.005,-0.0116,-0.0524,0.0369,0.0308,-1.88,0.0388,0.1085
401856970,2026,17.0,153.0,-0.0877,-0.1316,135.8,0.334,2,0,4.21,-2.55,165.23,0.0026,0.0588,0.0142,0.0974,0.0588,-2.74,-0.1758,0.0203
401856971,2026,17.0,161.0,0.2399,0.2562,-30.0,-0.684,0,0,1.32,3.63,163.08,-0.0225,-0.0258,0.0737,-0.0096,-0.0191,-0.26,0.2242,-0.041
401856972,2026,-9.0,169.0,-0.5052,-0.539,-205.6,-4.648,1,0,-17.54,0.51,159.6,0.0203,0.0558,0.0158,-0.1172,-0.0865,4.19,0.0093,-0.7705
401856973,2026,-2.0,154.0,-0.3249,-0.2913,-143.7,-3.903,0,0,-2.72,-3.34,166.26,0.0194,0.0426,0.097,-0.0958,-0.0284,-0.7,-0.3729,0.1469
401856974,2026,10.0,192.0,0.5702,0.5614,166.7,-0.667,0,0,19.3,1.63,163.86,-0.0403,0.0403,0.0051,-0.0788,0.0751,0.0,0.126,0.6057
401856975,2026,-7.0,157.0,-0.2095,-0.198,-233.6,-3.396,-1,0,-20.97,4.03,164.76,-0.0125,-0.1425,-0.0157,-0.0645,-0.0822,-0.35,0.0669,-0.3267
401856976,2026,24.0,176.0,0.2841,0.2672,188.1,3.659,-1,0,9.87,0.59,161.67,0.0445,0.0414,-0.0497,-0.0401,0.0315,3.8,0.0711,0.3222
401856977,2026,6.0,168.0,0.0951,0.1116,34.8,3.299,-1,0,7.45,0.2,160.34,-0.0415,0.0233,-0.1336,0.0784,0.1045,-1.73,0.3863,-0.3981
401856978,2026,4.0,208.0,0.1542,0.2495,146.6,3.015,1,0,10.74,1.74,162.21,-0.0364,-0.0158,-0.012,0.1157,0.0819,-2.97,-0.1175,0.5311
401856979,2026,-5.0,171.0,-0.2028,-0.2405,-1.5,2.371,-1,0,-15.77,-1.31,164.27,-0.0027,-0.0589,-0.0972,0.0232,-0.0121,1.22,0.0552,-0.3847
401856980,2026,8.0,220.0,0.1453,0.1058,221.7,3.017,1,0,8.96,1.28,167.84,0.0133,0.0401,-0.0416,0.0723,0.0215,-1.48,0.1153,0.0413
401856981,2026,-14.0,194.0,-0.0388,-0.0156,20.5,-0.36,-1,0,2.65,0.37,159.83,-0.0054,0.0786,-0.0259,-0.0098,0.0143,3.21,-0.1935,0.2013
401856982,2026,15.0,155.0,0.0075,0.0763,-23.9,-1.059,0,0,10.8,1.82,159.89,-0.0361,0.0244,-0.1339,-0.0231,0.0547,-1.54,0.5456,-0.6965
401856983,2026,-16.0,194.0,-0.6065,-0.6726,-166.1,-0.612,1,0,-15.4,-2.51,162.32,0.0585,0.0314,-0.0078,0.0421,-0.0569,-1.4,-0.5833,0.0747
401856984,2026,1.0,171.0,-0.1337,-0.0405,-83.2,-0.607,2,0,-9.21,-2.03,163.96,0.0545,-0.0049,0.0412,-0.0903,0.0043,-1.26,-0.0539,0.0037
401856985,2026,-4.0,148.0,-0.2037,-0.2256,-104.2,-1.139,-1,0,-13.15,1.28,160.86,0.0641,-0.0561,-0.0459,-0.0374,-0.0556,0.9,-0.1611,-0.1096
401856986,2026,-10.0,160.0,-0.316,-0.3817,-221.4,-4.83,1,0,-6.69,-5.42,167.96,0.0089,0.0613,0.0586,-0.0948,-0.0672,1.19,-0.3191,-0.1459
401856987,2026,3.0,197.0,-0.0953,-0.0445,-43.1,-4.633,-2,0,-9.79,0.46,163.95,-0.0137,-0.0148,0.0953,0.0612,-0.0128,-2.87,0.0984,-0.2163
401856988,2026,1.0,167.0,-0.3226,-0.2267,-41.1,-1.142,0,0,-14.82,-1.27,161.34,0.0563,-0.0219,0.0357,0.051,-0.0144,-0.82,-0.5712,0.555
401856989,2026,-9.0,213.0,-0.0706,-0.0803,31.2,1.345,-1,0,-9.64,-3.66,161.66,0.0002,-0.0324,0.0003,-0.0394,-0.0336,0.59,-0.2231,0.3165
401856990,2026,22.0,150.0,0.4103,0.4338,162.6,3.806,1,0,14.89,-0.99,161.52,-0.0221,-0.0479,-0.05,0.1285,0.0433,-0.9,0.1887,0.3489
401856991,2026,-25.0,179.0,-0.2417,-0.3677,-77.5,-1.627,-1,0,-0.18,2.33,163.98,-0.0081,-0.055,0.0348,-0.0106,-0.0152,-0.15,-0.1705,-0.2646
401856992,2026,30.0,162.0,-0.304,-0.232,-153.3,-0.071,0,0,-5.3,0.73,162.81,-0.0145,-0.0176,-0.0695,-0.0168,-0.0863,0.1,0.0913,-0.3967
401856993,2026,33.0,181.0,0.5968,0.6315,220.8,3.801,0,0,25.07,1.71,162.15,-0.0328,0.0681,-0.0339,-0.1097,0.0644,3.43,0.6057,-0.0403
401856994,2026,20.0,136.0,0.0477,0.0477,80.6,5.773,1,0,0.02,-4.18,163.63,-0.0331,-0.0198,-0.0302,0.0685,0.0155,-1.44,0.1449,-0.1044
401856995,2026,22.0,204.0,0.2093,0.3379,99.2,3.777,1,0,10.0,1.5,167.55,0.0316,0.0366,-0.009,0.0189,0.0058,-1.56,0.3885,-0.0459
401856996,2026,-7.0,169.0,0.0411,0.1268,-72.0,-1.397,1,0,-0.19,-0.03,162.13,-0.0337,0.0035,-0.0542,-0.0205,-0.0477,2.95,0.1441,-0.0411
401856997,2026,-1.0,191.0,-0.301,-0.2949,-245.1,-2.612,2,0,-22.91,5.45,165.12,-0.0205,-0.0495,-0.0043,-0.0916,-0.0431,2.45,-0.1626,-0.2355
401856998,2026,11.0,171.0,0.0015,-0.0324,50.1,4.365,0,0,-1.5,-2.47,161.07,-0.0019,-0.0199,0.0546,0.0968,0.0303,0.59,-0.1652,0.228
401856999,2026,-16.0,182.0,-0.3384,-0.4251,-214.4,-5.802,0,0,-16.36,0.79,164.82,0.0089,-0.0793,0.101,0.1067,-0.108,-2.7,-0.5237,-0.0028
401857000,2026,-10.0,162.0,-0.3445,-0.3927,-134.2,0.52,2,0,-4.05,0.4,161.31,0.0182,-0.0483,0.051,0.0134,-0.0683,1.59,-0.2979,-0.0367
401857001,2026,5.0,183.0,-0.1087,-0.026,9.1,-2.509,-3,0,-6.74,0.13,161.4,0.0221,0.0451,-0.0122,0.004,-0.0015,-1.55,0.028,-0.01
401857002,2026,-7.0,209.0,-0.0879,-0.0801,-8.7,0.829,-2,0,0.04,4.3,166.06,0.0363,-0.0536,0.0355,0.0049,0.0021,-1.83,0.1378,-0.2518
401857003,2026,-4.0,198.0,-0.0061,-0.0566,-134.1,-1.44,-1,0,0.53,-3.67,164.42,0.0051,0.0674,0.021,-0.0824,-0.0911,-0.28,-0.0527,0.0049
401857004,2026,-3.0,169.0,0.5175,0.4652,167.7,3.482,0,0,19.14,-0.01,159.76,-0.0134,-0.0132,-0.0373,0.1112,0.0432,2.35,0.303,0.2826
401857005,2026,-6.0,156.0,-0.2541,-0.3414,-118.9,-0.686,0,0,-9.9,-4.64,162.41,-0.033,-0.0713,0.0974,0.1586,-0.0484,-3.48,-0.1442,-0.2312
401857006,2026,17.0,209.0,0.1007,0.1349,27.9,-1.146,0,0,3.96,-3.71,167.9,-0.0454,0.0573,-0.0109,0.0055,-0.0187,2.32,0.0173,0.1199
401857007,2026,20.0,166.0,0.0714,0.1502,39.5,-1.805,0,0,0.58,-0.37,160.95,0.0111,0.0109,0.0538,-0.0289,-0.0129,0.6,-0.0937,0.2572
401857008,2026,1.0,185.0,0.1004,0.0109,157.0,0.3,0,0,8.15,-3.6,165.77,-0.0344,0.0305,-0.1106,0.0282,-0.0173,-1.27,-0.2009,0.2721
401857009,2026,19.0,165.0,0.2054,0.2174,61.9,-6.538,2,0,-5.69,0.85,158.86,0.0106,0.0318,-0.0179,-0.1099,-0.0018,1.1,-0.1645,0.4117
401857010,2026,-5.0,163.0,0.557,0.4989,256.6,4.119,0,0,17.04,2.46,162.63,-0.0256,0.0342,-0.2036,-0.0279,0.1409,5.87,0.2691,0.3053
401857011,2026,1.0,195.0,-0.2385,-0.2082,-133.1,-4.171,2,0,-10.68,2.79,164.04,-0.0176,-0.0077,-0.0224,-0.0353,-0.055,0.04,-0.5414,0.4263
401857012,2026,29.0,155.0,-0.2245,-0.2759,-11.4,-2.902,1,0,-0.63,-3.63,166.21,-0.0194,0.0731,-0.0066,-0.0456,-0.0911,-0.74,-0.1061,-0.2536
401857013,2026,7.0,181.0,0.4285,0.4174,137.9,1.336,-1,0,17.6,-0.94,167.75,-0.0229,0.097,0.0542,0.0132,-0.0085,1.05,0.255,0.2041
401857014,2026,9.0,163.0,0.1067,0.0714,88.6,1.291,0,0,4.45,6.18,167.1,0.0081,0.0218,0.0295,-0.0009,0.0439,-1.52,0.3558,-0.4253
401857015,2026,-2.0,222.0,-0.3143,-0.2838,-83.8,1.433,0,0,-15.25,-1.66,161.85,0.0374,-0.0142,-0.0246,0.0473,-0.0167,-1.61,-0.5285,0.327
401857016,2026,-11.0,163.0,0.1188,0.0847,46.8,-2.786,0,0,-1.45,-3.1,159.53,-0.0378,-0.0149,-0.0914,-0.0866,0.0208,0.71,-0.1992,0.327
401857017,2026,-2.0,220.0,0.1359,0.2313,98.1,1.792,0,0,6.38,4.72,166.18,0.0161,0.0413,0.0532,0.031,0.0546,-1.22,0.0438,0.3241
401857018,2026,-2.0,154.0,-0.4439,-0.4082,-237.2,-3.198,0,0,-9.15,-2.36,162.84,0.0315,-0.0203,0.1954,0.024,-0.0905,-6.62,-0.0737,-0.4497
401857019,2026,23.0,179.0,0.1318,0.1291,-121.2,1.514,-3,0,1.36,4.88,165.67,-0.0292,-0.0335,0.1131,-0.1077,-0.0266,2.42,0.1313,-0.0129
401857020,2026,11.0,143.0,-0.1836,-0.1369,-68.1,2.666,1,0,-8.62,-6.6,162.58,0.0082,-0.0485,-0.0592,0.0975,-0.0308,-2.52,0.0511,-0.2028
401857021,2026,28.0,222.0,-0.0697,-0.0355,15.5,2.469,-1,0,-4.97,1.45,168.21,0.0009,-0.0251,-0.0072,-0.0139,0.0838,2.06,0.1514,-0.24
401857022,2026,15.0,183.0,0.2294,0.2709,107.2,0.138,-1,0,-5.11,-5.88,161.45,0.0188,0.0048,0.0216,0.04,0.0174,0.13,-0.0145,0.3311
401857023,2026,11.0,187.0,-0.4007,-0.3325,-180.7,-1.099,1,0,-12.96,1.81,163.77,-0.0175,-0.0495,-0.1175,-0.0544,-0.0065,0.03,-0.4797,0.199
401857024,2026,11.0,125.0,-0.0938,-0.0226,-92.7,-2.213,2,0,3.47,0.64,163.11,-0.044,0.0488,-0.086,-0.0312,-0.0527,4.63,0.2794,-0.4007
401857025,2026,30.0,218.0,0.2115,0.2063,-82.1,2.821,0,0,11.02,3.88,165.32,-0.0166,-0.011,0.1258,-0.1097,-0.032,2.33,0.2964,-0.1279
401857026,2026,3.0,153.0,-0.0882,-0.1262,-47.0,3.962,0,0,-4.98,-6.4,159.63,0.0124,-0.0485,-0.0719,0.1248,0.0017,-1.38,-0.0744,-0.0086
401857027,2026,-9.0,169.0,-0.0572,0.1969,6.9,0.492,-1,0,-1.08,3.81,166.76,-0.0175,0.0038,-0.018,0.0302,0.0601,1.96,-0.096,0.3723
401857028,2026,24.0,198.0,0.1812,0.1711,122.5,4.394,1,0,12.31,1.5,169.81,0.0428,0.0237,0.0119,0.0019,0.106,-1.55,0.3841,-0.3164
401857029,2026,15.0,195.0,-0.2557,-0.3191,-174.3,0.236,1,-1,-5.62,-0.69,166.55,0.0313,-0.0662,-0.1312,0.0596,0.0177,-2.66,-0.4086,0.2099
401857030,2026,-8.0,162.0,-0.3125,-0.354,-181.1,-4.642,-1,0,-8.89,1.3,167.29,-0.0315,-0.0816,-0.0199,0.0276,-0.0878,-3.31,-0.1102,-0.2549
401857031,2026,1.0,247.0,0.1967,0.1765,22.8,7.132,0,0,16.62,-1.68,162.18,0.0454,0.0123,0.1683,-0.1229,-0.0389,-2.33,0.342,-0.3096
401857032,2026,-8.0,206.0,-0.3313,-0.2849,-252.5,1.765,-1,0,4.33,6.51,163.16,0.0179,0.0244,0.0873,-0.0301,-0.0084,1.13,0.1472,-0.353
401857033,2026,9.0,143.0,-0.1167,-0.1213,-17.5,1.886,-1,0,0.93,-3.97,159.95,-0.0202,0.0054,-0.0425,-0.0081,-0.0271,0.68,0.0159,-0.1853
401857321,2026,8.0,178.0,-0.1812,0.057,-50.8,2.161,0,0,-11.16,0.77,159.28,0.0297,-0.0017,0.0138,0.0982,-0.0354,-0.93,-0.1165,0.2885
401857034,2026,5.0,157.0,-0.2629,-0.3467,-153.9,1.447,-1,0,1.33,1.62,170.78,0.0649,-0.0148,0.0705,-0.0461,-0.0091,-2.39,-0.2474,-0.1365
401857035,2026,-3.0,169.0,-0.1366,-0.1732,-136.4,-0.42,1,0,11.86,-3.07,165.91,0.0052,0.0622,0.106,-0.0742,-0.0123,2.5,0.1942,-0.5059
401857036,2026,23.0,157.0,0.0273,-0.0863,48.2,-0.713,0,0,1.49,-1.28,164.29,-0.0088,-0.0181,0.1068,-0.0236,-0.0679,0.8,0.079,-0.2556
401857037,2026,13.0,185.0,-0.1023,-0.0295,-106.3,-2.865,-2,0,-5.44,-2.69,163.1,0.0212,-0.0414,0.1097,0.1593,-0.03,-4.48,0.0966,-0.2044
401857038,2026,8.0,188.0,0.3214,0.0974,253.0,-0.851,-2,0,-0.01,-5.73,165.91,-0.0156,-0.0375,-0.0613,0.0249,-0.012,-0.34,0.3154,-0.464
401857039,2026,-5.0,171.0,0.0076,0.036,5.7,-6.386,-3,0,-6.64,7.74,162.43,-0.0107,0.0276,0.0252,-0.0973,-0.0083,1.7,-0.1133,0.1297
401857040,2026,-5.0,149.0,0.2623,0.2531,28.8,4.504,-3,0,12.08,-6.31,169.32,0.0016,-0.0251,-0.0156,-0.0289,0.0451,-2.13,0.2219,0.0904
401857041,2026,-13.0,165.0,-0.0554,-0.1047,-24.5,1.989,2,0,3.24,0.37,169.27,0.0121,0.0232,0.0706,0.069,0.0837,0.47,-0.2789,0.2432
401857042,2026,-16.0,152.0,0.1861,0.018,45.5,-2.132,-3,0,-0.37,-4.5,167.32,-0.0431,-0.0436,-0.0395,-0.0467,-0.0866,2.7,0.0278,-0.065
401857043,2026,-13.0,111.0,-0.2897,-0.3568,-140.3,-2.103,2,0,-3.0,8.24,163.77,0.0596,0.0245,0.1187,-0.1546,0.0338,-2.94,-0.4142,0.0421
401857044,2026,-1.0,179.0,0.4173,0.3831,321.1,4.106,-1,0,-6.54,1.38,164.18,0.0026,0.0164,-0.1263,0.0816,0.0617,0.82,-0.0266,0.507
401857045,2026,-18.0,146.0,-0.025,-0.0279,11.4,-4.861,3,0,-16.2,2.82,167.54,-0.0252,-0.0054,0.073,0.0043,-0.1048,-1.33,-0.0666,-0.0398
401857046,2026,-11.0,165.0,0.2473,0.2729,81.7,3.096,2,0,3.06,-3.46,162.79,0.0339,0.0141,0.1206,0.1219,0.0435,-0.12,-0.0067,0.3372
401857047,2026,-11.0,143.0,-0.0495,0.012,139.9,-1.04,1,0,7.92,-5.62,167.94,-0.0086,-0.0183,-0.0618,0.0381,-0.008,-0.34,0.2577,-0.4573
401857048,2026,-8.0,158.0,-0.257,-0.2738,-127.9,-4.175,1,0,-8.57,7.22,161.07,0.0128,-0.0097,0.0274,-0.0457,0.093,-1.79,-0.5946,0.4528
401857049,2026,-6.0,166.0,-0.3124,-0.3686,-310.0,-3.367,0,0,8.25,-1.14,164.95,-0.0039,-0.0045,0.1174,-0.1012,-0.0318,0.25,-0.1298,-0.2822
401857050,2026,14.0,198.0,-0.3265,-0.1989,-172.8,-4.994,-1,0,-25.26,1.85,169.89,-0.0229,-0.0849,-0.0552,0.0137,-0.1556,0.61,-0.6586,0.5163
401857051,2026,11.0,167.0,0.162,0.162,127.6,-5.356,2,0,-10.76,2.67,168.06,-0.0184,0.0745,0.1335,-0.0381,-0.0597,-0.45,0.0183,0.1866
401857052,2026,-3.0,181.0,-0.2177,-0.2051,-88.0,-2.427,1,-1,-2.87,-3.86,165.86,-0.0014,-0.0582,-0.012,-0.009,-0.0589,1.65,-0.1602,-0.1189
401857053,2026,-8.0,168.0,-0.3818,-0.3516,-189.4,-2.363,1,0,-8.32,8.43,168.63,0.0284,0.0612,-0.0699,0.0698,0.0173,1.36,-0.4478,0.2636
401857054,2026,-15.0,143.0,-0.1973,-0.2155,-239.9,-6.167,0,0,-3.12,6.35,158.44,-0.002,0.0047,0.0889,-0.2169,0.015,1.95,-0.1648,-0.0949
401857055,2026,-13.0,203.0,-0.2136,-0.3655,-73.2,-0.285,-1,0,-5.04,0.37,165.71,0.0422,-0.0125,0.0723,0.0796,0.0686,-0.41,-0.6213,0.3463
401857056,2026,15.0,189.0,-0.1423,-0.0521,56.1,-3.068,-1,0,-18.48,0.88,172.75,-0.0274,-0.0676,-0.0807,0.0317,-0.0905,-2.08,-0.0842,-0.0814
401857057,2026,5.0,175.0,0.0405,0.0086,91.6,0,-1,0,2.03,2.22,161.78,-0.0205,0.0421,-0.0633,-0.1081,0.0431,3.27,-0.0126,0.1012
401857058,2026,48.0,164.0,0.436,0.411,125.4,0,0,0,-3.44,-1.35,161.63,-0.0187,-0.0308,0.032,-0.0418,-0.047,1.85,0.0663,0.4937
401857059,2026,-10.0,194.0,0.3939,0.332,167.6,0,0,0,7.53,-2.02,173.96,-0.0198,0.0367,0.0784,-0.0735,-0.0248,-0.12,0.409,-0.2282
401857060,2026,2.0,184.0,-0.3664,-0.3963,-135.9,0,1,-1,-3.54,1.86,162.2,0.0063,-0.0373,-0.0377,-0.0275,0.0741,-1.03,0.0168,-0.457
401857061,2026,5.0,163.0,-0.1147,-0.0344,-7.3,0,2,0,-2.75,0.23,167.84,0.0404,0.0786,0.1576,-0.0619,-0.0261,-3.45,-0.1281,0.1241
401857062,2026,5.0,187.0,0.0461,0.0892,171.0,0,0,0,6.86,-4.84,168.74,-0.0414,-0.0049,-0.15,-0.0154,-0.012,-1.56,0.263,-0.3004
401857063,2026,-34.0,184.0,0.2048,0.1697,39.0,0,-2,1,5.68,-3.05,163.43,-0.0278,-0.0632,0.0145,-0.035,-0.0936,2.43,-0.2276,0.5388
401857064,2026,9.0,193.0,0.1926,0.2017,119.6,0,-1,0,1.27,-1.39,173.33,0.0171,0.1112,0.075,-0.0221,-0.0386,1.82,0.3058,-0.1598
401857065,2026,4.0,204.0,0.4809,0.4919,206.9,0,0,0,10.33,-0.68,162.99,-0.0152,0.0997,-0.0132,-0.05,0.0487,4.65,0.3137,0.2642
401857066,2026,3.0,177.0,0.1011,0.128,-69.6,0,1,0,-0.24,-5.5,169.32,-0.0098,0.0478,0.0687,-0.1896,-0.0364,1.72,0.1415,-0.0278
401857067,2026,-17.0,141.0,0.0258,0.0219,11.9,0,0,0,-5.48,-1.25,168.14,-0.0197,-0.0636,-0.1238,0.1122,0.0854,0.02,0.1446,-0.1816
401857068,2026,5.0,185.0,0.0293,0.0085,-65.5,0,0,0,-0.39,1.7,168.95,-0.0322,0.0027,0.0927,-0.0201,0.0275,-2.27,0.0877,-0.1255
401857069,2026,9.0,183.0,0.3803,0.3981,241.6,0,0,0,4.18,-6.54,168.36,0.0021,0.0892,0.024,0.001,0.0619,2.56,0.6269,-0.2041
401857070,2026,-13.0,163.0,0.0305,0.1275,5.7,0,-2,0,2.56,7.75,158.48,-0.0085,-0.0272,0.054,-0.0422,0.1008,-3.53,0.2486,-0.2408
401857071,2026,-19.0,131.0,0.0312,0.0646,37.7,0,0,0,3.12,-3.08,170.19,0.0145,0.0769,0.0678,-0.1348,-0.0633,-3.79,-0.0447,0.1449
401857073,2026,3.0,217.0,0.231,0.2212,170.0,0,0,0,7.05,-2.4,166.69,-0.0285,-0.0072,0.0557,0.0373,0.1281,-3.53,0.3869,-0.195
401857074,2026,-19.0,203.0,-0.3392,-0.3105,-133.8,0,-1,0,-10.27,-4.04,168.31,0.0156,-0.0993,-0.1038,0.0542,0.104,-3.68,0.4427,-0.8295
401857075,2026,14.0,178.0,-0.0565,-0.0327,-60.8,0,0,0,-0.57,-0.78,173.18,-0.0061,0.0586,0.0471,-0.0205,0.0177,0.73,-0.0462,0.1117
401857076,2026,-13.0,179.0,-0.0184,-0.0535,111.7,0,1,0,-6.34,0.33,162.3,0.0024,-0.0812,-0.0359,0.1595,0.0505,-6.23,-0.0934,0.0593
401857077,2026,20.0,196.0,0.0244,-0.005,24.8,0,-4,1,3.06,0.02,164.32,-0.0182,0.026,0.0194,-0.051,0.1169,-0.55,0.1278,-0.08
401857078,2026,8.0,194.0,0.5572,0.5864,245.9,0,1,0,-0.36,-4.34,165.67,-0.0325,0.0259,0.0315,-0.0791,0.0357,1.16,0.5443,0.0455
401857079,2026,5.0,143.0,0.3936,0.3892,184.9,0,1,0,12.6,-7.16,157.74,-0.0416,-0.0511,-0.0816,0.131,0.0645,4.01,0.5643,-0.16
401857080,2026,8.0,172.0,0.1172,0.0521,120.0,0,3,0,11.31,-5.45,169.45,-0.0456,0.0706,-0.0683,-0.0521,0.0234,-0.71,0.1067,-0.0519
401857081,2026,2.0,184.0,0.204,0.1915,191.4,0,0,0,3.18,-1.16,171.95,0.0154,0.0867,0.0505,0.0081,-0.0667,1.77,0.4211,-0.3686
401857082,2026,9.0,135.0,-0.0575,-0.1079,79.8,0,0,0,-15.8,0.5,163.34,-0.002,-0.0871,-0.0359,0.1269,0.0331,-6.16,-0.1805,0.0865
401857083,2026,-26.0,192.0,-0.4324,-0.5379,-173.4,0,-2,0,-13.84,1.64,162.02,0.0516,-0.0,-0.059,0.0738,0.0739,-2.76,-0.3391,-0.3343
401857084,2026,-8.0,172.0,0.3678,0.3621,189.1,0,0,0,13.78,-6.27,153.89,-0.0484,-0.0713,-0.0342,0.1315,0.0696,3.61,0.4833,-0.0617
401857085,2026,-3.0,207.0,-0.442,-0.4856,-258.2,0,1,0,-8.47,4.32,166.45,0.0496,0.053,-0.0485,-0.0339,-0.0674,-1.09,-0.4258,-0.0568
401892393,2026,-1.0,197.0,-0.0475,-0.2966,-15.9,0,-1,1,15.85,-0.18,165.13,-0.0421,0.0092,-0.078,-0.1203,0.0203,-2.11,-0.1537,-0.0875
401857086,2026,-4.0,168.0,0.0117,0.0054,-38.2,0,0,0,4.47,4.94,167.97,-0.0034,-0.0077,-0.0625,0.0198,0.0102,1.81,0.0428,-0.166
401857087,2026,-10.0,162.0,-0.4348,-0.4973,-263.3,0,0,0,-10.82,3.39,166.21,0.0557,0.0445,-0.0439,-0.0219,-0.0671,-1.22,-0.3277,-0.1486
401857088,2026,1.0,189.0,0.0852,0.15,182.4,0,-1,0,-7.48,-3.28,168.55,0.0134,0.0556,0.0045,0.073,-0.0314,0.2,0.26,-0.2705
401857089,2026,1.0,199.0,-0.4225,-0.483,-160.5,0,0,0,-6.31,-1.18,161.2,0.0773,0.1356,0.017,-0.0378,-0.0373,-2.2,-0.3674,-0.2443
401857090,2026,35.0,211.0,0.311,0.4559,241.0,0,1,0,11.88,1.48,163.95,-0.0313,0.0161,-0.0243,0.1443,0.1269,-3.11,0.2785,0.2511
401857091,2026,-4.0,198.0,-0.1914,-0.2012,-109.3,0,2,0,-4.45,1.85,166.98,0.0447,-0.0214,0.0343,0.1333,-0.0102,3.68,-0.3445,0.2422
401857092,2026,8.0,176.0,0.0296,0.2209,86.6,0,0,0,10.18,-1.58,162.92,0.012,0.0814,0.0068,0.0639,-0.0022,-5.22,0.1945,-0.0155
401857093,2026,7.0,193.0,0.6743,0.7994,285.4,0,0,0,22.54,-0.14,162.73,-0.0477,0.0611,0.0035,-0.0617,0.0346,6.02,0.9477,-0.0638
401857094,2026,-10.0,200.0,-0.3083,-0.3865,-196.8,0,0,0,-22.05,1.27,169.33,0.0427,0.0229,-0.076,-0.007,-0.1519,1.07,-0.4434,0.0057
401857095,2026,15.0,181.0,0.4282,0.3665,173.1,0,0,0,6.48,-3.04,165.06,-0.0358,-0.0065,0.084,-0.0897,-0.0312,0.28,0.177,0.148
401857096,2026,-4.0,222.0,-0.1835,-0.2292,-156.0,0,0,0,-3.9,3.25,170.14,0.0148,-0.0866,-0.0509,-0.0458,-0.0046,0.32,-0.2818,0.104
401857097,2026,-1.0,163.0,-0.2382,-0.142,-31.0,0,0,0,-1.11,-2.28,167.63,-0.0293,-0.062,-0.1094,-0.0429,0.0966,-3.21,0.029,-0.1647
401857098,2026,2.0,180.0,-0.1955,-0.1864,-144.6,0,0,0,-13.69,7.59,156.44,0.0104,-0.0739,0.0257,-0.1038,-0.0422,-3.22,-0.4762,0.4666
401857099,2026,-32.0,176.0,-0.642,-0.6426,-288.2,0,0,0,-21.25,0.19,163.4,0.0456,-0.0386,-0.013,0.0687,-0.0563,-5.57,-0.3596,-0.4654
401857100,2026,6.0,182.0,0.2362,0.2935,25.5,0,3,0,10.81,3.49,168.57,-0.039,-0.0652,-0.018,0.0908,0.0027,-2.25,0.0637,0.3087
401857101,2026,5.0,203.0,0.0389,0.0751,31.5,0,0,0,12.71,-3.33,164.41,-0.0342,-0.1025,0.0385,-0.0707,-0.0212,0.44,-0.3187,0.6194
401857102,2026,9.0,187.0,0.3234,0.2927,172.5,0,-1,0,11.01,0.91,170.02,-0.0106,0.0089,0.1009,-0.0139,-0.0412,0.46,0.3362,-0.1121
401857103,2026,6.0,156.0,-0.1138,-0.1014,-89.9,0,1,0,-2.84,-1.46,163.67,0.0525,0.0898,0.1056,-0.0294,-0.0199,-0.35,-0.1245,-0.0098
401857104,2026,-14.0,210.0,-0.4392,-0.4343,-197.5,0,0,0,-15.76,0.2,167.01,0.0167,-0.0679,-0.0689,0.0724,-0.1177,-0.12,-0.5114,0.1428
401857105,2026,1.0,167.0,-0.2179,-0.2025,-220.4,0,0,0,0.64,5.22,166.61,0.0108,0.0211,-0.0422,-0.0178,-0.0199,0.26,0.2868,-0.6923
401857106,2026,-2.0,186.0,-0.2224,-0.2224,-98.8,0,1,0,3.36,-3.32,165.83,-0.0008,-0.0934,0.0494,-0.0593,-0.0534,-1.52,-0.3998,0.343
401857107,2026,8.0,208.0,0.1438,0.1362,72.0,0,1,0,-3.43,-1.93,166.16,-0.0135,0.0017,-0.0877,-0.0251,-0.0089,2.73,0.127,0.0152
401857108,2026,-5.0,207.0,-0.108,-0.1499,7.4,0,-3,0,1.49,-2.98,170.95,0.0027,0.0404,0.0283,0.0697,0.0171,-0.36,-0.1854,0.1533
