game_id,period,clock,team_txt
401537457,1,4:54,Official timeout
401537457,2,5:57,Lynx Full timeout
401537457,2,3:00,Mystics Full timeout
401537457,2,1:56,Lynx Full timeout
401537457,3,7:58,Mystics Full timeout
401537457,4,5:58,Official timeout
401537457,4,4:08,Lynx Full timeout
401537457,4,4:08,(04:08) [Lynx] COACH'S CHALLENGE (CALL O
401537457,4,1:42,Mystics Full timeout
401537457,4,1:42,(01:42) [Mystics] COACH'S CHALLENGE (REP
401537457,4,17.1,Mystics 20 Sec. timeout
401537458,1,4:00,Official timeout
401537458,2,9:32,Sky Full timeout
401537458,2,5:11,Sky Full timeout
401537458,3,4:41,Official timeout
401537458,4,6:52,Wings Full timeout
401537458,4,2:37,Sky Full timeout
401537458,4,50.0,Sky Full timeout
401537458,4,13.0,Sky 20 Sec. timeout
401537459,1,6:08,Sky Full timeout
401537459,2,5:40,Fever Full timeout
401537459,2,2:58,Official timeout
401537459,3,4:42,Official timeout
401537459,4,5:18,Sky Full timeout
401537459,4,3:45,Fever Full timeout
401535138,1,6:25,Mercury Full timeout
401535138,1,1:26,Storm Full timeout
401535138,2,6:52,Mercury 20 Sec. timeout
401535138,2,5:51,Official timeout
401535138,2,2:59,Storm Full timeout
401535138,3,3:55,Official timeout
401535138,3,1:09,Storm Full timeout
401535138,4,5:57,Storm Full timeout
401535138,4,2:48,Mercury Full timeout
401535138,4,7.0,Mercury 20 Sec. timeout
401535138,4,6.1,Storm 20 Sec. timeout
401537460,1,4:12,Official timeout
401537460,2,6:28,Liberty Full timeout
401537460,2,2:02,Liberty Full timeout
401537460,3,4:51,Official timeout
401537460,3,1:21,Sun Full timeout
401537460,4,5:45,Sun Full timeout
401537460,4,2:57,Liberty Full timeout
401537460,4,24.0,Liberty Full timeout
401537460,4,15.0,Liberty 20 Sec. timeout
401537460,4,8.1,Sun 20 Sec. timeout
401537461,1,5:23,Dream Full timeout
401537461,2,2:37,Mystics Full timeout
401537461,2,1:42,Mystics Full timeout
401537461,3,4:56,Dream Full timeout
401537461,3,55.0,Dream 20 Sec. timeout
401537461,4,8:32,Mystics Full timeout
401537461,4,2:52,Official timeout
401535139,1,4:58,Official timeout
401535139,2,5:54,Official timeout
401535139,2,2:24,Sparks Full timeout
401535139,2,6.1,Sparks Full timeout
401535139,3,5:11,Mercury Full timeout
401535139,3,2:12,Sparks Full timeout
401535139,3,1:40,Mercury Full timeout
401535139,4,8:58,Sparks Full timeout
401535139,4,8:58,(08:58) [Sparks] COACH'S CHALLENGE (CALL
401535139,4,2:59,Official timeout
401537462,1,3:11,Official timeout
401537462,2,5:34,Fever Full timeout
401537462,2,2:44,Wings Full timeout
401537462,2,59.1,Fever Full timeout
401537462,3,4:33,Official timeout
401537462,4,5:54,Fever Full timeout
401537462,4,4:40,Wings Full timeout
401537462,4,3:07,Fever Full timeout
401537462,4,3:07,(03:07) [Fever] COACH'S CHALLENGE (REPLA
401537462,4,2:43,(02:43) [Wings] COACH'S CHALLENGE (CALL 
401537462,4,2:01,Fever 20 Sec. timeout
401537462,4,28.0,Wings Full timeout
401525954,1,4:07,Official timeout
401525954,2,5:30,Lynx Full timeout
401525954,2,2:10,Sky Full timeout
401525954,3,8:38,Sky Full timeout
401525954,3,7:41,Lynx 20 Sec. timeout
401525954,3,6:25,Sky Full timeout
401525954,3,6:25,(06:25) [Sky] COACH'S CHALLENGE (REPLAY 
401525954,4,6:54,Lynx Full timeout
401525954,4,2:51,Official timeout
401525954,4,1:08,Lynx 20 Sec. timeout
401525954,4,18.0,Lynx Full timeout
401525954,4,18.0,(00:18.1) [Lynx] COACH'S CHALLENGE (CALL
401545052,1,5:53,Aces Full timeout
401545052,1,3:08,Liberty Full timeout
401545052,2,6:36,Liberty Full timeout
401545052,2,2:51,Official timeout
401545052,3,4:51,Official timeout
401545052,4,5:37,Official timeout
401545052,4,2:36,Liberty Full timeout
401537464,1,4:56,Official timeout
401537464,2,8:16,Dream Full timeout
401537464,3,4:51,Official timeout
401537464,4,7:58,Sun Full timeout
401537464,4,2:57,Official timeout
401537464,4,1:27,Sun 20 Sec. timeout
401507130,1,4:41,Official timeout
401507130,2,5:58,Fever Full timeout
401507130,2,4:48,Sun Full timeout
401507130,2,44.0,Fever Full timeout
401507130,2,34.1,Sun Full timeout
401507130,3,2:33,Official timeout
401507130,4,8:27,Sun Full timeout
401507130,4,5:22,Fever Full timeout
401507130,4,2:23,Sun Full timeout
401507130,4,1:00,Fever 20 Sec. timeout
401507130,4,48.0,Fever Full timeout
401507131,1,4:27,Official timeout
401507131,2,8:32,Liberty Full timeout
401507131,2,2:51,Mystics Full timeout
401507131,2,2:05,Liberty Full timeout
401507131,2,17.0,Mystics Full timeout
401507131,3,4:30,Liberty Full timeout
401507131,3,2:54,Liberty 20 Sec. timeout
401507131,4,7:26,Mystics Full timeout
401507131,4,6:14,Mystics Full timeout
401507131,4,2:11,Liberty 20 Sec. timeout
401507132,1,4:25,Official timeout
401507132,2,8:26,Lynx Full timeout
401507132,2,5:16,(05:16) [Sky] COACH'S CHALLENGE (CALL OV
401507132,2,4:10,Lynx Full timeout
401507132,2,1:33,Sky Full timeout
401507132,3,4:43,Official timeout
401507132,4,8:20,Sky Full timeout
401507132,4,4:58,Lynx Full timeout
401507133,1,4:40,Official timeout
401507133,1,1:39,Mercury Full timeout
401507133,2,5:38,Sparks Full timeout
401507133,2,2:56,Mercury Full timeout
401507133,3,6:20,Mercury Full timeout
401507133,4,5:52,Sparks Full timeout
401507133,4,2:19,Sparks Full timeout
401507135,1,4:48,Official timeout
401507135,1,2:51,Wings Full timeout
401507135,2,6:24,Dream Full timeout
401507135,2,2:18,Wings Full timeout
401507135,2,1:04,Dream Full timeout
401507135,3,8:45,Wings Full timeout
401507135,3,4:07,Dream 20 Sec. timeout
401507135,4,5:40,Official timeout
401507135,4,4:02,Dream Full timeout
401507135,4,1:17,Wings 20 Sec. timeout
401507135,4,27.1,Dream 20 Sec. timeout
401507134,1,4:36,Official timeout
401507134,1,3:11,Storm Full timeout
401507134,2,8:13,Storm Full timeout
401507134,2,2:23,Aces Full timeout
401507134,3,6:35,Storm Full timeout
401507134,3,2:46,Aces Full timeout
401507134,4,5:14,Storm Full timeout
401507134,4,10.0,Official timeout
401507136,1,5:40,Sun Full timeout
401507136,2,7:34,Mystics Full timeout
401507136,2,2:24,Official timeout
401507136,2,16.1,Sun Full timeout
401507136,3,4:20,Official timeout
401507136,4,9:04,Sun 20 Sec. timeout
401507136,4,9:04,(09:04) [Sun] COACH'S CHALLENGE (REPLAY 
401507136,4,5:59,Mystics Full timeout
401507136,4,1:25,Mystics 20 Sec. timeout
401507136,4,57.0,Sun 20 Sec. timeout
401507136,4,46.0,Mystics 20 Sec. timeout
401507136,4,17.0,Sun 20 Sec. timeout
401507136,4,5.1,Mystics Full timeout
401507137,1,6:48,Fever Full timeout
401507137,2,5:54,Fever Full timeout
401507137,2,2:57,Liberty Full timeout
401507137,2,1:26,Fever Full timeout
401507137,3,5:49,Liberty Full timeout
401507137,4,4:54,Official timeout
401507137,4,2:28,Fever Full timeout
401507138,1,4:22,Official timeout
401507138,2,6:59,Mercury Full timeout
401507138,2,2:58,Sky Full timeout
401507138,2,1:48,Sky Full timeout
401507138,3,4:52,Official timeout
401507138,4,8:04,(08:04) [Sky] COACH'S CHALLENGE (CALL OV
401507138,4,5:07,Mercury Full timeout
401507138,4,2:01,Mercury 20 Sec. timeout
401507138,4,1:00,Mercury Full timeout
401507138,4,1:00,(01:00) [Mercury] COACH'S CHALLENGE (CAL
401507138,4,16.1,Mercury 20 Sec. timeout
401507138,4,6.0,Sky 20 Sec. timeout
401507139,1,4:25,Official timeout
401507139,2,6:22,Mystics Full timeout
401507139,2,3:01,Sun Full timeout
401507139,3,5:32,(05:32) [Mystics] COACH'S CHALLENGE (CAL
401507139,3,5:32,Mystics Full timeout
401507139,4,5:40,Official timeout
401507139,4,4:01,Sun Full timeout
401507139,4,4:01,(04:01) [Sun] COACH'S CHALLENGE (CALL ST
401507139,4,52.0,Mystics 20 Sec. timeout
401507139,4,45.1,Sun Full timeout
401507139,4,21.1,Mystics Full timeout
401507140,1,4:55,Official timeout
401507140,2,6:22,Dream Full timeout
401507140,2,3:43,Dream Full timeout
401507140,2,2:53,Dream 20 Sec. timeout
401507140,2,2:31,Lynx Full timeout
401507140,3,7:16,Dream Full timeout
401507140,3,2:08,Lynx Full timeout
401507140,4,4:50,Official timeout
401507140,4,2:34,Lynx Full timeout
401507140,4,2:34,(02:34) [Lynx] COACH'S CHALLENGE (CALL S
401507140,4,1:12,Dream Full timeout
401507140,4,42.1,Lynx 20 Sec. timeout
401507140,4,21.0,Lynx 20 Sec. timeout
401507141,1,7:23,Aces Full timeout
401507141,2,5:59,Official timeout
401507141,2,3:11,Sparks Full timeout
401507141,2,33.0,Sparks Full timeout
401507141,3,4:19,Aces Full timeout
401507141,3,3:31,Sparks Full timeout
401507141,4,6:50,Sparks Full timeout
401507141,4,2:27,Official timeout
401507141,4,59.0,Aces Full timeout
401507141,4,51.1,Sparks Full timeout
401507141,4,29.1,Sparks 20 Sec. timeout
401507142,1,5:26,Lynx Full timeout
401507142,2,8:03,Lynx Full timeout
401507142,2,2:49,Official timeout
401507142,3,8:07,Mercury Full timeout
401507142,3,3:48,Lynx 20 Sec. timeout
401507142,4,5:47,Official timeout
401507142,4,2:30,Official timeout
401507142,4,53.1,Lynx Full timeout
401507142,4,49.1,Mercury Full timeout
401507142,4,36.1,Lynx Full timeout
401507143,1,3:43,Official timeout
401507143,2,5:51,Sky Full timeout
401507143,2,3:48,Sky Full timeout
401507143,2,51.0,Mystics Full timeout
401507143,3,7:23,Sky Full timeout
401507143,3,2:16,Mystics 20 Sec. timeout
401507143,4,6:29,Mystics Full timeout
401507143,4,4:27,Sky Full timeout
401507143,4,4:27,(04:27) [Sky] COACH'S CHALLENGE (CALL OV
401507143,4,38.1,Sky 20 Sec. timeout
401507143,4,22.1,Sky 20 Sec. timeout
401507143,4,10.0,Mystics 20 Sec. timeout
401507144,1,4:51,Official timeout
401507144,1,3:10,Storm Full timeout
401507144,1,1:06,Storm 20 Sec. timeout
401507144,2,5:03,Storm Full timeout
401507144,2,1:42,Wings Full timeout
401507144,3,5:36,Storm Full timeout
401507144,4,9:11,Wings Full timeout
401507144,4,2:43,Official timeout
401507144,4,1:40,Wings 20 Sec. timeout
401507144,4,4.1,Storm Full timeout
401507145,1,4:52,Liberty Full timeout
401507145,2,6:09,Sun Full timeout
401507145,2,2:11,Official timeout
401507145,2,1:07,Sun Full timeout
401507145,3,7:31,Sun Full timeout
401507145,3,3:12,Sun 20 Sec. timeout
401507145,4,5:45,Official timeout
401507145,4,2:40,Liberty Full timeout
401507146,1,6:37,Sparks Full timeout
401507146,1,1:42,Sparks Full timeout
401507146,2,8:09,Aces Full timeout
401507146,2,4:53,Sparks 20 Sec. timeout
401507146,2,2:45,Official timeout
401507146,3,4:32,Aces Full timeout
401507146,4,6:13,Sparks Full timeout
401507146,4,4:24,Sparks Full timeout
401507146,4,1:53,Sparks 20 Sec. timeout
401507147,1,4:50,Fever Full timeout
401507147,2,5:34,Dream Full timeout
401507147,2,2:42,Fever Full timeout
401507147,2,9.1,Fever Full timeout
401507147,3,4:53,Fever Full timeout
401507147,4,5:56,Dream Full timeout
401507147,4,3:10,Fever Full timeout
401507147,4,1:35,Dream Full timeout
401507147,4,42.0,Fever Full timeout
401507147,4,16.1,(00:16.7) [Fever] COACH'S CHALLENGE (CAL
401507147,4,16.1,Fever 20 Sec. timeout
401507147,4,13.0,Dream 20 Sec. timeout
401507148,1,7:20,Wings Full timeout
401507148,2,6:34,Wings Full timeout
401507148,2,1:54,Official timeout
401507148,3,4:57,Official timeout
401507148,4,7:19,Wings Full timeout
401507148,4,4:19,Sky Full timeout
401507148,4,4:19,(04:19) [Sky] COACH'S CHALLENGE (REPLAY 
401507148,4,25.1,Wings Full timeout
401507148,4,25.1,(00:25.8) [Wings] COACH'S CHALLENGE (REP
401507148,4,25.1,Sky 20 Sec. timeout
401507148,4,22.1,Wings 20 Sec. timeout
401507149,1,4:21,Official timeout
401507149,1,2:32,Lynx Full timeout
401507149,2,6:36,Lynx 20 Sec. timeout
401507149,2,5:41,Aces Full timeout
401507149,2,5:41,Official timeout
401507149,2,3:14,Aces Full timeout
401507149,2,1:01,Lynx Full timeout
401507149,3,6:34,Aces Full timeout
401507149,3,2:33,Lynx 20 Sec. timeout
401507149,4,5:48,Official timeout
401507149,4,4:25,Aces Full timeout
401507149,4,3:19,Lynx Full timeout
401507149,4,48.0,Lynx Full timeout
401507150,1,6:31,Sky Full timeout
401507150,2,5:44,Official timeout
401507150,2,2:50,Dream Full timeout
401507150,2,1:09,Dream Full timeout
401507150,2,27.1,Sky Full timeout
401507150,2,27.1,(00:27.5) [Sky] COACH'S CHALLENGE (REPLA
401507150,3,5:13,Dream Full timeout
401507150,3,2:35,(02:35) [Dream] COACH'S CHALLENGE (CALL 
401507150,4,4:38,Sky Full timeout
401507150,4,2:32,Sky 20 Sec. timeout
401507150,4,2:32,Official timeout
401507151,1,5:03,Fever 20 Sec. timeout
401507151,1,3:48,Official timeout
401507151,2,5:47,Sun Full timeout
401507151,2,2:29,Fever Full timeout
401507151,3,4:21,Official timeout
401507151,4,5:36,Sun Full timeout
401507151,4,2:57,Fever Full timeout
401507151,4,1:17,Sun 20 Sec. timeout
401507151,4,55.1,Fever 20 Sec. timeout
401507151,4,41.1,Sun Full timeout
401507151,4,9.1,Fever Full timeout
401507152,1,5:08,Wings Full timeout
401507152,2,8:31,Lynx Full timeout
401507152,2,2:49,Official timeout
401507152,2,32.1,Lynx Full timeout
401507152,3,6:16,Lynx Full timeout
401507152,3,2:11,Wings 20 Sec. timeout
401507152,4,9:00,Lynx 20 Sec. timeout
401507152,4,6:28,Wings Full timeout
401507152,4,2:46,Official timeout
401507152,4,1:36,(01:36) [Lynx] COACH'S CHALLENGE (CALL S
401507152,4,32.1,Lynx 20 Sec. timeout
401507152,4,22.2,Wings 20 Sec. timeout
401507153,1,5:59,Storm Full timeout
401507153,2,8:16,Liberty Full timeout
401507153,2,3:48,Liberty Full timeout
401507153,2,3:03,Storm Full timeout
401507153,3,4:33,Storm Full timeout
401507153,4,5:39,Liberty Full timeout
401507153,4,2:03,Official timeout
401507153,4,1:17,Storm 20 Sec. timeout
401507153,4,1:09,(01:09) [Liberty] COACH'S CHALLENGE (CAL
401507154,1,4:58,Official timeout
401507154,2,6:48,Lynx Full timeout
401507154,2,2:11,Sun Full timeout
401507154,2,21.1,Sun Full timeout
401507154,3,8:15,Lynx Full timeout
401507154,4,8:16,Sun Full timeout
401507154,4,6:10,Sun 20 Sec. timeout
401507154,4,2:18,Official timeout
401507154,4,57.1,Lynx 20 Sec. timeout
401507154,4,38.0,Sun 20 Sec. timeout
401507154,4,24.1,Lynx 20 Sec. timeout
401507154,4,21.1,Sun Full timeout
401507154,4,17.1,Lynx Full timeout
401507157,1,4:58,Official timeout
401507157,1,2:25,Liberty Full timeout
401507157,2,4:53,Sky Full timeout
401507157,2,2:35,Liberty Full timeout
401507157,2,56.2,Sky Full timeout
401507157,3,7:07,Liberty Full timeout
401507157,3,4:02,Sky Full timeout
401507157,4,5:36,Official timeout
401507157,4,2:59,Sky Full timeout
401507157,4,2:59,(02:59) [Sky] COACH'S CHALLENGE (REPLAY 
401507157,4,55.0,Liberty 20 Sec. timeout
401507157,4,14.1,Liberty Full timeout
401507157,4,7.1,Sky 20 Sec. timeout
401507157,4,7.1,Sky 20 Sec. timeout
401507155,1,4:56,Official timeout
401507155,2,5:36,Mystics Full timeout
401507155,2,2:54,Wings Full timeout
401507155,2,1:20,Mystics Full timeout
401507155,3,4:57,Official timeout
401507155,3,3:39,Wings Full timeout
401507155,4,8:28,Mystics Full timeout
401507155,4,6:06,Mystics Full timeout
401507155,4,6:06,(06:06) [Mystics] COACH'S CHALLENGE (CAL
401507155,4,3:45,Wings 20 Sec. timeout
401507155,4,2:42,Wings Full timeout
401507155,4,30.1,Mystics 20 Sec. timeout
401507156,1,4:42,Official timeout
401507156,2,5:52,Dream Full timeout
401507156,2,4:06,Aces Full timeout
401507156,2,57.2,Aces Full timeout
401507156,3,4:29,Official timeout
401507156,4,8:37,Aces Full timeout
401507156,4,2:31,Dream Full timeout
401507156,4,1:38,Dream Full timeout
401507156,4,1:38,(01:38) [Dream] COACH'S CHALLENGE (REPLA
401507156,4,1:07,Aces 20 Sec. timeout
401507156,4,41.0,Dream 20 Sec. timeout
401507156,4,22.1,Dream 20 Sec. timeout
401507156,4,10.0,Aces 20 Sec. timeout
401507158,1,7:53,Mercury Full timeout
401507158,2,5:09,Official timeout
401507158,2,2:00,Official timeout
401507158,2,26.1,Sparks Full timeout
401507158,3,4:25,Official timeout
401507158,4,5:20,Official timeout
401507158,4,4:06,Sparks Full timeout
401507158,4,1:34,Mercury 20 Sec. timeout
401507158,4,56.0,Sparks 20 Sec. timeout
401507158,4,33.0,Mercury Full timeout
401507158,4,21.2,Sparks Full timeout
401507158,4,12.2,Mercury 20 Sec. timeout
401507158,5,2:02,Sparks 20 Sec. timeout
401507158,5,1:03,Mercury Full timeout
401507158,5,15.1,Mercury 20 Sec. timeout
401507159,1,4:44,Official timeout
401507159,2,7:09,Mystics Full timeout
401507159,2,2:42,Lynx Full timeout
401507159,2,51.0,Lynx Full timeout
401507159,3,4:42,Official timeout
401507159,4,8:13,Lynx Full timeout
401507159,4,4:18,Mystics Full timeout
401507159,4,2:01,(02:01) [Lynx] COACH'S CHALLENGE (CALL O
401507159,4,31.1,Mystics 20 Sec. timeout
401507159,4,24.0,Lynx Full timeout
401507159,4,23.0,Mystics 20 Sec. timeout
401507159,4,17.1,Lynx 20 Sec. timeout
401507159,4,15.0,Mystics Full timeout
401507159,4,7.1,Lynx Full timeout
401507160,1,4:45,Official timeout
401507160,2,6:24,Storm Full timeout
401507160,2,2:50,Sparks Full timeout
401507160,3,4:54,Official timeout
401507160,3,2:06,Storm Full timeout
401507160,4,8:16,Storm Full timeout
401507160,4,6:39,Sparks Full timeout
401507160,4,1:42,Sparks Full timeout
401507160,4,58.0,Storm 20 Sec. timeout
401507160,4,44.1,Sparks 20 Sec. timeout
401507160,4,12.0,Storm Full timeout
401507161,1,4:55,Official timeout
401507161,1,1:59,Wings Full timeout
401507161,2,5:23,Sun Full timeout
401507161,2,2:13,Wings Full timeout
401507161,2,30.1,Sun Full timeout
401507161,3,4:40,Wings Full timeout
401507161,3,3:27,Sun 20 Sec. timeout
401507161,3,3:27,Wings 20 Sec. timeout
401507161,4,6:59,Sun Full timeout
401507161,4,1:00,Official timeout
401507161,4,15.1,Sun Full timeout
401507161,4,9.0,Sun 20 Sec. timeout
401507161,4,8.0,Wings 20 Sec. timeout
401507162,1,5:58,Sky Full timeout
401507162,2,5:51,Official timeout
401507162,2,2:47,Liberty Full timeout
401507162,3,9:09,Sky Full timeout
401507162,3,7:27,Liberty Full timeout
401507162,3,52.1,Sky Full timeout
401507162,4,7:00,Liberty Full timeout
401507162,4,5:55,Official timeout
401507162,4,4:12,(04:12) [Liberty] COACH'S CHALLENGE (CAL
401507162,4,4:12,Liberty Full timeout
401507162,4,29.1,Liberty 20 Sec. timeout
401507163,1,6:02,Aces Full timeout
401507163,2,5:44,Fever Full timeout
401507163,2,2:50,Official timeout
401507163,3,4:40,Official timeout
401507163,4,7:38,Aces Full timeout
401507163,4,6:25,Fever Full timeout
401507163,4,6:25,(06:25) [Fever] COACH'S CHALLENGE (CALL 
401507163,4,1:27,Fever Full timeout
401507163,4,1:00,Aces Full timeout
401507163,4,47.1,Aces 20 Sec. timeout
401507163,4,33.0,Fever 20 Sec. timeout
401507163,4,24.1,Fever 20 Sec. timeout
401507164,1,4:46,Official timeout
401507164,1,2:43,Sun Full timeout
401507164,2,5:46,Sun Full timeout
401507164,2,3:44,Aces Full timeout
401507164,3,7:05,Aces 20 Sec. timeout
401507164,3,4:44,Official timeout
401507164,3,2:29,Aces 20 Sec. timeout
401507164,4,5:35,Sun Full timeout
401507164,4,3:50,Aces Full timeout
401507164,4,1:57,Sun 20 Sec. timeout
401507164,4,38.1,Sun Full timeout
401507164,4,31.1,Aces Full timeout
401507164,4,28.0,Sun 20 Sec. timeout
401507165,1,3:51,Official timeout
401507165,2,6:00,Fever Full timeout
401507165,2,3:22,Sky Full timeout
401507165,2,3:22,(03:22) [Sky] COACH'S CHALLENGE (REPLAY 
401507165,3,4:43,Fever Full timeout
401507165,4,5:17,Fever Full timeout
401507165,4,2:14,Official timeout
401507165,4,22.1,Sky Full timeout
401507165,4,10.1,Fever 20 Sec. timeout
401507165,4,2.1,Sky Full timeout
401507165,5,50.0,Fever Full timeout
401507165,5,26.0,Fever 20 Sec. timeout
401507165,5,11.1,Sky 20 Sec. timeout
401507166,1,8:00,Storm Full timeout
401507166,1,3:33,Storm Full timeout
401507166,2,5:55,Official timeout
401507166,2,3:28,Sparks Full timeout
401507166,2,1:35,Sparks Full timeout
401507166,3,4:18,Official timeout
401507166,4,6:29,Sparks Full timeout
401507166,4,4:23,Storm Full timeout
401507166,4,1:39,Sparks 20 Sec. timeout
401507166,4,1:28,Storm 20 Sec. timeout
401507166,4,39.1,Storm 20 Sec. timeout
401507168,1,6:41,Wings Full timeout
401507168,1,4:56,(04:56) [Wings] COACH'S CHALLENGE (CALL 
401507168,2,8:23,Mercury Full timeout
401507168,2,2:12,Official timeout
401507168,3,8:07,Wings Full timeout
401507168,3,1:39,Mercury Full timeout
401507168,3,1:39,(01:39) [Mercury] COACH'S CHALLENGE (CAL
401507168,4,9:36,Wings Full timeout
401507168,4,2:27,Mercury 20 Sec. timeout
401507168,4,2:27,Official timeout
401507168,4,34.1,Mercury Full timeout
401507168,4,25.1,Mercury 20 Sec. timeout
401507169,1,4:43,Official timeout
401507169,1,3:29,Aces Full timeout
401507169,2,8:49,Sun Full timeout
401507169,2,1:33,Aces Full timeout
401507169,2,36.1,Sun Full timeout
401507169,3,4:07,Official timeout
401507169,3,3:38,Sun Full timeout
401507169,3,3:38,(03:38) [Sun] COACH'S CHALLENGE (CALL ST
401507169,4,8:21,Aces Full timeout
401507169,4,4:47,Aces Full timeout
401507169,4,2:25,Sun Full timeout
401507169,4,2:04,Sun 20 Sec. timeout
401507170,1,4:11,Official timeout
401507170,2,7:26,Liberty Full timeout
401507170,2,4:56,Dream 20 Sec. timeout
401507170,2,55.2,Official timeout
401507170,3,7:09,Liberty Full timeout
401507170,3,3:20,Dream Full timeout
401507170,3,1:01,Dream 20 Sec. timeout
401507170,4,5:25,Dream Full timeout
401507170,4,2:58,Official timeout
401507171,1,4:41,Official timeout
401507171,2,5:48,Wings Full timeout
401507171,2,2:56,Mercury Full timeout
401507171,2,41.1,Mercury Full timeout
401507171,3,6:08,Wings Full timeout
401507171,3,6:08,(06:08) [Wings] COACH'S CHALLENGE (REPLA
401507171,3,3:44,Mercury 20 Sec. timeout
401507171,4,5:36,Official timeout
401507171,4,3:17,Mercury Full timeout
401507171,4,2:05,Mercury Full timeout
401507171,4,1:32,Wings 20 Sec. timeout
401507172,1,4:25,Official timeout
401507172,1,2:08,Lynx Full timeout
401507172,1,2:08,(02:08) [Lynx] COACH'S CHALLENGE (REPLAY
401507172,2,5:54,Lynx Full timeout
401507172,2,2:56,Fever Full timeout
401507172,3,5:15,Lynx 20 Sec. timeout
401507172,3,4:34,Official timeout
401507172,4,5:15,Lynx Full timeout
401507172,4,2:57,Fever Full timeout
401507172,4,2:57,(02:57) [Fever] COACH'S CHALLENGE (REPLA
401507172,4,1:20,Lynx Full timeout
401507172,4,1:03,Lynx 20 Sec. timeout
401507173,1,7:19,Sky Full timeout
401507173,2,4:27,Sparks Full timeout
401507173,2,2:48,Official timeout
401507173,3,6:40,Sparks Full timeout
401507173,4,9:18,Sparks 20 Sec. timeout
401507173,4,6:45,Sparks 20 Sec. timeout
401507173,4,4:31,Official timeout
401507173,4,2:47,Sky Full timeout
401507173,4,52.0,Sky 20 Sec. timeout
401507174,1,3:52,Storm Full timeout
401507174,2,8:22,Storm Full timeout
401507174,3,4:58,Official timeout
401507174,4,5:14,Official timeout
401507174,4,4:47,(04:47) [Storm] COACH'S CHALLENGE (CALL 
401507174,4,1:35,Storm 20 Sec. timeout
401507174,4,1:20,Mystics 20 Sec. timeout
401507174,4,32.1,Mystics Full timeout
401507175,1,2:59,Official timeout
401507175,2,7:25,Wings Full timeout
401507175,2,4:05,Liberty Full timeout
401507175,3,8:29,Wings Full timeout
401507175,3,3:35,Wings Full timeout
401507175,4,6:00,Liberty Full timeout
401507175,4,4:03,Wings 20 Sec. timeout
401507175,4,2:58,Official timeout
401507176,1,4:35,Official timeout
401507176,2,7:47,Aces Full timeout
401507176,2,2:04,Sky Full timeout
401507176,2,24.1,Sky Full timeout
401507176,3,4:58,Official timeout
401507176,3,3:00,Sky Full timeout
401507176,3,3:00,(03:00) [Sky] COACH'S CHALLENGE (CALL ST
401507176,3,56.1,Aces 20 Sec. timeout
401507176,4,5:48,Official timeout
401507176,4,2:57,Official timeout
401507179,1,4:01,Official timeout
401507179,1,1:58,Storm Full timeout
401507179,2,7:11,Storm Full timeout
401507179,2,3:51,Mystics Full timeout
401507179,2,5.0,Mystics Full timeout
401507179,3,5:41,Mystics Full timeout
401507179,4,5:45,Mystics 20 Sec. timeout
401507179,4,5:45,Official timeout
401507179,4,4:19,Storm Full timeout
401507179,4,1:49,Storm 20 Sec. timeout
401507179,4,14.1,Storm 20 Sec. timeout
401507177,1,4:42,Official timeout
401507177,2,5:45,Dream Full timeout
401507177,2,2:41,Sun Full timeout
401507177,2,38.1,Sun Full timeout
401507177,2,26.0,Dream Full timeout
401507177,3,6:41,Sun 20 Sec. timeout
401507177,3,4:30,Official timeout
401507177,4,8:22,Dream Full timeout
401507177,4,5:17,Sun Full timeout
401507177,4,1:04,Dream Full timeout
401507178,1,4:34,Official timeout
401507178,2,5:12,Fever Full timeout
401507178,2,2:43,Mercury Full timeout
401507178,2,35.2,Mercury Full timeout
401507178,3,7:35,Mercury Full timeout
401507178,4,9:01,Fever Full timeout
401507178,4,2:30,Official timeout
401507178,4,50.0,Fever 20 Sec. timeout
401507178,4,28.2,(00:28.9) [Mercury] COACH'S CHALLENGE (C
401507178,4,28.2,Mercury 20 Sec. timeout
401507178,4,5.1,Fever Full timeout
401507180,1,1:56,Lynx Full timeout
401507180,2,5:04,Official timeout
401507180,2,3:38,Sparks Full timeout
401507180,2,1:03,Lynx Full timeout
401507180,3,3:54,Lynx Full timeout
401507180,4,5:51,Official timeout
401507180,4,3:36,Lynx 20 Sec. timeout
401507180,4,2:56,Sparks Full timeout
401507180,4,2:03,Sparks 20 Sec. timeout
401507180,4,1:09,Sparks Full timeout
401507180,4,19.1,Sparks 20 Sec. timeout
401507181,1,4:52,Official timeout
401507181,2,6:32,Mystics Full timeout
401507181,2,6:32,(06:32) [Mystics] COACH'S CHALLENGE (CAL
401507181,2,2:53,Fever Full timeout
401507181,3,8:22,Fever Full timeout
401507181,3,3:29,Mystics 20 Sec. timeout
401507181,4,4:56,Official timeout
401507181,4,2:40,Mystics Full timeout
401507181,4,1:55,Mystics Full timeout
401507182,1,4:23,Official timeout
401507182,2,6:51,Dream Full timeout
401507182,2,3:51,Liberty Full timeout
401507182,2,2:23,Dream Full timeout
401507182,2,19.1,Liberty Full timeout
401507182,3,9:11,Dream 20 Sec. timeout
401507182,3,5:41,Liberty Full timeout
401507182,3,1:29,Dream 20 Sec. timeout
401507182,4,7:05,Liberty 20 Sec. timeout
401507182,4,5:59,Official timeout
401507182,4,3:39,Dream Full timeout
401507182,4,2:00,(02:00) [Dream] COACH'S CHALLENGE (CALL 
401507182,4,1:10,Liberty 20 Sec. timeout
401507182,4,42.0,Liberty Full timeout
401507183,1,5:55,Mercury Full timeout
401507183,1,4:07,Storm Full timeout
401507183,2,7:03,Mercury Full timeout
401507183,2,5:03,Storm Full timeout
401507183,3,6:22,Storm Full timeout
401507183,3,4:11,Mercury 20 Sec. timeout
401507183,4,7:04,Storm 20 Sec. timeout
401507183,4,5:50,Official timeout
401507183,4,3:07,Mercury Full timeout
401507183,4,2:02,Storm 20 Sec. timeout
401507184,1,4:39,Official timeout
401507184,2,8:48,Wings Full timeout
401507184,2,2:24,Sparks Full timeout
401507184,2,31.1,Sparks Full timeout
401507184,3,4:56,Official timeout
401507184,4,7:47,(07:47) [Sparks] COACH'S CHALLENGE (CALL
401507184,4,5:59,Wings Full timeout
401507185,1,3:52,Official timeout
401507185,2,6:33,Dream Full timeout
401507185,2,2:53,Sun Full timeout
401507185,2,45.2,Dream Full timeout
401507185,2,20.1,Sun Full timeout
401507185,3,7:47,Sun Full timeout
401507185,3,6:17,Sun Full timeout
401507185,3,6:17,(06:17) [Sun] COACH'S CHALLENGE (CALL ST
401507185,4,5:57,Official timeout
401507185,4,2:57,Dream Full timeout
401507185,4,2:08,(02:08) [Dream] COACH'S CHALLENGE (CALL 
401507185,4,1:32,Dream 20 Sec. timeout
401507185,4,43.1,Dream Full timeout
401507185,4,23.2,Sun 20 Sec. timeout
401507185,4,8.0,Dream 20 Sec. timeout
401507185,4,0.1,Sun 20 Sec. timeout
401507185,5,50.1,Sun Full timeout
401507185,5,34.1,Dream Full timeout
401507185,5,21.2,Sun 20 Sec. timeout
401507186,1,4:55,Official timeout
401507186,2,5:52,Sky Full timeout
401507186,2,2:54,Fever Full timeout
401507186,3,4:59,Official timeout
401507186,3,2:25,Fever Full timeout
401507186,4,5:36,Sky Full timeout
401507186,4,2:58,Fever Full timeout
401507186,4,14.1,Sky Full timeout
401507186,4,7.1,Fever 20 Sec. timeout
401507187,1,5:39,Aces Full timeout
401507187,1,1:06,Storm Full timeout
401507187,2,5:26,Aces Full timeout
401507187,2,4:33,Storm Full timeout
401507187,2,1:17,Storm 20 Sec. timeout
401507187,3,5:03,Aces Full timeout
401507187,3,1:04,Storm 20 Sec. timeout
401507187,4,6:56,Storm Full timeout
401507187,4,2:47,Official timeout
401507188,1,8:01,Mercury Full timeout
401507188,2,6:52,Mercury Full timeout
401507188,2,3:05,Mystics Full timeout
401507188,2,1:37,Mercury 20 Sec. timeout
401507188,2,4.1,Mystics Full timeout
401507188,3,3:53,Official timeout
401507188,4,5:21,Mystics Full timeout
401507188,4,3:34,Mystics Full timeout
401507189,1,4:50,Official timeout
401507189,2,5:49,Sparks Full timeout
401507189,2,3:52,Lynx Full timeout
401507189,3,4:17,Official timeout
401507189,4,8:35,Sparks Full timeout
401507189,4,6:05,Lynx 20 Sec. timeout
401507189,4,2:40,Lynx Full timeout
401507189,4,49.2,Lynx 20 Sec. timeout
401507189,4,33.1,Sparks 20 Sec. timeout
401507189,4,18.0,Sparks Full timeout
401507190,1,3:48,Official timeout
401507190,2,6:26,Wings Full timeout
401507190,2,5:48,Storm Full timeout
401507190,2,3:57,Wings Full timeout
401507190,2,1:06,Storm Full timeout
401507190,3,4:36,Official timeout
401507190,3,1:33,Storm 20 Sec. timeout
401507190,4,7:21,Wings 20 Sec. timeout
401507190,4,7:00,Storm Full timeout
401507190,4,3:44,(03:44) [Wings] COACH'S CHALLENGE (CALL 
401507190,4,3:44,Wings Full timeout
401507190,4,55.1,Storm 20 Sec. timeout
401507190,4,31.1,Storm Full timeout
401507191,1,8:41,Mercury Full timeout
401507191,2,6:25,Liberty Full timeout
401507191,2,4:19,Mercury Full timeout
401507191,3,4:52,Mercury Full timeout
401507191,4,8:28,Liberty Full timeout
401507191,4,5:38,Mercury Full timeout
401507192,1,4:39,Official timeout
401507192,2,5:40,Mystics Full timeout
401507192,2,1:27,Mystics Full timeout
401507192,2,1.1,Sky Full timeout
401507192,3,7:00,Sky Full timeout
401507192,4,5:45,Official timeout
401507192,4,3:14,Mystics Full timeout
401507192,4,56.2,(00:56.9) [Sky] COACH'S CHALLENGE (CALL 
401507193,1,4:35,Official timeout
401507193,2,5:47,Fever Full timeout
401507193,2,2:35,Dream Full timeout
401507193,2,9.2,Dream Full timeout
401507193,2,3.1,Fever Full timeout
401507193,3,5:48,Fever 20 Sec. timeout
401507193,3,4:54,Official timeout
401507193,3,4:21,Dream 20 Sec. timeout
401507193,4,6:14,Fever Full timeout
401507193,4,3:36,Dream Full timeout
401507193,4,44.0,Dream Full timeout
401507193,4,44.0,(00:44.1) [Dream] COACH'S CHALLENGE (CAL
401507193,4,39.0,Fever 20 Sec. timeout
401507193,4,29.1,Fever Full timeout
401507193,4,9.1,Dream 20 Sec. timeout
401507194,1,4:34,Official timeout
401507194,2,7:08,Sparks Full timeout
401507194,2,5:51,Sparks Full timeout
401507194,2,2:30,Sun Full timeout
401507194,2,25.1,Sun Full timeout
401507194,3,4:10,Official timeout
401507194,4,5:46,Sparks Full timeout
401507194,4,2:48,Sun Full timeout
401507194,4,1:14,Sparks Full timeout
401507194,4,46.1,Sparks 20 Sec. timeout
401507194,4,38.1,Sparks 20 Sec. timeout
401507195,1,4:45,Official timeout
401507195,2,6:07,Aces Full timeout
401507195,2,5:23,Aces Full timeout
401507195,2,2:49,Lynx Full timeout
401507195,2,1:27,Lynx Full timeout
401507195,3,4:45,Lynx Full timeout
401507195,4,9:09,Lynx 20 Sec. timeout
401507195,4,5:43,Aces Full timeout
401507195,4,2:59,Aces Full timeout
401507196,1,4:43,Official timeout
401507196,2,6:49,Wings Full timeout
401507196,2,4:14,Dream Full timeout
401507196,2,27.1,Dream Full timeout
401507196,3,8:48,Dream 20 Sec. timeout
401507196,3,4:25,Official timeout
401507196,4,7:46,Dream 20 Sec. timeout
401507196,4,5:28,Wings Full timeout
401507196,4,4:07,Wings Full timeout
401507197,1,6:12,Lynx Full timeout
401507197,2,5:53,Official timeout
401507197,2,2:38,Sparks Full timeout
401507197,2,1:02,Sparks Full timeout
401507197,3,4:55,Official timeout
401507197,4,7:08,Sparks Full timeout
401507197,4,6:34,Sparks 20 Sec. timeout
401507197,4,2:47,Lynx Full timeout
401507197,4,40.1,Lynx 20 Sec. timeout
401507197,4,24.0,Sparks Full timeout
401507197,4,8.1,Sparks 20 Sec. timeout
401507198,1,7:54,Storm Full timeout
401507198,2,7:41,Storm Full timeout
401507198,2,2:46,Official timeout
401507198,2,30.0,Sun Full timeout
401507198,3,4:54,Official timeout
401507198,4,7:58,Storm Full timeout
401507198,4,4:13,Sun Full timeout
401507198,4,3:35,(03:35) [Storm] COACH'S CHALLENGE (CALL 
401507198,4,1:05,Storm 20 Sec. timeout
401507198,4,44.0,Sun Full timeout
401507198,4,25.1,Storm 20 Sec. timeout
401507199,1,4:52,Official timeout
401507199,2,6:42,Aces Full timeout
401507199,2,3:52,Mercury Full timeout
401507199,2,1:10,Aces Full timeout
401507199,3,4:48,Mercury Full timeout
401507199,4,5:45,Official timeout
401507199,4,2:54,Official timeout
401507199,4,29.2,Mercury Full timeout
401507199,4,29.2,(00:29.9) [Mercury] COACH'S CHALLENGE (C
401507200,1,4:53,Official timeout
401507200,1,1:36,Sky Full timeout
401507200,2,5:40,Sky Full timeout
401507200,2,2:57,Mystics Full timeout
401507200,2,1:06,Mystics Full timeout
401507200,3,4:52,Official timeout
401507200,4,7:41,Sky Full timeout
401507200,4,7:41,(07:41) [Sky] COACH'S CHALLENGE (CALL ST
401507200,4,5:23,Mystics Full timeout
401507201,1,6:02,Lynx Full timeout
401507201,2,7:16,Lynx Full timeout
401507201,2,2:46,Official timeout
401507201,3,7:17,Lynx Full timeout
401507201,4,7:56,Sun Full timeout
401507201,4,6:41,(06:41) [Lynx] COACH'S CHALLENGE (REPLAY
401507201,4,6:41,Lynx Full timeout
401507202,1,4:27,Official timeout
401507202,2,5:45,Storm Full timeout
401507202,2,2:17,Fever Full timeout
401507202,3,4:21,Official timeout
401507202,4,7:39,Storm Full timeout
401507202,4,4:12,Fever Full timeout
401507202,4,1:43,Storm 20 Sec. timeout
401507202,4,1:31,Storm 20 Sec. timeout
401507203,1,4:41,Official timeout
401507203,2,8:22,Dream Full timeout
401507203,2,4:44,Liberty Full timeout
401507203,2,1:34,Dream Full timeout
401507203,2,39.2,Liberty Full timeout
401507203,3,4:49,Official timeout
401507203,3,2:07,Dream Full timeout
401507203,3,1:34,Dream Full timeout
401507203,3,1:34,(01:34) [Dream] COACH'S CHALLENGE (REPLA
401507203,4,5:34,Liberty Full timeout
401507203,4,2:02,excess timeout technical foul
401507203,4,1:35,Liberty Full timeout
401507204,1,7:43,Sparks Full timeout
401507204,1,6:00,Sparks Full timeout
401507204,2,3:59,Official timeout
401507204,2,2:24,Wings Full timeout
401507204,3,4:42,Official timeout
401507204,4,8:14,Sparks Full timeout
401507204,4,6:12,Wings Full timeout
401507204,4,3:46,(03:46) [Wings] COACH'S CHALLENGE (CALL 
401507204,4,3:46,Wings Full timeout
401507204,4,1:03,Sparks 20 Sec. timeout
401507205,1,3:42,Official timeout
401507205,2,5:13,Aces Full timeout
401507205,2,3:28,Fever Full timeout
401507205,2,1:39,Aces Full timeout
401507205,2,23.0,Fever Full timeout
401507205,3,4:20,Official timeout
401507205,4,6:15,Fever Full timeout
401507205,4,5:03,Aces Full timeout
401507205,4,5:03,(05:03) [Aces] COACH'S CHALLENGE (CALL S
401507205,4,2:02,Aces Full timeout
401507205,4,1:16,Fever Full timeout
401507205,4,1:16,(01:16) [Fever] COACH'S CHALLENGE (CALL 
401507206,1,4:49,Official timeout
401507206,1,3:32,Mercury Full timeout
401507206,2,4:38,Storm Full timeout
401507206,2,1:48,Mercury Full timeout
401507206,2,13.1,Storm Full timeout
401507206,3,6:39,Storm Full timeout
401507206,3,5:24,Mercury Full timeout
401507206,3,2:39,Mercury 20 Sec. timeout
401507206,4,5:54,Official timeout
401507206,4,1:56,Mercury Full timeout
401507207,1,5:40,Sun Full timeout
401507207,2,5:48,Sky Full timeout
401507207,2,4:25,Sky Full timeout
401507207,2,1:07,Sun Full timeout
401507207,3,7:42,Sun Full timeout
401507207,4,9:31,Sky 20 Sec. timeout
401507207,4,5:47,Official timeout
401507207,4,2:11,Sky Full timeout
401507208,1,7:55,Liberty Full timeout
401507208,2,6:35,Mystics Full timeout
401507208,2,2:42,Official timeout
401507208,2,1:32,(01:32) [Mystics] COACH'S CHALLENGE (CAL
401507208,2,30.0,Liberty Full timeout
401507208,2,14.2,Mystics Full timeout
401507208,3,4:35,Official timeout
401507208,4,8:03,(08:03) [Liberty] COACH'S CHALLENGE (CAL
401507208,4,8:03,Liberty Full timeout
401507208,4,7:40,Mystics Full timeout
401507208,4,2:26,Liberty 20 Sec. timeout
401507208,4,1:13,Mystics 20 Sec. timeout
401507208,4,1:04,Liberty 20 Sec. timeout
401507208,4,35.1,Liberty Full timeout
401507208,4,22.2,Mystics Full timeout
401507208,4,10.1,Mystics 20 Sec. timeout
401507208,5,2:33,Liberty 20 Sec. timeout
401507208,5,34.1,Liberty Full timeout
401507208,5,19.1,Mystics Full timeout
401507208,5,3.1,Mystics 20 Sec. timeout
401507209,1,4:41,Official timeout
401507209,1,1:25,Wings Full timeout
401507209,2,8:46,Wings Full timeout
401507209,2,7:16,Sparks Full timeout
401507209,2,5:24,Sparks Full timeout
401507209,2,3:41,Wings 20 Sec. timeout
401507209,3,4:19,Official timeout
401507209,3,2:59,Sparks Full timeout
401507209,4,7:55,Wings Full timeout
401507209,4,5:52,Wings Full timeout
401507209,4,2:51,Wings 20 Sec. timeout
401507209,4,1:53,Sparks 20 Sec. timeout
401507209,4,37.2,Sparks Full timeout
401507210,1,7:35,Aces Full timeout
401507210,2,5:31,Official timeout
401507210,2,2:30,Fever Full timeout
401507210,2,18.0,Aces Full timeout
401507210,3,4:47,Official timeout
401507210,4,5:36,Aces Full timeout
401507210,4,3:47,Aces 20 Sec. timeout
401507210,4,2:53,Fever Full timeout
401507210,4,1:06,Fever 20 Sec. timeout
401507210,4,41.1,Fever 20 Sec. timeout
401507210,4,26.1,Aces Full timeout
401507210,4,26.1,(00:26.3) [Aces] COACH'S CHALLENGE (CALL
401507211,1,4:25,Official timeout
401507211,2,5:10,Sun Full timeout
401507211,2,3:40,Liberty Full timeout
401507211,3,8:43,Sun 20 Sec. timeout
401507211,3,4:52,Official timeout
401507211,3,2:21,Liberty 20 Sec. timeout
401507211,4,5:42,Sun Full timeout
401507211,4,4:18,Liberty Full timeout
401507211,4,40.1,Sun Full timeout
401507211,4,16.1,Sun 20 Sec. timeout
401507212,1,4:40,Official timeout
401507212,1,1:47,Storm Full timeout
401507212,2,5:47,Lynx Full timeout
401507212,2,3:10,Storm Full timeout
401507212,3,4:42,Official timeout
401507212,4,7:37,Storm Full timeout
401507212,4,4:48,Lynx Full timeout
401507212,4,3:05,Storm 20 Sec. timeout
401507212,4,36.1,Storm 20 Sec. timeout
401507213,1,7:11,Mercury Full timeout
401507213,1,3:26,Wings Full timeout
401507213,2,5:11,Official timeout
401507213,2,2:59,Official timeout
401507213,3,6:46,Mercury Full timeout
401507213,3,3:46,Wings Full timeout
401507213,4,7:26,Wings Full timeout
401507213,4,2:54,Mercury Full timeout
401507213,4,2:54,Official timeout
401507214,1,3:03,Sky Full timeout
401507214,2,7:05,Sparks Full timeout
401507214,2,3:04,Sparks Full timeout
401507214,2,2:46,Sky Full timeout
401507214,2,2:46,(02:46) [Sky] COACH'S CHALLENGE (REPLAY 
401507214,3,4:36,Official timeout
401507214,4,6:39,Sky Full timeout
401507214,4,4:33,Sparks Full timeout
401507214,4,3:32,Sparks Full timeout
401507214,4,3:32,(03:32) [Sparks] COACH'S CHALLENGE (REPL
401507214,4,1:11,Sparks 20 Sec. timeout
401507215,1,4:47,Official timeout
401507215,2,8:41,Dream Full timeout
401507215,2,5:17,(05:17) [Dream] COACH'S CHALLENGE (CALL 
401507215,2,5:17,Dream Full timeout
401507215,2,1:43,Mystics Full timeout
401507215,3,4:51,Official timeout
401507215,4,7:32,Mystics Full timeout
401507215,4,7:32,(07:32) [Mystics] COACH'S CHALLENGE (CAL
401507215,4,2:57,Dream Full timeout
401507216,1,4:58,Official timeout
401507216,2,5:54,Liberty Full timeout
401507216,2,5:07,Aces Full timeout
401507216,2,2:43,Liberty Full timeout
401507216,2,37.1,Aces Full timeout
401507216,3,8:10,Liberty 20 Sec. timeout
401507216,3,4:46,Official timeout
401507216,3,2:26,Liberty Full timeout
401507216,4,6:38,Liberty 20 Sec. timeout
401507216,4,5:33,Aces Full timeout
401507216,4,2:48,Official timeout
401507217,1,6:48,Fever Full timeout
401507217,2,5:26,Official timeout
401507217,3,4:51,Official timeout
401507217,4,7:02,Mercury Full timeout
401507217,4,1:53,Fever Full timeout
401507218,1,6:39,Storm Full timeout
401507218,1,1:30,Storm Full timeout
401507218,2,6:41,Lynx Full timeout
401507218,2,2:05,Official timeout
401507218,3,5:34,Lynx Full timeout
401507218,3,4:47,Storm 20 Sec. timeout
401507218,4,5:34,Storm Full timeout
401507218,4,2:55,Official timeout
401507218,4,1:24,Storm 20 Sec. timeout
401507218,4,29.1,Storm Full timeout
401507218,4,21.2,Lynx 20 Sec. timeout
401507218,5,2:34,Storm 20 Sec. timeout
401507218,5,46.1,Lynx 20 Sec. timeout
401507218,5,17.1,Lynx 20 Sec. timeout
401507218,5,11.0,Storm Full timeout
401507218,5,7.1,Lynx Full timeout
401507219,1,4:35,Dream Full timeout
401507219,1,1:23,Dream Full timeout
401507219,2,5:26,Mystics Full timeout
401507219,2,2:58,Mystics Full timeout
401507219,3,4:27,Dream Full timeout
401507219,4,7:26,Mystics Full timeout
401507219,4,5:33,Dream Full timeout
401507219,4,3:24,Dream Full timeout
401507219,4,3:24,(03:24) [Dream] COACH'S CHALLENGE (CALL 
401507219,4,2:09,Mystics Full timeout
401507219,4,52.1,Dream Full timeout
401507219,4,15.1,Mystics Full timeout
401507220,1,4:52,Official timeout
401507220,2,5:15,Sky Full timeout
401507220,2,2:33,Sparks Full timeout
401507220,2,34.0,Sparks Full timeout
401507220,3,8:34,Sparks Full timeout
401507220,3,7:32,Sparks 20 Sec. timeout
401507220,3,1:26,Sky Full timeout
401507220,3,1:26,(01:26) [Sky] COACH'S CHALLENGE (REPLAY 
401507220,4,5:36,Official timeout
401507220,4,4:16,Sparks Full timeout
401507220,4,1:15,Sky Full timeout
401507221,1,7:19,Aces Full timeout
401507221,1,1:53,Sun Full timeout
401507221,2,5:12,Official timeout
401507221,2,3:50,Sun Full timeout
401507221,2,2:29,Aces Full timeout
401507221,3,8:31,Sun Full timeout
401507221,3,7:28,Sun 20 Sec. timeout
401507221,3,1:50,Aces 20 Sec. timeout
401507221,4,8:52,(08:52) [Aces] COACH'S CHALLENGE (CALL S
401507221,4,8:52,Aces Full timeout
401507221,4,3:28,Sun Full timeout
401507222,1,6:56,Lynx Full timeout
401507222,2,5:59,Official timeout
401507222,2,2:47,Official timeout
401507222,2,18.1,Lynx Full timeout
401507222,3,7:07,Lynx Full timeout
401507222,3,56.1,Mercury Full timeout
401507222,4,7:36,Mercury Full timeout
401507222,4,6:14,Mercury 20 Sec. timeout
401507222,4,2:52,Official timeout
401507222,4,1:14,Lynx Full timeout
401507223,1,4:47,Official timeout
401507223,1,2:28,Sparks Full timeout
401507223,2,5:26,Sparks Full timeout
401507223,2,2:01,Dream Full timeout
401507223,3,4:50,Sparks Full timeout
401507223,3,3:08,Sparks Full timeout
401507223,4,6:29,Dream Full timeout
401507223,4,2:47,Dream Full timeout
401507223,4,1:05,Dream Full timeout
401507225,1,5:28,Wings Full timeout
401507225,2,6:39,Mystics Full timeout
401507225,2,2:47,Official timeout
401507225,3,4:33,Official timeout
401507225,3,2:34,Mystics 20 Sec. timeout
401507225,4,5:37,Wings Full timeout
401507225,4,3:21,Wings Full timeout
401507225,4,3:05,(03:05) [Mystics] COACH'S CHALLENGE (CAL
401507225,4,2:29,Mystics Full timeout
401507224,1,4:11,Official timeout
401507224,2,5:18,Fever Full timeout
401507224,2,4:06,Sky Full timeout
401507224,3,5:54,Fever Full timeout
401507224,3,2:41,Sky Full timeout
401507224,4,6:38,Sky Full timeout
401507224,4,2:40,Official timeout
401507224,4,16.1,Fever Full timeout
401507224,4,2.1,Fever 20 Sec. timeout
401507226,1,4:47,Official timeout
401507226,1,1:04,Storm Full timeout
401507226,2,5:16,Storm Full timeout
401507226,2,3:39,Storm 20 Sec. timeout
401507226,2,1:45,Liberty Full timeout
401507226,2,1:45,excess timeout technical foul
401507226,2,1:45,excess timeout turnover
401507226,2,25.0,Liberty Full timeout
401507226,3,4:27,Official timeout
401507226,3,2:53,Liberty Full timeout
401507226,4,7:10,Liberty 20 Sec. timeout
401507226,4,4:49,Storm Full timeout
401507226,4,3:09,Storm 20 Sec. timeout
401507226,4,1:48,Storm Full timeout
401507226,4,1:09,Liberty Full timeout
401507226,4,1:09,(01:09) [Liberty] COACH'S CHALLENGE (REP
401507227,1,4:50,Mercury Full timeout
401507227,2,7:53,Liberty Full timeout
401507227,2,1:55,Official timeout
401507227,2,35.0,Liberty Full timeout
401507227,3,6:54,Mercury Full timeout
401507227,4,8:20,Liberty 20 Sec. timeout
401507227,4,5:43,Official timeout
401507227,4,4:09,Mercury 20 Sec. timeout
401507227,4,2:30,Liberty Full timeout
401507227,4,1:19,Mercury 20 Sec. timeout
401507227,4,33.1,Liberty 20 Sec. timeout
401507227,4,18.1,Mercury Full timeout
401507228,1,4:57,Official timeout
401507228,2,5:26,Lynx Full timeout
401507228,2,2:58,Fever Full timeout
401507228,2,28.1,Fever Full timeout
401507228,3,4:38,Official timeout
401507228,4,5:53,Lynx Full timeout
401507228,4,4:01,Fever Full timeout
401507228,4,4:01,(04:01) [Fever] COACH'S CHALLENGE (CALL 
401507228,4,1:30,Lynx 20 Sec. timeout
401507228,4,19.1,Fever Full timeout
401507228,4,14.1,Lynx 20 Sec. timeout
401507228,4,13.0,Fever 20 Sec. timeout
401507228,4,5.0,Fever 20 Sec. timeout
401507229,1,5:00,Aces Full timeout
401507229,2,9:06,Wings Full timeout
401507229,2,4:30,Aces Full timeout
401507229,3,8:34,Wings Full timeout
401507229,4,8:24,Wings 20 Sec. timeout
401507229,4,7:02,Aces 20 Sec. timeout
401507229,4,5:07,Official timeout
401507229,4,3:41,Wings 20 Sec. timeout
401507229,4,2:40,Aces Full timeout
401507229,4,36.0,Aces 20 Sec. timeout
401507229,4,27.1,Wings Full timeout
401507229,4,27.1,(00:27.5) [Wings] COACH'S CHALLENGE (REP
401507230,1,5:18,Sparks Full timeout
401507230,1,1:19,Sparks Full timeout
401507230,2,5:36,Official timeout
401507230,2,2:59,Dream Full timeout
401507230,2,29.1,Dream Full timeout
401507230,3,4:59,Dream 20 Sec. timeout
401507230,3,4:59,Dream Full timeout
401507230,3,3:43,Sparks Full timeout
401507230,4,7:24,Sparks Full timeout
401507230,4,5:03,Dream Full timeout
401507230,4,2:04,Sparks 20 Sec. timeout
401507231,1,5:18,Storm Full timeout
401507231,2,5:42,Official timeout
401507231,2,3:32,Storm Full timeout
401507231,3,8:37,Sun Full timeout
401507231,3,6:36,Storm 20 Sec. timeout
401507231,4,8:09,Sun Full timeout
401507231,4,2:35,Official timeout
401507232,1,4:07,Official timeout
401507232,2,5:25,Official timeout
401507232,2,2:57,Official timeout
401507232,3,8:26,Mystics Full timeout
401507232,4,5:40,Official timeout
401507232,4,3:03,Fever Full timeout
401507232,4,1:55,(01:55) [Mystics] COACH'S CHALLENGE (CAL
401507232,4,38.0,Fever Full timeout
401507232,4,19.1,Fever 20 Sec. timeout
401507232,4,7.0,Fever 20 Sec. timeout
401507233,1,4:02,Official timeout
401507233,2,6:44,Sky Full timeout
401507233,2,6:00,Dream Full timeout
401507233,2,1:11,Sky Full timeout
401507233,3,4:00,Official timeout
401507233,3,2:20,Sky 20 Sec. timeout
401507233,4,8:34,Sky Full timeout
401507233,4,6:21,Sky Full timeout
401507233,4,4:30,Dream Full timeout
401507233,4,2:06,Dream Full timeout
401507234,1,7:46,Aces Full timeout
401507234,2,9:49,Aces Full timeout
401507234,2,9:49,(09:49) [Aces] COACH'S CHALLENGE (REPLAY
401507234,2,1:58,Official timeout
401507234,3,4:58,Wings Full timeout
401507234,3,2:22,Wings 20 Sec. timeout
401507234,4,8:21,Wings 20 Sec. timeout
401507234,4,7:49,Aces 20 Sec. timeout
401507234,4,5:30,Official timeout
401507234,4,2:26,Aces Full timeout
401507234,4,1:05,Aces 20 Sec. timeout
401507234,4,14.0,Wings Full timeout
401507234,4,0.1,Aces Full timeout
401507235,1,5:29,Mercury Full timeout
401507235,2,6:55,Lynx Full timeout
401507235,2,2:05,Official timeout
401507235,3,4:55,Official timeout
401507235,4,7:40,Mercury 20 Sec. timeout
401507235,4,5:43,Lynx Full timeout
401507235,4,2:59,Mercury Full timeout
401507236,1,7:14,Storm Full timeout
401507236,1,2:01,Liberty Full timeout
401507236,2,9:13,Storm Full timeout
401507236,2,3:43,Liberty Full timeout
401507236,3,6:16,Storm Full timeout
401507236,3,12.0,Storm 20 Sec. timeout
401507236,4,8:53,Liberty 20 Sec. timeout
401507236,4,5:22,Official timeout
401507236,4,3:02,Storm 20 Sec. timeout
401507236,4,2:20,Liberty Full timeout
401507236,4,32.1,Storm Full timeout
401507236,4,23.0,(00:23.1) [Liberty] COACH'S CHALLENGE (C
401507237,1,4:13,Official timeout
401507237,2,6:53,Sun Full timeout
401507237,2,2:35,Mystics Full timeout
401507237,2,1:42,(01:42) [Mystics] COACH'S CHALLENGE (CAL
401507237,3,4:19,Official timeout
401507237,4,6:48,Sun Full timeout
401507237,4,6:48,(06:48) [Sun] COACH'S CHALLENGE (CALL OV
401507237,4,5:14,Mystics Full timeout
401507237,4,2:42,Mystics 20 Sec. timeout
401507237,4,1:35,Sun 20 Sec. timeout
401507238,1,4:32,Official timeout
401507238,2,5:08,Fever Full timeout
401507238,2,1:57,Wings Full timeout
401507238,3,9:48,Fever Full timeout
401507238,3,8:43,Wings 20 Sec. timeout
401507238,4,7:11,Wings Full timeout
401507238,4,2:31,Official timeout
401507238,4,43.1,Fever 20 Sec. timeout
401507238,4,16.1,Fever Full timeout
401507238,4,16.0,(00:16.2) [Fever] COACH'S CHALLENGE (REP
401507239,1,4:24,Official timeout
401507239,2,6:51,Sparks Full timeout
401507239,2,4:49,Mercury 20 Sec. timeout
401507239,2,2:38,Sparks Full timeout
401507239,3,4:35,Official timeout
401507239,3,1:46,Sparks Full timeout
401507239,4,4:42,Official timeout
401507239,4,3:24,(03:24) [Sparks] COACH'S CHALLENGE (CALL
401507239,4,1:20,Mercury 20 Sec. timeout
401507239,4,58.0,Mercury Full timeout
401507239,4,58.0,(00:58.1) [Mercury] COACH'S CHALLENGE (C
401507239,4,45.1,Sparks Full timeout
401507239,4,21.0,Sparks 20 Sec. timeout
401507240,1,7:38,Lynx Full timeout
401507240,1,2:51,Aces Full timeout
401507240,2,5:17,Aces Full timeout
401507240,2,2:49,Lynx Full timeout
401507240,3,4:49,Lynx Full timeout
401507240,4,5:18,Official timeout
401507240,4,2:15,Aces Full timeout
401507241,1,4:01,Official timeout
401507241,2,5:05,Sky Full timeout
401507241,2,2:41,Dream Full timeout
401507241,2,1:43,(01:43) [Dream] COACH'S CHALLENGE (CALL 
401507241,2,50.0,Sky Full timeout
401507241,3,4:47,Official timeout
401507241,3,2:42,Dream Full timeout
401507241,4,5:52,Sky Full timeout
401507241,4,3:31,Sky Full timeout
401507241,4,1:20,Sky 20 Sec. timeout
401507241,4,14.1,Sky 20 Sec. timeout
401507242,1,5:03,Storm Full timeout
401507242,2,5:54,Storm Full timeout
401507242,2,2:44,Mystics Full timeout
401507242,2,2:13,Mystics Full timeout
401507242,3,5:06,Storm Full timeout
401507242,4,7:47,Mystics Full timeout
401507242,4,4:21,Mystics 20 Sec. timeout
401507242,4,2:59,Official timeout
401507242,4,1:31,Storm 20 Sec. timeout
401507242,4,34.1,Storm 20 Sec. timeout
401507242,4,4.0,Storm Full timeout
401507243,1,4:53,Official timeout
401507243,2,7:49,Mercury 20 Sec. timeout
401507243,2,4:55,Aces Full timeout
401507243,2,2:01,Mercury Full timeout
401507243,3,5:02,Mercury Full timeout
401507243,3,2:03,Aces 20 Sec. timeout
401507243,4,7:17,Mercury 20 Sec. timeout
401507243,4,5:52,Aces Full timeout
401507243,4,1:43,Official timeout
401507243,4,1:43,Aces Full timeout
401507243,4,1:43,(01:43) [Aces] COACH'S CHALLENGE (CALL S
401507244,1,4:20,Official timeout
401507244,2,5:39,Fever Full timeout
401507244,2,2:25,Liberty Full timeout
401507244,2,1:04,Fever Full timeout
401507244,2,1.0,Liberty Full timeout
401507244,3,8:16,Fever Full timeout
401507244,4,5:59,Official timeout
401507244,4,4:21,Liberty Full timeout
401507244,4,2:48,Liberty 20 Sec. timeout
401507244,4,39.0,Liberty 20 Sec. timeout
401507244,4,24.1,Fever 20 Sec. timeout
401507244,4,12.2,Liberty Full timeout
401507244,4,6.1,Fever Full timeout
401507244,5,3:18,(03:18) [Liberty] COACH'S CHALLENGE (CAL
401507244,5,1:18,Fever 20 Sec. timeout
401507244,5,25.0,Liberty 20 Sec. timeout
401507244,5,16.0,Fever Full timeout
401507245,1,6:50,Sun Full timeout
401507245,1,4:13,Sky Full timeout
401507245,2,5:56,Official timeout
401507245,2,2:32,Sky Full timeout
401507245,2,1:34,Sun Full timeout
401507245,3,4:24,Official timeout
401507245,3,2:57,Sky Full timeout
401507245,4,7:37,Sun Full timeout
401507245,4,6:07,Sky Full timeout
401507245,4,3:51,Sky 20 Sec. timeout
401507245,4,1:44,Sun Full timeout
401507245,4,40.1,Sun 20 Sec. timeout
401507245,4,24.2,Sky 20 Sec. timeout
401507246,1,4:55,Official timeout
401507246,1,1:37,Lynx Full timeout
401507246,2,7:08,Wings Full timeout
401507246,2,2:53,Lynx Full timeout
401507246,3,7:02,Lynx Full timeout
401507246,3,4:57,Lynx 20 Sec. timeout
401507246,4,5:34,Official timeout
401507246,4,2:59,Wings Full timeout
401507247,1,4:38,Storm Full timeout
401507247,2,5:58,Storm Full timeout
401507247,2,2:56,Dream Full timeout
401507247,2,59.1,Storm Full timeout
401507247,3,7:37,Storm Full timeout
401507247,3,4:39,Dream Full timeout
401507247,3,2:30,Storm 20 Sec. timeout
401507247,4,5:27,Official timeout
401507247,4,2:47,Dream Full timeout
401507247,4,1:26,Storm Full timeout
401507247,4,56.1,Storm 20 Sec. timeout
401507248,1,3:54,Sparks Full timeout
401507248,2,5:00,Official timeout
401507248,2,2:39,Aces Full timeout
401507248,2,56.1,Sparks Full timeout
401507248,2,27.1,Aces Full timeout
401507248,3,8:20,Aces 20 Sec. timeout
401507248,3,4:36,Official timeout
401507248,3,2:31,Aces 20 Sec. timeout
401507248,3,39.2,Sparks 20 Sec. timeout
401507248,4,6:12,Sparks 20 Sec. timeout
401507248,4,5:27,Sparks Full timeout
401507248,4,2:58,Aces Full timeout
401507248,4,1:55,Sparks Full timeout
401558893,1,3:04,Team Wilson Full timeout
401558893,2,3:46,Official timeout
401558893,2,2:43,Official timeout
401558893,3,4:35,Team Wilson Full timeout
401558893,4,5:32,Official timeout
401558893,4,2:34,Team Wilson Full timeout
401507249,1,7:11,Lynx Full timeout
401507249,2,5:19,Lynx Full timeout
401507249,2,3:06,Dream Full timeout
401507249,3,4:42,Official timeout
401507249,3,3:16,Dream 20 Sec. timeout
401507249,4,5:23,Official timeout
401507249,4,2:36,Lynx Full timeout
401507249,4,1:37,Lynx 20 Sec. timeout
401507249,4,27.2,Dream 20 Sec. timeout
401507249,4,26.0,Lynx 20 Sec. timeout
401507250,1,4:54,Official timeout
401507250,2,6:42,Sun Full timeout
401507250,2,3:21,Sun Full timeout
401507250,3,7:27,Mercury 20 Sec. timeout
401507250,3,4:47,Official timeout
401507250,3,2:46,Sun Full timeout
401507250,4,8:15,(08:15) [Mercury] COACH'S CHALLENGE (CAL
401507250,4,7:17,Mercury 20 Sec. timeout
401507250,4,1:52,Official timeout
401507251,1,4:34,Mystics Full timeout
401507251,2,5:26,Official timeout
401507251,2,2:37,Fever Full timeout
401507251,3,4:03,Official timeout
401507251,4,7:41,Mystics Full timeout
401507251,4,6:17,Fever Full timeout
401507251,4,4:10,Mystics 20 Sec. timeout
401507251,4,1:46,(01:46) [Mystics] COACH'S CHALLENGE (CAL
401507251,4,8.1,Fever Full timeout
401507251,4,7.1,Mystics 20 Sec. timeout
401507252,1,4:59,Official timeout
401507252,2,7:17,Wings 20 Sec. timeout
401507252,2,5:29,Official timeout
401507252,2,2:52,Wings Full timeout
401507252,3,8:57,Wings 20 Sec. timeout
401507252,3,5:06,Liberty Full timeout
401507252,3,3:54,Liberty 20 Sec. timeout
401507252,4,5:12,Wings Full timeout
401507252,4,2:39,Official timeout
401507252,4,1:27,Liberty 20 Sec. timeout
401507252,4,1:03,Liberty Full timeout
401507253,1,3:51,Official timeout
401507253,2,5:39,Sun Full timeout
401507253,2,2:57,Dream Full timeout
401507253,2,50.1,Sun Full timeout
401507253,2,31.1,Dream Full timeout
401507253,3,4:22,Official timeout
401507253,4,8:26,Dream 20 Sec. timeout
401507253,4,5:42,Sun Full timeout
401507253,4,5:19,(05:19) [Dream] COACH'S CHALLENGE (CALL 
401507253,4,3:36,Sun 20 Sec. timeout
401507253,4,1:34,Sun 20 Sec. timeout
401507254,1,4:05,Official timeout
401507254,2,7:28,Sparks Full timeout
401507254,2,2:00,Sparks Full timeout
401507254,3,5:01,Lynx Full timeout
401507254,3,5:01,(05:01) [Lynx] COACH'S CHALLENGE (CALL O
401507254,4,5:56,Official timeout
401507254,4,3:29,Sparks 20 Sec. timeout
401507254,4,2:37,Sparks Full timeout
401507254,4,1:39,Lynx 20 Sec. timeout
401507254,4,42.2,Sparks Full timeout
401507254,4,7.1,Sparks 20 Sec. timeout
401507255,1,4:49,Official timeout
401507255,1,2:24,Sky Full timeout
401507255,2,5:33,Mercury 20 Sec. timeout
401507255,2,5:33,Mercury Full timeout
401507255,2,2:35,Official timeout
401507255,3,8:30,Sky Full timeout
401507255,3,1:53,Mercury Full timeout
401507255,4,5:54,Official timeout
401507255,4,3:21,Sky Full timeout
401507255,4,1:23,Sky 20 Sec. timeout
401507256,1,4:48,Official timeout
401507256,1,1:37,Storm Full timeout
401507256,2,6:13,Storm Full timeout
401507256,2,2:55,Official timeout
401507256,3,8:04,Storm Full timeout
401507256,3,3:33,Storm 20 Sec. timeout
401507256,3,2:00,Aces 20 Sec. timeout
401507256,4,9:18,Aces Full timeout
401507256,4,6:34,Aces 20 Sec. timeout
401507256,4,4:25,Official timeout
401507256,4,4:25,(04:25) [Aces] COACH'S CHALLENGE (CALL S
401507256,4,3:03,Storm 20 Sec. timeout
401507256,4,1:04,Storm Full timeout
401507257,1,7:22,Liberty Full timeout
401507257,1,3:27,Mystics Full timeout
401507257,2,8:16,Mystics Full timeout
401507257,2,3:49,Liberty Full timeout
401507257,3,5:05,Mystics Full timeout
401507257,4,9:28,Liberty 20 Sec. timeout
401507257,4,6:15,Mystics 20 Sec. timeout
401507257,4,5:47,Official timeout
401507257,4,2:58,Liberty Full timeout
401507257,4,1:09,Mystics 20 Sec. timeout
401507258,1,7:55,Dream Full timeout
401507258,2,2:40,Sun Full timeout
401507258,2,42.1,Sun Full timeout
401507258,2,18.1,Dream Full timeout
401507258,3,7:29,Sun Full timeout
401507258,3,41.0,(00:41.2) [Dream] COACH'S CHALLENGE (CAL
401507258,4,5:49,Official timeout
401507258,4,2:50,Sun Full timeout
401507261,1,6:27,Lynx Full timeout
401507261,2,8:47,Aces 20 Sec. timeout
401507261,2,5:57,Official timeout
401507261,2,3:53,Aces Full timeout
401507261,2,2:12,Lynx Full timeout
401507261,2,8.1,Aces Full timeout
401507261,3,8:01,Aces Full timeout
401507261,4,8:33,Lynx Full timeout
401507261,4,7:36,Lynx 20 Sec. timeout
401507261,4,2:45,Official timeout
401507261,4,2:45,(02:45) [Lynx] COACH'S CHALLENGE (CALL O
401507260,1,4:36,Official timeout
401507260,2,7:14,Sparks Full timeout
401507260,2,2:35,Wings Full timeout
401507260,2,1:11,Sparks Full timeout
401507260,3,4:53,Official timeout
401507260,4,6:57,Sparks Full timeout
401507260,4,6:11,Wings Full timeout
401507260,4,3:23,Sparks 20 Sec. timeout
401507260,4,56.0,(00:56.1) [Sparks] COACH'S CHALLENGE (CA
401507259,1,7:50,Storm Full timeout
401507259,2,4:11,Official timeout
401507259,2,2:15,Official timeout
401507259,2,48.1,Storm Full timeout
401507259,2,33.2,Sky Full timeout
401507259,3,7:07,Sky Full timeout
401507259,3,5:24,Storm 20 Sec. timeout
401507259,4,5:52,Official timeout
401507259,4,3:11,Storm Full timeout
401507259,4,3:11,(03:11) [Storm] COACH'S CHALLENGE (CALL 
401507259,4,1:32,Storm 20 Sec. timeout
401507259,4,1:13,Storm Full timeout
401507263,1,4:14,Official timeout
401507263,1,2:12,Mercury Full timeout
401507263,2,7:24,Mystics Full timeout
401507263,2,1:55,Mercury Full timeout
401507263,3,4:53,Mercury Full timeout
401507263,4,6:22,Mercury Full timeout
401507263,4,5:18,Mystics Full timeout
401507263,4,5:18,(05:18) [Mystics] COACH'S CHALLENGE (CAL
401507262,1,5:54,Fever Full timeout
401507262,2,5:59,Official timeout
401507262,2,3:22,Liberty Full timeout
401507262,3,3:58,Official timeout
401507262,4,5:22,Liberty Full timeout
401507262,4,2:57,Liberty Full timeout
401507264,1,7:24,Mercury Full timeout
401507264,2,4:31,Official timeout
401507264,2,2:47,Dream Full timeout
401507264,3,6:30,Mercury Full timeout
401507264,3,1:17,Dream Full timeout
401507264,4,5:52,Official timeout
401507264,4,3:36,Dream Full timeout
401507265,1,4:43,Official timeout
401507265,2,6:44,Storm Full timeout
401507265,2,3:37,Liberty Full timeout
401507265,2,25.1,Storm Full timeout
401507265,3,6:28,Liberty Full timeout
401507265,3,5:13,Storm 20 Sec. timeout
401507265,3,3:17,Storm 20 Sec. timeout
401507265,4,6:12,Storm Full timeout
401507265,4,2:33,Liberty 20 Sec. timeout
401507265,4,2:33,Official timeout
401507265,4,23.1,Storm Full timeout
401507266,1,4:07,Aces Full timeout
401507266,1,22.1,Sky Full timeout
401507266,2,4:32,Aces Full timeout
401507266,2,2:51,Official timeout
401507266,2,1:24,Sky Full timeout
401507266,3,4:53,Official timeout
401507266,4,8:01,Sky Full timeout
401507266,4,4:57,Sky Full timeout
401507266,4,4:57,(04:57) [Sky] COACH'S CHALLENGE (REPLAY 
401507266,4,1:35,Aces Full timeout
401507266,4,1:35,(01:35) [Aces] COACH'S CHALLENGE (REPLAY
401507267,1,4:46,Official timeout
401507267,2,8:31,Wings Full timeout
401507267,2,5:11,Sun Full timeout
401507267,2,56.1,Sun Full timeout
401507267,3,4:31,Official timeout
401507267,3,3:19,Sun 20 Sec. timeout
401507267,4,5:41,Wings Full timeout
401507267,4,4:57,Wings 20 Sec. timeout
401507267,4,1:56,Wings 20 Sec. timeout
401507267,4,1:56,Sun Full timeout
401507267,4,46.1,Sun 20 Sec. timeout
401507267,4,31.0,Wings Full timeout
401507267,4,23.2,Sun Full timeout
401507268,1,4:37,Official timeout
401507268,2,4:40,Sparks Full timeout
401507268,2,2:29,Fever Full timeout
401507268,3,5:55,Sparks Full timeout
401507268,3,1:40,Sparks 20 Sec. timeout
401507268,4,5:57,Official timeout
401507268,4,3:18,Fever Full timeout
401507268,4,3:18,(03:18) [Fever] COACH'S CHALLENGE (CALL 
401507268,4,1:30,Sparks 20 Sec. timeout
401507268,4,38.1,Fever 20 Sec. timeout
401507268,4,11.0,Sparks Full timeout
401507268,4,3.0,Fever Full timeout
401507269,1,4:30,Official timeout
401507269,1,2:23,Mystics Full timeout
401507269,2,6:37,Lynx Full timeout
401507269,2,4:43,Mystics Full timeout
401507269,3,4:55,Official timeout
401507269,4,6:56,Lynx Full timeout
401507269,4,3:51,Lynx 20 Sec. timeout
401507269,4,3:18,Lynx Full timeout
401507269,4,3:18,(03:18) [Lynx] COACH'S CHALLENGE (CALL S
401507269,4,1:49,Mystics 20 Sec. timeout
401507269,4,47.1,Mystics Full timeout
401507270,1,4:52,Official timeout
401507270,2,5:49,Sparks Full timeout
401507270,2,2:19,Sparks Full timeout
401507270,3,5:37,Fever Full timeout
401507270,4,5:34,Official timeout
401507270,4,2:36,Sparks Full timeout
401507271,1,7:45,Dream Full timeout
401507271,2,6:47,Liberty Full timeout
401507271,2,2:37,Official timeout
401507271,3,8:04,Liberty Full timeout
401507271,4,8:31,Dream Full timeout
401507271,4,2:58,Official timeout
401507271,4,2:17,(02:17) [Dream] COACH'S CHALLENGE (CALL 
401507272,1,6:40,Sky Full timeout
401507272,2,6:54,Storm Full timeout
401507272,2,2:24,Official timeout
401507272,2,32.1,Storm Full timeout
401507272,3,7:59,Sky Full timeout
401507272,3,3:27,Sky Full timeout
401507272,4,8:33,Sky 20 Sec. timeout
401507272,4,6:38,Storm Full timeout
401507272,4,2:30,Official timeout
401507272,4,1:36,Storm 20 Sec. timeout
401507272,4,19.2,Storm 20 Sec. timeout
401507272,4,18.0,Sky 20 Sec. timeout
401507273,1,4:03,Official timeout
401507273,2,6:44,Mystics Full timeout
401507273,2,3:53,Wings Full timeout
401507273,2,18.1,Mystics Full timeout
401507273,3,7:44,Wings Full timeout
401507273,3,2:38,Mystics 20 Sec. timeout
401507273,4,7:54,Mystics Full timeout
401507273,4,2:51,Official timeout
401558197,1,6:31,Lynx Full timeout
401558197,1,4:24,Liberty Full timeout
401558197,2,4:57,Official timeout
401558197,2,2:58,Liberty Full timeout
401558197,3,7:05,Liberty Full timeout
401558197,3,3:48,Lynx 20 Sec. timeout
401558197,4,5:48,Lynx Full timeout
401558197,4,3:27,Lynx 20 Sec. timeout
401558197,4,2:57,Official timeout
401558197,4,2:06,Liberty 20 Sec. timeout
401558197,4,45.1,Liberty Full timeout
401558197,4,45.1,(00:45.5) [Liberty] COACH'S CHALLENGE (R
401558197,4,36.1,Liberty 20 Sec. timeout
401558197,4,32.0,Lynx Full timeout
401558197,4,32.0,(00:32.1) [Lynx] COACH'S CHALLENGE (REPL
401507274,1,4:34,Official timeout
401507274,2,5:44,Sun Full timeout
401507274,2,2:57,Lynx Full timeout
401507274,2,1:58,Sun Full timeout
401507274,2,46.1,Lynx Full timeout
401507274,2,12.1,Lynx 20 Sec. timeout
401507274,3,2:43,Official timeout
401507274,4,5:08,Sun Full timeout
401507274,4,2:57,Lynx Full timeout
401507274,4,1:31,Sun 20 Sec. timeout
401507274,4,45.1,Lynx 20 Sec. timeout
401507274,4,41.1,(00:41.4) [Lynx] COACH'S CHALLENGE (CALL
401507274,4,19.1,Sun 20 Sec. timeout
401507274,4,12.1,Lynx Full timeout
401507274,4,11.1,Sun Full timeout
401507275,1,7:15,Mystics Full timeout
401507275,2,5:54,Official timeout
401507275,2,3:34,Mystics Full timeout
401507275,3,4:11,Official timeout
401507275,3,1:03,(01:03) [Dream] COACH'S CHALLENGE (CALL 
401507275,4,7:40,Mystics Full timeout
401507275,4,3:30,Dream Full timeout
401507275,4,35.1,Dream Full timeout
401507275,4,30.1,Mystics 20 Sec. timeout
401507275,4,25.1,Dream 20 Sec. timeout
401507275,4,23.0,Mystics 20 Sec. timeout
401507276,1,4:21,Official timeout
401507276,1,1:49,Storm Full timeout
401507276,2,7:27,Fever Full timeout
401507276,2,2:55,Storm Full timeout
401507276,3,6:51,Storm Full timeout
401507276,4,5:57,Official timeout
401507276,4,2:44,Storm 20 Sec. timeout
401507276,4,2:44,Fever Full timeout
401507276,4,2:13,Storm 20 Sec. timeout
401507277,1,7:22,Mercury Full timeout
401507277,2,5:33,Official timeout
401507277,2,3:54,Sky Full timeout
401507277,2,25.0,Sky Full timeout
401507277,3,7:45,Mercury Full timeout
401507277,4,5:39,Official timeout
401507277,4,3:33,Mercury 20 Sec. timeout
401507277,4,1:58,Mercury Full timeout
401507279,1,7:03,Sparks Full timeout
401507279,1,2:50,Sparks Full timeout
401507279,2,8:16,Liberty 20 Sec. timeout
401507279,2,5:09,Official timeout
401507279,2,2:52,Liberty Full timeout
401507279,3,6:46,Sparks 20 Sec. timeout
401507279,3,4:22,Official timeout
401507279,4,5:25,Sparks 20 Sec. timeout
401507279,4,3:32,Liberty Full timeout
401507279,4,58.0,Sparks Full timeout
401507279,4,18.1,Sparks Full timeout
401507278,1,6:53,Wings Full timeout
401507278,1,2:27,Wings Full timeout
401507278,2,6:21,Wings 20 Sec. timeout
401507278,2,4:11,Official timeout
401507278,2,2:00,Official timeout
401507278,2,53.1,Aces Full timeout
401507278,3,7:10,Aces Full timeout
401507278,4,8:29,Aces 20 Sec. timeout
401507278,4,5:56,Official timeout
401507278,4,4:03,Wings Full timeout
401507278,4,1:28,Wings 20 Sec. timeout
401507280,1,4:48,Official timeout
401507280,2,5:58,Sun Full timeout
401507280,2,2:59,Lynx Full timeout
401507280,2,35.0,Sun Full timeout
401507280,3,8:10,Sun 20 Sec. timeout
401507280,3,4:51,Lynx Full timeout
401507280,4,6:43,Lynx 20 Sec. timeout
401507280,4,5:40,Official timeout
401507280,4,3:10,Sun 20 Sec. timeout
401507280,4,2:50,Sun Full timeout
401507280,4,1:28,Lynx 20 Sec. timeout
401507280,4,1:04,Lynx Full timeout
401507280,4,1:04,(01:04) [Lynx] COACH'S CHALLENGE (CALL O
401507280,4,39.0,Lynx 20 Sec. timeout
401507281,1,3:43,Official timeout
401507281,2,5:59,Fever Full timeout
401507281,2,3:50,Mercury Full timeout
401507281,2,13.2,Fever Full timeout
401507281,3,4:29,Official timeout
401507281,4,7:40,Mercury Full timeout
401507281,4,6:15,Fever Full timeout
401507281,4,6:15,(06:15) [Fever] COACH'S CHALLENGE (CALL 
401507281,4,3:05,Fever 20 Sec. timeout
401507281,4,1:49,Mercury 20 Sec. timeout
401507281,4,46.0,Mercury 20 Sec. timeout
401507281,4,36.1,Fever Full timeout
401507281,4,13.2,Mercury Full timeout
401507281,4,0.0,Fever 20 Sec. timeout
401507282,1,4:43,Official timeout
401507282,2,7:22,Dream Full timeout
401507282,2,2:57,Official timeout
401507282,3,6:00,Dream Full timeout
401507282,3,6:00,(06:00) [Dream] COACH'S CHALLENGE (CALL 
401507282,3,3:54,Aces 20 Sec. timeout
401507282,4,8:44,Dream 20 Sec. timeout
401507282,4,5:53,Official timeout
401507282,4,4:38,Aces 20 Sec. timeout
401507282,4,2:15,Official timeout
401507283,1,3:59,Official timeout
401507283,2,5:52,Sparks Full timeout
401507283,2,4:11,Liberty Full timeout
401507283,2,1:16,Liberty Full timeout
401507283,2,9.1,Sparks Full timeout
401507283,3,5:12,Liberty Full timeout
401507283,4,8:11,Sparks Full timeout
401507283,4,2:58,Official timeout
401507283,4,1:08,Sparks 20 Sec. timeout
401507283,4,32.1,Liberty 20 Sec. timeout
401507283,4,26.0,Sparks Full timeout
401507283,4,22.1,Liberty 20 Sec. timeout
401507283,4,15.1,Sparks 20 Sec. timeout
401507284,1,7:22,Storm Full timeout
401507284,2,5:24,Official timeout
401507284,2,3:32,Storm Full timeout
401507284,2,1:53,Wings Full timeout
401507284,3,7:11,Wings Full timeout
401507284,3,5:29,Wings 20 Sec. timeout
401507284,3,4:14,Storm 20 Sec. timeout
401507284,4,5:27,Official timeout
401507284,4,2:46,Storm Full timeout
401507284,4,32.0,Storm Full timeout
401507285,1,4:07,Official timeout
401507285,2,5:53,Mercury Full timeout
401507285,2,2:45,Dream Full timeout
401507285,3,4:53,Mercury Full timeout
401507285,4,5:54,Official timeout
401507285,4,3:29,Mercury 20 Sec. timeout
401507285,4,2:57,Dream Full timeout
401507285,4,1:19,Mercury 20 Sec. timeout
401507286,1,3:16,Fever Full timeout
401507286,2,5:43,Official timeout
401507286,2,2:46,Sun Full timeout
401507286,2,16.0,Sun Full timeout
401507286,3,6:09,Sun Full timeout
401507286,4,5:35,Official timeout
401507286,4,3:31,Sun 20 Sec. timeout
401507286,4,3:31,Fever Full timeout
401507287,1,4:54,Official timeout
401507287,2,7:59,Sparks Full timeout
401507287,2,5:22,Sparks Full timeout
401507287,2,1:52,Mystics Full timeout
401507287,3,4:53,Official timeout
401507287,4,4:53,Mystics Full timeout
401507287,4,3:52,Sparks Full timeout
401507287,4,1:26,Mystics 20 Sec. timeout
401507287,4,39.0,Sparks Full timeout
401507287,4,8.1,Sparks 20 Sec. timeout
401507288,1,4:47,Wings Full timeout
401507288,2,7:18,Sky Full timeout
401507288,2,3:16,Wings Full timeout
401507288,2,15.1,Sky Full timeout
401507288,3,5:39,Wings Full timeout
401507288,4,5:50,Official timeout
401507288,4,4:00,(04:00) [Sky] COACH'S CHALLENGE (REPLAY 
401507289,1,4:24,Official timeout
401507289,2,6:04,Liberty Full timeout
401507289,2,2:56,Lynx Full timeout
401507289,2,50.1,Liberty Full timeout
401507289,3,3:31,Official timeout
401507289,4,5:36,Lynx Full timeout
401507289,4,2:18,Liberty Full timeout
401507290,1,4:29,Official timeout
401507290,1,2:42,Storm Full timeout
401507290,2,6:13,Mercury Full timeout
401507290,2,2:28,Official timeout
401507290,3,7:32,Mercury Full timeout
401507290,3,4:15,Storm Full timeout
401507290,3,1:40,Mercury 20 Sec. timeout
401507290,4,5:26,Official timeout
401507290,4,3:29,Storm Full timeout
401507290,4,3:29,(03:29) [Storm] COACH'S CHALLENGE (CALL 
401507290,4,1:02,Mercury 20 Sec. timeout
401507290,4,27.0,Mercury Full timeout
401507290,4,20.1,Storm Full timeout
401507291,1,4:03,Fever Full timeout
401507291,2,5:03,Official timeout
401507291,2,2:56,Dream Full timeout
401507291,3,4:57,Official timeout
401507291,3,2:35,Dream 20 Sec. timeout
401507291,4,5:26,Dream Full timeout
401507291,4,2:43,Fever Full timeout
401507291,4,1:34,Dream 20 Sec. timeout
401507291,4,49.0,Fever Full timeout
401507291,4,49.0,(00:49) [Fever] COACH'S CHALLENGE (REPLA
401507291,4,31.0,Fever 20 Sec. timeout
401507291,4,18.1,Fever 20 Sec. timeout
401507292,1,5:40,Aces Full timeout
401507292,2,7:22,Aces Full timeout
401507292,2,4:44,Liberty Full timeout
401507292,2,12.1,Liberty Full timeout
401507292,3,7:49,Aces 20 Sec. timeout
401507292,3,4:26,Aces Full timeout
401507292,4,5:47,Official timeout
401507292,4,1:10,Liberty Full timeout
401507293,1,4:48,Official timeout
401507293,2,8:37,Mystics Full timeout
401507293,2,5:21,Sparks Full timeout
401507293,2,4:49,(04:49) [Sparks] COACH'S CHALLENGE (REPL
401507293,2,1:23,Mystics Full timeout
401507293,3,6:05,Sparks Full timeout
401507293,4,5:59,Official timeout
401507293,4,2:56,Mystics Full timeout
401507293,4,1:19,Mystics 20 Sec. timeout
401507293,4,33.0,Mystics 20 Sec. timeout
401507294,1,4:46,Official timeout
401507294,1,1:45,Sky Full timeout
401507294,2,4:14,Wings Full timeout
401507294,2,2:31,Sky Full timeout
401507294,3,8:49,Wings Full timeout
401507294,3,6:41,Sky Full timeout
401507294,4,5:56,Official timeout
401507294,4,2:44,Sky Full timeout
401507294,4,33.1,Wings 20 Sec. timeout
401507294,4,29.0,Sky 20 Sec. timeout
401507294,4,27.1,Wings 20 Sec. timeout
401507294,4,20.1,Wings Full timeout
401507295,1,4:02,Official timeout
401507295,1,2:39,Storm Full timeout
401507295,2,5:38,Storm Full timeout
401507295,2,3:50,Storm 20 Sec. timeout
401507295,2,1:49,Sun Full timeout
401507295,2,7.1,Sun Full timeout
401507295,3,6:57,Storm Full timeout
401507295,3,4:42,Sun 20 Sec. timeout
401507295,4,5:02,Official timeout
401507295,4,3:54,Sun Full timeout
401507296,1,7:38,Fever Full timeout
401507296,2,6:13,Sparks Full timeout
401507296,2,2:40,Official timeout
401507296,3,5:21,Sparks Full timeout
401507296,4,7:50,Sparks 20 Sec. timeout
401507296,4,5:44,Official timeout
401507296,4,2:36,Fever Full timeout
401507296,4,36.0,Sparks 20 Sec. timeout
401507296,4,31.1,Fever 20 Sec. timeout
401507296,4,26.1,Fever 20 Sec. timeout
401507296,4,20.1,Fever Full timeout
401507297,1,4:40,Official timeout
401507297,1,1:08,Sky Full timeout
401507297,2,5:29,Sky Full timeout
401507297,2,3:36,Lynx Full timeout
401507297,3,4:48,Official timeout
401507297,4,7:57,Sky Full timeout
401507297,4,4:03,Sky Full timeout
401507297,4,1:53,Lynx Full timeout
401507297,4,23.0,Sky 20 Sec. timeout
401507297,4,16.1,Sky 20 Sec. timeout
401507298,1,5:42,Wings Full timeout
401507298,1,34.0,Wings Full timeout
401507298,2,4:36,Wings 20 Sec. timeout
401507298,2,4:36,Official timeout
401507298,2,2:43,Official timeout
401507298,3,4:42,Official timeout
401507298,3,2:27,Aces 20 Sec. timeout
401507298,4,8:52,Aces Full timeout
401507298,4,2:21,Aces Full timeout
401507299,1,5:37,Mercury Full timeout
401507299,2,7:30,Mystics Full timeout
401507299,2,5:29,Mercury Full timeout
401507299,3,6:30,Mercury Full timeout
401507299,3,3:10,Mystics 20 Sec. timeout
401507299,4,8:38,Mercury 20 Sec. timeout
401507299,4,6:20,Mystics Full timeout
401507299,4,2:35,Official timeout
401507299,4,2:02,Mercury Full timeout
401507299,4,2:02,(02:02) [Mercury] COACH'S CHALLENGE (CAL
401507300,1,4:57,Official timeout
401507300,1,2:40,Lynx Full timeout
401507300,2,5:36,Fever Full timeout
401507300,2,3:40,Lynx Full timeout
401507300,2,55.1,Lynx 20 Sec. timeout
401507300,2,21.1,Fever Full timeout
401507300,3,5:15,Fever Full timeout
401507300,4,5:52,Official timeout
401507300,4,4:28,Lynx Full timeout
401507300,4,2:54,Lynx 20 Sec. timeout
401507301,1,8:10,Sun Full timeout
401507301,2,9:35,Official timeout
401507301,2,6:53,Mercury Full timeout
401507301,3,5:13,Mercury Full timeout
401507301,4,7:07,Mercury 20 Sec. timeout
401507301,4,5:43,Official timeout
401507301,4,4:29,Mercury 20 Sec. timeout
401507301,4,2:31,Sun Full timeout
401507301,4,1:00,Sun 20 Sec. timeout
401507301,4,30.1,Mercury Full timeout
401507301,4,19.1,Sun Full timeout
401507302,1,3:05,Official timeout
401507302,2,5:40,Storm Full timeout
401507302,2,4:57,Storm Full timeout
401507302,3,4:52,Official timeout
401507302,3,3:14,Storm 20 Sec. timeout
401507302,3,49.0,Dream Full timeout
401507302,3,49.0,(00:49) [Dream] COACH'S CHALLENGE (REPLA
401507302,4,9:47,(09:47) [Storm] COACH'S CHALLENGE (REPLA
401507302,4,9:47,Storm Full timeout
401507302,4,5:15,Dream Full timeout
401507302,4,1:01,Dream 20 Sec. timeout
401507302,4,49.0,Storm 20 Sec. timeout
401507302,4,18.1,Storm Full timeout
401507302,4,13.1,Dream 20 Sec. timeout
401507303,1,3:49,Official timeout
401507303,1,1:58,Sky Full timeout
401507303,2,5:18,Liberty Full timeout
401507303,2,2:36,Sky Full timeout
401507303,2,52.1,Sky 20 Sec. timeout
401507303,3,4:50,Official timeout
401507303,4,8:23,Sky Full timeout
401507303,4,3:59,Sky Full timeout
401507303,4,1:50,Liberty 20 Sec. timeout
401507304,1,4:27,Mystics Full timeout
401507304,2,5:36,Aces Full timeout
401507304,2,1:54,Official timeout
401507304,3,5:23,Aces Full timeout
401507304,3,53.1,Mystics 20 Sec. timeout
401507304,4,6:26,Mystics Full timeout
401507304,4,4:47,Mystics 20 Sec. timeout
401507304,4,2:41,Aces Full timeout
401507305,1,4:22,Official timeout
401507305,2,6:09,Sparks Full timeout
401507305,2,4:07,Sparks Full timeout
401507305,2,3:41,Dream Full timeout
401507305,2,18.1,Dream Full timeout
401507305,3,4:57,Official timeout
401507305,3,4:25,Sparks 20 Sec. timeout
401507305,3,2:02,Dream 20 Sec. timeout
401507305,3,54.1,(00:54.8) [Dream] COACH'S CHALLENGE (CAL
401507305,4,5:56,Sparks Full timeout
401507305,4,3:21,Dream Full timeout
401507305,4,1:19,Dream Full timeout
401507305,4,39.1,Sparks Full timeout
401507306,1,4:45,Official timeout
401507306,2,5:22,Wings Full timeout
401507306,2,2:34,Sun Full timeout
401507306,3,4:42,Wings Full timeout
401507306,3,4:42,(04:42) [Wings] COACH'S CHALLENGE (CALL 
401507306,3,3:48,Sun 20 Sec. timeout
401507306,3,2:50,Wings 20 Sec. timeout
401507306,4,7:49,Wings 20 Sec. timeout
401507306,4,5:06,Official timeout
401507306,4,2:59,Sun Full timeout
401507306,4,48.1,Sun Full timeout
401507307,1,5:03,Sky Full timeout
401507307,2,2:54,Mystics Full timeout
401507307,2,2:12,Mystics Full timeout
401507307,3,4:40,Official timeout
401507307,4,7:53,Sky Full timeout
401507307,4,5:10,Sky 20 Sec. timeout
401507307,4,4:09,Mystics Full timeout
401507309,1,3:38,Official timeout
401507309,2,5:58,Fever Full timeout
401507309,2,4:46,Fever Full timeout
401507309,2,1:59,Liberty Full timeout
401507309,3,5:13,Fever Full timeout
401507309,4,7:14,Liberty 20 Sec. timeout
401507309,4,5:40,Official timeout
401507309,4,2:28,Liberty Full timeout
401507309,4,59.1,Liberty 20 Sec. timeout
401507309,4,36.1,Fever Full timeout
401507309,4,16.1,Fever 20 Sec. timeout
401507308,2,8:05,Storm Full timeout
401507308,2,4:38,Mercury Full timeout
401507308,2,11.1,Storm Full timeout
401507308,3,4:04,Official timeout
401507308,4,9:01,Mercury Full timeout
401507308,4,6:47,Storm Full timeout
401507308,4,4:25,Mercury 20 Sec. timeout
401507308,4,1:40,Storm 20 Sec. timeout
401507308,4,52.0,Mercury 20 Sec. timeout
401507308,4,32.0,Mercury Full timeout
401507310,1,6:54,Aces Full timeout
401507310,1,1:32,Dream Full timeout
401507310,2,5:49,Official timeout
401507310,2,2:40,Dream Full timeout
401507310,3,4:44,Dream Full timeout
401507310,4,7:02,Dream Full timeout
401507310,4,5:54,Aces Full timeout
401507310,4,4:31,Dream Full timeout
401507310,4,4:31,(04:31) [Dream] COACH'S CHALLENGE (CALL 
401507376,1,4:26,Official timeout
401507376,1,1:10,Aces Full timeout
401507376,2,7:42,Aces 20 Sec. timeout
401507376,2,5:55,Official timeout
401507376,2,3:10,Liberty Full timeout
401507376,3,6:56,Aces 20 Sec. timeout
401507376,3,4:27,Official timeout
401507376,4,7:06,Aces Full timeout
401507376,4,5:23,Liberty 20 Sec. timeout
401507376,4,4:22,(04:22) [Liberty] COACH'S CHALLENGE (CAL
401507376,4,1:47,Liberty 20 Sec. timeout
401507311,1,7:36,Aces 20 Sec. timeout
401507311,1,3:30,Official timeout
401507311,1,1:50,Liberty Full timeout
401507311,2,2:55,Official timeout
401507311,2,1:02,Liberty 20 Sec. timeout
401507311,2,40.1,Aces Full timeout
401507311,3,6:28,Aces Full timeout
401507311,4,5:02,Official timeout
401507311,4,3:08,Liberty Full timeout
401507311,4,2:57,Aces Full timeout
401507311,4,2:57,(02:57) [Aces] COACH'S CHALLENGE (REPLAY
401507312,1,5:11,Wings Full timeout
401507312,2,5:58,Wings Full timeout
401507312,2,4:25,Sun Full timeout
401507312,2,1:01,Sun Full timeout
401507312,3,4:39,Official timeout
401507312,3,2:04,Wings Full timeout
401507312,4,6:53,Sun 20 Sec. timeout
401507312,4,5:44,Sun Full timeout
401507312,4,3:08,Sun 20 Sec. timeout
401507312,4,2:15,Wings Full timeout
401507313,1,6:10,Mystics Full timeout
401507313,1,2:20,Fever Full timeout
401507313,2,5:35,Official timeout
401507313,2,2:43,Mystics Full timeout
401507313,2,1.1,Fever Full timeout
401507313,3,4:34,Official timeout
401507313,4,7:53,Mystics Full timeout
401507313,4,3:11,Fever Full timeout
401507313,4,1:09,Mystics 20 Sec. timeout
401507313,4,1:04,Fever 20 Sec. timeout
401507313,4,42.1,Mystics 20 Sec. timeout
401507313,4,37.0,Fever 20 Sec. timeout
401507313,4,29.2,Fever Full timeout
401507313,4,8.1,Mystics Full timeout
401507314,1,5:42,Sky Full timeout
401507314,1,3:11,Dream Full timeout
401507314,2,5:58,Official timeout
401507314,2,2:45,Dream Full timeout
401507314,3,3:12,Dream Full timeout
401507314,4,6:39,Dream 20 Sec. timeout
401507314,4,5:07,Sky Full timeout
401507314,4,2:52,Official timeout
401507314,4,50.1,Sky Full timeout
401507314,4,32.2,Sky 20 Sec. timeout
401507315,1,4:59,Official timeout
401507315,2,7:27,Mercury Full timeout
401507315,2,3:58,Mercury Full timeout
401507315,2,2:34,Liberty Full timeout
401507315,2,1:12,Liberty Full timeout
401507315,3,8:02,Mercury Full timeout
401507315,3,4:27,Mercury 20 Sec. timeout
401507315,4,7:02,Mercury 20 Sec. timeout
401507315,4,5:39,Official timeout
401507315,4,2:43,Liberty Full timeout
401507316,1,4:44,Official timeout
401507316,2,6:31,Storm Full timeout
401507316,2,4:40,Storm Full timeout
401507316,2,3:21,Lynx Full timeout
401507316,3,4:15,Official timeout
401507316,4,7:18,Storm Full timeout
401507316,4,3:24,(03:24) [Storm] COACH'S CHALLENGE (CALL 
401507316,4,3:24,Storm Full timeout
401507316,4,1:18,Storm 20 Sec. timeout
401507316,4,1:03,Lynx Full timeout
401507316,4,27.2,Lynx 20 Sec. timeout
401507317,1,5:23,Aces Full timeout
401507317,2,7:07,Sparks Full timeout
401507317,2,2:49,Official timeout
401507317,3,4:45,Official timeout
401507317,3,3:09,Aces 20 Sec. timeout
401507317,3,1:35,Sparks Full timeout
401507317,4,6:57,Aces Full timeout
401507317,4,4:53,Aces 20 Sec. timeout
401507317,4,2:53,Sparks Full timeout
401507317,4,1:32,Sparks 20 Sec. timeout
401507317,4,20.2,Aces Full timeout
401507318,1,4:48,Official timeout
401507318,2,6:11,Mystics Full timeout
401507318,2,2:47,Wings Full timeout
401507318,2,1:56,Mystics Full timeout
401507318,3,6:53,Wings 20 Sec. timeout
401507318,3,5:11,Wings 20 Sec. timeout
401507318,3,4:57,Official timeout
401507318,4,6:00,Wings Full timeout
401507318,4,3:33,Mystics Full timeout
401507319,1,4:13,Official timeout
401507319,1,3:14,Sky Full timeout
401507319,2,8:43,Sky Full timeout
401507319,2,8:43,(08:43) [Sky] COACH'S CHALLENGE (CALL OV
401507319,2,5:05,Sun Full timeout
401507319,2,2:59,Sun Full timeout
401507319,3,6:44,Sun Full timeout
401507319,3,6:44,(06:44) [Sun] COACH'S CHALLENGE (CALL OV
401507319,4,7:46,Sky Full timeout
401507319,4,4:21,Sky Full timeout
401507319,4,2:58,Sun 20 Sec. timeout
401507319,4,1:17,Sky 20 Sec. timeout
401507319,4,47.0,Sky 20 Sec. timeout
401507319,4,26.0,Sun Full timeout
401507319,4,26.0,Sun 20 Sec. timeout
401507320,1,6:20,Mercury Full timeout
401507320,2,4:56,Fever Full timeout
401507320,2,3:56,Mercury Full timeout
401507320,2,48.0,Fever Full timeout
401507320,3,5:07,Mercury Full timeout
401507320,4,5:50,Official timeout
401507320,4,4:24,Mercury 20 Sec. timeout
401507320,4,3:26,Mercury 20 Sec. timeout
401507320,4,2:54,Fever Full timeout
401507320,4,1:27,Mercury Full timeout
401507320,4,25.1,(00:25.8) [Fever] COACH'S CHALLENGE (CAL
401507320,4,25.1,Fever 20 Sec. timeout
401507321,1,4:40,Official timeout
401507321,2,7:22,Lynx Full timeout
401507321,2,6:40,Storm Full timeout
401507321,2,2:10,Lynx Full timeout
401507321,2,41.1,Storm Full timeout
401507321,3,8:14,Lynx Full timeout
401507321,3,2:51,Storm 20 Sec. timeout
401507321,4,5:48,Official timeout
401507321,4,3:22,Storm Full timeout
401507322,1,4:59,Official timeout
401507322,2,5:29,Dream Full timeout
401507322,2,3:51,Aces Full timeout
401507322,3,6:22,Dream Full timeout
401507322,4,6:53,Aces Full timeout
401507322,4,6:41,Dream Full timeout
401507322,4,6:41,(06:41) [Dream] COACH'S CHALLENGE (REPLA
401507322,4,4:44,Aces 20 Sec. timeout
401507323,1,4:55,Official timeout
401507323,2,6:49,Mystics Full timeout
401507323,2,4:07,Sun Full timeout
401507323,3,8:28,Mystics Full timeout
401507323,3,4:44,(04:44) [Mystics] COACH'S CHALLENGE (CAL
401507323,4,7:13,Sun Full timeout
401507323,4,3:32,Sun Full timeout
401507323,4,3:32,(03:32) [Sun] COACH'S CHALLENGE (CALL ST
401507323,4,1:37,Mystics 20 Sec. timeout
401507323,4,18.0,Mystics 20 Sec. timeout
401507323,4,4.1,Sun 20 Sec. timeout
401507323,4,3.1,Mystics Full timeout
401507324,1,2:30,Official timeout
401507324,1,1:31,Storm Full timeout
401507324,2,5:47,Sky Full timeout
401507324,2,4:17,Storm Full timeout
401507324,2,29.0,Sky Full timeout
401507324,3,4:41,Official timeout
401507324,4,9:00,Storm Full timeout
401507324,4,7:02,Sky Full timeout
401507324,4,7:02,(07:02) [Sky] COACH'S CHALLENGE (REPLAY 
401507324,4,6:27,Storm 20 Sec. timeout
401507325,1,4:25,Official timeout
401507325,1,2:10,Wings Full timeout
401507325,2,6:05,Lynx Full timeout
401507325,2,1:43,Lynx Full timeout
401507325,3,8:10,Wings 20 Sec. timeout
401507325,3,4:32,Official timeout
401507325,4,8:28,Wings Full timeout
401507325,4,3:46,Lynx Full timeout
401507325,4,1:21,Lynx 20 Sec. timeout
401507325,4,27.1,Wings 20 Sec. timeout
401507325,4,23.1,(00:23.4) [Lynx] COACH'S CHALLENGE (CALL
401507325,4,23.1,Lynx 20 Sec. timeout
401507325,4,22.1,Wings Full timeout
401507325,4,19.1,Lynx Full timeout
401507326,1,6:59,Mercury Full timeout
401507326,1,1:50,Mercury Full timeout
401507326,2,5:49,Official timeout
401507326,2,2:40,Sparks Full timeout
401507326,3,5:26,Mercury Full timeout
401507326,3,2:16,Sparks 20 Sec. timeout
401507326,4,7:12,Mercury 20 Sec. timeout
401507326,4,5:28,Official timeout
401507326,4,3:05,Sparks Full timeout
401507327,1,5:32,Liberty Full timeout
401507327,2,5:32,Official timeout
401507327,2,2:27,Liberty Full timeout
401507327,2,21.1,Sun Full timeout
401507327,3,6:44,Liberty Full timeout
401507327,3,4:10,Sun 20 Sec. timeout
401507327,4,5:46,Sun Full timeout
401507327,4,2:43,Official timeout
401507327,4,1:51,Liberty 20 Sec. timeout
401507327,4,33.1,Sun Full timeout
401507327,4,23.1,Liberty Full timeout
401507327,4,1.1,(00:01.4) [Sun] COACH'S CHALLENGE (REPLA
401507327,5,4:01,Sun 20 Sec. timeout
401507327,5,12.1,Liberty 20 Sec. timeout
401507327,5,11.1,Sun Full timeout
401507328,1,4:34,Official timeout
401507328,2,6:13,Storm Full timeout
401507328,2,3:55,Fever Full timeout
401507328,2,2:42,Storm Full timeout
401507328,3,4:23,Official timeout
401507328,4,7:01,Storm Full timeout
401507328,4,2:42,Fever Full timeout
401507328,4,1:16,Storm 20 Sec. timeout
401507328,4,1:10,Fever 20 Sec. timeout
401507328,4,33.1,Fever 20 Sec. timeout
401507328,4,20.0,Storm Full timeout
401507328,4,15.0,Fever Full timeout
401507328,4,12.1,Storm 20 Sec. timeout
401507329,1,4:26,Official timeout
401507329,1,2:51,Aces Full timeout
401507329,2,7:01,Aces Full timeout
401507329,2,2:27,Sky Full timeout
401507329,2,40.1,Sky Full timeout
401507329,3,8:39,Sky Full timeout
401507329,3,7:11,Aces 20 Sec. timeout
401507329,3,3:55,Sky 20 Sec. timeout
401507329,4,5:51,Sky Full timeout
401507329,4,2:08,Aces 20 Sec. timeout
401507329,4,2:08,Official timeout
401507329,4,43.0,Sky 20 Sec. timeout
401507329,4,12.0,Aces Full timeout
401507330,1,4:36,Official timeout
401507330,2,5:34,Wings Full timeout
401507330,2,2:55,Wings Full timeout
401507330,3,7:08,Wings Full timeout
401507330,4,8:28,Lynx Full timeout
401507330,4,6:48,Wings 20 Sec. timeout
401507330,4,2:25,Wings 20 Sec. timeout
401507330,4,2:25,Official timeout
401507330,4,56.1,Lynx 20 Sec. timeout
401507330,4,29.0,Wings Full timeout
401507331,1,4:42,Official timeout
401507331,1,1:00,Sparks Full timeout
401507331,2,5:09,Dream Full timeout
401507331,2,3:47,Sparks Full timeout
401507331,2,2:04,Dream Full timeout
401507331,3,6:37,Sparks Full timeout
401507331,3,6:37,(06:37) [Sparks] COACH'S CHALLENGE (REPL
401507331,3,4:28,Dream 20 Sec. timeout
401507331,4,5:40,Official timeout
401507331,4,3:35,Dream Full timeout
401507331,4,1:24,Dream Full timeout
401507331,4,1:24,(01:24) [Dream] COACH'S CHALLENGE (REPLA
401507331,4,17.1,Dream 20 Sec. timeout
401507331,4,9.1,Sparks 20 Sec. timeout
401507332,1,6:53,Aces Full timeout
401507332,2,6:54,Mystics Full timeout
401507332,2,3:05,Aces Full timeout
401507332,2,2:29,Mystics Full timeout
401507332,2,2:29,(02:29) [Mystics] COACH'S CHALLENGE (REP
401507332,3,4:17,Official timeout
401507332,3,1:38,Aces 20 Sec. timeout
401507332,4,7:34,Mystics Full timeout
401507332,4,5:20,Aces Full timeout
401507332,4,3:04,Aces 20 Sec. timeout
401507333,1,6:46,Lynx Full timeout
401507333,2,5:56,Official timeout
401507333,2,3:44,Lynx 20 Sec. timeout
401507333,2,1:17,Liberty Full timeout
401507333,3,4:29,Official timeout
401507333,4,6:15,Lynx Full timeout
401507333,4,1:32,Liberty Full timeout
401507334,1,4:58,Official timeout
401507334,2,7:52,Sun Full timeout
401507334,2,2:37,Official timeout
401507334,3,6:55,Sparks Full timeout
401507334,4,6:04,Sparks 20 Sec. timeout
401507334,4,5:37,Official timeout
401507334,4,3:09,Sparks Full timeout
401507334,4,2:07,Sun Full timeout
401507335,1,4:36,Official timeout
401507335,2,7:13,Dream Full timeout
401507335,2,5:06,Dream Full timeout
401507335,2,5:06,(05:06) [Dream] COACH'S CHALLENGE (CALL 
401507335,2,1:25,Fever Full timeout
401507335,2,34.1,Fever Full timeout
401507335,3,4:35,Official timeout
401507335,4,6:52,Fever Full timeout
401507335,4,3:03,Dream Full timeout
401507335,4,1:01,Dream 20 Sec. timeout
401507335,4,27.0,Fever Full timeout
401507335,4,22.1,Dream Full timeout
401507335,4,18.2,Fever 20 Sec. timeout
401507335,4,7.1,Dream 20 Sec. timeout
401507335,4,2.1,Fever 20 Sec. timeout
401507336,1,4:51,Official timeout
401507336,1,2:18,Wings Full timeout
401507336,2,6:38,Mercury Full timeout
401507336,2,4:00,Wings Full timeout
401507336,3,6:02,Mercury Full timeout
401507336,4,9:03,Wings 20 Sec. timeout
401507336,4,8:05,Mercury 20 Sec. timeout
401507336,4,6:21,Mercury 20 Sec. timeout
401507336,4,4:58,Wings Full timeout
401507336,4,2:58,Wings Full timeout
401507336,4,23.2,Wings 20 Sec. timeout
401507336,4,19.2,Mercury Full timeout
401507337,1,7:06,Sky 20 Sec. timeout
401507337,1,4:52,Storm Full timeout
401507337,1,1:25,Sky Full timeout
401507337,2,7:19,Sky Full timeout
401507337,2,3:50,Storm Full timeout
401507337,3,4:56,Official timeout
401507337,3,3:10,(03:10) [Sky] COACH'S CHALLENGE (CALL OV
401507337,3,2:26,Storm 20 Sec. timeout
401507337,4,8:59,Sky 20 Sec. timeout
401507337,4,5:55,Storm Full timeout
401507337,4,2:15,Storm 20 Sec. timeout
401507337,4,2:15,Sky Full timeout
401507337,4,28.1,Storm Full timeout
401507338,1,4:35,Liberty Full timeout
401507338,1,2:04,Aces Full timeout
401507338,2,5:51,Official timeout
401507338,2,3:10,Aces Full timeout
401507338,3,7:04,Aces 20 Sec. timeout
401507338,3,4:54,Official timeout
401507338,4,6:31,Liberty Full timeout
401507338,4,3:13,Aces Full timeout
401507338,4,1:23,Liberty 20 Sec. timeout
401507338,4,1:14,Aces 20 Sec. timeout
401507339,1,6:51,Mercury Full timeout
401507339,1,4:36,Mercury Full timeout
401507339,2,5:19,Official timeout
401507339,2,1:40,Dream Full timeout
401507339,3,7:37,Dream 20 Sec. timeout
401507339,3,4:57,Official timeout
401507339,4,6:17,Mercury Full timeout
401507339,4,4:41,Mercury 20 Sec. timeout
401507339,4,3:03,Dream Full timeout
401507339,4,1:34,Mercury 20 Sec. timeout
401507340,1,4:57,Official timeout
401507340,2,7:08,Mystics Full timeout
401507340,2,1:56,Lynx Full timeout
401507340,3,7:42,Lynx 20 Sec. timeout
401507340,3,3:01,Official timeout
401507340,4,5:42,Mystics Full timeout
401507340,4,2:56,Lynx Full timeout
401507340,4,56.1,Mystics 20 Sec. timeout
401507340,4,51.0,Lynx 20 Sec. timeout
401507340,4,42.1,Lynx Full timeout
401507341,1,4:42,Sky Full timeout
401507341,2,6:50,Sky Full timeout
401507341,2,4:18,Sparks Full timeout
401507341,2,27.0,Sparks Full timeout
401507341,3,4:57,Official timeout
401507341,3,1:56,Sparks Full timeout
401507341,4,6:20,Sky Full timeout
401507341,4,2:58,Sky Full timeout
401507341,4,1:18,Sparks Full timeout
401507341,4,44.1,Sparks 20 Sec. timeout
401507341,4,37.1,Sky 20 Sec. timeout
401507341,4,22.1,Sparks Full timeout
401507342,1,4:58,Official timeout
401507342,2,7:16,Sun Full timeout
401507342,2,6:20,Mercury Full timeout
401507342,2,3:32,Mercury Full timeout
401507342,3,5:49,(05:49) [Mercury] COACH'S CHALLENGE (REP
401507342,4,7:04,Mercury 20 Sec. timeout
401507342,4,5:06,Sun Full timeout
401507342,4,2:15,Mercury Full timeout
401507342,4,1:00,Mercury Full timeout
401507343,1,4:41,Mystics Full timeout
401507343,2,6:27,Aces Full timeout
401507343,2,1:59,Mystics Full timeout
401507343,2,32.0,Aces Full timeout
401507343,3,6:14,Aces 20 Sec. timeout
401507343,3,5:33,Mystics Full timeout
401507343,4,9:16,Aces 20 Sec. timeout
401507343,4,7:36,Mystics 20 Sec. timeout
401507343,4,5:52,Official timeout
401507343,4,2:58,Aces Full timeout
401507343,4,2:47,(02:47) [Aces] COACH'S CHALLENGE (CALL S
401507343,4,2:47,Aces Full timeout
401507343,4,1:09,Mystics 20 Sec. timeout
401507343,4,21.1,Mystics Full timeout
401507344,1,6:02,Sparks Full timeout
401507344,1,4:54,Official timeout
401507344,1,1:15,Sparks Full timeout
401507344,2,9:02,Storm Full timeout
401507344,2,4:00,Storm Full timeout
401507344,3,6:07,Sparks Full timeout
401507344,3,5:29,Storm 20 Sec. timeout
401507344,4,5:47,Official timeout
401507344,4,2:47,Storm Full timeout
401507344,4,1:06,Sparks 20 Sec. timeout
401507344,4,42.2,Storm 20 Sec. timeout
401507344,4,41.1,(00:41.8) [Sparks] COACH'S CHALLENGE (RE
401507344,4,41.1,Sparks Full timeout
401507345,1,6:10,Wings 20 Sec. timeout
401507345,1,4:01,Official timeout
401507345,2,5:01,Fever Full timeout
401507345,2,2:26,Wings Full timeout
401507345,2,30.1,Fever Full timeout
401507345,3,5:03,Wings Full timeout
401507345,4,8:45,Fever Full timeout
401507345,4,6:13,Wings 20 Sec. timeout
401507345,4,2:49,Official timeout
401507346,1,4:51,Official timeout
401507346,2,5:46,Sun Full timeout
401507346,2,3:10,Sun Full timeout
401507346,2,1:51,Liberty Full timeout
401507346,3,4:58,Official timeout
401507346,3,4:10,Sun 20 Sec. timeout
401507346,4,7:04,Sun Full timeout
401507346,4,4:11,Liberty Full timeout
401507347,1,7:54,Dream Full timeout
401507347,2,5:50,Official timeout
401507347,2,3:18,Dream Full timeout
401507347,2,59.1,Lynx Full timeout
401507347,2,17.1,Lynx Full timeout
401507347,3,5:20,Lynx Full timeout
401507347,3,2:43,Dream 20 Sec. timeout
401507347,4,7:39,Lynx 20 Sec. timeout
401507347,4,4:37,Dream Full timeout
401507347,4,1:58,Official timeout
401507347,4,44.0,Dream Full timeout
401507347,4,11.0,Dream 20 Sec. timeout
401507347,5,2:38,Dream 20 Sec. timeout
401507347,5,1:12,Lynx Full timeout
401507347,5,1:12,(01:12) [Lynx] COACH'S CHALLENGE (CALL S
401507347,5,40.1,Lynx 20 Sec. timeout
401507347,5,34.1,Dream Full timeout
401507347,5,25.2,Lynx 20 Sec. timeout
401507348,1,6:29,Storm Full timeout
401507348,2,9:32,Aces Full timeout
401507348,2,5:53,Storm Full timeout
401507348,2,44.0,Aces Full timeout
401507348,3,5:27,Storm Full timeout
401507348,3,1:31,Aces 20 Sec. timeout
401507348,4,5:07,Storm 20 Sec. timeout
401507348,4,2:26,Official timeout
401507349,1,1:23,Sky Full timeout
401507349,2,7:29,Sky Full timeout
401507349,2,4:35,Liberty Full timeout
401507349,2,47.1,Liberty Full timeout
401507349,3,3:48,Liberty Full timeout
401507349,4,7:36,Sky Full timeout
401507349,4,5:06,Sky 20 Sec. timeout
401507349,4,3:07,Sky Full timeout
401507350,1,4:38,Official timeout
401507350,1,2:48,Fever Full timeout
401507350,2,5:53,Wings Full timeout
401507350,2,2:53,Fever Full timeout
401507350,3,4:56,Official timeout
401507350,4,7:13,Fever Full timeout
401507350,4,3:27,Wings Full timeout
401507350,4,1:07,Fever 20 Sec. timeout
401507350,4,29.1,Fever Full timeout
401507350,4,7.1,Wings 20 Sec. timeout
401507350,5,4:36,Wings 20 Sec. timeout
401507350,5,2:47,Wings Full timeout
401507350,5,1:48,Fever 20 Sec. timeout
401507350,5,36.2,Wings 20 Sec. timeout
401507351,1,4:38,Official timeout
401507351,1,3:19,Mercury Full timeout
401507351,2,8:24,Lynx Full timeout
401507351,2,7:21,Mercury Full timeout
401507351,2,4:21,Mercury 20 Sec. timeout
401507351,2,20.1,Lynx Full timeout
401507351,3,8:48,Mercury Full timeout
401507351,3,3:23,Mercury 20 Sec. timeout
401507351,4,5:38,Official timeout
401507351,4,3:04,Lynx Full timeout
401507351,4,3:04,(03:04) [Lynx] COACH'S CHALLENGE (REPLAY
401507351,4,2:00,Lynx 20 Sec. timeout
401507352,1,1:56,Official timeout
401507352,2,9:09,Mystics Full timeout
401507352,2,5:53,Sparks Full timeout
401507352,2,5:04,Sparks Full timeout
401507352,2,37.1,Mystics Full timeout
401507352,3,4:59,Official timeout
401507352,3,1:14,Sparks 20 Sec. timeout
401507352,4,6:17,Mystics Full timeout
401507352,4,3:31,Sparks Full timeout
401507352,4,1:07,Mystics 20 Sec. timeout
401507352,4,24.0,Mystics 20 Sec. timeout
401507353,1,4:18,Official timeout
401507353,1,1:23,Sparks Full timeout
401507353,2,6:39,Sparks Full timeout
401507353,2,2:18,Sun Full timeout
401507353,3,6:26,Sun Full timeout
401507353,3,5:53,(05:53) [Sparks] COACH'S CHALLENGE (CALL
401507353,4,6:35,Sparks Full timeout
401507353,4,2:48,Official timeout
401507353,4,1:47,Sparks 20 Sec. timeout
401507353,4,1:05,Sun 20 Sec. timeout
401507354,1,4:39,Official timeout
401507354,2,5:19,Fever Full timeout
401507354,2,2:57,Sky Full timeout
401507354,2,1:10,Fever Full timeout
401507354,3,8:41,Fever Full timeout
401507354,3,1:49,Sky 20 Sec. timeout
401507354,4,6:14,Fever 20 Sec. timeout
401507354,4,4:24,Official timeout
401507354,4,2:59,Sky Full timeout
401507355,1,4:48,Official timeout
401507355,2,5:58,Wings Full timeout
401507355,2,4:32,Liberty Full timeout
401507355,3,4:04,Official timeout
401507355,4,7:54,Liberty Full timeout
401507355,4,5:22,Wings 20 Sec. timeout
401507355,4,3:23,Wings 20 Sec. timeout
401507355,4,2:24,Wings Full timeout
401507355,4,1:16,Liberty 20 Sec. timeout
401507355,4,55.1,Liberty 20 Sec. timeout
401507355,4,42.1,Wings Full timeout
401507355,4,42.1,(00:42.3) [Wings] COACH'S CHALLENGE (REP
401507356,1,5:27,Mercury Full timeout
401507356,2,6:36,Mercury Full timeout
401507356,2,3:12,Mystics Full timeout
401507356,4,7:54,Mercury 20 Sec. timeout
401507356,4,5:45,Mercury Full timeout
401507356,4,3:57,Mystics Full timeout
401507357,1,4:53,Official timeout
401507357,1,1:22,Storm Full timeout
401507357,2,5:59,Dream Full timeout
401507357,2,3:12,Dream Full timeout
401507357,2,1:26,Storm Full timeout
401507357,3,6:40,Storm Full timeout
401507357,3,5:48,Dream 20 Sec. timeout
401507357,4,6:44,Storm 20 Sec. timeout
401507357,4,5:51,Official timeout
401507357,4,3:20,Dream Full timeout
401507357,4,2:32,Dream Full timeout
401507357,4,37.0,Storm 20 Sec. timeout
401507357,4,22.0,Storm Full timeout
401507358,1,4:57,Official timeout
401507358,1,55.1,(00:55.7) [Sparks] COACH'S CHALLENGE (CA
401507358,2,6:45,Liberty Full timeout
401507358,2,2:44,Sparks Full timeout
401507358,2,44.1,Sparks Full timeout
401507358,3,8:13,Liberty 20 Sec. timeout
401507358,3,3:51,Official timeout
401507358,3,2:21,Sparks 20 Sec. timeout
401507358,4,8:32,Sparks Full timeout
401507358,4,4:53,Sparks 20 Sec. timeout
401507358,4,2:54,Liberty Full timeout
401507358,4,28.1,Sparks Full timeout
401507359,1,4:05,Official timeout
401507359,2,5:04,Sun Full timeout
401507359,2,2:19,Sun Full timeout
401507359,3,4:44,Sun Full timeout
401507359,4,7:23,Sun Full timeout
401507359,4,3:05,Fever Full timeout
401507359,4,2:39,(02:39) [Sun] COACH'S CHALLENGE (CALL OV
401507360,1,4:43,Official timeout
401507360,2,7:21,Mystics Full timeout
401507360,2,2:53,Dream Full timeout
401507360,2,1:45,(01:45) [Mystics] COACH'S CHALLENGE (REP
401507360,2,1:45,Mystics Full timeout
401507360,3,3:56,Dream Full timeout
401507360,4,9:07,Mystics Full timeout
401507360,4,5:42,Dream 20 Sec. timeout
401507360,4,2:56,Official timeout
401507360,4,57.2,Dream 20 Sec. timeout
401507360,4,40.0,Mystics 20 Sec. timeout
401507360,4,22.1,Mystics 20 Sec. timeout
401507360,4,15.1,Mystics Full timeout
401507361,1,4:53,Official timeout
401507361,1,1:48,Sky Full timeout
401507361,2,5:26,Sky Full timeout
401507361,2,3:04,Lynx Full timeout
401507361,2,30.1,Lynx Full timeout
401507361,3,7:01,Lynx Full timeout
401507361,3,1:33,Sky 20 Sec. timeout
401507361,4,6:22,Sky Full timeout
401507361,4,6:22,(06:22) [Sky] COACH'S CHALLENGE (CALL OV
401507361,4,2:30,Official timeout
401507361,4,1:11,Lynx 20 Sec. timeout
401507361,4,1:04,Lynx 20 Sec. timeout
401507361,4,47.1,Lynx Full timeout
401507362,1,4:36,Official timeout
401507362,1,1:57,Storm Full timeout
401507362,2,8:12,Storm Full timeout
401507362,2,6:30,Wings Full timeout
401507362,2,3:19,Storm 20 Sec. timeout
401507362,3,5:43,Storm Full timeout
401507362,4,7:16,Wings Full timeout
401507362,4,3:02,Storm 20 Sec. timeout
401507362,4,2:45,Official timeout
401507363,1,5:34,Mercury Full timeout
401507363,2,5:25,Official timeout
401507363,2,4:14,Mercury Full timeout
401507363,2,1:59,Aces Full timeout
401507363,3,6:19,Mercury Full timeout
401507363,3,3:45,Aces 20 Sec. timeout
401507363,3,2:46,Mercury 20 Sec. timeout
401507363,4,5:48,Aces Full timeout
401507363,4,3:13,Mercury 20 Sec. timeout
401507363,4,2:53,Aces Full timeout
401507364,1,3:42,Official timeout
401507364,2,5:40,Dream Full timeout
401507364,2,2:54,Wings Full timeout
401507364,3,4:46,Official timeout
401507364,3,2:40,Wings 20 Sec. timeout
401507364,3,8.1,Dream 20 Sec. timeout
401507364,4,7:52,Dream Full timeout
401507364,4,4:47,Dream 20 Sec. timeout
401507364,4,3:23,Dream Full timeout
401507364,4,3:23,(03:23) [Dream] COACH'S CHALLENGE (REPLA
401507365,1,7:04,Sun Full timeout
401507365,2,8:42,Sky Full timeout
401507365,2,4:42,Sun Full timeout
401507365,2,1:24,Sky Full timeout
401507365,3,6:04,Sky Full timeout
401507365,3,4:34,Sky 20 Sec. timeout
401507365,3,3:12,Sun Full timeout
401507365,4,7:33,Sun 20 Sec. timeout
401507365,4,5:10,Official timeout
401507365,4,2:46,Sun Full timeout
401507365,4,32.2,Sky Full timeout
401507365,4,15.0,Sun 20 Sec. timeout
401507365,4,4.0,Sky 20 Sec. timeout
401507365,5,1:21,Sun 20 Sec. timeout
401507366,1,4:52,Official timeout
401507366,1,2:29,Lynx Full timeout
401507366,2,7:30,Fever Full timeout
401507366,2,2:39,Lynx Full timeout
401507366,2,22.1,Fever Full timeout
401507366,3,6:44,Fever 20 Sec. timeout
401507366,3,4:43,Official timeout
401507366,4,5:55,Fever Full timeout
401507366,4,5:11,Lynx Full timeout
401507366,4,5:11,(05:11) [Lynx] COACH'S CHALLENGE (CALL O
401507366,4,2:03,Lynx Full timeout
401507367,1,3:36,Official timeout
401507367,2,7:17,Mystics Full timeout
401507367,2,3:26,Liberty Full timeout
401507367,3,4:20,Liberty Full timeout
401507367,4,5:20,Official timeout
401507367,4,3:11,Mystics Full timeout
401507367,4,1:10,Liberty 20 Sec. timeout
401507367,4,45.1,Mystics 20 Sec. timeout
401507367,4,38.1,Liberty 20 Sec. timeout
401507367,4,21.1,Mystics 20 Sec. timeout
401507367,4,0.1,Mystics Full timeout
401507367,4,0.1,Liberty Full timeout
401507368,1,6:39,Aces Full timeout
401507368,1,4:42,Mercury Full timeout
401507368,2,7:13,Aces Full timeout
401507368,2,2:56,Official timeout
401507368,2,1:38,Mercury Full timeout
401507368,3,7:37,Aces 20 Sec. timeout
401507368,3,6:57,Mercury Full timeout
401507368,3,4:55,Mercury 20 Sec. timeout
401507368,4,6:05,Mercury 20 Sec. timeout
401507368,4,4:58,Aces Full timeout
401507368,4,2:04,Official timeout
401507368,4,49.1,Mercury Full timeout
401507369,1,6:33,Sparks Full timeout
401507369,1,3:00,Sparks Full timeout
401507369,2,5:13,Storm Full timeout
401507369,2,3:09,Storm Full timeout
401507369,3,4:35,Storm Full timeout
401507369,3,39.1,Storm 20 Sec. timeout
401507369,3,0.1,(00:00.5) [Sparks] COACH'S CHALLENGE (CA
401507369,4,6:15,Sparks 20 Sec. timeout
401507369,4,5:37,Official timeout
401507369,4,2:30,Sparks Full timeout
401507369,4,1:08,Storm Full timeout
401507369,4,19.1,Sparks 20 Sec. timeout
401507369,4,3.0,Storm 20 Sec. timeout
401578549,1,4:36,Official timeout
401578549,2,5:59,Sun Full timeout
401578549,2,2:52,Lynx Full timeout
401578549,3,7:05,Lynx Full timeout
401578549,3,4:13,Sun 20 Sec. timeout
401578549,4,8:27,Lynx 20 Sec. timeout
401578549,4,5:18,Official timeout
401578549,4,3:54,Lynx 20 Sec. timeout
401578549,4,2:00,Sun Full timeout
401578550,1,6:13,Sky Full timeout
401578550,2,6:42,Sky Full timeout
401578550,2,1:31,Aces Full timeout
401578550,3,7:39,Aces 20 Sec. timeout
401578550,3,4:46,Sky Full timeout
401578550,4,7:46,(07:46) [Sky] COACH'S CHALLENGE (CALL ST
401578550,4,5:44,Sky 20 Sec. timeout
401578550,4,3:28,Aces 20 Sec. timeout
401578550,4,1:27,Official timeout
401578551,1,4:21,Official timeout
401578551,2,5:01,Liberty Full timeout
401578551,2,2:46,Mystics Full timeout
401578551,3,5:10,Mystics Full timeout
401578551,4,6:42,Mystics 20 Sec. timeout
401578551,4,5:00,Official timeout
401578551,4,1:57,Liberty Full timeout
401578552,1,4:26,Official timeout
401578552,2,5:47,Wings Full timeout
401578552,2,4:18,Dream Full timeout
401578552,3,4:22,Official timeout
401578552,4,7:07,Wings 20 Sec. timeout
401578552,4,4:58,Dream Full timeout
401578552,4,2:59,Dream 20 Sec. timeout
401578552,4,2:59,Wings Full timeout
401578552,4,1:15,Dream 20 Sec. timeout
401578553,1,3:52,Official timeout
401578553,2,5:11,Sun Full timeout
401578553,2,2:19,Sun Full timeout
401578553,3,8:08,Lynx Full timeout
401578553,3,4:11,Sun 20 Sec. timeout
401578553,3,1:59,Lynx 20 Sec. timeout
401578553,3,57.0,Lynx 20 Sec. timeout
401578553,4,5:09,Official timeout
401578553,4,2:48,Sun Full timeout
401578553,4,55.1,Sun 20 Sec. timeout
401578554,1,7:06,Sky Full timeout
401578554,1,2:24,Sky 20 Sec. timeout
401578554,2,8:47,Aces Full timeout
401578554,2,2:22,Official timeout
401578554,2,1:07,Sky Full timeout
401578554,3,4:49,Sky Full timeout
401578554,3,56.2,Aces 20 Sec. timeout
401578554,4,9:13,Aces Full timeout
401578554,4,6:41,Aces 20 Sec. timeout
401578554,4,4:31,Sky 20 Sec. timeout
401578554,4,2:27,Sky Full timeout
401578555,1,4:47,Official timeout
401578555,2,6:01,Mystics Full timeout
401578555,2,2:59,Liberty Full timeout
401578555,3,5:49,Mystics Full timeout
401578555,3,2:39,Liberty 20 Sec. timeout
401578555,4,5:09,Official timeout
401578555,4,2:40,Liberty Full timeout
401578555,4,1:38,Mystics 20 Sec. timeout
401578555,4,44.1,Mystics 20 Sec. timeout
401578555,4,33.1,Liberty 20 Sec. timeout
401578555,4,27.1,Liberty Full timeout
401578555,4,11.1,Mystics Full timeout
401578555,5,2:28,Mystics 20 Sec. timeout
401578555,5,11.1,Mystics Full timeout
401578556,1,4:39,Official timeout
401578556,2,6:27,Dream Full timeout
401578556,2,2:32,Dream Full timeout
401578556,3,4:41,Dream Full timeout
401578556,4,5:49,Dream Full timeout
401578556,4,5:49,(05:49) [Dream] COACH'S CHALLENGE (REPLA
401578556,4,2:42,Official timeout
401578557,1,5:37,Lynx Full timeout
401578557,2,7:55,Sun Full timeout
401578557,2,4:25,Lynx Full timeout
401578557,3,6:53,Lynx Full timeout
401578557,3,5:17,Sun 20 Sec. timeout
401578557,4,8:42,Sun 20 Sec. timeout
401578557,4,6:01,Lynx Full timeout
401578557,4,6:01,(06:01) [Lynx] COACH'S CHALLENGE (CALL O
401578557,4,2:51,Official timeout
401578557,4,40.1,Sun Full timeout
401578561,1,3:59,Liberty Full timeout
401578561,2,4:42,Official timeout
401578561,2,2:38,Sun Full timeout
401578561,2,23.1,Sun Full timeout
401578561,3,5:39,Liberty Full timeout
401578561,3,4:12,Sun 20 Sec. timeout
401578561,4,8:36,Liberty 20 Sec. timeout
401578561,4,6:04,Sun Full timeout
401578561,4,2:45,Official timeout
401578561,4,1:02,Liberty 20 Sec. timeout
401578561,4,35.0,Liberty Full timeout
401578562,1,4:31,Official timeout
401578562,1,2:03,Aces Full timeout
401578562,2,5:34,Aces Full timeout
401578562,2,2:33,Wings Full timeout
401578562,3,8:02,Wings 20 Sec. timeout
401578562,3,4:02,Official timeout
401578562,4,6:52,Wings Full timeout
401578562,4,5:34,Aces 20 Sec. timeout
401578562,4,2:49,Aces Full timeout
401578563,1,4:42,Official timeout
401578563,2,7:37,Liberty Full timeout
401578563,2,3:46,Sun Full timeout
401578563,2,1:14,Sun Full timeout
401578563,3,6:52,Sun 20 Sec. timeout
401578563,3,4:50,Sun Full timeout
401578563,3,2:40,Liberty 20 Sec. timeout
401578563,4,7:05,Sun 20 Sec. timeout
401578563,4,5:06,Official timeout
401578563,4,2:25,Liberty Full timeout
401578564,1,4:54,Official timeout
401578564,1,2:32,Wings Full timeout
401578564,2,8:44,Aces Full timeout
401578564,2,6:09,Wings Full timeout
401578564,2,1:52,Aces Full timeout
401578564,3,9:13,Aces 20 Sec. timeout
401578564,3,5:34,Wings Full timeout
401578564,3,4:14,Wings 20 Sec. timeout
401578564,4,6:53,Aces Full timeout
401578564,4,4:09,Wings 20 Sec. timeout
401578564,4,2:58,Official timeout
401578564,4,1:36,Aces 20 Sec. timeout
401578564,4,27.0,Aces Full timeout
401578564,4,21.1,Wings Full timeout
401578565,1,4:04,Sun Full timeout
401578565,2,5:27,Official timeout
401578565,2,2:04,Liberty Full timeout
401578565,2,1:05,Liberty Full timeout
401578565,3,6:48,Liberty Full timeout
401578565,3,3:25,Liberty 20 Sec. timeout
401578565,4,8:18,Sun Full timeout
401578565,4,3:47,Sun Full timeout
401578566,1,4:34,Wings Full timeout
401578566,1,1:55,Aces Full timeout
401578566,2,5:00,Official timeout
401578566,2,2:57,Aces Full timeout
401578566,3,8:17,Wings Full timeout
401578566,4,6:49,Aces Full timeout
401578566,4,4:59,Aces 20 Sec. timeout
401578566,4,2:56,Official timeout
401578566,4,31.1,Wings 20 Sec. timeout
401578566,4,9.1,Wings 20 Sec. timeout
401578566,4,2.1,Wings Full timeout
401578567,1,3:09,Liberty Full timeout
401578567,2,6:08,Liberty Full timeout
401578567,2,4:55,Sun Full timeout
401578567,3,7:09,Sun Full timeout
401578567,4,9:23,Sun 20 Sec. timeout
401578567,4,8:03,Liberty Full timeout
401578567,4,2:53,Official timeout
401578567,4,1:08,Liberty 20 Sec. timeout
401578567,4,54.1,Sun Full timeout
401578567,4,54.1,(00:54.6) [Sun] COACH'S CHALLENGE (REPLA
401578567,4,42.0,Sun 20 Sec. timeout
401578567,4,7.1,Liberty 20 Sec. timeout
401578571,1,4:56,Official timeout
401578571,1,3:15,Aces Full timeout
401578571,2,5:43,Aces Full timeout
401578571,2,4:01,Liberty Full timeout
401578571,2,37.1,Liberty Full timeout
401578571,3,5:17,Liberty Full timeout
401578571,3,1:20,Aces 20 Sec. timeout
401578571,4,7:56,Liberty 20 Sec. timeout
401578571,4,5:49,Official timeout
401578571,4,4:12,Liberty 20 Sec. timeout
401578571,4,2:58,Aces Full timeout
401578571,4,1:34,Liberty Full timeout
401578572,1,7:00,Liberty Full timeout
401578572,1,48.1,Liberty Full timeout
401578572,2,6:14,Aces Full timeout
401578572,2,3:15,Aces Full timeout
401578572,3,6:21,Liberty Full timeout
401578572,4,6:58,Liberty 20 Sec. timeout
401578572,4,5:51,Official timeout
401578572,4,4:59,Aces 20 Sec. timeout
401578572,4,1:34,Aces Full timeout
401578573,1,4:20,Aces Full timeout
401578573,2,8:06,Aces Full timeout
401578573,2,4:53,Liberty Full timeout
401578573,3,7:15,Aces 20 Sec. timeout
401578573,3,4:52,Official timeout
401578573,3,2:54,Liberty 20 Sec. timeout
401578573,4,5:31,Liberty Full timeout
401578573,4,4:15,Aces Full timeout
401578574,1,4:41,Aces Full timeout
401578574,2,7:59,Liberty Full timeout
401578574,2,2:44,Official timeout
401578574,3,4:56,Liberty Full timeout
401578574,4,8:19,Liberty 20 Sec. timeout
401578574,4,6:34,Aces Full timeout
401578574,4,4:50,Aces 20 Sec. timeout
401578574,4,2:57,Official timeout
401578574,4,1:26,Liberty 20 Sec. timeout
401578574,4,41.1,Aces 20 Sec. timeout
401578574,4,20.0,Aces Full timeout
401578574,4,8.1,Liberty Full timeout
401649378,1,5:57,Sky Full timeout
401649378,2,2:41,Lynx Full timeout
401649378,2,1:19,Sky Full timeout
401649378,4,6:28,Sky Full timeout
401649378,4,5:16,Lynx Full timeout
401649378,4,3:22,Lynx Full timeout
401649378,4,1:42,Lynx Full timeout
401649378,4,1:42,(01:42) [Lynx] COACH'S CHALLENGE (CALL O
401653060,1,6:41,Wings Full timeout
401653060,2,6:31,Fever Full timeout
401653060,2,2:24,Wings Full timeout
401653060,3,4:57,Fever Full timeout
401653060,4,5:56,Wings Full timeout
401653060,4,3:51,Wings Full timeout
401653060,4,2:19,Wings Full timeout
401653060,4,2:19,(02:19) [Wings] COACH'S CHALLENGE (CALL 
401653060,4,26.1,Fever Full timeout
401653060,4,24.1,Wings Full timeout
401653060,4,3.0,Fever Full timeout
401653631,1,6:28,Dream Full timeout
401653631,2,5:37,Mystics Full timeout
401653631,2,2:15,Dream Full timeout
401653631,3,6:27,Mystics Full timeout
401653631,3,3:14,Dream Full timeout
401653631,4,5:56,Dream Full timeout
401653631,4,2:27,Dream Full timeout
401653631,4,43.1,Mystics timeout
401653631,4,3.0,Mystics Full timeout
401647556,1,5:06,Storm Full timeout
401647556,2,5:56,Sparks Full timeout
401647556,3,4:44,Storm Full timeout
401647556,4,6:49,Sparks Full timeout
401647556,4,4:57,Storm Full timeout
401647556,4,39.0,Sparks Full timeout
401647556,4,20.0,Storm Full timeout
401647556,4,7.0,Storm timeout
401649379,1,6:38,Liberty Full timeout
401649379,1,3:59,Sky Full timeout
401649379,2,7:41,Liberty Full timeout
401649379,2,2:43,Official timeout
401649379,3,5:24,Sky Full timeout
401649379,4,8:18,Liberty Full timeout
401649379,4,5:34,Liberty Full timeout
401649379,4,2:10,Sky Full timeout
401649380,1,6:27,Mercury Full timeout
401649380,1,4:26,Storm Full timeout
401649380,1,4:12,Mercury Full timeout
401649380,2,5:41,Official timeout
401649380,2,2:58,Storm Full timeout
401649380,3,6:41,Mercury Full timeout
401649380,3,3:51,Storm Full timeout
401649380,3,3:42,(03:42) [Storm] COACH'S CHALLENGE (CALL 
401649380,3,42.1,Mercury Full timeout
401649380,4,5:23,Official timeout
401649380,4,2:17,Storm Full timeout
401649380,4,1:58,Mercury timeout
401649380,4,1:17,Storm timeout
401653632,1,4:34,Official timeout
401653632,2,7:11,Lynx Full timeout
401653632,2,4:29,Lynx Full timeout
401653632,2,2:55,Mystics Full timeout
401653632,3,7:32,Official timeout
401653632,3,7:32,(07:32) [Mystics] COACH'S CHALLENGE (CAL
401653632,3,5:12,Mystics Full timeout
401653632,4,9:05,Lynx Full timeout
401653632,4,9:05,(09:05) [Lynx] COACH'S CHALLENGE (CALL S
401653632,4,5:21,Mystics Full timeout
401653632,4,1:52,Mystics Full timeout
401653632,4,1:52,(01:52) [Mystics] COACH'S CHALLENGE (CAL
401653632,4,33.1,Lynx Full timeout
401649560,1,3:43,Official timeout
401649560,2,8:17,Liberty Full timeout
401649560,2,2:03,Sun Full timeout
401649560,3,4:57,Sun Full timeout
401649560,3,58.1,Liberty Full timeout
401649560,4,8:00,Sun Full timeout
401649560,4,4:29,Liberty Full timeout
401649560,4,1:24,Sun Full timeout
401649560,4,1:20,Liberty Full timeout
401649560,4,45.1,Sun Full timeout
401649560,4,12.1,Liberty Full timeout
401649560,4,9.0,Sun timeout
401653633,1,4:55,Official timeout
401653633,2,5:14,Fever Full timeout
401653633,2,2:29,Dream Full timeout
401653633,3,4:34,Official timeout
401653633,3,2:15,Dream Full timeout
401653633,3,1:46,(01:46) [Dream] COACH'S CHALLENGE (CALL 
401653633,4,5:41,Dream Full timeout
401653633,4,5:41,(05:41) [Dream] COACH'S CHALLENGE (CALL 
401653633,4,3:47,Fever Full timeout
401653633,4,2:51,Fever Full timeout
401653633,4,19.0,Dream Full timeout
401653634,1,3:49,Official timeout
401653634,2,9:21,Sparks Full timeout
401653634,2,5:40,Mercury Full timeout
401653634,2,5:40,(05:40) [Mercury] COACH'S CHALLENGE (CAL
401653634,3,7:18,Mercury Full timeout
401653634,3,3:10,Mercury Full timeout
401653634,4,6:40,Sparks Full timeout
401653634,4,2:40,Official timeout
401653634,4,1:07,Mercury timeout
401653634,4,31.1,Sparks Full timeout
401653736,2,6:10,Puerto Rico Full timeout
401653736,2,2:24,Official timeout
401653736,3,4:37,Official timeout
401653736,3,3:06,Puerto Rico Full timeout
401653736,3,22.0,Aces Full timeout
401653736,4,5:31,Puerto Rico Full timeout
401653736,4,2:48,Official timeout
401620178,1,4:53,Official timeout
401620178,2,6:17,Liberty Full timeout
401620178,2,4:07,Mystics Full timeout
401620178,2,1:26,Liberty Full timeout
401620178,3,4:32,Liberty Full timeout
401620178,4,7:02,Mystics Full timeout
401620178,4,3:30,Mystics Full timeout
401620178,4,43.1,Mystics timeout
401620178,4,16.1,Liberty Full timeout
401620178,4,15.1,Mystics Full timeout
401620178,4,1.1,Liberty timeout
401620219,1,4:51,Official timeout
401620219,2,5:17,Sun Full timeout
401620219,2,1:55,Fever Full timeout
401620219,3,7:23,Sun Full timeout
401620219,3,4:32,Fever Full timeout
401620219,4,5:14,Official timeout
401620219,4,3:29,Sun Full timeout
401620219,4,1:35,Sun Full timeout
401620220,1,4:46,Official timeout
401620220,2,5:37,Mercury Full timeout
401620220,2,4:47,Aces Full timeout
401620220,3,7:20,Mercury Full timeout
401620220,3,1:07,Aces Full timeout
401620220,4,5:15,Mercury Full timeout
401620220,4,4:01,Aces Full timeout
401620220,4,3:36,(03:36) [Aces] COACH'S CHALLENGE (CALL S
401620220,4,3:36,Aces Full timeout
401620220,4,1:44,Mercury timeout
401620220,4,1:17,Aces Full timeout
401620220,4,34.1,Mercury Full timeout
401620220,4,13.1,Mercury Full timeout
401620221,1,4:56,Official timeout
401620221,2,8:03,Lynx Full timeout
401620221,2,7:06,Storm Full timeout
401620221,2,2:33,(02:33) [Lynx] COACH'S CHALLENGE (CALL S
401620221,2,2:33,Lynx Full timeout
401620221,3,7:33,Lynx Full timeout
401620221,3,6:11,Storm Full timeout
401620221,4,7:06,Storm Full timeout
401620221,4,4:12,Storm Full timeout
401620221,4,2:29,Lynx Full timeout
401620221,4,32.2,Storm Full timeout
401620222,1,5:12,Sky Full timeout
401620222,2,5:25,Sky Full timeout
401620222,2,2:46,Sky Full timeout
401620222,3,4:42,Official timeout
401620222,4,5:54,Wings Full timeout
401620222,4,5:01,Wings Full timeout
401620222,4,2:29,Sky Full timeout
401620222,4,1:04,Sky Full timeout
401620223,1,7:44,Dream Full timeout
401620223,2,7:13,Dream Full timeout
401620223,2,5:00,Sparks Full timeout
401620223,3,4:41,Official timeout
401620223,4,7:28,Sparks Full timeout
401620223,4,3:54,Dream Full timeout
401620223,4,3:17,Sparks Full timeout
401620223,4,44.1,Sparks Full timeout
401620223,4,43.0,Dream timeout
401620223,4,36.1,Sparks Full timeout
401620223,4,31.0,Dream Full timeout
401620224,1,4:44,Official timeout
401620224,2,6:34,Liberty Full timeout
401620224,2,3:37,Fever Full timeout
401620224,3,4:36,Official timeout
401620224,4,8:39,Fever Full timeout
401620224,4,3:06,Liberty Full timeout
401620225,1,4:56,Official timeout
401620225,1,4:03,Mystics Full timeout
401620225,2,5:43,Sun Full timeout
401620225,2,2:55,Mystics Full timeout
401620225,2,1:50,Sun Full timeout
401620225,3,4:44,Official timeout
401620225,4,7:41,Mystics Full timeout
401620225,4,7:41,(07:41) [Mystics] COACH'S CHALLENGE (CAL
401620225,4,5:22,Mystics Full timeout
401620225,4,3:45,Sun Full timeout
401620225,4,45.0,Sun Full timeout
401620225,4,27.1,Mystics timeout
401620226,1,4:53,Official timeout
401620226,1,3:57,Storm Full timeout
401620226,2,8:50,Storm Full timeout
401620226,2,4:29,Lynx Full timeout
401620226,2,53.1,Lynx Full timeout
401620226,3,4:03,Official timeout
401620226,4,7:19,Storm Full timeout
401620226,4,3:30,Lynx Full timeout
401620226,4,1:18,Lynx Full timeout
401620226,4,1:18,(01:18) [Lynx] COACH'S CHALLENGE (REPLAY
401620226,4,1:05,Storm timeout
401620226,4,26.0,Lynx timeout
401620226,4,26.0,Storm Full timeout
401620226,4,26.0,(00:26) [Storm] COACH'S CHALLENGE (CALL 
401620226,4,15.1,Lynx Full timeout
401620226,4,9.1,Storm Full timeout
401620226,5,1:44,Storm Full timeout
401620226,5,59.0,Lynx Full timeout
401620226,5,43.0,Storm timeout
401620226,5,38.1,Lynx Full timeout
401620226,5,28.1,Storm Full timeout
401620226,5,18.1,Lynx timeout
401620226,6,3:37,Storm Full timeout
401620226,6,1:25,Storm Full timeout
401620226,6,54.0,Storm timeout
401620227,1,4:34,Official timeout
401620227,2,6:48,Fever Full timeout
401620227,2,3:31,Liberty Full timeout
401620227,3,7:26,Fever Full timeout
401620227,3,2:42,Liberty Full timeout
401620227,4,5:18,Official timeout
401620227,4,3:39,Liberty Full timeout
401620228,1,6:27,Aces Full timeout
401620228,2,5:29,Aces Full timeout
401620228,2,2:51,Official timeout
401620228,2,2:03,Sparks Full timeout
401620228,2,44.1,Sparks Full timeout
401620228,2,44.1,(00:44.6) [Sparks] COACH'S CHALLENGE (CA
401620228,3,6:33,Aces Full timeout
401620228,4,8:11,Sparks Full timeout
401620228,4,4:55,Sparks Full timeout
401620228,4,2:35,Aces Full timeout
401620228,4,19.1,Sparks Full timeout
401620229,1,4:55,Official timeout
401620229,2,5:41,Wings Full timeout
401620229,2,3:15,Sky Full timeout
401620229,3,4:14,Official timeout
401620229,3,1:59,Wings Full timeout
401620229,3,1:12,Official timeout
401620229,4,7:42,Wings Full timeout
401620229,4,1:44,Sky Full timeout
401620229,4,43.0,Wings timeout
401620230,1,4:07,Official timeout
401620230,2,7:14,Mercury Full timeout
401620230,2,5:45,Dream Full timeout
401620230,2,4:37,Dream Full timeout
401620230,2,4:37,(04:37) [Dream] COACH'S CHALLENGE (CALL 
401620230,3,4:49,Dream Full timeout
401620230,3,2:00,(02:00) [Mercury] COACH'S CHALLENGE (CAL
401620230,4,7:39,Mercury Full timeout
401620230,4,6:22,Mercury Full timeout
401620230,4,2:45,Dream Full timeout
401620230,4,1:40,Mercury timeout
401620230,4,38.1,Dream Full timeout
401620231,1,4:32,Official timeout
401620231,1,1:02,Storm Full timeout
401620231,2,6:38,Mystics Full timeout
401620231,2,5:14,Storm Full timeout
401620231,3,5:18,Official timeout
401620231,3,5:18,(05:18) [Mystics] COACH'S CHALLENGE (CAL
401620231,4,6:18,Mystics Full timeout
401620231,4,4:56,Storm Full timeout
401620231,4,1:36,Mystics Full timeout
401620232,1,4:34,Official timeout
401620232,2,5:44,Fever Full timeout
401620232,2,5:29,Fever Full timeout
401620232,2,1:33,Sun Full timeout
401620232,3,8:19,Fever Full timeout
401620232,3,1:05,Sun Full timeout
401620232,4,6:04,Sun Full timeout
401620232,4,2:51,Official timeout
401620232,4,52.1,Sun Full timeout
401620232,4,41.1,Fever Full timeout
401620232,4,29.0,Sun Full timeout
401620232,4,11.1,Fever Full timeout
401620232,4,11.1,(00:11.3) [Fever] COACH'S CHALLENGE (CAL
401620232,4,11.1,Fever timeout
401620233,1,5:05,Storm Full timeout
401620233,2,7:22,Liberty Full timeout
401620233,2,2:25,Official timeout
401620233,3,7:51,Storm Full timeout
401620233,3,1:39,Storm Full timeout
401620233,4,5:48,Official timeout
401620233,4,3:32,Liberty Full timeout
401620233,4,1:43,Storm Full timeout
401620233,4,47.2,Liberty Full timeout
401620233,4,43.1,Storm Full timeout
401620233,4,3.1,Storm timeout
401620234,1,4:59,Official timeout
401620234,2,6:34,Dream Full timeout
401620234,2,2:47,Wings Full timeout
401620234,3,7:57,Wings Full timeout
401620234,3,6:55,Dream Full timeout
401620234,3,6:55,(06:55) [Dream] COACH'S CHALLENGE (REPLA
401620234,3,3:55,Wings Full timeout
401620234,4,8:30,Wings Full timeout
401620234,4,5:36,Dream Full timeout
401620234,4,2:25,(02:25) [Wings] COACH'S CHALLENGE (CALL 
401620234,4,29.1,Dream Full timeout
401620234,4,13.0,Wings timeout
401620235,1,6:44,Aces Full timeout
401620235,1,3:47,Mercury Full timeout
401620235,2,5:28,Mercury Full timeout
401620235,2,4:45,Aces Full timeout
401620235,2,4:45,(04:45) [Aces] COACH'S CHALLENGE (CALL O
401620235,3,4:38,Official timeout
401620235,4,7:55,Aces Full timeout
401620235,4,5:53,Mercury Full timeout
401620235,4,5:53,(05:53) [Mercury] COACH'S CHALLENGE (CAL
401620235,4,2:36,Aces Full timeout
401620235,4,46.1,Mercury Full timeout
401620235,4,24.1,Aces timeout
401620235,4,16.0,Aces Full timeout
401620236,1,4:53,Official timeout
401620236,2,5:48,Sparks Full timeout
401620236,2,3:38,Sparks Full timeout
401620236,3,7:35,Mystics Full timeout
401620236,3,7:35,(07:35) [Mystics] COACH'S CHALLENGE (CAL
401620236,3,2:21,Mystics Full timeout
401620236,4,6:10,(06:10) [Sparks] COACH'S CHALLENGE (CALL
401620236,4,4:11,Sparks Full timeout
401620236,4,52.0,Sparks Full timeout
401620236,4,24.1,Mystics Full timeout
401620236,4,16.1,Sparks Full timeout
401620236,4,14.1,Mystics timeout
401620236,4,10.2,Sparks timeout
401620236,4,7.1,Mystics Full timeout
401620237,1,4:53,Official timeout
401620237,2,5:52,Storm Full timeout
401620237,2,3:51,Fever Full timeout
401620237,3,4:56,Official timeout
401620237,3,3:46,Storm Full timeout
401620237,4,9:32,(09:32) [Storm] COACH'S CHALLENGE (CALL 
401620237,4,8:50,Fever Full timeout
401620237,4,1:50,Storm Full timeout
401620237,4,14.0,(00:14) [Storm] COACH'S CHALLENGE (CALL 
401620237,4,12.1,Fever Full timeout
401620237,4,11.1,Storm timeout
401620237,4,11.0,(00:11) [Fever] COACH'S CHALLENGE (CALL 
401620237,4,11.0,Fever timeout
401620237,4,10.1,Fever Full timeout
401620238,1,5:55,Sun Full timeout
401620238,2,7:30,Lynx Full timeout
401620238,2,4:12,Lynx Full timeout
401620238,3,7:16,(07:16) [Sun] COACH'S CHALLENGE (CALL OV
401620238,3,2:46,Lynx Full timeout
401620238,4,5:34,Sun Full timeout
401620238,4,4:15,Sun Full timeout
401620238,4,2:09,(02:09) [Lynx] COACH'S CHALLENGE (CALL O
401620238,4,36.1,Lynx Full timeout
401620238,4,32.0,Sun Full timeout
401620238,4,32.0,(00:32.1) [Sun] COACH'S CHALLENGE (REPLA
401620238,4,32.0,Sun Full timeout
401620238,4,14.0,Lynx timeout
401620238,4,11.1,Sun timeout
401620238,5,1:41,Sun Full timeout
401620238,5,40.1,Lynx Full timeout
401620238,5,17.1,Lynx Full timeout
401620238,5,13.0,Sun Full timeout
401620238,5,7.1,Lynx timeout
401620239,1,5:27,Sky Full timeout
401620239,1,2:18,Liberty Full timeout
401620239,2,5:28,Official timeout
401620239,2,3:11,Liberty Full timeout
401620239,3,6:17,Sky Full timeout
401620239,4,7:44,Sky Full timeout
401620239,4,6:26,Liberty Full timeout
401620239,4,4:36,Liberty Full timeout
401620239,4,1:39,Sky Full timeout
401620239,4,1:22,Sky Full timeout
401620239,4,1:22,(01:22) [Sky] COACH'S CHALLENGE (CALL ST
401620240,1,4:07,Official timeout
401620240,2,6:09,Official timeout
401620240,2,2:53,Mercury Full timeout
401620240,3,6:07,Mystics Full timeout
401620240,3,3:04,Mystics Full timeout
401620240,3,32.1,Mercury Full timeout
401620240,4,5:49,(05:49) [Mystics] COACH'S CHALLENGE (CAL
401620240,4,3:27,(03:27) [Mercury] COACH'S CHALLENGE (CAL
401620240,4,58.1,Mystics Full timeout
401620240,4,34.1,Mercury Full timeout
401620240,4,27.2,Mercury Full timeout
401620240,4,17.0,Mystics Full timeout
401620240,4,4.0,Mystics timeout
401620240,4,1.1,Mercury timeout
401620241,1,4:56,Official timeout
401620241,2,8:05,Fever Full timeout
401620241,2,8:05,(08:05) [Fever] COACH'S CHALLENGE (CALL 
401620241,2,2:41,Fever Full timeout
401620241,3,8:30,Sparks Full timeout
401620241,3,6:15,Sparks Full timeout
401620241,4,6:04,Fever Full timeout
401620241,4,4:18,Fever Full timeout
401620241,4,1:05,Sparks Full timeout
401620241,4,27.0,Sparks Full timeout
401620241,4,14.1,Fever Full timeout
401620241,4,12.1,Sparks timeout
401620242,1,4:42,Official timeout
401620242,1,1:11,Liberty Full timeout
401620242,2,6:44,Liberty Full timeout
401620242,2,4:22,Lynx Full timeout
401620242,3,4:00,Official timeout
401620242,3,1:44,Liberty Full timeout
401620242,4,6:03,Lynx Full timeout
401620242,4,6:03,(06:03) [Lynx] COACH'S CHALLENGE (REPLAY
401620242,4,4:46,Liberty Full timeout
401620242,4,4:46,(04:46) [Liberty] COACH'S CHALLENGE (CAL
401620242,4,1:49,Lynx Full timeout
401620243,1,5:30,Sun Full timeout
401620243,2,5:19,Official timeout
401620243,2,2:41,Sky Full timeout
401620243,2,1:51,(01:51) [Sun] COACH'S CHALLENGE (CALL OV
401620243,3,9:11,Sky Full timeout
401620243,4,5:47,Official timeout
401620243,4,4:11,Sky Full timeout
401620243,4,3:43,Sun Full timeout
401620243,4,2:58,Sun Full timeout
401620243,4,1:06,(01:06) [Sun] COACH'S CHALLENGE (REPLAY 
401620243,4,1:06,Sun Full timeout
401620243,4,32.2,Sky Full timeout
401620243,4,6.0,Sky Full timeout
401620244,1,4:40,Official timeout
401620244,2,7:21,Aces Full timeout
401620244,2,2:32,Official timeout
401620244,3,7:02,Fever Full timeout
401620244,3,5:59,Aces Full timeout
401620244,3,5:59,(05:59) [Aces] COACH'S CHALLENGE (CALL S
401620244,4,7:43,Fever Full timeout
401620244,4,7:43,(07:43) [Fever] COACH'S CHALLENGE (CALL 
401620244,4,6:06,Fever Full timeout
401620244,4,3:33,Aces Full timeout
401620245,1,4:18,Official timeout
401620245,2,8:06,Storm Full timeout
401620245,2,4:10,Mystics Full timeout
401620245,3,6:04,Mystics Full timeout
401620245,3,4:13,(04:13) [Storm] COACH'S CHALLENGE (CALL 
401620245,3,3:18,(03:18) [Mystics] COACH'S CHALLENGE (CAL
401620245,4,7:49,Mystics Full timeout
401620245,4,6:05,Storm Full timeout
401620245,4,5:02,(05:02) [Storm] COACH'S CHALLENGE (CALL 
401620245,4,5:02,Storm Full timeout
401620245,4,3:35,Storm Full timeout
401620245,4,3:16,Storm Full timeout
401620246,1,3:23,Mercury Full timeout
401620246,2,8:08,Mercury Full timeout
401620246,2,2:56,Official timeout
401620246,3,7:32,Mercury Full timeout
401620246,3,6:58,Mercury Full timeout
401620246,3,5:55,Wings Full timeout
401620246,3,2:43,Wings Full timeout
401620246,4,5:50,Official timeout
401620246,4,2:51,Wings Full timeout
401620247,1,4:19,Official timeout
401620247,2,7:35,Lynx Full timeout
401620247,2,4:10,Dream Full timeout
401620247,3,8:05,Dream Full timeout
401620247,3,6:36,Dream Full timeout
401620247,3,3:03,Lynx Full timeout
401620247,4,5:03,Lynx Full timeout
401620247,4,3:09,Lynx Full timeout
401620247,4,31.1,Lynx timeout
401620248,1,4:49,Official timeout
401620248,2,4:45,Wings Full timeout
401620248,2,2:52,Sparks Full timeout
401620248,3,4:35,Official timeout
401620248,3,3:07,Sparks Full timeout
401620248,3,2:25,Wings Full timeout
401620248,4,7:37,Wings Full timeout
401620248,4,3:58,Wings Full timeout
401620248,4,36.0,Sparks Full timeout
401620248,4,16.0,Sparks Full timeout
401620249,1,4:00,Official timeout
401620249,2,5:52,Sun Full timeout
401620249,2,5:12,Mercury Full timeout
401620249,3,4:29,Official timeout
401620249,4,6:57,Mercury Full timeout
401620249,4,4:08,Sun Full timeout
401620250,1,3:39,Official timeout
401620250,2,8:49,Sparks Full timeout
401620250,2,7:18,Sparks Full timeout
401620250,3,7:53,Sparks Full timeout
401620250,3,3:20,Fever Full timeout
401620250,3,36.1,Fever Full timeout
401620250,4,5:22,Fever Full timeout
401620250,4,2:59,Official timeout
401620250,4,1:53,Fever Full timeout
401620250,4,1:53,(01:53) [Fever] COACH'S CHALLENGE (CALL 
401620250,4,29.2,Sparks Full timeout
401620250,4,28.1,Fever Full timeout
401620250,4,24.1,Sparks timeout
401620250,4,21.1,Fever timeout
401620250,4,14.1,Sparks Full timeout
401620251,1,4:56,Official timeout
401620251,1,3:00,Sky Full timeout
401620251,2,9:06,Storm Full timeout
401620251,2,7:18,Sky Full timeout
401620251,3,4:43,Official timeout
401620251,3,2:44,Storm Full timeout
401620251,4,9:21,Sky Full timeout
401620251,4,7:11,Storm Full timeout
401620251,4,5:54,Storm Full timeout
401620251,4,5:54,(05:54) [Storm] COACH'S CHALLENGE (REPLA
401620251,4,2:23,Sky Full timeout
401620252,1,4:35,Official timeout
401620252,2,6:32,Liberty Full timeout
401620252,2,4:16,Mercury Full timeout
401620252,3,4:49,Official timeout
401620252,3,1:03,Liberty Full timeout
401620252,4,7:04,Mercury Full timeout
401620252,4,5:17,Mercury Full timeout
401620252,4,5:03,Liberty Full timeout
401620252,4,5:03,(05:03) [Liberty] COACH'S CHALLENGE (CAL
401620252,4,2:42,(02:42) [Mercury] COACH'S CHALLENGE (CAL
401620252,4,2:42,Mercury Full timeout
401620252,4,1:25,(01:25) [Mercury] COACH'S CHALLENGE (CAL
401620252,4,1:25,Mercury Full timeout
401620252,4,30.1,Mercury timeout
401620252,4,25.1,Liberty Full timeout
401620252,4,17.0,Liberty timeout
401620253,1,4:43,Official timeout
401620253,1,1:34,Dream Full timeout
401620253,2,5:53,Mystics Full timeout
401620253,2,2:24,Dream Full timeout
401620253,3,4:42,Official timeout
401620253,3,3:01,Mystics Full timeout
401620253,3,3:01,(03:01) [Mystics] COACH'S CHALLENGE (CAL
401620253,4,6:16,Mystics Full timeout
401620253,4,6:16,(06:16) [Dream] COACH'S CHALLENGE (CALL 
401620253,4,4:24,Dream Full timeout
401620253,4,1:20,Dream Full timeout
401620253,4,41.1,Dream timeout
401620253,4,38.1,Mystics Full timeout
401620253,4,28.2,Mystics timeout
401620254,1,4:27,Official timeout
401620254,1,3:38,Aces Full timeout
401620254,2,5:29,Aces Full timeout
401620254,2,2:57,Lynx Full timeout
401620254,2,1:16,Lynx Full timeout
401620254,3,4:53,Official timeout
401620254,4,6:30,Lynx Full timeout
401620254,4,4:33,Lynx Full timeout
401620255,1,5:48,Fever Full timeout
401620255,1,3:34,Storm Full timeout
401620255,2,6:17,Storm Full timeout
401620255,2,1:44,Official timeout
401620255,3,7:40,Fever Full timeout
401620255,3,1:14,(01:14) [Storm] COACH'S CHALLENGE (CALL 
401620255,4,7:50,Storm Full timeout
401620255,4,6:05,Fever Full timeout
401620255,4,2:55,Storm Full timeout
401620256,1,4:37,Sparks Full timeout
401620256,2,5:55,Official timeout
401620256,2,2:27,Sky Full timeout
401620256,3,5:41,Sparks Full timeout
401620256,3,3:52,Sky Full timeout
401620256,4,7:51,Official timeout
401620256,4,7:51,(07:51) [Sky] COACH'S CHALLENGE (CALL OV
401620256,4,4:03,Sparks Full timeout
401620256,4,1:17,Sky Full timeout
401620256,4,23.1,Sparks Full timeout
401620257,1,4:36,Official timeout
401620257,1,2:56,Aces Full timeout
401620257,2,7:52,Dream Full timeout
401620257,2,3:54,Aces Full timeout
401620257,3,4:39,Official timeout
401620257,3,3:48,Aces Full timeout
401620257,4,5:55,Dream Full timeout
401620257,4,3:36,Dream Full timeout
401620257,4,1:09,Dream Full timeout
401620257,4,1:02,Aces timeout
401620257,4,26.0,Aces Full timeout
401620257,4,20.1,Aces Full timeout
401620258,1,7:08,Sun Full timeout
401620258,2,5:27,Official timeout
401620258,2,2:13,Sun Full timeout
401620258,3,7:58,Wings Full timeout
401620258,4,8:00,(08:00) [Sun] COACH'S CHALLENGE (CALL OV
401620258,4,6:14,Sun Full timeout
401620258,4,3:08,Wings Full timeout
401620258,4,44.1,Sun Full timeout
401620258,4,39.0,Wings Full timeout
401620258,4,38.1,Sun Full timeout
401620258,4,38.1,(00:38.6) [Sun] COACH'S CHALLENGE (CALL 
401620258,4,1.2,Wings Full timeout
401620259,1,4:15,Official timeout
401620259,1,1:59,Mystics Full timeout
401620259,2,5:41,Liberty Full timeout
401620259,2,1:48,Liberty Full timeout
401620259,3,4:15,Official timeout
401620259,3,3:37,(03:37) [Mystics] COACH'S CHALLENGE (CAL
401620259,4,8:02,Mystics Full timeout
401620259,4,3:36,Mystics Full timeout
401620259,4,1:07,Liberty Full timeout
401620259,4,51.0,Mystics Full timeout
401620259,4,44.1,Liberty timeout
401620259,4,39.0,Mystics Full timeout
401620259,4,39.0,(00:39.2) [Mystics] COACH'S CHALLENGE (C
401620260,1,5:04,Mercury Full timeout
401620260,2,7:21,Mercury Full timeout
401620260,2,2:57,Lynx Full timeout
401620260,3,7:01,Lynx Full timeout
401620260,4,5:52,Lynx Full timeout
401620260,4,3:07,Mercury Full timeout
401620260,4,3:02,(03:02) [Lynx] COACH'S CHALLENGE (REPLAY
401620260,4,3:02,Lynx Full timeout
401620261,1,4:45,Official timeout
401620261,2,5:44,Fever Full timeout
401620261,2,1:51,Sky Full timeout
401620261,3,5:57,Sky Full timeout
401620261,4,8:01,Fever Full timeout
401620261,4,4:14,Sky Full timeout
401620261,4,2:32,Fever Full timeout
401620261,4,1:14,Sky Full timeout
401620261,4,24.2,Fever Full timeout
401620261,4,6.1,Fever timeout
401620262,1,4:30,Official timeout
401620262,2,5:32,Dream Full timeout
401620262,2,3:21,Dream Full timeout
401620262,2,1:13,Dream Full timeout
401620262,3,4:53,Official timeout
401620262,3,1:36,Sun Full timeout
401620262,4,6:53,Dream Full timeout
401620262,4,4:11,Sun Full timeout
401620262,4,3:01,Sun Full timeout
401620262,4,2:46,Sun Full timeout
401620262,4,2:46,(02:46) [Sun] COACH'S CHALLENGE (REPLAY 
401620265,1,3:37,Official timeout
401620265,2,7:26,Sparks Full timeout
401620265,2,2:52,Mercury Full timeout
401620265,2,2:11,(02:11) [Sparks] COACH'S CHALLENGE (CALL
401620265,3,4:46,Official timeout
401620265,3,1:16,Mercury Full timeout
401620265,4,7:18,Mercury Full timeout
401620265,4,7:18,(07:18) [Mercury] COACH'S CHALLENGE (CAL
401620265,4,4:25,Mercury Full timeout
401620265,4,4:25,(04:25) [Mercury] COACH'S CHALLENGE (REP
401620265,4,3:22,Sparks Full timeout
401620263,1,7:24,Fever Full timeout
401620263,2,6:54,Fever Full timeout
401620263,2,3:16,Liberty Full timeout
401620263,3,6:44,Liberty Full timeout
401620263,3,3:18,Fever Full timeout
401620263,4,5:48,Official timeout
401620263,4,2:40,Official timeout
401620264,1,3:44,Official timeout
401620264,2,6:51,Lynx Full timeout
401620264,2,2:05,Wings Full timeout
401620264,3,8:00,Wings Full timeout
401620264,3,3:32,Lynx Full timeout
401620264,4,9:27,(09:27) [Wings] COACH'S CHALLENGE (CALL 
401620264,4,9:27,Official timeout
401620264,4,8:17,Wings Full timeout
401620264,4,5:21,Wings Full timeout
401620264,4,3:01,Lynx Full timeout
401620266,1,4:52,Official timeout
401620266,2,5:44,Sun Full timeout
401620266,2,1:56,Mystics Full timeout
401620266,3,6:05,Mystics Full timeout
401620266,4,8:22,Sun Full timeout
401620266,4,8:22,(08:22) [Sun] COACH'S CHALLENGE (CALL OV
401620266,4,7:20,Mystics Full timeout
401620266,4,7:20,(07:20) [Mystics] COACH'S CHALLENGE (CAL
401620266,4,5:42,Sun Full timeout
401620266,4,3:21,Sun Full timeout
401620266,4,1:46,Mystics Full timeout
401620267,1,4:41,Official timeout
401620267,1,3:21,Sky Full timeout
401620267,2,7:59,Liberty Full timeout
401620267,2,2:55,Sky Full timeout
401620267,2,42.1,Liberty Full timeout
401620267,2,4.0,Sky Full timeout
401620267,2,4.0,(00:04.2) [Sky] COACH'S CHALLENGE (REPLA
401620267,3,5:55,Sky Full timeout
401620267,4,7:15,Sky Full timeout
401620267,4,2:57,Official timeout
401620268,1,6:00,Official timeout
401620268,1,6:00,(06:00) [Mercury] COACH'S CHALLENGE (CAL
401620268,2,5:56,Storm Full timeout
401620268,2,3:25,Storm Full timeout
401620268,3,7:42,Mercury Full timeout
401620268,3,7:42,(07:42) [Mercury] COACH'S CHALLENGE (CAL
401620268,3,1:48,Mercury Full timeout
401620268,3,1:35,(01:35) [Storm] COACH'S CHALLENGE (REPLA
401620268,3,1:35,Storm Full timeout
401620268,4,5:35,Official timeout
401620268,4,2:55,Storm Full timeout
401620268,4,1:27,Mercury Full timeout
401620268,4,1:27,Mercury Full timeout
401620268,4,59.1,Mercury timeout
401620268,4,26.1,Storm timeout
401620269,1,6:31,Wings Full timeout
401620269,2,5:30,Official timeout
401620269,2,3:53,Aces Full timeout
401620269,3,4:49,Wings Full timeout
401620269,3,4:49,(04:49) [Wings] COACH'S CHALLENGE (REPLA
401620269,3,2:29,(02:29) [Aces] COACH'S CHALLENGE (CALL O
401620269,4,8:47,Wings Full timeout
401620269,4,3:33,Aces Full timeout
401620270,1,8:01,Sparks Full timeout
401620270,1,3:13,Sparks Full timeout
401620270,2,5:41,Official timeout
401620270,2,4:16,Lynx Full timeout
401620270,3,4:40,Sparks Full timeout
401620270,3,4:31,Lynx Full timeout
401620270,3,4:31,(04:31) [Lynx] COACH'S CHALLENGE (CALL O
401620270,4,5:32,Official timeout
401620270,4,3:38,Lynx Full timeout
401620270,4,2:16,Sparks Full timeout
401620270,4,2:16,(02:16) [Sparks] COACH'S CHALLENGE (CALL
401620271,1,8:07,Sky Full timeout
401620271,2,6:04,Sky Full timeout
401620271,2,3:34,Mystics Full timeout
401620271,3,4:57,Official timeout
401620271,3,50.0,Mystics Full timeout
401620271,4,5:56,Mystics Full timeout
401620271,4,2:22,Mystics Full timeout
401620271,4,23.1,Mystics timeout
401620272,1,4:13,Official timeout
401620272,1,1:44,Dream Full timeout
401620272,2,3:48,Liberty Full timeout
401620272,2,1:59,Dream Full timeout
401620272,3,4:24,Official timeout
401620272,3,2:38,Liberty Full timeout
401620272,4,7:36,Dream Full timeout
401620272,4,5:17,Dream Full timeout
401620272,4,4:02,Dream Full timeout
401620272,4,3:14,Liberty Full timeout
401620273,1,4:33,Official timeout
401620273,1,1:17,Mystics Full timeout
401620273,2,5:35,Mystics Full timeout
401620273,2,3:25,Fever Full timeout
401620273,3,6:25,Fever Full timeout
401620273,4,6:14,Mystics Full timeout
401620273,4,2:59,Fever Full timeout
401620273,4,2:52,Mystics Full timeout
401620273,4,2:52,(02:52) [Mystics] COACH'S CHALLENGE (REP
401620273,4,39.1,Fever Full timeout
401620273,4,25.1,Mystics timeout
401620273,4,17.1,Fever Full timeout
401620273,4,11.2,Mystics Full timeout
401620273,4,7.1,Fever timeout
401620274,1,4:55,Official timeout
401620274,1,3:47,Aces Full timeout
401620274,2,5:06,Aces Full timeout
401620274,2,2:43,Storm Full timeout
401620274,3,4:51,Official timeout
401620274,3,3:32,Storm Full timeout
401620274,4,6:01,Aces Full timeout
401620274,4,3:45,Storm Full timeout
401620274,4,1:11,Storm Full timeout
401620274,4,21.0,Storm timeout
401620275,1,4:00,Official timeout
401620275,1,2:33,Wings Full timeout
401620275,2,4:04,Sparks Full timeout
401620275,2,1:42,Sparks Full timeout
401620275,3,4:31,Official timeout
401620275,3,2:37,Wings Full timeout
401620275,4,5:51,Sparks Full timeout
401620275,4,2:48,Wings Full timeout
401620275,4,1:06,Sparks Full timeout
401620275,4,41.0,Wings Full timeout
401620275,4,41.0,(00:41.1) [Wings] COACH'S CHALLENGE (CAL
401620275,4,22.1,Wings timeout
401620275,4,11.0,Sparks timeout
401620276,1,4:19,Official timeout
401620276,2,5:43,Mercury Full timeout
401620276,2,5:29,Mercury Full timeout
401620276,2,5:29,(05:29) [Mercury] COACH'S CHALLENGE (CAL
401620276,2,5:01,(05:01) [Lynx] COACH'S CHALLENGE (CALL O
401620276,3,6:59,Lynx Full timeout
401620276,3,2:54,Mercury Full timeout
401620276,4,5:27,Official timeout
401620276,4,3:03,Mercury Full timeout
401620276,4,38.0,Lynx Full timeout
401620276,4,25.1,Mercury timeout
401620276,4,21.1,Lynx timeout
401620276,4,5.1,Mercury Full timeout
401620276,4,0.1,Lynx Full timeout
401620277,1,5:06,Sun Full timeout
401620277,2,7:10,Liberty Full timeout
401620277,2,2:02,Official timeout
401620277,3,8:54,Official timeout
401620277,3,8:54,(08:54) [Sun] COACH'S CHALLENGE (CALL OV
401620277,3,5:21,Liberty Full timeout
401620277,3,2:25,Sun Full timeout
401620277,4,5:47,Sun Full timeout
401620277,4,3:44,Liberty Full timeout
401620277,4,1:59,Liberty Full timeout
401620277,4,43.0,Sun Full timeout
401620277,4,29.2,Liberty timeout
401620277,4,29.0,Sun Full timeout
401620278,1,6:41,Sky Full timeout
401620278,2,5:55,Dream Full timeout
401620278,2,2:57,Official timeout
401620278,3,7:22,Dream Full timeout
401620278,4,7:12,Dream Full timeout
401620278,4,4:30,Sky Full timeout
401620278,4,2:44,Sky Full timeout
401620278,4,2:21,(02:21) [Sky] COACH'S CHALLENGE (CALL OV
401620278,4,1:10,Sky timeout
401620279,1,4:35,Official timeout
401620279,1,1:22,Liberty Full timeout
401620279,2,5:30,Liberty Full timeout
401620279,2,3:32,Mystics Full timeout
401620279,3,8:05,Mystics Full timeout
401620279,3,6:11,Liberty Full timeout
401620279,3,4:11,Liberty Full timeout
401620279,3,4:11,(04:11) [Liberty] COACH'S CHALLENGE (CAL
401620279,4,6:38,Mystics Full timeout
401620279,4,2:44,Official timeout
401620279,4,1:30,Mystics Full timeout
401620279,4,32.1,Liberty Full timeout
401620279,4,26.2,Liberty timeout
401620279,4,24.0,Mystics Full timeout
401620279,4,8.1,Mystics timeout
401620280,1,4:46,Official timeout
401620280,2,5:49,Wings Full timeout
401620280,2,1:43,Mercury Full timeout
401620280,3,8:45,Mercury Full timeout
401620280,3,6:37,Mercury Full timeout
401620280,3,4:19,Wings Full timeout
401620280,3,3:04,Wings Full timeout
401620280,4,8:47,Wings Full timeout
401620280,4,2:51,Official timeout
401620280,4,1:12,Wings Full timeout
401620280,4,41.1,Mercury Full timeout
401620280,5,1:54,Mercury Full timeout
401620280,5,1:54,(01:54) [Mercury] COACH'S CHALLENGE (REP
401620280,5,28.1,Mercury timeout
401620280,5,11.1,Mercury Full timeout
401620280,6,2:17,Wings Full timeout
401620280,6,1:00,Mercury Full timeout
401620280,6,24.0,Wings timeout
401620281,1,4:42,Official timeout
401620281,1,2:29,Storm Full timeout
401620281,1,2:29,(02:29) [Storm] COACH'S CHALLENGE (CALL 
401620281,2,5:29,Lynx Full timeout
401620281,2,3:17,Lynx Full timeout
401620281,3,3:42,Official timeout
401620281,3,2:14,Storm Full timeout
401620281,4,6:14,Lynx Full timeout
401620281,4,3:42,Storm Full timeout
401620281,4,1:40,Storm timeout
401620281,4,1:11,Storm Full timeout
401620282,1,8:42,Sparks Full timeout
401620282,2,7:33,Aces Full timeout
401620282,2,2:43,Aces Full timeout
401620282,3,7:43,Aces Full timeout
401620282,3,5:37,Aces Full timeout
401620282,3,3:05,Aces Full timeout
401620282,3,1:32,Sparks Full timeout
401620282,4,5:25,Official timeout
401620282,4,1:42,Sparks Full timeout
401620282,4,1:42,Aces timeout
401620282,4,10.0,Aces Full timeout
401620282,4,1.0,Official timeout
401620283,1,4:53,Official timeout
401620283,2,5:47,Sun Full timeout
401620283,2,2:43,Fever Full timeout
401620283,3,8:03,Fever Full timeout
401620283,3,3:54,Sun Full timeout
401620283,4,8:13,Sun Full timeout
401620283,4,4:56,Fever Full timeout
401620284,1,5:21,Dream Full timeout
401620284,2,6:24,Mystics Full timeout
401620284,2,2:57,Official timeout
401620284,3,5:11,Dream Full timeout
401620284,4,5:12,Official timeout
401620284,4,4:12,Dream Full timeout
401620284,4,4:12,(04:12) [Dream] COACH'S CHALLENGE (CALL 
401620285,1,4:57,Official timeout
401620285,2,8:37,Aces Full timeout
401620285,2,4:44,Aces Full timeout
401620285,2,16.0,Lynx Full timeout
401620285,3,7:53,Aces Full timeout
401620285,3,6:25,Lynx Full timeout
401620285,3,6:25,(06:25) [Lynx] COACH'S CHALLENGE (CALL O
401620285,3,5:31,Lynx Full timeout
401620285,4,6:34,Lynx Full timeout
401620285,4,2:56,Official timeout
401620286,1,5:03,Sparks Full timeout
401620286,1,1:58,Storm Full timeout
401620286,2,5:39,Official timeout
401620286,2,3:12,Storm Full timeout
401620286,3,4:51,Official timeout
401620286,4,8:44,Sparks Full timeout
401620286,4,5:41,Sparks Full timeout
401620286,4,2:04,Sparks Full timeout
401620286,4,1:13,Sparks Full timeout
401620286,4,1:03,Storm timeout
401620286,4,42.1,Sparks timeout
401620287,1,5:16,Sky Full timeout
401620287,1,3:33,Sun Full timeout
401620287,2,7:12,Sky Full timeout
401620287,2,3:03,Sun Full timeout
401620287,3,8:28,Sky Full timeout
401620287,3,4:11,Sky Full timeout
401620287,3,4:11,(04:11) [Sky] COACH'S CHALLENGE (REPLAY 
401620287,3,4:00,Sun Full timeout
401620287,3,4:00,(04:00) [Sun] COACH'S CHALLENGE (REPLAY 
401620287,4,5:22,Official timeout
401620287,4,2:59,Sun Full timeout
401620287,4,35.1,Sky timeout
401620287,4,28.0,Sun Full timeout
401620287,4,22.0,Sky Full timeout
401620288,1,4:50,Official timeout
401620288,1,2:07,Dream Full timeout
401620288,2,5:46,Fever Full timeout
401620288,2,2:51,Dream Full timeout
401620288,3,4:54,Official timeout
401620288,3,4:30,Dream Full timeout
401620288,3,3:31,Fever Full timeout
401620288,4,6:23,Fever Full timeout
401620288,4,4:27,Dream Full timeout
401620288,4,4:27,(04:27) [Dream] COACH'S CHALLENGE (CALL 
401620288,4,2:52,Dream Full timeout
401620288,4,1:09,Fever Full timeout
401620288,4,39.1,Fever Full timeout
401620288,4,22.1,Dream timeout
401620289,1,4:42,Official timeout
401620289,2,6:55,Storm Full timeout
401620289,2,2:58,Wings Full timeout
401620289,3,4:56,Official timeout
401620289,4,8:17,Wings Full timeout
401620289,4,4:59,Storm Full timeout
401620289,4,2:14,Storm Full timeout
401620289,4,1:16,Wings timeout
401620289,4,2.1,Wings Full timeout
401620290,1,4:48,Aces Full timeout
401620290,2,5:45,Official timeout
401620290,2,3:57,Mercury Full timeout
401620290,3,8:20,Mercury Full timeout
401620290,3,2:49,Aces Full timeout
401620290,3,1:26,(01:26) [Mercury] COACH'S CHALLENGE (CAL
401620290,4,6:12,Mercury Full timeout
401620290,4,6:12,(06:12) [Mercury] COACH'S CHALLENGE (CAL
401620290,4,3:59,Aces Full timeout
401620290,4,1:12,Mercury timeout
401620290,4,46.1,Mercury Full timeout
401620290,4,39.1,Aces timeout
401620290,4,13.1,Mercury Full timeout
401620290,4,5.1,Aces Full timeout
401620291,1,6:25,Sky Full timeout
401620291,2,8:01,(08:01) [Mystics] COACH'S CHALLENGE (CAL
401620291,2,8:01,Mystics Full timeout
401620291,2,2:56,Official timeout
401620291,3,4:48,Official timeout
401620291,4,5:43,Mystics Full timeout
401620291,4,3:18,Mystics Full timeout
401620291,4,1:01,Sky timeout
401620291,4,13.1,Sky Full timeout
401620291,4,0.0,Sky Full timeout
401620292,1,5:06,Official timeout
401620292,2,5:31,Official timeout
401620292,2,3:26,Sparks Full timeout
401620292,3,4:28,Official timeout
401620292,4,5:41,Lynx Full timeout
401620292,4,3:05,Sparks Full timeout
401620292,4,1:50,Sparks Full timeout
401620292,4,1:50,(01:50) [Sparks] COACH'S CHALLENGE (CALL
401620292,4,1:12,Lynx Full timeout
401620292,4,53.1,Sparks Full timeout
401620292,4,19.1,Sparks Full timeout
401620292,4,10.0,Lynx timeout
401620292,4,8.0,Sparks timeout
401620293,1,5:38,Wings Full timeout
401620293,2,5:56,Official timeout
401620293,2,2:45,Sun Full timeout
401620293,3,4:50,Official timeout
401620293,3,4:36,Wings Full timeout
401620293,3,4:36,(04:36) [Wings] COACH'S CHALLENGE (REPLA
401620293,4,8:22,Sun Full timeout
401620293,4,6:02,Wings Full timeout
401620293,4,3:19,Sun Full timeout
401620293,4,3:19,(03:19) [Sun] COACH'S CHALLENGE (REPLAY 
401620293,4,59.1,Sun Full timeout
401620294,1,8:02,Aces Full timeout
401620294,2,7:04,Liberty Full timeout
401620294,2,2:35,Official timeout
401620294,3,6:33,Liberty Full timeout
401620294,3,3:14,Aces Full timeout
401620294,4,8:11,Aces Full timeout
401620294,4,2:39,Aces Full timeout
401620296,1,5:49,Sky Full timeout
401620296,2,8:36,Fever Full timeout
401620296,2,8:36,(08:36) [Fever] COACH'S CHALLENGE (CALL 
401620296,2,2:51,Sky Full timeout
401620296,3,7:26,Fever Full timeout
401620296,4,5:31,Sky Full timeout
401620296,4,3:26,Fever Full timeout
401620296,4,30.0,Sky Full timeout
401620296,4,18.1,Sky Full timeout
401620295,1,5:32,Storm Full timeout
401620295,2,5:02,Official timeout
401620295,2,3:49,Storm Full timeout
401620295,2,2:49,Mercury Full timeout
401620295,3,3:57,Mercury Full timeout
401620295,4,5:55,Mercury Full timeout
401620295,4,5:06,Storm Full timeout
401620295,4,5:06,(05:06) [Storm] COACH'S CHALLENGE (CALL 
401620295,4,1:27,Storm Full timeout
401620295,4,49.1,Storm timeout
401620297,1,4:57,Official timeout
401620297,1,4:02,Sparks Full timeout
401620297,2,5:49,Dream Full timeout
401620297,2,3:42,Dream Full timeout
401620297,2,1:11,Sparks Full timeout
401620297,3,4:31,Official timeout
401620297,3,2:27,Dream Full timeout
401620297,4,6:12,Sparks Full timeout
401620297,4,3:22,Dream Full timeout
401620297,4,1:49,Sparks Full timeout
401620297,4,1:05,Sparks Full timeout
401620298,1,4:44,Official timeout
401620298,2,5:57,Lynx Full timeout
401620298,2,2:35,Wings Full timeout
401620298,3,5:33,Wings Full timeout
401620298,3,2:13,Lynx Full timeout
401620298,4,8:46,Wings Full timeout
401620298,4,7:58,Wings Full timeout
401620298,4,5:22,Lynx Full timeout
401620298,4,1:14,Wings timeout
401620298,4,51.1,Lynx timeout
401620298,4,43.1,Wings Full timeout
401620299,1,4:11,Official timeout
401620299,2,5:48,Sparks Full timeout
401620299,2,5:22,(05:22) [Sun] COACH'S CHALLENGE (CALL OV
401620299,2,5:22,Sun Full timeout
401620299,2,2:00,Sparks Full timeout
401620299,3,7:30,Sun Full timeout
401620299,4,5:11,Official timeout
401620299,4,3:13,Sun Full timeout
401620300,1,3:50,Official timeout
401620300,2,6:48,Liberty Full timeout
401620300,2,5:25,Mercury Full timeout
401620300,2,2:04,Liberty Full timeout
401620300,3,5:32,Mercury Full timeout
401620300,3,1:38,Liberty Full timeout
401620300,3,1:38,(01:38) [Liberty] COACH'S CHALLENGE (CAL
401620300,4,5:57,Official timeout
401620300,4,2:36,Liberty Full timeout
401620300,4,1:48,(01:48) [Mercury] COACH'S CHALLENGE (CAL
401620300,4,1:10,Mercury Full timeout
401620300,4,29.1,Liberty timeout
401620300,4,7.1,Liberty Full timeout
401620301,1,5:50,Mystics Full timeout
401620301,2,5:32,Official timeout
401620301,2,2:49,Fever Full timeout
401620301,3,5:06,Mystics Full timeout
401620301,4,6:12,Mystics Full timeout
401620301,4,2:58,Fever Full timeout
401620301,4,15.1,Mystics Full timeout
401620301,4,15.1,(00:15.7) [Mystics] COACH'S CHALLENGE (C
401620301,4,12.0,Mystics timeout
401620302,1,5:20,Official timeout
401620302,1,5:20,(05:20) [Lynx] COACH'S CHALLENGE (CALL O
401620302,2,7:40,Dream Full timeout
401620302,2,2:54,Lynx Full timeout
401620302,3,5:34,Dream Full timeout
401620302,3,4:15,Dream Full timeout
401620302,4,5:39,Official timeout
401620302,4,3:25,Lynx Full timeout
401620303,1,4:03,Official timeout
401620303,1,3:08,Storm Full timeout
401620303,2,8:51,Storm Full timeout
401620303,2,4:13,Aces Full timeout
401620303,3,4:58,Official timeout
401620303,4,8:07,Aces Full timeout
401620303,4,5:30,Aces Full timeout
401620303,4,4:50,Storm Full timeout
401620303,4,2:40,Aces Full timeout
401620303,4,1:41,Storm Full timeout
401620304,1,4:51,Official timeout
401620304,2,5:24,Sky Full timeout
401620304,2,3:20,Wings Full timeout
401620304,2,1:50,Wings Full timeout
401620304,3,4:18,Official timeout
401620304,4,7:16,Sky Full timeout
401620304,4,2:52,Sky Full timeout
401620304,4,41.1,Wings timeout
401620304,4,28.0,Wings Full timeout
401620305,1,3:55,Official timeout
401620305,2,5:42,Liberty Full timeout
401620305,2,2:27,Sparks Full timeout
401620305,3,7:27,Sparks Full timeout
401620305,3,5:22,Liberty Full timeout
401620305,3,1:55,Sparks Full timeout
401620305,4,8:01,Liberty Full timeout
401620305,4,2:56,Official timeout
401620305,4,29.1,Sparks Full timeout
401620306,1,7:43,Dream Full timeout
401620306,2,5:48,Official timeout
401620306,2,2:52,Fever Full timeout
401620306,3,6:45,Official timeout
401620306,3,6:45,(06:45) [Dream] COACH'S CHALLENGE (CALL 
401620306,3,2:22,Dream Full timeout
401620306,4,5:53,Dream Full timeout
401620306,4,4:04,Fever Full timeout
401620306,4,2:36,Dream Full timeout
401620306,4,1:10,Fever Full timeout
401620307,1,6:49,Aces Full timeout
401620307,2,9:01,Sun Full timeout
401620307,2,5:19,Sun Full timeout
401620307,3,5:25,Aces Full timeout
401620307,3,4:03,Aces Full timeout
401620307,4,6:37,Sun Full timeout
401620307,4,3:44,Sun Full timeout
401620308,1,4:05,Wings Full timeout
401620308,2,5:37,Official timeout
401620308,2,2:53,Mystics Full timeout
401620308,2,1:40,Wings Full timeout
401620308,3,4:59,Official timeout
401620308,3,1:18,(01:18) [Mystics] COACH'S CHALLENGE (CAL
401620308,4,5:56,Mystics Full timeout
401620308,4,2:48,Wings Full timeout
401620309,1,4:30,Official timeout
401620309,1,1:33,Liberty Full timeout
401620309,2,7:08,Sparks Full timeout
401620309,2,4:53,Liberty Full timeout
401620309,2,3:20,Sparks Full timeout
401620309,3,5:22,Sparks Full timeout
401620309,4,5:41,Liberty Full timeout
401620309,4,3:02,Liberty Full timeout
401620310,1,4:48,Official timeout
401620310,1,16.0,(00:16) [Mercury] COACH'S CHALLENGE (CAL
401620310,2,6:41,Mercury Full timeout
401620310,2,2:52,Lynx Full timeout
401620310,3,4:30,(04:30) [Lynx] COACH'S CHALLENGE (CALL S
401620310,4,5:50,Mercury Full timeout
401620310,4,3:09,Mercury Full timeout
401620311,1,4:49,Official timeout
401620311,1,4:37,(04:37) [Dream] COACH'S CHALLENGE (CALL 
401620311,2,7:47,Dream Full timeout
401620311,2,4:10,Liberty Full timeout
401620311,3,4:01,Liberty Full timeout
401620311,4,7:35,Official timeout
401620311,4,5:40,Dream Full timeout
401620311,4,2:53,Official timeout
401620312,1,4:50,Official timeout
401620312,2,8:49,Mystics Full timeout
401620312,2,8:49,(08:49) [Mystics] COACH'S CHALLENGE (CAL
401620312,2,4:52,Wings Full timeout
401620312,2,4:28,(04:28) [Wings] COACH'S CHALLENGE (CALL 
401620312,3,4:59,Wings Full timeout
401620312,4,5:53,Wings Full timeout
401620312,4,2:01,Mystics Full timeout
401620312,4,1:22,Mystics Full timeout
401620314,1,3:37,Storm Full timeout
401620314,1,1:09,(01:09) [Storm] COACH'S CHALLENGE (CALL 
401620314,2,4:55,Official timeout
401620314,2,3:33,Sun Full timeout
401620314,3,5:38,Storm Full timeout
401620314,3,2:31,Sun Full timeout
401620314,3,2:31,(02:31) [Sun] COACH'S CHALLENGE (CALL ST
401620314,4,5:48,Official timeout
401620314,4,2:51,Sun Full timeout
401620313,1,4:40,Official timeout
401620313,2,5:37,Sky Full timeout
401620313,2,4:19,Fever Full timeout
401620313,3,8:35,Fever Full timeout
401620313,3,6:27,Sky Full timeout
401620313,4,5:27,Official timeout
401620313,4,3:43,Fever Full timeout
401620313,4,1:07,Sky Full timeout
401620313,4,53.0,Fever Full timeout
401620313,4,27.1,Fever Full timeout
401620313,4,19.1,Sky Full timeout
401620313,4,0.0,Fever timeout
401677672,1,3:34,Official timeout
401677672,2,6:07,Lynx Full timeout
401677672,2,3:43,Lynx Full timeout
401677672,2,2:23,Liberty Full timeout
401677672,3,4:41,Official timeout
401677672,4,9:01,Liberty Full timeout
401677672,4,6:55,Lynx Full timeout
401677672,4,3:04,Liberty Full timeout
401677672,4,1:51,Liberty Full timeout
401677672,4,1:21,Lynx Full timeout
401677672,4,1:21,(01:21) [Lynx] COACH'S CHALLENGE (CALL S
401677672,4,35.1,Lynx timeout
401677672,4,24.0,Liberty timeout
401677672,4,23.1,Liberty Full timeout
401677672,4,7.0,Lynx Full timeout
401620315,1,4:25,Official timeout
401620315,2,4:40,Wings Full timeout
401620315,2,3:21,Wings Full timeout
401620315,2,1:34,Lynx Full timeout
401620315,3,4:56,Official timeout
401620315,3,2:17,(02:17) [Wings] COACH'S CHALLENGE (REPLA
401620315,3,1:17,Lynx Full timeout
401620315,3,1:17,(01:17) [Lynx] COACH'S CHALLENGE (CALL O
401620315,4,7:32,Lynx Full timeout
401620315,4,5:26,Wings Full timeout
401620315,4,3:10,(03:10) [Lynx] COACH'S CHALLENGE (CALL O
401620315,4,1:40,Lynx timeout
401620315,4,48.0,Lynx Full timeout
401620315,4,20.0,Wings timeout
401620316,1,4:27,Official timeout
401620316,1,2:29,Sun Full timeout
401620316,2,8:30,Sun Full timeout
401620316,2,4:35,Mystics Full timeout
401620316,3,5:40,Mystics Full timeout
401620316,3,2:34,Mystics Full timeout
401620316,4,5:42,Official timeout
401620316,4,3:51,Sun Full timeout
401620316,4,1:17,Mystics Full timeout
401620316,4,24.0,Mystics Full timeout
401620316,4,1.0,Sun Full timeout
401620316,5,3:38,Sun Full timeout
401620316,5,3:38,(03:38) [Sun] COACH'S CHALLENGE (CALL ST
401620316,5,2:22,Mystics Full timeout
401620316,5,1:52,Mystics Full timeout
401620316,5,1:52,(01:52) [Mystics] COACH'S CHALLENGE (CAL
401620316,5,15.1,Mystics timeout
401620317,1,5:06,Aces Full timeout
401620317,2,5:34,Official timeout
401620317,2,4:22,Sky Full timeout
401620317,3,7:54,Aces Full timeout
401620317,4,8:40,Sky Full timeout
401620317,4,6:12,Aces Full timeout
401620318,1,3:25,Official timeout
401620318,2,6:59,Storm Full timeout
401620318,2,4:10,Storm Full timeout
401620318,2,4:10,(04:10) [Storm] COACH'S CHALLENGE (REPLA
401620318,3,8:19,Fever Full timeout
401620318,4,5:05,Official timeout
401620318,4,3:28,Storm Full timeout
401620318,4,1:57,Storm Full timeout
401620319,1,4:10,Official timeout
401620319,2,5:07,Sun Full timeout
401620319,2,2:13,Dream Full timeout
401620319,3,7:36,Sun Full timeout
401620319,3,2.1,(00:02.4) [Dream] COACH'S CHALLENGE (REP
401620319,3,2.1,Dream Full timeout
401620319,4,4:54,Official timeout
401620319,4,4:15,Dream Full timeout
401620319,4,3:05,Sun Full timeout
401620319,4,38.0,Dream timeout
401620319,4,17.1,Sun Full timeout
401620319,4,10.1,Sun Full timeout
401620319,4,5.1,Sun timeout
401620320,1,4:51,Mercury Full timeout
401620320,2,5:17,Official timeout
401620320,2,4:30,Sparks Full timeout
401620320,3,4:29,Official timeout
401620320,3,3:40,Sparks Full timeout
401620320,3,3:40,(03:40) [Sparks] COACH'S CHALLENGE (CALL
401620320,4,9:29,Mercury Full timeout
401620320,4,9:29,(09:29) [Mercury] COACH'S CHALLENGE (CAL
401620320,4,4:50,Sparks Full timeout
401620320,4,2:04,Sparks Full timeout
401620320,4,1:25,Sparks Full timeout
401620321,1,4:36,Aces Full timeout
401620321,2,5:35,Official timeout
401620321,2,2:47,Mystics Full timeout
401620321,3,4:49,Mystics Full timeout
401620321,3,3:55,(03:55) [Mystics] COACH'S CHALLENGE (CAL
401620321,3,2:19,Aces Full timeout
401620321,3,2:19,(02:19) [Aces] COACH'S CHALLENGE (REPLAY
401620321,4,6:04,Mystics Full timeout
401620321,4,3:07,Aces Full timeout
401620321,4,55.0,Mystics timeout
401620322,1,3:10,Official timeout
401620322,2,6:46,Storm Full timeout
401620322,2,4:03,Wings Full timeout
401620322,3,8:51,Wings Full timeout
401620322,3,7:34,Storm Full timeout
401620322,4,7:34,Storm Full timeout
401620322,4,6:39,Wings Full timeout
401620322,4,5:02,Storm Full timeout
401620323,1,3:51,Official timeout
401620323,1,1:33,Liberty Full timeout
401620323,2,6:17,Dream Full timeout
401620323,2,2:40,Liberty Full timeout
401620323,3,6:53,Dream Full timeout
401620323,4,7:04,Dream Full timeout
401620323,4,4:58,Liberty Full timeout
401620323,4,1:19,Dream Full timeout
401620323,4,40.0,Dream timeout
401620324,1,8:14,Sky Full timeout
401620324,1,2:47,Sky Full timeout
401620324,1,1:19,Lynx Full timeout
401620324,2,5:30,Official timeout
401620324,2,2:21,Lynx Full timeout
401620324,3,4:55,Official timeout
401620324,3,2:58,Lynx Full timeout
401620324,4,5:09,Sky Full timeout
401620324,4,2:56,Lynx Full timeout
401620324,4,2:05,Sky Full timeout
401620324,4,1:49,(01:49) [Lynx] COACH'S CHALLENGE (CALL O
401620324,4,1:01,Sky Full timeout
401620324,4,40.1,Lynx timeout
401620324,4,30.1,Sky timeout
401620325,1,6:04,Fever Full timeout
401620325,2,5:25,Official timeout
401620325,2,2:58,Mercury Full timeout
401620325,3,5:27,Mercury Full timeout
401620325,4,8:14,Mercury Full timeout
401620325,4,8:14,(08:14) [Mercury] COACH'S CHALLENGE (CAL
401620325,4,5:55,Fever Full timeout
401620325,4,4:20,Fever Full timeout
401620325,4,41.1,Fever Full timeout
401620325,4,35.1,Mercury timeout
401620325,4,21.0,Fever Full timeout
401620325,4,19.2,Mercury Full timeout
401620325,4,12.2,Mercury Full timeout
401620326,1,4:45,Official timeout
401620326,2,5:39,Mercury Full timeout
401620326,2,2:22,Sun Full timeout
401620326,2,2:22,(02:22) [Sun] COACH'S CHALLENGE (CALL ST
401620326,3,8:58,Mercury Full timeout
401620326,3,5:22,Sun Full timeout
401620326,4,7:48,Sun Full timeout
401620326,4,5:14,Mercury Full timeout
401620326,4,1:57,Mercury Full timeout
401620326,4,57.0,Mercury timeout
401620327,1,3:38,Official timeout
401620327,2,5:23,Wings Full timeout
401620327,2,2:34,Storm Full timeout
401620327,2,2:20,(02:20) [Storm] COACH'S CHALLENGE (CALL 
401620327,2,1:35,Storm Full timeout
401620327,3,7:06,Wings Full timeout
401620327,4,7:17,Storm Full timeout
401620327,4,4:15,Wings Full timeout
401620328,1,4:07,Official timeout
401620328,2,5:54,Liberty Full timeout
401620328,2,2:43,Lynx Full timeout
401620328,3,5:53,Liberty Full timeout
401620328,3,1:30,Lynx Full timeout
401620328,4,8:18,Liberty Full timeout
401620328,4,8:18,(08:18) [Liberty] COACH'S CHALLENGE (CAL
401620328,4,3:57,Lynx Full timeout
401620328,4,1:07,Lynx Full timeout
401620329,1,2:34,Official timeout
401620329,2,8:59,Dream Full timeout
401620329,2,2:28,Sky Full timeout
401620329,3,4:48,Official timeout
401620329,4,6:50,Sky Full timeout
401620329,4,4:37,Sky Full timeout
401620329,4,4:37,(04:37) [Sky] COACH'S CHALLENGE (REPLAY 
401620329,4,3:30,Dream Full timeout
401620329,4,3:25,(03:25) [Dream] COACH'S CHALLENGE (CALL 
401620329,4,3:15,Dream Full timeout
401620329,4,1:56,Dream Full timeout
401620329,4,1:56,(01:56) [Dream] COACH'S CHALLENGE (REPLA
401620329,4,31.1,Dream timeout
401620329,4,20.2,Dream Full timeout
401620330,1,6:34,Aces Full timeout
401620330,2,5:35,Official timeout
401620330,2,55.1,Official timeout
401620330,3,5:43,Aces Full timeout
401620330,4,6:49,Fever Full timeout
401620330,4,5:10,Fever Full timeout
401620330,4,2:04,Aces Full timeout
401620331,1,3:54,Official timeout
401620331,2,7:21,Sparks Full timeout
401620331,2,4:38,Mystics Full timeout
401620331,2,2:07,Sparks Full timeout
401620331,3,7:56,Mystics Full timeout
401620331,4,7:27,Sparks Full timeout
401620331,4,2:10,Official timeout
401620331,4,1:18,Sparks Full timeout
401620331,4,20.1,Sparks Full timeout
401620331,4,17.1,Sparks timeout
401620331,4,14.1,Mystics Full timeout
401620332,1,4:41,Official timeout
401620332,2,5:27,Mercury Full timeout
401620332,2,4:35,Wings Full timeout
401620332,3,6:16,Mercury Full timeout
401620332,3,6:16,(06:16) [Mercury] COACH'S CHALLENGE (REP
401620332,4,5:29,Official timeout
401620332,4,3:56,Mercury Full timeout
401620332,4,1:12,Mercury Full timeout
401620332,4,21.1,Wings Full timeout
401620333,1,8:22,Official timeout
401620333,1,8:22,(08:22) [Lynx] COACH'S CHALLENGE (CALL O
401620333,1,5:46,Lynx Full timeout
401620333,1,1:04,Sun Full timeout
401620333,2,5:43,Lynx Full timeout
401620333,2,2:17,Sun Full timeout
401620333,3,8:09,Sun Full timeout
401620333,3,2:36,Lynx Full timeout
401620333,4,5:25,Official timeout
401620333,4,2:51,Lynx Full timeout
401620333,4,1:29,Sun Full timeout
401620333,4,16.0,Lynx Full timeout
401620333,4,8.0,Sun Full timeout
401620333,4,6.0,Lynx timeout
401620334,1,4:53,Official timeout
401620334,1,3:33,Aces Full timeout
401620334,2,7:08,Mystics Full timeout
401620334,2,4:58,Mystics Full timeout
401620334,2,4:58,(04:58) [Mystics] COACH'S CHALLENGE (CAL
401620334,2,1:28,Aces Full timeout
401620334,2,1:28,(01:28) [Aces] COACH'S CHALLENGE (CALL S
401620334,3,5:32,Mystics Full timeout
401620334,3,3:39,Mystics Full timeout
401620334,4,5:14,Aces Full timeout
401620334,4,2:58,Official timeout
401620335,1,4:56,Official timeout
401620335,1,4:56,(04:56) [Dream] COACH'S CHALLENGE (CALL 
401620335,2,6:31,Wings Full timeout
401620335,2,2:49,Dream Full timeout
401620335,2,1:12,Dream Full timeout
401620335,3,7:07,Dream Full timeout
401620335,3,4:33,Wings Full timeout
401620335,4,6:43,Wings Full timeout
401620335,4,3:40,Dream Full timeout
401620335,4,3:40,(03:40) [Dream] COACH'S CHALLENGE (REPLA
401620335,4,2:50,(02:50) [Wings] COACH'S CHALLENGE (CALL 
401620335,4,1:08,Dream Full timeout
401620335,4,25.0,Dream timeout
401620335,4,21.1,Wings timeout
401620336,1,7:36,Sparks Full timeout
401620336,1,6:16,Aces Full timeout
401620336,2,4:45,Official timeout
401620336,2,2:07,Aces Full timeout
401620336,3,5:49,Sparks Full timeout
401620336,3,1:51,Aces Full timeout
401620336,3,24.2,Sparks Full timeout
401620336,3,24.2,(00:24.9) [Sparks] COACH'S CHALLENGE (CA
401620336,4,5:17,Official timeout
401620336,4,2:01,Aces Full timeout
401620336,4,56.0,Sparks Full timeout
401620336,4,16.1,Aces Full timeout
401620336,4,15.0,Sparks Full timeout
401620336,4,3.1,Aces timeout
401620336,5,1:25,Aces Full timeout
401620336,5,1:25,(01:25) [Aces] COACH'S CHALLENGE (CALL S
401620336,5,24.0,Aces Full timeout
401620336,5,20.0,Sparks Full timeout
401620336,5,9.0,Sparks Full timeout
401620336,5,7.1,Aces timeout
401620337,1,4:59,Official timeout
401620337,2,4:45,Storm Full timeout
401620337,2,3:20,Sky Full timeout
401620337,2,2:20,Storm Full timeout
401620337,3,4:53,Storm Full timeout
401620337,3,3:26,(03:26) [Sky] COACH'S CHALLENGE (REPLAY 
401620337,3,3:26,Sky Full timeout
401620337,4,5:38,Official timeout
401620337,4,3:37,Sky Full timeout
401620337,4,1:58,(01:58) [Storm] COACH'S CHALLENGE (CALL 
401620337,4,1:58,Storm Full timeout
401620337,4,1:33,Storm Full timeout
401620337,4,57.0,Storm timeout
401620337,4,20.2,Sky Full timeout
401620337,4,20.0,(00:20.2) [Storm] COACH'S CHALLENGE (REP
401620337,4,20.0,Storm Full timeout
401620338,1,6:42,Liberty Full timeout
401620338,2,5:33,Official timeout
401620338,2,3:15,Fever Full timeout
401620338,3,4:38,Fever Full timeout
401620338,3,1:54,Liberty Full timeout
401620338,4,5:45,Official timeout
401620338,4,3:47,Fever Full timeout
401620338,4,3:47,(03:47) [Fever] COACH'S CHALLENGE (CALL 
401620338,4,3:23,Liberty Full timeout
401620338,4,2:30,Liberty Full timeout
401620338,4,29.2,Liberty Full timeout
401620338,4,19.1,Fever Full timeout
401620338,4,17.2,Liberty timeout
401620339,1,5:53,Mystics Full timeout
401620339,2,7:35,Lynx Full timeout
401620339,2,2:35,Official timeout
401620339,3,8:50,Lynx Full timeout
401620339,3,3:54,Mystics Full timeout
401620339,4,8:46,(08:46) [Mystics] COACH'S CHALLENGE (CAL
401620339,4,8:46,Official timeout
401620339,4,6:47,Mystics Full timeout
401620339,4,3:04,Lynx Full timeout
401620339,4,1:43,Official timeout
401620339,4,1:43,(01:43) [Lynx] COACH'S CHALLENGE (CALL O
401620339,4,28.0,Mystics timeout
401620339,4,13.0,Mystics Full timeout
401620339,4,12.1,Lynx timeout
401620340,1,4:16,Official timeout
401620340,2,5:40,Sun Full timeout
401620340,2,3:47,Dream Full timeout
401620340,2,2:47,Sun Full timeout
401620340,2,2:47,(02:47) [Sun] COACH'S CHALLENGE (REPLAY 
401620340,3,4:18,Official timeout
401620340,3,58.1,Dream Full timeout
401620340,4,5:58,Sun Full timeout
401620341,1,4:53,Official timeout
401620341,2,8:01,Aces Full timeout
401620341,2,2:27,Wings Full timeout
401620341,3,8:30,Wings Full timeout
401620341,3,6:05,Wings Full timeout
401620341,4,5:59,Official timeout
401620341,4,2:54,Aces Full timeout
401620342,1,4:49,Official timeout
401620342,1,2:54,Storm Full timeout
401620342,2,7:57,Sky Full timeout
401620342,2,5:36,Storm Full timeout
401620342,3,4:59,Official timeout
401620342,3,4:59,(04:59) [Sky] COACH'S CHALLENGE (CALL OV
401620342,3,4:25,(04:25) [Sky] COACH'S CHALLENGE (REPLAY 
401620342,3,4:25,Storm Full timeout
401620342,3,4.1,Sky Full timeout
401620342,4,7:10,Sky Full timeout
401620342,4,3:38,Storm Full timeout
401620342,4,1:38,Sky Full timeout
401620342,4,43.1,Sky timeout
401620343,1,4:05,Official timeout
401620343,2,7:43,Mercury Full timeout
401620343,2,4:32,Sparks Full timeout
401620343,3,4:53,Official timeout
401620343,3,1:37,Mercury Full timeout
401620343,4,5:20,Sparks Full timeout
401620343,4,4:33,Sparks Full timeout
401620343,4,3:26,Mercury Full timeout
401620343,4,1:10,Sparks Full timeout
401620343,4,41.1,Mercury Full timeout
401620343,4,35.1,Sparks Full timeout
401620343,4,23.0,Sparks timeout
401620344,1,6:09,Sparks Full timeout
401620344,1,1:40,Sparks Full timeout
401620344,2,6:27,Lynx Full timeout
401620344,2,1:49,Official timeout
401620344,3,4:28,Lynx Full timeout
401620344,3,1:47,Sparks Full timeout
401620344,4,5:24,Official timeout
401620344,4,4:24,Lynx Full timeout
401620345,1,4:48,Official timeout
401620345,2,8:26,Sun Full timeout
401620345,2,8:26,(08:26) [Liberty] COACH'S CHALLENGE (CAL
401620345,2,6:19,Sun Full timeout
401620345,3,7:27,Sun Full timeout
401620345,3,5:37,Liberty Full timeout
401620345,3,2:04,Liberty Full timeout
401620345,4,9:05,Sun Full timeout
401620345,4,9:05,(09:05) [Sun] COACH'S CHALLENGE (REPLAY 
401620345,4,4:59,Liberty Full timeout
401620345,4,1:02,Liberty Full timeout
401620345,4,4.1,Sun Full timeout
401620346,1,4:19,Official timeout
401620346,2,8:04,Fever Full timeout
401620346,2,2:52,Mystics Full timeout
401620346,3,5:49,Mystics Full timeout
401620346,3,4:25,(04:25) [Mystics] COACH'S CHALLENGE (CAL
401620346,4,8:02,Mystics Full timeout
401620346,4,4:45,Fever Full timeout
401620346,4,3:08,Fever Full timeout
401620346,4,1:11,Fever Full timeout
401620346,4,1:05,Mystics Full timeout
401620346,4,1:05,(01:05) [Mystics] COACH'S CHALLENGE (CAL
401620346,4,16.2,Mystics Full timeout
401620346,4,16.0,Fever Full timeout
401620347,1,4:48,Official timeout
401620347,2,6:10,Sky Full timeout
401620347,2,2:54,Dream Full timeout
401620347,3,6:45,Sky Full timeout
401620347,4,6:56,Dream Full timeout
401620347,4,2:16,Dream Full timeout
401620347,4,1:07,Dream Full timeout
401620347,4,25.1,Dream Full timeout
401620347,4,20.1,Dream timeout
401620348,1,7:10,Aces Full timeout
401620348,1,2:28,Storm Full timeout
401620348,2,5:00,Storm Full timeout
401620348,2,2:20,Official timeout
401620348,3,5:36,Aces Full timeout
401620348,4,7:28,Aces Full timeout
401620348,4,4:53,Storm Full timeout
401620348,4,1:54,Storm Full timeout
401620348,4,1:22,Aces Full timeout
401620348,4,1:22,(01:22) [Aces] COACH'S CHALLENGE (REPLAY
401620348,4,48.0,Storm timeout
401620348,4,45.1,Aces timeout
401620348,4,2.1,Storm Full timeout
401620349,1,4:39,Official timeout
401620349,2,5:17,Mercury Full timeout
401620349,2,2:36,Wings Full timeout
401620349,3,8:23,Mercury Full timeout
401620349,3,8:23,(08:23) [Mercury] COACH'S CHALLENGE (CAL
401620349,3,4:42,Wings Full timeout
401620349,4,7:46,Wings Full timeout
401620349,4,4:44,Mercury Full timeout
401620350,1,4:52,Official timeout
401620350,2,8:21,Liberty Full timeout
401620350,2,4:04,Sky Full timeout
401620350,3,4:42,Official timeout
401620350,3,3:10,Sky Full timeout
401620350,4,5:45,Sky Full timeout
401620350,4,3:51,Liberty Full timeout
401620350,4,1:31,Liberty Full timeout
401620351,1,4:41,Official timeout
401620351,2,8:26,Aces Full timeout
401620351,2,3:42,Dream Full timeout
401620351,3,4:48,Official timeout
401620351,3,4:02,Dream Full timeout
401620351,3,2:47,Aces Full timeout
401620351,4,5:29,Official timeout
401620351,4,3:26,Aces Full timeout
401620351,4,2:06,Dream Full timeout
401620352,1,5:01,Mercury Full timeout
401620352,2,5:48,Official timeout
401620352,2,2:29,Mercury Full timeout
401620352,3,4:44,Official timeout
401620352,3,4:00,(04:00) [Fever] COACH'S CHALLENGE (CALL 
401620352,4,8:04,Fever Full timeout
401620352,4,5:16,Mercury Full timeout
401620352,4,3:39,Fever Full timeout
401620352,4,2:34,Mercury Full timeout
401620352,4,2:34,(02:34) [Mercury] COACH'S CHALLENGE (CAL
401620352,4,1:18,Mercury timeout
401620353,1,7:30,Storm Full timeout
401620353,2,8:09,Lynx Full timeout
401620353,2,5:20,Lynx Full timeout
401620353,3,4:45,Storm Full timeout
401620353,3,2:37,Lynx Full timeout
401620353,4,6:56,Lynx Full timeout
401620353,4,2:58,Official timeout
401620354,1,6:54,Liberty Full timeout
401620354,2,5:51,Official timeout
401620354,2,2:57,Sky Full timeout
401620354,3,5:38,Sky Full timeout
401620354,3,4:09,Liberty Full timeout
401620354,4,4:55,Official timeout
401620354,4,3:25,Liberty Full timeout
401620355,1,4:42,Official timeout
401620355,2,8:45,Wings Full timeout
401620355,2,3:28,Sparks Full timeout
401620355,2,39.1,Wings Full timeout
401620355,3,6:33,Wings Full timeout
401620355,3,2:27,Sparks Full timeout
401620355,4,5:24,Official timeout
401620355,4,4:36,Wings Full timeout
401620355,4,1:42,Sparks Full timeout
401620355,4,40.1,Wings timeout
401620355,4,31.1,Sparks Full timeout
401620355,4,29.0,Wings Full timeout
401620356,1,4:26,Official timeout
401620356,2,5:44,Sun Full timeout
401620356,2,2:53,Mercury Full timeout
401620356,3,5:42,Mercury Full timeout
401620356,4,6:50,Mercury Full timeout
401620356,4,4:18,Sun Full timeout
401620356,4,3:03,Sun Full timeout
401620357,1,6:29,Aces Full timeout
401620357,2,7:57,Mystics Full timeout
401620357,2,2:08,Mystics Full timeout
401620357,3,7:05,Aces Full timeout
401620357,4,7:36,Mystics Full timeout
401620357,4,4:17,Aces Full timeout
401620357,4,2:03,Mystics Full timeout
401620357,4,1:00,Aces Full timeout
401620357,4,47.0,Mystics timeout
401620359,1,4:22,Official timeout
401620359,2,5:48,Lynx Full timeout
401620359,2,2:31,Fever Full timeout
401620359,3,5:13,Lynx Full timeout
401620359,3,5:13,(05:13) [Lynx] COACH'S CHALLENGE (CALL S
401620359,4,6:43,Lynx Full timeout
401620359,4,4:22,Fever Full timeout
401620359,4,3:09,Fever Full timeout
401620359,4,2:02,Lynx Full timeout
401620359,4,16.0,Lynx timeout
401620358,1,3:58,Dream Full timeout
401620358,2,6:38,Dream Full timeout
401620358,2,5:14,Storm Full timeout
401620358,3,7:01,(07:01) [Storm] COACH'S CHALLENGE (CALL 
401620358,3,3:55,Dream Full timeout
401620358,3,47.0,Storm Full timeout
401620358,4,5:33,Storm Full timeout
401620358,4,3:01,Dream Full timeout
401620358,4,1:30,Storm Full timeout
401620360,1,5:31,Mystics Full timeout
401620360,2,5:31,Official timeout
401620360,2,2:50,Mercury Full timeout
401620360,3,7:12,Mercury Full timeout
401620360,3,1:10,Mystics Full timeout
401620360,4,9:48,Mystics Full timeout
401620360,4,9:48,(09:48) [Mystics] COACH'S CHALLENGE (CAL
401620360,4,8:51,Mercury Full timeout
401620360,4,5:09,Mystics Full timeout
401620360,4,1:16,Mystics timeout
401620360,4,22.1,Mystics Full timeout
401620361,1,4:30,Official timeout
401620361,2,8:09,Storm Full timeout
401620361,2,5:02,Sparks Full timeout
401620361,2,5:02,(05:02) [Sparks] COACH'S CHALLENGE (CALL
401620361,2,2:42,Sparks Full timeout
401620361,3,5:36,Sparks Full timeout
401620361,3,2:42,Storm Full timeout
401620361,4,5:50,Sparks Full timeout
401620361,4,3:03,Storm Full timeout
401620361,4,2:32,Storm Full timeout
401620361,4,2:32,(02:32) [Storm] COACH'S CHALLENGE (CALL 
401620361,4,32.1,Storm timeout
401620361,4,19.1,Storm Full timeout
401620361,4,18.0,Sparks Full timeout
401620361,4,10.1,Sparks Full timeout
401620362,1,7:43,Sun Full timeout
401620362,2,6:57,Liberty Full timeout
401620362,2,2:28,Official timeout
401620362,3,5:50,(05:50) [Sun] COACH'S CHALLENGE (CALL ST
401620362,3,5:50,Sun Full timeout
401620362,3,2:49,Liberty Full timeout
401620362,3,2:49,(02:49) [Liberty] COACH'S CHALLENGE (CAL
401620362,4,8:47,Sun Full timeout
401620362,4,4:44,Liberty Full timeout
401620362,4,58.1,Liberty timeout
401620362,4,50.2,Sun Full timeout
401620363,1,8:51,Aces Full timeout
401620363,1,2:04,Sky Full timeout
401620363,1,1:19,Aces Full timeout
401620363,2,4:46,Aces Full timeout
401620363,2,2:17,Sky Full timeout
401620363,3,4:18,Official timeout
401620363,4,7:15,Sky Full timeout
401620363,4,7:15,(07:15) [Sky] COACH'S CHALLENGE (CALL OV
401620363,4,4:54,Sky Full timeout
401620363,4,1:32,Aces Full timeout
401620363,4,31.0,Aces timeout
401620363,4,28.1,Sky Full timeout
401620363,4,26.2,Aces Full timeout
401620364,1,4:41,Official timeout
401620364,1,3:00,Lynx Full timeout
401620364,2,7:08,Dream Full timeout
401620364,2,2:03,Lynx Full timeout
401620364,3,9:08,Lynx Full timeout
401620364,3,1:50,Lynx Full timeout
401620364,4,6:38,Dream Full timeout
401620364,4,6:26,Lynx Full timeout
401620364,4,6:26,(06:26) [Lynx] COACH'S CHALLENGE (CALL S
401620364,4,3:19,Dream Full timeout
401620364,4,3:19,(03:19) [Dream] COACH'S CHALLENGE (CALL 
401620364,4,1:54,Dream Full timeout
401620364,4,41.1,Dream timeout
401620364,4,37.1,Lynx timeout
401620364,4,19.0,Dream Full timeout
401620365,1,4:46,Official timeout
401620365,2,7:58,Fever Full timeout
401620365,2,2:40,Wings Full timeout
401620365,3,8:41,Wings Full timeout
401620365,3,3:48,Fever Full timeout
401620365,3,3:48,(03:48) [Fever] COACH'S CHALLENGE (CALL 
401620365,4,7:17,Wings Full timeout
401620365,4,5:49,Fever Full timeout
401620365,4,35.1,Wings Full timeout
401620365,4,24.1,Fever Full timeout
401620365,4,17.1,Fever Full timeout
401620458,1,1:35,Official timeout
401620458,2,5:49,Team WNBA Full timeout
401620458,2,2:16,Team USA Full timeout
401620458,2,13.1,Team WNBA Full timeout
401620458,3,7:32,Team USA Full timeout
401620458,4,5:42,Official timeout
401620458,4,2:48,Team WNBA Full timeout
401620458,4,16.1,Team USA Full timeout
401620458,4,16.1,(00:16.7) [Team USA] COACH'S CHALLENGE (
401620458,4,10.0,Team USA timeout
401620366,1,7:09,Sky Full timeout
401620366,2,5:29,Official timeout
401620366,3,9:15,Mercury Full timeout
401620366,4,7:07,Sky Full timeout
401620366,4,5:49,Mercury Full timeout
401620366,4,5:49,(05:49) [Mercury] COACH'S CHALLENGE (REP
401620367,1,4:37,Official timeout
401620367,2,8:29,Mystics Full timeout
401620367,2,6:48,Lynx Full timeout
401620367,3,7:18,Mystics Full timeout
401620367,4,6:50,Mystics Full timeout
401620367,4,6:20,Lynx Full timeout
401620367,4,6:20,(06:20) [Lynx] COACH'S CHALLENGE (CALL S
401620367,4,2:50,Mystics Full timeout
401620367,4,1:31,Lynx Full timeout
401620367,4,38.1,Mystics timeout
401620367,4,32.1,Lynx timeout
401620368,1,7:13,Sparks Full timeout
401620368,2,8:00,Sparks Full timeout
401620368,2,5:10,Liberty Full timeout
401620368,3,4:00,Liberty Full timeout
401620368,3,2:56,Sparks Full timeout
401620368,4,5:55,Liberty Full timeout
401620368,4,2:52,Sparks Full timeout
401620369,1,4:56,Dream Full timeout
401620369,1,2:06,Storm Full timeout
401620369,2,4:15,Dream Full timeout
401620369,2,2:34,Storm Full timeout
401620369,2,2:34,(02:34) [Dream] COACH'S CHALLENGE (CALL 
401620369,3,5:53,Storm Full timeout
401620369,4,9:01,(09:01) [Dream] COACH'S CHALLENGE (REPLA
401620369,4,5:09,Dream Full timeout
401620369,4,3:33,Storm Full timeout
401620369,4,2:38,Dream Full timeout
401620369,4,36.1,Dream Full timeout
401620369,4,22.0,Storm timeout
401620369,4,10.1,Storm Full timeout
401620369,4,4.1,Dream timeout
401620370,1,7:56,Mercury Full timeout
401620370,2,7:10,Mercury Full timeout
401620370,2,4:33,Fever Full timeout
401620370,3,7:02,Fever Full timeout
401620370,3,3:21,Fever Full timeout
401620370,4,6:56,Mercury Full timeout
401620370,4,2:38,Official timeout
401620370,4,52.0,Mercury timeout
401620370,4,42.1,Fever Full timeout
401620370,4,38.0,Mercury Full timeout
401620371,1,8:07,Sun Full timeout
401620371,2,5:36,Official timeout
401620371,2,2:42,Wings Full timeout
401620371,3,4:43,Official timeout
401620371,4,6:45,Sun Full timeout
401620371,4,2:56,Wings Full timeout
401620372,1,8:46,Mystics Full timeout
401620372,1,6:23,Lynx Full timeout
401620372,1,3:01,Mystics Full timeout
401620372,2,5:26,Official timeout
401620372,2,2:08,Mystics Full timeout
401620372,2,2:08,(02:08) [Mystics] COACH'S CHALLENGE (REP
401620372,3,4:05,Official timeout
401620372,4,5:48,Mystics Full timeout
401620372,4,2:46,Lynx Full timeout
401620373,1,5:58,Liberty Full timeout
401620373,2,5:55,Official timeout
401620373,2,3:59,Aces Full timeout
401620373,2,2:33,Liberty Full timeout
401620373,3,7:28,Aces Full timeout
401620373,4,7:51,Aces Full timeout
401620373,4,7:51,(07:51) [Aces] COACH'S CHALLENGE (CALL S
401620373,4,6:23,Liberty Full timeout
401620373,4,4:44,Aces Full timeout
401620374,1,4:39,Official timeout
401620374,1,2:50,Sky Full timeout
401620374,2,5:55,Sparks Full timeout
401620374,2,4:10,Sky Full timeout
401620374,2,2:15,(02:15) [Sky] COACH'S CHALLENGE (CALL ST
401620374,2,2:15,Sky Full timeout
401620374,2,54.2,Sparks Full timeout
401620374,3,5:04,Sparks Full timeout
401620374,3,35.0,Sky Full timeout
401620374,4,6:35,Sparks Full timeout
401620374,4,2:49,Official timeout
401620374,4,1:02,Sparks Full timeout
401620374,4,30.1,Sky Full timeout
401620374,4,16.1,Sparks timeout
401620374,4,14.1,Sky timeout
401620375,1,4:47,Dream Full timeout
401620375,2,5:45,Official timeout
401620375,2,4:15,Sun Full timeout
401620375,2,2:31,Dream Full timeout
401620375,2,2:06,Sun Full timeout
401620375,2,2:06,(02:06) [Sun] COACH'S CHALLENGE (REPLAY 
401620375,3,4:26,Official timeout
401620375,4,7:57,Dream Full timeout
401620375,4,2:29,Sun Full timeout
401620375,4,58.0,Sun Full timeout
401620375,4,36.2,(00:36.9) [Dream] COACH'S CHALLENGE (CAL
401620375,4,34.1,Sun timeout
401620375,4,22.1,Sun Full timeout
401620377,1,4:42,Official timeout
401620377,1,1:07,Storm Full timeout
401620377,2,5:41,Fever Full timeout
401620377,2,2:37,Storm Full timeout
401620377,3,5:21,Fever Full timeout
401620377,4,5:51,Storm Full timeout
401620377,4,4:01,Storm Full timeout
401620377,4,1:17,Storm Full timeout
401620377,4,1:17,Fever Full timeout
401620377,4,0.1,Storm timeout
401620376,1,4:43,Official timeout
401620376,2,5:15,Aces Full timeout
401620376,2,3:19,Sparks Full timeout
401620376,3,6:34,Aces Full timeout
401620376,3,5:26,Aces Full timeout
401620376,3,2:02,Sparks Full timeout
401620376,4,5:27,Official timeout
401620376,4,3:36,Sparks Full timeout
401620376,4,1:52,Sparks Full timeout
401620378,1,4:49,Official timeout
401620378,2,8:20,Sky Full timeout
401620378,2,6:04,Mercury Full timeout
401620378,2,4:00,(04:00) [Mercury] COACH'S CHALLENGE (CAL
401620378,2,18.0,Sky Full timeout
401620378,2,18.0,(00:18.1) [Sky] COACH'S CHALLENGE (REPLA
401620378,3,5:59,Mercury Full timeout
401620378,4,5:25,Mercury Full timeout
401620378,4,2:39,Official timeout
401620379,1,4:12,Official timeout
401620379,2,5:36,Sun Full timeout
401620379,2,2:33,Sparks Full timeout
401620379,3,6:09,Sparks Full timeout
401620379,4,7:50,Sun Full timeout
401620379,4,5:51,(05:51) [Sparks] COACH'S CHALLENGE (CALL
401620379,4,5:51,Official timeout
401620379,4,3:03,Sparks Full timeout
401620379,4,2:06,Sparks Full timeout
401620380,1,4:44,Official timeout
401620380,1,2:58,Wings Full timeout
401620380,2,7:28,Liberty Full timeout
401620380,2,2:37,Official timeout
401620380,3,5:47,Wings Full timeout
401620380,4,5:52,Official timeout
401620380,4,3:38,Liberty Full timeout
401620380,4,1:35,Wings Full timeout
401620381,1,4:15,Official timeout
401620381,1,3:18,Storm Full timeout
401620381,2,5:45,Mystics Full timeout
401620381,2,3:41,Storm Full timeout
401620381,3,4:23,Official timeout
401620381,4,6:02,Mystics Full timeout
401620381,4,3:34,Storm Full timeout
401620381,4,2:54,(02:54) [Mystics] COACH'S CHALLENGE (CAL
401620381,4,1:10,Mystics Full timeout
401620381,4,1:05,Storm Full timeout
401620381,4,18.0,Mystics timeout
401620381,4,10.1,Storm timeout
401620381,4,8.2,Mystics Full timeout
401620381,4,8.0,Storm Full timeout
401620382,1,4:11,Official timeout
401620382,2,5:42,Dream Full timeout
401620382,2,4:35,Dream Full timeout
401620382,2,1:14,Mercury Full timeout
401620382,3,7:31,Mercury Full timeout
401620382,4,8:15,Mercury Full timeout
401620382,4,7:06,(07:06) [Dream] COACH'S CHALLENGE (CALL 
401620382,4,4:20,(04:20) [Mercury] COACH'S CHALLENGE (CAL
401620383,1,7:26,Aces Full timeout
401620383,2,5:41,Aces Full timeout
401620383,2,3:05,Lynx Full timeout
401620383,3,7:41,Aces Full timeout
401620383,3,6:06,Lynx Full timeout
401620383,4,7:31,Lynx Full timeout
401620383,4,2:47,Official timeout
401620383,4,1:23,Aces Full timeout
401620383,4,1:20,Lynx timeout
401620384,1,4:00,Official timeout
401620384,2,6:33,Wings Full timeout
401620384,2,3:34,Liberty Full timeout
401620384,3,8:04,Wings Full timeout
401620384,3,5:42,Liberty Full timeout
401620384,3,1:20,Wings Full timeout
401620384,3,1:20,(01:20) [Wings] COACH'S CHALLENGE (CALL 
401620384,4,5:35,Wings Full timeout
401620384,4,3:27,Liberty Full timeout
401620384,4,1:14,Wings Full timeout
401620384,4,13.2,Wings timeout
401620385,1,7:48,Official timeout
401620385,2,9:59,Dream Full timeout
401620385,2,9:59,(09:59) [Mercury] COACH'S CHALLENGE (CAL
401620385,2,7:00,Mercury Full timeout
401620385,3,6:45,Mercury Full timeout
401620385,3,5:20,Dream Full timeout
401620385,3,4:53,Mercury Full timeout
401620385,4,5:21,Official timeout
401620385,4,2:14,Dream Full timeout
401620385,4,1:12,Mercury timeout
401620385,4,1:01,Dream Full timeout
401620385,4,27.1,Dream Full timeout
401620385,4,13.1,Mercury Full timeout
401620385,4,10.1,Dream timeout
401620386,1,4:45,Official timeout
401620386,2,9:09,Sky Full timeout
401620386,2,3:27,Sky Full timeout
401620386,2,2:02,(02:02) [Sky] COACH'S CHALLENGE (CALL OV
401620386,3,8:05,Sun Full timeout
401620386,4,8:00,Sun Full timeout
401620386,4,5:12,Sky Full timeout
401620386,4,1:06,Sun Full timeout
401620386,4,43.0,(00:43.1) [Sun] COACH'S CHALLENGE (CALL 
401620386,4,35.0,Sky Full timeout
401620386,4,35.0,(00:35) [Sky] COACH'S CHALLENGE (REPLAY 
401620386,4,33.1,Sky Full timeout
401620386,4,12.1,Sun Full timeout
401620386,4,4.0,Sky timeout
401620387,1,4:43,Official timeout
401620387,2,6:19,Sparks Full timeout
401620387,2,2:35,Mystics Full timeout
401620387,3,7:53,Mystics Full timeout
401620387,3,4:45,Sparks Full timeout
401620387,4,8:14,Sparks Full timeout
401620387,4,5:43,Sparks Full timeout
401620387,4,2:04,Mystics Full timeout
401620387,4,45.1,Sparks Full timeout
401620387,4,23.1,Sparks timeout
401620388,1,4:48,Official timeout
401620388,1,1:58,Aces Full timeout
401620388,2,5:39,Lynx Full timeout
401620388,2,3:14,Lynx Full timeout
401620388,3,8:58,Aces Full timeout
401620388,3,4:15,Aces Full timeout
401620388,4,7:19,Lynx Full timeout
401620388,4,4:40,Lynx Full timeout
401620388,4,2:15,Aces Full timeout
401620389,1,4:59,Official timeout
401620389,2,8:14,Liberty Full timeout
401620389,2,8:14,(08:14) [Sun] COACH'S CHALLENGE (CALL OV
401620389,2,6:05,Liberty Full timeout
401620389,3,6:13,Liberty Full timeout
401620389,3,4:16,Sun Full timeout
401620389,4,5:46,Liberty Full timeout
401620389,4,4:47,Sun Full timeout
401620389,4,3:23,Sun Full timeout
401620389,4,32.2,Sun Full timeout
401620390,1,3:25,Official timeout
401620390,2,5:43,Lynx Full timeout
401620390,2,3:35,Fever Full timeout
401620390,3,7:45,Fever Full timeout
401620390,3,2:08,Official timeout
401620390,3,2:08,(02:08) [Fever] COACH'S CHALLENGE (CALL 
401620390,4,6:37,Lynx Full timeout
401620390,4,5:15,Fever Full timeout
401620390,4,3:04,Lynx Full timeout
401620390,4,44.1,Lynx timeout
401620390,4,42.1,Fever timeout
401620391,1,4:58,Official timeout
401620391,2,6:47,Sky Full timeout
401620391,2,3:02,Aces Full timeout
401620391,3,7:21,Sky Full timeout
401620391,3,3:51,Aces Full timeout
401620391,3,1:48,Aces Full timeout
401620391,4,7:35,Aces Full timeout
401620391,4,7:35,(07:35) [Aces] COACH'S CHALLENGE (REPLAY
401620391,4,4:35,Sky Full timeout
401620391,4,48.1,Sky Full timeout
401620391,4,37.1,Aces timeout
401620391,4,5.1,Sky Full timeout
401620391,4,1.0,Aces Full timeout
401620392,1,8:32,Wings Full timeout
401620392,2,6:39,Sparks Full timeout
401620392,2,1:23,Official timeout
401620392,3,4:46,Official timeout
401620392,3,1:52,Wings Full timeout
401620392,4,8:16,Sparks Full timeout
401620392,4,3:32,Sparks Full timeout
401620392,4,3:32,(03:32) [Sparks] COACH'S CHALLENGE (CALL
401620392,4,1:04,Sparks Full timeout
401620392,4,7.1,Sparks Full timeout
401620392,4,3.0,(00:03.2) [Wings] COACH'S CHALLENGE (CAL
401620392,4,3.0,Wings Full timeout
401620392,4,2.1,Sparks timeout
401620393,1,4:39,Official timeout
401620393,1,3:06,Fever Full timeout
401620393,2,6:19,Dream Full timeout
401620393,2,2:39,Fever Full timeout
401620393,3,4:51,Official timeout
401620393,4,8:17,Dream Full timeout
401620393,4,7:03,Fever Full timeout
401620393,4,4:19,Dream Full timeout
401620393,4,1:28,Dream Full timeout
401620393,4,34.0,Dream Full timeout
401620393,4,6.1,Fever Full timeout
401620393,4,5.0,Dream timeout
401620394,1,4:56,Official timeout
401620394,1,1:37,Mercury Full timeout
401620394,2,7:15,Liberty Full timeout
401620394,2,1:39,Mercury Full timeout
401620394,2,46.0,(00:46.1) [Mercury] COACH'S CHALLENGE (C
401620394,3,4:54,Official timeout
401620394,4,7:19,Liberty Full timeout
401620394,4,5:24,Mercury Full timeout
401620394,4,3:54,Liberty Full timeout
401620394,4,1:35,Mercury timeout
401620395,1,4:40,Official timeout
401620395,2,7:25,Mystics Full timeout
401620395,2,6:03,Storm Full timeout
401620395,3,9:44,Mystics Full timeout
401620395,3,2:51,Mystics Full timeout
401620395,4,8:05,Storm Full timeout
401620395,4,4:50,Storm Full timeout
401620395,4,1:49,Storm Full timeout
401620395,4,1:49,(01:49) [Storm] COACH'S CHALLENGE (REPLA
401620395,4,55.0,Mystics Full timeout
401620395,4,36.1,Storm timeout
401620395,4,1.0,Storm Full timeout
401620396,1,4:54,Wings Full timeout
401620396,2,5:57,Official timeout
401620396,2,2:53,Aces Full timeout
401620396,3,7:02,Aces Full timeout
401620396,3,2:22,Wings Full timeout
401620396,4,9:08,Wings Full timeout
401620396,4,9:08,(09:08) [Wings] COACH'S CHALLENGE (REPLA
401620396,4,4:19,Aces Full timeout
401620396,4,1:03,Aces Full timeout
401620396,4,51.1,Aces timeout
401620396,4,45.0,Wings timeout
401620396,4,35.1,Aces Full timeout
401620397,1,7:51,Fever Full timeout
401620397,2,5:50,Official timeout
401620397,2,3:38,Sun Full timeout
401620397,3,7:17,Sun Full timeout
401620397,3,7:17,(07:17) [Sun] COACH'S CHALLENGE (CALL OV
401620397,4,7:06,Fever Full timeout
401620397,4,5:33,Fever Full timeout
401620397,4,5:33,(05:33) [Fever] COACH'S CHALLENGE (CALL 
401620397,4,3:09,Sun Full timeout
401620397,4,38.1,Sun Full timeout
401620397,4,24.0,Fever Full timeout
401620397,4,22.1,Sun Full timeout
401620397,4,22.1,(00:22.3) [Sun] COACH'S CHALLENGE (CALL 
401620397,4,19.1,Sun timeout
401620398,1,4:44,Sky Full timeout
401620398,2,5:09,Official timeout
401620398,2,2:56,Mystics Full timeout
401620398,3,4:11,Official timeout
401620398,3,12.2,Sky Full timeout
401620398,4,7:32,Mystics Full timeout
401620398,4,7:32,(07:32) [Mystics] COACH'S CHALLENGE (REP
401620398,4,3:53,Mystics Full timeout
401620398,4,3:50,Sky Full timeout
401620398,4,3:50,(03:50) [Sky] COACH'S CHALLENGE (REPLAY 
401620398,4,1:24,Sky Full timeout
401620398,4,8.1,Mystics timeout
401620398,4,3.0,Sky Full timeout
401620399,1,4:57,Official timeout
401620399,1,2:31,Liberty Full timeout
401620399,2,5:43,Sparks Full timeout
401620399,2,4:16,Sparks Full timeout
401620399,2,2:24,Liberty Full timeout
401620399,3,4:29,Official timeout
401620399,4,6:54,Liberty Full timeout
401620399,4,3:08,Sparks Full timeout
401620399,4,2:16,Liberty Full timeout
401620399,4,1:41,Liberty timeout
401620399,4,1:15,Sparks Full timeout
401620399,4,52.1,Liberty Full timeout
401620399,4,42.0,Sparks timeout
401620399,4,29.1,Sparks Full timeout
401620400,1,5:31,Mercury Full timeout
401620400,2,5:36,Official timeout
401620400,2,2:45,Lynx Full timeout
401620400,3,6:51,Mercury Full timeout
401620400,3,2:09,Mercury Full timeout
401620400,4,6:28,Lynx Full timeout
401620400,4,2:46,Official timeout
401620401,1,4:01,Official timeout
401620401,2,9:08,Dream Full timeout
401620401,2,8:02,Storm Full timeout
401620401,2,3:49,Storm Full timeout
401620401,2,15.0,(00:15) [Storm] COACH'S CHALLENGE (REPLA
401620401,2,15.0,Storm Full timeout
401620401,3,3:59,Official timeout
401620401,3,3:59,(03:59) [Dream] COACH'S CHALLENGE (CALL 
401620401,4,8:43,(08:43) [Dream] COACH'S CHALLENGE (CALL 
401620401,4,8:43,Dream Full timeout
401620401,4,4:03,Dream Full timeout
401620401,4,1:40,Storm Full timeout
401620401,4,46.1,Dream Full timeout
401620401,4,28.0,Storm timeout
401620401,4,22.1,Dream Full timeout
401620401,4,12.1,Dream timeout
401620401,4,11.1,Storm Full timeout
401620402,1,4:35,Fever Full timeout
401620402,2,5:47,Official timeout
401620402,2,4:22,Sky Full timeout
401620402,3,9:02,Sky Full timeout
401620402,3,1:16,Fever Full timeout
401620402,3,1:16,(01:16) [Fever] COACH'S CHALLENGE (CALL 
401620402,4,5:46,Official timeout
401620402,4,2:41,Fever Full timeout
401620402,4,2:41,(02:41) [Fever] COACH'S CHALLENGE (REPLA
401620403,1,3:26,Official timeout
401620403,2,8:10,Lynx Full timeout
401620403,2,2:49,Wings Full timeout
401620403,3,6:50,Lynx Full timeout
401620403,3,4:04,Lynx Full timeout
401620403,4,6:33,Wings Full timeout
401620403,4,2:16,Official timeout
401620404,1,4:53,Official timeout
401620404,2,6:32,Aces Full timeout
401620404,2,3:51,Dream Full timeout
401620404,3,4:39,Official timeout
401620404,3,3:11,Aces Full timeout
401620404,3,3:00,Aces Full timeout
401620404,4,6:34,Dream Full timeout
401620404,4,4:28,Aces Full timeout
401620404,4,2:11,Dream Full timeout
401620404,4,42.1,(00:42.8) [Dream] COACH'S CHALLENGE (CAL
401620404,4,42.1,Dream Full timeout
401620404,4,42.1,Aces timeout
401620405,1,3:43,Official timeout
401620405,2,8:43,Storm Full timeout
401620405,2,7:30,Storm Full timeout
401620405,2,4:50,Liberty Full timeout
401620405,2,3:04,Liberty Full timeout
401620405,3,4:48,Official timeout
401620405,3,51.2,(00:51.9) [Liberty] COACH'S CHALLENGE (C
401620405,4,8:57,Storm Full timeout
401620405,4,4:36,Liberty Full timeout
401620405,4,4:36,(04:36) [Liberty] COACH'S CHALLENGE (CAL
401620405,4,3:25,(03:25) [Storm] COACH'S CHALLENGE (CALL 
401620405,4,1:16,Storm Full timeout
401620405,4,58.1,Storm timeout
401620406,1,4:04,Official timeout
401620406,1,31.1,Mystics Full timeout
401620406,1,31.1,(00:31.4) [Mystics] COACH'S CHALLENGE (C
401620406,2,9:01,Sun Full timeout
401620406,2,3:50,Mystics Full timeout
401620406,3,7:43,Mystics Full timeout
401620406,3,5:29,Sun Full timeout
401620406,4,6:56,Sun Full timeout
401620406,4,2:55,Mystics Full timeout
401620407,1,4:55,Official timeout
401620407,2,5:42,Sun Full timeout
401620407,2,4:09,Sun Full timeout
401620407,2,4:09,(04:09) [Storm] COACH'S CHALLENGE (CALL 
401620407,2,3:08,Storm Full timeout
401620407,3,5:44,Storm Full timeout
401620407,4,5:06,Official timeout
401620407,4,3:27,Storm Full timeout
401620407,4,3:17,Sun Full timeout
401620407,4,1:53,Storm Full timeout
401620407,4,1:53,(01:53) [Storm] COACH'S CHALLENGE (REPLA
401620407,4,1:07,Sun Full timeout
401620407,4,47.0,Storm timeout
401620407,4,28.1,Sun Full timeout
401620407,4,28.1,(00:28.8) [Sun] COACH'S CHALLENGE (CALL 
401620407,4,28.0,Sun timeout
401620407,4,28.0,Storm Full timeout
401620408,1,6:46,Sky Full timeout
401620408,2,5:44,Official timeout
401620408,2,3:44,Lynx Full timeout
401620408,3,5:24,Sky Full timeout
401620408,4,8:01,Lynx Full timeout
401620408,4,6:57,Sky Full timeout
401620408,4,3:16,Lynx Full timeout
401620408,4,1:13,Lynx Full timeout
401620408,4,16.1,Sky Full timeout
401620408,4,16.1,Sky timeout
401620408,4,8.1,Lynx timeout
401620409,1,4:22,Official timeout
401620409,2,8:26,Wings Full timeout
401620409,2,2:20,Wings Full timeout
401620409,3,5:33,Fever Full timeout
401620409,4,9:38,Wings Full timeout
401620409,4,9:38,(09:38) [Wings] COACH'S CHALLENGE (CALL 
401620409,4,3:44,Fever Full timeout
401620409,4,1:32,Fever Full timeout
401620409,4,1:15,Wings timeout
401620411,1,6:19,Mercury Full timeout
401620411,2,8:36,Aces Full timeout
401620411,2,8:16,Official timeout
401620411,2,8:16,(08:16) [Mercury] COACH'S CHALLENGE (CAL
401620411,3,6:40,Aces Full timeout
401620411,3,3:16,Aces Full timeout
401620411,4,9:20,Mercury Full timeout
401620411,4,5:58,Mercury Full timeout
401620411,4,4:59,Aces Full timeout
401620411,4,2:26,Mercury Full timeout
401620410,1,6:57,Sparks Full timeout
401620410,2,6:04,Dream Full timeout
401620410,2,2:45,Official timeout
401620410,2,1:55,Sparks Full timeout
401620410,3,4:51,Official timeout
401620410,4,6:32,Dream Full timeout
401620410,4,5:26,Dream Full timeout
401620410,4,5:26,(05:26) [Dream] COACH'S CHALLENGE (CALL 
401620410,4,4:08,(04:08) [Sparks] COACH'S CHALLENGE (CALL
401620410,4,4:08,Sparks Full timeout
401620410,4,2:12,Dream Full timeout
401620410,4,1:10,Sparks Full timeout
401620412,1,7:51,Storm Full timeout
401620412,2,7:24,Official timeout
401620412,2,7:24,(07:24) [Storm] COACH'S CHALLENGE (CALL 
401620412,2,2:58,Sun Full timeout
401620412,3,7:40,Sun Full timeout
401620412,3,7:40,(07:40) [Sun] COACH'S CHALLENGE (CALL ST
401620412,3,5:38,Sun Full timeout
401620412,3,1:05,Storm Full timeout
401620412,3,1:05,(01:05) [Storm] COACH'S CHALLENGE (CALL 
401620412,4,5:59,Official timeout
401620412,4,3:18,Storm Full timeout
401620412,4,36.0,Sun Full timeout
401620412,4,26.1,Storm Full timeout
401620412,4,13.1,Storm timeout
401620412,4,11.1,Sun Full timeout
401620413,1,4:12,Official timeout
401620413,2,5:43,Wings Full timeout
401620413,2,2:57,Mystics Full timeout
401620413,2,1:04,Wings Full timeout
401620413,3,4:57,Official timeout
401620413,4,7:02,Wings Full timeout
401620413,4,3:07,Mystics Full timeout
401620413,4,1:30,Mystics Full timeout
401620413,4,26.1,Wings Full timeout
401620414,1,5:12,Sky Full timeout
401620414,2,8:44,Sky Full timeout
401620414,2,3:21,Aces Full timeout
401620414,3,6:21,Sky Full timeout
401620414,3,4:35,Aces Full timeout
401620414,3,2:55,Sky Full timeout
401620414,4,7:26,Aces Full timeout
401620414,4,2:58,Official timeout
401620415,1,4:44,Official timeout
401620415,2,7:56,Dream Full timeout
401620415,2,2:45,Mercury Full timeout
401620415,3,5:39,Mercury Full timeout
401620415,4,6:12,(06:12) [Dream] COACH'S CHALLENGE (CALL 
401620415,4,3:39,Mercury Full timeout
401620415,4,56.0,Dream Full timeout
401620415,4,29.0,Dream timeout
401620416,1,4:12,Official timeout
401620416,2,5:34,Fever Full timeout
401620416,2,2:39,Sparks Full timeout
401620416,3,6:40,Sparks Full timeout
401620416,4,6:55,Sparks Full timeout
401620416,4,2:55,Official timeout
401620416,4,55.1,Sparks Full timeout
401620416,4,25.0,Sparks Full timeout
401620416,4,16.1,Sparks timeout
401620417,1,3:28,Official timeout
401620417,2,7:41,Storm Full timeout
401620417,2,4:36,Storm Full timeout
401620417,3,7:20,Liberty Full timeout
401620417,4,8:41,Storm Full timeout
401620417,4,6:15,Liberty Full timeout
401620417,4,4:26,Storm Full timeout
401620417,4,3:15,Liberty Full timeout
401620417,4,3:15,(03:15) [Liberty] COACH'S CHALLENGE (CAL
401620417,4,26.0,Storm timeout
401620418,1,4:09,Official timeout
401620418,2,8:48,Mercury Full timeout
401620418,2,5:28,Mystics Full timeout
401620418,2,5:28,(05:28) [Mercury] COACH'S CHALLENGE (CAL
401620418,2,1:13,Mercury Full timeout
401620418,2,1:13,(01:13) [Mercury] COACH'S CHALLENGE (CAL
401620418,3,4:55,Official timeout
401620418,3,3:07,Mystics Full timeout
401620418,3,3:07,(03:07) [Mystics] COACH'S CHALLENGE (CAL
401620418,4,9:20,Official timeout
401620418,4,5:50,Mercury Full timeout
401620418,4,3:29,Mercury Full timeout
401620419,1,3:59,Official timeout
401620419,2,8:08,Dream Full timeout
401620419,2,2:31,Wings Full timeout
401620419,3,7:01,Wings Full timeout
401620419,3,5:29,Wings Full timeout
401620419,4,7:10,(07:10) [Dream] COACH'S CHALLENGE (CALL 
401620419,4,5:39,Dream Full timeout
401620419,4,4:23,Wings Full timeout
401620419,4,3:27,Wings Full timeout
401620419,4,1:13,Dream Full timeout
401620419,4,38.1,Dream Full timeout
401620419,4,38.1,(00:38.6) [Dream] COACH'S CHALLENGE (REP
401620419,4,19.0,Wings timeout
401620419,4,2.0,Dream timeout
401620419,5,46.0,Wings Full timeout
401620420,1,4:28,Official timeout
401620420,2,6:25,Aces Full timeout
401620420,2,2:56,Sun Full timeout
401620420,3,6:53,Sun Full timeout
401620420,3,3:06,(03:06) [Sun] COACH'S CHALLENGE (CALL OV
401620420,3,2:19,Aces Full timeout
401620420,4,5:42,Official timeout
401620420,4,3:07,Aces Full timeout
401620420,4,17.1,Sun Full timeout
401620420,4,5.1,Aces Full timeout
401620421,1,4:26,Official timeout
401620421,1,1:50,Lynx Full timeout
401620421,2,5:56,Fever Full timeout
401620421,2,3:18,Lynx Full timeout
401620421,3,7:19,Fever Full timeout
401620421,4,8:05,Lynx Full timeout
401620421,4,3:23,Fever Full timeout
401620421,4,37.0,Lynx timeout
401620421,4,33.2,Fever Full timeout
401620422,1,4:07,Official timeout
401620422,1,2:41,Sky Full timeout
401620422,2,6:22,Sparks Full timeout
401620422,2,2:41,Sky Full timeout
401620422,3,5:22,Sparks Full timeout
401620422,4,8:18,Sky Full timeout
401620422,4,3:19,Sparks Full timeout
401620423,1,4:56,Official timeout
401620423,2,5:49,Mercury Full timeout
401620423,2,3:15,Mercury Full timeout
401620423,2,1:37,Storm Full timeout
401620423,3,5:31,Mercury Full timeout
401620423,4,7:52,Storm Full timeout
401620423,4,2:03,Official timeout
401620424,1,4:57,Official timeout
401620424,2,6:47,Lynx Full timeout
401620424,2,1:45,Mystics Full timeout
401620424,3,4:28,Official timeout
401620424,3,1:24,Mystics Full timeout
401620424,4,6:57,Mystics Full timeout
401620424,4,5:24,Lynx Full timeout
401620424,4,1:25,Mystics Full timeout
401620424,4,46.1,Lynx Full timeout
401620424,4,26.1,Mystics timeout
401620424,4,14.1,Mystics Full timeout
401620425,1,4:25,Official timeout
401620425,2,5:53,Fever Full timeout
401620425,2,5:12,Fever Full timeout
401620425,2,3:43,(03:43) [Fever] COACH'S CHALLENGE (CALL 
401620425,2,45.2,Dream Full timeout
401620425,3,9:00,Fever Full timeout
401620425,3,5:19,(05:19) [Dream] COACH'S CHALLENGE (CALL 
401620425,3,2:10,Dream Full timeout
401620425,4,5:17,Dream Full timeout
401620425,4,4:39,Dream Full timeout
401620425,4,4:39,(04:39) [Dream] COACH'S CHALLENGE (CALL 
401620425,4,44.1,Dream Full timeout
401620425,4,27.1,Fever Full timeout
401620425,4,18.1,Dream timeout
401620425,5,1:12,Fever Full timeout
401620425,5,1:03,Dream Full timeout
401620425,5,33.1,Dream timeout
401620425,5,29.0,Fever timeout
401620425,5,23.2,Dream Full timeout
401620426,1,5:22,Liberty Full timeout
401620426,1,1:46,Aces Full timeout
401620426,2,7:06,Aces Full timeout
401620426,2,1:33,Official timeout
401620426,3,8:07,Liberty Full timeout
401620426,4,7:13,Liberty Full timeout
401620426,4,1:59,Aces Full timeout
401620426,4,1:54,Liberty Full timeout
401620426,4,43.1,Aces Full timeout
401620426,4,19.0,Aces Full timeout
401620426,4,2.1,Aces timeout
401620427,1,4:01,Wings Full timeout
401620427,2,5:38,Official timeout
401620427,2,2:37,Sky Full timeout
401620427,3,7:23,Wings Full timeout
401620427,3,1:01,Sky Full timeout
401620427,4,8:53,Sky Full timeout
401620427,4,7:05,Wings Full timeout
401620427,4,5:50,Sky Full timeout
401620427,4,2:22,Wings Full timeout
401620427,4,41.2,Wings Full timeout
401620428,1,4:06,Official timeout
401620428,1,1:28,Sparks Full timeout
401620428,2,8:10,Sun Full timeout
401620428,2,7:29,(07:29) [Sun] COACH'S CHALLENGE (CALL ST
401620428,2,7:29,Sun Full timeout
401620428,2,3:07,(03:07) [Sparks] COACH'S CHALLENGE (CALL
401620428,3,4:56,Official timeout
401620428,4,5:58,Sparks Full timeout
401620428,4,3:36,Sun Full timeout
401620428,4,3:02,Sparks Full timeout
401620428,4,3:02,(03:02) [Sparks] COACH'S CHALLENGE (CALL
401620428,4,1:56,Sparks Full timeout
401620428,4,1:13,Sparks Full timeout
401620428,4,55.0,Sun Full timeout
401620429,1,3:29,Official timeout
401620429,2,6:24,Lynx Full timeout
401620429,2,6:24,(06:24) [Lynx] COACH'S CHALLENGE (REPLAY
401620429,2,2:10,Dream Full timeout
401620429,3,4:33,Dream Full timeout
401620429,3,1:12,Dream Full timeout
401620429,4,5:42,Official timeout
401620429,4,3:02,Lynx Full timeout
401620430,1,4:20,Official timeout
401620430,2,8:17,Wings Full timeout
401620430,2,4:40,Liberty Full timeout
401620430,3,6:53,Liberty Full timeout
401620430,3,3:31,Wings Full timeout
401620430,4,7:52,Wings Full timeout
401620430,4,3:02,Wings Full timeout
401620430,4,3:02,(03:02) [Wings] COACH'S CHALLENGE (CALL 
401620431,1,5:30,(05:30) [Sun] COACH'S CHALLENGE (CALL OV
401620431,1,3:15,Sun Full timeout
401620431,1,1:41,Sparks Full timeout
401620431,2,8:41,Sparks Full timeout
401620431,2,2:55,Sun Full timeout
401620431,2,52.1,(00:52.8) [Sparks] COACH'S CHALLENGE (CA
401620431,3,4:26,Official timeout
401620431,3,12.1,Sun Full timeout
401620431,3,12.1,(00:12.8) [Sun] COACH'S CHALLENGE (REPLA
401620431,4,8:34,Sparks Full timeout
401620431,4,2:38,Sun Full timeout
401620432,1,9:24,Aces Full timeout
401620432,2,5:34,Official timeout
401620432,2,2:21,Fever Full timeout
401620432,3,5:50,Aces Full timeout
401620432,3,1:46,Fever Full timeout
401620432,3,1:06,Fever Full timeout
401620432,3,1:06,(01:06) [Fever] COACH'S CHALLENGE (CALL 
401620432,4,5:22,Official timeout
401620432,4,3:20,Aces Full timeout
401620433,1,4:18,Official timeout
401620433,1,2:23,Sky Full timeout
401620433,2,4:18,Mystics Full timeout
401620433,2,2:51,Sky Full timeout
401620433,3,6:33,Sky Full timeout
401620433,4,5:59,Official timeout
401620433,4,2:08,Mystics Full timeout
401620433,4,1:34,Sky Full timeout
401620434,1,4:36,Official timeout
401620434,2,7:51,Storm Full timeout
401620434,2,3:07,Sparks Full timeout
401620434,3,5:35,Storm Full timeout
401620434,3,35.1,Sparks Full timeout
401620434,4,7:27,Storm Full timeout
401620434,4,6:58,Storm Full timeout
401620434,4,6:58,(06:58) [Storm] COACH'S CHALLENGE (REPLA
401620434,4,5:45,Sparks Full timeout
401620434,4,32.1,Sparks Full timeout
401620434,4,25.1,Sparks Full timeout
401620434,4,21.0,Storm timeout
401620434,4,19.1,Sparks timeout
401620435,1,5:55,Wings Full timeout
401620435,2,5:42,Official timeout
401620435,2,2:08,Liberty Full timeout
401620435,3,7:54,Liberty Full timeout
401620435,3,6:31,Wings Full timeout
401620435,4,5:35,Official timeout
401620435,4,2:53,Wings Full timeout
401620435,4,1:51,Liberty Full timeout
401620436,1,6:28,Mystics Full timeout
401620436,2,8:58,Dream Full timeout
401620436,2,2:39,Official timeout
401620436,3,8:00,Dream Full timeout
401620436,3,4:09,Mystics Full timeout
401620436,4,8:28,Dream Full timeout
401620436,4,6:11,Mystics Full timeout
401620436,4,1:43,Dream Full timeout
401620436,4,1:43,(01:43) [Dream] COACH'S CHALLENGE (REPLA
401620436,4,34.1,Dream Full timeout
401620436,4,20.1,Mystics Full timeout
401620436,4,19.1,Dream timeout
401620437,1,3:52,Official timeout
401620437,2,8:18,Aces Full timeout
401620437,2,3:37,Aces Full timeout
401620437,3,8:52,Fever Full timeout
401620437,3,2:00,Aces Full timeout
401620437,4,5:43,Official timeout
401620437,4,2:57,Aces Full timeout
401620437,4,54.1,Fever Full timeout
401620437,4,42.0,Aces timeout
401620437,4,23.1,Fever Full timeout
401620437,4,3.1,Fever timeout
401620438,1,5:47,Storm Full timeout
401620438,2,7:36,Storm Full timeout
401620438,2,2:37,Wings Full timeout
401620438,3,6:38,Wings Full timeout
401620438,3,4:55,Wings Full timeout
401620438,4,7:12,Storm Full timeout
401620438,4,1:01,Storm Full timeout
401620438,4,33.1,Storm timeout
401620438,4,17.1,Wings Full timeout
401620438,4,17.1,(00:17.8) [Wings] COACH'S CHALLENGE (CAL
401620439,1,4:43,Official timeout
401620439,1,2:52,Lynx Full timeout
401620439,2,5:58,Lynx Full timeout
401620439,2,4:00,Sky Full timeout
401620439,3,8:24,Sky Full timeout
401620439,4,7:34,Lynx Full timeout
401620439,4,5:10,Sky Full timeout
401620439,4,2:23,Sky Full timeout
401620440,1,4:14,Official timeout
401620440,2,6:14,Mercury Full timeout
401620440,2,2:27,Sun Full timeout
401620440,3,4:47,Official timeout
401620440,3,1:46,Mercury Full timeout
401620440,4,9:35,(09:35) [Mercury] COACH'S CHALLENGE (CAL
401620440,4,9:35,Sun Full timeout
401620440,4,7:27,Sun Full timeout
401620441,1,5:57,Fever Full timeout
401620441,2,6:46,Wings Full timeout
401620441,2,4:06,Fever Full timeout
401620441,2,4:06,(04:06) [Fever] COACH'S CHALLENGE (CALL 
401620441,3,7:41,Wings Full timeout
401620441,4,6:34,Wings Full timeout
401620441,4,3:15,Fever Full timeout
401620441,4,1:06,Wings Full timeout
401620441,4,14.1,Wings timeout
401620441,4,1.2,Fever Full timeout
401620441,4,1.0,Wings Full timeout
401620442,1,2:59,Official timeout
401620442,1,2:12,Liberty Full timeout
401620442,2,6:28,Lynx Full timeout
401620442,2,2:23,Liberty Full timeout
401620442,3,8:25,Liberty Full timeout
401620442,4,8:39,Lynx Full timeout
401620442,4,4:50,Lynx Full timeout
401620442,4,3:25,Liberty Full timeout
401620442,4,2:00,Lynx Full timeout
401620442,4,1:22,Lynx timeout
401620442,4,29.1,Liberty Full timeout
401620443,1,4:21,Official timeout
401620443,2,5:55,Mystics Full timeout
401620443,2,1:19,Dream Full timeout
401620443,3,4:58,Official timeout
401620443,4,6:30,Dream Full timeout
401620443,4,4:20,Dream Full timeout
401620443,4,4:20,(04:20) [Dream] COACH'S CHALLENGE (CALL 
401620443,4,3:24,Mystics Full timeout
401620443,4,3:12,Dream Full timeout
401620443,4,3:12,(03:12) [Dream] COACH'S CHALLENGE (CALL 
401620443,4,1:24,Dream Full timeout
401620443,4,1:10,(01:10) [Mystics] COACH'S CHALLENGE (CAL
401620443,4,29.1,Mystics timeout
401620443,5,2:32,Dream Full timeout
401620443,5,1:05,Dream timeout
401620443,5,47.1,Mystics Full timeout
401620443,5,36.1,Mystics Full timeout
401620444,1,4:56,Official timeout
401620444,2,7:55,Mercury Full timeout
401620444,2,2:37,Sky Full timeout
401620444,3,8:22,Official timeout
401620444,3,8:22,(08:22) [Mercury] COACH'S CHALLENGE (CAL
401620444,3,6:36,Mercury Full timeout
401620444,3,6:36,(06:36) [Mercury] COACH'S CHALLENGE (REP
401620444,3,3:04,Sky Full timeout
401620444,4,6:30,Sky Full timeout
401620444,4,3:27,Mercury Full timeout
401620444,4,1:39,Sky Full timeout
401620444,4,7.1,Mercury Full timeout
401620444,4,5.1,Sky Full timeout
401620445,1,4:47,Official timeout
401620445,2,5:28,Official timeout
401620445,2,2:57,Aces Full timeout
401620445,3,6:55,Sun Full timeout
401620445,3,4:05,Sun Full timeout
401620445,4,5:40,Official timeout
401620445,4,3:18,Aces Full timeout
401620445,4,1:18,Aces Full timeout
401620446,1,4:52,Official timeout
401620446,1,1:31,Sparks Full timeout
401620446,2,5:22,Storm Full timeout
401620446,2,4:46,Sparks Full timeout
401620446,3,4:46,Official timeout
401620446,3,3:39,Storm Full timeout
401620446,4,7:37,Storm Full timeout
401620446,4,4:32,Sparks Full timeout
401620446,4,4:32,(04:32) [Sparks] COACH'S CHALLENGE (CALL
401620446,4,1:53,Sparks Full timeout
401620446,4,50.1,Sparks Full timeout
401620446,4,44.0,Storm Full timeout
401620446,4,3.1,Sparks timeout
401620447,1,4:45,Official timeout
401620447,2,4:59,Sun Full timeout
401620447,2,2:11,Lynx Full timeout
401620447,3,4:56,Official timeout
401620447,3,1:59,Sun Full timeout
401620447,4,6:27,Sun Full timeout
401620447,4,6:27,(06:27) [Lynx] COACH'S CHALLENGE (CALL O
401620447,4,4:19,Lynx Full timeout
401620447,4,36.1,Sun Full timeout
401620447,4,22.2,Lynx Full timeout
401620447,4,11.1,Sun Full timeout
401620447,4,8.1,Lynx timeout
401620447,4,3.1,Sun timeout
401620448,1,6:46,Mystics Full timeout
401620448,2,4:44,Official timeout
401620448,2,3:18,Liberty Full timeout
401620448,2,51.1,(00:51.4) [Mystics] COACH'S CHALLENGE (R
401620448,2,51.1,Mystics Full timeout
401620448,3,5:57,Liberty Full timeout
401620448,3,3:06,Mystics Full timeout
401620448,4,5:56,Official timeout
401620448,4,3:07,Mystics Full timeout
401620449,1,4:11,Official timeout
401620449,2,5:57,Sky Full timeout
401620449,2,2:53,Dream Full timeout
401620449,3,5:31,Sky Full timeout
401620449,4,8:30,(08:30) [Dream] COACH'S CHALLENGE (CALL 
401620449,4,7:21,Sky Full timeout
401620449,4,5:47,Dream Full timeout
401620449,4,3:41,Dream Full timeout
401620449,4,1:59,Sky Full timeout
401620449,4,1:59,(01:59) [Sky] COACH'S CHALLENGE (REPLAY 
401620451,1,4:41,Official timeout
401620451,1,3:08,Storm Full timeout
401620451,2,5:03,Storm Full timeout
401620451,2,2:42,Aces Full timeout
401620451,3,8:45,Aces Full timeout
401620451,3,7:27,(07:27) [Storm] COACH'S CHALLENGE (CALL 
401620451,4,6:44,Storm Full timeout
401620451,4,3:40,Aces Full timeout
401620451,4,1:59,Storm Full timeout
401620450,1,4:57,Official timeout
401620450,1,1:33,(01:33) [Sparks] COACH'S CHALLENGE (CALL
401620450,2,6:07,Mercury Full timeout
401620450,2,2:40,Sparks Full timeout
401620450,3,7:14,Sparks Full timeout
401620450,3,6:50,Sparks Full timeout
401620450,4,7:48,(07:48) [Mercury] COACH'S CHALLENGE (CAL
401620450,4,6:01,Mercury Full timeout
401620450,4,4:27,Sparks Full timeout
401620450,4,3:08,Mercury Full timeout
401620450,4,2:25,Mercury Full timeout
401620450,4,2:25,(02:25) [Mercury] COACH'S CHALLENGE (CAL
401620450,4,2:03,Mercury Full timeout
401620450,4,40.0,Sparks Full timeout
401620450,4,20.0,Sparks timeout
401620450,4,13.1,Mercury timeout
401620452,1,6:36,Sky Full timeout
401620452,2,5:59,Official timeout
401620452,2,2:24,Sun Full timeout
401620452,3,8:55,Sky Full timeout
401620452,3,3:02,Sky Full timeout
401620452,4,7:54,Sky Full timeout
401620452,4,3:34,Official timeout
401620452,4,3:34,(03:34) [Sun] COACH'S CHALLENGE (CALL OV
401620453,1,4:20,Official timeout
401620453,2,7:48,Liberty Full timeout
401620453,2,3:32,Dream Full timeout
401620453,3,6:19,Liberty Full timeout
401620453,4,7:27,Dream Full timeout
401620453,4,3:51,Dream Full timeout
401620453,4,1:54,Liberty Full timeout
401620453,4,1:54,(01:54) [Liberty] COACH'S CHALLENGE (CAL
401620453,4,52.0,Liberty Full timeout
401620454,1,6:56,Mystics Full timeout
401620454,2,5:44,Official timeout
401620454,2,2:15,Fever Full timeout
401620454,3,6:31,Fever Full timeout
401620454,4,7:25,Mystics Full timeout
401620454,4,5:19,Official timeout
401620454,4,5:19,(05:19) [Fever] COACH'S CHALLENGE (CALL 
401620454,4,4:15,Fever Full timeout
401620454,4,4:15,(04:15) [Fever] COACH'S CHALLENGE (CALL 
401620454,4,2:49,Official timeout
401620454,4,1:13,Mystics Full timeout
401620455,1,3:11,Lynx Full timeout
401620455,2,6:41,Lynx Full timeout
401620455,2,2:46,Official timeout
401620455,3,4:48,Lynx Full timeout
401620455,3,2:52,Sparks Full timeout
401620455,4,7:29,Sparks Full timeout
401620455,4,5:55,Lynx Full timeout
401620455,4,5:34,(05:34) [Lynx] COACH'S CHALLENGE (CALL O
401620455,4,4:18,Sparks Full timeout
401620456,1,4:29,Official timeout
401620456,2,8:19,Wings Full timeout
401620456,2,4:39,Aces Full timeout
401620456,3,7:59,Aces Full timeout
401620456,3,3:22,Wings Full timeout
401620456,4,7:04,Aces Full timeout
401620456,4,2:05,Wings Full timeout
401620457,1,4:23,Mercury Full timeout
401620457,1,3:15,Storm Full timeout
401620457,2,5:49,Official timeout
401620457,2,3:48,Mercury Full timeout
401620457,2,2:36,(02:36) [Storm] COACH'S CHALLENGE (CALL 
401620457,3,3:52,Official timeout
401620457,4,6:00,Mercury Full timeout
401620457,4,3:16,Storm Full timeout
401721255,1,6:47,Dream Full timeout
401721255,2,5:46,Official timeout
401721255,2,3:30,Liberty Full timeout
401721255,2,2:16,Dream Full timeout
401721255,3,5:56,Dream Full timeout
401721255,4,7:26,Liberty Full timeout
401721255,4,2:56,Dream Full timeout
401721253,1,9:12,Official timeout
401721253,1,9:12,(09:12) [Fever] COACH'S CHALLENGE (CALL 
401721253,1,8:27,Fever Full timeout
401721253,1,6:16,Sun Full timeout
401721253,2,5:31,Sun Full timeout
401721253,2,2:35,Fever Full timeout
401721253,3,7:07,Fever Full timeout
401721253,4,5:43,Official timeout
401721253,4,3:53,Sun Full timeout
401721253,4,1:40,Fever Full timeout
401721261,1,5:06,Mercury Full timeout
401721261,2,5:35,Mercury Full timeout
401721261,2,3:05,Lynx Full timeout
401721261,3,7:03,Lynx Full timeout
401721261,4,6:38,Lynx Full timeout
401721261,4,3:57,Mercury Full timeout
401721261,4,3:12,Mercury Full timeout
401721261,4,3:12,(03:12) [Mercury] COACH'S CHALLENGE (REP
401721261,4,38.1,Mercury timeout
401721261,4,30.1,Lynx timeout
401721261,4,24.0,(00:24.1) [Lynx] COACH'S CHALLENGE (CALL
401721256,1,4:18,Official timeout
401721256,1,2:35,Aces Full timeout
401721256,2,8:01,Storm Full timeout
401721256,2,1:52,Official timeout
401721256,3,5:43,Storm Full timeout
401721256,4,4:49,Storm Full timeout
401721256,4,1:49,Storm Full timeout
401721256,4,40.1,Aces Full timeout
401721258,1,7:11,Liberty Full timeout
401721258,2,5:39,Dream Full timeout
401721258,2,2:02,Official timeout
401721258,3,6:32,Liberty Full timeout
401721258,3,4:33,Dream Full timeout
401721258,4,6:40,(06:40) [Dream] COACH'S CHALLENGE (CALL 
401721258,4,6:40,Official timeout
401721258,4,2:46,Dream Full timeout
401721258,4,37.0,Dream Full timeout
401721258,4,20.1,Liberty timeout
401721258,4,16.0,Dream timeout
401721262,1,6:41,Storm Full timeout
401721262,1,3:52,(03:52) [Storm] COACH'S CHALLENGE (CALL 
401721262,2,4:40,Storm Full timeout
401721262,2,3:00,Aces Full timeout
401721262,2,1:11,Aces Full timeout
401721262,3,3:33,Official timeout
401721262,4,6:05,Storm Full timeout
401721262,4,4:03,Aces Full timeout
401721262,4,2:22,Aces Full timeout
401721262,4,2:22,(02:22) [Aces] COACH'S CHALLENGE (CALL S
401721262,4,46.0,Storm Full timeout
401721262,4,35.1,Aces timeout
401721262,4,32.1,Storm timeout
401721254,1,4:51,Official timeout
401721254,1,1:29,(01:29) [Fever] COACH'S CHALLENGE (CALL 
401721254,2,5:52,Sun Full timeout
401721254,2,2:21,Fever Full timeout
401721254,3,8:19,Sun Full timeout
401721254,3,2:03,Fever Full timeout
401721254,4,5:59,Sun Full timeout
401721254,4,2:54,Fever Full timeout
401721254,4,1:28,Fever Full timeout
401721254,4,45.1,Fever Full timeout
401721254,4,38.0,Fever timeout
401721254,4,12.1,Sun Full timeout
401721260,1,6:03,Lynx Full timeout
401721260,2,6:50,Mercury Full timeout
401721260,2,3:24,Lynx Full timeout
401721260,3,4:48,Official timeout
401721260,4,8:29,Mercury Full timeout
401721260,4,3:38,Lynx Full timeout
401721260,4,3:18,Mercury Full timeout
401721260,4,2:40,Mercury Full timeout
401721260,4,58.1,Lynx Full timeout
401724938,1,4:01,Official timeout
401724938,2,5:38,Liberty Full timeout
401724938,2,2:57,Aces Full timeout
401724938,3,5:46,Aces Full timeout
401724938,3,3:32,Liberty Full timeout
401724938,4,6:00,Aces Full timeout
401724938,4,3:13,Liberty Full timeout
401724938,4,2:13,(02:13) [Aces] COACH'S CHALLENGE (CALL O
401724938,4,45.1,Aces Full timeout
401725075,1,4:56,Official timeout
401725075,1,1:31,Lynx Full timeout
401725075,2,5:36,Sun Full timeout
401725075,2,2:40,Official timeout
401725075,3,4:14,Official timeout
401725075,4,7:09,Lynx Full timeout
401725075,4,3:39,Sun Full timeout
401725075,4,59.1,Sun Full timeout
401725075,4,38.0,Lynx Full timeout
401725075,4,11.1,Lynx Full timeout
401724939,1,4:49,Official timeout
401724939,2,8:03,Aces Full timeout
401724939,2,7:21,Aces Full timeout
401724939,2,3:42,(03:42) [Liberty] COACH'S CHALLENGE (CAL
401724939,3,4:12,Official timeout
401724939,3,3:08,Liberty Full timeout
401724939,4,7:59,Aces Full timeout
401724939,4,5:18,Liberty Full timeout
401724939,4,11.1,Aces Full timeout
401724939,4,10.1,Liberty Full timeout
401724939,4,10.1,(00:10.5) [Liberty] COACH'S CHALLENGE (C
401724939,4,8.2,Aces Full timeout
401724939,4,5.1,Liberty Full timeout
401724939,4,5.0,Aces timeout
401725076,1,4:57,Official timeout
401725076,2,4:54,Lynx Full timeout
401725076,2,2:55,Official timeout
401725076,3,8:22,Sun Full timeout
401725076,4,5:43,Lynx Full timeout
401725076,4,3:08,Sun Full timeout
401725076,4,1:56,Lynx Full timeout
401725076,4,12.0,Lynx timeout
401725077,1,4:20,Official timeout
401725077,2,8:27,Sun Full timeout
401725077,2,7:31,Lynx Full timeout
401725077,3,4:22,Official timeout
401725077,4,7:54,Lynx Full timeout
401725077,4,7:54,(07:54) [Sun] COACH'S CHALLENGE (CALL OV
401725077,4,4:23,Sun Full timeout
401725077,4,3:03,Lynx Full timeout
401725077,4,2:10,Sun Full timeout
401725077,4,20.1,Lynx Full timeout
401724940,1,3:58,Official timeout
401724940,2,5:20,Official timeout
401724940,2,2:55,Official timeout
401724940,3,6:52,Liberty Full timeout
401724940,3,1:41,Liberty Full timeout
401724940,4,7:07,Aces Full timeout
401724940,4,4:04,Aces Full timeout
401724940,4,3:15,Liberty Full timeout
401724941,1,5:59,Aces Full timeout
401724941,2,5:15,Official timeout
401724941,2,3:53,Liberty Full timeout
401724941,3,4:53,Official timeout
401724941,4,8:49,Aces Full timeout
401724941,4,7:30,Liberty Full timeout
401724941,4,7:30,(07:30) [Liberty] COACH'S CHALLENGE (CAL
401724941,4,5:47,Aces Full timeout
401724941,4,1:19,Liberty Full timeout
401724941,4,1:04,Aces Full timeout
401725078,1,4:06,Official timeout
401725078,2,5:49,Sun Full timeout
401725078,2,2:34,Lynx Full timeout
401725078,3,5:46,Lynx Full timeout
401725078,4,7:20,Lynx Full timeout
401725078,4,5:25,Sun Full timeout
401725078,4,3:22,Sun Full timeout
401725078,4,43.1,(00:43.3) [Sun] COACH'S CHALLENGE (CALL 
401725079,1,4:52,Official timeout
401725079,1,2:40,Sun Full timeout
401725079,2,8:22,Sun Full timeout
401725079,2,2:11,Lynx Full timeout
401725079,3,7:22,Lynx Full timeout
401725079,3,3:23,Sun Full timeout
401725079,4,5:50,Official timeout
401725079,4,5:13,Sun Full timeout
401725079,4,5:13,(05:13) [Lynx] COACH'S CHALLENGE (CALL O
401725079,4,3:39,Lynx Full timeout
401726988,1,6:04,Lynx Full timeout
401726988,2,8:40,Liberty Full timeout
401726988,2,6:18,Lynx Full timeout
401726988,3,7:42,Liberty Full timeout
401726988,3,4:07,Lynx Full timeout
401726988,4,7:29,Lynx Full timeout
401726988,4,3:39,Liberty Full timeout
401726988,4,42.1,Liberty Full timeout
401726988,4,18.1,Lynx Full timeout
401726988,4,5.1,Liberty Full timeout
401726988,5,2:39,Liberty Full timeout
401726988,5,48.1,Liberty timeout
401726988,5,32.2,Lynx Full timeout
401726988,5,8.1,Liberty Full timeout
401726989,1,3:27,Official timeout
401726989,2,5:22,Liberty Full timeout
401726989,2,2:48,Lynx Full timeout
401726989,3,7:54,Lynx Full timeout
401726989,3,6:54,Liberty Full timeout
401726989,4,5:55,Official timeout
401726989,4,2:52,Liberty Full timeout
401726989,4,1:30,Lynx Full timeout
401726989,4,1:15,Liberty Full timeout
401726989,4,41.0,Liberty Full timeout
401726990,1,6:57,Liberty Full timeout
401726990,2,5:41,Official timeout
401726990,2,2:52,Lynx Full timeout
401726990,3,4:57,Official timeout
401726990,3,2:24,Liberty Full timeout
401726990,4,6:06,Lynx Full timeout
401726990,4,5:01,Liberty Full timeout
401726990,4,3:00,Lynx Full timeout
401726990,4,55.1,Lynx Full timeout
401726990,4,34.1,Liberty Full timeout
401726990,4,20.1,Lynx Full timeout
401726990,4,16.0,Liberty Full timeout
401726990,4,1.0,Lynx timeout
401726991,1,4:15,Official timeout
401726991,2,5:52,Lynx Full timeout
401726991,2,3:34,Liberty Full timeout
401726991,3,5:02,Lynx Full timeout
401726991,3,2:33,Liberty Full timeout
401726991,4,5:47,Lynx Full timeout
401726991,4,4:50,Liberty Full timeout
401726991,4,4:50,(04:50) [Liberty] COACH'S CHALLENGE (CAL
401726991,4,1:10,Lynx Full timeout
401726991,4,18.1,Lynx Full timeout
401726991,4,2.0,Liberty Full timeout
401726992,1,3:57,Official timeout
401726992,1,44.1,Liberty Full timeout
401726992,2,5:38,Liberty Full timeout
401726992,2,2:49,Lynx Full timeout
401726992,3,8:31,Lynx Full timeout
401726992,3,3:07,Lynx Full timeout
401726992,4,7:26,Lynx Full timeout
401726992,4,5:29,Liberty Full timeout
401726992,4,1:35,Liberty Full timeout
401726992,4,6.1,Liberty Full timeout
401726992,4,5.0,Lynx Full timeout
401726992,4,5.0,(00:05.2) [Lynx] COACH'S CHALLENGE (CALL
401726992,4,5.0,Lynx timeout
401726992,5,3:14,Lynx Full timeout
401726992,5,1:15,Liberty Full timeout
401726992,5,18.1,Lynx Full timeout
401726992,5,10.0,Lynx timeout
401761558,1,3:45,Official timeout
401761558,1,1:45,Aces Full timeout
401761558,2,7:31,Wings Full timeout
401761558,2,5:05,Wings Full timeout
401761558,2,57.0,Aces Full timeout
401761558,3,4:47,Official timeout
401761558,3,3:13,Aces Full timeout
401761558,4,7:20,Aces Full timeout
401761558,4,5:31,Aces Full timeout
401761558,4,5:10,Wings Full timeout
401761346,1,4:40,Sky Full timeout
401761346,2,7:17,Brazil Full timeout
401761346,3,4:48,Brazil Full timeout
401761346,4,5:46,Sky Full timeout
401761346,4,4:35,Brazil Full timeout
401761353,1,4:58,Official timeout
401761353,2,6:52,Fever Full timeout
401761353,2,3:45,Mystics Full timeout
401761353,3,5:10,Mystics Full timeout
401761353,3,5:10,(05:10) [Mystics] COACH'S CHALLENGE (CAL
401761353,3,52.1,(00:52.7) [Fever] COACH'S CHALLENGE (CAL
401761353,4,7:28,Fever Full timeout
401761353,4,3:46,Fever Full timeout
401761353,4,3:34,Mystics Full timeout
401761353,4,1:24,Fever Full timeout
401761353,4,12.0,Mystics Full timeout
401761353,5,1:07,Fever Full timeout
401761354,1,4:59,Official timeout
401761354,1,2:18,Brazil Full timeout
401761354,2,7:43,Brazil Full timeout
401761354,2,2:50,Fever Full timeout
401761354,3,4:07,Official timeout
401761354,3,17.2,Fever Full timeout
401761354,4,7:19,Brazil Full timeout
401761354,4,3:18,Fever Full timeout
401761354,4,3:18,(03:18) [Fever] COACH'S CHALLENGE (CALL 
401761349,1,4:24,Official timeout
401761349,1,2:35,Sun Full timeout
401761349,2,6:08,Storm Full timeout
401761349,2,4:05,Sun Full timeout
401761349,2,4:04,(04:04) [Storm] COACH'S CHALLENGE (CALL 
401761349,3,4:25,Official timeout
401761349,3,3:28,Sun Full timeout
401761349,4,8:00,Storm Full timeout
401761349,4,5:00,Sun Full timeout
401761347,1,3:44,Official timeout
401761347,2,7:31,Sky Full timeout
401761347,2,4:27,Lynx Full timeout
401761347,3,4:08,Official timeout
401761347,4,8:08,Lynx Full timeout
401761347,4,5:32,Sky Full timeout
401761347,4,3:16,Lynx Full timeout
401761347,4,5.1,Lynx timeout
401761351,1,4:43,Official timeout
401761351,2,7:34,Golden State Valkyries Full timeout
401761351,2,4:02,Sparks Full timeout
401761351,3,4:30,Official timeout
401761351,4,5:31,Golden State Valkyries Full timeout
401761351,4,4:57,Sparks Full timeout
401761351,4,4:57,(04:57) [Sparks] COACH'S CHALLENGE (CALL
401761351,4,1:09,Golden State Valkyries Full timeout
401761351,4,35.1,Golden State Valkyries Full timeout
401761351,4,13.1,Golden State Valkyries timeout
401761355,1,4:36,Mercury Full timeout
401761355,1,4:36,(04:36) [Mercury] COACH'S CHALLENGE (CAL
401761355,2,7:50,Aces Full timeout
401761355,2,4:17,Mercury Full timeout
401761355,3,4:53,Official timeout
401761355,3,3:44,Mercury Full timeout
401761355,4,5:32,Mercury Full timeout
401761355,4,2:35,Aces Full timeout
401761355,4,23.1,Mercury Full timeout
401761355,4,15.1,Aces Full timeout
401761344,1,9:25,Dream Full timeout
401761344,1,7:07,Mystics Full timeout
401761344,2,5:44,Official timeout
401761344,2,2:18,Mystics Full timeout
401761344,2,44.1,Mystics Full timeout
401761344,3,4:52,Official timeout
401761344,3,1:28,Dream Full timeout
401761344,4,5:45,Mystics Full timeout
401761344,4,2:57,Dream Full timeout
401765028,1,3:42,Official timeout
401765028,2,8:16,Sun Full timeout
401765028,2,6:19,Liberty Full timeout
401765028,2,1:10,Liberty Full timeout
401765028,3,5:01,Liberty Full timeout
401765028,4,5:10,Official timeout
401765028,4,2:58,Sun Full timeout
401765028,4,40.0,Liberty Full timeout
401761345,1,4:41,Official timeout
401761345,2,7:48,Dream Full timeout
401761345,2,5:35,Fever Full timeout
401761345,3,6:11,(06:11) [Dream] COACH'S CHALLENGE (CALL 
401761345,3,2:54,Fever Full timeout
401761345,4,5:47,Dream Full timeout
401761345,4,2:46,Fever Full timeout
401761348,1,3:42,Official timeout
401761348,2,5:51,Lynx Full timeout
401761348,2,1:52,Sky Full timeout
401761348,3,4:38,Official timeout
401761348,4,5:26,Lynx Full timeout
401761348,4,3:18,Sky Full timeout
401761348,4,1:36,Lynx Full timeout
401761348,4,1:13,Sky Full timeout
401761350,1,4:55,Official timeout
401761350,2,6:24,Toyota Antelopes Full timeout
401761350,2,3:41,Toyota Antelopes Full timeout
401761350,3,5:12,Toyota Antelopes Full timeout
401761350,4,6:11,Toyota Antelopes Full timeout
401761350,4,3:10,Wings Full timeout
401761352,1,4:59,Official timeout
401761352,2,7:38,Golden State Valkyries Full timeout
401761352,2,3:14,Mercury Full timeout
401761352,3,8:06,Golden State Valkyries Full timeout
401761352,3,6:15,Mercury Full timeout
401761352,4,8:21,Mercury Full timeout
401761352,4,4:21,Golden State Valkyries Full timeout
401761352,4,4:21,(04:21) [Golden State Valkyries] COACH'S
401761352,4,1:30,Mercury timeout
401761352,4,44.1,Mercury Full timeout
401761352,4,3.2,Mercury Full timeout
401765029,1,4:46,Official timeout
401765029,2,6:37,Toyota Antelopes Full timeout
401765029,2,2:50,Liberty Full timeout
401765029,2,3.1,Toyota Antelopes Full timeout
401765029,3,6:58,Official timeout
401765029,3,1:57,Liberty Full timeout
401765029,4,6:03,Toyota Antelopes Full timeout
401765029,4,1:55,Official timeout
401736112,1,4:21,Official timeout
401736112,2,8:35,Mystics Full timeout
401736112,2,2:54,Dream Full timeout
401736112,3,4:49,Official timeout
401736112,3,1:37,Dream Full timeout
401736112,3,1:37,(01:37) [Dream] COACH'S CHALLENGE (CALL 
401736112,4,7:08,Dream Full timeout
401736112,4,6:06,Mystics Full timeout
401736112,4,3:28,Mystics Full timeout
401736112,4,1:02,Mystics Full timeout
401736112,4,1:02,(01:02) [Mystics] COACH'S CHALLENGE (CAL
401736112,4,34.0,Mystics Full timeout
401736112,4,17.1,Dream Full timeout
401736113,1,3:54,Official timeout
401736113,2,5:58,Wings Full timeout
401736113,2,2:49,Lynx Full timeout
401736113,2,2:02,Wings Full timeout
401736113,2,2:02,(02:02) [Wings] COACH'S CHALLENGE (CALL 
401736113,3,4:45,Official timeout
401736113,3,3:24,Wings Full timeout
401736113,3,1:57,Lynx Full timeout
401736113,4,8:18,Lynx Full timeout
401736113,4,5:24,Wings Full timeout
401736113,4,4:06,Lynx Full timeout
401736113,4,4:06,(04:06) [Lynx] COACH'S CHALLENGE (CALL O
401736113,4,2:51,Wings Full timeout
401736113,4,20.2,Lynx timeout
401736114,1,3:45,Official timeout
401736114,1,3:04,Sparks Full timeout
401736114,2,4:50,Golden State Valkyries Full timeout
401736114,2,1:35,Sparks Full timeout
401736114,3,4:56,Official timeout
401736114,3,2:35,Sparks Full timeout
401736114,4,7:57,Golden State Valkyries Full timeout
401736114,4,5:43,Sparks Full timeout
401736114,4,5:43,(05:43) [Golden State Valkyries] COACH'S
401736114,4,3:23,Golden State Valkyries Full timeout
401736116,1,4:41,Official timeout
401736116,2,7:17,Liberty Full timeout
401736116,2,7:17,(07:17) [Liberty] COACH'S CHALLENGE (CAL
401736116,2,5:25,Liberty Full timeout
401736116,2,3:29,Aces Full timeout
401736116,3,4:33,Liberty Full timeout
401736116,4,6:16,Aces Full timeout
401736116,4,3:51,Aces Full timeout
401736116,4,1:14,Liberty Full timeout
401736115,1,4:56,Official timeout
401736115,2,7:42,Sky Full timeout
401736115,2,2:46,Fever Full timeout
401736115,3,4:38,Official timeout
401736115,3,4:24,(04:24) [Fever] COACH'S CHALLENGE (CALL 
401736115,4,7:01,Sky Full timeout
401736115,4,6:03,Fever Full timeout
401736115,4,4:24,Sky Full timeout
401736117,1,6:48,Storm Full timeout
401736117,2,5:36,Official timeout
401736117,2,2:14,Mercury Full timeout
401736117,3,5:25,Storm Full timeout
401736117,3,4:02,Official timeout
401736117,4,7:14,Storm Full timeout
401736117,4,4:29,Storm Full timeout
401736117,4,4:02,Mercury Full timeout
401736117,4,3:10,Mercury Full timeout
401736118,1,6:38,Mystics Full timeout
401736118,2,6:27,Sun Full timeout
401736118,2,2:57,Official timeout
401736118,3,4:35,Official timeout
401736118,4,6:43,Mystics Full timeout
401736118,4,6:43,(06:43) [Mystics] COACH'S CHALLENGE (REP
401736118,4,3:36,Sun Full timeout
401736118,4,46.1,Mystics Full timeout
401736118,4,25.1,Sun Full timeout
401736118,4,3.0,Mystics Full timeout
401736118,4,2.1,Sun Full timeout
401736119,1,4:18,Official timeout
401736119,2,5:15,Sparks Full timeout
401736119,2,2:51,Lynx Full timeout
401736119,3,7:15,Sparks Full timeout
401736119,4,5:47,Official timeout
401736119,4,3:32,Sparks Full timeout
401736119,4,3:32,(03:32) [Sparks] COACH'S CHALLENGE (CALL
401736119,4,40.0,Lynx timeout
401736120,1,4:54,Official timeout
401736120,2,7:28,Wings Full timeout
401736120,2,4:19,Storm Full timeout
401736120,2,3:47,Storm Full timeout
401736120,2,3:47,(03:47) [Storm] COACH'S CHALLENGE (REPLA
401736120,2,1:37,Wings Full timeout
401736120,3,4:50,Official timeout
401736120,3,1:06,(01:06) [Wings] COACH'S CHALLENGE (CALL 
401736120,4,7:38,Storm Full timeout
401736120,4,5:04,Wings Full timeout
401736120,4,1:34,Storm Full timeout
401736120,4,28.2,Wings Full timeout
401736120,4,28.2,Storm timeout
401736120,4,27.0,Wings timeout
401736121,1,6:11,Sun Full timeout
401736121,1,2:46,Aces Full timeout
401736121,2,5:59,Official timeout
401736121,2,3:28,Sun Full timeout
401736121,4,6:27,Sun Full timeout
401736121,4,6:27,(06:27) [Aces] COACH'S CHALLENGE (CALL O
401736121,4,4:39,Sun Full timeout
401736122,1,4:22,Official timeout
401736122,2,9:23,Fever Full timeout
401736122,2,9:23,(09:23) [Fever] COACH'S CHALLENGE (CALL 
401736122,2,5:44,Fever Full timeout
401736122,2,5:44,(05:44) [Fever] COACH'S CHALLENGE (CALL 
401736122,2,51.1,(00:51.4) [Dream] COACH'S CHALLENGE (CAL
401736122,3,8:29,Fever Full timeout
401736122,4,7:24,Dream Full timeout
401736122,4,4:51,Dream Full timeout
401736122,4,2:22,Dream Full timeout
401736122,4,1:21,Dream Full timeout
401736122,4,1:16,Fever Full timeout
401736122,4,9.1,Fever timeout
401736123,1,6:00,Lynx Full timeout
401736123,1,2:46,Wings Full timeout
401736123,2,5:11,Official timeout
401736123,2,3:35,Wings Full timeout
401736123,4,5:33,Lynx Full timeout
401736123,4,3:32,Lynx Full timeout
401736123,4,3:14,Wings Full timeout
401736123,4,1:36,Wings timeout
401736123,4,1:24,Lynx Full timeout
401736123,4,1:15,Lynx timeout
401736123,4,45.0,Wings Full timeout
401736124,1,4:58,Official timeout
401736124,1,1:18,Golden State Valkyries Full timeout
401736124,2,5:49,Mystics Full timeout
401736124,2,2:58,Golden State Valkyries Full timeout
401736124,2,5.0,Golden State Valkyries Full timeout
401736124,2,5.0,(00:05) [Golden State Valkyries] COACH'S
401736124,3,4:41,Official timeout
401736124,3,1:14,Mystics Full timeout
401736124,4,5:36,Golden State Valkyries Full timeout
401736124,4,3:42,Mystics Full timeout
401736124,4,1:38,Mystics Full timeout
401736124,4,29.0,Mystics Full timeout
401736124,4,9.0,Mystics timeout
401736125,1,4:57,Official timeout
401736125,2,8:14,Sparks Full timeout
401736125,2,6:12,Mercury Full timeout
401736125,2,3:36,Mercury Full timeout
401736125,3,7:17,Sparks Full timeout
401736125,3,6:00,Mercury Full timeout
401736125,3,6:00,(06:00) [Mercury] COACH'S CHALLENGE (REP
401736125,3,1:09,Sparks Full timeout
401736125,4,5:49,Official timeout
401736125,4,2:35,Mercury Full timeout
401736125,4,40.0,Sparks Full timeout
401736125,4,40.0,(00:40.2) [Sparks] COACH'S CHALLENGE (RE
401736125,4,17.1,Sparks timeout
401736125,4,15.1,Mercury timeout
401736125,4,13.0,Sparks Full timeout
401736125,4,4.0,Mercury Full timeout
401736126,1,4:33,Official timeout
401736126,2,7:09,Dream Full timeout
401736126,2,6:19,Dream Full timeout
401736126,2,6:19,(06:19) [Dream] COACH'S CHALLENGE (REPLA
401736126,3,5:31,Fever Full timeout
401736126,4,7:23,Fever Full timeout
401736126,4,6:24,Fever Full timeout
401736126,4,6:24,(06:24) [Fever] COACH'S CHALLENGE (REPLA
401736126,4,58.0,Dream Full timeout
401736126,4,54.0,Fever Full timeout
401736126,4,21.0,Dream timeout
401736126,4,5.1,Dream Full timeout
401736127,1,4:42,Official timeout
401736127,2,8:00,Sky Full timeout
401736127,2,7:29,Liberty Full timeout
401736127,2,7:29,(07:29) [Liberty] COACH'S CHALLENGE (CAL
401736127,2,2:50,Sky Full timeout
401736127,3,8:40,Liberty Full timeout
401736127,4,5:50,Official timeout
401736127,4,3:12,Sky Full timeout
401736128,1,4:48,Lynx Full timeout
401736128,2,5:47,Official timeout
401736128,2,3:43,Lynx Full timeout
401736128,2,19.2,Sun Full timeout
401736128,3,4:57,Official timeout
401736128,3,4:05,Lynx Full timeout
401736128,4,7:29,Lynx Full timeout
401736128,4,7:29,(07:29) [Lynx] COACH'S CHALLENGE (REPLAY
401736128,4,4:33,Sun Full timeout
401736128,4,3:44,Sun Full timeout
401736128,4,1:04,Sun Full timeout
401736128,4,42.1,Lynx timeout
401736128,4,31.1,Sun Full timeout
401736128,4,23.0,Sun timeout
401736129,1,4:52,Official timeout
401736129,1,2:42,Mystics Full timeout
401736129,2,9:03,Aces Full timeout
401736129,2,3:16,Mystics Full timeout
401736129,3,6:15,Mystics Full timeout
401736129,3,4:21,Aces Full timeout
401736129,3,3:00,Mystics Full timeout
401736129,4,5:54,Aces Full timeout
401736129,4,3:49,Mystics Full timeout
401736129,4,2:01,Mystics Full timeout
401736129,4,1:15,Aces timeout
401736129,4,15.2,Aces Full timeout
401736129,4,11.1,Mystics timeout
401736129,4,7.1,Aces Full timeout
401736129,4,7.1,(00:07.3) [Aces] COACH'S CHALLENGE (CALL
401736130,1,6:36,Golden State Valkyries Full timeout
401736130,2,6:41,Sparks Full timeout
401736130,2,1:35,Official timeout
401736130,3,4:12,Official timeout
401736130,3,49.1,Sparks Full timeout
401736130,4,7:55,Golden State Valkyries Full timeout
401736130,4,4:08,Golden State Valkyries Full timeout
401736130,4,44.1,Sparks Full timeout
401736130,4,31.1,Sparks timeout
401736131,1,3:59,Official timeout
401736131,2,6:15,Mercury Full timeout
401736131,2,4:16,Storm Full timeout
401736131,3,4:39,Official timeout
401736131,4,6:42,Mercury Full timeout
401736131,4,6:02,Storm Full timeout
401736131,4,4:45,Storm Full timeout
401736131,4,3:06,Mercury Full timeout
401736131,4,1:09,Mercury Full timeout
401736131,4,31.1,Storm Full timeout
401736132,1,4:24,Official timeout
401736132,2,6:36,Fever Full timeout
401736132,2,2:50,Liberty Full timeout
401736132,2,1:20,Fever Full timeout
401736132,3,6:26,Official timeout
401736132,3,6:26,(06:26) [Fever] COACH'S CHALLENGE (CALL 
401736132,3,5:53,Liberty Full timeout
401736132,3,5:53,(05:53) [Liberty] COACH'S CHALLENGE (CAL
401736132,4,8:35,Liberty Full timeout
401736132,4,5:33,Fever Full timeout
401736132,4,1:33,Fever Full timeout
401736132,4,36.2,Fever Full timeout
401736132,4,7.1,Liberty Full timeout
401736132,4,2.2,Fever timeout
401736133,1,3:56,Official timeout
401736133,2,5:50,Dream Full timeout
401736133,2,2:33,Wings Full timeout
401736133,3,6:22,Wings Full timeout
401736133,4,7:58,Dream Full timeout
401736133,4,3:57,Wings Full timeout
401736133,4,1:06,Wings timeout
401736134,1,4:29,Official timeout
401736134,2,4:17,Sun Full timeout
401736134,3,5:54,Sun Full timeout
401736134,3,5:54,(05:54) [Sun] COACH'S CHALLENGE (CALL OV
401736134,3,3:54,Sun Full timeout
401736134,4,5:30,Dream Full timeout
401736134,4,2:46,Sun Full timeout
401736135,1,4:53,Official timeout
401736135,2,5:49,Sparks Full timeout
401736135,2,3:01,Sky Full timeout
401736135,2,2:04,(02:04) [Sky] COACH'S CHALLENGE (CALL OV
401736135,3,5:33,Sky Full timeout
401736135,3,3:58,Sky Full timeout
401736135,4,7:29,Sparks Full timeout
401736135,4,6:40,Sky Full timeout
401736135,4,51.1,Sky timeout
401736135,4,48.1,Sparks Full timeout
401736135,4,47.0,Sky Full timeout
401736136,1,2:22,Official timeout
401736136,2,5:46,Mercury Full timeout
401736136,2,5:00,Mystics Full timeout
401736136,2,3:24,Mercury Full timeout
401736136,3,7:22,Mystics Full timeout
401736136,4,5:48,Official timeout
401736136,4,4:22,Mercury Full timeout
401736136,4,3:59,Mystics Full timeout
401736136,4,2:07,Mystics Full timeout
401736136,4,32.1,Mercury Full timeout
401736136,4,32.1,Mystics Full timeout
401736136,4,14.1,Mystics timeout
401736137,1,4:57,Official timeout
401736137,1,4:08,Aces Full timeout
401736137,2,7:10,Storm Full timeout
401736137,2,6:18,Aces Full timeout
401736137,3,6:17,Aces Full timeout
401736137,3,4:22,Storm Full timeout
401736137,3,4:22,(04:22) [Storm] COACH'S CHALLENGE (REPLA
401736137,4,7:05,Storm Full timeout
401736137,4,4:09,Storm Full timeout
401736138,1,3:26,Official timeout
401736138,2,6:05,Sun Full timeout
401736138,2,3:34,Sun Full timeout
401736138,2,1:52,Wings Full timeout
401736138,2,23.1,Wings Full timeout
401736138,2,23.1,(00:23.8) [Wings] COACH'S CHALLENGE (CAL
401736138,3,4:53,Sun Full timeout
401736138,4,7:52,Sun Full timeout
401736138,4,2:48,Official timeout
401736138,4,1:15,Sun Full timeout
401736139,1,6:19,Golden State Valkyries Full timeout
401736139,2,4:50,Official timeout
401736139,2,2:51,Liberty Full timeout
401736139,3,5:33,Official timeout
401736139,3,1:31,(01:31) [Liberty] COACH'S CHALLENGE (CAL
401736139,4,7:02,Golden State Valkyries Full timeout
401736139,4,2:57,Official timeout
401736140,1,7:46,Storm Full timeout
401736140,2,5:18,Storm Full timeout
401736140,2,2:24,Official timeout
401736140,2,2:24,(02:24) [Lynx] COACH'S CHALLENGE (CALL O
401736140,2,1:24,Lynx Full timeout
401736140,3,4:10,Official timeout
401736140,4,5:58,Lynx Full timeout
401736140,4,2:26,Storm Full timeout
401736140,4,59.2,Storm timeout
401736140,4,27.1,Lynx Full timeout
401736140,4,25.0,Storm Full timeout
401736140,4,25.0,(00:25.1) [Storm] COACH'S CHALLENGE (CAL
401736140,4,18.0,Lynx timeout
401736140,4,14.1,Storm Full timeout
401736140,4,11.1,Lynx Full timeout
401736141,2,5:43,Sparks Full timeout
401736141,2,2:32,Dream Full timeout
401736141,3,8:28,Official timeout
401736141,3,8:28,(08:28) [Sparks] COACH'S CHALLENGE (CALL
401736141,3,6:28,(06:28) [Dream] COACH'S CHALLENGE (CALL 
401736141,3,3:45,Sparks Full timeout
401736141,4,8:28,Dream Full timeout
401736141,4,5:59,Dream Full timeout
401736141,4,5:59,(05:59) [Dream] COACH'S CHALLENGE (CALL 
401736141,4,1:53,Sparks Full timeout
401736141,4,1:09,Sparks Full timeout
401736141,4,1:09,(01:09) [Sparks] COACH'S CHALLENGE (CALL
401736141,4,23.1,Sparks timeout
401736142,1,3:18,Official timeout
401736142,2,6:32,Mercury Full timeout
401736142,2,5:08,Sky Full timeout
401736142,3,6:45,Mercury Full timeout
401736142,3,3:37,Sky Full timeout
401736142,3,2:13,(02:13) [Mercury] COACH'S CHALLENGE (CAL
401736142,4,6:58,Sky Full timeout
401736142,4,3:10,Mercury Full timeout
401736142,4,1:59,Sky Full timeout
401736142,4,55.1,Mercury Full timeout
401736142,4,52.1,Sky timeout
401736142,4,3.0,Mercury timeout
401736143,1,3:17,Official timeout
401736143,2,5:27,Fever Full timeout
401736143,2,5:27,(05:27) [Fever] COACH'S CHALLENGE (CALL 
401736143,2,2:41,Mystics Full timeout
401736143,3,4:52,Official timeout
401736143,3,3:19,Fever Full timeout
401736143,4,6:57,Fever Full timeout
401736143,4,3:55,Mystics Full timeout
401736143,4,48.1,Fever Full timeout
401736143,4,42.2,Fever timeout
401736143,4,26.1,Fever Full timeout
401736144,1,3:29,Official timeout
401736144,2,5:40,Liberty Full timeout
401736144,2,2:35,Golden State Valkyries Full timeout
401736144,2,1:10,Golden State Valkyries Full timeout
401736144,3,5:12,Liberty Full timeout
401736144,3,5:12,(05:12) [Liberty] COACH'S CHALLENGE (CAL
401736144,3,4:28,(04:28) [Golden State Valkyries] COACH'S
401736144,4,9:18,Golden State Valkyries Full timeout
401736144,4,3:54,Liberty Full timeout
401736144,4,42.1,Golden State Valkyries Full timeout
401736144,4,42.1,Liberty Full timeout
401736144,4,10.0,Golden State Valkyries Full timeout
401736144,4,4.1,Golden State Valkyries timeout
401736145,1,4:37,Official timeout
401736145,2,5:39,Sky Full timeout
401736145,2,3:19,Wings Full timeout
401736145,3,6:58,Official timeout
401736145,3,6:58,(06:58) [Sky] COACH'S CHALLENGE (CALL OV
401736145,3,4:53,Sky Full timeout
401736145,4,7:30,Wings Full timeout
401736145,4,5:41,Wings Full timeout
401736145,4,5:41,(05:41) [Wings] COACH'S CHALLENGE (CALL 
401736145,4,3:43,Sky Full timeout
401736145,4,1:16,Wings Full timeout
401736145,4,46.1,Wings Full timeout
401736145,4,32.1,Sky Full timeout
401736145,4,16.1,Wings timeout
401736145,4,12.0,Sky timeout
401736145,4,12.0,Sky Full timeout
401736146,1,5:42,Sun Full timeout
401736146,1,1:17,Fever Full timeout
401736146,2,5:41,Official timeout
401736146,2,3:40,Sun Full timeout
401736146,2,2:31,(02:31) [Sun] COACH'S CHALLENGE (CALL OV
401736146,3,6:43,Sun Full timeout
401736146,3,6:43,(06:43) [Sun] COACH'S CHALLENGE (REPLAY 
401736146,3,5:47,Fever Full timeout
401736146,4,9:33,Official timeout
401736371,1,4:47,Official timeout
401736371,1,3:17,Sparks Full timeout
401736371,2,6:59,Sparks Full timeout
401736371,2,4:06,Storm Full timeout
401736371,3,7:34,Storm Full timeout
401736371,4,7:19,Sparks Full timeout
401736371,4,3:26,Storm Full timeout
401736371,4,32.9,Storm Full timeout
401736371,4,21.3,Storm Full timeout
401736372,1,4:28,Official timeout
401736372,2,6:09,Liberty Full timeout
401736372,2,5:04,Golden State Valkyries Full timeout
401736372,2,2:23,Liberty Full timeout
401736372,3,4:58,Liberty Full timeout
401736372,3,3:06,Golden State Valkyries Full timeout
401736372,4,7:05,Golden State Valkyries Full timeout
401736372,4,7:05,(07:05) [Golden State Valkyries] COACH'S
401736372,4,2:55,Official timeout
401736372,4,2:34,(02:34) [Liberty] COACH'S CHALLENGE (CAL
401736372,4,59.6,Liberty Full timeout
401736373,1,4:17,Official timeout
401736373,2,5:44,Mercury Full timeout
401736373,2,2:16,Fever Full timeout
401736373,3,7:49,Mercury Full timeout
401736373,3,7:49,(07:49) [Mercury] COACH'S CHALLENGE (CAL
401736373,3,4:38,Fever Full timeout
401736373,4,8:13,(08:13) [Fever] COACH'S CHALLENGE (CALL 
401736373,4,8:13,Fever Full timeout
401736373,4,5:45,Mercury Full timeout
401736373,4,2:21,Fever Full timeout
401736373,4,46.1,Fever timeout
401736374,1,4:22,Official timeout
401736374,2,7:08,Sparks Full timeout
401736374,2,2:21,Dream Full timeout
401736374,3,3:17,Official timeout
401736374,4,7:21,Dream Full timeout
401736374,4,7:21,(07:21) [Dream] COACH'S CHALLENGE (REPLA
401736374,4,7:02,Sparks Full timeout
401736374,4,7:02,(07:02) [Sparks] COACH'S CHALLENGE (REPL
401736374,4,5:52,Sparks Full timeout
401736374,4,2:32,Dream Full timeout
401736375,1,8:18,Sun Full timeout
401736375,1,3:02,Sun Full timeout
401736375,2,5:49,Official timeout
401736375,2,5:05,Sky Full timeout
401736375,3,4:52,Official timeout
401736375,3,1:17,Sun Full timeout
401736375,4,6:19,Sky Full timeout
401736375,4,2:57,Sun Full timeout
401736376,1,4:49,Official timeout
401736376,2,7:41,Mercury Full timeout
401736376,2,2:41,Mystics Full timeout
401736376,3,5:54,Mercury Full timeout
401736376,3,2:48,(02:48) [Mystics] COACH'S CHALLENGE (CAL
401736376,4,5:43,Official timeout
401736376,4,5:14,Mystics Full timeout
401736376,4,5:14,(05:14) [Mystics] COACH'S CHALLENGE (CAL
401736376,4,3:40,Mystics Full timeout
401736376,4,3:02,Mercury Full timeout
401736376,4,1:06,Mercury Full timeout
401736376,4,17.7,Mystics timeout
401736377,1,8:31,Golden State Valkyries Full timeout
401736377,2,5:19,Official timeout
401736377,2,2:57,Wings Full timeout
401736377,3,4:58,Official timeout
401736377,3,3:44,Golden State Valkyries Full timeout
401736377,4,6:29,Wings Full timeout
401736377,4,3:34,Wings Full timeout
401736377,4,1:21,Golden State Valkyries Full timeout
401736377,4,22.3,Wings Full timeout
401736377,4,17.6,Golden State Valkyries Full timeout
401736377,4,15.0,Wings Full timeout
401736377,4,11.4,Wings timeout
401736377,4,7.7,Golden State Valkyries timeout
401736378,1,1:49,Aces Full timeout
401736378,2,5:01,Lynx Full timeout
401736378,2,2:31,Official timeout
401736378,3,8:22,Aces Full timeout
401736378,3,8:22,(08:22) [Aces] COACH'S CHALLENGE (CALL O
401736378,3,5:00,Lynx Full timeout
401736378,3,2:30,Aces Full timeout
401736378,4,5:38,Lynx Full timeout
401736378,4,4:42,Lynx Full timeout
401736378,4,1:18,Aces Full timeout
401736379,1,4:41,Official timeout
401736379,2,7:48,Sparks Full timeout
401736379,2,2:37,Dream Full timeout
401736379,3,5:14,Dream Full timeout
401736379,4,5:40,Official timeout
401736379,4,2:48,Sparks Full timeout
401736379,4,2:33,(02:33) [Dream] COACH'S CHALLENGE (CALL 
401736380,1,4:40,Official timeout
401736380,1,1:41,Sky Full timeout
401736380,2,5:35,Fever Full timeout
401736380,2,2:22,Sky Full timeout
401736380,3,9:07,Sky Full timeout
401736380,3,7:14,Fever Full timeout
401736380,3,10.7,(00:10.7) [Sky] COACH'S CHALLENGE (CALL 
401736380,4,7:25,Official timeout
401736380,4,7:25,(07:25) [Fever] COACH'S CHALLENGE (CALL 
401736380,4,4:31,Fever Full timeout
401736380,4,4:31,(04:31) [Fever] COACH'S CHALLENGE (CALL 
401736380,4,3:31,Sky Full timeout
401736381,1,4:10,Official timeout
401736381,2,7:03,Liberty Full timeout
401736381,2,2:21,Storm Full timeout
401736381,3,5:34,Liberty Full timeout
401736381,3,4:01,Storm Full timeout
401736381,4,7:15,Storm Full timeout
401736381,4,3:21,Liberty Full timeout
401736381,4,1:42,(01:42) [Liberty] COACH'S CHALLENGE (CAL
401736381,4,46.8,Liberty Full timeout
401736381,4,46.8,(00:46.8) [Liberty] COACH'S CHALLENGE (C
401736381,4,19.6,Storm Full timeout
401736381,4,16.2,Liberty timeout
401736381,4,13.8,Storm Full timeout
401736382,1,4:56,Official timeout
401736382,2,8:56,Sun Full timeout
401736382,2,2:56,Mercury Full timeout
401736382,3,4:36,Official timeout
401736382,4,7:54,Sun Full timeout
401736382,4,4:46,Mercury Full timeout
401736382,4,3:40,Sun Full timeout
401736382,4,3:24,Mercury Full timeout
401736382,4,1:26,Sun Full timeout
401736382,4,27.7,Mercury timeout
401736382,4,9.7,Mercury Full timeout
401736382,4,5.6,Sun Full timeout
401736382,4,3.7,Mercury Full timeout
401736383,1,4:43,Official timeout
401736383,2,3:49,Golden State Valkyries Full timeout
401736383,2,2:06,Lynx Full timeout
401736383,3,4:48,Golden State Valkyries Full timeout
401736383,3,1:09,(01:09) [Lynx] COACH'S CHALLENGE (CALL O
401736383,4,5:55,Official timeout
401736383,4,3:00,Lynx Full timeout
401736383,4,45.8,Lynx Full timeout
401736383,4,18.4,Golden State Valkyries Full timeout
401736384,1,4:31,Official timeout
401736384,2,5:16,Mystics Full timeout
401736384,2,1:32,Fever Full timeout
401736384,3,5:40,Fever Full timeout
401736384,3,2:41,Mystics Full timeout
401736384,4,7:44,Mystics Full timeout
401736384,4,3:20,Fever Full timeout
401736385,1,6:17,Wings Full timeout
401736385,2,5:40,Wings Full timeout
401736385,2,2:46,Official timeout
401736385,3,4:41,Official timeout
401736385,4,7:56,Wings Full timeout
401736385,4,6:53,Sparks Full timeout
401736386,1,7:28,Sky Full timeout
401736386,2,5:51,Official timeout
401736386,2,2:34,Official timeout
401736386,3,5:06,Sky Full timeout
401736386,3,4:53,(04:53) [Aces] COACH'S CHALLENGE (CALL O
401736386,3,2:35,Sky Full timeout
401736386,3,1:32,Aces Full timeout
401736386,4,4:56,Official timeout
401736386,4,1:35,Aces Full timeout
401736387,1,5:12,Sun Full timeout
401736387,2,5:55,(05:55) [Dream] COACH'S CHALLENGE (CALL 
401736387,2,2:26,Dream Full timeout
401736387,3,7:35,Dream Full timeout
401736387,3,4:48,Sun Full timeout
401736387,4,6:52,Sun Full timeout
401736387,4,2:58,Dream Full timeout
401736388,1,3:46,Official timeout
401736388,2,5:13,Liberty Full timeout
401736388,2,2:44,Mystics Full timeout
401736388,3,8:38,Liberty Full timeout
401736388,3,6:42,(06:42) [Mystics] COACH'S CHALLENGE (CAL
401736388,3,5:23,Mystics Full timeout
401736388,4,5:58,Official timeout
401736388,4,4:55,Liberty Full timeout
401736388,4,2:30,Mystics Full timeout
401736389,1,7:20,Lynx Full timeout
401736389,1,5:38,Fever Full timeout
401736389,2,5:54,Lynx Full timeout
401736389,2,2:55,Official timeout
401736389,3,8:41,Fever Full timeout
401736389,3,1:16,Lynx Full timeout
401736389,4,5:16,Fever Full timeout
401736389,4,2:45,Official timeout
401736389,4,1:47,Fever Full timeout
401736390,1,4:48,Official timeout
401736390,1,2:50,Sky Full timeout
401736390,2,7:47,Aces Full timeout
401736390,2,2:47,Sky Full timeout
401736390,2,49.5,Sky Full timeout
401736390,2,49.5,(00:49.5) [Sky] COACH'S CHALLENGE (CALL 
401736390,3,6:49,Aces Full timeout
401736390,3,6:49,(06:49) [Aces] COACH'S CHALLENGE (CALL O
401736390,3,4:33,Sky Full timeout
401736390,4,7:47,Aces Full timeout
401736390,4,4:29,Aces Full timeout
401736390,4,2:53,Sky Full timeout
401736391,1,4:34,Official timeout
401736391,2,6:34,Mercury Full timeout
401736391,2,2:40,Sparks Full timeout
401736391,3,7:49,Mercury Full timeout
401736391,3,6:51,Sparks Full timeout
401736391,3,3:16,Sparks Full timeout
401736391,4,6:43,Mercury Full timeout
401736391,4,2:56,Official timeout
401736391,4,1:01,Mercury Full timeout
401736391,4,20.9,Mercury timeout
401736392,1,3:25,Official timeout
401736392,1,3:03,(03:03) [Storm] COACH'S CHALLENGE (CALL 
401736392,2,7:30,Golden State Valkyries Full timeout
401736392,2,5:20,Storm Full timeout
401736392,3,6:08,Golden State Valkyries Full timeout
401736392,3,2:52,Storm Full timeout
401736392,4,8:42,Golden State Valkyries Full timeout
401736392,4,3:54,Golden State Valkyries Full timeout
401736392,4,41.4,Golden State Valkyries Full timeout
401736392,4,36.6,Storm Full timeout
401736392,4,18.5,Golden State Valkyries timeout
401736393,1,6:58,Sun Full timeout
401736393,2,6:40,Sun Full timeout
401736393,2,2:51,Official timeout
401736393,3,4:56,Official timeout
401736393,3,3:44,Dream Full timeout
401736393,3,3:11,Dream Full timeout
401736393,3,2:35,Sun Full timeout
401736393,4,6:16,Sun Full timeout
401736393,4,2:30,Dream Full timeout
401736394,1,6:53,Sky Full timeout
401736394,2,7:38,Liberty Full timeout
401736394,2,2:07,Official timeout
401736394,3,4:43,Official timeout
401736394,4,7:01,Sky Full timeout
401736394,4,5:13,Liberty Full timeout
401736394,4,3:16,Liberty Full timeout
401736395,1,5:56,Official timeout
401736395,1,5:56,(05:56) [Mercury] COACH'S CHALLENGE (CAL
401736395,2,6:06,Wings Full timeout
401736395,2,2:30,Mercury Full timeout
401736395,3,4:55,Wings Full timeout
401736395,3,4:55,(04:55) [Wings] COACH'S CHALLENGE (CALL 
401736395,4,8:47,Mercury Full timeout
401736395,4,5:36,Mercury Full timeout
401736396,1,4:53,Official timeout
401736396,2,4:51,Golden State Valkyries Full timeout
401736396,2,2:42,Lynx Full timeout
401736396,3,4:54,Lynx Full timeout
401736396,3,3:46,Golden State Valkyries Full timeout
401736396,4,8:36,Golden State Valkyries Full timeout
401736396,4,2:20,Official timeout
401736397,1,3:48,Sparks Full timeout
401736397,2,8:03,Aces Full timeout
401736397,2,2:38,Official timeout
401736397,3,3:58,Official timeout
401736397,3,2:16,(02:16) [Sparks] COACH'S CHALLENGE (CALL
401736397,4,6:39,Aces Full timeout
401736397,4,1:59,Sparks Full timeout
401820272,1,6:36,Lynx Full timeout
401820272,2,8:25,Golden State Valkyries Full timeout
401820272,2,2:42,Official timeout
401820272,3,8:02,Golden State Valkyries Full timeout
401820272,3,6:11,(06:11) [Golden State Valkyries] COACH'S
401820272,3,6:11,Golden State Valkyries Full timeout
401820272,4,5:59,Golden State Valkyries Full timeout
401820272,4,2:56,Official timeout
401820313,1,4:55,Official timeout
401820313,1,2:41,(02:41) [Fever] COACH'S CHALLENGE (CALL 
401820313,2,5:56,Dream Full timeout
401820313,2,4:43,Fever Full timeout
401820313,2,1:54,Fever Full timeout
401820313,2,1:54,(01:54) [Fever] COACH'S CHALLENGE (CALL 
401820313,3,7:39,Dream Full timeout
401820313,3,2:40,Fever Full timeout
401820313,4,6:34,Dream Full timeout
401820313,4,6:34,(06:34) [Dream] COACH'S CHALLENGE (REPLA
401820313,4,2:48,Official timeout
401820313,4,1:33,Fever Full timeout
401820313,4,30.6,Fever timeout
401820314,1,4:40,Mercury Full timeout
401820314,2,8:52,Liberty Full timeout
401820314,2,4:57,Liberty Full timeout
401820314,2,4:57,(04:57) [Liberty] COACH'S CHALLENGE (CAL
401820314,2,1:37,(01:37) [Mercury] COACH'S CHALLENGE (CAL
401820314,3,4:37,Official timeout
401820314,4,5:52,Mercury Full timeout
401820314,4,4:17,Mercury Full timeout
401820314,4,3:02,Liberty Full timeout
401820314,4,1:44,Liberty Full timeout
401820314,4,17.6,Mercury Full timeout
401820314,4,0.9,Liberty Full timeout
401820314,5,3:01,Liberty Full timeout
401820314,5,1:16,Liberty Full timeout
401820314,5,47.5,Mercury Full timeout
401820315,1,5:46,Storm Full timeout
401820315,2,5:09,Official timeout
401820315,2,2:29,Storm Full timeout
401820315,3,4:39,Aces Full timeout
401820315,3,3:25,Storm Full timeout
401820315,4,8:35,Storm Full timeout
401820315,4,8:03,Storm Full timeout
401820315,4,8:03,(08:03) [Storm] COACH'S CHALLENGE (CALL 
401820316,1,4:46,Official timeout
401820316,2,5:52,Fever Full timeout
401820316,2,4:06,Fever Full timeout
401820316,2,4:06,(04:06) [Fever] COACH'S CHALLENGE (CALL 
401820316,2,3:28,Dream Full timeout
401820316,2,3:28,(03:28) [Dream] COACH'S CHALLENGE (CALL 
401820316,3,4:59,Official timeout
401820316,3,3:12,Dream Full timeout
401820316,4,8:11,Dream Full timeout
401820316,4,4:28,Fever Full timeout
401820317,1,6:19,Aces Full timeout
401820317,1,4:05,Storm Full timeout
401820317,2,5:44,Official timeout
401820317,2,2:33,Storm Full timeout
401820317,3,3:54,Official timeout
401820317,3,3:11,Storm Full timeout
401820317,4,6:24,Storm Full timeout
401820317,4,6:24,(06:24) [Aces] COACH'S CHALLENGE (CALL O
401820317,4,5:48,Aces Full timeout
401820317,4,3:40,Aces Full timeout
401820317,4,31.0,Aces Full timeout
401820317,4,27.7,Storm Full timeout
401820317,4,4.2,Aces Full timeout
401820318,1,4:23,Official timeout
401820318,2,7:52,Liberty Full timeout
401820318,2,4:46,Liberty Full timeout
401820318,2,2:48,Liberty Full timeout
401820318,2,1:53,Mercury Full timeout
401820318,3,6:06,Liberty Full timeout
401820318,4,7:42,Liberty Full timeout
401820318,4,4:54,Mercury Full timeout
401820319,1,4:33,Official timeout
401820319,2,5:41,Golden State Valkyries Full timeout
401820319,2,3:17,Lynx Full timeout
401820319,3,9:33,Lynx Full timeout
401820319,3,9:33,(09:33) [Lynx] COACH'S CHALLENGE (CALL S
401820319,3,5:53,Golden State Valkyries Full timeout
401820319,4,7:12,Golden State Valkyries Full timeout
401820319,4,5:32,Lynx Full timeout
401820319,4,43.0,Lynx timeout
401820319,4,29.5,Golden State Valkyries Full timeout
401820319,4,4.0,Golden State Valkyries Full timeout
401820320,1,4:01,Official timeout
401820320,2,7:26,Fever Full timeout
401820320,2,2:48,Dream Full timeout
401820320,2,1:30,Fever Full timeout
401820320,2,1:30,(01:30) [Fever] COACH'S CHALLENGE (CALL 
401820320,3,7:19,Dream Full timeout
401820320,4,6:28,Dream Full timeout
401820320,4,6:28,(06:28) [Dream] COACH'S CHALLENGE (REPLA
401820320,4,3:50,Fever Full timeout
401820320,4,1:05,Fever Full timeout
401820320,4,7.4,Dream Full timeout
401820320,4,7.4,Dream Full timeout
401820320,4,1.2,Dream timeout
401820321,1,4:53,Official timeout
401820321,2,5:56,Aces Full timeout
401820321,2,4:07,Storm Full timeout
401820321,3,7:03,Aces Full timeout
401820321,4,6:35,Aces Full timeout
401820321,4,6:35,(06:35) [Aces] COACH'S CHALLENGE (CALL S
401820321,4,4:25,Storm Full timeout
401820321,4,1:14,Aces Full timeout
401820321,4,1:03,Storm Full timeout
401820321,4,18.7,Aces Full timeout
401820321,4,12.4,Storm Full timeout
401820324,1,8:46,Liberty Full timeout
401820324,1,3.6,(00:03.6) [Liberty] COACH'S CHALLENGE (C
401820324,2,7:27,Liberty Full timeout
401820324,2,2:55,Official timeout
401820324,3,6:35,Mercury Full timeout
401820324,4,6:34,Liberty Full timeout
401820324,4,4:27,Mercury Full timeout
401820324,4,3:18,Mercury Full timeout
401820324,4,1:15,Mercury Full timeout
401820324,4,1:13,Liberty timeout
401820324,4,56.3,Liberty Full timeout
401820324,4,32.8,Liberty Full timeout
401820327,1,5:48,Aces Full timeout
401820327,2,2:28,Official timeout
401820327,2,1:12,Fever Full timeout
401820327,2,1:12,(01:12) [Fever] COACH'S CHALLENGE (CALL 
401820327,3,8:02,Aces Full timeout
401820327,3,4:28,Fever Full timeout
401820327,4,5:58,Official timeout
401820327,4,3:01,Fever Full timeout
401820328,1,1:16,Official timeout
401820328,2,5:25,Lynx Full timeout
401820328,2,2:31,Mercury Full timeout
401820328,3,8:38,Mercury Full timeout
401820328,4,6:31,Mercury Full timeout
401820328,4,3:39,Lynx Full timeout
401820330,1,4:39,Mercury Full timeout
401820330,2,8:28,Mercury Full timeout
401820330,2,2:49,Official timeout
401820330,3,4:18,Official timeout
401820330,3,3:31,Lynx Full timeout
401820330,4,7:54,Mercury Full timeout
401820330,4,5:18,Lynx Full timeout
401820330,4,1:55,Mercury timeout
401820330,4,46.8,Lynx Full timeout
401820330,4,25.3,Lynx timeout
401820330,4,20.7,Mercury Full timeout
401820330,4,3.4,Lynx Full timeout
401820330,5,1:47,Lynx Full timeout
401820330,5,30.1,Mercury Full timeout
401820330,5,21.7,Lynx Full timeout
401820330,5,8.3,Mercury Full timeout
401820330,5,8.3,(00:08.3) [Mercury] COACH'S CHALLENGE (C
401820331,1,5:38,Aces Full timeout
401820331,1,5:38,(05:38) [Aces] COACH'S CHALLENGE (CALL O
401820331,1,2:19,Fever Full timeout
401820331,2,7:42,Fever Full timeout
401820331,2,3:57,Aces Full timeout
401820331,3,9:15,Aces Full timeout
401820331,3,4:27,Fever Full timeout
401820331,3,1:21,Fever Full timeout
401820331,4,6:55,Fever Full timeout
401820331,4,2:41,Official timeout
401820334,1,4:42,Official timeout
401820334,2,5:38,Fever Full timeout
401820334,2,3:48,Aces Full timeout
401820334,2,1:19,Aces Full timeout
401820334,3,4:47,Official timeout
401820334,4,5:37,Fever Full timeout
401820334,4,5:37,(05:37) [Aces] COACH'S CHALLENGE (CALL O
401820334,4,4:21,Fever Full timeout
401820334,4,3:15,Aces Full timeout
401820334,4,1:16,Fever Full timeout
401820334,4,34.4,Aces Full timeout
401820334,4,31.7,Fever timeout
401820333,1,3:57,Mercury Full timeout
401820333,2,5:45,Lynx Full timeout
401820333,2,2:59,Official timeout
401820333,3,4:38,Official timeout
401820333,4,7:10,Lynx Full timeout
401820333,4,6:14,Mercury Full timeout
401820333,4,6:14,(06:14) [Mercury] COACH'S CHALLENGE (REP
401820333,4,3:31,Mercury Full timeout
401820333,4,2:33,(02:33) [Lynx] COACH'S CHALLENGE (CALL O
401820333,4,28.0,Lynx timeout
401820333,4,21.8,Lynx Full timeout
401820337,1,4:13,Official timeout
401820337,2,5:59,Fever Full timeout
401820337,2,5:09,Aces Full timeout
401820337,2,59.5,Aces Full timeout
401820337,3,9:00,Fever Full timeout
401820337,3,6:47,(06:47) [Aces] COACH'S CHALLENGE (CALL O
401820337,4,8:33,Fever Full timeout
401820337,4,8:33,(08:33) [Fever] COACH'S CHALLENGE (CALL 
401820337,4,3:26,Aces Full timeout
401820337,4,2:54,Aces Full timeout
401820337,4,2:54,(02:54) [Aces] COACH'S CHALLENGE (CALL O
401820337,4,1:10,Fever Full timeout
401820337,4,44.5,Aces Full timeout
401820337,4,36.6,Aces timeout
401820337,4,30.1,excess timeout technical foul
401820337,4,30.1,excess timeout turnover
401820338,1,6:19,Mercury Full timeout
401820338,2,5:58,Lynx Full timeout
401820338,2,1:32,Official timeout
401820338,3,3:59,Official timeout
401820338,4,8:09,Lynx Full timeout
401820338,4,4:46,Lynx Full timeout
401820338,4,3:51,Mercury Full timeout
401820338,4,3:06,Mercury Full timeout
401820338,4,42.3,Lynx Full timeout
401820338,4,30.6,Mercury Full timeout
401820338,4,27.0,Lynx Full timeout
401820338,4,21.7,Mercury timeout
401820338,4,9.0,Lynx timeout
401820338,4,5.2,Mercury Full timeout
401820340,1,4:26,Aces Full timeout
401820340,1,1:57,Aces Full timeout
401820340,1,1:57,(01:57) [Aces] COACH'S CHALLENGE (CALL S
401820340,2,5:56,Official timeout
401820340,2,1:33,Fever Full timeout
401820340,3,6:20,Fever Full timeout
401820340,3,5:05,Fever Full timeout
401820340,4,8:20,Aces Full timeout
401820340,4,2:30,Official timeout
401820340,4,52.0,Aces timeout
401820340,4,32.2,Aces Full timeout
401820340,4,27.1,(00:27.1) [Fever] COACH'S CHALLENGE (CAL
401820340,4,27.1,Fever timeout
401820340,4,26.4,Fever Full timeout
401820340,4,22.5,Aces Full timeout
401820340,5,1:09,Fever Full timeout
401820340,5,22.6,Aces Full timeout
401820340,5,12.0,Fever Full timeout
401820340,5,9.0,Aces timeout
401820340,5,5.1,Fever timeout
401820322,1,6:39,Aces Full timeout
401820322,2,4:04,Mercury Full timeout
401820322,2,2:30,Official timeout
401820322,3,4:30,Aces Full timeout
401820322,4,7:55,Mercury Full timeout
401820322,4,4:21,Aces Full timeout
401820322,4,3:37,Mercury Full timeout
401820322,4,24.6,Aces Full timeout
401820322,4,24.6,(00:24.6) [Aces] COACH'S CHALLENGE (CALL
401820322,4,13.5,Mercury Full timeout
401820325,1,4:45,Official timeout
401820325,1,3:17,Mercury Full timeout
401820325,2,4:19,Mercury Full timeout
401820325,2,1:30,Aces Full timeout
401820325,3,6:15,Aces Full timeout
401820325,4,8:44,Mercury Full timeout
401820325,4,7:39,Aces Full timeout
401820325,4,7:39,(07:39) [Aces] COACH'S CHALLENGE (CALL S
401820325,4,5:44,Mercury Full timeout
401820325,4,1:40,Mercury Full timeout
401820325,4,1:40,(01:40) [Mercury] COACH'S CHALLENGE (CAL
401820326,1,5:10,Mercury Full timeout
401820326,1,2:09,Aces Full timeout
401820326,2,6:57,Mercury Full timeout
401820326,2,4:03,Aces Full timeout
401820326,2,4:03,(04:03) [Aces] COACH'S CHALLENGE (CALL S
401820326,2,2:48,Aces Full timeout
401820326,3,4:20,Official timeout
401820326,4,5:55,Official timeout
401820326,4,3:05,Aces Full timeout
401820326,4,1:57,(01:57) [Mercury] COACH'S CHALLENGE (CAL
401820326,4,5.0,Aces Full timeout
401820326,4,0.3,Mercury Full timeout
401820329,1,4:56,Official timeout
401820329,2,8:22,Mercury Full timeout
401820329,2,4:06,Mercury Full timeout
401820329,2,4:06,(04:06) [Mercury] COACH'S CHALLENGE (CAL
401820329,3,6:51,Aces Full timeout
401820329,4,7:56,Aces Full timeout
401820329,4,3:20,Mercury Full timeout
401820329,4,3:20,Aces Full timeout
401820329,4,53.6,Aces Full timeout
401820329,4,40.7,Mercury Full timeout
401820329,4,20.5,Aces Full timeout
401820329,4,12.3,Mercury timeout
401867793,1,4:56,Official timeout
401867793,1,1:39,Tempo Full timeout
401867793,2,5:13,Lynx Full timeout
401867793,2,2:00,Official timeout
401867793,3,4:53,Official timeout
401867793,3,3:22,Tempo Full timeout
401867793,3,2:20,Lynx Full timeout
401867793,4,7:04,Lynx Full timeout
401867793,4,2:23,Tempo Full timeout
401867793,4,1:52,Lynx Full timeout
401867793,4,1:52,(01:52) [Lynx] COACH'S CHALLENGE (REPLAY
401867793,4,1:07,Lynx Full timeout
401867793,4,1:04,Tempo timeout
401867793,4,52.1,Lynx timeout
401867793,4,26.3,Tempo Full timeout
401867794,1,6:53,Nigeria Full timeout
401867794,1,1:18,Fever Full timeout
401867794,2,8:29,Nigeria Full timeout
401867794,2,2:43,Official timeout
401867794,2,1:28,Nigeria Full timeout
401867794,2,1:28,(01:28) [Nigeria] COACH'S CHALLENGE (CAL
401867794,3,8:22,Official timeout
401867794,3,8:22,(08:22) [Fever] COACH'S CHALLENGE (CALL 
401867794,3,5:38,Fever Full timeout
401867794,4,5:45,Fever Full timeout
401867794,4,3:32,Fever Full timeout
401867795,1,4:38,Official timeout
401867795,2,5:58,Dream Full timeout
401867795,2,2:43,Mystics Full timeout
401867795,3,4:01,Official timeout
401867795,3,3:01,Dream Full timeout
401867795,4,5:18,Dream Full timeout
401867795,4,2:35,Mystics Full timeout
401866519,1,4:25,Official timeout
401866519,2,7:08,Sun Full timeout
401866519,2,3:02,Liberty Full timeout
401866519,3,8:41,Liberty Full timeout
401866519,3,8:41,(08:41) [Liberty] COACH'S CHALLENGE (CAL
401866519,3,7:23,Liberty Full timeout
401866519,3,6:43,Sun Full timeout
401866519,4,6:37,Sun Full timeout
401866519,4,2:39,Official timeout
401866520,1,4:45,Official timeout
401866520,1,5.3,Aces Full timeout
401866520,2,6:24,Wings Full timeout
401866520,2,2:54,Aces Full timeout
401866520,3,7:54,Aces Full timeout
401866520,3,4:06,Aces Full timeout
401866520,3,4:06,(04:06) [Aces] COACH'S CHALLENGE (REPLAY
401866520,4,5:48,Official timeout
401866520,4,2:54,Wings Full timeout
401866521,1,4:59,Official timeout
401866521,2,5:34,Fire Full timeout
401866521,2,2:53,Sparks Full timeout
401866521,3,8:19,Sparks Full timeout
401866521,4,7:38,Sparks Full timeout
401866521,4,6:16,Fire Full timeout
401866521,4,6:16,(06:16) [Fire] COACH'S CHALLENGE (CALL S
401866521,4,3:25,(03:25) [Sparks] COACH'S CHALLENGE (CALL
401856890,1,7:55,Sun Full timeout
401856890,1,1:53,Liberty Full timeout
401856890,2,7:38,Official timeout
401856890,2,7:38,(07:38) [Liberty] COACH'S CHALLENGE (CAL
401856890,2,5:34,Sun Full timeout
401856890,3,8:07,Liberty Full timeout
401856890,3,5:10,Sun Full timeout
401856890,4,5:10,Liberty Full timeout
401856890,4,3:15,Liberty Full timeout
401856891,1,5:22,Tempo Full timeout
401856891,2,5:31,Official timeout
401856891,2,2:28,Mystics Full timeout
401856891,3,5:19,Tempo Full timeout
401856891,3,2:48,Mystics Full timeout
401856891,3,2:48,(02:48) [Mystics] COACH'S CHALLENGE (REP
401856891,4,5:55,Official timeout
401856891,4,4:18,Mystics Full timeout
401856891,4,3:30,Tempo Full timeout
401856891,4,2:25,Mystics Full timeout
401856891,4,1:24,Tempo Full timeout
401856891,4,32.1,Mystics Full timeout
401856891,4,18.2,Tempo Full timeout
401856891,4,18.2,(00:18.2) [Tempo] COACH'S CHALLENGE (REP
401856891,4,18.2,Tempo timeout
401856892,1,5:39,Official timeout
401856892,1,5:39,(05:39) [Storm] COACH'S CHALLENGE (CALL 
401856892,2,5:13,Storm Full timeout
401856892,2,2:57,Golden State Valkyries Full timeout
401856892,3,4:23,Official timeout
401856892,3,1:19,Storm Full timeout
401856892,3,1:19,(01:19) [Storm] COACH'S CHALLENGE (CALL 
401856892,4,8:15,Golden State Valkyries Full timeout
401856892,4,8:15,(08:15) [Golden State Valkyries] COACH'S
401856892,4,2:37,Storm Full timeout
401856892,4,38.7,Storm Full timeout
401856893,1,3:58,Official timeout
401856893,2,5:33,Fever Full timeout
401856893,2,4:35,Wings Full timeout
401856893,2,4:35,(04:35) [Wings] COACH'S CHALLENGE (CALL 
401856893,3,4:48,Wings Full timeout
401856893,3,3:01,Fever Full timeout
401856893,4,8:57,Fever Full timeout
401856893,4,8:48,Fever Full timeout
401856893,4,8:48,(08:48) [Fever] COACH'S CHALLENGE (CALL 
401856893,4,7:11,Wings Full timeout
401856893,4,1:32,Wings Full timeout
401856893,4,35.7,Fever timeout
401856893,4,28.0,Wings Full timeout
401856893,4,1.3,Fever Full timeout
401856894,1,4:37,Official timeout
401856894,1,2:16,Aces Full timeout
401856894,2,5:46,Aces Full timeout
401856894,2,2:52,Mercury Full timeout
401856894,2,1:23,(01:23) [Mercury] COACH'S CHALLENGE (CAL
401856894,3,4:58,Official timeout
401856894,3,3:33,Aces Full timeout
401856894,4,7:41,Mercury Full timeout
401856894,4,5:46,Mercury Full timeout
401856899,1,3:53,Official timeout
401856899,2,6:12,Lynx Full timeout
401856899,2,3:54,Dream Full timeout
401856899,2,58.4,(00:58.4) [Dream] COACH'S CHALLENGE (REP
401856899,2,58.4,Dream Full timeout
401856899,3,7:53,Lynx Full timeout
401856899,4,5:35,Official timeout
401856899,4,5:35,(05:35) [Lynx] COACH'S CHALLENGE (CALL O
401856899,4,4:19,(04:19) [Lynx] COACH'S CHALLENGE (CALL O
401856899,4,4:19,Lynx Full timeout
401856899,4,1:24,Lynx Full timeout
401856899,4,59.2,Lynx timeout
401856899,4,22.7,Dream Full timeout
401856899,4,11.3,Lynx Full timeout
401856895,1,4:26,Official timeout
401856895,2,8:12,Fire Full timeout
401856895,2,1:58,Sky Full timeout
401856895,3,7:58,Sky Full timeout
401856895,4,6:35,Fire Full timeout
401856895,4,6:35,(06:35) [Fire] COACH'S CHALLENGE (CALL S
401856895,4,4:46,Fire Full timeout
401856895,4,4:02,Sky Full timeout
401856896,1,4:10,Official timeout
401856896,2,6:56,Sun Full timeout
401856896,2,4:40,Storm Full timeout
401856896,3,4:21,Official timeout
401856896,3,3:19,Sun Full timeout
401856896,4,5:59,Sun Full timeout
401856896,4,3:30,Storm Full timeout
401856896,4,1:07,Sun Full timeout
401856896,4,41.4,Storm Full timeout
401856896,4,36.2,Sun Full timeout
401856897,1,4:22,Official timeout
401856897,2,5:04,Mystics Full timeout
401856897,2,2:29,Liberty Full timeout
401856897,2,1:52,Mystics Full timeout
401856897,2,1:52,(01:52) [Mystics] COACH'S CHALLENGE (CAL
401856897,3,7:58,Mystics Full timeout
401856897,3,6:26,Liberty Full timeout
401856897,3,5:27,(05:27) [Liberty] COACH'S CHALLENGE (CAL
401856897,4,4:20,Official timeout
401856897,4,3:25,Liberty Full timeout
401856897,4,3:25,(03:25) [Liberty] COACH'S CHALLENGE (CAL
401856897,4,1:32,Mystics Full timeout
401856897,4,38.2,Mystics Full timeout
401856897,4,15.7,Liberty Full timeout
401856897,5,1:58,Mystics Full timeout
401856897,5,33.5,Liberty Full timeout
401856897,5,29.6,Mystics Full timeout
401856898,1,4:25,Official timeout
401856898,2,7:15,Aces Full timeout
401856898,2,2:45,Sparks Full timeout
401856898,3,6:07,Sparks Full timeout
401856898,3,39.0,Aces Full timeout
401856898,4,6:34,Sparks Full timeout
401856898,4,3:38,Aces Full timeout
401856900,1,4:10,Official timeout
401856900,2,6:17,Mercury Full timeout
401856900,2,4:02,Mercury Full timeout
401856900,3,8:04,Golden State Valkyries Full timeout
401856900,3,52.3,Mercury Full timeout
401856900,4,7:34,Golden State Valkyries Full timeout
401856900,4,5:18,Mercury Full timeout
401856900,4,4:03,Mercury Full timeout
401856900,4,4:03,(04:03) [Mercury] COACH'S CHALLENGE (CAL
401856901,1,4:56,Official timeout
401856901,2,6:25,Dream Full timeout
401856901,2,2:09,Wings Full timeout
401856901,3,4:54,Official timeout
401856901,3,20.8,Wings Full timeout
401856901,3,11.7,Official timeout
401856901,3,11.7,(00:11.7) [Dream] COACH'S CHALLENGE (CAL
401856901,4,8:38,Wings Full timeout
401856901,4,7:35,Dream Full timeout
401856901,4,7:35,(07:35) [Dream] COACH'S CHALLENGE (CALL 
401856901,4,3:14,Dream Full timeout
401856902,1,4:57,Official timeout
401856902,2,8:54,Lynx Full timeout
401856902,2,2:49,Mercury Full timeout
401856902,3,7:15,Mercury Full timeout
401856902,3,5:23,Lynx Full timeout
401856902,4,5:44,Lynx Full timeout
401856902,4,3:16,Mercury Full timeout
401856902,4,25.6,Mercury Full timeout
401856902,4,12.8,Mercury timeout
401856902,4,7.0,Lynx timeout
401856903,1,4:49,Official timeout
401856903,2,7:51,Liberty Full timeout
401856903,2,3:49,Fire Full timeout
401856903,3,7:20,Liberty Full timeout
401856903,3,20.6,Fire Full timeout
401856903,4,5:51,Official timeout
401856903,4,3:06,Liberty Full timeout
401856903,4,2:33,(02:33) [Fire] COACH'S CHALLENGE (CALL O
401856903,4,51.2,Liberty Full timeout
401856903,4,42.9,Fire Full timeout
401856903,4,27.1,Liberty Full timeout
401856903,4,13.8,Fire timeout
401856904,1,4:41,Official timeout
401856904,2,7:04,Storm Full timeout
401856904,2,3:14,Tempo Full timeout
401856904,3,7:00,Storm Full timeout
401856904,4,6:29,Tempo Full timeout
401856904,4,4:00,Storm Full timeout
401856904,4,3:13,Tempo Full timeout
401856905,1,4:52,Official timeout
401856905,1,3:34,Sun Full timeout
401856905,2,5:45,(05:45) [Aces] COACH'S CHALLENGE (REPLAY
401856905,2,5:45,Aces Full timeout
401856905,2,2:51,Sun Full timeout
401856905,3,4:35,Official timeout
401856905,3,2:33,Sun Full timeout
401856905,4,8:24,Sun Full timeout
401856905,4,4:24,Aces Full timeout
401856905,4,4:24,Official timeout
401856906,1,5:26,Sky Full timeout
401856906,1,1:24,(01:24) [Golden State Valkyries] COACH'S
401856906,2,5:42,Official timeout
401856906,2,3:03,Golden State Valkyries Full timeout
401856906,3,4:51,Official timeout
401856906,4,7:54,Sky Full timeout
401856906,4,2:57,Official timeout
401856906,4,46.7,Golden State Valkyries Full timeout
401856906,4,30.2,Sky timeout
401856906,4,23.8,Golden State Valkyries timeout
401856906,4,21.2,(00:21.2) [Sky] COACH'S CHALLENGE (CALL 
401856907,1,4:38,Official timeout
401856907,2,5:24,Sparks Full timeout
401856907,2,2:55,Fever Full timeout
401856907,3,9:02,Fever Full timeout
401856907,3,9:02,(09:02) [Fever] COACH'S CHALLENGE (CALL 
401856907,3,7:31,Sparks Full timeout
401856907,3,3:31,Sparks Full timeout
401856907,3,3:31,(03:31) [Sparks] COACH'S CHALLENGE (CALL
401856907,4,7:49,Fever Full timeout
401856907,4,3:32,Fever Full timeout
401856907,4,1:23,Fever Full timeout
401856908,1,5:48,Lynx Full timeout
401856908,2,5:27,Official timeout
401856908,2,2:28,Wings Full timeout
401856908,3,5:24,Wings Full timeout
401856908,3,3:31,Lynx Full timeout
401856908,4,5:44,Official timeout
401856908,4,4:25,Wings Full timeout
401856908,4,4:25,(04:25) [Wings] COACH'S CHALLENGE (CALL 
401856908,4,1:18,Wings Full timeout
401856908,4,26.9,Lynx timeout
401856908,4,20.3,Lynx Full timeout
401856908,4,17.1,Wings timeout
401856908,4,13.1,Lynx Full timeout
401856908,4,13.1,(00:13.1) [Lynx] COACH'S CHALLENGE (REPL
401856908,4,13.1,Wings Full timeout
401856909,1,5:38,Liberty Full timeout
401856909,2,7:49,Official timeout
401856909,2,7:49,(07:49) [Liberty] COACH'S CHALLENGE (CAL
401856909,2,5:15,Fire Full timeout
401856909,3,6:30,Fire Full timeout
401856909,3,4:02,Fire Full timeout
401856909,3,46.5,Liberty Full timeout
401856909,4,6:52,Liberty Full timeout
401856909,4,4:02,Liberty Full timeout
401856909,4,1:32,Liberty Full timeout
401856909,4,1:32,(01:32) [Liberty] COACH'S CHALLENGE (CAL
401856910,1,6:30,Sun Full timeout
401856910,2,7:42,Aces Full timeout
401856910,2,2:21,Official timeout
401856910,3,4:59,Official timeout
401856910,3,3:59,Sun Full timeout
401856910,3,2:48,Aces Full timeout
401856910,3,1:11,Aces Full timeout
401856910,4,8:02,Sun Full timeout
401856910,4,6:28,Aces Full timeout
401856910,4,6:28,(06:28) [Aces] COACH'S CHALLENGE (REPLAY
401856910,4,3:01,Sun Full timeout
401856911,1,4:12,Official timeout
401856911,2,8:30,Fever Full timeout
401856911,2,2:10,Mystics Full timeout
401856911,3,7:34,Fever Full timeout
401856911,3,3:18,Mystics Full timeout
401856911,3,1:37,Fever Full timeout
401856911,4,7:39,Mystics Full timeout
401856911,4,3:15,Official timeout
401856911,4,3:15,(03:15) [Mystics] COACH'S CHALLENGE (CAL
401856911,4,1:41,Fever Full timeout
401856911,4,1:41,(01:41) [Fever] COACH'S CHALLENGE (CALL 
401856911,4,50.5,Fever timeout
401856911,4,28.5,Mystics Full timeout
401856911,4,24.0,Mystics Full timeout
401856911,4,5.8,Mystics timeout
401856911,4,5.1,Fever Full timeout
401856911,5,1:29,Fever Full timeout
401856911,5,23.7,Fever Full timeout
401856911,5,11.3,Fever timeout
401856911,5,5.4,Mystics timeout
401856912,1,8:08,Tempo Full timeout
401856912,2,5:57,Official timeout
401856912,2,3:18,Tempo Full timeout
401856912,3,6:19,Tempo Full timeout
401856912,4,5:43,(05:43) [Sparks] COACH'S CHALLENGE (CALL
401856912,4,2:49,Sparks Full timeout
401856912,4,1:02,Tempo Full timeout
401856912,4,55.3,Sparks Full timeout
401856912,4,31.0,Tempo timeout
401856912,4,13.8,Tempo Full timeout
401856913,1,4:30,Official timeout
401856913,2,5:36,Mercury Full timeout
401856913,2,2:21,Sky Full timeout
401856913,3,4:43,Official timeout
401856913,4,7:47,Mercury Full timeout
401856913,4,4:30,Sky Full timeout
401856913,4,3:10,Mercury Full timeout
401856913,4,1:37,Sky Full timeout
401856913,4,46.5,Sky Full timeout
401856913,4,34.7,Mercury Full timeout
401856913,4,27.1,Sky timeout
401856915,1,4:48,Dream Full timeout
401856915,2,8:24,Dream Full timeout
401856915,2,2:34,(02:34) [Aces] COACH'S CHALLENGE (CALL S
401856915,2,2:34,Aces Full timeout
401856915,3,4:44,Official timeout
401856915,3,1:22,Aces Full timeout
401856915,4,5:21,Dream Full timeout
401856915,4,3:54,Aces Full timeout
401856915,4,2:30,Dream Full timeout
401856915,4,48.6,Aces Full timeout
401856915,4,22.6,Aces Full timeout
401856915,4,3.6,Dream Full timeout
401856915,4,3.6,Dream timeout
401856916,1,5:35,Storm Full timeout
401856916,2,6:24,Fever Full timeout
401856916,2,2:49,Official timeout
401856916,3,5:32,Storm Full timeout
401856916,4,6:23,Fever Full timeout
401856916,4,4:12,Fever Full timeout
401856916,4,2:23,Fever Full timeout
401856914,1,7:10,Sky Full timeout
401856914,2,8:12,Lynx Full timeout
401856914,2,5:24,Sky Full timeout
401856914,3,5:58,Lynx Full timeout
401856914,3,2:36,Sky Full timeout
401856914,3,2:16,(02:16) [Sky] COACH'S CHALLENGE (CALL OV
401856914,4,5:41,Lynx Full timeout
401856914,4,2:29,Official timeout
401856914,4,1:39,Sky Full timeout
401856914,4,1:09,Lynx timeout
401856914,4,44.0,Sky Full timeout
401856914,4,18.2,Sky timeout
401856914,4,16.5,Lynx Full timeout
401856914,4,10.8,Lynx Full timeout
401856917,1,4:33,Official timeout
401856917,2,6:40,Sparks Full timeout
401856917,2,2:41,Tempo Full timeout
401856917,3,4:53,Official timeout
401856917,3,3:16,Sparks Full timeout
401856917,3,3:16,(03:16) [Sparks] COACH'S CHALLENGE (CALL
401856917,4,7:58,Tempo Full timeout
401856917,4,3:36,Tempo Full timeout
401856917,4,1:28,Sparks timeout
401856918,1,4:20,Official timeout
401856918,1,3:13,Mystics Full timeout
401856918,2,6:06,Wings Full timeout
401856918,2,1:25,Mystics Full timeout
401856918,3,4:16,Official timeout
401856918,3,41.4,(00:41.4) [Wings] COACH'S CHALLENGE (CAL
401856918,4,5:54,Wings Full timeout
401856918,4,2:57,Mystics Full timeout
401856919,1,4:46,Official timeout
401856919,2,5:38,Fire Full timeout
401856919,2,2:58,Sun Full timeout
401856919,3,4:48,Official timeout
401856919,3,2:09,Sun Full timeout
401856919,4,5:34,Fire Full timeout
401856919,4,3:08,Sun Full timeout
401856919,4,3:08,(03:08) [Fire] COACH'S CHALLENGE (CALL O
401856919,4,43.9,Sun Full timeout
401856919,4,31.3,Fire timeout
401856919,4,22.6,Sun Full timeout
401856919,4,9.7,Sun timeout
401856919,4,1.9,Fire Full timeout
401856920,1,4:37,Official timeout
401856920,2,5:39,Tempo Full timeout
401856920,2,2:18,Mercury Full timeout
401856920,3,4:59,Official timeout
401856920,3,52.9,Mercury Full timeout
401856920,4,6:50,Mercury Full timeout
401856920,4,4:26,Tempo Full timeout
401856920,4,3:26,Tempo Full timeout
401856920,4,53.0,Mercury timeout
401856920,4,46.0,Tempo Full timeout
401856920,4,36.3,Mercury Full timeout
401856921,1,4:39,Official timeout
401856921,2,7:52,Fire Full timeout
401856921,2,2:30,Fever Full timeout
401856921,3,5:52,Fever Full timeout
401856921,3,46.1,Fire Full timeout
401856921,4,7:31,Official timeout
401856921,4,7:31,(07:31) [Fire] COACH'S CHALLENGE (CALL O
401856921,4,7:00,Fire Full timeout
401856921,4,7:00,(07:00) [Fire] COACH'S CHALLENGE (CALL S
401856921,4,3:18,Fever Full timeout
401856922,1,4:53,Official timeout
401856922,2,6:45,Wings Full timeout
401856922,2,4:19,Sky Full timeout
401856922,3,4:58,Official timeout
401856922,3,51.6,Sky Full timeout
401856922,4,5:50,Sky Full timeout
401856922,4,3:13,Wings Full timeout
401856922,4,1:42,Sky Full timeout
401856922,4,37.8,Sky Full timeout
401856923,1,6:49,Sun Full timeout
401856923,2,5:29,Official timeout
401856923,2,1:02,Storm Full timeout
401856923,3,6:01,Storm Full timeout
401856923,4,6:31,Sun Full timeout
401856923,4,4:33,Storm Full timeout
401856923,4,3:11,Sun Full timeout
401856923,4,59.0,Sun Full timeout
401856923,4,40.8,Sun Full timeout
401856923,4,31.9,Storm timeout
401856923,4,2.8,Storm Full timeout
401856924,1,4:50,Official timeout
401856924,1,2:56,Liberty Full timeout
401856924,2,7:34,Golden State Valkyries Full timeout
401856924,2,2:53,Liberty Full timeout
401856924,3,4:42,Official timeout
401856924,3,1:33,(01:33) [Golden State Valkyries] COACH'S
401856924,4,5:50,Liberty Full timeout
401856924,4,3:36,Golden State Valkyries Full timeout
401856925,1,4:55,Official timeout
401856925,1,2:15,Tempo Full timeout
401856925,2,6:55,Tempo Full timeout
401856925,2,2:22,Lynx Full timeout
401856925,3,4:42,Official timeout
401856925,3,3:36,(03:36) [Lynx] COACH'S CHALLENGE (CALL O
401856925,3,2:55,Tempo Full timeout
401856925,4,8:35,Lynx Full timeout
401856925,4,8:35,(08:35) [Lynx] COACH'S CHALLENGE (CALL O
401856925,4,7:47,Tempo Full timeout
401856925,4,7:47,(07:47) [Tempo] COACH'S CHALLENGE (CALL 
401856925,4,36.2,Tempo Full timeout
401856926,1,4:51,Official timeout
401856926,2,6:50,Mercury Full timeout
401856926,2,2:47,Sparks Full timeout
401856926,3,5:46,Sparks Full timeout
401856926,3,2:30,Mercury Full timeout
401856926,3,23.5,(00:23.5) [Sparks] COACH'S CHALLENGE (CA
401856926,4,5:50,Official timeout
401856926,4,3:43,Sparks Full timeout
401856926,4,3:38,Mercury Full timeout
401856926,4,1:24,Mercury Full timeout
401856926,4,30.3,Sparks timeout
401856927,1,4:42,Wings Full timeout
401856927,2,8:53,Dream Full timeout
401856927,2,2:56,Wings Full timeout
401856927,2,3.6,Dream Full timeout
401856927,2,3.6,(00:03.6) [Dream] COACH'S CHALLENGE (REP
401856927,3,7:09,Dream Full timeout
401856927,3,6:22,Wings Full timeout
401856927,4,7:35,Dream Full timeout
401856927,4,6:18,Wings Full timeout
401856928,1,8:05,Golden State Valkyries Full timeout
401856928,1,3:09,Fever Full timeout
401856928,2,7:04,Fever Full timeout
401856928,2,6:52,(06:52) [Fever] COACH'S CHALLENGE (CALL 
401856928,3,5:16,Golden State Valkyries Full timeout
401856928,3,3:00,(03:00) [Golden State Valkyries] COACH'S
401856928,4,8:58,Golden State Valkyries Full timeout
401856928,4,6:39,Fever Full timeout
401856928,4,41.8,Golden State Valkyries Full timeout
401856928,4,33.4,Fever Full timeout
401856928,4,30.9,Golden State Valkyries timeout
401856929,1,7:23,Storm Full timeout
401856929,1,1:21,Sun Full timeout
401856929,2,5:04,Official timeout
401856929,2,4:29,Sun Full timeout
401856929,2,4:29,(04:29) [Storm] COACH'S CHALLENGE (CALL 
401856929,3,4:49,Sun Full timeout
401856929,3,1:02,Storm Full timeout
401856929,4,5:43,Sun Full timeout
401856929,4,4:02,Storm Full timeout
401856930,1,4:45,Official timeout
401856930,2,5:19,Sky Full timeout
401856930,2,3:38,Sky Full timeout
401856930,3,7:04,Lynx Full timeout
401856930,3,1:35,Lynx Full timeout
401856930,4,5:56,Official timeout
401856930,4,4:54,Lynx Full timeout
401856930,4,4:54,(04:54) [Lynx] COACH'S CHALLENGE (REPLAY
401856930,4,1:55,Sky Full timeout
401856931,1,4:54,Official timeout
401856931,2,6:52,Fire Full timeout
401856931,2,3:59,Fire Full timeout
401856931,2,2:54,Tempo Full timeout
401856931,3,7:49,Tempo Full timeout
401856931,4,8:39,Tempo Full timeout
401856931,4,2:54,Official timeout
401856932,1,4:55,Official timeout
401856932,2,6:37,Sparks Full timeout
401856932,2,4:11,Aces Full timeout
401856932,2,1:56,Aces Full timeout
401856932,2,1:56,(01:56) [Aces] COACH'S CHALLENGE (CALL O
401856932,3,6:00,Aces Full timeout
401856932,3,46.8,Sparks Full timeout
401856932,3,46.8,(00:46.8) [Sparks] COACH'S CHALLENGE (CA
401856932,4,9:02,Aces Full timeout
401856932,4,5:59,Sparks Full timeout
401856932,4,3:40,Sparks Full timeout
401856932,4,47.8,Sparks Full timeout
401856932,4,29.7,Sparks Full timeout
401856932,4,29.7,(00:29.7) [Sparks] COACH'S CHALLENGE (CA
401856932,4,29.7,Aces timeout
401856932,4,19.4,Aces Full timeout
401856932,4,10.1,Sparks timeout
401856933,1,5:09,Dream Full timeout
401856933,2,7:20,Mercury Full timeout
401856933,2,1:32,Official timeout
401856933,3,7:06,Mercury Full timeout
401856933,4,5:26,Dream Full timeout
401856933,4,3:44,Mercury Full timeout
401856933,4,1:29,Mercury Full timeout
401856933,4,1:11,(01:11) [Dream] COACH'S CHALLENGE (CALL 
401856933,4,24.0,Mercury timeout
401856933,4,7.9,Mercury Full timeout
401856933,4,3.5,Dream Full timeout
401856933,4,3.5,(00:03.5) [Dream] COACH'S CHALLENGE (REP
401856934,1,7:42,Wings Full timeout
401856934,2,4:26,Official timeout
401856934,2,2:57,Liberty Full timeout
401856934,3,7:29,Liberty Full timeout
401856934,4,6:57,Wings Full timeout
401856934,4,6:37,Wings Full timeout
401856934,4,6:37,(06:37) [Wings] COACH'S CHALLENGE (REPLA
401856934,4,5:48,Liberty Full timeout
401856934,4,5:48,(05:48) [Liberty] COACH'S CHALLENGE (REP
401856935,1,6:56,Storm Full timeout
401856935,2,5:27,Official timeout
401856935,2,2:32,Mystics Full timeout
401856935,3,7:49,Mystics Full timeout
401856935,3,3:02,Storm Full timeout
401856935,4,7:14,Mystics Full timeout
401856935,4,7:14,(07:14) [Mystics] COACH'S CHALLENGE (REP
401856935,4,2:38,Official timeout
401856936,1,6:20,Liberty Full timeout
401856936,2,5:35,Official timeout
401856936,2,2:53,Fire Full timeout
401856936,3,4:57,Official timeout
401856936,4,6:52,Liberty Full timeout
401856936,4,3:58,Liberty Full timeout
401856936,4,3:58,(03:58) [Liberty] COACH'S CHALLENGE (REP
401856936,4,3:04,Fire Full timeout
401856936,4,57.1,Fire timeout
401856936,4,38.9,Liberty Full timeout
401856936,4,29.6,Fire Full timeout
401856936,4,13.7,Liberty timeout
401856936,4,10.3,Fire Full timeout
401856936,4,9.6,Liberty Full timeout
401856937,1,4:34,Official timeout
401856937,2,7:01,(07:01) [Sun] COACH'S CHALLENGE (CALL OV
401856937,2,7:01,Golden State Valkyries Full timeout
401856937,2,2:39,Sun Full timeout
401856937,2,1:00,Sun Full timeout
401856937,3,8:09,Sun Full timeout
401856937,4,8:21,Golden State Valkyries Full timeout
401856937,4,2:23,Official timeout
401856938,1,4:13,Official timeout
401856938,2,8:20,Liberty Full timeout
401856938,2,3:02,Mercury Full timeout
401856938,2,3:02,(03:02) [Mercury] COACH'S CHALLENGE (REP
401856938,3,6:09,Liberty Full timeout
401856938,4,7:25,Liberty Full timeout
401856938,4,5:21,Mercury Full timeout
401856938,4,2:30,Mercury Full timeout
401856938,4,1:13,Mercury Full timeout
401856938,4,54.8,Liberty Full timeout
401856938,4,54.8,(00:54.8) [Liberty] COACH'S CHALLENGE (R
401856939,1,6:21,Tempo Full timeout
401856939,2,7:14,Sky Full timeout
401856939,2,2:33,Official timeout
401856939,3,4:53,Official timeout
401856939,3,3:06,(03:06) [Sky] COACH'S CHALLENGE (CALL OV
401856939,3,2:03,Tempo Full timeout
401856939,4,7:03,Sky Full timeout
401856939,4,4:48,Tempo Full timeout
401856939,4,3:51,Tempo Full timeout
401856939,4,3:51,(03:51) [Tempo] COACH'S CHALLENGE (REPLA
401856939,4,2:53,Sky Full timeout
401856939,4,2:53,(02:53) [Sky] COACH'S CHALLENGE (REPLAY 
401856939,4,39.0,Sky Full timeout
401856939,4,30.3,Sky timeout
401856939,4,3.7,Tempo timeout
401856940,1,7:25,Dream Full timeout
401856940,2,6:47,Lynx Full timeout
401856940,2,2:53,Official timeout
401856940,2,48.2,(00:48.2) [Dream] COACH'S CHALLENGE (CAL
401856940,3,6:57,Dream Full timeout
401856940,4,9:49,Official timeout
401856940,4,9:49,(09:49) [Lynx] COACH'S CHALLENGE (CALL O
401856940,4,5:11,Lynx Full timeout
401856940,4,4:53,Lynx Full timeout
401856940,4,4:53,(04:53) [Lynx] COACH'S CHALLENGE (CALL O
401856940,4,2:06,Dream Full timeout
401856941,1,4:50,Official timeout
401856941,2,5:41,Fire Full timeout
401856941,2,5:07,Sun Full timeout
401856941,2,42.3,Fire Full timeout
401856941,2,42.3,(00:42.3) [Fire] COACH'S CHALLENGE (CALL
401856941,3,6:15,Fire Full timeout
401856941,4,8:34,(08:34) [Sun] COACH'S CHALLENGE (CALL OV
401856941,4,6:32,Sun Full timeout
401856941,4,4:23,Sun Full timeout
401856941,4,1:32,Sun Full timeout
401856941,4,1:08,Sun timeout
401856941,4,59.9,Fire timeout
401856941,4,33.8,Sun Full timeout
401856942,1,5:28,Storm Full timeout
401856942,2,5:47,Official timeout
401856942,2,2:42,Official timeout
401856942,3,8:19,Mystics Full timeout
401856942,3,4:53,Storm Full timeout
401856942,3,2:21,Storm Full timeout
401856942,3,2:21,(02:21) [Storm] COACH'S CHALLENGE (REPLA
401856942,4,5:59,Official timeout
401856942,4,2:55,Storm Full timeout
401856943,1,4:08,Aces Full timeout
401856943,2,7:43,Wings Full timeout
401856943,2,3:40,Wings Full timeout
401856943,3,6:02,Aces Full timeout
401856943,3,3:01,Aces Full timeout
401856943,4,6:32,Aces Full timeout
401856943,4,1:59,Aces Full timeout
401856943,4,42.4,(00:42.4) [Wings] COACH'S CHALLENGE (REP
401856943,4,42.4,Wings Full timeout
401856943,4,21.2,Aces timeout
401856944,1,3:30,Official timeout
401856944,2,7:08,Fever Full timeout
401856944,2,5:59,Golden State Valkyries Full timeout
401856944,3,4:56,Official timeout
401856944,3,2:57,(02:57) [Fever] COACH'S CHALLENGE (CALL 
401856944,3,1:19,Golden State Valkyries Full timeout
401856944,4,8:08,Fever Full timeout
401856944,4,5:54,Golden State Valkyries Full timeout
401856944,4,1:48,Fever Full timeout
401856944,4,43.4,Fever timeout
401856944,4,24.8,Golden State Valkyries Full timeout
401856944,4,24.8,(00:24.8) [Golden State Valkyries] COACH
401856944,4,17.6,Golden State Valkyries timeout
401856944,4,0.6,Fever Full timeout
401856945,1,4:26,Official timeout
401856945,1,1:55,Mercury Full timeout
401856945,2,6:12,Liberty Full timeout
401856945,2,2:48,Mercury Full timeout
401856945,3,6:05,Liberty Full timeout
401856945,3,4:25,(04:25) [Liberty] COACH'S CHALLENGE (CAL
401856945,4,6:59,Mercury Full timeout
401856945,4,4:11,Liberty Full timeout
401856945,4,4:11,(04:11) [Liberty] COACH'S CHALLENGE (REP
401856945,4,2:02,Mercury Full timeout
401856945,4,2:02,(02:02) [Mercury] COACH'S CHALLENGE (CAL
401856945,4,8.8,Mercury Full timeout
401856946,1,4:50,Official timeout
401856946,1,0.9,(00:00.9) [Sparks] COACH'S CHALLENGE (CA
401856946,2,5:46,Mystics Full timeout
401856946,2,2:59,Sparks Full timeout
401856946,3,3:23,Official timeout
401856946,4,6:57,Mystics Full timeout
401856946,4,3:14,Sparks Full timeout
401856946,4,1:51,Mystics Full timeout
401856946,4,36.5,Sparks Full timeout
401856946,4,29.8,Mystics Full timeout
401856946,4,15.8,Mystics timeout
401856946,4,5.5,Sparks Full timeout
401856947,1,4:45,Official timeout
401856947,2,7:02,Sky Full timeout
401856947,2,6:08,Lynx Full timeout
401856947,2,6:08,(06:08) [Sky] COACH'S CHALLENGE (CALL OV
401856947,3,7:51,Sky Full timeout
401856947,4,5:00,Official timeout
401856947,4,2:54,Lynx Full timeout
401856947,4,1:08,Sky Full timeout
401856948,1,4:28,Official timeout
401856948,2,5:28,Fire Full timeout
401856948,2,2:59,Dream Full timeout
401856948,3,6:44,Fire Full timeout
401856948,3,2:02,Dream Full timeout
401856948,4,8:44,Fire Full timeout
401856948,4,5:18,Fire Full timeout
401856949,1,6:00,Storm Full timeout
401856949,2,8:12,Tempo Full timeout
401856949,2,2:37,Official timeout
401856949,3,4:40,Official timeout
401856949,4,8:26,Storm Full timeout
401856949,4,3:33,Storm Full timeout
401856950,1,4:13,Official timeout
401856950,1,3:09,Sun Full timeout
401856950,2,5:53,Sun Full timeout
401856950,2,3:24,Sun Full timeout
401856950,3,8:53,Sun Full timeout
401856950,3,8:53,(08:53) [Sun] COACH'S CHALLENGE (CALL ST
401856950,4,7:38,Sparks Full timeout
401856950,4,6:38,(06:38) [Sparks] COACH'S CHALLENGE (CALL
401856950,4,6:38,Official timeout
401856950,4,3:51,Sparks Full timeout
401856950,4,1:02,Sparks Full timeout
401856950,4,12.0,Sparks Full timeout
401856950,4,6.9,Sparks timeout
401856951,1,7:20,Fire Full timeout
401856951,1,4:36,Fever Full timeout
401856951,2,8:26,Fever Full timeout
401856951,2,2:55,Official timeout
401856951,2,1:31,(01:31) [Fire] COACH'S CHALLENGE (CALL O
401856951,3,8:57,Official timeout
401856951,3,8:57,(08:57) [Fire] COACH'S CHALLENGE (CALL O
401856951,3,7:17,Fever Full timeout
401856951,3,3:34,Fever Full timeout
401856951,4,5:39,Fire Full timeout
401856951,4,2:56,Fever Full timeout
401856952,1,4:31,Official timeout
401856952,2,8:32,Golden State Valkyries Full timeout
401856952,2,5:21,Aces Full timeout
401856952,3,8:54,Golden State Valkyries Full timeout
401856952,3,3:17,Golden State Valkyries Full timeout
401856952,4,6:21,Aces Full timeout
401856952,4,4:32,Aces Full timeout
401856952,4,1:51,Aces Full timeout
401856952,4,58.2,Aces timeout
401856952,4,47.0,Golden State Valkyries timeout
401856952,4,27.6,Golden State Valkyries Full timeout
401856952,4,22.6,Golden State Valkyries Full timeout
401856953,1,4:42,Official timeout
401856953,2,5:12,Storm Full timeout
401856953,2,2:03,Wings Full timeout
401856953,3,6:22,Storm Full timeout
401856953,3,3:11,(03:11) [Storm] COACH'S CHALLENGE (CALL 
401856953,4,5:46,Official timeout
401856953,4,3:52,Storm Full timeout
401856953,4,3:52,(03:52) [Storm] COACH'S CHALLENGE (CALL 
401856954,1,6:10,Mercury Full timeout
401856954,2,6:26,Mercury Full timeout
401856954,2,2:38,Official timeout
401856954,3,6:43,Mercury Full timeout
401856954,4,5:37,Official timeout
401856954,4,2:48,Lynx Full timeout
401856955,1,4:39,Official timeout
401856955,2,7:02,Sun Full timeout
401856955,2,2:37,Dream Full timeout
401856955,3,4:52,Official timeout
401856955,4,7:00,Sun Full timeout
401856955,4,4:08,Dream Full timeout
401856955,4,3:26,Sun Full timeout
401856955,4,56.2,Sun Full timeout
401856956,1,4:44,Official timeout
401856956,2,5:28,Sky Full timeout
401856956,2,2:42,Mystics Full timeout
401856956,3,5:02,Mystics Full timeout
401856956,3,3:05,Mystics Full timeout
401856956,3,3:05,(03:05) [Mystics] COACH'S CHALLENGE (CAL
401856956,4,5:52,Official timeout
401856956,4,2:49,Sky Full timeout
401856956,4,1:29,Sky timeout
401856957,1,4:04,Official timeout
401856957,2,8:41,Fire Full timeout
401856957,2,6:58,Golden State Valkyries Full timeout
401856957,2,1:50,Fire Full timeout
401856957,3,8:26,Golden State Valkyries Full timeout
401856957,3,5:24,Fire Full timeout
401856957,4,5:43,Golden State Valkyries Full timeout
401856957,4,3:47,Fire Full timeout
401856958,1,4:45,Official timeout
401856958,2,8:11,Sparks Full timeout
401856958,2,4:18,Aces Full timeout
401856958,3,4:47,Official timeout
401856958,3,3:43,Sparks Full timeout
401856958,4,7:35,Sparks Full timeout
401856958,4,7:35,(07:35) [Sparks] COACH'S CHALLENGE (CALL
401856958,4,5:21,Aces Full timeout
401856958,4,3:34,Aces Full timeout
401856959,1,3:58,Official timeout
401856959,2,5:55,Tempo Full timeout
401856959,2,4:55,Liberty Full timeout
401856959,3,7:41,Tempo Full timeout
401856959,3,3:06,Liberty Full timeout
401856959,4,8:58,Tempo Full timeout
401856959,4,5:35,Liberty Full timeout
401856959,4,4:23,Liberty Full timeout
401856959,4,3:08,Liberty Full timeout
401856959,4,1:33,Tempo Full timeout
401856960,1,5:50,Storm Full timeout
401856960,1,3:04,Mercury Full timeout
401856960,2,5:57,Official timeout
401856960,2,3:25,Mercury Full timeout
401856960,3,5:01,Mercury Full timeout
401856960,4,9:27,Mercury Full timeout
401856960,4,9:27,(09:27) [Mercury] COACH'S CHALLENGE (REP
401856960,4,7:11,Storm Full timeout
401856960,4,4:39,Storm Full timeout
401856960,4,1:23,Storm Full timeout
401856960,4,1:23,(01:23) [Storm] COACH'S CHALLENGE (REPLA
401856960,4,17.1,Storm Full timeout
401856960,4,5.9,Mercury timeout
401856960,4,4.5,Storm timeout
401856961,1,4:25,Official timeout
401856961,2,7:36,Dream Full timeout
401856961,2,2:57,Fever Full timeout
401856961,3,7:49,Fever Full timeout
401856961,3,4:41,Dream Full timeout
401856961,3,2:18,Dream Full timeout
401856961,4,5:32,Official timeout
401856961,4,3:53,Dream Full timeout
401856961,4,3:39,Fever Full timeout
401856961,4,2:55,Dream Full timeout
401856961,4,2:55,(02:55) [Dream] COACH'S CHALLENGE (CALL 
401856961,4,1:02,Fever Full timeout
401856962,1,4:59,Official timeout
401856962,1,1:33,Golden State Valkyries Full timeout
401856962,2,5:58,Lynx Full timeout
401856962,2,4:36,Lynx Full timeout
401856962,3,4:46,Official timeout
401856962,3,2:58,Golden State Valkyries Full timeout
401856962,4,5:26,Golden State Valkyries Full timeout
401856962,4,5:26,(05:26) [Golden State Valkyries] COACH'S
401856962,4,3:08,Golden State Valkyries Full timeout
401856962,4,1:04,Lynx Full timeout
401856962,4,1:04,(01:04) [Lynx] COACH'S CHALLENGE (REPLAY
401856962,4,33.8,Lynx timeout
401856962,4,3.8,Golden State Valkyries Full timeout
401856963,1,4:01,Official timeout
401856963,2,7:29,Sun Full timeout
401856963,2,1:43,Sky Full timeout
401856963,3,4:03,Official timeout
401856963,3,1:37,Sun Full timeout
401856963,4,6:02,Sky Full timeout
401856963,4,3:37,Sun Full timeout
401856963,4,1:03,Sky Full timeout
401856963,4,48.9,Sun Full timeout
401856963,4,39.0,Sky timeout
401856963,4,14.5,Sun Full timeout
401856963,4,11.0,Sky Full timeout
401856963,4,7.8,Sun timeout
401856964,1,4:54,Official timeout
401856964,2,8:23,Wings Full timeout
401856964,2,4:34,Sparks Full timeout
401856964,2,2:16,Wings Full timeout
401856964,3,4:06,Official timeout
401856964,4,7:03,Sparks Full timeout
401856964,4,3:07,Wings Full timeout
401856964,4,1:15,Wings Full timeout
401856964,4,50.3,Sparks Full timeout
401856964,4,47.1,Sparks timeout
401856965,1,5:39,Fire Full timeout
401856965,2,5:23,Mercury Full timeout
401856965,2,2:28,Official timeout
401856965,3,4:54,Official timeout
401856965,3,2:30,(02:30) [Fire] COACH'S CHALLENGE (CALL O
401856965,4,9:08,Fire Full timeout
401856965,4,9:08,(09:08) [Fire] COACH'S CHALLENGE (CALL O
401856965,4,5:46,Mercury Full timeout
401856965,4,3:15,Fire Full timeout
401856965,4,3:01,Mercury Full timeout
401856965,4,1:20,Fire timeout
401856965,4,45.1,Fire Full timeout
401856965,4,37.3,Mercury timeout
401856965,4,37.3,Mercury Full timeout
401856965,4,25.9,Fire Full timeout
401856966,1,5:48,Lynx Full timeout
401856966,2,8:16,Storm Full timeout
401856966,2,2:57,Official timeout
401856966,3,8:04,Storm Full timeout
401856966,3,4:14,Storm Full timeout
401856966,4,6:45,Lynx Full timeout
401856966,4,3:52,Lynx Full timeout
401856966,4,1:45,Storm Full timeout
401856967,1,3:35,Official timeout
401856967,1,1:40,Golden State Valkyries Full timeout
401856967,2,8:02,Aces Full timeout
401856967,2,2:59,Golden State Valkyries Full timeout
401856967,3,7:00,Official timeout
401856967,3,7:00,(07:00) [Golden State Valkyries] COACH'S
401856967,3,4:02,Golden State Valkyries Full timeout
401856967,3,3:10,Aces Full timeout
401856967,4,8:46,Aces Full timeout
401856967,4,2:45,Golden State Valkyries Full timeout
401856967,4,19.1,Golden State Valkyries Full timeout
401856967,4,9.9,(00:09.9) [Aces] COACH'S CHALLENGE (CALL
401856967,4,9.9,Aces Full timeout
401856967,4,8.3,Aces timeout
401856967,4,7.2,Golden State Valkyries timeout
401856968,1,4:14,Official timeout
401856968,2,6:33,Mystics Full timeout
401856968,2,1:49,Dream Full timeout
401856968,2,1:26,Dream Full timeout
401856968,2,1:26,(01:26) [Dream] COACH'S CHALLENGE (REPLA
401856968,3,7:28,Mystics Full timeout
401856968,3,3:52,Mystics Full timeout
401856968,4,4:31,Official timeout
401856968,4,1:53,Dream Full timeout
401856969,1,3:36,Official timeout
401856969,1,2:03,Liberty Full timeout
401856969,2,5:15,Liberty Full timeout
401856969,2,1:47,Fever Full timeout
401856969,2,3.0,(00:03) [Fever] COACH'S CHALLENGE (REPLA
401856969,2,3.0,Fever Full timeout
401856969,3,4:39,Fever Full timeout
401856969,4,5:48,Fever Full timeout
401856969,4,3:47,Liberty Full timeout
401856969,4,1:26,Fever Full timeout
401856970,1,6:38,Sky Full timeout
401856970,2,6:51,Tempo Full timeout
401856970,2,2:49,Official timeout
401856970,2,0.4,(00:00.4) [Tempo] COACH'S CHALLENGE (CAL
401856970,3,4:45,Official timeout
401856970,3,39.9,(00:39.9) [Sky] COACH'S CHALLENGE (CALL 
401856970,4,5:59,Sky Full timeout
401856970,4,3:15,Tempo Full timeout
401856971,1,4:19,Official timeout
401856971,2,7:37,Sparks Full timeout
401856971,2,7:37,(07:37) [Sparks] COACH'S CHALLENGE (CALL
401856971,2,4:47,Sparks Full timeout
401856971,3,7:20,Fire Full timeout
401856971,4,7:23,Fire Full timeout
401856971,4,5:30,Fire Full timeout
401856972,1,4:57,Official timeout
401856972,1,1:40,Sun Full timeout
401856972,2,5:58,Sun Full timeout
401856972,2,2:11,Liberty Full timeout
401856972,3,6:57,Sun Full timeout
401856972,3,4:35,Liberty Full timeout
401856972,4,5:52,Official timeout
401856972,4,2:53,Liberty Full timeout
401856972,4,2:28,Liberty Full timeout
401856972,4,2:28,(02:28) [Liberty] COACH'S CHALLENGE (REP
401856972,4,1:19,Sun Full timeout
401856972,4,24.8,Sun timeout
401856972,4,7.2,Liberty Full timeout
401856973,1,4:38,Official timeout
401856973,2,6:11,Mystics Full timeout
401856973,2,2:59,Fever Full timeout
401856973,2,2:23,Fever Full timeout
401856973,3,8:23,Mystics Full timeout
401856973,3,5:19,Fever Full timeout
401856973,3,54.8,(00:54.8) [Fever] COACH'S CHALLENGE (CAL
401856973,3,41.3,(00:41.3) [Mystics] COACH'S CHALLENGE (C
401856973,4,5:01,Official timeout
401856973,4,2:58,Mystics Full timeout
401856973,4,1:01,Mystics Full timeout
401856973,4,41.4,Fever Full timeout
401856973,4,11.3,Mystics Full timeout
401856973,4,4.3,Fever Full timeout
401856973,4,1.2,Mystics timeout
401856974,1,5:14,Storm Full timeout
401856974,2,6:10,Storm Full timeout
401856974,2,2:55,Official timeout
401856974,2,2:04,Aces Full timeout
401856974,3,6:41,Storm Full timeout
401856974,3,3:51,Aces Full timeout
401856974,4,8:02,Aces Full timeout
401856974,4,1:39,Storm Full timeout
401856975,1,3:27,Official timeout
401856975,2,5:27,Dream Full timeout
401856975,2,2:52,Sky Full timeout
401856975,3,6:31,Sky Full timeout
401856975,3,5:33,Sky Full timeout
401856975,3,5:01,(05:01) [Dream] COACH'S CHALLENGE (CALL 
401856975,3,1:06,Sky Full timeout
401856975,3,1:06,(01:06) [Sky] COACH'S CHALLENGE (REPLAY 
401856975,4,5:07,Dream Full timeout
401856975,4,2:15,Official timeout
401856975,4,56.1,Sky Full timeout
401856975,4,38.4,Sky timeout
401856976,1,4:31,Wings Full timeout
401856976,2,3:35,Wings Full timeout
401856976,2,2:59,Official timeout
401856976,3,5:42,Lynx Full timeout
401856976,3,2:35,Lynx Full timeout
401856976,3,2:35,(02:35) [Lynx] COACH'S CHALLENGE (CALL S
401856976,4,6:18,Wings Full timeout
401856976,4,3:46,Lynx Full timeout
401856977,1,4:41,Official timeout
401856977,1,3:20,Golden State Valkyries Full timeout
401856977,2,6:44,Mercury Full timeout
401856977,2,5:13,Golden State Valkyries Full timeout
401856977,3,6:26,Golden State Valkyries Full timeout
401856977,3,2:18,Mercury Full timeout
401856977,4,8:45,(08:45) [Golden State Valkyries] COACH'S
401856977,4,8:45,Official timeout
401856977,4,4:11,Mercury Full timeout
401856977,4,1:04,Mercury Full timeout
401856977,4,11.8,Mercury Full timeout
401856977,4,4.4,Mercury timeout
401856978,1,3:26,Official timeout
401856978,2,7:44,Sun Full timeout
401856978,2,6:08,Tempo Full timeout
401856978,3,5:30,Sun Full timeout
401856978,3,14.2,Sun Full timeout
401856978,4,7:42,Sun Full timeout
401856978,4,6:23,Tempo Full timeout
401856978,4,3:25,Tempo Full timeout
401856978,4,2:10,(02:10) [Tempo] COACH'S CHALLENGE (CALL 
401856978,4,1:07,Tempo Full timeout
401856978,4,1:07,(01:07) [Tempo] COACH'S CHALLENGE (CALL 
401856978,4,36.2,Sun Full timeout
401856978,4,30.7,Tempo Full timeout
401856978,5,12.4,Tempo Full timeout
401856978,5,10.7,Sun Full timeout
401856979,1,5:58,Storm Full timeout
401856979,2,5:27,Official timeout
401856979,2,4:52,Storm Full timeout
401856979,3,7:09,Sparks Full timeout
401856979,3,44.9,Storm Full timeout
401856979,3,44.9,(00:44.9) [Storm] COACH'S CHALLENGE (REP
401856979,4,5:41,Official timeout
401856979,4,2:43,Storm Full timeout
401856979,4,53.6,Sparks Full timeout
401856979,4,28.9,(00:28.9) [Sparks] COACH'S CHALLENGE (CA
401856979,4,12.1,Storm Full timeout
401856979,4,2.6,Sparks timeout
401856979,4,1.6,Storm timeout
401856980,1,4:48,Official timeout
401856980,2,8:13,Sky Full timeout
401856980,2,6:08,Fever Full timeout
401856980,2,3:24,(03:24) [Sky] COACH'S CHALLENGE (CALL OV
401856980,2,1:40,Fever Full timeout
401856980,3,6:36,Fever Full timeout
401856980,3,3:46,Sky Full timeout
401856980,4,7:50,Sky Full timeout
401856980,4,7:15,Official timeout
401856980,4,7:15,(07:15) [Fever] COACH'S CHALLENGE (CALL 
401856980,4,1:14,Sky Full timeout
401856980,4,18.9,Fever Full timeout
401856980,4,17.8,Sky Full timeout
401856980,4,7.2,Fever timeout
401856980,4,5.1,Sky timeout
401856980,4,0.9,Fever Full timeout
401856980,5,2:44,Sky Full timeout
401856980,5,2:44,(02:44) [Sky] COACH'S CHALLENGE (CALL OV
401856980,5,1:10,Sky Full timeout
401856980,5,1:05,Fever Full timeout
401856980,5,24.1,Fever timeout
401856980,5,21.0,Sky timeout
401856981,1,4:11,Official timeout
401856981,2,7:32,Liberty Full timeout
401856981,2,4:58,Dream Full timeout
401856981,2,2:38,(02:38) [Dream] COACH'S CHALLENGE (REPLA
401856981,2,2:38,Dream Full timeout
401856981,3,4:55,Official timeout
401856981,4,9:24,Liberty Full timeout
401856981,4,8:54,Dream Full timeout
401856981,4,8:54,(08:54) [Liberty] COACH'S CHALLENGE (CAL
401856981,4,3:18,Liberty Full timeout
401856981,4,1:31,Dream Full timeout
401856981,4,53.4,Dream Full timeout
401856981,4,39.6,Liberty timeout
401856982,1,5:24,Mercury Full timeout
401856982,2,5:52,Official timeout
401856982,2,3:15,Wings Full timeout
401856982,3,6:14,Mercury Full timeout
401856982,4,8:02,Wings Full timeout
401856982,4,8:02,(08:02) [Wings] COACH'S CHALLENGE (CALL 
401856982,4,6:13,Wings Full timeout
401856982,4,1:28,Wings Full timeout
401856983,1,4:36,Aces Full timeout
401856983,2,4:41,Official timeout
401856983,2,4:03,Fire Full timeout
401856983,2,4:03,(04:03) [Fire] COACH'S CHALLENGE (CALL S
401856983,3,7:55,Fire Full timeout
401856983,3,3:54,Aces Full timeout
401856983,4,7:52,Fire Full timeout
401856983,4,3:56,Aces Full timeout
401856984,1,4:14,Official timeout
401856984,2,6:26,Mystics Full timeout
401856984,2,6:26,(06:26) [Mystics] COACH'S CHALLENGE (CAL
401856984,2,2:45,Tempo Full timeout
401856984,3,8:30,Tempo Full timeout
401856984,3,4:16,Tempo Full timeout
401856984,3,2:03,Mystics Full timeout
401856984,4,5:49,Official timeout
401856984,4,3:28,Mystics Full timeout
401856984,4,1:51,Mystics Full timeout
401856984,4,50.5,Tempo Full timeout
401856984,4,35.4,Tempo timeout
401856984,4,30.9,Mystics Full timeout
401856984,4,17.7,Tempo Full timeout
401856984,4,11.1,Mystics timeout
401856985,1,4:53,Golden State Valkyries Full timeout
401856985,2,5:57,Official timeout
401856985,2,2:55,Official timeout
401856985,3,6:57,Storm Full timeout
401856985,3,3:44,Golden State Valkyries Full timeout
401856985,3,3:44,(03:44) [Golden State Valkyries] COACH'S
401856985,3,44.9,Storm Full timeout
401856985,3,44.9,(00:44.9) [Storm] COACH'S CHALLENGE (REP
401856985,4,8:18,Golden State Valkyries Full timeout
401856985,4,2:46,Official timeout
401856985,4,1:59,Golden State Valkyries Full timeout
401856985,4,56.5,Storm Full timeout
401856985,4,29.2,Storm timeout
401856985,4,21.3,Storm Full timeout
401856985,4,13.4,Golden State Valkyries Full timeout
401856986,1,4:23,Official timeout
401856986,2,5:56,Sun Full timeout
401856986,2,3:10,Sun Full timeout
401856986,2,2:59,(02:59) [Sun] COACH'S CHALLENGE (CALL OV
401856986,3,6:03,Fever Full timeout
401856986,3,2:08,Fever Full timeout
401856986,4,8:20,Fever Full timeout
401856986,4,7:22,(07:22) [Sun] COACH'S CHALLENGE (CALL ST
401856986,4,7:22,Sun Full timeout
401856986,4,5:20,Sun Full timeout
401856986,4,1:32,Sun Full timeout
401856987,1,5:24,Lynx Full timeout
401856987,2,4:34,Aces Full timeout
401856987,2,2:48,Official timeout
401856987,3,7:19,Aces Full timeout
401856987,3,7:19,(07:19) [Aces] COACH'S CHALLENGE (CALL S
401856987,3,4:36,Lynx Full timeout
401856987,4,5:54,Lynx Full timeout
401856987,4,2:59,Official timeout
401856987,4,1:24,Lynx timeout
401856987,4,48.0,Aces Full timeout
401856987,4,44.3,(00:44.3) [Lynx] COACH'S CHALLENGE (CALL
401856987,4,44.3,Lynx Full timeout
401856987,4,23.9,Aces Full timeout
401856987,4,20.5,Lynx Full timeout
401856988,1,4:59,Official timeout
401856988,2,7:19,Wings Full timeout
401856988,2,2:45,Fire Full timeout
401856988,3,4:55,Official timeout
401856988,4,6:55,Fire Full timeout
401856988,4,4:44,Wings Full timeout
401856988,4,3:41,Fire Full timeout
401856988,4,3:28,Wings Full timeout
401856988,4,1:25,Fire Full timeout
401856988,4,53.7,Wings Full timeout
401856988,4,22.5,Wings Full timeout
401856988,4,18.7,Fire timeout
401856988,4,1.7,Wings timeout
401856989,1,7:41,Sparks Full timeout
401856989,2,6:26,Official timeout
401856989,2,6:26,(06:26) [Mercury] COACH'S CHALLENGE (CAL
401856989,2,2:52,Sparks Full timeout
401856989,3,4:36,Official timeout
401856989,3,3:09,Mercury Full timeout
401856989,4,8:11,Sparks Full timeout
401856989,4,6:18,Mercury Full timeout
401856989,4,1:32,Sparks Full timeout
401856989,4,32.6,Mercury Full timeout
401856989,4,12.2,Sparks timeout
401856989,4,1.6,Mercury Full timeout
401856989,5,1:53,(01:53) [Sparks] COACH'S CHALLENGE (CALL
401856989,5,40.3,Mercury Full timeout
401856989,5,40.3,(00:40.3) [Mercury] COACH'S CHALLENGE (C
401856990,1,4:35,Official timeout
401856990,2,6:53,Liberty Full timeout
401856990,2,4:23,Mystics Full timeout
401856990,3,9:10,Liberty Full timeout
401856990,3,3:27,Mystics Full timeout
401856990,3,3:27,(03:27) [Mystics] COACH'S CHALLENGE (REP
401856990,4,8:53,Mystics Full timeout
401856990,4,7:08,Mystics Full timeout
401856990,4,1:45,Liberty Full timeout
401856991,1,4:28,Official timeout
401856991,2,7:03,Tempo Full timeout
401856991,2,2:31,Dream Full timeout
401856991,2,1:50,(01:50) [Tempo] COACH'S CHALLENGE (CALL 
401856991,3,5:30,Tempo Full timeout
401856991,3,2:06,Dream Full timeout
401856991,4,5:59,Tempo Full timeout
401856991,4,5:59,(05:59) [Tempo] COACH'S CHALLENGE (CALL 
401856991,4,2:35,Tempo Full timeout
401856992,1,7:42,Aces Full timeout
401856992,2,6:16,Aces Full timeout
401856992,2,2:54,Official timeout
401856992,2,1:38,Wings Full timeout
401856992,3,4:17,Official timeout
401856992,3,1:59,Wings Full timeout
401856992,4,7:18,Aces Full timeout
401856992,4,2:40,Wings Full timeout
401856993,1,3:58,Fire Full timeout
401856993,2,5:52,Official timeout
401856993,2,2:39,Lynx Full timeout
401856993,3,6:36,Fire Full timeout
401856993,3,1:49,Lynx Full timeout
401856993,3,1:25,(01:25) [Fire] COACH'S CHALLENGE (CALL O
401856993,4,7:43,Fire Full timeout
401856993,4,6:36,Lynx Full timeout
401856994,1,2:43,Official timeout
401856994,2,8:18,Golden State Valkyries Full timeout
401856994,2,3:07,Golden State Valkyries Full timeout
401856994,2,2:20,Sparks Full timeout
401856994,3,4:46,Official timeout
401856994,3,2:13,Golden State Valkyries Full timeout
401856994,4,5:39,Golden State Valkyries Full timeout
401856994,4,5:16,Sparks Full timeout
401856995,1,4:33,Official timeout
401856995,2,7:27,Fever Full timeout
401856995,2,3:36,Tempo Full timeout
401856995,3,6:46,Tempo Full timeout
401856995,3,4:28,Tempo Full timeout
401856995,4,6:40,Tempo Full timeout
401856995,4,5:47,Fever Full timeout
401856995,4,2:14,Tempo Full timeout
401856995,4,1:36,Fever Full timeout
401856996,1,4:46,Official timeout
401856996,2,4:42,Sun Full timeout
401856996,2,2:32,Mystics Full timeout
401856996,3,4:45,Sun Full timeout
401856996,4,8:26,Mystics Full timeout
401856996,4,4:10,Sun Full timeout
401856996,4,1:29,Sun Full timeout
401856996,4,35.2,Mystics Full timeout
401856996,4,31.4,Sun timeout
401856997,1,6:56,Liberty Full timeout
401856997,2,4:42,Official timeout
401856997,2,2:02,Sky Full timeout
401856997,3,4:09,Sky Full timeout
401856997,4,5:44,Liberty Full timeout
401856997,4,3:55,Liberty Full timeout
401856997,4,3:55,(03:55) [Liberty] COACH'S CHALLENGE (CAL
401856997,4,1:25,Sky Full timeout
401856997,4,50.5,Sky Full timeout
401856997,4,27.2,Liberty Full timeout
401856997,4,21.3,Sky timeout
401856997,4,15.6,Liberty timeout
401856998,1,4:30,Golden State Valkyries Full timeout
401856998,2,6:46,Wings Full timeout
401856998,2,5:10,Wings Full timeout
401856998,2,3:50,(03:50) [Wings] COACH'S CHALLENGE (CALL 
401856998,3,8:48,Golden State Valkyries Full timeout
401856998,4,8:20,Wings Full timeout
401856998,4,4:36,Golden State Valkyries Full timeout
401856998,4,1:14,Wings Full timeout
401856998,4,58.1,Golden State Valkyries Full timeout
401856998,4,56.9,Wings timeout
401856998,4,42.4,Wings Full timeout
401856999,1,4:35,Official timeout
401856999,2,6:46,Sparks Full timeout
401856999,2,5:19,Sparks Full timeout
401856999,3,4:49,Official timeout
401856999,4,7:01,Sparks Full timeout
401856999,4,4:40,Lynx Full timeout
401856999,4,4:40,(04:40) [Lynx] COACH'S CHALLENGE (CALL S
401857000,1,4:39,Official timeout
401857000,1,2:13,Aces Full timeout
401857000,2,8:02,Mercury Full timeout
401857000,2,1:59,Aces Full timeout
401857000,3,4:59,Official timeout
401857000,4,6:19,Mercury Full timeout
401857000,4,4:34,Aces Full timeout
401857000,4,3:18,Mercury Full timeout
401857000,4,3:18,(03:18) [Aces] COACH'S CHALLENGE (CALL O
401857000,4,1:51,Mercury timeout
401857001,1,6:42,Storm Full timeout
401857001,1,2:47,Fire Full timeout
401857001,2,5:22,Official timeout
401857001,2,2:55,Fire Full timeout
401857001,3,4:27,Official timeout
401857001,4,8:51,Fire Full timeout
401857001,4,8:51,(08:51) [Fire] COACH'S CHALLENGE (CALL O
401857001,4,8:17,Storm Full timeout
401857001,4,1:17,Storm Full timeout
401857001,4,40.5,Storm timeout
401857001,4,31.0,Fire timeout
401857001,4,7.1,Storm Full timeout
401857002,1,4:47,Official timeout
401857002,2,8:45,Fever Full timeout
401857002,2,2:33,Dream Full timeout
401857002,3,4:59,Fever Full timeout
401857002,3,4:29,Fever Full timeout
401857002,3,4:29,(04:29) [Fever] COACH'S CHALLENGE (CALL 
401857002,4,7:22,Dream Full timeout
401857002,4,5:07,Dream Full timeout
401857002,4,48.2,Fever Full timeout
401857002,4,18.3,Dream Full timeout
401857002,4,16.9,(00:16.9) [Dream] COACH'S CHALLENGE (CAL
401857002,4,15.9,Fever timeout
401857002,4,8.7,Fever Full timeout
401857003,1,4:34,Official timeout
401857003,2,8:36,Sun Full timeout
401857003,2,8:36,(08:36) [Tempo] COACH'S CHALLENGE (CALL 
401857003,2,5:34,Tempo Full timeout
401857003,2,2:42,Tempo Full timeout
401857003,3,4:32,Official timeout
401857003,4,9:00,Tempo Full timeout
401857003,4,6:31,Sun Full timeout
401857003,4,4:15,Sun Full timeout
401857003,4,1:03,Sun Full timeout
401857003,4,22.1,(00:22.1) [Tempo] COACH'S CHALLENGE (CAL
401857003,4,22.1,Tempo Full timeout
401857003,4,22.1,Tempo timeout
401857003,4,20.6,Sun Full timeout
401857003,4,20.6,(00:20.6) [Sun] COACH'S CHALLENGE (CALL 
401857003,4,18.0,Sun timeout
401857003,4,10.1,Tempo Full timeout
401857004,1,5:25,Liberty Full timeout
401857004,2,5:05,Official timeout
401857004,2,2:49,Mystics Full timeout
401857004,3,4:37,Liberty Full timeout
401857004,4,6:52,Mystics Full timeout
401857004,4,4:32,Mystics Full timeout
401857004,4,3:16,Liberty Full timeout
401857004,4,57.1,Liberty Full timeout
401857004,4,53.5,(00:53.5) [Mystics] COACH'S CHALLENGE (C
401857004,4,48.6,Mystics Full timeout
401857004,4,11.8,Liberty timeout
401857005,1,4:52,Official timeout
401857005,2,8:27,Lynx Full timeout
401857005,2,7:22,Golden State Valkyries Full timeout
401857005,2,3:55,Golden State Valkyries Full timeout
401857005,3,6:12,Golden State Valkyries Full timeout
401857005,4,5:42,Golden State Valkyries Full timeout
401857005,4,3:09,Lynx Full timeout
401857005,4,30.7,Lynx timeout
401857005,4,26.0,Lynx Full timeout
401857005,4,24.2,Golden State Valkyries Full timeout
401857005,4,15.9,Golden State Valkyries timeout
401857006,1,4:44,Official timeout
401857006,2,8:20,Dream Full timeout
401857006,2,8:20,(08:20) [Fever] COACH'S CHALLENGE (CALL 
401857006,2,5:18,Fever Full timeout
401857006,2,4:48,(04:48) [Dream] COACH'S CHALLENGE (CALL 
401857006,3,6:07,Fever Full timeout
401857006,3,1:53,Dream Full timeout
401857006,3,1:53,(01:53) [Dream] COACH'S CHALLENGE (CALL 
401857006,4,8:02,Fever Full timeout
401857006,4,2:53,Fever Full timeout
401857007,1,4:53,Official timeout
401857007,2,5:33,Mercury Full timeout
401857007,2,4:38,Storm Full timeout
401857007,3,8:01,Storm Full timeout
401857007,4,8:09,Storm Full timeout
401857007,4,6:12,Mercury Full timeout
401857007,4,3:35,Mercury Full timeout
401857008,1,5:19,Wings Full timeout
401857008,2,7:48,Sky Full timeout
401857008,2,1:07,Official timeout
401857008,3,5:06,Wings Full timeout
401857008,4,9:47,Wings Full timeout
401857008,4,9:47,(09:47) [Wings] COACH'S CHALLENGE (REPLA
401857008,4,7:09,Sky Full timeout
401857008,4,4:58,Sky Full timeout
401857008,4,4:58,(04:58) [Sky] COACH'S CHALLENGE (REPLAY 
401857008,4,2:26,Sky Full timeout
401857008,4,35.7,Wings Full timeout
401857008,4,30.6,Sky timeout
401857008,4,29.8,Wings Full timeout
401857008,4,12.5,Sky Full timeout
401857009,1,4:44,Official timeout
401857009,2,8:36,Aces Full timeout
401857009,2,6:48,Golden State Valkyries Full timeout
401857009,3,6:16,Aces Full timeout
401857009,3,3:43,Golden State Valkyries Full timeout
401857009,4,5:19,Official timeout
401857009,4,1:54,Golden State Valkyries Full timeout
401857010,1,4:28,Official timeout
401857010,2,5:59,Lynx Full timeout
401857010,2,2:50,Mystics Full timeout
401857010,3,5:30,Lynx Full timeout
401857010,3,5:30,(05:30) [Lynx] COACH'S CHALLENGE (CALL S
401857010,3,2:10,(02:10) [Mystics] COACH'S CHALLENGE (CAL
401857010,4,8:52,Mystics Full timeout
401857010,4,8:52,(08:52) [Mystics] COACH'S CHALLENGE (CAL
401857010,4,5:24,Lynx Full timeout
401857010,4,4:35,Mystics Full timeout
401857010,4,40.9,Mystics Full timeout
401857010,4,19.3,Lynx Full timeout
401857010,4,13.6,Lynx Full timeout
401857010,4,6.2,Lynx timeout
401857010,4,4.8,Mystics Full timeout
401857011,1,4:36,Official timeout
401857011,2,9:10,Sparks Full timeout
401857011,2,6:16,Liberty Full timeout
401857011,2,3:07,Sparks Full timeout
401857011,3,7:38,Sparks Full timeout
401857011,4,6:11,Liberty Full timeout
401857011,4,3:42,Liberty Full timeout
401857011,4,33.3,Sparks Full timeout
401857011,4,26.7,Sparks timeout
401857011,4,10.3,Liberty Full timeout
401857011,4,10.0,Sparks Full timeout
401857011,4,10.0,(00:10) [Sparks] COACH'S CHALLENGE (CALL
401857012,1,3:36,Official timeout
401857012,2,7:08,Sun Full timeout
401857012,2,4:35,Sky Full timeout
401857012,3,6:40,Sky Full timeout
401857012,3,4:39,(04:39) [Sky] COACH'S CHALLENGE (CALL OV
401857012,4,7:48,Sky Full timeout
401857012,4,6:22,Sky Full timeout
401857012,4,4:02,Sun Full timeout
401857013,1,5:38,Tempo Full timeout
401857013,1,3:11,Tempo Full timeout
401857013,2,5:39,Dream Full timeout
401857013,2,2:21,Official timeout
401857013,2,45.3,Dream Full timeout
401857013,2,45.3,(00:45.3) [Dream] COACH'S CHALLENGE (REP
401857013,3,8:25,Dream Full timeout
401857013,3,5:21,Tempo Full timeout
401857013,4,5:57,Official timeout
401857013,4,2:40,Tempo Full timeout
401857013,4,1:04,Tempo Full timeout
401857013,4,1:04,(01:04) [Tempo] COACH'S CHALLENGE (REPLA
401857013,4,1:04,Tempo timeout
401857014,1,5:43,Fever Full timeout
401857014,2,8:29,Mercury Full timeout
401857014,2,2:42,Mercury Full timeout
401857014,3,6:08,Mercury Full timeout
401857014,3,2:12,Fever Full timeout
401857014,4,7:20,Official timeout
401857014,4,7:20,(07:20) [Fever] COACH'S CHALLENGE (CALL 
401857014,4,5:07,Fever Full timeout
401857014,4,5:07,(05:07) [Mercury] COACH'S CHALLENGE (CAL
401857014,4,1:41,Mercury Full timeout
401857015,1,3:46,Storm Full timeout
401857015,2,6:15,Storm Full timeout
401857015,2,3:44,Wings Full timeout
401857015,3,7:17,Wings Full timeout
401857015,4,7:05,Wings Full timeout
401857015,4,4:07,Storm Full timeout
401857015,4,2:06,Wings Full timeout
401857015,4,37.7,Storm Full timeout
401857015,4,14.7,Wings Full timeout
401857015,4,5.0,Storm Full timeout
401857015,5,1:44,Wings Full timeout
401857015,5,39.1,Wings Full timeout
401857015,5,28.9,Storm timeout
401857015,5,13.2,Storm Full timeout
401857015,5,1.6,Storm Full timeout
401857016,1,4:04,Official timeout
401857016,2,6:17,Aces Full timeout
401857016,2,2:57,Liberty Full timeout
401857016,3,7:13,Liberty Full timeout
401857016,3,4:58,Aces Full timeout
401857016,4,8:15,Liberty Full timeout
401857016,4,5:45,Aces Full timeout
401857016,4,5:45,(05:45) [Aces] COACH'S CHALLENGE (CALL S
401857016,4,4:37,(04:37) [Liberty] COACH'S CHALLENGE (CAL
401857016,4,1:22,Aces Full timeout
401857017,1,5:09,Mercury Full timeout
401857017,2,5:37,Official timeout
401857017,2,4:34,Fever Full timeout
401857017,3,5:15,Fever Full timeout
401857017,3,4.0,Mercury Full timeout
401857017,3,4.0,(00:04) [Mercury] COACH'S CHALLENGE (CAL
401857017,4,7:33,Fever Full timeout
401857017,4,4:22,Fever Full timeout
401857017,4,3:24,Mercury Full timeout
401857017,4,56.9,Mercury Full timeout
401857017,4,36.1,Mercury Reset Timeout
401857017,4,25.0,Fever Full timeout
401857018,1,4:51,Official timeout
401857018,2,5:46,Mystics Full timeout
401857018,2,2:53,Lynx Full timeout
401857018,3,4:13,Official timeout
401857018,3,3:09,Lynx Full timeout
401857018,4,5:41,Mystics Full timeout
401857018,4,3:32,Mystics Full timeout
401857018,4,1:07,Mystics Full timeout
401857018,4,1:03,Lynx timeout
401857018,4,38.4,Mystics Full timeout
401857018,4,11.0,Lynx Full timeout
401857018,4,1.3,Mystics timeout
401857019,1,3:43,Official timeout
401857019,2,5:41,Sky Full timeout
401857019,2,4:19,Fire Full timeout
401857019,2,4:19,(04:19) [Sky] COACH'S CHALLENGE (CALL OV
401857019,3,6:58,Sky Full timeout
401857019,3,4:10,Fire Full timeout
401857019,3,52.7,Fire Full timeout
401857019,3,52.7,(00:52.7) [Fire] COACH'S CHALLENGE (REPL
401857019,4,6:04,Fire Full timeout
401857019,4,2:13,Official timeout
401857020,1,4:57,Official timeout
401857020,1,1:59,Golden State Valkyries Full timeout
401857020,2,5:10,Dream Full timeout
401857020,2,2:35,Golden State Valkyries Full timeout
401857020,2,1:04,(01:04) [Golden State Valkyries] COACH'S
401857020,2,1:04,Golden State Valkyries Full timeout
401857020,3,4:41,Official timeout
401857020,3,2:40,Dream Full timeout
401857020,3,53.9,Dream Full timeout
401857020,4,6:52,Golden State Valkyries Full timeout
401857020,4,2:15,Dream Full timeout
401857021,1,4:39,Official timeout
401857021,1,2:45,Sparks Full timeout
401857021,2,6:42,Tempo Full timeout
401857021,2,2:39,Sparks Full timeout
401857021,3,5:12,Sparks Full timeout
401857021,3,3:04,Sparks Full timeout
401857021,4,5:57,Tempo Full timeout
401857021,4,2:42,Sparks Full timeout
401857021,4,1:14,Tempo Reset Timeout
401857022,1,4:58,Official timeout
401857022,2,8:13,Wings Full timeout
401857022,2,2:10,Aces Full timeout
401857022,2,4.5,Wings Full timeout
401857022,2,4.5,(00:04.5) [Wings] COACH'S CHALLENGE (CAL
401857022,3,6:22,Aces Full timeout
401857022,3,3:01,Wings Full timeout
401857022,4,8:35,Wings Full timeout
401857022,4,4:02,Wings Full timeout
401857023,1,6:10,Liberty Full timeout
401857023,2,5:18,Official timeout
401857023,2,2:53,Storm Full timeout
401857023,3,5:40,Storm Full timeout
401857023,4,7:23,Liberty Full timeout
401857023,4,3:59,Storm Full timeout
401857023,4,3:13,Liberty Full timeout
401857024,1,4:22,Official timeout
401857024,2,6:25,Mystics Full timeout
401857024,2,2:50,Sun Full timeout
401857024,3,3:59,Official timeout
401857024,4,8:00,Sun Full timeout
401857024,4,5:20,Mystics Full timeout
401857024,4,4:06,Sun Full timeout
401857024,4,3:23,Mystics Full timeout
401857024,4,1:06,Mystics Full timeout
401857025,1,4:45,Fire Full timeout
401857025,1,4:45,(04:45) [Fire] COACH'S CHALLENGE (REPLAY
401857025,2,5:58,Official timeout
401857025,2,2:55,Sky Full timeout
401857025,3,4:53,Official timeout
401857025,4,6:56,Fire Full timeout
401857025,4,5:57,Sky Full timeout
401857026,1,4:39,Official timeout
401857026,2,5:16,Golden State Valkyries Full timeout
401857026,2,3:14,Golden State Valkyries Full timeout
401857026,3,5:14,Dream Full timeout
401857026,4,5:50,Official timeout
401857026,4,4:52,Golden State Valkyries Full timeout
401857026,4,1:49,Dream Full timeout
401857026,4,1:49,(01:49) [Dream] COACH'S CHALLENGE (CALL 
401857026,4,25.9,Golden State Valkyries Full timeout
401857026,4,24.2,Dream Reset Timeout
401857026,4,16.2,Dream Full timeout
401857027,1,4:27,Official timeout
401857027,2,8:34,Tempo Full timeout
401857027,2,5:37,Tempo Full timeout
401857027,2,4:09,Mercury Full timeout
401857027,3,4:58,Official timeout
401857027,3,17.2,(00:17.2) [Tempo] COACH'S CHALLENGE (CAL
401857027,4,7:02,Mercury Full timeout
401857027,4,4:07,Tempo Full timeout
401857027,4,3:35,Mercury Full timeout
401857027,4,51.2,Tempo Full timeout
401857027,4,43.5,(00:43.5) [Mercury] COACH'S CHALLENGE (C
401857027,4,41.9,Tempo Reset Timeout
401857027,4,24.8,Tempo Full timeout
401857028,1,4:10,Official timeout
401857028,2,7:34,Sparks Full timeout
401857028,2,3:22,Sparks Full timeout
401857028,2,2:44,(02:44) [Fever] COACH'S CHALLENGE (CALL 
401857028,2,2:24,Sparks Full timeout
401857028,3,4:30,Official timeout
401857028,3,3:28,Fever Full timeout
401857028,4,7:35,Fever Full timeout
401857028,4,6:22,Fever Full timeout
401857028,4,4:54,(04:54) [Sparks] COACH'S CHALLENGE (CALL
401857029,1,8:40,Dream Full timeout
401857029,1,4:41,Storm Full timeout
401857029,2,5:20,Official timeout
401857029,2,3:48,Storm Full timeout
401857029,2,1:26,Dream Full timeout
401857029,3,4:56,Official timeout
401857029,3,1:25,Dream Full timeout
401857029,4,5:46,Storm Full timeout
401857029,4,5:31,Storm Full timeout
401857029,4,5:31,(05:31) [Storm] COACH'S CHALLENGE (REPLA
401857029,4,5:22,(05:22) [Dream] COACH'S CHALLENGE (CALL 
401857029,4,2:56,Dream Full timeout
401857030,1,2:24,Official timeout
401857030,2,7:12,Lynx Full timeout
401857030,2,2:39,Wings Full timeout
401857030,3,6:20,Wings Full timeout
401857030,3,2:18,Lynx Full timeout
401857030,4,5:51,Lynx Full timeout
401857030,4,4:13,Wings Full timeout
401857030,4,1:02,Wings Full timeout
401857031,1,7:15,Fire Full timeout
401857031,1,2:36,Mystics Full timeout
401857031,1,41.2,Mystics Full timeout
401857031,1,41.2,(00:41.2) [Mystics] COACH'S CHALLENGE (C
401857031,2,5:53,Official timeout
401857031,2,2:55,Mystics Full timeout
401857031,3,4:47,Official timeout
401857031,3,4:03,(04:03) [Fire] COACH'S CHALLENGE (CALL O
401857031,4,5:50,Mystics Full timeout
401857031,4,3:20,Mystics Full timeout
401857031,4,2:54,Fire Full timeout
401857031,4,58.7,Fire Reset Timeout
401857031,4,17.3,Mystics Reset Timeout
401857031,4,14.1,Fire Full timeout
401857031,5,24.3,Fire Full timeout
401857031,5,18.3,Mystics Full timeout
401857031,5,10.5,Mystics Full timeout
401857031,6,1:06,Mystics Full timeout
401857031,6,14.9,Fire Full timeout
401857031,7,2:15,Fire Full timeout
401857031,7,2:15,(02:15) [Fire] COACH'S CHALLENGE (REPLAY
401857031,7,1:15,Mystics Full timeout
401857031,7,27.5,Fire Reset Timeout
401857031,7,16.4,Mystics Full timeout
401857031,7,11.4,Fire Full timeout
401857031,7,3.1,Mystics Reset Timeout
401857031,8,52.7,Mystics Full timeout
401857031,8,21.4,Fire Full timeout
401857031,8,3.4,Fire Full timeout
401857032,1,3:54,Official timeout
401857032,1,3:00,Aces Full timeout
401857032,2,8:09,Sky Full timeout
401857032,2,2:02,Aces Full timeout
401857032,3,5:46,Aces Full timeout
401857032,3,5:46,(05:46) [Aces] COACH'S CHALLENGE (REPLAY
401857032,3,3:37,Sky Full timeout
401857032,4,7:20,Aces Full timeout
401857032,4,2:28,Official timeout
401857032,4,1:21,Sky Full timeout
401857032,4,43.2,Sky Full timeout
401857033,1,4:44,Official timeout
401857033,2,7:23,Golden State Valkyries Full timeout
401857033,2,5:51,Liberty Full timeout
401857033,2,5:51,(05:51) [Liberty] COACH'S CHALLENGE (CAL
401857033,3,6:39,Golden State Valkyries Full timeout
401857033,3,5:35,Liberty Full timeout
401857033,3,4:26,Liberty Full timeout
401857033,3,4:26,(04:26) [Liberty] COACH'S CHALLENGE (CAL
401857033,4,5:45,Official timeout
401857033,4,3:39,Liberty Full timeout
401857033,4,3:05,(03:05) [Golden State Valkyries] COACH'S
401857321,1,4:38,Official timeout
401857321,1,1:24,Liberty Full timeout
401857321,2,5:53,Liberty Full timeout
401857321,2,5:05,Aces Full timeout
401857321,2,3:32,(03:32) [Liberty] COACH'S CHALLENGE (CAL
401857321,3,7:05,Liberty Full timeout
401857321,4,6:59,Aces Full timeout
401857321,4,4:51,Aces Full timeout
401857321,4,15.7,Aces Full timeout
401857034,1,4:53,Official timeout
401857034,2,7:16,Mystics Full timeout
401857034,2,2:55,Dream Full timeout
401857034,3,4:35,Official timeout
401857034,4,8:06,Mystics Full timeout
401857034,4,8:06,(08:06) [Dream] COACH'S CHALLENGE (CALL 
401857034,4,4:19,Dream Full timeout
401857034,4,3:12,Mystics Full timeout
401857034,4,1:20,Dream Full timeout
401857034,4,12.5,Mystics Full timeout
401857034,4,12.5,Mystics Full timeout
401857034,4,11.4,Dream Full timeout
401857034,4,2.5,Mystics Reset Timeout
401857035,1,4:47,Official timeout
401857035,2,8:24,Wings Full timeout
401857035,2,7:12,Sun Full timeout
401857035,2,1:39,(01:39) [Wings] COACH'S CHALLENGE (CALL 
401857035,3,4:47,Official timeout
401857035,3,4:17,Wings Full timeout
401857035,3,2:57,Sun Full timeout
401857035,4,8:07,Sun Full timeout
401857035,4,5:27,Sun Full timeout
401857035,4,5:27,(05:27) [Sun] COACH'S CHALLENGE (REPLAY 
401857035,4,2:18,Wings Full timeout
401857035,4,1:07,Wings Full timeout
401857035,4,25.9,Sun Full timeout
401857035,4,2.9,Sun Reset Timeout
401857036,1,4:26,Storm Full timeout
401857036,2,6:16,Storm Full timeout
401857036,2,1:05,Official timeout
401857036,3,4:11,Official timeout
401857036,3,2:48,Mercury Full timeout
401857036,4,5:37,Mercury Full timeout
401857036,4,3:50,Mercury Full timeout
401857036,4,2:13,Storm Full timeout
401857036,4,1:39,Mercury Full timeout
401857037,1,4:38,Lynx Full timeout
401857037,2,6:49,Liberty Full timeout
401857037,2,2:49,Official timeout
401857037,3,6:25,Liberty Full timeout
401857037,3,5:06,Lynx Full timeout
401857037,4,6:59,Lynx Full timeout
401857037,4,4:48,Liberty Full timeout
401857038,1,6:27,Sky Full timeout
401857038,2,8:01,Aces Full timeout
401857038,2,2:51,Official timeout
401857038,3,3:46,Aces Full timeout
401857038,4,6:15,Sky Full timeout
401857038,4,4:51,Aces Full timeout
401857038,4,59.9,Aces Full timeout
401857038,4,22.1,Sky Full timeout
401857038,5,1:14,Sky Full timeout
401857038,5,1:10,(01:10) [Aces] COACH'S CHALLENGE (CALL O
401857038,5,48.0,Sky Reset Timeout
401857038,5,17.1,Sky Full timeout
401857038,5,12.6,Aces Full timeout
401857039,1,4:00,Official timeout
401857039,2,7:25,Golden State Valkyries Full timeout
401857039,2,3:59,Dream Full timeout
401857039,2,3:59,(03:59) [Golden State Valkyries] COACH'S
401857039,3,7:18,Golden State Valkyries Full timeout
401857039,3,6:37,(06:37) [Dream] COACH'S CHALLENGE (CALL 
401857039,3,2:44,Dream Full timeout
401857039,3,11.0,Dream Full timeout
401857039,3,11.0,(00:11) [Dream] COACH'S CHALLENGE (REPLA
401857039,4,8:26,Dream Full timeout
401857039,4,5:45,Golden State Valkyries Full timeout
401857039,4,1:38,Dream Full timeout
401857039,4,59.4,Golden State Valkyries Full timeout
401857039,4,59.4,(00:59.4) [Golden State Valkyries] COACH
401857039,4,6.5,Dream Reset Timeout
401857040,1,4:26,Official timeout
401857040,2,7:52,Storm Full timeout
401857040,2,2:12,Fire Full timeout
401857040,3,4:34,Storm Full timeout
401857040,4,7:09,Official timeout
401857040,4,7:09,(07:09) [Storm] COACH'S CHALLENGE (CALL 
401857040,4,3:17,Fire Full timeout
401857040,4,1:04,Storm Full timeout
401857040,4,56.4,Fire Full timeout
401857040,4,56.4,(00:56.4) [Fire] COACH'S CHALLENGE (REPL
401857040,4,11.6,Fire Reset Timeout
401857040,4,6.7,Storm Full timeout
401857041,1,4:49,Official timeout
401857041,1,2:06,Tempo Full timeout
401857041,2,5:31,Tempo Full timeout
401857041,2,2:43,Wings Full timeout
401857041,3,8:00,Tempo Full timeout
401857041,4,5:54,Wings Full timeout
401857041,4,3:59,Wings Full timeout
401857041,4,3:17,Tempo Full timeout
401857041,4,3:03,(03:03) [Wings] COACH'S CHALLENGE (CALL 
401857042,1,4:47,Official timeout
401857042,2,7:06,Aces Full timeout
401857042,2,2:24,Fever Full timeout
401857042,3,5:12,Fever Full timeout
401857042,3,5:12,(05:12) [Fever] COACH'S CHALLENGE (CALL 
401857042,3,2:52,Aces Full timeout
401857042,4,6:13,Fever Full timeout
401857042,4,4:00,Aces Full timeout
401857042,4,3:06,Fever Full timeout
401857043,1,4:11,Official timeout
401857043,2,7:39,Mystics Full timeout
401857043,2,3:02,Golden State Valkyries Full timeout
401857043,3,5:40,Golden State Valkyries Full timeout
401857043,4,6:00,Mystics Full timeout
401857043,4,2:49,Official timeout
401857043,4,1:05,Mystics Full timeout
401857044,1,6:54,Lynx Full timeout
401857044,2,5:40,Official timeout
401857044,2,2:56,Sun Full timeout
401857044,3,4:28,Official timeout
401857044,3,1:51,Sun Full timeout
401857044,4,6:59,Lynx Full timeout
401857044,4,6:59,(06:59) [Lynx] COACH'S CHALLENGE (CALL O
401857044,4,3:49,Sun Full timeout
401857044,4,1:35,Lynx Full timeout
401857044,4,54.1,Sun Full timeout
401857044,4,44.5,Lynx Reset Timeout
401857044,4,18.2,Lynx Full timeout
401857044,4,6.0,Sun Full timeout
401857045,1,4:57,Official timeout
401857045,2,8:17,Sparks Full timeout
401857045,2,2:50,Sparks Full timeout
401857045,3,4:38,Official timeout
401857045,4,9:04,Storm Full timeout
401857045,4,3:14,Storm Full timeout
401857046,1,3:55,Official timeout
401857046,2,7:00,Liberty Full timeout
401857046,2,2:16,Liberty Full timeout
401857046,2,51.4,(00:51.4) [Wings] COACH'S CHALLENGE (CAL
401857046,3,8:20,Wings Full timeout
401857046,3,6:49,Wings Full timeout
401857046,3,6:34,(06:34) [Liberty] COACH'S CHALLENGE (CAL
401857046,4,7:33,Wings Full timeout
401857046,4,6:41,Liberty Full timeout
401857046,4,6:41,(06:41) [Liberty] COACH'S CHALLENGE (CAL
401857046,4,1:26,Wings Full timeout
401857046,4,1:11,Liberty Reset Timeout
401857047,1,4:35,Official timeout
401857047,1,3:18,Mercury Full timeout
401857047,1,3:18,(03:18) [Mercury] COACH'S CHALLENGE (CAL
401857047,2,5:59,Mercury Full timeout
401857047,2,2:00,Sky Full timeout
401857047,3,4:59,Official timeout
401857047,3,3:54,Mercury Full timeout
401857047,3,3:54,(03:54) [Sky] COACH'S CHALLENGE (CALL OV
401857047,3,56.8,Sky Full timeout
401857047,4,4:54,Mercury Full timeout
401857047,4,4:04,Sky Full timeout
401857047,4,4:04,(04:04) [Sky] COACH'S CHALLENGE (CALL ST
401857047,4,1:08,Sky Full timeout
401857047,4,1:07,Mercury Reset Timeout
401857048,1,4:41,Official timeout
401857048,2,7:45,Tempo Full timeout
401857048,2,3:02,Tempo Full timeout
401857048,3,6:54,Golden State Valkyries Full timeout
401857048,3,4:33,Golden State Valkyries Full timeout
401857048,4,7:01,Tempo Full timeout
401857048,4,5:50,(05:50) [Tempo] COACH'S CHALLENGE (CALL 
401857048,4,3:18,Golden State Valkyries Full timeout
401857048,4,1:47,Tempo Full timeout
401857048,4,1:16,Tempo Reset Timeout
401857048,4,36.4,Golden State Valkyries Reset Timeout
401857049,1,3:52,Official timeout
401857049,2,7:16,Sun Full timeout
401857049,2,4:52,Lynx Full timeout
401857049,2,2:26,Sun Full timeout
401857049,3,4:57,Official timeout
401857049,4,5:48,Sun Full timeout
401857049,4,4:51,Sun Full timeout
401857049,4,1:19,Lynx Full timeout
401857049,4,12.1,Lynx Reset Timeout
401857049,4,6.2,Sun Full timeout
401857050,1,4:58,Official timeout
401857050,1,3:09,Fever Full timeout
401857050,1,3:09,(03:09) [Fever] COACH'S CHALLENGE (CALL 
401857050,2,5:41,Sparks Full timeout
401857050,2,4:23,Sparks Full timeout
401857050,2,3:22,Fever Full timeout
401857050,3,5:01,Fever Full timeout
401857050,4,5:40,Official timeout
401857050,4,3:57,Sparks Full timeout
401857050,4,2:49,Fever Full timeout
401857051,1,4:19,Official timeout
401857051,2,6:52,Storm Full timeout
401857051,2,5:10,Storm Full timeout
401857051,3,4:55,Storm Full timeout
401857051,3,4:55,(04:55) [Storm] COACH'S CHALLENGE (CALL 
401857051,4,5:39,Official timeout
401857051,4,3:09,Dream Full timeout
401857051,4,1:18,Storm Reset Timeout
401857052,1,5:57,Mercury Full timeout
401857052,1,3:01,(03:01) [Fever] COACH'S CHALLENGE (CALL 
401857052,2,5:57,Official timeout
401857052,2,1:28,Fever Full timeout
401857052,3,6:59,Fever Full timeout
401857052,3,5:07,Mercury Full timeout
401857052,4,7:21,Fever Full timeout
401857052,4,4:21,Mercury Full timeout
401857052,4,3:24,(03:24) [Mercury] COACH'S CHALLENGE (CAL
401857052,4,44.5,Mercury Full timeout
401857052,4,41.4,Fever Full timeout
401857052,4,34.1,Mercury Reset Timeout
401857052,4,25.1,Fever Full timeout
401857052,4,10.1,Mercury Full timeout
401857053,1,4:42,Official timeout
401857053,1,2:12,Fire Full timeout
401857053,1,39.0,Aces Full timeout
401857053,2,5:13,Fire Full timeout
401857053,2,2:52,Aces Full timeout
401857053,3,4:40,Official timeout
401857053,4,6:22,Fire Full timeout
401857053,4,2:36,Fire Full timeout
401857054,1,4:30,Official timeout
401857054,2,5:54,Sun Full timeout
401857054,2,2:58,Golden State Valkyries Full timeout
401857054,3,4:32,Official timeout
401857054,3,2:53,Sun Full timeout
401857054,4,7:20,Sun Full timeout
401857054,4,3:52,Sun Full timeout
401857055,1,4:52,Official timeout
401857055,2,5:40,Tempo Full timeout
401857055,2,2:28,Wings Full timeout
401857055,3,4:21,Official timeout
401857055,4,7:41,Tempo Full timeout
401857055,4,5:56,Tempo Full timeout
401857055,4,4:14,Wings Full timeout
401857055,4,3:01,Tempo Full timeout
401857055,4,3:01,(03:01) [Tempo] COACH'S CHALLENGE (REPLA
401857055,4,1:50,Tempo Reset Timeout
401857056,1,5:04,Sky Full timeout
401857056,2,5:56,Official timeout
401857056,2,2:21,Sparks Full timeout
401857056,3,5:05,Sky Full timeout
401857056,4,6:59,Sky Full timeout
401857056,4,5:47,Sparks Full timeout
401857056,4,2:19,Sparks Full timeout
401857056,4,2:19,(02:19) [Sparks] COACH'S CHALLENGE (CALL
401857056,4,2:08,Sky Full timeout
401857056,4,2:08,(02:08) [Sky] COACH'S CHALLENGE (CALL OV
401857056,4,1:15,Sky Full timeout
401857057,1,4:33,Official timeout
401857057,2,8:46,Liberty Full timeout
401857057,2,3:30,Lynx Full timeout
401857057,3,4:57,Official timeout
401857057,3,3:02,(03:02) [Liberty] COACH'S CHALLENGE (CAL
401857057,3,2:15,Lynx Full timeout
401857057,4,6:33,Lynx Full timeout
401857057,4,5:33,Liberty Full timeout
401857057,4,3:48,Liberty Full timeout
401857057,4,3:05,(03:05) [Lynx] COACH'S CHALLENGE (REPLAY
401857057,4,3:05,Lynx Full timeout
401857057,4,52.9,Liberty Reset Timeout
401857057,4,44.2,Lynx Reset Timeout
401857057,4,40.7,Liberty Full timeout
401857057,4,8.4,Liberty Full timeout
401857059,1,4:56,Official timeout
401857059,1,1:53,(01:53) [Fire] COACH'S CHALLENGE (CALL O
401857059,2,5:47,Dream Full timeout
401857059,2,2:35,Fire Full timeout
401857059,3,6:51,Fire Full timeout
401857059,4,6:56,Dream Full timeout
401857059,4,6:56,(06:56) [Dream] COACH'S CHALLENGE (CALL 
401857059,4,3:44,Dream Full timeout
401857059,4,3:10,Fire Full timeout
401857058,1,5:16,Mercury Full timeout
401857058,1,2:30,(02:30) [Aces] COACH'S CHALLENGE (CALL O
401857058,2,5:37,Aces Full timeout
401857058,2,2:53,Official timeout
401857058,2,1:36,Mercury Full timeout
401857058,2,1:36,(01:36) [Mercury] COACH'S CHALLENGE (CAL
401857058,2,50.8,Aces Full timeout
401857058,2,50.8,(00:50.8) [Aces] COACH'S CHALLENGE (CALL
401857058,3,3:29,Official timeout
401857058,4,7:55,Aces Full timeout
401857058,4,4:34,Mercury Full timeout
401857060,1,4:27,Official timeout
401857060,1,3:18,(03:18) [Tempo] COACH'S CHALLENGE (CALL 
401857060,2,5:54,Tempo Full timeout
401857060,2,3:29,Liberty Full timeout
401857060,2,1:35,Tempo Full timeout
401857060,2,1:35,(01:35) [Tempo] COACH'S CHALLENGE (CALL 
401857060,3,5:51,Liberty Full timeout
401857060,3,1:46,Liberty Full timeout
401857060,3,1:46,(01:46) [Liberty] COACH'S CHALLENGE (REP
401857060,4,8:19,Tempo Full timeout
401857060,4,5:33,Tempo Full timeout
401857060,4,12.8,Liberty Full timeout
401857061,1,4:21,Official timeout
401857061,2,5:49,Mystics Full timeout
401857061,2,4:22,Storm Full timeout
401857061,3,7:42,Storm Full timeout
401857061,3,5:53,(05:53) [Storm] COACH'S CHALLENGE (CALL 
401857061,3,3:57,Mystics Full timeout
401857061,3,18.9,(00:18.9) [Mystics] COACH'S CHALLENGE (C
401857061,4,4:32,Official timeout
401857061,4,2:36,Mystics Full timeout
401857061,4,17.7,Storm Full timeout
401857062,1,4:56,Official timeout
401857062,1,3:16,Sky Full timeout
401857062,2,6:08,Wings Full timeout
401857062,2,2:55,Sky Full timeout
401857062,3,6:37,Wings Full timeout
401857062,4,4:50,Sky Full timeout
401857062,4,2:43,Official timeout
401857062,4,1:20,Wings Full timeout
401857062,4,42.4,Sky Full timeout
401857062,4,9.3,Wings Full timeout
401857062,4,7.7,Sky Full timeout
401857063,1,4:59,Official timeout
401857063,2,8:07,Aces Full timeout
401857063,2,2:19,Fever Full timeout
401857063,3,8:37,Fever Full timeout
401857063,3,5:45,Fever Full timeout
401857063,3,1:50,Aces Full timeout
401857063,3,50.3,Aces Full timeout
401857063,4,4:49,Official timeout
401857063,4,2:35,Fever Full timeout
401857064,1,4:21,Official timeout
401857064,2,7:12,Sparks Full timeout
401857064,2,4:56,Dream Full timeout
401857064,2,3:18,(03:18) [Dream] COACH'S CHALLENGE (CALL 
401857064,2,3:18,Dream Full timeout
401857064,3,4:51,Official timeout
401857064,3,1:56,Sparks Full timeout
401857064,4,9:24,(09:24) [Sparks] COACH'S CHALLENGE (CALL
401857064,4,9:24,Sparks Full timeout
401857064,4,6:27,Dream Full timeout
401857064,4,3:48,Sparks Full timeout
401857064,4,1:56,Sparks Full timeout
401857064,4,35.9,Sparks Full timeout
401857064,4,30.0,Sparks Reset Timeout
401857065,1,4:45,Mercury Full timeout
401857065,2,7:18,Mercury Full timeout
401857065,2,7:07,Official timeout
401857065,2,7:07,(07:07) [Lynx] COACH'S CHALLENGE (CALL O
401857065,3,4:41,Official timeout
401857065,3,3:32,Mercury Full timeout
401857065,3,3:32,(03:32) [Mercury] COACH'S CHALLENGE (REP
401857065,4,5:20,Lynx Full timeout
401857065,4,2:49,Mercury Full timeout
401857065,4,43.2,Mercury Reset Timeout
401857065,4,32.7,Lynx Full timeout
401857065,4,21.1,Mercury Full timeout
401857066,1,4:36,Official timeout
401857066,2,6:07,Fire Full timeout
401857066,2,4:52,Sun Full timeout
401857066,2,1:53,Fire Full timeout
401857066,3,7:56,Fire Full timeout
401857066,3,7:56,(07:56) [Fire] COACH'S CHALLENGE (CALL S
401857066,4,7:51,Sun Full timeout
401857066,4,4:24,Sun Full timeout
401857066,4,1:13,Fire Full timeout
401857066,4,7.4,Fire Full timeout
401857067,1,4:36,Official timeout
401857067,2,8:38,Mystics Full timeout
401857067,2,4:16,Tempo Full timeout
401857067,3,7:13,Tempo Full timeout
401857067,3,2:32,(02:32) [Tempo] COACH'S CHALLENGE (CALL 
401857067,4,7:14,Tempo Full timeout
401857067,4,3:54,Mystics Full timeout
401857067,4,1:39,Tempo Full timeout
401857067,4,1:11,Tempo Reset Timeout
401857068,1,4:37,Official timeout
401857068,1,3:10,Storm Full timeout
401857068,2,5:54,Sky Full timeout
401857068,2,2:44,Storm Full timeout
401857068,3,4:41,Official timeout
401857068,4,5:44,Sky Full timeout
401857068,4,4:28,Sky Full timeout
401857068,4,3:28,Storm Full timeout
401857068,4,46.6,Sky Full timeout
401857068,4,26.5,Storm Full timeout
401857068,4,8.4,Sky Full timeout
401857068,4,5.5,Storm Full timeout
401857069,1,4:43,Lynx Full timeout
401857069,2,8:00,Sparks Full timeout
401857069,2,2:43,Official timeout
401857069,3,6:46,Lynx Full timeout
401857069,3,3:35,Sparks Full timeout
401857069,3,3:19,(03:19) [Sparks] COACH'S CHALLENGE (REPL
401857069,4,6:03,Lynx Full timeout
401857069,4,2:58,Sparks Full timeout
401857069,4,1:26,Lynx Full timeout
401857070,1,5:42,Fever Full timeout
401857070,2,8:11,Golden State Valkyries Full timeout
401857070,2,2:58,Official timeout
401857070,3,8:03,Official timeout
401857070,3,8:03,(08:03) [Fever] COACH'S CHALLENGE (CALL 
401857070,3,5:56,Golden State Valkyries Full timeout
401857070,4,9:12,Fever Full timeout
401857070,4,4:14,Fever Full timeout
401857070,4,4:14,(04:14) [Fever] COACH'S CHALLENGE (CALL 
401857070,4,1:39,Golden State Valkyries Full timeout
401857070,4,55.7,Fever Full timeout
401857070,4,53.4,Fever Full timeout
401857070,4,37.1,Golden State Valkyries Full timeout
401857071,1,4:20,Official timeout
401857071,2,8:54,Mystics Full timeout
401857071,2,4:49,Fire Full timeout
401857071,2,4:49,(04:49) [Fire] COACH'S CHALLENGE (CALL O
401857071,3,6:21,Mystics Full timeout
401857071,3,1:08,(01:08) [Mystics] COACH'S CHALLENGE (CAL
401857071,4,5:41,Official timeout
401857071,4,2:34,Fire Full timeout
401857073,1,4:46,Storm Full timeout
401857073,2,7:28,Storm Full timeout
401857073,2,3:26,Fever Full timeout
401857073,3,4:29,Fever Full timeout
401857073,4,6:34,Fever Full timeout
401857073,4,4:10,Storm Full timeout
401857073,4,1:11,Storm Full timeout
401857073,4,1:04,Fever Full timeout
401857073,4,38.1,Storm Full timeout
401857073,4,27.3,Storm Reset Timeout
401857073,4,18.7,Fever Full timeout
401857074,1,4:51,Official timeout
401857074,2,5:59,Tempo Full timeout
401857074,2,3:42,Dream Full timeout
401857074,3,9:13,Tempo Full timeout
401857074,3,7:10,(07:10) [Dream] COACH'S CHALLENGE (CALL 
401857074,3,3:11,Tempo Full timeout
401857074,4,6:04,(06:04) [Tempo] COACH'S CHALLENGE (CALL 
401857074,4,5:25,Dream Full timeout
401857074,4,5:25,(05:25) [Dream] COACH'S CHALLENGE (REPLA
401857074,4,3:16,Tempo Full timeout
401857075,1,4:30,Official timeout
401857075,2,7:38,Sparks Full timeout
401857075,2,4:10,Sky Full timeout
401857075,3,4:59,Official timeout
401857075,3,3:04,(03:04) [Sky] COACH'S CHALLENGE (CALL OV
401857075,4,7:50,Sparks Full timeout
401857075,4,4:56,Sky Full timeout
401857075,4,3:42,Sky Full timeout
401857075,4,2:53,Sparks Full timeout
401857076,1,9:29,Mercury Full timeout
401857076,2,6:12,Mercury Full timeout
401857076,2,2:53,Official timeout
401857076,3,9:21,Sun Full timeout
401857076,3,4:53,Mercury Full timeout
401857076,4,5:55,Official timeout
401857076,4,3:32,Sun Full timeout
401857076,4,3:17,Mercury Full timeout
401857076,4,3:17,(03:17) [Mercury] COACH'S CHALLENGE (CAL
401857077,1,7:13,Fever Full timeout
401857077,2,5:38,Official timeout
401857077,2,4:00,Liberty Full timeout
401857077,3,5:59,Liberty Full timeout
401857077,3,5:00,(05:00) [Fever] COACH'S CHALLENGE (CALL 
401857077,4,8:42,Liberty Full timeout
401857077,4,7:02,Fever Full timeout
401857077,4,4:35,Liberty Full timeout
401857077,4,3:33,Fever Full timeout
401857077,4,2:51,Fever Full timeout
401857077,4,2:51,(02:51) [Fever] COACH'S CHALLENGE (CALL 
401857078,1,4:43,Official timeout
401857078,2,6:24,Fire Full timeout
401857078,2,1:43,Lynx Full timeout
401857078,3,4:59,Fire Full timeout
401857078,4,6:25,Lynx Full timeout
401857078,4,4:14,Fire Full timeout
401857078,4,1:55,Fire Full timeout
401857078,4,54.5,Fire Reset Timeout
401857078,4,32.9,Fire Full timeout
401857078,4,32.9,Lynx Reset Timeout
401857079,1,4:50,Official timeout
401857079,2,5:56,Golden State Valkyries Full timeout
401857079,2,4:47,Mystics Full timeout
401857079,3,7:59,Golden State Valkyries Full timeout
401857079,3,3:07,Mystics Full timeout
401857079,3,3:07,(03:07) [Mystics] COACH'S CHALLENGE (CAL
401857079,4,5:19,Mystics Full timeout
401857079,4,2:51,Official timeout
401857079,4,31.0,Golden State Valkyries Reset Timeout
401857079,4,14.9,Golden State Valkyries Full timeout
401857080,1,4:51,Official timeout
401857080,2,5:24,Sparks Full timeout
401857080,2,2:16,Wings Full timeout
401857080,3,5:54,Wings Full timeout
401857080,3,5:54,(05:54) [Sparks] COACH'S CHALLENGE (CALL
401857080,4,5:53,Sparks Full timeout
401857080,4,3:54,Wings Full timeout
401857080,4,2:31,Sparks Full timeout
401857081,1,4:44,Official timeout
401857081,2,5:45,Official timeout
401857081,2,2:03,Official timeout
401857081,3,8:57,Dream Full timeout
401857081,3,2:59,Sky Full timeout
401857081,4,9:45,(09:45) [Sky] COACH'S CHALLENGE (CALL OV
401857081,4,9:45,Official timeout
401857081,4,6:18,Sky Full timeout
401857081,4,2:00,Sky Full timeout
401857081,4,33.7,Sky Full timeout
401857081,4,9.5,Sky Reset Timeout
401857081,4,5.5,Dream Full timeout
401857082,1,4:23,Official timeout
401857082,2,5:24,Official timeout
401857082,2,3:38,Sun Full timeout
401857082,3,4:58,Mercury Full timeout
401857082,3,21.4,Mercury Full timeout
401857082,3,21.4,(00:21.4) [Mercury] COACH'S CHALLENGE (C
401857082,4,5:59,Mercury Full timeout
401857082,4,3:55,Sun Full timeout
401857082,4,1:56,Sun Full timeout
401857083,1,8:22,Aces Full timeout
401857083,1,2:54,Tempo Full timeout
401857083,2,8:04,Tempo Full timeout
401857083,2,2:27,Official timeout
401857083,3,5:22,Tempo Full timeout
401857083,3,1:18,Aces Full timeout
401857083,3,25.3,(00:25.3) [Aces] COACH'S CHALLENGE (CALL
401857083,4,7:31,Tempo Full timeout
401857083,4,7:31,(07:31) [Tempo] COACH'S CHALLENGE (CALL 
401857083,4,2:41,Official timeout
401892393,1,1:44,Official timeout
401892393,2,5:22,Wings Full timeout
401892393,2,3:05,Liberty Full timeout
401892393,3,7:41,Liberty Full timeout
401892393,3,1:44,Liberty Full timeout
401892393,4,5:46,Official timeout
401892393,4,3:42,Wings Full timeout
401892393,4,2:28,Wings Full timeout
401892393,4,2:28,(02:28) [Wings] COACH'S CHALLENGE (CALL 
401892393,4,51.0,Wings Full timeout
401892393,4,21.5,Wings Reset Timeout
401892393,4,17.9,Liberty Full timeout
401892393,4,6.9,(00:06.9) [Liberty] COACH'S CHALLENGE (C
401892393,4,6.9,Liberty Reset Timeout
401892393,4,3.5,Liberty Full timeout
401892393,5,1:44,Wings Full timeout
401892393,5,3.5,Wings Full timeout
401857084,1,3:03,Official timeout
401857084,2,5:51,Golden State Valkyries Full timeout
401857084,2,2:19,Mystics Full timeout
401857084,3,8:13,Golden State Valkyries Full timeout
401857084,3,4:36,Mystics Full timeout
401857084,4,5:36,Official timeout
401857084,4,3:32,Mystics Full timeout
401857084,4,1:41,Golden State Valkyries Full timeout
401857084,4,18.8,Golden State Valkyries Reset Timeout
401857084,4,13.8,Mystics Reset Timeout
401857084,4,12.9,Golden State Valkyries Full timeout
401857085,1,5:35,Storm Full timeout
401857085,1,2:47,(02:47) [Storm] COACH'S CHALLENGE (CALL 
401857085,2,5:04,Storm Full timeout
401857085,2,4:09,Official timeout
401857085,2,4:09,(04:09) [Lynx] COACH'S CHALLENGE (CALL O
401857085,2,2:22,Lynx Full timeout
401857085,3,3:47,Official timeout
401857085,4,5:47,Lynx Full timeout
401857085,4,4:34,Storm Full timeout
401857085,4,4:34,(04:34) [Storm] COACH'S CHALLENGE (CALL 
401857085,4,1:04,Lynx Reset Timeout
401857085,4,52.4,Storm Full timeout
401857085,4,21.5,Storm Reset Timeout
401857085,4,13.8,Storm Full timeout
401857085,4,4.9,Lynx Full timeout
401857086,1,4:26,Official timeout
401857086,2,5:57,Sparks Full timeout
401857086,2,4:21,Sparks Full timeout
401857086,2,3:31,Sparks Full timeout
401857086,2,3:31,(03:31) [Sparks] COACH'S CHALLENGE (REPL
401857086,3,7:09,Mercury Full timeout
401857086,3,2:23,Sparks Full timeout
401857086,4,5:13,Mercury Full timeout
401857086,4,3:46,Sparks Full timeout
401857086,4,3:12,Mercury Full timeout
401857086,4,14.0,Sparks Reset Timeout
401857087,1,3:50,Official timeout
401857087,2,9:47,Storm Full timeout
401857087,2,9:47,(09:47) [Storm] COACH'S CHALLENGE (CALL 
401857087,2,1:39,Lynx Full timeout
401857087,3,5:29,Storm Full timeout
401857087,3,4:42,(04:42) [Lynx] COACH'S CHALLENGE (CALL O
401857087,4,5:15,Official timeout
401857087,4,3:22,Lynx Full timeout
401857087,4,3:04,Storm Full timeout
401857087,4,2:19,Storm Full timeout
401857087,4,2:19,(02:19) [Storm] COACH'S CHALLENGE (CALL 
401857087,4,51.8,Lynx Full timeout
401857087,4,51.8,(00:51.8) [Lynx] COACH'S CHALLENGE (CALL
401857087,4,37.2,Storm Reset Timeout
401857087,4,19.7,Storm Full timeout
401857088,1,7:23,Liberty Full timeout
401857088,2,4:31,Official timeout
401857088,2,2:54,Sky Full timeout
401857088,2,32.8,Sky Full timeout
401857088,3,4:35,Official timeout
401857088,4,7:21,Liberty Full timeout
401857088,4,4:19,Sky Full timeout
401857088,4,2:34,Sky Full timeout
401857088,4,58.9,Liberty Reset Timeout
401857088,4,31.0,Liberty Full timeout
401857088,4,27.3,Sky Full timeout
401857088,4,15.1,Sky Reset Timeout
401857089,1,4:33,Official timeout
401857089,2,5:51,Aces Full timeout
401857089,2,2:46,Mystics Full timeout
401857089,3,4:08,Official timeout
401857089,4,6:55,Aces Full timeout
401857089,4,5:18,Mystics Full timeout
401857089,4,3:33,Aces Full timeout
401857089,4,3:18,Mystics Full timeout
401857089,4,30.6,Mystics Full timeout
401857089,4,30.6,(00:30.6) [Mystics] COACH'S CHALLENGE (C
401857089,4,19.6,Aces Reset Timeout
401857089,4,17.8,Mystics Reset Timeout
401857089,4,12.8,Aces Full timeout
401857090,1,5:31,Sun Full timeout
401857090,2,7:32,Sun Full timeout
401857090,2,2:09,Official timeout
401857090,3,8:14,Sun Full timeout
401857090,3,5:32,Fever Full timeout
401857090,3,3:45,(03:45) [Fever] COACH'S CHALLENGE (CALL 
401857090,4,6:13,Fever Full timeout
401857090,4,3:38,Fever Full timeout
401857091,1,5:51,Fire Full timeout
401857091,2,5:37,Official timeout
401857091,2,1:33,Wings Full timeout
401857091,3,3:17,Official timeout
401857091,4,8:04,Fire Full timeout
401857091,4,6:10,Wings Full timeout
401857091,4,3:45,Fire Full timeout
401857091,4,2:33,Wings Full timeout
401857091,4,1:21,Fire Full timeout
401857091,4,32.0,Wings Full timeout
401857091,4,0.7,Fire Full timeout
401857320,1,3:31,Official timeout
401857320,2,5:47,Team Coop Full timeout
401857320,2,1:39,Team Spoon Full timeout
401857320,3,8:12,Team Spoon Full timeout
401857320,3,8:12,(08:12) [Team Spoon] COACH'S CHALLENGE (
401857320,4,7:14,Team Coop Full timeout
401857320,4,5:32,Team Spoon Full timeout
401857092,1,4:32,Official timeout
401857092,2,6:27,Sun Full timeout
401857092,2,2:21,Mystics Full timeout
401857092,3,4:47,Sun Full timeout
401857092,4,5:50,Official timeout
401857092,4,3:58,Mystics Full timeout
401857092,4,3:58,(03:58) [Mystics] COACH'S CHALLENGE (CAL
401857092,4,2:33,Mystics Full timeout
401857093,1,6:10,Lynx Full timeout
401857093,2,6:19,Tempo Full timeout
401857093,2,4:04,Official timeout
401857093,2,4:04,(04:04) [Tempo] COACH'S CHALLENGE (CALL 
401857093,3,3:23,Tempo Full timeout
401857093,4,5:54,Lynx Full timeout
401857093,4,3:16,Tempo Full timeout
401857093,4,1:05,Tempo Full timeout
401857093,4,35.7,Tempo Full timeout
401857094,1,4:26,Official timeout
401857094,1,1:16,Storm Full timeout
401857094,2,5:15,Storm Full timeout
401857094,2,4:56,Fever Full timeout
401857094,2,3:08,(03:08) [Storm] COACH'S CHALLENGE (CALL 
401857094,2,1:13,(01:13) [Fever] COACH'S CHALLENGE (CALL 
401857094,3,6:25,Fever Full timeout
401857094,3,3:05,Storm Full timeout
401857094,4,5:12,Official timeout
401857094,4,3:45,Fever Full timeout
401857094,4,1:25,Fever Full timeout
401857094,4,42.1,Fever Reset Timeout
401857094,4,30.6,Storm Full timeout
401857094,4,16.3,Fever Full timeout
401857095,1,7:08,Fire Full timeout
401857095,1,4:21,Aces Full timeout
401857095,2,5:01,Official timeout
401857095,2,2:44,Aces Full timeout
401857095,2,2:14,Fire Full timeout
401857095,2,2:14,(02:14) [Fire] COACH'S CHALLENGE (CALL S
401857095,3,8:43,Fire Full timeout
401857095,3,7:31,Aces Full timeout
401857095,4,5:58,Official timeout
401857095,4,2:50,Aces Full timeout
401857096,1,8:11,Liberty Full timeout
401857096,2,6:07,Liberty Full timeout
401857096,2,2:36,Official timeout
401857096,3,5:41,Liberty Full timeout
401857096,3,1:35,Sparks Full timeout
401857096,4,6:13,Sparks Full timeout
401857096,4,3:30,Sparks Full timeout
401857096,4,1:15,(01:15) [Sparks] COACH'S CHALLENGE (CALL
401857096,4,52.3,Sparks Reset Timeout
401857096,4,44.2,Liberty Full timeout
401857096,4,32.7,Sparks Full timeout
401857096,4,4.9,Sparks Full timeout
401857097,1,4:50,Official timeout
401857097,2,5:18,Wings Full timeout
401857097,2,3:30,Dream Full timeout
401857097,3,4:56,Official timeout
401857097,3,2:58,Dream Full timeout
401857097,4,6:13,Wings Full timeout
401857097,4,2:45,Dream Full timeout
401857097,4,45.7,Dream Full timeout
401857097,4,23.1,Dream Full timeout
401857098,1,4:44,Official timeout
401857098,2,5:59,Mercury Full timeout
401857098,2,4:16,Golden State Valkyries Full timeout
401857098,3,8:50,Official timeout
401857098,3,8:50,(08:50) [Golden State Valkyries] COACH'S
401857098,4,8:09,Mercury Full timeout
401857098,4,6:58,Golden State Valkyries Full timeout
401857098,4,5:11,Golden State Valkyries Full timeout
401857098,4,3:31,Mercury Full timeout
401857098,4,1:45,Mercury Full timeout
401857098,4,1:45,(01:45) [Mercury] COACH'S CHALLENGE (CAL
401857098,4,47.8,Golden State Valkyries Full timeout
401857098,4,23.9,Golden State Valkyries Full timeout
401857098,4,15.3,Golden State Valkyries Reset Timeout
401857098,4,5.6,Mercury Full timeout
401857099,1,6:14,Lynx Full timeout
401857099,2,6:09,Tempo Full timeout
401857099,2,4:41,Tempo Full timeout
401857099,3,8:37,Tempo Full timeout
401857099,3,3:59,Tempo Full timeout
401857099,4,4:46,Official timeout
401857099,4,2:51,Lynx Full timeout
401857100,1,4:36,Official timeout
401857100,2,6:21,Sky Full timeout
401857100,2,3:41,Sun Full timeout
401857100,3,6:59,Sun Full timeout
401857100,3,5:12,Sky Full timeout
401857100,4,5:12,Official timeout
401857100,4,4:05,Sun Full timeout
401857100,4,3:01,Sun Full timeout
401857101,1,6:41,Liberty Full timeout
401857101,2,7:20,Liberty Full timeout
401857101,2,1:56,Official timeout
401857101,3,7:59,Aces Full timeout
401857101,3,7:46,(07:46) [Aces] COACH'S CHALLENGE (CALL O
401857101,3,5:10,Liberty Full timeout
401857101,3,5:10,(05:10) [Liberty] COACH'S CHALLENGE (CAL
401857101,4,8:30,Aces Full timeout
401857101,4,3:36,Aces Full timeout
401857101,4,55.5,Liberty Reset Timeout
401857101,4,20.8,Aces Reset Timeout
401857101,4,15.7,Liberty Full timeout
401857101,4,14.4,Liberty Full timeout
401857101,4,7.7,Aces Full timeout
401857102,1,4:58,Official timeout
401857102,1,2:24,Storm Full timeout
401857102,1,1:26,(01:26) [Dream] COACH'S CHALLENGE (CALL 
401857102,2,5:31,Dream Full timeout
401857102,2,1:56,Storm Full timeout
401857102,3,7:04,Dream Full timeout
401857102,4,7:24,Storm Full timeout
401857102,4,3:52,Storm Full timeout
401857102,4,40.4,Dream Full timeout
401857102,4,40.4,Dream Reset Timeout
401857102,4,30.6,Storm Reset Timeout
401857102,4,27.1,Dream Full timeout
401857102,4,25.1,Storm Full timeout
401857103,1,4:55,Official timeout
401857103,2,6:38,Mystics Full timeout
401857103,2,3:59,Wings Full timeout
401857103,3,4:03,Official timeout
401857103,4,7:51,Mystics Full timeout
401857103,4,7:51,(07:51) [Wings] COACH'S CHALLENGE (CALL 
401857103,4,3:53,Wings Full timeout
401857103,4,3:42,(03:42) [Mystics] COACH'S CHALLENGE (CAL
401857103,4,1:30,Mystics Full timeout
401857103,4,1:21,Wings Reset Timeout
401857103,4,24.2,Wings Full timeout
401857103,4,19.8,Mystics Full timeout
401857103,4,10.8,Wings Full timeout
401857104,1,3:58,Official timeout
401857104,2,6:08,Fire Full timeout
401857104,2,2:37,Fever Full timeout
401857104,3,6:48,Fire Full timeout
401857104,4,8:10,Fever Full timeout
401857104,4,4:55,Fever Full timeout
401857104,4,3:29,Fire Full timeout
401857104,4,2:37,(02:37) [Fever] COACH'S CHALLENGE (CALL 
401857104,4,1:25,Fire Full timeout
401857104,4,1:05,Fever Reset Timeout
401857104,4,1:03,Fire Reset Timeout
401857104,4,1:00,Fever Full timeout
401857105,1,4:02,Official timeout
401857105,1,2:15,Sky Full timeout
401857105,2,7:31,Sky Full timeout
401857105,2,5:42,Aces Full timeout
401857105,2,4:59,(04:59) [Aces] COACH'S CHALLENGE (CALL O
401857105,3,4:53,Official timeout
401857105,4,7:09,Aces Full timeout
401857105,4,4:39,Aces Full timeout
401857105,4,1:31,(01:31) [Sky] COACH'S CHALLENGE (CALL OV
401857105,4,43.9,Aces Reset Timeout
401857105,4,26.6,Sky Full timeout
401857105,4,7.0,Aces Full timeout
401857105,4,7.0,Aces Full timeout
401857105,4,3.2,Sky Full timeout
401857106,1,8:12,Mercury Full timeout
401857106,1,38.4,Liberty Full timeout
401857106,2,5:49,Official timeout
401857106,2,3:57,Liberty Full timeout
401857106,2,1:15,Mercury Full timeout
401857106,2,1:15,(01:15) [Mercury] COACH'S CHALLENGE (CAL
401857106,3,7:00,Mercury Full timeout
401857106,3,4:05,Liberty Full timeout
401857106,4,5:54,Official timeout
401857106,4,2:33,Liberty Full timeout
401857106,4,1:10,Mercury Full timeout
401857106,4,33.9,Liberty Reset Timeout
401857106,4,24.1,Liberty Full timeout
401857106,4,12.7,Mercury Reset Timeout
401129933,1,4:54,Official timeout
401129933,1,4:54,Official timeout
401129933,1,4:54,Official timeout
401129933,2,5:45,New York Full timeout
401129933,2,1:38,China Full timeout
401129933,3,9:07,China Full timeout
401129933,3,5:58,New York 20 Sec. timeout
401129933,3,57.8,China 20 Sec. timeout
401129933,4,5:36,Official timeout
401129933,4,5:36,Official timeout
401129933,4,5:36,Official timeout
401129933,4,2:15,New York Full timeout
401129934,1,4:42,Official timeout
401129934,1,4:42,Official timeout
401129934,1,4:42,Official timeout
401129934,2,7:40,Minnesota Full timeout
401129934,2,2:32,Washington Full timeout
401129934,3,4:41,Official timeout
401129934,3,4:41,Official timeout
401129934,3,4:41,Official timeout
401129934,4,8:59,Washington Full timeout
401129934,4,7:55,Minnesota 20 Sec. timeout
401129934,4,3:44,Minnesota Full timeout
401129934,4,1:25,Washington 20 Sec. timeout
401129934,4,17.1,Washington 20 Sec. timeout
401129934,4,10.0,Washington Full timeout
401129935,1,4:47,Official timeout
401129935,1,4:47,Official timeout
401129935,1,4:47,Official timeout
401129935,1,3:38,Los Angeles Full timeout
401129935,1,1:04,Phoenix Full timeout
401129935,2,5:03,Phoenix 20 Sec. timeout
401129935,2,2:49,Los Angeles Full timeout
401129935,3,5:54,Los Angeles Full timeout
401129935,4,7:17,Phoenix Full timeout
401129935,4,3:53,Los Angeles Full timeout
401129936,1,4:35,Official timeout
401129936,1,4:35,Official timeout
401129936,1,4:35,Official timeout
401129936,2,5:46,Atlanta Full timeout
401129936,2,1:33,Atlanta Full timeout
401129936,3,6:21,Dallas Full timeout
401129936,4,5:50,Official timeout
401129936,4,5:50,Official timeout
401129936,4,5:50,Official timeout
401129936,4,2:00,Atlanta Full timeout
401129937,1,4:44,Official timeout
401129937,1,4:44,Official timeout
401129937,1,4:44,Official timeout
401129937,2,7:40,Connecticut Full timeout
401129937,2,2:44,New York Full timeout
401129937,3,6:23,New York Full timeout
401129937,4,6:02,New York Full timeout
401129937,4,2:56,Official timeout
401129938,1,4:58,Official timeout
401129938,1,4:58,Official timeout
401129938,1,4:58,Official timeout
401129938,1,2:28,Chicago 20 Sec. timeout
401129938,2,5:37,Chicago Full timeout
401129938,2,2:04,Chicago Full timeout
401129938,3,7:11,Indiana Full timeout
401129938,4,5:53,Official timeout
401129938,4,5:53,Official timeout
401129938,4,5:53,Official timeout
401129938,4,2:41,Chicago Full timeout
401129939,1,3:25,Official timeout
401129939,1,3:25,Official timeout
401129939,1,3:25,Official timeout
401129939,2,6:05,Atlanta Full timeout
401129939,2,1:41,New York Full timeout
401129939,3,4:53,Official timeout
401129939,3,4:53,Official timeout
401129939,3,4:53,Official timeout
401129939,4,5:55,Atlanta Full timeout
401129939,4,2:50,New York Full timeout
401129939,4,55.0,Atlanta Full timeout
401129939,4,48.8,New York Full timeout
401129939,4,32.8,New York 20 Sec. timeout
401129939,4,31.5,Atlanta 20 Sec. timeout
401129939,4,19.1,New York 20 Sec. timeout
401129940,1,7:09,Dallas Full timeout
401129940,2,8:45,Dallas Full timeout
401129940,2,3:39,Dallas 20 Sec. timeout
401129940,2,2:51,Official timeout
401129940,2,2:51,Official timeout
401129940,2,2:51,Official timeout
401129940,3,5:54,Dallas Full timeout
401129940,3,4:26,Connecticut Full timeout
401129940,4,5:31,Official timeout
401129940,4,5:31,Official timeout
401129940,4,5:31,Official timeout
401129940,4,2:54,Connecticut Full timeout
401129940,4,1:23,Connecticut 20 Sec. timeout
401129940,4,30.0,Connecticut 20 Sec. timeout
401129940,4,17.8,Dallas Full timeout
401129941,1,4:08,Phoenix Full timeout
401129941,2,5:27,Seattle Full timeout
401129941,2,2:55,Official timeout
401129941,2,2:55,Official timeout
401129941,2,2:55,Official timeout
401129941,2,1:07,Phoenix Full timeout
401129941,2,35.6,Seattle Full timeout
401129941,3,8:47,Phoenix Full timeout
401129941,4,6:34,Phoenix Full timeout
401129941,4,3:20,Seattle Full timeout
401129941,4,1:31,Seattle Full timeout
401129941,4,36.8,Seattle 20 Sec. timeout
401129941,4,25.1,Phoenix 20 Sec. timeout
401129941,4,3.4,Seattle 20 Sec. timeout
401129942,1,8:06,Chicago Full timeout
401129942,2,5:11,Official timeout
401129942,2,5:11,Official timeout
401129942,2,5:11,Official timeout
401129942,2,2:35,Indiana Full timeout
401129942,2,57.3,Chicago Full timeout
401129942,3,6:56,Chicago Full timeout
401129942,4,5:46,Official timeout
401129942,4,5:46,Official timeout
401129942,4,5:46,Official timeout
401129942,4,5:10,Indiana Full timeout
401129943,1,4:32,Official timeout
401129943,1,4:32,Official timeout
401129943,1,4:32,Official timeout
401129943,3,2:56,Official timeout
401129943,3,2:56,Official timeout
401129943,3,2:56,Official timeout
401129943,4,5:36,Atlanta Full timeout
401129943,4,1:35,Official timeout
401129943,4,1:35,Official timeout
401129943,4,1:35,Official timeout
401129944,1,4:38,Official timeout
401129944,2,7:59,Los Angeles Full timeout
401129944,2,5:47,Los Angeles Full timeout
401129944,2,1:45,Seattle Full timeout
401129944,3,8:30,Seattle Full timeout
401129944,3,5:56,Seattle Full timeout
401129944,3,4:35,Los Angeles Full timeout
401129944,4,7:09,Los Angeles Full timeout
401129944,4,3:19,Los Angeles Full timeout
401129944,4,2:45,Official timeout
401129944,4,2:45,Official timeout
401129944,4,2:45,Official timeout
401129944,4,1:22,Seattle 20 Sec. timeout
401129945,2,8:35,Connecticut 20 Sec. timeout
401129945,2,3:33,New York 20 Sec. timeout
401129945,3,9:01,New York Full timeout
401129945,4,5:14,Official timeout
401129945,4,5:14,Official timeout
401129945,4,5:14,Official timeout
401129945,4,2:50,New York 20 Sec. timeout
401129946,1,4:45,Official timeout
401129946,1,4:45,Official timeout
401129946,1,4:45,Official timeout
401129946,1,2:27,Dallas Full timeout
401129946,2,6:02,Indiana Full timeout
401129946,2,2:59,Dallas Full timeout
401129946,2,2:12,Dallas 20 Sec. timeout
401129946,3,5:11,Dallas Full timeout
401129946,3,3:46,Dallas 20 Sec. timeout
401129946,4,5:59,Official timeout
401129946,4,5:59,Official timeout
401129946,4,5:59,Official timeout
401129946,4,2:15,Indiana Full timeout
401129946,4,22.9,Dallas Full timeout
401129946,4,11.7,Indiana Full timeout
401129947,1,6:01,Minnesota Full timeout
401129947,2,5:57,Official timeout
401129947,2,5:57,Official timeout
401129947,2,5:57,Official timeout
401129947,2,2:27,Minnesota Full timeout
401129947,3,8:36,Minnesota Full timeout
401129947,4,5:52,Official timeout
401129947,4,5:52,Official timeout
401129947,4,5:52,Official timeout
401129947,4,3:56,Las Vegas Full timeout
401129947,4,57.3,Minnesota Full timeout
401129947,4,15.0,Las Vegas Full timeout
401129947,4,6.8,Minnesota 20 Sec. timeout
401129947,4,5.7,Las Vegas 20 Sec. timeout
401104913,1,5:53,Dallas Full timeout
401104913,2,5:00,Dallas Full timeout
401104913,2,2:45,Official timeout
401104913,2,1:17,Atlanta Full timeout
401104913,3,6:50,Dallas Full timeout
401104913,3,5:02,Dallas Full timeout
401104913,4,5:12,Atlanta Full timeout
401104913,4,2:29,Atlanta Full timeout
401104913,4,1:17,Dallas 20 Sec. timeout
401104913,4,28.1,Dallas 20 Sec. timeout
401104913,4,17.3,Atlanta 20 Sec. timeout
401104913,4,6.2,Atlanta 20 Sec. timeout
401104914,1,4:11,Official timeout
401104914,2,6:52,New York Full timeout
401104914,2,2:47,Indiana Full timeout
401104914,3,4:45,Official timeout
401104914,4,5:49,New York Full timeout
401104914,4,2:16,Indiana Full timeout
401104914,4,13.2,New York 20 Sec. timeout
401104914,4,13.2,New York Full timeout
401104914,4,7.0,Indiana Full timeout
401104915,1,3:51,Official timeout
401104915,2,6:30,Phoenix Full timeout
401104915,2,2:25,Seattle Full timeout
401104915,2,28.5,Seattle Full timeout
401104915,2,6.1,Phoenix Full timeout
401104915,3,5:04,Phoenix Full timeout
401104915,3,3:37,Phoenix 20 Sec. timeout
401104915,4,5:56,Official timeout
401104915,4,3:44,Phoenix Full timeout
401104915,4,2:46,Seattle Full timeout
401104915,4,1:10,Seattle Full timeout
401104915,4,17.2,Seattle 20 Sec. timeout
401104915,4,11.8,Phoenix 20 Sec. timeout
401104916,1,4:47,Official timeout
401104916,2,5:53,Connecticut Full timeout
401104916,2,3:37,Washington Full timeout
401104916,2,37.1,Connecticut Full timeout
401104916,3,4:44,Washington Full timeout
401104916,3,1:17,Washington 20 Sec. timeout
401104916,4,4:23,Official timeout
401104916,4,2:47,Connecticut Full timeout
401104916,4,1:34,Washington 20 Sec. timeout
401104917,1,4:46,Official timeout
401104917,2,8:50,Chicago Full timeout
401104917,2,2:54,Minnesota Full timeout
401104917,3,6:17,Chicago Full timeout
401104917,4,5:37,Official timeout
401104917,4,2:40,Minnesota Full timeout
401104918,1,4:17,Los Angeles Full timeout
401104918,2,8:14,Los Angeles Full timeout
401104918,2,5:11,Las Vegas Full timeout
401104918,3,6:22,Los Angeles Full timeout
401104918,4,5:53,Official timeout
401104918,4,5:21,Los Angeles Full timeout
401104919,1,4:31,Official timeout
401104919,2,5:07,Indiana Full timeout
401104919,2,2:07,Connecticut Full timeout
401104919,3,7:34,Indiana Full timeout
401104919,3,3:01,Indiana Full timeout
401104919,4,6:39,Connecticut Full timeout
401104919,4,2:53,Official timeout
401104919,4,32.5,Indiana 20 Sec. timeout
401104919,4,8.2,Indiana 20 Sec. timeout
401104920,1,4:18,Official timeout
401104920,2,5:43,Minnesota Full timeout
401104920,2,3:01,Seattle Full timeout
401104920,2,1:05,Seattle Full timeout
401104920,2,39.6,Minnesota Full timeout
401104920,3,9:05,Seattle Full timeout
401104920,4,5:56,Official timeout
401104920,4,2:37,Minnesota Full timeout
401104920,4,1:26,Minnesota 20 Sec. timeout
401104921,1,4:06,Official timeout
401104921,2,5:56,Atlanta Full timeout
401104921,2,3:17,Atlanta Full timeout
401104921,2,1:06,Seattle Full timeout
401104921,2,13.6,Seattle Full timeout
401104921,3,5:47,Seattle Full timeout
401104921,4,5:05,Official timeout
401104921,4,2:46,Seattle Full timeout
401104922,1,4:54,Official timeout
401104922,2,7:02,Phoenix Full timeout
401104922,2,4:21,Phoenix Full timeout
401104922,2,2:29,Las Vegas Full timeout
401104922,3,7:24,Phoenix Full timeout
401104922,4,8:03,Las Vegas Full timeout
401104922,4,5:01,Phoenix Full timeout
401104922,4,1:57,Phoenix 20 Sec. timeout
401104922,4,45.8,Las Vegas Full timeout
401104922,4,18.5,Phoenix 20 Sec. timeout
401104922,4,17.6,Las Vegas 20 Sec. timeout
401104922,4,10.8,Las Vegas 20 Sec. timeout
401104923,1,8:54,Connecticut Full timeout
401104923,2,5:31,Official timeout
401104923,2,2:56,Los Angeles Full timeout
401104923,2,30.5,Connecticut 20 Sec. timeout
401104923,3,9:28,Los Angeles Full timeout
401104923,3,7:08,Connecticut Full timeout
401104923,4,5:35,Official timeout
401104923,4,3:12,Connecticut Full timeout
401104923,4,40.7,Connecticut 20 Sec. timeout
401104923,4,19.0,Connecticut 20 Sec. timeout
401104924,1,7:29,New York Full timeout
401104924,2,5:12,Official timeout
401104924,2,2:53,Indiana Full timeout
401104924,3,4:46,Official timeout
401104924,4,5:58,Indiana Full timeout
401104924,4,4:06,Indiana Full timeout
401104925,1,4:28,Washington Full timeout
401104925,2,8:13,Atlanta Full timeout
401104925,2,2:35,Washington Full timeout
401104925,3,4:52,Official timeout
401104925,4,5:42,Washington Full timeout
401104925,4,2:45,Atlanta Full timeout
401104926,1,4:11,Official timeout
401104926,2,6:46,Seattle Full timeout
401104926,2,2:22,Chicago Full timeout
401104926,2,52.8,Chicago Full timeout
401104926,2,4.1,Seattle Full timeout
401104926,3,4:52,Seattle Full timeout
401104926,3,5.2,Chicago 20 Sec. timeout
401104926,4,5:47,Chicago Full timeout
401104926,4,2:45,Chicago Full timeout
401104926,4,1:50,Seattle Full timeout
401104926,4,40.7,Seattle 20 Sec. timeout
401104926,4,14.6,Seattle 20 Sec. timeout
401104927,1,2:10,Dallas Full timeout
401104927,2,7:37,Dallas Full timeout
401104927,2,2:53,Official timeout
401104927,3,5:03,Dallas Full timeout
401104927,3,3:26,Minnesota Full timeout
401104927,4,6:10,Dallas Full timeout
401104927,4,2:48,Official timeout
401104927,4,24.9,Minnesota Full timeout
401104927,4,15.2,Dallas 20 Sec. timeout
401104928,1,4:56,Official timeout
401104928,1,1:07,Connecticut Full timeout
401104928,2,4:52,Connecticut Full timeout
401104928,2,3:06,Las Vegas Full timeout
401104928,3,8:29,Las Vegas 20 Sec. timeout
401104928,3,4:25,Official timeout
401104928,4,7:26,Connecticut Full timeout
401104928,4,2:55,Las Vegas Full timeout
401104928,4,2:00,Connecticut 20 Sec. timeout
401104928,4,1:07,Las Vegas Full timeout
401104929,1,4:24,Official timeout
401104929,1,1:45,Los Angeles Full timeout
401104929,2,6:15,New York Full timeout
401104929,2,2:39,Los Angeles Full timeout
401104929,3,5:52,Los Angeles Full timeout
401104929,4,5:29,Los Angeles Full timeout
401104929,4,2:04,New York Full timeout
401104929,4,41.0,New York Full timeout
401104929,4,22.8,New York 20 Sec. timeout
401104929,4,15.2,New York 20 Sec. timeout
401104930,1,5:11,Minnesota Full timeout
401104930,2,5:46,Official timeout
401104930,2,3:45,Minnesota Full timeout
401104930,2,1:14,Seattle Full timeout
401104930,2,23.3,Seattle Full timeout
401104930,3,5:25,Seattle Full timeout
401104930,4,6:53,Minnesota Full timeout
401104930,4,3:22,Minnesota 20 Sec. timeout
401104930,4,3:03,Seattle 20 Sec. timeout
401104930,4,2:08,Minnesota 20 Sec. timeout
401104930,4,2:08,Official timeout
401104930,4,31.9,Minnesota Full timeout
401104931,1,4:40,Chicago Full timeout
401104931,2,5:25,Chicago Full timeout
401104931,2,1:23,Washington Full timeout
401104931,3,4:54,Official timeout
401104931,3,57.8,Chicago Full timeout
401104931,4,4:59,Washington Full timeout
401104931,4,3:43,Washington 20 Sec. timeout
401104931,4,2:35,Chicago Full timeout
401104932,1,5:16,Atlanta Full timeout
401104932,2,4:45,Official timeout
401104932,2,4:01,Atlanta Full timeout
401104932,2,24.7,Atlanta 20 Sec. timeout
401104932,3,4:45,Official timeout
401104932,3,3:13,Las Vegas Full timeout
401104932,3,47.5,Atlanta Full timeout
401104932,4,5:36,Official timeout
401104932,4,1:49,Las Vegas Full timeout
401104933,1,4:48,Official timeout
401104933,1,2:09,Connecticut Full timeout
401104933,2,5:59,Connecticut Full timeout
401104933,2,3:52,Los Angeles Full timeout
401104933,3,5:29,Los Angeles Full timeout
401104933,4,5:52,Official timeout
401104933,4,5:04,Connecticut Full timeout
401104933,4,1:16,Connecticut Full timeout
401104933,4,34.8,Los Angeles Full timeout
401104933,4,25.7,Los Angeles 20 Sec. timeout
401104934,1,6:52,Minnesota Full timeout
401104934,2,6:00,Phoenix Full timeout
401104934,2,2:44,Official timeout
401104934,2,32.6,Phoenix Full timeout
401104934,2,1.7,Minnesota Full timeout
401104934,3,8:09,Phoenix Full timeout
401104934,4,5:48,Official timeout
401104934,4,2:59,Minnesota Full timeout
401104934,4,1:46,Phoenix Full timeout
401104934,4,46.4,Minnesota 20 Sec. timeout
401104934,4,21.1,Phoenix 20 Sec. timeout
401104935,1,4:40,Official timeout
401104935,1,2:42,Dallas Full timeout
401104935,2,4:48,Indiana Full timeout
401104935,2,2:49,Dallas Full timeout
401104935,3,5:42,Dallas Full timeout
401104935,4,6:21,Dallas Full timeout
401104935,4,4:05,Indiana Full timeout
401104936,1,4:14,Washington Full timeout
401104936,2,5:15,Official timeout
401104936,2,2:21,New York Full timeout
401104936,3,4:50,Official timeout
401104936,4,5:58,New York Full timeout
401104936,4,2:20,Washington Full timeout
401104936,4,48.1,Washington 20 Sec. timeout
401104937,1,7:10,Minnesota Full timeout
401104937,1,2:21,Los Angeles Full timeout
401104937,2,6:10,Minnesota Full timeout
401104937,2,2:52,Official timeout
401104937,3,6:13,Los Angeles Full timeout
401104937,3,3:33,Los Angeles 20 Sec. timeout
401104937,4,8:11,Minnesota Full timeout
401104937,4,3:18,Los Angeles Full timeout
401104937,4,1:42,Minnesota 20 Sec. timeout
401104937,4,52.2,Minnesota 20 Sec. timeout
401104937,4,8.5,Minnesota Full timeout
401104937,4,1.2,Los Angeles 20 Sec. timeout
401104938,1,5:18,Atlanta Full timeout
401104938,2,5:56,Official timeout
401104938,2,2:41,Connecticut Full timeout
401104938,2,21.0,Atlanta Full timeout
401104938,3,4:43,Official timeout
401104938,4,6:30,Connecticut Full timeout
401104938,4,2:18,Atlanta Full timeout
401104938,4,1:41,Atlanta Full timeout
401104938,4,34.0,Atlanta 20 Sec. timeout
401104938,4,14.4,Connecticut 20 Sec. timeout
401104939,1,3:45,Official timeout
401104939,1,48.1,Las Vegas Full timeout
401104939,2,5:40,New York Full timeout
401104939,2,2:32,Las Vegas Full timeout
401104939,3,6:15,Las Vegas Full timeout
401104939,3,3:50,New York Full timeout
401104939,4,5:47,Official timeout
401104939,4,2:44,New York Full timeout
401104940,1,4:58,Official timeout
401104940,1,2:18,Dallas Full timeout
401104940,2,9:06,Dallas Full timeout
401104940,2,2:07,Washington Full timeout
401104940,2,6.8,Washington Full timeout
401104940,3,4:33,Official timeout
401104940,4,5:23,Dallas Full timeout
401104940,4,2:54,Washington Full timeout
401104940,4,2:03,Washington 20 Sec. timeout
401104941,1,4:34,Official timeout
401104941,1,57.1,Indiana Full timeout
401104941,2,5:34,Indiana Full timeout
401104941,2,2:55,Official timeout
401104941,3,7:48,Phoenix Full timeout
401104941,4,8:37,Phoenix 20 Sec. timeout
401104941,4,5:58,Official timeout
401104941,4,3:45,Phoenix Full timeout
401104941,4,1:02,Phoenix 20 Sec. timeout
401104941,4,11.0,Indiana 20 Sec. timeout
401104942,1,5:48,Seattle Full timeout
401104942,1,1:14,Chicago Full timeout
401104942,2,8:41,Seattle Full timeout
401104942,2,6:04,Chicago Full timeout
401104942,3,3:42,Official timeout
401104942,4,5:32,Seattle Full timeout
401104942,4,2:59,Chicago Full timeout
401104942,4,1:11,Seattle Full timeout
401104942,4,10.2,Chicago 20 Sec. timeout
401104943,1,4:27,Official timeout
401104943,2,7:14,Washington Full timeout
401104943,2,2:13,Connecticut Full timeout
401104943,2,1:09,Connecticut Full timeout
401104943,3,5:20,Washington Full timeout
401104943,4,5:18,Official timeout
401104943,4,3:32,Washington 20 Sec. timeout
401104943,4,2:45,Connecticut Full timeout
401104943,4,1:42,Connecticut 20 Sec. timeout
401104943,4,1:01,Connecticut Full timeout
401104943,4,37.9,Connecticut 20 Sec. timeout
401104943,4,35.2,Washington Full timeout
401104944,1,4:53,Official timeout
401104944,2,7:13,Seattle Full timeout
401104944,2,2:39,Indiana Full timeout
401104944,2,46.5,Seattle Full timeout
401104944,3,8:47,Indiana Full timeout
401104944,4,8:07,Seattle Full timeout
401104944,4,4:15,Indiana Full timeout
401104944,4,1:02,Seattle Full timeout
401104944,4,27.9,Seattle 20 Sec. timeout
401104944,4,24.4,Indiana 20 Sec. timeout
401104944,4,8.8,Indiana 20 Sec. timeout
401104945,1,4:43,Official timeout
401104945,2,5:46,Chicago Full timeout
401104945,2,2:16,Phoenix Full timeout
401104945,3,6:41,Phoenix Full timeout
401104945,3,4:21,Chicago Full timeout
401104945,4,5:49,Official timeout
401104945,4,2:31,Chicago Full timeout
401104945,4,1:58,Phoenix Full timeout
401104945,4,29.3,Phoenix 20 Sec. timeout
401104946,1,3:59,Minnesota Full timeout
401104946,2,8:17,Minnesota Full timeout
401104946,2,5:52,Minnesota 20 Sec. timeout
401104946,2,1:32,New York Full timeout
401104946,3,4:59,Official timeout
401104946,3,3:35,Minnesota Full timeout
401104946,4,5:42,New York Full timeout
401104946,4,3:35,Minnesota Full timeout
401104946,4,1:46,New York Full timeout
401104947,1,4:21,Official timeout
401104947,1,3:05,Dallas Full timeout
401104947,2,5:50,Dallas Full timeout
401104947,2,4:33,Dallas Full timeout
401104947,3,4:47,Official timeout
401104947,3,2:09,Dallas Full timeout
401104947,4,6:36,Indiana Full timeout
401104947,4,3:57,Dallas Full timeout
401104947,4,35.7,Indiana Full timeout
401104947,4,3.4,Dallas 20 Sec. timeout
401104948,1,4:39,Official timeout
401104948,2,4:54,Seattle Full timeout
401104948,2,1:26,Seattle Full timeout
401104948,2,26.2,Washington Full timeout
401104948,3,3:42,Official timeout
401104948,4,8:08,Seattle Full timeout
401104948,4,5:25,Washington Full timeout
401104948,4,1:25,Washington 20 Sec. timeout
401104948,4,1:04,Seattle Full timeout
401104948,4,28.5,Seattle 20 Sec. timeout
401104948,4,25.7,Seattle Full timeout
401104948,4,7.7,Washington Full timeout
401104948,4,7.7,Washington 20 Sec. timeout
401104949,1,5:13,Minnesota Full timeout
401104949,2,8:56,Minnesota Full timeout
401104949,2,4:11,Connecticut Full timeout
401104949,2,3:12,Connecticut Full timeout
401104949,3,4:57,Official timeout
401104949,4,8:39,Minnesota Full timeout
401104949,4,5:47,Minnesota 20 Sec. timeout
401104949,4,3:03,Minnesota 20 Sec. timeout
401104949,4,2:40,Connecticut Full timeout
401104949,4,1:14,Connecticut Full timeout
401104949,4,50.6,Minnesota Full timeout
401104950,1,7:07,Los Angeles Full timeout
401104950,2,6:50,Phoenix Full timeout
401104950,2,2:36,Official timeout
401104950,2,13.8,Los Angeles Full timeout
401104950,3,6:55,Phoenix Full timeout
401104950,3,4:24,Los Angeles Full timeout
401104950,3,3:09,Phoenix Full timeout
401104950,4,5:38,Official timeout
401104950,4,2:49,Phoenix 20 Sec. timeout
401104950,4,1:02,Phoenix 20 Sec. timeout
401104951,1,7:31,New York Full timeout
401104951,2,6:59,New York Full timeout
401104951,2,3:58,New York Full timeout
401104951,2,2:52,Las Vegas Full timeout
401104951,3,4:43,Official timeout
401104951,4,8:59,New York Full timeout
401104951,4,5:20,New York 20 Sec. timeout
401104951,4,2:17,Official timeout
401104952,1,3:38,Official timeout
401104952,2,5:55,Indiana Full timeout
401104952,2,2:29,Chicago Full timeout
401104952,3,4:32,Official timeout
401104952,3,1:44,Indiana Full timeout
401104952,4,5:09,Indiana Full timeout
401104952,4,2:38,Chicago Full timeout
401104952,4,17.1,Indiana 20 Sec. timeout
401104952,4,12.4,Indiana 20 Sec. timeout
401104953,1,4:03,Official timeout
401104953,1,1:53,Atlanta Full timeout
401104953,2,5:09,Dallas Full timeout
401104953,2,2:37,Atlanta Full timeout
401104953,2,21.1,Atlanta Full timeout
401104953,3,8:31,Dallas Full timeout
401104953,3,2:35,Atlanta Full timeout
401104953,4,7:09,Atlanta 20 Sec. timeout
401104953,4,5:39,Official timeout
401104953,4,3:18,Atlanta Full timeout
401104953,4,13.4,Dallas Full timeout
401104954,1,5:44,Los Angeles Full timeout
401104954,2,5:22,New York Full timeout
401104954,2,2:53,Official timeout
401104954,3,5:44,Los Angeles Full timeout
401104954,3,4:14,New York Full timeout
401104954,4,4:51,Official timeout
401104954,4,3:29,Los Angeles Full timeout
401104954,4,41.6,Los Angeles 20 Sec. timeout
401104954,4,19.2,Los Angeles 20 Sec. timeout
401104955,1,3:34,Official timeout
401104955,2,8:15,Connecticut Full timeout
401104955,2,6:06,Seattle Full timeout
401104955,2,1:32,Seattle Full timeout
401104955,3,7:55,Connecticut Full timeout
401104955,4,8:25,Seattle Full timeout
401104955,4,5:10,Seattle Full timeout
401104955,4,3:41,Connecticut 20 Sec. timeout
401104956,1,6:35,Las Vegas Full timeout
401104956,2,5:30,Official timeout
401104956,2,2:44,Minnesota Full timeout
401104956,3,3:37,Official timeout
401104956,3,1:39,Minnesota Full timeout
401104956,4,6:36,Las Vegas Full timeout
401104956,4,2:35,Minnesota Full timeout
401104956,4,44.7,Minnesota 20 Sec. timeout
401104956,4,25.6,Minnesota 20 Sec. timeout
401104957,1,6:06,Los Angeles Full timeout
401104957,2,7:21,Los Angeles Full timeout
401104957,2,2:48,Official timeout
401104957,3,5:09,Los Angeles Full timeout
401104957,3,2:48,Los Angeles Full timeout
401104957,4,7:37,Washington 20 Sec. timeout
401104957,4,3:56,Washington 20 Sec. timeout
401104957,4,2:48,Los Angeles 20 Sec. timeout
401104957,4,2:48,Los Angeles Full timeout
401104958,1,8:36,Atlanta Full timeout
401104958,2,5:28,Official timeout
401104958,2,2:12,Indiana Full timeout
401104958,2,13.8,Atlanta Full timeout
401104958,3,3:24,Official timeout
401104958,4,7:19,Indiana Full timeout
401104958,4,2:30,Atlanta Full timeout
401104959,1,4:56,Official timeout
401104959,2,5:34,New York Full timeout
401104959,2,2:12,Chicago Full timeout
401104959,3,4:00,Official timeout
401104959,4,5:11,New York Full timeout
401104959,4,2:24,Chicago Full timeout
401104959,4,36.9,New York Full timeout
401104959,4,23.5,New York 20 Sec. timeout
401104959,4,18.0,Chicago 20 Sec. timeout
401104959,4,17.3,New York 20 Sec. timeout
401104959,4,11.8,Chicago 20 Sec. timeout
401104960,1,4:28,Phoenix Full timeout
401104960,2,5:35,Official timeout
401104960,2,2:34,Dallas 20 Sec. timeout
401104960,2,26.5,Dallas Full timeout
401104960,3,7:22,Phoenix Full timeout
401104960,4,7:08,Dallas Full timeout
401104960,4,2:22,Phoenix Full timeout
401104960,4,48.3,Phoenix Full timeout
401104961,2,5:37,Las Vegas Full timeout
401104961,2,4:09,Washington Full timeout
401104961,2,39.0,Washington Full timeout
401104961,3,4:58,Washington Full timeout
401104961,4,7:51,Las Vegas Full timeout
401104961,4,2:55,Official timeout
401104961,4,2:08,Washington 20 Sec. timeout
401104962,1,4:51,Official timeout
401104962,2,5:34,Connecticut Full timeout
401104962,2,2:28,Atlanta Full timeout
401104962,3,7:52,Atlanta Full timeout
401104962,3,4:34,Connecticut Full timeout
401104962,3,2:51,Atlanta 20 Sec. timeout
401104962,4,8:42,Connecticut Full timeout
401104962,4,2:40,Official timeout
401104962,4,1:21,Atlanta Full timeout
401104963,1,4:48,Official timeout
401104963,2,5:07,Chicago Full timeout
401104963,2,2:54,Indiana Full timeout
401104963,3,4:32,Official timeout
401104963,3,2:57,Chicago Full timeout
401104963,3,1:48,Indiana Full timeout
401104963,4,6:19,Indiana Full timeout
401104963,4,2:51,Chicago Full timeout
401104963,4,20.9,Indiana 20 Sec. timeout
401104963,4,20.0,Chicago 20 Sec. timeout
401104963,4,13.8,Chicago 20 Sec. timeout
401104964,1,7:22,Los Angeles Full timeout
401104964,2,5:12,Los Angeles Full timeout
401104964,2,3:51,Seattle Full timeout
401104964,3,4:55,Official timeout
401104964,4,7:50,Los Angeles Full timeout
401104964,4,4:42,Los Angeles 20 Sec. timeout
401104964,4,2:41,Seattle Full timeout
401104965,1,4:14,Official timeout
401104965,2,5:44,Minnesota Full timeout
401104965,2,2:48,New York Full timeout
401104965,2,1:35,Minnesota Full timeout
401104965,3,5:08,New York Full timeout
401104965,4,8:22,Minnesota Full timeout
401104965,4,2:32,Official timeout
401104965,4,1:35,New York 20 Sec. timeout
401104965,4,1:07,New York Full timeout
401104965,4,42.8,Minnesota Full timeout
401104965,4,36.1,Minnesota 20 Sec. timeout
401104965,4,24.7,New York 20 Sec. timeout
401104966,1,8:26,Dallas Full timeout
401104966,2,8:53,Dallas Full timeout
401104966,2,2:46,Official timeout
401104966,2,2:46,Official timeout
401104966,2,29.1,Las Vegas Full timeout
401104966,3,5:10,Dallas Full timeout
401104966,3,4:09,Dallas 20 Sec. timeout
401104966,4,4:09,Las Vegas Full timeout
401104966,4,2:46,Las Vegas Full timeout
401104967,1,6:05,Atlanta Full timeout
401104967,2,4:05,Official timeout
401104967,2,2:44,Washington Full timeout
401104967,2,24.5,Atlanta Full timeout
401104967,3,7:23,Atlanta Full timeout
401104967,4,4:57,Official timeout
401104967,4,2:48,Washington Full timeout
401104968,1,5:26,Connecticut Full timeout
401104968,2,7:10,Connecticut Full timeout
401104968,2,2:59,Official timeout
401104968,3,4:17,Official timeout
401104968,4,7:18,Connecticut Full timeout
401104968,4,2:19,Chicago Full timeout
401104969,1,5:03,Los Angeles Full timeout
401104969,2,7:29,Phoenix Full timeout
401104969,2,4:06,Los Angeles Full timeout
401104969,2,55.6,Phoenix Full timeout
401104969,3,7:37,Los Angeles Full timeout
401104969,3,3:15,Phoenix Full timeout
401104969,4,6:18,Los Angeles Full timeout
401104969,4,4:41,Phoenix Full timeout
401104969,4,44.1,Phoenix 20 Sec. timeout
401104969,4,31.1,Los Angeles 20 Sec. timeout
401104970,1,3:41,Official timeout
401104970,1,1:54,Indiana Full timeout
401104970,2,5:33,Seattle Full timeout
401104970,2,2:59,Seattle Full timeout
401104970,2,1:58,Indiana 20 Sec. timeout
401104970,3,4:34,Official timeout
401104970,4,5:53,Seattle Full timeout
401104970,4,2:47,Seattle Full timeout
401104970,4,43.7,Indiana Full timeout
401104970,4,43.7,Indiana 20 Sec. timeout
401104970,4,35.1,Seattle 20 Sec. timeout
401104970,4,24.6,Indiana Full timeout
401104971,1,4:36,Official timeout
401104971,1,2:02,Minnesota Full timeout
401104971,2,4:14,Indiana Full timeout
401104971,2,2:46,Minnesota Full timeout
401104971,3,4:41,Official timeout
401104971,3,3:01,Minnesota Full timeout
401104971,4,5:47,Indiana Full timeout
401104971,4,3:46,Indiana Full timeout
401104971,4,1:38,Minnesota 20 Sec. timeout
401104971,4,29.1,Indiana 20 Sec. timeout
401104971,4,24.7,Indiana 20 Sec. timeout
401104971,4,21.8,Minnesota Full timeout
401104971,4,9.3,Minnesota 20 Sec. timeout
401104972,1,7:53,Seattle Full timeout
401104972,1,6:25,Seattle 20 Sec. timeout
401104972,2,5:31,Official timeout
401104972,2,2:58,Official timeout
401104972,2,46.9,Seattle Full timeout
401104972,3,4:27,Official timeout
401104972,4,4:31,Seattle Full timeout
401104972,4,2:58,Official timeout
401104972,4,1:04,Seattle Full timeout
401104972,4,19.0,Seattle 20 Sec. timeout
401104973,1,4:20,Washington Full timeout
401104973,2,8:12,Chicago Full timeout
401104973,2,3:48,Washington Full timeout
401104973,2,2:39,Chicago Full timeout
401104973,3,4:21,Official timeout
401104973,4,5:37,Chicago Full timeout
401104973,4,1:51,Washington Full timeout
401104973,4,14.4,Chicago 20 Sec. timeout
401104974,1,4:55,Official timeout
401104974,2,6:34,Dallas Full timeout
401104974,2,3:01,Dallas Full timeout
401104974,3,5:42,Connecticut Full timeout
401104974,4,8:20,Dallas Full timeout
401104974,4,2:53,Connecticut Full timeout
401104974,4,1:39,Dallas Full timeout
401104974,4,24.5,Dallas 20 Sec. timeout
401104974,4,19.1,Connecticut 20 Sec. timeout
401104974,4,5.1,Connecticut 20 Sec. timeout
401104974,4,2.3,Dallas 20 Sec. timeout
401104975,1,5:30,Los Angeles Full timeout
401104975,2,7:43,Las Vegas Full timeout
401104975,2,2:53,Official timeout
401104975,3,5:38,Los Angeles Full timeout
401104975,4,7:28,Los Angeles Full timeout
401104975,4,1:29,Los Angeles 20 Sec. timeout
401104975,4,1:29,Official timeout
401104975,4,59.4,Las Vegas 20 Sec. timeout
401104976,1,6:45,Dallas Full timeout
401104976,2,5:27,Official timeout
401104976,2,3:16,Dallas Full timeout
401104976,3,4:39,Official timeout
401104976,3,3:19,New York Full timeout
401104976,4,5:30,Dallas Full timeout
401104976,4,3:35,New York Full timeout
401104976,4,1:19,New York 20 Sec. timeout
401104976,4,1:03,Dallas Full timeout
401104976,4,24.4,Dallas 20 Sec. timeout
401104976,4,24.4,Dallas 20 Sec. timeout
401104977,1,4:51,Official timeout
401104977,2,6:52,Indiana Full timeout
401104977,2,2:43,Official timeout
401104977,2,19.2,Phoenix Full timeout
401104977,3,4:21,Official timeout
401104977,4,5:35,Official timeout
401104977,4,3:23,Phoenix Full timeout
401104977,4,1:40,Phoenix 20 Sec. timeout
401104978,1,5:33,Chicago Full timeout
401104978,2,7:17,Seattle Full timeout
401104978,2,4:36,Chicago Full timeout
401104978,2,28.2,Seattle Full timeout
401104978,3,6:03,Seattle Full timeout
401104978,4,6:31,Seattle Full timeout
401104978,4,2:57,Official timeout
401104978,4,2:57,Chicago Full timeout
401104978,4,34.4,Seattle 20 Sec. timeout
401104978,4,10.1,Chicago Full timeout
401104978,4,4.7,Chicago 20 Sec. timeout
401104978,4,4.7,Chicago 20 Sec. timeout
401104979,1,2:52,Connecticut Full timeout
401104979,2,5:43,Official timeout
401104979,2,2:58,Washington Full timeout
401104979,3,4:33,Official timeout
401104979,4,5:51,Washington Full timeout
401104979,4,2:22,Connecticut Full timeout
401104980,1,4:53,Official timeout
401104980,2,5:34,Las Vegas Full timeout
401104980,2,13.2,Las Vegas Full timeout
401104980,3,4:52,Official timeout
401104980,4,6:56,Indiana Full timeout
401104980,4,2:47,Las Vegas Full timeout
401104980,4,2:12,Las Vegas 20 Sec. timeout
401104980,4,34.6,Indiana Full timeout
401104980,4,17.2,Las Vegas Full timeout
401104980,5,39.3,Indiana 20 Sec. timeout
401104980,5,29.7,Las Vegas 20 Sec. timeout
401104980,5,28.6,Indiana 20 Sec. timeout
401104981,1,4:14,Official timeout
401104981,1,2:01,Atlanta Full timeout
401104981,2,5:26,New York Full timeout
401104981,2,3:08,Atlanta Full timeout
401104981,3,3:44,Official timeout
401104981,4,4:57,Atlanta Full timeout
401104981,4,2:37,New York Full timeout
401104982,1,4:06,Official timeout
401104982,2,8:02,Dallas Full timeout
401104982,2,6:21,Dallas Full timeout
401104982,2,3:06,Minnesota Full timeout
401104982,3,4:34,Official timeout
401104982,4,7:27,Minnesota Full timeout
401104982,4,4:26,Dallas Full timeout
401104982,4,1:08,Minnesota Full timeout
401104982,4,55.3,Dallas Full timeout
401104982,4,51.9,Minnesota 20 Sec. timeout
401104982,4,44.4,Dallas 20 Sec. timeout
401104982,4,34.5,Minnesota 20 Sec. timeout
401104982,4,14.2,Dallas 20 Sec. timeout
401104983,1,4:56,Chicago Full timeout
401104983,1,3:55,Chicago Full timeout
401104983,2,5:42,Los Angeles Full timeout
401104983,2,2:29,Chicago Full timeout
401104983,3,6:22,Los Angeles Full timeout
401104983,4,6:08,Los Angeles Full timeout
401104983,4,3:37,Chicago Full timeout
401104984,1,3:18,Official timeout
401104984,2,6:15,Phoenix Full timeout
401104984,2,2:45,Phoenix Full timeout
401104984,2,25.5,Seattle Full timeout
401104984,3,6:44,Phoenix Full timeout
401104984,3,1:45,Seattle Full timeout
401104984,4,5:22,Official timeout
401104984,4,4:33,Seattle Full timeout
401104984,4,1:07,Phoenix 20 Sec. timeout
401104984,4,54.4,Seattle 20 Sec. timeout
401104984,4,42.5,Seattle 20 Sec. timeout
401104984,4,31.3,Phoenix 20 Sec. timeout
401104985,1,4:26,Official timeout
401104985,2,7:52,Chicago Full timeout
401104985,2,2:43,Las Vegas Full timeout
401104985,3,6:39,Chicago Full timeout
401104985,4,5:07,Official timeout
401104985,4,2:20,Official timeout
401104986,1,8:33,Minnesota Full timeout
401104986,2,3:54,Official timeout
401104986,2,1:22,Atlanta Full timeout
401104986,2,1:00,Minnesota Full timeout
401104986,3,8:33,Atlanta Full timeout
401104986,3,6:00,Atlanta 20 Sec. timeout
401104986,4,5:50,Official timeout
401104986,4,3:35,Minnesota Full timeout
401104986,4,52.2,Minnesota 20 Sec. timeout
401104987,1,3:41,Official timeout
401104987,2,5:30,New York Full timeout
401104987,2,4:26,Seattle Full timeout
401104987,2,48.3,Seattle Full timeout
401104987,3,6:56,New York Full timeout
401104987,3,5:37,New York Full timeout
401104987,4,7:43,Seattle Full timeout
401104987,4,2:52,Official timeout
401104987,4,57.3,Seattle Full timeout
401104987,4,25.7,Seattle 20 Sec. timeout
401104988,1,4:52,Official timeout
401104988,1,1:51,Dallas Full timeout
401104988,2,7:09,Dallas Full timeout
401104988,2,4:53,Dallas 20 Sec. timeout
401104988,2,2:29,Indiana Full timeout
401104988,3,8:12,Dallas Full timeout
401104988,4,5:27,Official timeout
401104988,4,3:21,Indiana Full timeout
401104988,4,1:34,Indiana 20 Sec. timeout
401104989,1,5:16,New York Full timeout
401104989,2,5:52,Official timeout
401104989,2,2:55,Phoenix Full timeout
401104989,2,36.3,Phoenix Full timeout
401104989,3,5:18,Phoenix Full timeout
401104989,4,6:09,New York Full timeout
401104989,4,1:33,Official timeout
401104989,4,50.9,Phoenix Full timeout
401104989,4,31.0,New York Full timeout
401104989,4,10.7,Phoenix 20 Sec. timeout
401104989,4,5.3,New York 20 Sec. timeout
401104989,4,2.7,Phoenix 20 Sec. timeout
401104990,1,8:41,Atlanta Full timeout
401104990,1,2:43,Seattle Full timeout
401104990,2,6:29,Seattle Full timeout
401104990,2,2:49,Atlanta Full timeout
401104990,3,5:13,Seattle Full timeout
401104990,4,6:24,Seattle Full timeout
401104990,4,5:22,Atlanta Full timeout
401104990,4,1:09,Atlanta Full timeout
401104990,4,34.4,Seattle 20 Sec. timeout
401104992,1,3:46,Connecticut Full timeout
401104992,1,36.1,Minnesota Full timeout
401104992,2,7:42,Minnesota Full timeout
401104992,2,2:00,Official timeout
401104992,3,5:12,Minnesota Full timeout
401104992,4,7:19,Connecticut Full timeout
401104992,4,2:38,Connecticut Full timeout
401104992,4,55.1,Minnesota 20 Sec. timeout
401104992,4,27.2,Connecticut 20 Sec. timeout
401104992,4,16.1,Minnesota Full timeout
401104992,4,8.2,Connecticut 20 Sec. timeout
401104992,4,2.5,Minnesota 20 Sec. timeout
401104993,1,7:07,New York Full timeout
401104993,2,6:03,Las Vegas Full timeout
401104993,2,2:45,Official timeout
401104993,3,4:56,Official timeout
401104993,4,5:02,Las Vegas Full timeout
401104993,4,2:47,New York Full timeout
401104994,1,4:47,Official timeout
401104994,2,7:44,Washington Full timeout
401104994,2,5:52,Washington Full timeout
401104994,2,5:09,Los Angeles Full timeout
401104994,3,8:14,Los Angeles Full timeout
401104994,3,6:19,Washington Full timeout
401104994,4,7:18,Los Angeles Full timeout
401104994,4,3:42,Washington 20 Sec. timeout
401104994,4,2:39,Official timeout
401104994,4,1:31,Washington 20 Sec. timeout
401104995,1,6:21,Dallas Full timeout
401104995,2,5:30,Official timeout
401104995,2,2:56,Chicago Full timeout
401104995,3,4:03,Official timeout
401104995,3,1:44,Dallas Full timeout
401104995,4,5:32,Chicago Full timeout
401104995,4,2:56,Dallas Full timeout
401104995,4,35.6,Dallas 20 Sec. timeout
401104996,1,4:52,Official timeout
401104996,2,5:28,Phoenix Full timeout
401104996,2,2:49,Atlanta Full timeout
401104996,2,1:17,Phoenix Full timeout
401104996,2,22.9,Atlanta Full timeout
401104996,3,4:49,Official timeout
401104996,3,2:50,Phoenix Full timeout
401104996,4,8:23,Atlanta Full timeout
401104996,4,4:07,Atlanta 20 Sec. timeout
401104996,4,2:47,Phoenix Full timeout
401104996,4,1:02,Atlanta Full timeout
401104996,4,10.3,Phoenix 20 Sec. timeout
401104996,4,3.1,Atlanta 20 Sec. timeout
401104997,1,3:49,Official timeout
401104997,1,1:52,Dallas Full timeout
401104997,2,8:12,Dallas Full timeout
401104997,2,3:57,Los Angeles Full timeout
401104997,3,8:02,Los Angeles Full timeout
401104997,4,6:37,Dallas Full timeout
401104997,4,4:45,Dallas Full timeout
401104997,4,2:44,Los Angeles Full timeout
401104997,4,11.1,Dallas 20 Sec. timeout
401104998,1,7:16,Connecticut Full timeout
401104998,2,6:22,Atlanta Full timeout
401104998,2,3:34,Connecticut Full timeout
401104998,2,52.9,Atlanta Full timeout
401104998,3,4:29,Official timeout
401104998,4,5:35,Atlanta Full timeout
401104998,4,3:00,Connecticut Full timeout
401104998,4,2:15,Connecticut 20 Sec. timeout
401104998,4,1:02,Atlanta 20 Sec. timeout
401104998,4,39.0,Connecticut Full timeout
401104998,4,32.5,Connecticut 20 Sec. timeout
401104998,4,10.5,Atlanta Full timeout
401104999,1,5:05,Phoenix Full timeout
401104999,2,7:04,Washington Full timeout
401104999,2,2:51,Official timeout
401104999,2,32.2,Washington Full timeout
401104999,3,6:22,Washington Full timeout
401104999,3,1:42,Phoenix Full timeout
401104999,4,7:29,Washington 20 Sec. timeout
401104999,4,5:18,Official timeout
401104999,4,2:54,Official timeout
401104999,4,1:37,Phoenix 20 Sec. timeout
401105000,1,6:06,Las Vegas Full timeout
401105000,2,4:35,Official timeout
401105000,2,2:19,Indiana Full timeout
401105000,3,4:40,Official timeout
401105000,4,5:34,Indiana Full timeout
401105000,4,2:25,Las Vegas Full timeout
401105000,4,45.5,Indiana Full timeout
401105000,4,33.7,Las Vegas Full timeout
401105000,4,15.1,Indiana 20 Sec. timeout
401105000,4,7.0,Indiana 20 Sec. timeout
401105001,1,4:40,Official timeout
401105001,1,2:45,Chicago Full timeout
401105001,2,4:52,Minnesota Full timeout
401105001,2,2:50,Chicago Full timeout
401105001,3,4:17,Official timeout
401105001,3,1:25,Minnesota Full timeout
401105001,4,5:07,Chicago Full timeout
401105001,4,3:16,Minnesota Full timeout
401105001,4,49.1,Minnesota 20 Sec. timeout
401105001,4,35.9,Chicago 20 Sec. timeout
401105001,4,13.8,Chicago Full timeout
401105001,4,11.2,Minnesota 20 Sec. timeout
401105001,4,6.4,Chicago 20 Sec. timeout
401105002,1,5:51,Los Angeles Full timeout
401105002,1,2:49,Indiana Full timeout
401105002,2,5:47,Indiana Full timeout
401105002,2,2:56,Los Angeles Full timeout
401105002,2,5.9,Los Angeles Full timeout
401105002,3,7:14,Indiana Full timeout
401105002,3,5:44,Indiana Full timeout
401105002,4,8:51,Los Angeles Full timeout
401105002,4,3:22,Los Angeles Full timeout
401105002,4,1:56,Los Angeles 20 Sec. timeout
401105003,1,6:40,Minnesota Full timeout
401105003,2,5:08,Official timeout
401105003,2,2:27,Atlanta Full timeout
401105003,2,1:25,Atlanta Full timeout
401105003,3,4:17,Atlanta Full timeout
401105003,4,7:13,Minnesota Full timeout
401105003,4,2:54,Official timeout
401105003,4,1:38,Atlanta 20 Sec. timeout
401105003,4,44.3,Minnesota Full timeout
401105004,1,3:51,Official timeout
401105004,2,7:27,Connecticut Full timeout
401105004,2,2:45,Phoenix Full timeout
401105004,2,33.0,Phoenix Full timeout
401105004,2,13.2,Connecticut Full timeout
401105004,3,7:41,Phoenix Full timeout
401105004,3,6:22,Phoenix 20 Sec. timeout
401105004,3,3:11,Phoenix 20 Sec. timeout
401105004,4,8:54,Connecticut Full timeout
401105004,4,3:24,Phoenix Full timeout
401105004,4,43.0,Connecticut 20 Sec. timeout
401105005,1,4:54,Official timeout
401105005,1,1:50,New York Full timeout
401105005,2,5:32,Chicago Full timeout
401105005,2,3:41,New York Full timeout
401105005,2,0.4,Chicago Full timeout
401105005,3,6:43,New York Full timeout
401105005,4,5:51,Official timeout
401105005,4,1:38,Chicago Full timeout
401105006,1,7:18,Dallas Full timeout
401105006,2,8:22,Dallas Full timeout
401105006,2,2:59,Official timeout
401105006,2,25.9,Seattle Full timeout
401105006,3,7:57,Dallas Full timeout
401105006,4,4:32,Seattle Full timeout
401105006,4,2:43,Official timeout
401105006,4,1:18,Dallas 20 Sec. timeout
401105006,4,48.4,Seattle 20 Sec. timeout
401105007,1,6:04,Las Vegas Full timeout
401105007,2,5:56,Official timeout
401105007,2,2:42,Washington Full timeout
401105007,2,1:14,Washington Full timeout
401105007,3,4:45,Washington Full timeout
401105007,4,5:46,Official timeout
401105007,4,2:38,Las Vegas Full timeout
401105007,4,1:03,Washington 20 Sec. timeout
401105007,4,33.6,Washington 20 Sec. timeout
401105007,4,17.8,Washington Full timeout
401105007,4,8.7,Las Vegas Full timeout
401105008,1,4:46,Official timeout
401105008,2,5:20,Atlanta Full timeout
401105008,2,2:06,Atlanta Full timeout
401105008,3,4:49,Official timeout
401105008,4,5:30,Atlanta Full timeout
401105008,4,2:41,Los Angeles Full timeout
401105008,4,1:17,Atlanta 20 Sec. timeout
401105008,4,42.6,Atlanta Full timeout
401105008,4,28.4,Los Angeles Full timeout
401105008,4,4.8,Atlanta 20 Sec. timeout
401105008,4,1.0,Los Angeles 20 Sec. timeout
401105008,5,2:30,Los Angeles Full timeout
401105008,5,10.6,Atlanta 20 Sec. timeout
401105009,1,3:27,Official timeout
401105009,2,5:57,Indiana Full timeout
401105009,2,2:17,Connecticut Full timeout
401105009,3,5:29,Connecticut Full timeout
401105009,3,4:06,Indiana Full timeout
401105009,4,4:43,Official timeout
401105009,4,2:25,Indiana Full timeout
401105010,1,4:59,Official timeout
401105010,2,7:36,Dallas Full timeout
401105010,2,4:58,Chicago Full timeout
401105010,2,1.2,Chicago Full timeout
401105010,3,6:15,Dallas Full timeout
401105010,4,5:26,Official timeout
401105010,4,2:23,Dallas Full timeout
401105011,1,4:16,Official timeout
401105011,2,5:05,Official timeout
401105011,2,3:15,Minnesota Full timeout
401105011,3,7:18,Minnesota Full timeout
401105011,3,1:37,Phoenix Full timeout
401105011,4,8:28,Phoenix 20 Sec. timeout
401105011,4,5:18,Official timeout
401105011,4,2:13,Phoenix Full timeout
401105011,4,37.2,Phoenix 20 Sec. timeout
401105012,1,7:49,New York Full timeout
401105012,1,1:39,Seattle Full timeout
401105012,2,5:23,Official timeout
401105012,2,1:07,Seattle Full timeout
401105012,3,4:50,Official timeout
401105012,4,4:45,New York Full timeout
401105012,4,2:46,Seattle Full timeout
401105013,1,7:11,Chicago Full timeout
401105013,2,6:45,Atlanta Full timeout
401105013,2,2:50,Official timeout
401105013,2,1:42,Chicago Full timeout
401105013,3,4:53,Official timeout
401105013,4,4:43,Atlanta Full timeout
401105013,4,2:27,Chicago Full timeout
401105013,4,29.2,Atlanta Full timeout
401105013,4,6.9,Chicago Full timeout
401105013,4,2.3,Atlanta 20 Sec. timeout
401105013,4,2.3,Atlanta 20 Sec. timeout
401105014,1,4:08,Official timeout
401105014,1,3:03,Dallas Full timeout
401105014,2,5:49,Phoenix Full timeout
401105014,2,3:56,Phoenix Full timeout
401105014,3,5:12,Dallas Full timeout
401105014,3,3:16,Dallas Full timeout
401105014,4,6:27,Phoenix Full timeout
401105014,4,2:23,Dallas 20 Sec. timeout
401105014,4,2:23,Official timeout
401105014,4,1:03,Phoenix 20 Sec. timeout
401105014,4,35.7,Phoenix Full timeout
401105014,4,33.9,Dallas 20 Sec. timeout
401105015,1,7:43,Minnesota Full timeout
401105015,2,7:35,Minnesota Full timeout
401105015,2,6:20,Seattle Full timeout
401105015,2,2:34,Seattle Full timeout
401105015,3,6:39,Minnesota Full timeout
401105015,3,3:07,Minnesota 20 Sec. timeout
401105015,4,6:36,Seattle Full timeout
401105015,4,5:40,Seattle Full timeout
401105015,4,2:00,Minnesota Full timeout
401105015,4,1:02,Minnesota 20 Sec. timeout
401105016,1,5:56,Los Angeles Full timeout
401105016,2,8:31,Los Angeles Full timeout
401105016,2,2:49,Official timeout
401105016,3,4:49,Dallas Full timeout
401105016,4,8:32,Los Angeles Full timeout
401105016,4,4:29,Dallas Full timeout
401105016,4,3:10,Dallas 20 Sec. timeout
401105016,4,1:38,Los Angeles Full timeout
401105016,4,21.9,Dallas 20 Sec. timeout
401105017,1,4:11,Official timeout
401105017,2,5:55,Indiana Full timeout
401105017,2,3:07,Indiana Full timeout
401105017,2,9.4,Washington Full timeout
401105017,3,4:57,Official timeout
401105017,3,3:33,Washington 20 Sec. timeout
401105017,4,5:39,Indiana Full timeout
401105017,4,2:27,Washington Full timeout
401105017,4,1:04,Washington 20 Sec. timeout
401105017,4,48.3,Indiana Full timeout
401105017,4,15.6,Indiana 20 Sec. timeout
401105017,4,10.8,Washington Full timeout
401105017,4,5.8,Indiana 20 Sec. timeout
401105017,5,3:48,Indiana Full timeout
401105018,1,4:56,Official timeout
401105018,1,3:16,Connecticut Full timeout
401105018,2,7:22,Atlanta Full timeout
401105018,2,4:43,Connecticut Full timeout
401105018,2,23.0,Atlanta Full timeout
401105018,3,6:45,Atlanta Full timeout
401105018,4,9:41,Atlanta 20 Sec. timeout
401105018,4,5:55,Connecticut Full timeout
401105018,4,2:58,Connecticut Full timeout
401105019,1,5:16,Las Vegas Full timeout
401105019,2,7:31,Seattle Full timeout
401105019,2,2:41,Official timeout
401105019,3,7:25,Seattle Full timeout
401105019,3,6:00,Las Vegas 20 Sec. timeout
401105019,4,4:56,Official timeout
401105019,4,4:56,Seattle 20 Sec. timeout
401105019,4,2:45,Las Vegas Full timeout
401105019,4,27.8,Las Vegas Full timeout
401105019,4,21.3,Seattle Full timeout
401105019,4,19.3,Las Vegas 20 Sec. timeout
401105020,1,4:55,Official timeout
401105020,2,5:32,New York Full timeout
401105020,2,2:44,Los Angeles Full timeout
401105020,3,6:59,Los Angeles Full timeout
401105020,4,5:56,Official timeout
401105020,4,2:55,New York Full timeout
401105020,4,48.1,New York Full timeout
401105020,4,36.4,Los Angeles Full timeout
401105020,4,32.9,Los Angeles 20 Sec. timeout
401105020,4,24.3,New York 20 Sec. timeout
401105020,4,17.4,Los Angeles 20 Sec. timeout
401105020,4,9.4,New York 20 Sec. timeout
401105021,1,4:51,Official timeout
401105021,2,5:30,Dallas Full timeout
401105021,2,4:55,Phoenix Full timeout
401105021,2,38.0,Phoenix Full timeout
401105021,3,8:56,Dallas Full timeout
401105021,3,3:07,Phoenix Full timeout
401105021,4,9:01,Dallas Full timeout
401105021,4,2:56,Official timeout
401105021,4,1:26,Phoenix Full timeout
401105021,4,19.9,Dallas 20 Sec. timeout
401105021,4,14.2,Dallas 20 Sec. timeout
401105022,1,3:17,Official timeout
401105022,1,17.8,Atlanta Full timeout
401105022,2,7:33,Washington Full timeout
401105022,2,2:23,Atlanta Full timeout
401105022,3,4:42,Official timeout
401105022,4,5:07,Washington Full timeout
401105022,4,2:50,Atlanta Full timeout
401105023,1,5:14,Indiana Full timeout
401105023,2,8:56,Chicago Full timeout
401105023,2,2:56,Official timeout
401105023,2,1:54,Chicago Full timeout
401105023,3,4:53,Official timeout
401105023,4,5:34,Chicago Full timeout
401105023,4,4:15,Indiana Full timeout
401105023,4,1:14,Indiana Full timeout
401105023,4,29.0,Indiana 20 Sec. timeout
401105023,4,14.0,Indiana 20 Sec. timeout
401105024,1,4:36,Official timeout
401105024,1,1:54,Minnesota Full timeout
401105024,2,6:37,Minnesota Full timeout
401105024,2,4:25,Minnesota 20 Sec. timeout
401105024,2,1:42,Las Vegas Full timeout
401105024,2,3.5,Las Vegas Full timeout
401105024,3,5:08,Las Vegas Full timeout
401105024,3,17.4,Las Vegas 20 Sec. timeout
401105024,4,5:42,Official timeout
401105024,4,3:45,Minnesota Full timeout
401105024,4,1:33,Las Vegas Full timeout
401105024,4,35.7,Minnesota 20 Sec. timeout
401105024,4,29.0,Minnesota Full timeout
401105025,1,7:44,Los Angeles Full timeout
401105025,2,5:47,Official timeout
401105025,2,2:56,Atlanta Full timeout
401105025,2,1:45,Atlanta Full timeout
401105025,3,7:08,Los Angeles Full timeout
401105025,4,5:28,Official timeout
401105025,4,2:46,Atlanta Full timeout
401105025,4,41.0,Atlanta Full timeout
401105026,1,4:47,Official timeout
401105026,2,8:19,Las Vegas Full timeout
401105026,2,4:18,Seattle Full timeout
401105026,3,7:09,Seattle Full timeout
401105026,4,5:43,Official timeout
401105026,4,2:52,Las Vegas Full timeout
401105026,4,1:15,Las Vegas 20 Sec. timeout
401105027,1,6:35,Phoenix Full timeout
401105027,2,5:58,Official timeout
401105027,2,2:41,Indiana Full timeout
401105027,2,1:35,Phoenix Full timeout
401105027,3,8:43,Phoenix Full timeout
401105027,4,5:49,Official timeout
401105027,4,2:35,Indiana Full timeout
401105028,1,4:22,Official timeout
401105028,2,9:11,Connecticut Full timeout
401105028,2,8:02,Connecticut Full timeout
401105028,2,4:54,New York Full timeout
401105028,3,8:47,New York Full timeout
401105028,4,5:11,Official timeout
401105028,4,3:35,Connecticut Full timeout
401105028,4,1:17,New York Full timeout
401105028,4,31.3,New York 20 Sec. timeout
401105028,4,9.3,Connecticut Full timeout
401105028,4,8.9,New York 20 Sec. timeout
401105029,1,4:57,Minnesota Full timeout
401105029,2,8:40,Minnesota Full timeout
401105029,2,2:42,Official timeout
401105029,2,1:36,Washington Full timeout
401105029,3,6:52,Minnesota Full timeout
401105029,3,1:47,Minnesota 20 Sec. timeout
401105029,4,5:50,Official timeout
401105029,4,3:27,Washington Full timeout
401151757,1,4:18,Official timeout
401151757,2,5:18,Official timeout
401151757,2,1:34,Official timeout
401151757,3,4:23,Official timeout
401151757,4,5:07,Official timeout
401151757,4,2:54,Team Wilson Full timeout
401151757,4,52.0,Team Delle Donne Full timeout
401105030,2,5:56,Connecticut Full timeout
401105030,2,2:56,Chicago Full timeout
401105030,2,52.9,Connecticut Full timeout
401105030,3,4:59,Official timeout
401105030,3,2:21,Chicago Full timeout
401105030,4,6:24,Connecticut Full timeout
401105030,4,2:38,Chicago Full timeout
401105030,4,1:37,Connecticut Full timeout
401105030,4,1:13,Connecticut 20 Sec. timeout
401105030,4,48.4,Chicago 20 Sec. timeout
401105031,1,4:04,Official timeout
401105031,1,1:27,Phoenix Full timeout
401105031,2,8:00,Phoenix Full timeout
401105031,2,1:50,Washington Full timeout
401105031,3,8:47,Phoenix Full timeout
401105031,3,4:15,Phoenix Full timeout
401105031,4,5:05,Washington Full timeout
401105031,4,2:51,Official timeout
401105031,4,32.1,Phoenix 20 Sec. timeout
401105031,4,16.4,Phoenix 20 Sec. timeout
401105032,1,7:39,Dallas Full timeout
401105032,1,3:59,Dallas Full timeout
401105032,2,5:28,Official timeout
401105032,2,2:42,Las Vegas Full timeout
401105032,3,4:58,Official timeout
401105032,3,1:53,Dallas Full timeout
401105032,4,5:45,Official timeout
401105032,4,2:04,Official timeout
401105033,1,8:14,Indiana Full timeout
401105033,2,5:26,Official timeout
401105033,2,2:06,Atlanta Full timeout
401105033,3,7:00,Atlanta Full timeout
401105033,4,5:11,Indiana Full timeout
401105033,4,1:25,Official timeout
401105033,4,40.6,Atlanta 20 Sec. timeout
401105033,4,23.8,Indiana Full timeout
401105033,4,11.9,Atlanta Full timeout
401105034,1,3:02,Official timeout
401105034,2,5:52,Connecticut Full timeout
401105034,2,4:44,Connecticut Full timeout
401105034,2,1:09,Phoenix Full timeout
401105034,3,4:55,Official timeout
401105034,4,6:37,Phoenix Full timeout
401105034,4,4:27,Phoenix 20 Sec. timeout
401105034,4,3:06,Connecticut Full timeout
401105034,4,2:09,Phoenix 20 Sec. timeout
401105034,4,14.8,Phoenix Full timeout
401105035,1,4:18,Official timeout
401105035,1,2:52,Dallas Full timeout
401105035,2,5:56,Dallas Full timeout
401105035,2,4:03,New York Full timeout
401105035,2,1:46,Dallas 20 Sec. timeout
401105035,2,27.5,New York Full timeout
401105035,3,4:18,Official timeout
401105035,3,2:26,New York Full timeout
401105035,4,5:52,Dallas Full timeout
401105035,4,2:44,Dallas Full timeout
401105036,1,5:56,Las Vegas Full timeout
401105036,1,3:43,Los Angeles Full timeout
401105036,2,5:51,Official timeout
401105036,2,2:56,Official timeout
401105036,3,7:32,Los Angeles Full timeout
401105036,4,5:28,Official timeout
401105036,4,2:18,Las Vegas Full timeout
401105037,1,4:56,Seattle Full timeout
401105037,2,5:36,Official timeout
401105037,2,2:09,Washington Full timeout
401105037,2,34.8,Washington Full timeout
401105037,3,4:53,Official timeout
401105037,4,5:58,Seattle Full timeout
401105037,4,2:57,Washington Full timeout
401105038,1,4:34,Official timeout
401105038,2,4:51,Atlanta Full timeout
401105038,2,2:50,Chicago Full timeout
401105038,2,30.4,Atlanta Full timeout
401105038,3,8:18,Atlanta Full timeout
401105038,4,5:24,Official timeout
401105038,4,2:54,Chicago Full timeout
401105038,4,58.0,Chicago Full timeout
401105039,1,7:12,Indiana Full timeout
401105039,2,7:01,Indiana Full timeout
401105039,2,2:35,Official timeout
401105039,3,8:56,Minnesota Full timeout
401105039,3,3:13,Minnesota 20 Sec. timeout
401105039,4,6:45,Indiana Full timeout
401105039,4,3:27,Minnesota 20 Sec. timeout
401105039,4,2:34,Official timeout
401105040,1,5:32,Dallas Full timeout
401105040,2,5:52,Official timeout
401105040,2,3:06,Dallas Full timeout
401105040,3,4:55,Official timeout
401105040,4,7:02,Dallas Full timeout
401105040,4,2:52,Las Vegas Full timeout
401105040,4,51.0,Dallas Full timeout
401105040,4,32.5,Las Vegas Full timeout
401105040,4,29.6,Dallas 20 Sec. timeout
401105040,4,18.9,Dallas 20 Sec. timeout
401105041,1,4:55,Official timeout
401105041,1,2:08,New York Full timeout
401105041,2,5:45,Connecticut Full timeout
401105041,2,2:34,New York Full timeout
401105041,3,4:33,Official timeout
401105041,4,7:11,Connecticut Full timeout
401105041,4,3:18,New York Full timeout
401105041,4,1:29,New York Full timeout
401105042,1,4:26,Official timeout
401105042,1,1:56,Seattle Full timeout
401105042,2,5:05,Los Angeles Full timeout
401105042,2,3:18,Seattle Full timeout
401105042,2,1:42,Los Angeles Full timeout
401105042,3,5:01,Los Angeles Full timeout
401105042,4,5:28,Official timeout
401105042,4,2:50,Seattle Full timeout
401105043,1,4:49,Official timeout
401105043,2,9:27,Phoenix Full timeout
401105043,2,6:00,Washington Full timeout
401105043,2,1:53,Washington Full timeout
401105043,3,4:52,Official timeout
401105043,4,4:55,Phoenix Full timeout
401105043,4,2:06,Phoenix Full timeout
401105044,1,4:03,Minnesota Full timeout
401105044,2,5:44,Official timeout
401105044,2,2:48,Atlanta Full timeout
401105044,3,6:15,Minnesota Full timeout
401105044,4,5:13,Atlanta Full timeout
401105044,4,2:48,Official timeout
401105044,4,1:53,Atlanta 20 Sec. timeout
401105045,1,3:11,New York Full timeout
401105045,1,1:39,Chicago Full timeout
401105045,2,5:22,Official timeout
401105045,2,1:07,New York Full timeout
401105045,3,3:36,New York Full timeout
401105045,4,9:06,Chicago Full timeout
401105045,4,4:28,New York Full timeout
401105045,4,1:12,New York 20 Sec. timeout
401105045,4,1:04,New York 20 Sec. timeout
401105046,1,5:47,Indiana Full timeout
401105046,2,5:59,Official timeout
401105046,2,3:05,Washington Full timeout
401105046,3,5:53,Indiana Full timeout
401105046,4,5:52,Official timeout
401105046,4,4:13,Indiana Full timeout
401105047,1,4:45,Phoenix Full timeout
401105047,2,5:58,Official timeout
401105047,2,2:34,Los Angeles Full timeout
401105047,3,5:37,Phoenix Full timeout
401105047,4,7:17,Phoenix Full timeout
401105047,4,4:34,Los Angeles Full timeout
401105048,1,4:21,Dallas Full timeout
401105048,2,7:13,Seattle Full timeout
401105048,2,1:18,Official timeout
401105048,2,28.5,Seattle Full timeout
401105048,3,5:56,Dallas Full timeout
401105048,3,3:01,Seattle Full timeout
401105048,4,4:33,Official timeout
401105048,4,2:56,Dallas Full timeout
401105048,4,2:56,Dallas 20 Sec. timeout
401105049,1,4:25,Official timeout
401105049,2,8:41,Connecticut Full timeout
401105049,2,3:39,Connecticut Full timeout
401105049,3,8:51,Minnesota Full timeout
401105049,3,5:04,Connecticut Full timeout
401105049,4,5:30,Minnesota Full timeout
401105049,4,2:58,Official timeout
401105050,1,6:01,Las Vegas Full timeout
401105050,2,4:42,Official timeout
401105050,2,2:12,Official timeout
401105050,2,35.0,Chicago Full timeout
401105050,3,4:38,Official timeout
401105050,4,5:58,Official timeout
401105050,4,3:26,Las Vegas Full timeout
401105050,4,21.5,Chicago Full timeout
401105050,4,11.1,Las Vegas 20 Sec. timeout
401105051,1,2:02,Official timeout
401105051,2,5:41,Indiana Full timeout
401105051,2,2:53,Atlanta Full timeout
401105051,2,1:36,Atlanta Full timeout
401105051,3,3:37,Indiana Full timeout
401105051,4,5:15,Official timeout
401105051,4,3:04,Indiana Full timeout
401105051,4,2:14,Atlanta 20 Sec. timeout
401105051,4,1:27,Atlanta Full timeout
401105051,4,25.0,Atlanta Full timeout
401105051,4,20.7,Atlanta 20 Sec. timeout
401105052,1,3:49,Dallas Full timeout
401105052,1,31.3,Dallas Full timeout
401105052,2,5:26,Official timeout
401105052,2,2:37,Phoenix Full timeout
401105052,3,7:53,Phoenix Full timeout
401105052,3,4:33,Dallas Full timeout
401105052,3,1:39,Phoenix Full timeout
401105052,4,7:57,Dallas Full timeout
401105052,4,2:08,Official timeout
401105052,4,53.5,Dallas 20 Sec. timeout
401105052,4,46.8,Phoenix 20 Sec. timeout
401105052,4,26.0,Phoenix 20 Sec. timeout
401105052,4,15.1,Dallas 20 Sec. timeout
401105053,1,3:44,Official timeout
401105053,2,7:22,Seattle Full timeout
401105053,2,5:58,New York Full timeout
401105053,2,2:52,Seattle Full timeout
401105053,3,7:59,New York Full timeout
401105053,3,3:25,New York Full timeout
401105053,4,5:52,Seattle Full timeout
401105053,4,1:45,New York 20 Sec. timeout
401105053,4,1:45,Official timeout
401105054,1,6:37,Washington Full timeout
401105054,1,5:25,Minnesota Full timeout
401105054,1,1:07,Minnesota 20 Sec. timeout
401105054,2,5:39,Official timeout
401105054,2,1:26,Minnesota Full timeout
401105054,2,8.5,Washington Full timeout
401105054,3,6:22,Washington 20 Sec. timeout
401105054,3,1:18,Minnesota 20 Sec. timeout
401105054,4,7:28,Washington 20 Sec. timeout
401105054,4,5:58,Official timeout
401105054,4,5:15,Minnesota Full timeout
401105055,1,4:51,Official timeout
401105055,2,7:49,Chicago Full timeout
401105055,2,2:42,Los Angeles Full timeout
401105055,2,55.5,Chicago Full timeout
401105055,2,6.0,Los Angeles Full timeout
401105055,3,3:47,Los Angeles Full timeout
401105055,4,5:52,Official timeout
401105055,4,2:51,Chicago Full timeout
401105055,4,38.4,Los Angeles Full timeout
401105055,4,29.5,Chicago Full timeout
401105055,4,5.7,Chicago 20 Sec. timeout
401105055,4,5.7,Chicago 20 Sec. timeout
401105056,1,4:30,Official timeout
401105056,2,5:53,Official timeout
401105056,2,2:58,Connecticut Full timeout
401105056,2,51.6,Connecticut Full timeout
401105056,3,8:52,Connecticut Full timeout
401105056,3,1:04,Connecticut Full timeout
401105056,4,5:51,Las Vegas Full timeout
401105056,4,4:06,Las Vegas Full timeout
401105056,4,7.4,Connecticut 20 Sec. timeout
401105057,1,4:36,Official timeout
401105057,2,5:53,New York Full timeout
401105057,2,4:38,Minnesota Full timeout
401105057,2,1:19,Minnesota Full timeout
401105057,3,7:12,New York Full timeout
401105057,4,5:52,Official timeout
401105057,4,2:48,Minnesota Full timeout
401105057,4,2:15,Minnesota 20 Sec. timeout
401105058,1,3:37,Atlanta Full timeout
401105058,2,5:26,Official timeout
401105058,2,2:40,Las Vegas Full timeout
401105058,3,4:54,Official timeout
401105058,4,5:42,Official timeout
401105058,4,3:36,Las Vegas Full timeout
401105058,4,2:04,Atlanta Full timeout
401105058,4,1:29,Atlanta 20 Sec. timeout
401105058,4,49.1,Atlanta Full timeout
401105058,4,36.9,Las Vegas 20 Sec. timeout
401105058,4,15.8,Atlanta 20 Sec. timeout
401105059,1,4:50,Official timeout
401105059,2,7:27,Seattle Full timeout
401105059,2,3:07,Washington Full timeout
401105059,2,42.8,Seattle Full timeout
401105059,2,11.7,Washington Full timeout
401105059,3,6:25,Seattle Full timeout
401105059,4,5:58,Official timeout
401105059,4,2:24,Seattle Full timeout
401105060,1,4:47,Dallas Full timeout
401105060,2,5:44,Official timeout
401105060,2,2:51,Los Angeles Full timeout
401105060,3,7:45,Dallas Full timeout
401105060,4,7:30,Los Angeles Full timeout
401105060,4,2:30,Los Angeles Full timeout
401105060,4,48.7,Los Angeles 20 Sec. timeout
401105060,4,27.6,Dallas Full timeout
401105061,1,5:28,Phoenix Full timeout
401105061,2,6:11,Connecticut Full timeout
401105061,2,2:56,Phoenix Full timeout
401105061,2,14.1,Connecticut Full timeout
401105061,3,6:47,Phoenix Full timeout
401105061,3,3:55,Connecticut Full timeout
401105061,4,8:31,Connecticut Full timeout
401105061,4,3:17,Phoenix Full timeout
401105061,4,1:07,Phoenix 20 Sec. timeout
401105062,1,4:27,Official timeout
401105062,1,3:13,Seattle Full timeout
401105062,1,59.8,Connecticut Full timeout
401105062,2,8:44,Connecticut Full timeout
401105062,2,2:43,Official timeout
401105062,3,6:28,Seattle Full timeout
401105062,3,3:51,Connecticut Full timeout
401105062,3,2:23,Connecticut 20 Sec. timeout
401105062,4,5:59,Official timeout
401105062,4,2:40,Connecticut Full timeout
401105062,4,1:36,Seattle 20 Sec. timeout
401105062,4,1:24,Seattle Full timeout
401105062,4,15.1,Connecticut 20 Sec. timeout
401105062,4,4.3,Seattle 20 Sec. timeout
401105063,1,5:36,Los Angeles Full timeout
401105063,2,7:44,Los Angeles Full timeout
401105063,2,2:55,Official timeout
401105063,3,4:50,Official timeout
401105063,3,3:40,Chicago Full timeout
401105063,4,7:37,Los Angeles Full timeout
401105063,4,4:28,Los Angeles Full timeout
401105063,4,3:36,Chicago Full timeout
401105063,4,1:59,Los Angeles 20 Sec. timeout
401105064,1,8:50,Dallas Full timeout
401105064,2,5:13,Official timeout
401105064,2,2:09,New York Full timeout
401105064,3,7:30,Dallas Full timeout
401105064,3,3:57,New York Full timeout
401105064,4,5:59,Official timeout
401105064,4,3:16,Dallas 20 Sec. timeout
401105064,4,2:53,New York Full timeout
401105064,4,53.0,Dallas Full timeout
401105064,4,40.4,New York 20 Sec. timeout
401105064,4,23.9,Dallas 20 Sec. timeout
401105064,4,20.0,New York 20 Sec. timeout
401105065,1,4:54,Official timeout
401105065,2,5:13,Minnesota Full timeout
401105065,2,2:58,Washington Full timeout
401105065,2,2:01,Minnesota Full timeout
401105065,3,4:56,Official timeout
401105065,4,5:23,Minnesota Full timeout
401105065,4,3:31,Minnesota 20 Sec. timeout
401105065,4,2:53,Washington Full timeout
401105065,4,1:29,Minnesota Full timeout
401105065,4,51.2,Minnesota 20 Sec. timeout
401105066,1,4:38,Phoenix Full timeout
401105066,2,5:18,Official timeout
401105066,2,2:30,Atlanta Full timeout
401105066,2,32.6,Phoenix Full timeout
401105066,2,25.1,Atlanta Full timeout
401105066,3,4:54,Official timeout
401105066,3,1:30,Phoenix Full timeout
401105066,4,6:22,Atlanta Full timeout
401105066,4,3:07,Atlanta 20 Sec. timeout
401105066,4,2:13,Official timeout
401105067,1,4:33,Official timeout
401105067,1,3:16,Dallas Full timeout
401105067,2,8:36,Dallas 20 Sec. timeout
401105067,2,5:40,Connecticut Full timeout
401105067,2,3:11,Connecticut Full timeout
401105067,3,7:07,Dallas Full timeout
401105067,4,8:18,Dallas Full timeout
401105067,4,6:55,Connecticut Full timeout
401105067,4,52.0,Dallas 20 Sec. timeout
401105068,1,5:57,Indiana Full timeout
401105068,2,5:07,Official timeout
401105068,2,2:52,Washington Full timeout
401105068,2,12.8,Washington Full timeout
401105068,3,6:26,Indiana Full timeout
401105068,3,2:52,Indiana Full timeout
401105068,4,5:40,Official timeout
401105068,4,3:37,Indiana 20 Sec. timeout
401105068,4,1:38,Washington Full timeout
401105069,1,4:49,Official timeout
401105069,2,5:52,Chicago Full timeout
401105069,2,2:58,Las Vegas Full timeout
401105069,2,43.3,Las Vegas Full timeout
401105069,3,4:18,Official timeout
401105069,4,5:24,Chicago Full timeout
401105069,4,4:28,Chicago Full timeout
401105069,4,1:21,Chicago 20 Sec. timeout
401105070,1,4:33,Official timeout
401105070,2,5:53,Phoenix Full timeout
401105070,2,2:58,New York Full timeout
401105070,2,35.3,Phoenix Full timeout
401105070,2,18.3,New York Full timeout
401105070,3,4:37,Official timeout
401105070,4,8:53,Phoenix Full timeout
401105070,4,2:47,New York Full timeout
401105070,4,1:52,Phoenix Full timeout
401105070,4,53.3,New York Full timeout
401105070,4,40.6,New York 20 Sec. timeout
401105070,4,25.3,New York 20 Sec. timeout
401105070,4,13.0,Phoenix 20 Sec. timeout
401105071,1,6:38,Minnesota Full timeout
401105071,2,7:19,Seattle Full timeout
401105071,2,4:14,Minnesota Full timeout
401105071,2,1:38,Seattle Full timeout
401105071,3,7:57,Minnesota Full timeout
401105071,3,2:00,Seattle Full timeout
401105071,4,8:22,Minnesota 20 Sec. timeout
401105071,4,5:47,Official timeout
401105071,4,2:40,Seattle Full timeout
401105072,1,4:40,Official timeout
401105072,2,5:37,Atlanta Full timeout
401105072,2,2:30,Chicago Full timeout
401105072,2,1:19,Chicago Full timeout
401105072,2,14.9,Atlanta Full timeout
401105072,3,4:43,Official timeout
401105072,4,5:39,Atlanta Full timeout
401105072,4,3:30,Atlanta 20 Sec. timeout
401105072,4,2:15,Chicago Full timeout
401105072,4,51.0,Atlanta Full timeout
401105072,4,14.6,Atlanta 20 Sec. timeout
401105073,1,4:33,Official timeout
401105073,2,5:12,Indiana Full timeout
401105073,2,2:23,New York Full timeout
401105073,2,23.9,New York Full timeout
401105073,3,7:10,New York Full timeout
401105073,4,5:39,Official timeout
401105073,4,2:36,Indiana Full timeout
401105073,4,36.0,Indiana Full timeout
401105073,4,32.8,Indiana 20 Sec. timeout
401105073,4,24.3,Indiana 20 Sec. timeout
401105074,1,5:27,Phoenix Full timeout
401105074,2,5:59,Official timeout
401105074,2,48.8,Official timeout
401105074,3,7:09,Phoenix Full timeout
401105074,4,5:50,Las Vegas Full timeout
401105074,4,2:12,Phoenix Full timeout
401105074,4,22.2,Phoenix 20 Sec. timeout
401105074,4,2.3,Phoenix 20 Sec. timeout
401105074,5,11.8,Phoenix 20 Sec. timeout
401105075,1,4:13,Official timeout
401105075,2,6:41,Minnesota Full timeout
401105075,2,4:41,Minnesota Full timeout
401105075,2,2:37,Minnesota 20 Sec. timeout
401105075,2,5.5,Los Angeles Full timeout
401105075,3,7:02,Minnesota Full timeout
401105075,4,7:29,Los Angeles Full timeout
401105075,4,2:18,Los Angeles Full timeout
401105075,4,2:09,Minnesota Full timeout
401105075,4,43.0,Minnesota 20 Sec. timeout
401105076,1,4:47,Official timeout
401105076,1,3:09,Dallas Full timeout
401105076,2,8:43,Dallas Full timeout
401105076,2,6:38,Dallas 20 Sec. timeout
401105076,2,4:37,Minnesota Full timeout
401105076,2,2:15,Minnesota Full timeout
401105076,3,4:28,Official timeout
401105076,3,1:58,Minnesota 20 Sec. timeout
401105076,4,5:45,Minnesota Full timeout
401105076,4,4:13,Minnesota 20 Sec. timeout
401105076,4,1:50,Dallas Full timeout
401105077,1,4:53,Official timeout
401105077,2,5:52,Los Angeles Full timeout
401105077,2,3:16,Indiana Full timeout
401105077,3,8:37,Indiana Full timeout
401105077,3,5:25,Los Angeles Full timeout
401105077,4,5:33,Official timeout
401105077,4,3:02,Indiana Full timeout
401105078,1,5:40,Las Vegas Full timeout
401105078,2,5:52,Official timeout
401105078,2,2:48,Connecticut Full timeout
401105078,3,6:16,Connecticut Full timeout
401105078,4,5:45,Las Vegas Full timeout
401105078,4,2:47,Official timeout
401105078,4,54.8,Connecticut Full timeout
401105078,4,40.9,Las Vegas 20 Sec. timeout
401105078,4,10.2,Las Vegas Full timeout
401105079,1,3:21,Official timeout
401105079,2,5:31,New York Full timeout
401105079,2,2:42,Atlanta Full timeout
401105079,2,34.7,Atlanta Full timeout
401105079,3,6:50,New York Full timeout
401105079,4,5:46,Official timeout
401105079,4,2:11,Atlanta Full timeout
401105079,4,1:04,Atlanta Full timeout
401105079,4,46.8,Atlanta 20 Sec. timeout
401105079,4,15.8,New York Full timeout
401105079,4,11.3,New York 20 Sec. timeout
401105079,4,4.6,Atlanta 20 Sec. timeout
401105079,4,3.6,New York 20 Sec. timeout
401105080,1,8:12,Washington Full timeout
401105080,2,5:57,Chicago Full timeout
401105080,2,2:57,Official timeout
401105080,2,2:21,Chicago Full timeout
401105080,3,5:46,Washington Full timeout
401105080,4,5:48,Official timeout
401105080,4,4:08,Washington 20 Sec. timeout
401105080,4,2:24,Chicago Full timeout
401105081,1,4:47,Official timeout
401105081,1,2:07,New York Full timeout
401105081,1,1:28,Washington Full timeout
401105081,2,4:47,New York Full timeout
401105081,2,2:31,Washington Full timeout
401105081,2,17.4,Washington Full timeout
401105081,3,6:26,New York Full timeout
401105081,4,6:31,New York Full timeout
401105081,4,2:28,Washington Full timeout
401105082,1,4:21,Official timeout
401105082,2,5:54,Dallas Full timeout
401105082,2,2:30,Atlanta Full timeout
401105082,2,52.4,Atlanta Full timeout
401105082,3,8:13,Dallas Full timeout
401105082,4,8:34,Atlanta Full timeout
401105082,4,2:20,Dallas 20 Sec. timeout
401105082,4,1:20,Atlanta Full timeout
401105082,4,21.5,Dallas Full timeout
401105082,4,13.8,Atlanta 20 Sec. timeout
401105082,4,10.5,Dallas 20 Sec. timeout
401105083,1,4:58,Official timeout
401105083,2,6:09,Connecticut Full timeout
401105083,2,4:36,Los Angeles Full timeout
401105083,2,1:47,Los Angeles Full timeout
401105083,3,4:56,Official timeout
401105083,3,1:57,Connecticut Full timeout
401105083,4,7:18,Los Angeles Full timeout
401105083,4,2:53,Connecticut Full timeout
401105083,4,2:11,Connecticut 20 Sec. timeout
401105084,1,4:51,Official timeout
401105084,2,5:52,Phoenix Full timeout
401105084,2,3:55,Phoenix Full timeout
401105084,3,4:45,Phoenix Full timeout
401105084,4,5:57,Official timeout
401105084,4,2:55,Chicago Full timeout
401105084,4,1:13,Phoenix Full timeout
401105084,4,30.9,Chicago 20 Sec. timeout
401105084,4,30.1,Phoenix 20 Sec. timeout
401105085,1,7:41,Las Vegas Full timeout
401105085,2,8:12,Minnesota Full timeout
401105085,2,4:26,Minnesota Full timeout
401105085,3,5:52,Las Vegas Full timeout
401105085,4,5:55,Official timeout
401105085,4,4:23,Las Vegas Full timeout
401105086,1,6:44,Indiana Full timeout
401105086,1,1:07,Seattle Full timeout
401105086,1,32.3,Indiana Full timeout
401105086,2,6:41,Seattle Full timeout
401105086,2,2:24,Official timeout
401105086,3,4:47,Official timeout
401105086,4,5:40,Seattle Full timeout
401105086,4,3:03,Indiana Full timeout
401105086,4,17.5,Indiana Full timeout
401105086,4,15.1,Seattle 20 Sec. timeout
401105086,4,11.0,Indiana 20 Sec. timeout
401105086,4,6.3,Seattle 20 Sec. timeout
401105087,1,4:58,Official timeout
401105087,2,7:02,Las Vegas Full timeout
401105087,2,4:34,Indiana Full timeout
401105087,3,4:32,Official timeout
401105087,4,5:49,Indiana Full timeout
401105087,4,2:29,Las Vegas Full timeout
401105088,1,4:56,Official timeout
401105088,1,43.5,Phoenix Full timeout
401105088,2,5:25,New York Full timeout
401105088,2,2:40,Phoenix Full timeout
401105088,2,38.8,New York Full timeout
401105088,3,4:55,Official timeout
401105088,4,5:52,New York Full timeout
401105088,4,1:53,Phoenix Full timeout
401105088,4,42.3,New York 20 Sec. timeout
401105088,4,25.6,New York 20 Sec. timeout
401105089,1,6:13,Los Angeles Full timeout
401105089,2,5:48,Official timeout
401105089,2,3:48,Washington Full timeout
401105089,3,5:40,Los Angeles Full timeout
401105089,4,2:44,Washington Full timeout
401105090,1,4:26,Official timeout
401105090,1,2:40,Minnesota Full timeout
401105090,2,4:11,Minnesota Full timeout
401105090,2,2:46,Chicago Full timeout
401105090,3,8:19,Chicago Full timeout
401105090,3,1:44,Minnesota Full timeout
401105090,3,32.6,Minnesota 20 Sec. timeout
401105090,4,5:31,Official timeout
401105090,4,2:55,Minnesota Full timeout
401105090,4,22.8,Minnesota 20 Sec. timeout
401105091,1,6:04,Connecticut Full timeout
401105091,1,3:53,Seattle Full timeout
401105091,2,5:58,Official timeout
401105091,2,4:19,Seattle Full timeout
401105091,3,5:39,Seattle Full timeout
401105091,4,5:39,Official timeout
401105091,4,4:54,Connecticut Full timeout
401105092,1,4:40,Official timeout
401105092,2,6:02,Los Angeles Full timeout
401105092,2,2:39,Indiana Full timeout
401105092,3,7:43,Indiana Full timeout
401105092,4,9:13,Indiana Full timeout
401105092,4,6:21,Los Angeles Full timeout
401105092,4,20.7,Los Angeles Full timeout
401105092,4,6.9,Indiana 20 Sec. timeout
401105094,1,4:24,Official timeout
401105094,2,5:05,Atlanta Full timeout
401105094,2,2:47,Phoenix Full timeout
401105094,2,35.3,Atlanta Full timeout
401105094,2,15.0,Phoenix Full timeout
401105094,3,4:54,Official timeout
401105094,4,5:39,Atlanta Full timeout
401105094,4,4:29,Atlanta Full timeout
401105094,4,28.4,Phoenix Full timeout
401105094,4,20.1,Phoenix 20 Sec. timeout
401105094,4,19.6,Atlanta 20 Sec. timeout
401105094,4,8.2,Atlanta 20 Sec. timeout
401105093,1,4:56,Official timeout
401105093,1,54.3,Chicago Full timeout
401105093,2,8:42,Dallas Full timeout
401105093,2,2:58,Chicago Full timeout
401105093,3,5:51,Dallas Full timeout
401105093,4,6:44,Dallas Full timeout
401105093,4,2:34,Official timeout
401105093,4,52.2,Chicago Full timeout
401105093,4,16.2,Chicago 20 Sec. timeout
401105093,4,3.2,Chicago Full timeout
401105095,1,4:30,Official timeout
401105095,2,4:58,New York Full timeout
401105095,2,1:45,Connecticut Full timeout
401105095,2,33.9,New York Full timeout
401105095,3,5:00,Connecticut Full timeout
401105095,3,4:08,Connecticut Full timeout
401105095,4,5:29,Official timeout
401105095,4,2:50,New York Full timeout
401105096,1,6:06,Dallas Full timeout
401105096,2,6:36,Dallas Full timeout
401105096,2,2:29,Dallas 20 Sec. timeout
401105096,2,2:29,Official timeout
401105096,3,4:15,Official timeout
401105096,4,7:13,Washington Full timeout
401105096,4,2:51,Dallas Full timeout
401105096,4,1:16,Dallas 20 Sec. timeout
401105096,4,27.2,Dallas Full timeout
401105096,4,15.8,Washington 20 Sec. timeout
401105097,1,4:33,Official timeout
401105097,2,8:02,Los Angeles Full timeout
401105097,2,1:48,Official timeout
401105097,3,4:53,Official timeout
401105097,4,8:05,Los Angeles Full timeout
401105097,4,4:32,Los Angeles Full timeout
401105097,4,48.7,Los Angeles 20 Sec. timeout
401105097,4,43.6,Las Vegas Full timeout
401105097,4,22.1,Las Vegas 20 Sec. timeout
401105097,4,7.5,Las Vegas Full timeout
401105097,4,6.2,Los Angeles 20 Sec. timeout
401105098,1,6:14,Phoenix Full timeout
401105098,2,5:53,Official timeout
401105098,2,3:53,Chicago Full timeout
401105098,3,7:17,Phoenix Full timeout
401105098,3,4:59,Phoenix 20 Sec. timeout
401105098,4,6:45,Phoenix 20 Sec. timeout
401105098,4,5:32,Official timeout
401105098,4,2:26,Chicago Full timeout
401105099,1,4:44,Official timeout
401105099,2,6:36,Indiana Full timeout
401105099,2,2:57,Minnesota Full timeout
401105099,3,6:35,Minnesota Full timeout
401105099,3,33.4,Indiana Full timeout
401105099,4,5:25,Indiana Full timeout
401105099,4,1:47,Minnesota 20 Sec. timeout
401105099,4,1:47,Official timeout
401105100,1,4:29,Official timeout
401105100,1,4:06,Atlanta Full timeout
401105100,2,5:51,Seattle Full timeout
401105100,2,2:34,Atlanta Full timeout
401105100,2,1:24,Seattle Full timeout
401105100,3,4:47,Official timeout
401105100,4,5:18,Seattle Full timeout
401105100,4,2:40,Atlanta Full timeout
401105101,1,4:14,Official timeout
401105101,2,5:38,New York Full timeout
401105101,2,4:15,Washington Full timeout
401105101,3,7:28,New York Full timeout
401105101,4,9:25,Washington 20 Sec. timeout
401105101,4,5:15,Official timeout
401105101,4,2:10,Washington Full timeout
401105102,1,4:45,Phoenix Full timeout
401105102,2,5:56,Phoenix Full timeout
401105102,2,1:28,Official timeout
401105102,3,5:19,Phoenix Full timeout
401105102,4,5:00,Official timeout
401105102,4,2:44,Seattle Full timeout
401105102,4,1:28,Phoenix 20 Sec. timeout
401105103,1,4:06,Los Angeles Full timeout
401105103,2,5:37,Atlanta Full timeout
401105103,2,2:35,Los Angeles Full timeout
401105103,3,4:54,Official timeout
401105103,3,2:16,Atlanta Full timeout
401105103,4,5:36,Los Angeles Full timeout
401105103,4,2:50,Atlanta Full timeout
401105104,1,4:39,Official timeout
401105104,1,1:50,Dallas Full timeout
401105104,2,5:55,Official timeout
401105104,2,2:46,Dallas Full timeout
401105104,2,20.7,Connecticut Full timeout
401105104,3,6:03,Dallas 20 Sec. timeout
401105104,3,4:21,Official timeout
401105104,4,9:31,Dallas Full timeout
401105104,4,8:39,Connecticut Full timeout
401105104,4,5:52,Dallas Full timeout
401105105,1,3:23,Official timeout
401105105,2,5:15,Atlanta Full timeout
401105105,2,2:07,Las Vegas Full timeout
401105105,3,4:56,Official timeout
401105105,4,4:54,Atlanta Full timeout
401105105,4,2:13,Las Vegas Full timeout
401105105,4,1:31,Atlanta 20 Sec. timeout
401105105,4,41.8,Atlanta Full timeout
401105105,4,19.8,Las Vegas Full timeout
401105106,1,3:53,Official timeout
401105106,2,8:44,Seattle Full timeout
401105106,2,5:02,Los Angeles Full timeout
401105106,2,30.7,Seattle Full timeout
401105106,3,6:53,Los Angeles Full timeout
401105106,4,6:49,Los Angeles Full timeout
401105106,4,5:39,Seattle Full timeout
401105107,1,7:25,Dallas Full timeout
401105107,2,7:19,Dallas Full timeout
401105107,2,2:15,Official timeout
401105107,3,4:36,Official timeout
401105107,4,5:52,Washington Full timeout
401105107,4,2:50,Dallas Full timeout
401105107,4,49.8,Washington 20 Sec. timeout
401105109,1,4:33,Official timeout
401105108,1,7:10,Connecticut Full timeout
401105108,2,7:45,Chicago Full timeout
401105108,2,2:42,Official timeout
401105108,2,1:33,Chicago Full timeout
401105108,2,29.2,Connecticut Full timeout
401105108,3,5:43,Chicago 20 Sec. timeout
401105108,3,3:47,Official timeout
401105108,4,5:45,Connecticut Full timeout
401105108,4,5:10,Connecticut Full timeout
401105108,4,1:22,Connecticut 20 Sec. timeout
401105108,4,1.3,Chicago Full timeout
401105108,5,2:19,Connecticut 20 Sec. timeout
401105108,5,42.2,Connecticut 20 Sec. timeout
401105108,5,12.1,Connecticut Full timeout
401105108,5,1.6,Chicago Full timeout
401105110,1,4:07,Official timeout
401105110,2,8:11,Minnesota Full timeout
401105110,2,2:13,Phoenix Full timeout
401105110,2,3.9,Phoenix Full timeout
401105110,3,7:48,Phoenix Full timeout
401105110,3,3:28,Phoenix 20 Sec. timeout
401105110,4,6:23,Minnesota Full timeout
401105110,4,3:09,Phoenix 20 Sec. timeout
401105110,4,2:35,Official timeout
401105110,4,1:27,Phoenix Full timeout
401105111,1,4:25,Official timeout
401105111,2,5:55,Atlanta Full timeout
401105111,2,2:00,New York Full timeout
401105111,3,6:13,Atlanta Full timeout
401105111,4,5:56,Official timeout
401105111,4,2:46,New York Full timeout
401105111,4,1:34,Atlanta Full timeout
401105112,1,2:52,Official timeout
401105112,2,5:48,Indiana Full timeout
401105112,2,2:47,Connecticut Full timeout
401105112,2,2:08,Connecticut Full timeout
401105112,3,9:04,Indiana Full timeout
401105112,3,5:04,Connecticut Full timeout
401105112,4,6:31,Connecticut Full timeout
401105112,4,2:44,Official timeout
401105112,4,1:16,Indiana 20 Sec. timeout
401105113,1,4:50,Official timeout
401105113,2,6:11,Chicago Full timeout
401105113,2,2:05,Washington Full timeout
401105113,2,10.0,Washington Full timeout
401105113,3,4:10,Official timeout
401105113,4,5:57,Official timeout
401105113,4,5:57,Washington Full timeout
401105113,4,3:46,Washington 20 Sec. timeout
401105113,4,2:09,Chicago Full timeout
401105114,1,4:44,Seattle Full timeout
401105114,2,5:34,Official timeout
401105114,2,2:06,Dallas Full timeout
401105114,3,4:48,Official timeout
401105114,4,6:25,Seattle Full timeout
401105114,4,1:50,Dallas Full timeout
401105115,1,4:51,Official timeout
401105115,2,5:52,Phoenix Full timeout
401105115,2,2:56,Las Vegas Full timeout
401105115,3,6:44,Phoenix Full timeout
401105115,4,5:53,Official timeout
401105115,4,2:49,Las Vegas Full timeout
401105115,4,2:05,Phoenix Full timeout
401105115,4,39.4,Phoenix 20 Sec. timeout
401105116,1,4:51,Official timeout
401105116,2,5:45,Minnesota Full timeout
401105116,2,1:06,Minnesota Full timeout
401105116,2,13.8,Los Angeles Full timeout
401105116,3,8:45,Minnesota Full timeout
401105116,3,4:24,Minnesota 20 Sec. timeout
401105116,4,6:13,Los Angeles Full timeout
401105116,4,2:16,Los Angeles Full timeout
401105116,4,1:10,Minnesota Full timeout
401165793,1,3:39,Phoenix Full timeout
401165793,2,8:18,Phoenix Full timeout
401165793,2,2:43,Official timeout
401165793,3,7:53,Phoenix Full timeout
401165793,4,7:41,Phoenix Full timeout
401165793,4,3:18,Phoenix 20 Sec. timeout
401165793,4,1:43,Official timeout
401165794,1,7:18,Minnesota Full timeout
401165794,2,7:59,Seattle Full timeout
401165794,2,5:46,Minnesota Full timeout
401165794,2,23.7,Seattle Full timeout
401165794,3,7:45,Minnesota Full timeout
401165794,3,1:31,Seattle Full timeout
401165794,4,7:33,Minnesota 20 Sec. timeout
401165794,4,5:44,Official timeout
401165794,4,2:56,Seattle Full timeout
401165794,4,1:11,Minnesota 20 Sec. timeout
401165794,4,36.8,Minnesota Full timeout
401165795,1,4:57,Official timeout
401165795,1,45.6,Seattle Full timeout
401165795,2,6:41,Seattle Full timeout
401165795,2,2:43,Los Angeles Full timeout
401165795,2,5.6,Los Angeles Full timeout
401165795,3,6:32,Los Angeles Full timeout
401165795,4,6:56,Seattle Full timeout
401165795,4,2:41,Los Angeles Full timeout
401165796,1,4:58,Official timeout
401165796,2,6:53,Chicago Full timeout
401165796,2,2:41,Las Vegas Full timeout
401165796,2,24.7,Las Vegas Full timeout
401165796,3,6:41,Las Vegas Full timeout
401165796,4,5:36,Official timeout
401165796,4,2:12,Las Vegas Full timeout
401165796,4,24.1,Las Vegas 20 Sec. timeout
401165796,4,14.6,Chicago Full timeout
401165796,4,5.0,Chicago Full timeout
401165802,1,4:20,Los Angeles Full timeout
401165802,2,6:45,Connecticut Full timeout
401165802,2,2:43,Official timeout
401165802,2,1:04,Connecticut Full timeout
401165802,3,7:39,Los Angeles Full timeout
401165802,4,5:42,Los Angeles Full timeout
401165802,4,2:40,Connecticut Full timeout
401165802,4,1:11,Los Angeles 20 Sec. timeout
401165802,4,13.5,Los Angeles 20 Sec. timeout
401165797,1,4:17,Official timeout
401165797,2,4:44,Washington Full timeout
401165797,2,3:16,Washington Full timeout
401165797,2,12.8,Las Vegas Full timeout
401165797,3,7:39,Las Vegas Full timeout
401165797,4,7:55,Las Vegas Full timeout
401165797,4,1:33,Washington Full timeout
401165797,4,32.6,Las Vegas 20 Sec. timeout
401165803,1,4:43,Connecticut Full timeout
401165803,2,7:28,Los Angeles Full timeout
401165803,2,2:32,Official timeout
401165803,2,17.1,Connecticut Full timeout
401165803,3,5:44,Los Angeles Full timeout
401165803,3,54.0,Connecticut Full timeout
401165803,4,6:51,Los Angeles Full timeout
401165803,4,3:00,Connecticut 20 Sec. timeout
401165803,4,2:52,Official timeout
401165798,1,4:25,Official timeout
401165798,2,6:09,Las Vegas Full timeout
401165798,2,2:40,Washington Full timeout
401165798,2,52.2,Washington Full timeout
401165798,2,14.4,Las Vegas Full timeout
401165798,3,4:47,Official timeout
401165798,3,1:45,Las Vegas 20 Sec. timeout
401165798,4,5:30,Las Vegas Full timeout
401165798,4,2:48,Las Vegas Full timeout
401165798,4,1:38,Las Vegas Full timeout
401165798,4,28.5,Las Vegas 20 Sec. timeout
401165887,1,3:48,Official timeout
401165887,2,5:57,Official timeout
401165887,2,3:05,Washington Full timeout
401165887,3,7:44,Washington Full timeout
401165887,3,1:14,Official timeout
401165887,4,5:30,Official timeout
401165887,4,3:24,Washington Full timeout
401165887,4,1:20,Las Vegas Full timeout
401165892,1,4:41,Official timeout
401165892,2,5:43,Los Angeles Full timeout
401165892,2,3:47,Connecticut Full timeout
401165892,2,16.7,Los Angeles Full timeout
401165892,3,7:30,Los Angeles Full timeout
401165892,3,1:54,Los Angeles Full timeout
401165892,4,7:43,Los Angeles 20 Sec. timeout
401165892,4,5:25,Official timeout
401165892,4,4:00,Connecticut Full timeout
401165888,1,3:09,Official timeout
401165888,2,2:24,Las Vegas Full timeout
401165888,2,30.4,Washington Full timeout
401165888,3,4:47,Official timeout
401165888,3,1:14,Washington 20 Sec. timeout
401165888,4,5:31,Official timeout
401165888,4,2:39,Official timeout
401165888,4,50.6,Las Vegas 20 Sec. timeout
401165888,4,29.2,Las Vegas Full timeout
401165888,4,15.9,Washington 20 Sec. timeout
401165888,4,13.9,Las Vegas 20 Sec. timeout
401165807,1,3:45,Official timeout
401165807,1,53.5,Connecticut Full timeout
401165807,2,6:17,Washington Full timeout
401165807,2,3:25,Connecticut Full timeout
401165807,3,4:17,Official timeout
401165807,3,1:49,Washington 20 Sec. timeout
401165807,4,5:56,Washington Full timeout
401165807,4,4:07,Connecticut Full timeout
401165807,4,2:55,Connecticut 20 Sec. timeout
401165807,4,37.2,Washington Full timeout
401165807,4,37.2,Washington 20 Sec. timeout
401165808,1,3:21,Washington Full timeout
401165808,2,4:08,Official timeout
401165808,2,2:24,Connecticut Full timeout
401165808,2,1:17,Connecticut Full timeout
401165808,3,6:57,Washington Full timeout
401165808,3,1:30,Connecticut Full timeout
401165808,4,6:36,Washington 20 Sec. timeout
401165808,4,5:07,Official timeout
401165808,4,2:42,Connecticut Full timeout
401165808,4,1:05,Washington 20 Sec. timeout
401165809,1,4:24,Official timeout
401165809,1,2:04,Connecticut Full timeout
401165809,2,4:40,Connecticut Full timeout
401165809,2,3:07,Washington Full timeout
401165809,2,1:20,Washington Full timeout
401165809,3,4:25,Official timeout
401165809,3,2:19,Connecticut Full timeout
401165809,4,8:23,Connecticut Full timeout
401165809,4,6:30,Washington Full timeout
401165809,4,4:18,Washington 20 Sec. timeout
401165809,4,1:00,Connecticut 20 Sec. timeout
401165810,1,7:18,Washington Full timeout
401165810,1,2:34,Washington Full timeout
401165810,2,6:31,Connecticut Full timeout
401165810,2,2:57,Official timeout
401165810,2,10.7,Connecticut Full timeout
401165810,3,8:24,Connecticut Full timeout
401165810,3,6:42,Connecticut 20 Sec. timeout
401165810,4,5:35,Washington Full timeout
401165810,4,2:22,Washington 20 Sec. timeout
401165810,4,52.7,Connecticut Full timeout
401165810,4,18.4,Washington Full timeout
401165810,4,9.7,Washington 20 Sec. timeout
401165811,1,3:42,Official timeout
401165811,2,5:39,Washington Full timeout
401165811,2,3:02,Connecticut Full timeout
401165811,2,31.3,Washington Full timeout
401165811,2,13.8,Connecticut Full timeout
401165811,3,7:01,Washington Full timeout
401165811,3,3:52,Connecticut Full timeout
401165811,4,4:22,Connecticut Full timeout
401165811,4,2:41,Official timeout
401165811,4,57.4,Connecticut 20 Sec. timeout
401165811,4,50.5,Washington 20 Sec. timeout
401165811,4,28.0,Connecticut 20 Sec. timeout
401230733,1,4:37,Official timeout
401230733,2,8:07,New York Full timeout
401230733,2,3:38,New York Full timeout
401230733,3,4:58,Official timeout
401230733,4,6:25,New York Full timeout
401230733,4,4:53,Seattle Full timeout
401230733,4,1:51,Seattle Full timeout
401230734,1,4:24,Official timeout
401230734,2,5:58,Los Angeles Full timeout
401230734,2,2:36,Official timeout
401230734,3,7:44,Los Angeles 20 Sec. timeout
401230734,3,5:36,Phoenix Full timeout
401230734,3,2:29,Phoenix 20 Sec. timeout
401230734,4,6:15,Los Angeles Full timeout
401230734,4,5:04,Phoenix Full timeout
401230735,1,4:41,Official timeout
401230735,2,6:43,Indiana Full timeout
401230735,2,2:09,Indiana Full timeout
401230735,3,6:40,Indiana Full timeout
401230735,4,7:05,Washington Full timeout
401230735,4,3:10,Washington 20 Sec. timeout
401230735,4,2:49,Official timeout
401230461,1,4:42,Official timeout
401230461,2,6:31,Minnesota Full timeout
401230461,2,2:56,Connecticut Full timeout
401230461,3,5:53,Minnesota Full timeout
401230461,4,7:55,Connecticut Full timeout
401230461,4,2:43,Connecticut 20 Sec. timeout
401230461,4,2:43,Minnesota Full timeout
401230461,4,1:46,Connecticut Full timeout
401230462,1,4:48,Official timeout
401230462,2,5:54,Las Vegas Full timeout
401230462,2,4:44,Chicago Full timeout
401230462,2,2:22,Chicago Full timeout
401230462,2,55.7,Las Vegas Full timeout
401230462,3,7:44,Chicago Full timeout
401230462,4,9:00,Official timeout
401230462,4,7:23,Chicago 20 Sec. timeout
401230462,4,5:47,Las Vegas Full timeout
401230462,4,31.4,Las Vegas 20 Sec. timeout
401230462,4,21.7,Chicago Full timeout
401230462,4,14.7,Las Vegas Full timeout
401230462,4,1.6,Las Vegas 20 Sec. timeout
401230463,1,4:46,Official timeout
401230463,2,5:10,Official timeout
401230463,3,5:04,Dallas Full timeout
401230463,4,8:18,Dallas Full timeout
401230463,4,3:14,Atlanta Full timeout
401230463,4,1:30,Atlanta 20 Sec. timeout
401230463,4,47.1,Dallas 20 Sec. timeout
401230463,4,34.9,Atlanta 20 Sec. timeout
401230463,4,18.8,Dallas 20 Sec. timeout
401230464,1,6:15,Connecticut Full timeout
401230464,2,7:04,Washington Full timeout
401230464,2,2:22,Official timeout
401230464,2,1:18,Washington Full timeout
401230464,3,6:42,Connecticut Full timeout
401230464,3,2:08,Connecticut 20 Sec. timeout
401230464,4,6:53,Connecticut Full timeout
401230464,4,2:09,Washington Full timeout
401230464,4,53.3,Washington 20 Sec. timeout
401230464,4,22.8,Connecticut 20 Sec. timeout
401230465,1,4:47,Los Angeles Full timeout
401230465,1,21.6,Chicago Full timeout
401230465,2,5:00,Official timeout
401230465,2,2:54,Chicago Full timeout
401230465,2,49.0,Los Angeles Full timeout
401230465,3,5:59,Los Angeles Full timeout
401230465,3,2:48,Los Angeles Full timeout
401230465,4,5:23,Chicago Full timeout
401230465,4,2:43,Official timeout
401230465,4,48.3,Los Angeles 20 Sec. timeout
401230466,1,4:16,Official timeout
401230466,1,12.1,Minnesota Full timeout
401230466,2,7:04,Seattle Full timeout
401230466,2,2:58,Official timeout
401230466,2,11.3,Seattle Full timeout
401230466,3,8:17,Minnesota Full timeout
401230466,3,3:25,Minnesota Full timeout
401230466,4,5:24,Seattle Full timeout
401230466,4,4:45,Minnesota 20 Sec. timeout
401230466,4,2:55,Minnesota Full timeout
401230467,1,4:16,Official timeout
401230467,1,1:44,Phoenix Full timeout
401230467,2,6:26,Phoenix Full timeout
401230467,2,2:36,Indiana Full timeout
401230467,2,1:16,Indiana Full timeout
401230467,3,5:34,Phoenix Full timeout
401230467,3,3:24,Indiana Full timeout
401230467,4,5:43,Official timeout
401230467,4,2:46,Indiana Full timeout
401230467,4,37.0,Indiana Full timeout
401230467,4,34.8,Phoenix Full timeout
401230467,4,24.0,Phoenix Full timeout
401230467,4,17.0,Indiana Full timeout
401230467,4,12.6,Phoenix Full timeout
401230468,1,4:21,Official timeout
401230468,2,7:42,Dallas Full timeout
401230468,2,2:39,New York Full timeout
401230468,3,3:54,Official timeout
401230468,4,5:34,Dallas Full timeout
401230468,4,4:28,New York 20 Sec. timeout
401230468,4,2:56,New York Full timeout
401230468,4,1:43,Dallas 20 Sec. timeout
401230469,1,5:29,Atlanta Full timeout
401230469,2,5:47,Official timeout
401230469,2,2:35,Las Vegas Full timeout
401230469,3,6:01,Atlanta Full timeout
401230469,4,5:03,Official timeout
401230469,4,2:40,Las Vegas Full timeout
401230470,1,5:59,Seattle Full timeout
401230470,2,5:33,Official timeout
401230470,2,2:53,Seattle Full timeout
401230470,3,4:43,Official timeout
401230470,4,5:44,Washington Full timeout
401230470,4,4:06,Seattle Full timeout
401230470,4,2:56,Seattle Full timeout
401230470,4,1:32,Washington Full timeout
401230471,1,3:01,Chicago Full timeout
401230471,1,2:27,Minnesota Full timeout
401230471,2,5:54,Official timeout
401230471,2,2:31,Chicago Full timeout
401230471,3,4:12,Official timeout
401230471,4,7:47,Chicago Full timeout
401230471,4,2:57,Minnesota Full timeout
401230471,4,1:39,Minnesota 20 Sec. timeout
401230471,4,53.6,Minnesota Full timeout
401230471,4,44.0,Chicago Full timeout
401230471,4,37.4,Minnesota 20 Sec. timeout
401230471,4,21.7,Chicago 20 Sec. timeout
401230471,4,0.8,Chicago 20 Sec. timeout
401230472,1,7:55,Los Angeles Full timeout
401230472,2,8:07,Connecticut Full timeout
401230472,2,3:30,Los Angeles Full timeout
401230472,3,8:21,Los Angeles Full timeout
401230472,3,3:02,Connecticut Full timeout
401230472,4,7:41,Connecticut Full timeout
401230472,4,5:35,Official timeout
401230472,4,3:46,Los Angeles Full timeout
401230472,4,1:12,Connecticut Full timeout
401230472,4,31.5,Connecticut Full timeout
401230753,1,5:34,New York Full timeout
401230753,2,6:39,Atlanta Full timeout
401230753,2,5:10,New York Full timeout
401230753,3,5:22,New York Full timeout
401230753,4,5:56,Official timeout
401230753,4,2:13,Atlanta Full timeout
401230753,4,1:25,Atlanta 20 Sec. timeout
401230753,4,34.7,New York Full timeout
401230753,4,26.4,Atlanta Full timeout
401230753,4,8.1,New York 20 Sec. timeout
401230754,1,6:50,Dallas Full timeout
401230754,1,49.3,Indiana Full timeout
401230754,2,4:26,Official timeout
401230754,2,2:28,Indiana Full timeout
401230754,3,4:55,Official timeout
401230754,4,6:19,Indiana Full timeout
401230754,4,4:28,Dallas Full timeout
401230754,4,1:54,Indiana Full timeout
401230754,4,44.4,Indiana 20 Sec. timeout
401230754,4,17.4,Dallas 20 Sec. timeout
401230754,4,9.7,Dallas 20 Sec. timeout
401230755,1,4:27,Official timeout
401230755,2,7:06,Las Vegas Full timeout
401230755,2,3:11,Phoenix Full timeout
401230755,2,52.0,Phoenix Full timeout
401230755,3,7:00,Phoenix Full timeout
401230755,3,1:53,Las Vegas 20 Sec. timeout
401230755,4,5:56,Official timeout
401230755,4,2:49,Las Vegas Full timeout
401230755,4,1:06,Phoenix 20 Sec. timeout
401230756,1,4:43,Official timeout
401230756,1,2:42,Connecticut Full timeout
401230756,2,5:31,Connecticut Full timeout
401230756,2,4:02,Minnesota Full timeout
401230756,2,2:23,Minnesota Full timeout
401230756,3,3:59,Official timeout
401230756,3,55.2,Official timeout
401230756,4,5:56,Connecticut Full timeout
401230756,4,3:42,Connecticut Full timeout
401230756,4,2:23,Connecticut 20 Sec. timeout
401230756,4,1:34,Minnesota 20 Sec. timeout
401230756,4,32.3,Connecticut 20 Sec. timeout
401230757,1,4:26,Official timeout
401230757,2,5:54,Chicago Full timeout
401230757,2,1:55,Washington Full timeout
401230757,3,6:36,Washington Full timeout
401230757,4,5:49,Official timeout
401230757,4,4:57,Washington 20 Sec. timeout
401230757,4,2:05,Chicago Full timeout
401230757,4,1:14,Chicago 20 Sec. timeout
401230757,4,31.6,Chicago 20 Sec. timeout
401230757,4,22.1,Washington Full timeout
401230757,4,13.8,Chicago Full timeout
401230757,4,5.6,Washington 20 Sec. timeout
401230758,1,8:08,Los Angeles Full timeout
401230758,2,6:24,Los Angeles Full timeout
401230758,2,1:50,Official timeout
401230758,2,37.7,Seattle Full timeout
401230758,3,4:57,Official timeout
401230758,3,1:01,Seattle Full timeout
401230758,4,6:43,Seattle Full timeout
401230758,4,4:19,Los Angeles Full timeout
401230758,4,1:53,Los Angeles 20 Sec. timeout
401230758,4,35.5,Los Angeles Full timeout
401230758,4,25.8,Seattle 20 Sec. timeout
401230759,1,4:51,Official timeout
401230759,2,5:40,New York Full timeout
401230759,2,3:24,Phoenix Full timeout
401230759,3,4:58,Phoenix Full timeout
401230759,4,8:33,New York Full timeout
401230759,4,4:16,New York 20 Sec. timeout
401230759,4,2:51,Official timeout
401230760,1,3:16,Official timeout
401230760,2,5:35,Indiana Full timeout
401230760,2,2:26,Indiana Full timeout
401230760,3,4:36,Indiana Full timeout
401230760,4,5:52,Official timeout
401230760,4,2:54,Atlanta Full timeout
401230761,1,7:40,Dallas Full timeout
401230761,2,5:56,Official timeout
401230761,2,4:16,Dallas Full timeout
401230761,2,1:40,Dallas 20 Sec. timeout
401230761,3,4:40,Official timeout
401230761,4,8:51,Dallas Full timeout
401230761,4,6:00,Dallas 20 Sec. timeout
401230761,4,2:57,Las Vegas Full timeout
401230761,4,1:35,Las Vegas Full timeout
401230762,1,8:32,Dallas Full timeout
401230762,1,1:30,Chicago Full timeout
401230762,2,5:32,Official timeout
401230762,2,2:57,Chicago Full timeout
401230762,3,5:45,Dallas 20 Sec. timeout
401230762,3,4:46,Official timeout
401230762,4,5:44,Chicago Full timeout
401230762,4,2:36,Dallas Full timeout
401230762,4,34.9,Chicago Full timeout
401230762,4,19.6,Dallas Full timeout
401230762,4,13.5,Chicago 20 Sec. timeout
401230762,4,8.4,Dallas 20 Sec. timeout
401230763,1,4:49,Official timeout
401230763,2,6:29,Phoenix Full timeout
401230763,2,1:14,Atlanta Full timeout
401230763,2,9.2,Phoenix Full timeout
401230763,3,4:51,Official timeout
401230763,4,5:58,Atlanta Full timeout
401230763,4,5:02,Atlanta Full timeout
401230763,4,1:08,Phoenix Full timeout
401230763,4,1:08,Phoenix 20 Sec. timeout
401230763,4,40.4,Phoenix 20 Sec. timeout
401230763,4,31.5,Phoenix Full timeout
401230763,4,25.2,Atlanta 20 Sec. timeout
401230764,1,4:26,Official timeout
401230764,2,4:53,Seattle Full timeout
401230764,2,2:51,Connecticut Full timeout
401230764,3,6:37,Connecticut Full timeout
401230764,4,6:06,Connecticut Full timeout
401230764,4,3:02,Seattle Full timeout
401230764,4,1:45,Seattle 20 Sec. timeout
401230765,1,4:18,Official timeout
401230765,2,8:58,New York Full timeout
401230765,2,3:25,Minnesota Full timeout
401230765,2,43.6,Minnesota Full timeout
401230765,3,8:08,New York Full timeout
401230765,3,3:46,New York 20 Sec. timeout
401230765,4,7:58,Minnesota 20 Sec. timeout
401230765,4,4:57,Official timeout
401230765,4,2:59,Minnesota Full timeout
401230766,1,4:52,Official timeout
401230766,2,5:55,Washington Full timeout
401230766,2,2:48,Las Vegas Full timeout
401230766,3,5:52,Washington Full timeout
401230766,4,5:25,Official timeout
401230766,4,3:13,Washington 20 Sec. timeout
401230766,4,2:24,Las Vegas Full timeout
401230766,4,28.0,Washington Full timeout
401230767,1,4:49,Indiana Full timeout
401230767,2,5:36,Official timeout
401230767,2,3:24,Los Angeles Full timeout
401230767,3,5:35,Indiana Full timeout
401230767,4,7:03,Los Angeles Full timeout
401230767,4,5:45,Indiana Full timeout
401230767,4,2:02,Los Angeles Full timeout
401230767,4,37.7,Indiana 20 Sec. timeout
401230768,1,4:47,Official timeout
401230768,2,5:04,Atlanta Full timeout
401230768,2,2:23,Seattle Full timeout
401230768,3,4:37,Official timeout
401230768,3,2:35,Seattle Full timeout
401230768,4,6:15,Seattle Full timeout
401230768,4,3:06,Atlanta Full timeout
401230768,4,2:08,Atlanta Full timeout
401230768,4,46.0,Atlanta 20 Sec. timeout
401230768,4,39.6,Seattle 20 Sec. timeout
401230768,4,38.2,Atlanta 20 Sec. timeout
401230769,1,8:59,Dallas Full timeout
401230769,2,8:41,Dallas Full timeout
401230769,2,5:29,Connecticut Full timeout
401230769,2,36.6,Connecticut Full timeout
401230769,3,4:11,Official timeout
401230769,3,1:35,Dallas Full timeout
401230769,4,5:23,Dallas Full timeout
401230769,4,2:52,Connecticut Full timeout
401230770,1,6:15,Phoenix Full timeout
401230770,1,3:26,Chicago Full timeout
401230770,2,4:47,Official timeout
401230770,2,2:54,Chicago Full timeout
401230770,3,5:34,Phoenix Full timeout
401230770,3,2:25,Chicago Full timeout
401230770,4,5:54,Official timeout
401230770,4,2:47,Phoenix Full timeout
401230771,1,4:41,Official timeout
401230771,1,2:50,Minnesota Full timeout
401230771,2,6:58,Indiana Full timeout
401230771,2,2:21,Minnesota Full timeout
401230771,2,1:08,Indiana 20 Sec. timeout
401230771,3,7:55,Minnesota Full timeout
401230771,4,9:25,Indiana Full timeout
401230771,4,6:55,Minnesota 20 Sec. timeout
401230771,4,3:22,Indiana Full timeout
401230771,4,1:17,Minnesota Full timeout
401230771,4,46.0,Minnesota 20 Sec. timeout
401230771,4,24.2,Indiana 20 Sec. timeout
401230772,1,3:25,Official timeout
401230772,2,5:50,Washington Full timeout
401230772,2,2:33,New York Full timeout
401230772,2,2:01,Washington Full timeout
401230772,3,5:57,New York Full timeout
401230772,4,5:48,Official timeout
401230772,4,4:22,Washington Full timeout
401230772,4,4:00,New York 20 Sec. timeout
401230772,4,2:43,Washington 20 Sec. timeout
401230772,4,1:04,Washington 20 Sec. timeout
401230773,1,5:26,Los Angeles Full timeout
401230773,2,6:07,Las Vegas Full timeout
401230773,2,2:58,Official timeout
401230773,2,11.0,Los Angeles Full timeout
401230773,3,4:48,Official timeout
401230773,3,3:05,Los Angeles Full timeout
401230773,4,4:49,Los Angeles Full timeout
401230773,4,2:41,Las Vegas Full timeout
401230773,4,53.4,Los Angeles 20 Sec. timeout
401230773,4,3.5,Los Angeles 20 Sec. timeout
401230774,1,4:35,Official timeout
401230774,1,3:56,Dallas Full timeout
401230774,2,5:23,Dallas Full timeout
401230774,2,2:00,Atlanta Full timeout
401230774,3,5:23,Atlanta Full timeout
401230774,3,4:31,Dallas Full timeout
401230774,4,6:01,Dallas Full timeout
401230774,4,2:35,Official timeout
401230774,4,56.3,Atlanta Full timeout
401230774,4,45.9,Atlanta 20 Sec. timeout
401230774,4,34.7,Atlanta 20 Sec. timeout
401230774,4,26.5,Dallas 20 Sec. timeout
401230775,1,4:24,Official timeout
401230775,2,8:57,Phoenix Full timeout
401230775,2,3:58,Seattle Full timeout
401230775,2,2:35,Phoenix Full timeout
401230775,2,51.6,Seattle Full timeout
401230775,3,4:46,Official timeout
401230775,4,5:57,Seattle Full timeout
401230775,4,4:00,Seattle Full timeout
401230775,4,58.9,Phoenix Full timeout
401230775,4,51.2,Seattle 20 Sec. timeout
401230775,4,34.7,Seattle 20 Sec. timeout
401230775,4,29.8,Phoenix Full timeout
401230775,4,25.1,Phoenix 20 Sec. timeout
401230775,4,14.3,Phoenix 20 Sec. timeout
401230776,1,4:15,Official timeout
401230776,2,7:06,Connecticut Full timeout
401230776,2,2:41,Chicago Full timeout
401230776,3,4:31,Official timeout
401230776,4,5:46,Connecticut Full timeout
401230776,4,3:58,Connecticut Full timeout
401230779,1,4:56,Official timeout
401230779,1,1:36,Minnesota Full timeout
401230779,2,5:57,Los Angeles Full timeout
401230779,2,3:44,Minnesota Full timeout
401230779,3,7:46,Los Angeles Full timeout
401230779,3,1:36,Minnesota Full timeout
401230779,4,6:26,Minnesota 20 Sec. timeout
401230779,4,5:20,Minnesota Full timeout
401230779,4,2:20,Los Angeles Full timeout
401230777,1,4:33,Las Vegas Full timeout
401230777,2,7:27,New York Full timeout
401230777,2,2:56,Official timeout
401230777,3,4:49,Official timeout
401230777,4,5:33,New York Full timeout
401230777,4,4:35,New York 20 Sec. timeout
401230777,4,2:49,Las Vegas Full timeout
401230777,4,26.4,Las Vegas Full timeout
401230777,4,6.9,New York Full timeout
401230777,4,2.1,New York 20 Sec. timeout
401230778,1,4:35,Official timeout
401230778,2,7:44,Washington Full timeout
401230778,2,2:52,Indiana Full timeout
401230778,2,58.9,Washington Full timeout
401230778,2,31.5,Indiana Full timeout
401230778,3,5:26,Official timeout
401230778,3,4:39,Official timeout
401230778,4,5:50,Indiana Full timeout
401230778,4,2:07,Washington Full timeout
401230778,4,1:17,Washington 20 Sec. timeout
401230778,4,43.6,Washington Full timeout
401230778,4,39.0,Indiana Full timeout
401230778,4,34.7,Washington 20 Sec. timeout
401230778,4,16.5,Indiana 20 Sec. timeout
401230778,4,7.7,Indiana 20 Sec. timeout
401230780,1,4:59,Official timeout
401230780,1,27.9,Atlanta Full timeout
401230780,2,7:31,Atlanta Full timeout
401230780,2,2:37,Connecticut Full timeout
401230780,2,21.7,Connecticut Full timeout
401230780,3,5:53,Atlanta Full timeout
401230780,3,2:47,Atlanta Full timeout
401230780,4,8:30,Atlanta 20 Sec. timeout
401230780,4,4:48,Official timeout
401230780,4,3:01,Connecticut Full timeout
401230781,1,6:04,Phoenix Full timeout
401230781,2,5:30,Official timeout
401230781,2,2:36,Dallas Full timeout
401230781,2,1:19,Dallas Full timeout
401230781,3,4:29,Official timeout
401230781,3,1:22,Dallas Full timeout
401230781,4,5:19,Official timeout
401230781,4,2:56,Phoenix Full timeout
401230781,4,1:00,Dallas 20 Sec. timeout
401230782,1,3:39,Official timeout
401230782,1,2:37,Chicago Full timeout
401230782,2,8:09,Seattle Full timeout
401230782,2,2:28,Official timeout
401230782,3,5:23,Seattle Full timeout
401230782,4,9:02,Chicago Full timeout
401230782,4,3:41,Chicago 20 Sec. timeout
401230782,4,2:32,Official timeout
401230782,4,2:18,Seattle 20 Sec. timeout
401230782,4,1:05,Seattle 20 Sec. timeout
401230784,1,3:53,Official timeout
401230784,2,6:30,Indiana Full timeout
401230784,2,2:06,Official timeout
401230784,2,17.0,Indiana Full timeout
401230784,3,0.0,Indiana Full timeout
401230784,4,5:18,Indiana Full timeout
401230784,4,2:18,Official timeout
401230783,1,4:47,Official timeout
401230783,2,5:47,Minnesota Full timeout
401230783,2,2:32,Washington Full timeout
401230783,3,7:37,Minnesota Full timeout
401230783,3,1:34,Minnesota Full timeout
401230783,4,7:15,Washington Full timeout
401230783,4,2:32,Official timeout
401230785,1,6:56,New York Full timeout
401230785,1,3:28,Los Angeles Full timeout
401230785,2,5:34,Official timeout
401230785,2,1:50,Los Angeles Full timeout
401230785,2,4.3,Los Angeles 20 Sec. timeout
401230785,3,4:21,Official timeout
401230785,4,7:04,New York Full timeout
401230785,4,3:02,Los Angeles Full timeout
401230785,4,1:59,Los Angeles 20 Sec. timeout
401230785,4,1:22,Los Angeles Full timeout
401230786,1,4:52,Official timeout
401230786,1,3:42,Connecticut Full timeout
401230786,1,2:05,Dallas Full timeout
401230786,2,5:55,Dallas Full timeout
401230786,2,4:28,Connecticut Full timeout
401230786,3,4:30,Official timeout
401230786,4,9:13,Dallas Full timeout
401230786,4,5:44,Dallas Full timeout
401230786,4,2:51,Connecticut Full timeout
401230786,4,1:20,Connecticut 20 Sec. timeout
401230786,4,20.5,Connecticut Full timeout
401230787,1,4:30,Official timeout
401230787,2,7:53,Chicago Full timeout
401230787,2,6:17,Phoenix Full timeout
401230787,2,1:39,Chicago Full timeout
401230787,2,1:03,Phoenix Full timeout
401230787,3,7:15,Phoenix Full timeout
401230787,4,5:39,Official timeout
401230787,4,3:03,Phoenix Full timeout
401230787,4,1:03,Phoenix 20 Sec. timeout
401230788,1,4:57,Official timeout
401230788,2,5:35,Atlanta Full timeout
401230788,2,2:53,Seattle Full timeout
401230788,2,24.3,Seattle Full timeout
401230788,3,7:44,Atlanta Full timeout
401230788,4,4:26,Official timeout
401230788,4,58.7,Seattle Full timeout
401230789,1,4:29,Official timeout
401230789,1,2:05,New York Full timeout
401230789,2,7:59,Indiana Full timeout
401230789,2,1:07,New York Full timeout
401230789,3,4:59,Official timeout
401230789,3,2:53,New York 20 Sec. timeout
401230789,4,6:39,Indiana Full timeout
401230789,4,3:08,New York Full timeout
401230789,4,1:14,Indiana Full timeout
401230789,4,37.7,Indiana 20 Sec. timeout
401230789,4,17.9,New York Full timeout
401230789,4,8.4,New York 20 Sec. timeout
401230790,1,6:29,Los Angeles Full timeout
401230790,1,2:17,Washington Full timeout
401230790,2,4:46,Los Angeles Full timeout
401230790,2,2:09,Official timeout
401230790,2,6.5,Washington Full timeout
401230790,3,4:43,Official timeout
401230790,4,5:26,Washington Full timeout
401230790,4,4:07,Los Angeles Full timeout
401230790,4,1:35,Washington 20 Sec. timeout
401230791,1,8:37,Minnesota Full timeout
401230791,2,5:25,Official timeout
401230791,2,3:03,Minnesota Full timeout
401230791,3,6:11,Minnesota Full timeout
401230791,4,8:48,Minnesota Full timeout
401230791,4,5:45,Las Vegas Full timeout
401230791,4,53.7,Las Vegas 20 Sec. timeout
401230792,1,6:54,Connecticut Full timeout
401230792,2,5:53,Official timeout
401230792,2,2:45,Chicago Full timeout
401230792,3,4:50,Official timeout
401230792,3,2:33,Chicago Full timeout
401230792,4,5:37,Connecticut Full timeout
401230792,4,2:37,Chicago Full timeout
401230792,4,1:14,Connecticut 20 Sec. timeout
401230792,4,28.8,Chicago 20 Sec. timeout
401230792,4,19.3,Connecticut Full timeout
401230792,4,13.9,Chicago 20 Sec. timeout
401230792,4,0.7,Connecticut 20 Sec. timeout
401230793,1,5:55,Dallas Full timeout
401230793,2,5:49,Official timeout
401230793,2,3:22,Dallas Full timeout
401230793,2,1:26,Seattle Full timeout
401230793,3,6:53,Dallas Full timeout
401230793,3,2:01,Dallas Full timeout
401230793,4,6:48,Seattle Full timeout
401230793,4,3:14,Seattle Full timeout
401230794,1,4:33,Official timeout
401230794,2,5:40,Phoenix Full timeout
401230794,2,2:19,Atlanta Full timeout
401230794,2,35.0,Phoenix Full timeout
401230794,3,6:19,Atlanta Full timeout
401230794,4,5:41,Official timeout
401230794,4,4:14,Phoenix Full timeout
401230797,1,4:37,Official timeout
401230797,2,6:45,Las Vegas Full timeout
401230797,2,3:03,Washington Full timeout
401230797,2,1.6,Washington Full timeout
401230797,3,5:12,Washington Full timeout
401230797,4,6:50,Las Vegas Full timeout
401230797,4,1:59,Las Vegas 20 Sec. timeout
401230797,4,1:59,Official timeout
401230795,1,5:50,Indiana Full timeout
401230795,2,7:44,Indiana Full timeout
401230795,2,4:06,Los Angeles Full timeout
401230795,2,20.0,Indiana Full timeout
401230795,3,5:15,Indiana Full timeout
401230795,4,6:58,Los Angeles Full timeout
401230795,4,5:52,Indiana 20 Sec. timeout
401230795,4,2:57,Official timeout
401230795,4,58.8,Indiana 20 Sec. timeout
401230796,1,4:17,Official timeout
401230796,2,6:29,Minnesota Full timeout
401230796,2,2:51,Official timeout
401230796,3,8:22,New York Full timeout
401230796,4,5:37,Official timeout
401230796,4,4:51,New York 20 Sec. timeout
401230796,4,2:54,Minnesota Full timeout
401230822,1,3:33,Official timeout
401230822,1,1:53,Phoenix Full timeout
401230822,2,6:35,Dallas Full timeout
401230822,2,2:46,Phoenix Full timeout
401230822,2,2:11,Dallas Full timeout
401230822,3,3:42,Phoenix Full timeout
401230822,4,6:40,Dallas Full timeout
401230822,4,2:45,Official timeout
401230822,4,1:57,Phoenix Full timeout
401230822,4,23.3,Phoenix 20 Sec. timeout
401230822,4,20.7,Dallas Full timeout
401230822,4,18.6,Phoenix 20 Sec. timeout
401230822,4,7.3,Dallas 20 Sec. timeout
401230821,1,4:49,Official timeout
401230821,2,6:43,Connecticut Full timeout
401230821,2,2:44,Seattle Full timeout
401230821,2,44.8,Seattle Full timeout
401230821,3,2:56,Official timeout
401230821,4,5:37,Connecticut Full timeout
401230821,4,3:23,Seattle Full timeout
401230820,1,4:33,Official timeout
401230820,2,5:42,Atlanta Full timeout
401230820,2,3:15,Atlanta Full timeout
401230820,3,6:01,Atlanta Full timeout
401230820,3,0.8,Chicago 20 Sec. timeout
401230820,4,5:25,Official timeout
401230820,4,2:56,Chicago Full timeout
401230823,1,4:54,Official timeout
401230823,2,7:26,Indiana Full timeout
401230823,2,1:10,Connecticut Full timeout
401230823,3,4:40,Official timeout
401230823,3,1:52,Connecticut Full timeout
401230823,4,5:36,Indiana Full timeout
401230823,4,4:15,Indiana Full timeout
401230823,4,2:44,Connecticut 20 Sec. timeout
401230823,4,1:01,Connecticut 20 Sec. timeout
401230823,4,51.1,Indiana 20 Sec. timeout
401230824,1,4:40,Official timeout
401230824,2,5:44,Chicago Full timeout
401230824,2,3:43,Las Vegas Full timeout
401230824,2,58.9,Las Vegas Full timeout
401230824,3,8:25,Las Vegas Full timeout
401230824,4,5:53,Official timeout
401230824,4,2:40,Chicago Full timeout
401230824,4,1:31,Chicago 20 Sec. timeout
401230824,4,49.0,Las Vegas 20 Sec. timeout
401230824,4,17.7,Chicago Full timeout
401230824,4,13.6,Chicago 20 Sec. timeout
401230824,4,2.9,Las Vegas Full timeout
401230825,1,7:16,New York Full timeout
401230825,2,5:55,Official timeout
401230825,2,2:48,Seattle Full timeout
401230825,3,4:29,Official timeout
401230825,4,5:50,New York Full timeout
401230825,4,3:18,New York 20 Sec. timeout
401230825,4,53.3,New York Full timeout
401230798,1,4:38,Official timeout
401230798,2,7:01,Atlanta Full timeout
401230798,2,4:46,Washington Full timeout
401230798,2,15.2,Atlanta Full timeout
401230798,3,7:46,Atlanta Full timeout
401230798,4,5:54,Official timeout
401230798,4,3:00,Washington Full timeout
401230798,4,46.9,Washington 20 Sec. timeout
401230798,4,45.0,Atlanta Full timeout
401230798,4,28.3,Atlanta 20 Sec. timeout
401230798,4,15.6,Atlanta 20 Sec. timeout
401230826,1,3:43,Official timeout
401230826,1,1:49,Minnesota Full timeout
401230826,2,7:06,Dallas Full timeout
401230826,2,3:34,Minnesota Full timeout
401230826,3,7:20,Minnesota Full timeout
401230826,3,2:33,Dallas Full timeout
401230826,4,5:39,Official timeout
401230826,4,3:25,Dallas Full timeout
401230826,4,2:24,Minnesota Full timeout
401230826,4,32.2,Minnesota 20 Sec. timeout
401230826,4,30.2,Dallas 20 Sec. timeout
401230826,4,19.6,Dallas 20 Sec. timeout
401230827,1,4:32,Los Angeles Full timeout
401230827,1,1:34,Phoenix Full timeout
401230827,2,5:47,Official timeout
401230827,2,3:08,Los Angeles Full timeout
401230827,2,58.5,Phoenix Full timeout
401230827,3,4:20,Official timeout
401230827,3,2:23,Los Angeles Full timeout
401230827,4,6:36,Phoenix Full timeout
401230827,4,2:53,Los Angeles Full timeout
401230827,4,52.9,Phoenix 20 Sec. timeout
401230827,4,47.6,Phoenix Full timeout
401230799,1,4:53,Official timeout
401230799,1,2:56,Chicago Full timeout
401230799,2,7:11,New York Full timeout
401230799,2,2:49,Chicago Full timeout
401230799,3,4:38,Official timeout
401230799,3,3:16,New York Full timeout
401230799,4,8:23,New York Full timeout
401230799,4,5:37,Official timeout
401230799,4,4:54,New York 20 Sec. timeout
401230799,4,2:40,New York 20 Sec. timeout
401230799,4,49.6,Chicago Full timeout
401230828,1,4:28,Official timeout
401230828,1,1:51,Indiana Full timeout
401230828,2,5:11,Seattle Full timeout
401230828,2,2:14,Indiana Full timeout
401230828,2,39.8,Seattle Full timeout
401230828,3,9:10,Indiana Full timeout
401230828,3,5:13,Seattle Full timeout
401230828,3,4:06,Seattle Full timeout
401230828,4,5:53,Official timeout
401230828,4,3:58,Indiana Full timeout
401230828,4,33.1,Seattle Full timeout
401230828,4,24.8,Indiana 20 Sec. timeout
401230828,4,17.5,Seattle 20 Sec. timeout
401230800,1,2:42,Official timeout
401230800,2,5:51,Las Vegas Full timeout
401230800,2,2:44,Connecticut Full timeout
401230800,2,1:32,Las Vegas Full timeout
401230800,3,6:23,Connecticut Full timeout
401230800,3,4:14,Connecticut Full timeout
401230800,4,5:41,Official timeout
401230800,4,2:15,Las Vegas Full timeout
401230829,1,4:47,Official timeout
401230829,2,8:17,Los Angeles Full timeout
401230829,2,5:31,Atlanta Full timeout
401230829,2,55.9,Atlanta Full timeout
401230829,2,21.3,Los Angeles Full timeout
401230829,3,8:01,Atlanta Full timeout
401230829,3,6:14,Los Angeles Full timeout
401230829,4,5:56,Official timeout
401230829,4,2:55,Los Angeles Full timeout
401230829,4,1:11,Los Angeles 20 Sec. timeout
401230829,4,55.1,Atlanta Full timeout
401230829,4,37.1,Atlanta 20 Sec. timeout
401230829,4,20.2,Atlanta 20 Sec. timeout
401230829,4,3.7,Los Angeles 20 Sec. timeout
401230829,5,2:47,Atlanta 20 Sec. timeout
401230830,1,6:48,Washington Full timeout
401230830,2,8:29,Dallas Full timeout
401230830,2,5:32,Washington Full timeout
401230830,3,4:58,Dallas Full timeout
401230830,4,5:15,Official timeout
401230830,4,3:55,Washington Full timeout
401230830,4,1:48,Dallas Full timeout
401230830,4,1:23,Washington 20 Sec. timeout
401230830,4,45.2,Washington Full timeout
401230830,4,19.3,Dallas 20 Sec. timeout
401230830,4,0.7,Washington 20 Sec. timeout
401230830,5,2:30,Dallas Full timeout
401230830,5,1:20,Washington Full timeout
401230830,5,40.8,Dallas 20 Sec. timeout
401230830,5,19.5,Washington 20 Sec. timeout
401230831,1,5:14,Official timeout
401230831,1,4:59,Official timeout
401230831,2,5:01,Minnesota Full timeout
401230831,2,2:13,Phoenix Full timeout
401230831,2,1:21,Phoenix Full timeout
401230831,2,0.3,Phoenix 20 Sec. timeout
401230831,3,4:49,Official timeout
401230831,4,5:16,Phoenix Full timeout
401230831,4,2:44,Minnesota Full timeout
401230831,4,1:29,Minnesota 20 Sec. timeout
401230801,1,3:29,Las Vegas Full timeout
401230801,2,6:26,Seattle Full timeout
401230801,2,2:49,Official timeout
401230801,2,20.5,Seattle Full timeout
401230801,3,6:31,Seattle Full timeout
401230801,4,4:26,Official timeout
401230801,4,2:40,Las Vegas Full timeout
401230801,4,1:48,Seattle Full timeout
401230801,4,39.0,Seattle 20 Sec. timeout
401230801,4,21.9,Seattle 20 Sec. timeout
401230832,1,4:55,Official timeout
401230832,1,1:14,Indiana Full timeout
401230832,2,7:42,Chicago Full timeout
401230832,2,3:13,Indiana Full timeout
401230832,3,4:43,Official timeout
401230832,3,3:44,Indiana Full timeout
401230832,4,5:49,Chicago Full timeout
401230832,4,2:47,Indiana Full timeout
401230832,4,1:13,Chicago 20 Sec. timeout
401230833,1,2:35,Official timeout
401230833,2,5:31,Connecticut Full timeout
401230833,2,3:47,Connecticut Full timeout
401230833,2,1:02,New York Full timeout
401230833,3,4:48,Official timeout
401230833,4,5:57,Connecticut Full timeout
401230833,4,4:34,Connecticut Full timeout
401230833,4,1:48,Connecticut 20 Sec. timeout
401230834,1,7:01,Atlanta Full timeout
401230834,2,5:08,Official timeout
401230834,2,1:53,Minnesota Full timeout
401230834,3,5:50,Minnesota Full timeout
401230834,4,5:47,Official timeout
401230834,4,3:15,Atlanta Full timeout
401230834,4,1:10,Minnesota 20 Sec. timeout
401230834,4,55.7,Atlanta 20 Sec. timeout
401230834,4,41.4,Minnesota Full timeout
401230834,4,22.5,Atlanta 20 Sec. timeout
401230834,4,18.9,Atlanta Full timeout
401230834,4,16.6,Minnesota 20 Sec. timeout
401230835,1,9:20,Los Angeles Full timeout
401230835,2,5:56,Official timeout
401230835,2,2:27,Dallas Full timeout
401230835,3,3:58,Official timeout
401230835,4,9:23,Dallas Full timeout
401230835,4,5:00,Dallas Full timeout
401230835,4,1:49,Dallas 20 Sec. timeout
401230835,4,46.9,Los Angeles Full timeout
401230835,4,24.2,Dallas 20 Sec. timeout
401230835,4,19.1,Los Angeles Full timeout
401230836,1,4:43,Official timeout
401230836,2,8:10,Official timeout
401230836,2,5:40,Washington Full timeout
401230836,2,2:37,Phoenix Full timeout
401230836,2,18.7,Washington Full timeout
401230836,3,8:11,Washington Full timeout
401230836,3,5:15,Phoenix Full timeout
401230836,4,5:50,Official timeout
401230836,4,4:46,Washington 20 Sec. timeout
401230836,4,3:47,Phoenix Full timeout
401230836,4,3.1,Washington Full timeout
401230836,4,0.2,Phoenix 20 Sec. timeout
401230837,1,4:51,Official timeout
401230837,2,7:23,New York Full timeout
401230837,2,4:13,New York Full timeout
401230837,2,2:17,Chicago Full timeout
401230837,3,3:40,Official timeout
401230837,3,2:13,Chicago Full timeout
401230837,4,8:39,Chicago Full timeout
401230837,4,6:03,New York 20 Sec. timeout
401230837,4,2:31,New York Full timeout
401230837,4,1:18,New York Full timeout
401230837,4,31.8,Chicago 20 Sec. timeout
401230837,4,0.3,Chicago 20 Sec. timeout
401230838,1,7:55,Dallas Full timeout
401230838,2,5:06,Official timeout
401230838,2,2:27,Las Vegas Full timeout
401230838,3,3:45,Dallas Full timeout
401230838,4,4:44,Official timeout
401230838,4,2:14,Las Vegas Full timeout
401230838,4,29.2,Dallas Full timeout
401230838,4,23.0,Las Vegas 20 Sec. timeout
401230838,4,23.0,Las Vegas 20 Sec. timeout
401230838,4,21.4,Dallas 20 Sec. timeout
401230838,4,4.8,Dallas 20 Sec. timeout
401230838,4,2.8,Las Vegas Full timeout
401230839,1,3:58,Official timeout
401230839,2,6:34,Indiana Full timeout
401230839,2,3:39,Indiana Full timeout
401230839,2,1:15,Seattle Full timeout
401230839,2,8.7,Seattle Full timeout
401230839,3,4:29,Official timeout
401230839,4,7:18,Indiana Full timeout
401230839,4,5:07,Seattle Full timeout
401230839,4,3:28,Indiana Full timeout
401230839,4,1:48,Indiana 20 Sec. timeout
401230839,4,1:14,Seattle Full timeout
401230839,4,29.1,Indiana 20 Sec. timeout
401230843,1,8:07,Atlanta Full timeout
401230843,2,5:14,Official timeout
401230843,2,4:01,Minnesota Full timeout
401230843,2,1:34,Minnesota Full timeout
401230843,3,4:50,Official timeout
401230843,3,1:55,Atlanta Full timeout
401230843,4,7:04,Minnesota Full timeout
401230843,4,2:54,Minnesota Full timeout
401230844,1,5:34,Los Angeles Full timeout
401230844,2,7:25,Connecticut Full timeout
401230844,2,2:44,Official timeout
401230844,2,39.9,Los Angeles Full timeout
401230844,3,4:14,Los Angeles Full timeout
401230844,3,2:34,Connecticut Full timeout
401230844,4,5:49,Official timeout
401230844,4,4:00,Connecticut Full timeout
401230844,4,2:07,Los Angeles Full timeout
401230844,4,1:12,Connecticut 20 Sec. timeout
401230844,4,7.8,Connecticut 20 Sec. timeout
401230845,1,4:16,Official timeout
401230845,1,2:22,Phoenix Full timeout
401230845,2,5:43,Phoenix Full timeout
401230845,2,2:34,Washington Full timeout
401230845,2,25.0,Washington Full timeout
401230845,3,7:14,Washington Full timeout
401230845,4,7:01,Washington 20 Sec. timeout
401230845,4,5:15,Official timeout
401230845,4,2:48,Phoenix Full timeout
401230845,4,2:06,Phoenix 20 Sec. timeout
401230807,1,4:53,Official timeout
401230807,1,2:35,New York Full timeout
401230807,2,5:34,Las Vegas Full timeout
401230807,2,2:48,New York Full timeout
401230807,3,4:40,Official timeout
401230807,4,7:18,New York Full timeout
401230807,4,2:53,New York Full timeout
401230806,1,3:23,Chicago Full timeout
401230806,2,5:42,Official timeout
401230806,2,2:30,Seattle Full timeout
401230806,2,1:58,Seattle Full timeout
401230806,3,7:28,Chicago Full timeout
401230806,3,4:37,Seattle Full timeout
401230806,4,5:56,Seattle Full timeout
401230806,4,4:02,Chicago Full timeout
401230806,4,2:33,Seattle 20 Sec. timeout
401230805,1,4:40,Official timeout
401230805,1,1:02,Indiana Full timeout
401230805,2,6:16,Dallas Full timeout
401230805,2,2:47,Indiana Full timeout
401230805,3,4:59,Official timeout
401230805,3,3:03,Dallas Full timeout
401230805,4,5:04,Indiana Full timeout
401230805,4,3:37,Indiana Full timeout
401230805,4,33.0,Dallas 20 Sec. timeout
401230805,4,10.1,Indiana 20 Sec. timeout
401230805,4,6.9,Dallas Full timeout
401230805,4,5.7,Indiana 20 Sec. timeout
401230805,4,3.0,Dallas 20 Sec. timeout
401230846,1,5:06,Washington Full timeout
401230846,2,5:21,Official timeout
401230846,2,4:21,Washington Full timeout
401230846,2,37.2,Connecticut Full timeout
401230846,3,4:56,Official timeout
401230846,4,5:05,Washington Full timeout
401230846,4,2:55,Washington 20 Sec. timeout
401230846,4,2:17,Connecticut Full timeout
401230846,4,57.1,Washington 20 Sec. timeout
401230847,1,6:17,Minnesota Full timeout
401230847,2,6:59,Minnesota Full timeout
401230847,2,3:17,Phoenix Full timeout
401230847,3,5:15,Phoenix Full timeout
401230847,4,5:54,Official timeout
401230847,4,2:52,Minnesota Full timeout
401230847,4,58.0,Minnesota Full timeout
401230847,4,24.0,Minnesota 20 Sec. timeout
401230847,4,14.5,Phoenix Full timeout
401230847,4,14.5,Phoenix 20 Sec. timeout
401230847,4,13.0,Minnesota 20 Sec. timeout
401230847,4,5.9,Phoenix 20 Sec. timeout
401230808,1,3:36,Official timeout
401230808,1,49.4,Los Angeles Full timeout
401230808,2,5:50,Los Angeles Full timeout
401230808,2,2:32,Atlanta Full timeout
401230808,2,47.4,Atlanta Full timeout
401230808,3,7:50,Atlanta Full timeout
401230808,3,3:14,Los Angeles Full timeout
401230808,4,5:49,Official timeout
401230808,4,4:13,Atlanta 20 Sec. timeout
401230808,4,2:51,Los Angeles Full timeout
401230808,4,1:36,Atlanta Full timeout
401230808,4,2.6,Atlanta 20 Sec. timeout
401241306,1,4:18,Official timeout
401241306,2,7:38,Indiana Full timeout
401241306,2,6:01,Chicago Full timeout
401241306,2,49.0,Indiana Full timeout
401241306,3,5:03,Indiana Full timeout
401241306,4,5:05,Official timeout
401241306,4,3:38,Chicago Full timeout
401241306,4,1:56,Indiana Full timeout
401241307,1,6:10,Minnesota Full timeout
401241307,2,7:53,Minnesota Full timeout
401241307,2,2:52,Official timeout
401241307,2,18.6,Los Angeles Full timeout
401241307,3,4:57,Official timeout
401241307,4,9:11,Minnesota Full timeout
401241307,4,6:59,Los Angeles Full timeout
401241307,4,3:48,Los Angeles Full timeout
401230848,1,4:43,Official timeout
401230848,2,7:02,Connecticut Full timeout
401230848,2,2:36,New York Full timeout
401230848,2,58.3,Connecticut Full timeout
401230848,3,6:28,New York Full timeout
401230848,4,5:57,Official timeout
401230848,4,3:17,Connecticut Full timeout
401230848,4,1:15,Connecticut 20 Sec. timeout
401230848,4,30.9,New York 20 Sec. timeout
401230848,4,30.9,Connecticut 20 Sec. timeout
401230848,4,16.7,New York Full timeout
401230848,4,14.8,Connecticut Full timeout
401230849,1,3:53,Official timeout
401230849,2,6:39,Indiana Full timeout
401230849,2,1:48,Atlanta Full timeout
401230849,3,6:40,Indiana Full timeout
401230849,4,5:53,Atlanta Full timeout
401230849,4,3:32,Indiana Full timeout
401230849,4,59.8,Indiana 20 Sec. timeout
401230849,4,12.4,Indiana 20 Sec. timeout
401230850,1,3:31,Official timeout
401230850,2,5:53,Las Vegas Full timeout
401230850,2,4:18,Phoenix Full timeout
401230850,2,4.9,Phoenix Full timeout
401230850,3,7:10,Las Vegas Full timeout
401230850,4,4:59,Official timeout
401230850,4,2:32,Phoenix Full timeout
401230851,1,8:04,Chicago Full timeout
401230851,2,6:00,Chicago Full timeout
401230851,2,3:41,Minnesota Full timeout
401230851,3,7:45,Chicago Full timeout
401230851,3,3:46,Minnesota Full timeout
401230851,4,5:52,Official timeout
401230851,4,2:47,Chicago 20 Sec. timeout
401230851,4,2:47,Minnesota Full timeout
401230851,4,39.9,Chicago Full timeout
401230851,4,34.4,Minnesota 20 Sec. timeout
401230851,4,17.6,Chicago 20 Sec. timeout
401230809,1,4:18,Los Angeles Full timeout
401230809,1,2:05,Dallas Full timeout
401230809,2,6:07,Los Angeles Full timeout
401230809,2,2:32,Official timeout
401230809,3,4:09,Official timeout
401230809,4,5:48,Official timeout
401230809,4,1:58,Los Angeles Full timeout
401230809,4,28.3,Dallas Full timeout
401230809,4,20.1,Dallas 20 Sec. timeout
401230809,4,13.0,Dallas 20 Sec. timeout
401230852,1,4:25,Official timeout
401230852,2,5:31,Washington Full timeout
401230852,2,2:39,Seattle Full timeout
401230852,3,5:54,Washington Full timeout
401230852,4,5:25,Official timeout
401230852,4,2:19,Seattle Full timeout
401230852,4,1:31,Washington 20 Sec. timeout
401230852,4,1:21,Seattle Full timeout
401230852,4,25.2,Washington Full timeout
401230852,4,11.7,Washington 20 Sec. timeout
401230810,1,5:34,Atlanta Full timeout
401230810,2,7:55,New York Full timeout
401230810,2,2:31,Official timeout
401230810,3,4:50,Official timeout
401230810,4,6:23,New York Full timeout
401230810,4,2:59,Atlanta Full timeout
401230810,4,46.5,Atlanta Full timeout
401230811,1,4:17,Official timeout
401230811,2,6:22,Connecticut Full timeout
401230811,2,2:09,Connecticut Full timeout
401230811,2,12.5,Las Vegas Full timeout
401230811,3,4:47,Official timeout
401230811,4,7:28,Connecticut Full timeout
401230811,4,4:08,Connecticut Full timeout
401230811,4,2:45,Las Vegas Full timeout
401230811,4,1:57,Las Vegas 20 Sec. timeout
401230811,4,33.9,Connecticut 20 Sec. timeout
401230812,1,8:28,Indiana Full timeout
401230812,1,4:18,Indiana Full timeout
401230812,2,7:48,Phoenix Full timeout
401230812,2,2:25,Official timeout
401230812,3,6:11,Indiana Full timeout
401230812,4,6:12,Indiana Full timeout
401230812,4,2:05,Official timeout
401230812,4,19.3,Indiana 20 Sec. timeout
401230853,1,4:34,Official timeout
401230853,1,2:14,Chicago Full timeout
401230853,2,6:26,Washington Full timeout
401230853,2,3:02,Chicago Full timeout
401230853,2,19.6,Washington Full timeout
401230853,3,4:58,Official timeout
401230853,4,6:04,Washington Full timeout
401230853,4,3:03,Chicago Full timeout
401230854,1,4:32,Official timeout
401230854,1,1:45,Minnesota Full timeout
401230854,2,7:16,Minnesota Full timeout
401230854,2,2:57,Official timeout
401230854,3,8:07,Dallas Full timeout
401230854,4,5:29,Official timeout
401230854,4,2:14,Dallas Full timeout
401230854,4,1:20,Dallas 20 Sec. timeout
401230813,1,4:56,Official timeout
401230813,2,7:49,Seattle Full timeout
401230813,2,6:16,Los Angeles Full timeout
401230813,3,6:47,Los Angeles Full timeout
401230813,4,5:58,Los Angeles Full timeout
401230813,4,2:20,Los Angeles 20 Sec. timeout
401230813,4,2:20,Official timeout
401230813,4,45.7,Seattle Full timeout
401230813,4,30.8,Seattle 20 Sec. timeout
401230813,4,20.8,Seattle Full timeout
401230813,4,0.8,Seattle 20 Sec. timeout
401230855,1,4:29,Official timeout
401230855,2,5:52,Indiana Full timeout
401230855,2,2:24,Connecticut Full timeout
401230855,2,1:18,Indiana Full timeout
401230855,2,15.5,Connecticut Full timeout
401230855,3,4:56,Official timeout
401230855,3,3:12,Indiana Full timeout
401230855,4,7:30,Connecticut Full timeout
401230855,4,5:14,Indiana Full timeout
401230814,1,4:43,Official timeout
401230814,2,7:36,Atlanta Full timeout
401230814,2,4:00,Las Vegas Full timeout
401230814,2,1:12,Atlanta Full timeout
401230814,3,4:45,Official timeout
401230814,3,3:44,Atlanta 20 Sec. timeout
401230814,4,6:31,Atlanta Full timeout
401230814,4,2:37,Las Vegas Full timeout
401230814,4,44.9,Las Vegas 20 Sec. timeout
401230815,1,6:48,New York Full timeout
401230815,1,3:15,New York Full timeout
401230815,2,8:34,Phoenix Full timeout
401230815,2,2:46,Official timeout
401230815,3,4:25,New York Full timeout
401230815,3,2:59,Phoenix Full timeout
401230815,4,6:33,New York Full timeout
401230815,4,2:53,Official timeout
401230856,1,7:37,Washington Full timeout
401230856,2,5:45,Official timeout
401230856,2,3:11,Dallas Full timeout
401230856,3,4:39,Official timeout
401230856,4,8:49,Dallas Full timeout
401230856,4,4:14,Dallas 20 Sec. timeout
401230856,4,2:13,Washington Full timeout
401230856,4,52.5,Dallas 20 Sec. timeout
401230856,4,21.8,Dallas Full timeout
401230856,4,8.7,Washington Full timeout
401230856,4,8.0,Washington 20 Sec. timeout
401230856,4,0.7,Washington 20 Sec. timeout
401230856,5,49.2,Washington 20 Sec. timeout
401230857,1,3:47,Minnesota Full timeout
401230857,2,6:47,Minnesota Full timeout
401230857,2,2:30,Official timeout
401230857,2,38.3,Seattle Full timeout
401230857,3,6:55,Minnesota Full timeout
401230857,4,5:57,Official timeout
401230857,4,2:13,Seattle Full timeout
401230857,4,58.8,Seattle 20 Sec. timeout
401230858,1,8:32,Los Angeles Full timeout
401230858,2,4:46,Chicago Full timeout
401230858,2,2:43,Los Angeles Full timeout
401230858,3,6:45,Los Angeles Full timeout
401230858,3,1:28,Chicago Full timeout
401230858,4,5:44,Los Angeles Full timeout
401230858,4,2:42,Official timeout
401230858,4,1:25,Chicago 20 Sec. timeout
401230858,4,20.3,Chicago Full timeout
401241308,1,7:34,Phoenix Full timeout
401241308,1,2:09,Connecticut Full timeout
401241308,2,7:25,Connecticut Full timeout
401241308,2,2:51,Official timeout
401241308,3,4:30,Phoenix Full timeout
401241308,4,5:28,Official timeout
401241308,4,3:29,Phoenix Full timeout
401241308,4,1:36,Phoenix 20 Sec. timeout
401230859,1,9:25,Los Angeles Full timeout
401230859,2,5:40,Official timeout
401230859,2,2:57,New York Full timeout
401230859,2,2:14,New York Full timeout
401230859,2,4.4,Los Angeles Full timeout
401230859,3,5:43,New York Full timeout
401230859,4,6:51,New York Full timeout
401230859,4,4:17,Los Angeles Full timeout
401230860,1,7:07,Minnesota Full timeout
401230860,1,4:54,Minnesota Full timeout
401230860,2,5:58,Official timeout
401230860,2,1:43,Washington Full timeout
401230860,3,5:15,Washington Full timeout
401230860,4,7:48,Minnesota Full timeout
401230860,4,4:06,Washington 20 Sec. timeout
401230860,4,2:29,Official timeout
401230860,4,2:06,Minnesota 20 Sec. timeout
401230860,4,1:14,Minnesota 20 Sec. timeout
401230860,4,26.4,Minnesota Full timeout
401230860,4,9.4,Washington 20 Sec. timeout
401230860,4,0.9,Washington Full timeout
401230861,1,4:26,Official timeout
401230861,2,6:53,Indiana Full timeout
401230861,2,4:46,Indiana Full timeout
401230861,3,6:54,Las Vegas Full timeout
401230861,4,7:13,Indiana Full timeout
401230861,4,4:21,Indiana Full timeout
401230861,4,2:23,Las Vegas Full timeout
401230861,4,41.2,Indiana 20 Sec. timeout
401230861,4,27.1,Indiana 20 Sec. timeout
401230862,1,7:30,Connecticut Full timeout
401230862,1,4:05,Connecticut Full timeout
401230862,2,6:03,Phoenix Full timeout
401230862,2,1:49,Official timeout
401230862,3,8:10,Phoenix Full timeout
401230862,3,3:58,Phoenix Full timeout
401230862,4,7:24,Connecticut Full timeout
401230862,4,2:19,Connecticut 20 Sec. timeout
401230862,4,2:19,Official timeout
401230862,4,57.3,Phoenix 20 Sec. timeout
401230862,4,18.5,Connecticut Full timeout
401230862,4,17.3,Phoenix 20 Sec. timeout
401230862,4,13.8,Connecticut 20 Sec. timeout
401230862,5,55.3,Connecticut Full timeout
401230862,5,15.4,Connecticut 20 Sec. timeout
401230863,1,4:27,Official timeout
401230863,2,6:52,Atlanta Full timeout
401230863,2,4:59,Atlanta 20 Sec. timeout
401230863,2,2:35,Chicago Full timeout
401230863,2,51.5,Chicago Full timeout
401230863,3,8:14,Atlanta Full timeout
401230863,3,7:00,Chicago Full timeout
401230863,4,5:11,Atlanta Full timeout
401230863,4,2:30,Chicago Full timeout
401230816,1,3:45,Official timeout
401230816,1,2:01,Dallas Full timeout
401230816,2,5:51,Seattle Full timeout
401230816,2,2:23,Dallas Full timeout
401230816,2,41.6,Seattle Full timeout
401230816,3,4:55,Official timeout
401230816,4,8:11,Dallas Full timeout
401230816,4,2:35,Seattle Full timeout
401230816,4,1:25,Seattle Full timeout
401230816,4,1:12,Dallas 20 Sec. timeout
401230816,4,50.1,Dallas 20 Sec. timeout
401230864,1,4:18,Official timeout
401230864,2,6:10,New York Full timeout
401230864,2,2:55,Indiana Full timeout
401230864,3,4:53,Official timeout
401230864,4,6:46,New York Full timeout
401230864,4,2:35,Indiana Full timeout
401230864,4,1:43,New York 20 Sec. timeout
401230864,4,31.8,Indiana Full timeout
401230865,1,5:07,Minnesota Full timeout
401230865,2,6:27,Minnesota Full timeout
401230865,2,2:16,Official timeout
401230865,2,30.5,Las Vegas Full timeout
401230865,3,7:07,Minnesota Full timeout
401230865,3,1:32,Minnesota 20 Sec. timeout
401230865,4,5:47,Official timeout
401230865,4,2:52,Las Vegas Full timeout
401230865,4,57.3,Las Vegas 20 Sec. timeout
401230866,1,5:10,Los Angeles Full timeout
401230866,2,5:11,Official timeout
401230866,2,2:09,Washington Full timeout
401230866,2,44.1,Washington Full timeout
401230866,2,21.1,Los Angeles Full timeout
401230866,3,4:53,Los Angeles Full timeout
401230866,4,5:34,Official timeout
401230866,4,3:06,Washington Full timeout
401230866,4,1:28,Los Angeles Full timeout
401230866,4,34.7,Los Angeles 20 Sec. timeout
401230867,1,4:35,Official timeout
401230867,2,5:49,Connecticut Full timeout
401230867,2,2:16,Atlanta Full timeout
401230867,2,42.8,Connecticut Full timeout
401230867,2,31.0,Atlanta Full timeout
401230867,3,5:30,Official timeout
401230867,3,5:16,Connecticut Full timeout
401230867,4,5:07,Official timeout
401230867,4,2:46,Atlanta Full timeout
401230867,4,36.6,Connecticut 20 Sec. timeout
401230867,4,35.4,Atlanta Full timeout
401230868,1,5:14,Dallas Full timeout
401230868,2,6:32,Chicago Full timeout
401230868,2,3:14,Dallas Full timeout
401230868,2,1:22,Chicago Full timeout
401230868,3,8:11,Dallas Full timeout
401230868,3,4:30,Dallas Full timeout
401230868,4,6:52,Dallas 20 Sec. timeout
401230868,4,5:27,Official timeout
401230868,4,2:55,Dallas 20 Sec. timeout
401230868,4,2:55,Chicago Full timeout
401230868,4,1:53,Chicago Full timeout
401230869,1,4:24,Official timeout
401230869,2,7:25,Phoenix Full timeout
401230869,2,4:34,Phoenix Full timeout
401230869,2,2:15,Phoenix 20 Sec. timeout
401230869,2,33.5,Seattle Full timeout
401230869,3,4:52,Official timeout
401230869,4,6:50,Seattle Full timeout
401230869,4,5:27,Seattle 20 Sec. timeout
401230869,4,3:05,Phoenix Full timeout
401230817,1,6:30,New York Full timeout
401230817,2,5:23,Official timeout
401230817,2,2:50,Washington Full timeout
401230817,2,1:23,New York Full timeout
401230817,3,7:38,New York Full timeout
401230817,4,5:47,Official timeout
401230817,4,2:20,Washington Full timeout
401230817,4,1:10,Washington 20 Sec. timeout
401230819,1,3:59,Official timeout
401230819,2,5:29,Los Angeles Full timeout
401230819,2,2:33,Las Vegas Full timeout
401230819,3,7:52,Los Angeles Full timeout
401230819,4,9:06,Los Angeles Full timeout
401230819,4,2:42,Official timeout
401230818,1,4:09,Official timeout
401230818,2,7:41,Indiana Full timeout
401230818,2,2:53,Minnesota Full timeout
401230818,3,7:52,Indiana Full timeout
401230818,3,3:01,Indiana Full timeout
401230818,4,6:32,Indiana 20 Sec. timeout
401230818,4,5:03,Official timeout
401230818,4,2:52,Minnesota Full timeout
401230818,4,39.8,Indiana 20 Sec. timeout
401241309,1,4:59,Official timeout
401241309,2,5:10,Dallas Full timeout
401241309,2,2:48,Official timeout
401241309,3,7:56,Dallas Full timeout
401241309,4,5:18,Official timeout
401241309,4,2:41,New York Full timeout
401241309,4,15.8,Dallas Full timeout
401241309,4,5.5,New York Full timeout
401241309,4,5.5,New York 20 Sec. timeout
401241310,1,4:56,Official timeout
401241310,2,8:56,Seattle Full timeout
401241310,2,6:38,Seattle Full timeout
401241310,2,3:01,Las Vegas Full timeout
401241310,3,4:52,Official timeout
401241310,4,5:26,Seattle Full timeout
401241310,4,2:50,Las Vegas Full timeout
401241310,4,1:22,Seattle Full timeout
401241310,4,44.2,Seattle 20 Sec. timeout
401241310,4,17.2,Seattle 20 Sec. timeout
401241310,4,3.4,Las Vegas 20 Sec. timeout
401244169,1,4:58,Official timeout
401244169,2,5:59,Chicago Full timeout
401244169,2,2:43,Connecticut Full timeout
401244169,2,54.1,Connecticut Full timeout
401244169,3,6:46,Chicago Full timeout
401244169,4,5:59,Official timeout
401244169,4,3:00,Connecticut Full timeout
401244169,4,2:03,Connecticut 20 Sec. timeout
401244169,4,53.6,Chicago Full timeout
401244169,4,34.3,Chicago 20 Sec. timeout
401244170,1,4:16,Phoenix Full timeout
401244170,2,5:46,Official timeout
401244170,2,3:17,Phoenix Full timeout
401244170,2,1:37,Washington Full timeout
401244170,2,21.8,Washington Full timeout
401244170,3,4:38,Official timeout
401244170,4,4:23,Washington 20 Sec. timeout
401244170,4,2:44,Phoenix Full timeout
401244170,4,35.3,Washington 20 Sec. timeout
401244170,4,5.8,Phoenix 20 Sec. timeout
401244171,1,5:49,Minnesota Full timeout
401244171,1,1:30,Phoenix Full timeout
401244171,2,5:21,Official timeout
401244171,2,2:51,Phoenix Full timeout
401244171,2,1:55,Minnesota Full timeout
401244171,3,4:28,Minnesota Full timeout
401244171,3,2:33,Phoenix Full timeout
401244171,4,7:12,Phoenix Full timeout
401244171,4,2:12,Official timeout
401244171,4,1:32,Phoenix 20 Sec. timeout
401244171,4,35.3,Minnesota 20 Sec. timeout
401244171,4,14.5,Phoenix 20 Sec. timeout
401244171,4,8.1,Minnesota 20 Sec. timeout
401244172,1,4:23,Official timeout
401244172,2,5:02,Los Angeles Full timeout
401244172,2,3:35,Connecticut Full timeout
401244172,3,4:59,Official timeout
401244172,4,7:20,Connecticut Full timeout
401244172,4,3:20,Los Angeles Full timeout
401244172,4,1:21,Connecticut Full timeout
401244173,1,4:09,Official timeout
401244173,2,5:03,Las Vegas Full timeout
401244173,2,3:00,Connecticut Full timeout
401244173,2,1:25,Las Vegas Full timeout
401244173,2,5.9,Connecticut Full timeout
401244173,3,5:10,Las Vegas Full timeout
401244173,4,5:53,Official timeout
401244173,4,2:56,Connecticut Full timeout
401244176,1,5:05,Connecticut Full timeout
401244176,2,5:45,Official timeout
401244176,2,2:48,Las Vegas Full timeout
401244176,2,41.0,Connecticut Full timeout
401244176,3,7:02,Las Vegas Full timeout
401244176,3,4:48,Connecticut Full timeout
401244176,4,5:41,Official timeout
401244176,4,2:45,Connecticut Full timeout
401244176,4,1:09,Las Vegas 20 Sec. timeout
401244176,4,26.8,Connecticut 20 Sec. timeout
401244176,4,12.7,Connecticut 20 Sec. timeout
401244175,1,4:04,Official timeout
401244175,2,6:01,Minnesota Full timeout
401244175,2,2:59,Seattle Full timeout
401244175,2,1:42,Minnesota Full timeout
401244175,3,9:06,Minnesota Full timeout
401244175,4,7:14,Seattle Full timeout
401244175,4,2:04,Official timeout
401244175,4,1:01,Minnesota Full timeout
401244175,4,40.8,Seattle Full timeout
401244175,4,30.6,Minnesota 20 Sec. timeout
401244175,4,14.8,Seattle 20 Sec. timeout
401244178,1,3:36,Official timeout
401244178,2,5:54,Seattle Full timeout
401244178,2,3:56,Minnesota Full timeout
401244178,2,2:06,Minnesota Full timeout
401244178,3,6:13,Minnesota Full timeout
401244178,3,3:47,Seattle Full timeout
401244178,4,7:56,Minnesota Full timeout
401244178,4,4:27,Minnesota 20 Sec. timeout
401244178,4,2:27,Official timeout
401244178,4,59.1,Seattle Full timeout
401244178,4,19.6,Minnesota 20 Sec. timeout
401244177,1,4:18,Official timeout
401244177,2,3:51,Las Vegas Full timeout
401244177,2,2:37,Connecticut Full timeout
401244177,2,31.2,Las Vegas Full timeout
401244177,3,6:01,Connecticut Full timeout
401244177,4,4:44,Las Vegas Full timeout
401244177,4,3:58,Connecticut Full timeout
401244177,4,1:48,Las Vegas 20 Sec. timeout
401244177,4,48.9,Las Vegas Full timeout
401244179,1,1:43,Official timeout
401244179,2,5:26,Connecticut Full timeout
401244179,2,2:56,Las Vegas Full timeout
401244179,2,23.3,Las Vegas Full timeout
401244179,3,5:26,Connecticut Full timeout
401244179,4,5:19,Official timeout
401244179,4,2:58,Connecticut 20 Sec. timeout
401244179,4,2:58,Las Vegas Full timeout
401244179,4,1:35,Connecticut Full timeout
401244180,1,5:39,Minnesota Full timeout
401244180,1,2:01,Minnesota Full timeout
401244180,2,5:37,Minnesota 20 Sec. timeout
401244180,2,5:37,Official timeout
401244180,2,2:33,Seattle Full timeout
401244180,2,45.2,Seattle Full timeout
401244180,3,7:54,Seattle Full timeout
401244180,3,3:53,Minnesota Full timeout
401244180,4,7:17,Minnesota Full timeout
401244180,4,2:59,Official timeout
401244180,4,2:14,Seattle Full timeout
401244180,4,1:36,Minnesota 20 Sec. timeout
401248413,1,4:49,Official timeout
401248413,2,5:52,Connecticut Full timeout
401248413,2,1:58,Las Vegas Full timeout
401248413,3,5:25,Connecticut Full timeout
401248413,3,3:40,Connecticut 20 Sec. timeout
401248413,4,5:56,Connecticut 20 Sec. timeout
401248413,4,5:56,Official timeout
401248413,4,2:46,Las Vegas Full timeout
401248413,4,47.3,Las Vegas Full timeout
401248413,4,13.4,Connecticut Full timeout
401244183,1,4:57,Official timeout
401244183,2,5:46,Las Vegas Full timeout
401244183,2,3:12,Las Vegas Full timeout
401244183,2,1:54,Seattle Full timeout
401244183,3,4:56,Seattle Full timeout
401244183,4,7:56,Las Vegas Full timeout
401244183,4,4:21,Las Vegas 20 Sec. timeout
401244183,4,2:35,Official timeout
401244183,4,1:53,Seattle 20 Sec. timeout
401244184,1,4:57,Official timeout
401244184,2,5:04,Las Vegas Full timeout
401244184,2,2:19,Seattle Full timeout
401244184,2,25.4,Las Vegas Full timeout
401244184,2,4.6,Seattle Full timeout
401244184,3,4:30,Official timeout
401244184,4,7:12,Las Vegas Full timeout
401244184,4,4:00,Las Vegas 20 Sec. timeout
401244184,4,2:18,Seattle Full timeout
401244184,4,1:55,Seattle 20 Sec. timeout
401244185,1,4:15,Official timeout
401244185,2,5:26,Seattle Full timeout
401244185,2,3:20,Las Vegas Full timeout
401244185,2,37.1,Las Vegas Full timeout
401244185,3,6:53,Las Vegas Full timeout
401244185,4,5:56,Official timeout
401244185,4,2:44,Seattle Full timeout
401322870,1,4:45,Official timeout
401322870,2,5:48,Washington Full timeout
401322870,2,4:10,Atlanta 20 Sec. timeout
401322870,2,2:56,Atlanta Full timeout
401322870,3,4:02,Official timeout
401322870,3,2:36,Washington 20 Sec. timeout
401322870,4,6:02,Atlanta Full timeout
401322870,4,2:54,Washington Full timeout
401323518,1,3:53,Official timeout
401323518,2,4:30,Dallas Full timeout
401323518,2,2:39,Dallas Full timeout
401323518,2,1:04,Connecticut Full timeout
401323518,3,6:31,Connecticut Full timeout
401323518,3,4:19,Dallas Full timeout
401323518,4,5:17,Official timeout
401323518,4,2:40,Dallas Full timeout
401323518,4,1:20,Connecticut 20 Sec. timeout
401322871,1,6:57,Washington Full timeout
401322871,2,4:26,Official timeout
401322871,2,3:06,Washington Full timeout
401322871,3,4:37,Official timeout
401322871,4,5:56,Minnesota Full timeout
401322871,4,2:45,Washington Full timeout
401322871,4,1:26,Minnesota 20 Sec. timeout
401323519,1,7:11,Las Vegas Full timeout
401323519,2,5:57,Los Angeles Full timeout
401323519,2,2:37,Los Angeles Full timeout
401323519,3,4:45,Official timeout
401323519,4,5:07,Los Angeles Full timeout
401323519,4,2:47,Las Vegas Full timeout
401323519,4,1:42,Los Angeles Full timeout
401323519,4,0.9,Las Vegas Full timeout
401323520,1,4:17,Official timeout
401323520,2,5:20,Phoenix Full timeout
401323520,2,2:38,Seattle Full timeout
401323520,3,6:59,Phoenix Full timeout
401323520,3,4:03,Phoenix Full timeout
401323520,4,5:58,Seattle Full timeout
401323520,4,2:08,Seattle Full timeout
401323454,1,4:54,Chicago Full timeout
401323454,2,9:45,Indiana Full timeout
401323454,2,2:22,Official timeout
401323454,2,35.9,Chicago Full timeout
401323454,3,5:49,Chicago Full timeout
401323454,4,7:29,Chicago 20 Sec. timeout
401323454,4,6:20,Chicago Full timeout
401323454,4,2:45,Official timeout
401323455,1,4:51,Indiana Full timeout
401323455,1,3:53,Chicago Full timeout
401323455,2,5:59,Chicago Full timeout
401323455,2,2:30,Official timeout
401323455,3,4:44,Official timeout
401323455,3,3:48,Indiana Full timeout
401323455,4,5:53,Chicago Full timeout
401323455,4,3:03,Indiana Full timeout
401323455,4,58.8,Indiana 20 Sec. timeout
401320565,1,3:46,Official timeout
401320565,2,4:46,New York Full timeout
401320565,2,2:03,Indiana Full timeout
401320565,3,6:50,New York Full timeout
401320565,4,8:12,Indiana Full timeout
401320565,4,4:26,New York Full timeout
401320565,4,2:52,Official timeout
401320565,4,1:32,New York Full timeout
401320565,4,21.8,Indiana Full timeout
401320565,4,5.8,New York 20 Sec. timeout
401320565,4,0.4,Indiana 20 Sec. timeout
401320566,1,4:34,Official timeout
401320566,1,1:41,Atlanta Full timeout
401320566,2,4:23,Atlanta Full timeout
401320566,2,2:34,Connecticut Full timeout
401320566,2,58.7,Atlanta 20 Sec. timeout
401320566,3,6:31,Connecticut Full timeout
401320566,4,5:08,Official timeout
401320566,4,3:12,Atlanta Full timeout
401320567,1,4:51,Official timeout
401320567,2,9:20,Minnesota Full timeout
401320567,2,4:39,Minnesota Full timeout
401320567,2,1:21,Phoenix Full timeout
401320567,3,6:48,Phoenix Full timeout
401320567,4,8:08,Minnesota Full timeout
401320567,4,2:21,Official timeout
401320567,4,56.8,Minnesota Full timeout
401320567,4,37.0,Phoenix Full timeout
401320567,4,31.4,Minnesota 20 Sec. timeout
401320567,4,1.1,Minnesota 20 Sec. timeout
401320568,1,6:36,Dallas Full timeout
401320568,2,5:45,Official timeout
401320568,2,2:54,Los Angeles Full timeout
401320568,3,5:54,Los Angeles Full timeout
401320568,3,2:49,Dallas Full timeout
401320568,4,4:37,Official timeout
401320568,4,2:54,Dallas Full timeout
401320568,4,1:49,Dallas 20 Sec. timeout
401320568,4,53.2,Los Angeles Full timeout
401320569,1,4:48,Official timeout
401320569,2,5:51,Washington Full timeout
401320569,2,4:05,Chicago Full timeout
401320569,2,11.5,Washington Full timeout
401320569,3,7:37,Chicago Full timeout
401320569,3,2:26,Washington 20 Sec. timeout
401320569,4,5:40,Official timeout
401320569,4,2:55,Washington Full timeout
401320570,1,3:02,Official timeout
401320570,2,5:35,Seattle Full timeout
401320570,2,2:56,Las Vegas Full timeout
401320570,2,1:01,Seattle Full timeout
401320570,3,8:00,Las Vegas Full timeout
401320570,4,5:43,Official timeout
401320570,4,58.7,Seattle Full timeout
401320571,1,5:16,Indiana Full timeout
401320571,2,7:51,Indiana Full timeout
401320571,2,6:33,New York Full timeout
401320571,2,4:31,New York Full timeout
401320571,3,4:30,Official timeout
401320571,4,5:51,Indiana Full timeout
401320571,4,3:00,New York Full timeout
401320571,4,1:16,Indiana Full timeout
401320571,4,59.6,Indiana 20 Sec. timeout
401320572,1,4:16,Official timeout
401320572,1,2:24,Connecticut Full timeout
401320572,2,7:43,Phoenix Full timeout
401320572,2,2:48,Connecticut Full timeout
401320572,2,51.9,Phoenix Full timeout
401320572,3,4:49,Official timeout
401320572,4,5:41,Connecticut Full timeout
401320572,4,2:47,Phoenix Full timeout
401320572,4,1:50,Phoenix Full timeout
401320572,4,1:11,Connecticut Full timeout
401320572,4,20.1,Phoenix Full timeout
401320572,4,7.5,Connecticut 20 Sec. timeout
401320573,1,5:42,Minnesota Full timeout
401320573,2,5:53,Minnesota Full timeout
401320573,2,2:37,Official timeout
401320573,2,2:20,Official timeout
401320573,3,4:49,Official timeout
401320573,3,2:41,Minnesota Full timeout
401320573,4,5:38,Minnesota Full timeout
401320573,4,3:30,Minnesota 20 Sec. timeout
401320573,4,2:56,New York Full timeout
401320574,1,8:14,Washington Full timeout
401320574,2,5:57,Official timeout
401320574,2,2:59,Phoenix Full timeout
401320574,2,42.8,Washington Full timeout
401320574,3,7:07,Phoenix Full timeout
401320574,3,23.5,Washington 20 Sec. timeout
401320574,4,8:25,Washington Full timeout
401320574,4,2:08,Official timeout
401320575,1,4:59,Official timeout
401320575,1,1:28,Seattle Full timeout
401320575,2,6:11,Seattle Full timeout
401320575,2,2:19,Las Vegas Full timeout
401320575,3,4:52,Official timeout
401320575,4,5:52,Seattle Full timeout
401320575,4,2:41,Las Vegas Full timeout
401320575,4,1:13,Las Vegas 20 Sec. timeout
401320576,1,8:22,Atlanta Full timeout
401320576,2,8:43,Chicago Full timeout
401320576,2,2:24,Official timeout
401320576,2,1:07,Chicago Full timeout
401320576,2,43.5,Atlanta Full timeout
401320576,3,8:16,Chicago Full timeout
401320576,4,5:43,Official timeout
401320576,4,2:36,Atlanta Full timeout
401320576,4,1:08,Atlanta Full timeout
401320576,4,35.9,Atlanta 20 Sec. timeout
401320576,4,29.6,Atlanta 20 Sec. timeout
401320576,4,22.2,Chicago 20 Sec. timeout
401320577,1,7:15,Connecticut Full timeout
401320577,1,2:14,Indiana Full timeout
401320577,2,5:30,Official timeout
401320577,2,4:30,Indiana Full timeout
401320577,2,52.0,Connecticut Full timeout
401320577,3,8:10,Connecticut Full timeout
401320577,3,3:28,Indiana Full timeout
401320577,4,5:50,Indiana Full timeout
401320577,4,2:56,Official timeout
401320577,4,51.7,Indiana 20 Sec. timeout
401320578,1,3:48,Official timeout
401320578,2,5:54,Minnesota Full timeout
401320578,2,2:50,Seattle Full timeout
401320578,3,5:54,Minnesota Full timeout
401320578,4,5:32,Official timeout
401320578,4,2:26,Minnesota Full timeout
401320578,4,1:06,Minnesota 20 Sec. timeout
401320579,1,4:14,Official timeout
401320579,2,5:57,Indiana Full timeout
401320579,2,2:38,Atlanta Full timeout
401320579,2,44.5,Atlanta Full timeout
401320579,3,4:53,Atlanta Full timeout
401320579,3,1:54,Indiana Full timeout
401320579,4,5:34,Official timeout
401320579,4,3:00,Indiana Full timeout
401320579,4,1:06,Indiana 20 Sec. timeout
401320579,4,1:02,Atlanta Full timeout
401320579,4,16.6,Indiana 20 Sec. timeout
401320579,4,8.8,Atlanta 20 Sec. timeout
401320580,1,4:56,Official timeout
401320580,2,4:59,Washington Full timeout
401320580,2,2:38,New York Full timeout
401320580,3,4:46,Official timeout
401320580,3,2:51,New York Full timeout
401320580,4,6:26,Washington Full timeout
401320580,4,2:50,New York Full timeout
401320581,1,7:27,Phoenix Full timeout
401320581,2,5:49,Phoenix Full timeout
401320581,2,2:42,Official timeout
401320581,2,32.0,Connecticut Full timeout
401320581,3,4:44,Official timeout
401320581,3,3:09,Phoenix Full timeout
401320581,4,5:02,Phoenix Full timeout
401320581,4,2:39,Connecticut Full timeout
401320582,1,6:14,Los Angeles Full timeout
401320582,2,5:16,Las Vegas Full timeout
401320582,3,1:03,Los Angeles Full timeout
401320582,4,7:21,Los Angeles Full timeout
401320582,4,2:39,Las Vegas Full timeout
401320583,1,6:31,Dallas Full timeout
401320583,2,4:28,Official timeout
401320583,2,2:55,Seattle Full timeout
401320583,2,20.3,Seattle Full timeout
401320583,3,4:34,Official timeout
401320583,3,2:40,Dallas Full timeout
401320583,4,6:24,Dallas Full timeout
401320583,4,2:36,Seattle Full timeout
401320583,4,46.2,Dallas 20 Sec. timeout
401320583,4,33.0,Seattle Full timeout
401320583,4,20.6,Seattle Full timeout
401320583,4,9.9,Seattle 20 Sec. timeout
401320583,5,2:18,Dallas Full timeout
401320583,5,15.4,Seattle 20 Sec. timeout
401320583,5,12.9,Dallas 20 Sec. timeout
401320584,1,4:49,Official timeout
401320584,2,4:40,Chicago Full timeout
401320584,2,2:42,New York Full timeout
401320584,3,9:23,New York 20 Sec. timeout
401320584,3,4:45,Official timeout
401320584,4,5:41,Chicago Full timeout
401320584,4,4:42,Chicago 20 Sec. timeout
401320584,4,2:32,New York Full timeout
401320585,1,4:01,Official timeout
401320585,1,2:17,Indiana Full timeout
401320585,2,8:23,Washington Full timeout
401320585,2,4:44,Washington Full timeout
401320585,3,5:16,Washington Full timeout
401320585,4,7:33,Indiana Full timeout
401320585,4,1:16,Official timeout
401320585,4,1:11,Indiana Full timeout
401320585,4,1:07,Washington 20 Sec. timeout
401320585,4,50.3,Washington 20 Sec. timeout
401320586,1,5:55,Las Vegas Full timeout
401320586,2,6:40,Connecticut Full timeout
401320586,2,3:17,Connecticut Full timeout
401320586,4,4:19,Las Vegas Full timeout
401320586,4,2:51,Connecticut 20 Sec. timeout
401320586,4,48.6,Connecticut Full timeout
401320586,4,22.3,Las Vegas Full timeout
401320588,1,6:28,New York Full timeout
401320588,1,2:47,Dallas 20 Sec. timeout
401320588,2,4:35,Official timeout
401320588,2,2:40,Dallas Full timeout
401320588,3,6:15,Dallas 20 Sec. timeout
401320588,3,4:43,Official timeout
401320588,4,8:08,Dallas Full timeout
401320588,4,5:03,New York Full timeout
401320588,4,49.9,New York 20 Sec. timeout
401320587,1,4:39,Official timeout
401320587,2,5:22,Indiana Full timeout
401320587,2,3:52,Washington Full timeout
401320587,2,2.1,Washington Full timeout
401320587,3,4:27,Official timeout
401320587,4,5:58,Indiana Full timeout
401320587,4,4:01,Indiana Full timeout
401320587,4,1:58,Indiana 20 Sec. timeout
401320589,1,4:49,Official timeout
401320589,1,2:07,Chicago Full timeout
401320589,2,5:52,Chicago Full timeout
401320589,2,2:47,Atlanta Full timeout
401320589,2,2:16,Chicago 20 Sec. timeout
401320589,2,52.1,Atlanta Full timeout
401320589,3,4:35,Official timeout
401320589,4,5:54,Chicago Full timeout
401320589,4,2:44,Atlanta Full timeout
401320590,1,3:31,Connecticut Full timeout
401320590,2,5:35,Official timeout
401320590,2,3:52,Seattle Full timeout
401320590,3,4:52,Official timeout
401320590,3,1:52,Connecticut Full timeout
401320590,4,6:36,Connecticut Full timeout
401320590,4,4:08,Seattle Full timeout
401320590,4,2:24,Connecticut 20 Sec. timeout
401320590,4,37.9,Seattle Full timeout
401320590,4,15.3,Seattle 20 Sec. timeout
401320590,5,3:57,Connecticut Full timeout
401320590,5,3.9,Seattle 20 Sec. timeout
401320591,1,2:20,Phoenix Full timeout
401320591,2,4:50,Phoenix Full timeout
401320591,2,1:09,Official timeout
401320591,2,1:09,Official timeout
401320591,3,3:37,Official timeout
401320591,4,5:52,Phoenix Full timeout
401320591,4,2:35,Las Vegas Full timeout
401320591,4,1:41,Phoenix 20 Sec. timeout
401320591,4,36.6,Phoenix Full timeout
401320592,1,4:46,Official timeout
401320592,2,6:05,Dallas Full timeout
401320592,2,2:55,Atlanta Full timeout
401320592,2,49.0,Atlanta Full timeout
401320592,3,8:58,Dallas Full timeout
401320592,4,5:41,Official timeout
401320592,4,2:08,Atlanta Full timeout
401320592,4,16.9,Dallas Full timeout
401320592,4,13.7,Atlanta Full timeout
401320592,4,13.1,Dallas 20 Sec. timeout
401320593,1,3:47,Connecticut Full timeout
401320593,2,5:50,Official timeout
401320593,2,2:36,Connecticut Full timeout
401320593,2,46.0,Connecticut Full timeout
401320593,3,6:22,Washington Full timeout
401320593,3,3:29,Washington 20 Sec. timeout
401320593,3,1:06,Connecticut Full timeout
401320593,4,4:46,Official timeout
401320593,4,2:27,Connecticut Full timeout
401320593,4,49.0,Washington 20 Sec. timeout
401320593,4,26.2,Connecticut Full timeout
401320593,4,10.1,Washington Full timeout
401320594,1,6:51,Los Angeles Full timeout
401320594,1,6:14,Los Angeles Full timeout
401320594,1,1:46,Chicago Full timeout
401320594,2,5:41,Official timeout
401320594,2,2:05,Chicago Full timeout
401320594,3,4:55,Official timeout
401320594,4,7:46,Los Angeles Full timeout
401320594,4,3:52,Los Angeles 20 Sec. timeout
401320595,1,7:25,Minnesota Full timeout
401320595,2,5:50,Minnesota Full timeout
401320595,2,2:56,Official timeout
401320595,2,1:35,Minnesota 20 Sec. timeout
401320595,3,5:35,Minnesota Full timeout
401320595,4,5:50,Official timeout
401320595,4,2:55,Seattle Full timeout
401320596,1,6:52,Indiana Full timeout
401320596,2,5:26,Official timeout
401320596,2,2:48,Las Vegas Full timeout
401320596,3,6:38,Indiana Full timeout
401320596,3,3:31,Indiana Full timeout
401320596,4,6:00,Las Vegas Full timeout
401320596,4,1:49,Official timeout
401320596,4,1:07,Indiana 20 Sec. timeout
401320597,1,4:54,Official timeout
401320597,2,5:32,New York Full timeout
401320597,2,2:02,Atlanta Full timeout
401320597,3,8:11,New York 20 Sec. timeout
401320597,3,4:47,Atlanta Full timeout
401320597,3,2:21,Atlanta 20 Sec. timeout
401320597,4,4:02,Atlanta Full timeout
401320597,4,2:52,New York Full timeout
401320597,4,46.3,Atlanta Full timeout
401320597,4,23.8,Atlanta 20 Sec. timeout
401320597,4,10.6,New York Full timeout
401320597,5,2:06,New York 20 Sec. timeout
401320597,5,9.8,Atlanta Full timeout
401320597,5,1.6,New York Full timeout
401320598,1,6:02,Dallas Full timeout
401320598,2,8:25,Phoenix Full timeout
401320598,2,2:45,Official timeout
401320598,3,4:43,Official timeout
401320598,4,5:48,Dallas Full timeout
401320598,4,2:16,Dallas Full timeout
401320598,4,41.1,Phoenix Full timeout
401320598,4,22.2,Phoenix Full timeout
401320598,4,9.9,Phoenix 20 Sec. timeout
401320599,1,7:19,Los Angeles Full timeout
401320599,1,3:57,Chicago Full timeout
401320599,2,3:33,Chicago Full timeout
401320599,2,6.8,Los Angeles Full timeout
401320599,3,9:42,Los Angeles Full timeout
401320599,4,6:40,Chicago Full timeout
401320599,4,4:48,Los Angeles Full timeout
401320599,4,1:39,Los Angeles 20 Sec. timeout
401320599,4,25.0,Chicago 20 Sec. timeout
401320599,4,11.8,Chicago Full timeout
401320599,4,6.2,Chicago 20 Sec. timeout
401320599,5,49.5,Los Angeles Full timeout
401320599,5,24.9,Chicago Full timeout
401320599,5,12.2,Chicago 20 Sec. timeout
401320600,1,4:41,Official timeout
401320600,2,6:15,Indiana Full timeout
401320600,2,2:54,Las Vegas Full timeout
401320600,3,4:44,Official timeout
401320600,3,2:33,Indiana Full timeout
401320600,4,5:49,Official timeout
401320600,4,1:33,Indiana Full timeout
401320600,4,1:07,Indiana 20 Sec. timeout
401320600,4,30.0,Indiana 20 Sec. timeout
401320601,1,4:48,Official timeout
401320601,1,3:41,Minnesota Full timeout
401320601,2,5:52,Minnesota Full timeout
401320601,2,1:24,Connecticut Full timeout
401320601,3,7:21,Minnesota Full timeout
401320601,3,5:34,Minnesota Full timeout
401320601,4,6:20,Minnesota 20 Sec. timeout
401320601,4,5:44,Official timeout
401320601,4,3:14,Connecticut Full timeout
401320601,4,1:08,Connecticut 20 Sec. timeout
401320601,4,55.0,Minnesota 20 Sec. timeout
401320601,4,2.3,Connecticut Full timeout
401320601,5,1:06,Connecticut Full timeout
401320601,5,24.7,Connecticut 20 Sec. timeout
401320601,5,11.0,Connecticut 20 Sec. timeout
401320601,5,3.9,Minnesota 20 Sec. timeout
401320602,1,4:08,Official timeout
401320602,2,5:38,Connecticut Full timeout
401320602,2,2:34,Las Vegas Full timeout
401320602,2,1:31,Connecticut Full timeout
401320602,3,6:44,Connecticut Full timeout
401320602,4,8:38,Connecticut 20 Sec. timeout
401320602,4,5:59,Official timeout
401320602,4,3:00,Las Vegas Full timeout
401320604,1,5:10,Dallas Full timeout
401320604,1,2:18,Los Angeles Full timeout
401320604,2,3:59,Los Angeles Full timeout
401320604,2,2:21,Official timeout
401320604,3,9:03,Dallas Full timeout
401320604,3,5:49,Los Angeles Full timeout
401320604,4,5:16,Los Angeles Full timeout
401320604,4,2:18,Official timeout
401320603,1,8:40,Chicago Full timeout
401320603,1,3:01,Phoenix Full timeout
401320603,2,7:11,Phoenix Full timeout
401320603,2,3:18,Chicago Full timeout
401320603,3,7:19,Phoenix Full timeout
401320603,3,3:28,Phoenix 20 Sec. timeout
401320603,4,5:56,Official timeout
401320603,4,2:39,Chicago Full timeout
401320603,4,1:33,Chicago Full timeout
401320603,4,1:18,Chicago 20 Sec. timeout
401320605,1,3:58,Official timeout
401320605,2,4:33,Seattle Full timeout
401320605,2,2:57,Indiana Full timeout
401320605,3,4:39,Indiana Full timeout
401320605,4,7:43,Seattle Full timeout
401320605,4,5:26,Indiana Full timeout
401320605,4,1:13,Indiana 20 Sec. timeout
401320605,4,55.5,Indiana 20 Sec. timeout
401320606,1,4:32,New York Full timeout
401320606,2,5:30,Official timeout
401320606,2,2:58,Las Vegas Full timeout
401320606,2,1:04,New York Full timeout
401320606,3,4:06,Official timeout
401320606,4,5:45,New York Full timeout
401320606,4,3:59,Las Vegas Full timeout
401320606,4,2:22,New York 20 Sec. timeout
401320607,1,4:51,Official timeout
401320607,2,8:01,Chicago Full timeout
401320607,2,2:50,Phoenix Full timeout
401320607,2,38.9,Chicago Full timeout
401320607,3,8:58,Phoenix Full timeout
401320607,4,7:39,Phoenix Full timeout
401320607,4,2:08,Official timeout
401320607,4,37.6,Chicago Full timeout
401320607,4,23.7,Phoenix 20 Sec. timeout
401320607,4,2.3,Chicago Full timeout
401320607,4,2.3,Chicago 20 Sec. timeout
401320607,5,2:59,Phoenix 20 Sec. timeout
401320607,5,8.9,Phoenix Full timeout
401320607,5,6.3,Chicago 20 Sec. timeout
401320608,1,4:42,Official timeout
401320608,1,2:19,Indiana Full timeout
401320608,2,6:39,Los Angeles Full timeout
401320608,2,4:51,Official timeout
401320608,3,4:52,Official timeout
401320608,4,6:44,Indiana Full timeout
401320608,4,3:56,Los Angeles Full timeout
401320609,1,5:51,Atlanta Full timeout
401320609,2,5:38,Official timeout
401320609,2,3:18,Minnesota Full timeout
401320609,3,7:15,Minnesota Full timeout
401320609,4,4:59,Official timeout
401320609,4,2:52,Atlanta Full timeout
401320609,4,1:04,Atlanta Full timeout
401320609,4,49.0,Minnesota 20 Sec. timeout
401320609,4,39.1,Atlanta 20 Sec. timeout
401320609,4,24.4,Minnesota Full timeout
401320609,4,12.0,Atlanta 20 Sec. timeout
401320609,4,5.2,Minnesota 20 Sec. timeout
401320610,1,4:42,Dallas Full timeout
401320610,2,5:59,Seattle Full timeout
401320610,2,2:15,Official timeout
401320610,3,6:53,Dallas Full timeout
401320610,3,58.6,Seattle Full timeout
401320610,4,6:39,Dallas Full timeout
401320610,4,3:58,Dallas 20 Sec. timeout
401320610,4,2:59,Official timeout
401320610,4,1:05,Seattle 20 Sec. timeout
401320610,4,19.6,Dallas 20 Sec. timeout
401320610,4,6.9,Seattle 20 Sec. timeout
401320610,5,38.7,Seattle Full timeout
401320610,5,16.7,Dallas 20 Sec. timeout
401320610,5,0.8,Seattle 20 Sec. timeout
401320611,1,3:38,Official timeout
401320611,2,5:57,Washington Full timeout
401320611,2,3:22,Washington Full timeout
401320611,3,4:27,Official timeout
401320611,3,47.8,Washington 20 Sec. timeout
401320611,4,4:31,Washington Full timeout
401320611,4,2:53,Las Vegas Full timeout
401320611,4,1:00,Las Vegas Full timeout
401320611,4,41.2,Washington 20 Sec. timeout
401320611,4,8.6,Washington Full timeout
401320611,4,3.9,Las Vegas 20 Sec. timeout
401320612,1,4:27,Official timeout
401320612,2,6:23,Los Angeles Full timeout
401320612,2,2:43,Chicago Full timeout
401320612,2,25.3,Chicago Full timeout
401320612,3,4:08,Official timeout
401320612,4,6:49,Los Angeles Full timeout
401320612,4,2:49,Chicago Full timeout
401320612,4,1:44,Los Angeles Full timeout
401320612,4,42.4,Chicago Full timeout
401320612,4,30.1,Chicago 20 Sec. timeout
401320612,4,22.8,Los Angeles 20 Sec. timeout
401320612,4,17.3,Chicago 20 Sec. timeout
401320613,1,4:14,Official timeout
401320613,1,2:21,New York Full timeout
401320613,2,5:19,Connecticut Full timeout
401320613,2,2:40,New York Full timeout
401320613,3,7:01,New York Full timeout
401320613,4,6:25,Connecticut Full timeout
401320613,4,4:42,New York Full timeout
401320613,4,3:57,Connecticut 20 Sec. timeout
401320613,4,1:55,New York 20 Sec. timeout
401320614,1,7:33,Atlanta Full timeout
401320614,2,4:46,Official timeout
401320614,2,2:47,Minnesota Full timeout
401320614,2,5.3,Minnesota Full timeout
401320614,3,3:37,Minnesota Full timeout
401320614,4,5:45,Official timeout
401320614,4,3:47,Minnesota Full timeout
401320614,4,1:19,Atlanta Full timeout
401320615,1,3:59,Official timeout
401320615,2,5:53,Seattle Full timeout
401320615,2,3:34,Dallas 20 Sec. timeout
401320615,2,2:52,Dallas Full timeout
401320615,2,1:40,Seattle Full timeout
401320615,3,8:56,Dallas Full timeout
401320615,4,4:39,Dallas 20 Sec. timeout
401320615,4,4:39,Official timeout
401320615,4,2:06,Seattle Full timeout
401320615,4,4.5,Dallas Full timeout
401320615,4,0.7,Seattle Full timeout
401320616,1,4:43,Washington Full timeout
401320616,2,8:12,Minnesota Full timeout
401320616,2,2:32,Official timeout
401320616,2,1:18,Minnesota Full timeout
401320616,3,4:52,Official timeout
401320616,3,3:42,Minnesota Full timeout
401320616,4,5:41,Washington Full timeout
401320616,4,3:21,Minnesota Full timeout
401320616,4,1:37,Minnesota 20 Sec. timeout
401320616,4,25.3,Washington 20 Sec. timeout
401320616,4,14.6,Minnesota 20 Sec. timeout
401320619,1,4:48,Official timeout
401320619,1,56.1,Dallas Full timeout
401320619,2,6:27,Phoenix Full timeout
401320619,2,2:30,Dallas Full timeout
401320619,3,6:30,Dallas Full timeout
401320619,4,4:21,Phoenix Full timeout
401320619,4,2:49,Official timeout
401320619,4,1:45,Dallas Full timeout
401320619,4,1:41,Phoenix 20 Sec. timeout
401320619,4,30.0,Dallas 20 Sec. timeout
401320619,4,11.1,Phoenix Full timeout
401320619,4,6.9,Phoenix 20 Sec. timeout
401320617,1,3:54,Official timeout
401320617,2,8:27,Atlanta Full timeout
401320617,2,5:24,Seattle Full timeout
401320617,2,3:38,Atlanta Full timeout
401320617,2,41.5,Seattle Full timeout
401320617,3,4:23,Official timeout
401320617,4,7:47,Atlanta Full timeout
401320617,4,5:23,Atlanta Full timeout
401320618,1,4:47,Official timeout
401320618,1,1:16,Indiana Full timeout
401320618,2,5:34,Official timeout
401320618,2,2:56,Chicago Full timeout
401320618,3,6:33,Indiana Full timeout
401320618,3,3:56,Chicago Full timeout
401320618,4,5:58,Official timeout
401320618,4,4:40,Indiana Full timeout
401320618,4,4:12,Chicago Full timeout
401320618,4,1:48,Indiana 20 Sec. timeout
401320618,4,42.1,Indiana 20 Sec. timeout
401320620,1,6:59,Los Angeles Full timeout
401320620,2,5:59,Official timeout
401320620,2,2:24,Los Angeles Full timeout
401320620,3,6:03,Los Angeles Full timeout
401320620,3,1:14,Los Angeles Full timeout
401320620,4,6:37,Los Angeles 20 Sec. timeout
401320620,4,5:53,Official timeout
401320620,4,3:28,Washington Full timeout
401320621,1,4:15,Official timeout
401320621,2,5:08,Atlanta Full timeout
401320621,2,2:59,Seattle Full timeout
401320621,3,8:47,Atlanta Full timeout
401320621,3,4:26,Seattle Full timeout
401320621,4,8:27,Atlanta Full timeout
401320621,4,2:49,Official timeout
401320621,4,1:25,Seattle 20 Sec. timeout
401320622,1,4:30,Official timeout
401320622,2,5:54,Phoenix Full timeout
401320622,2,4:47,Dallas Full timeout
401320622,3,4:52,Official timeout
401320622,3,1:08,Dallas Full timeout
401320622,4,5:49,Phoenix Full timeout
401320622,4,2:25,Dallas Full timeout
401320622,4,1:12,Dallas 20 Sec. timeout
401320623,1,4:55,Chicago Full timeout
401320623,2,6:13,Indiana Full timeout
401320623,2,2:49,Official timeout
401320623,3,4:50,Official timeout
401320623,4,5:58,Indiana Full timeout
401320623,4,3:28,Indiana Full timeout
401320624,1,4:54,Official timeout
401320624,1,1:02,Los Angeles Full timeout
401320624,2,9:23,Minnesota Full timeout
401320624,2,5:39,Los Angeles Full timeout
401320624,3,9:28,Minnesota 20 Sec. timeout
401320624,3,5:51,Los Angeles Full timeout
401320624,3,4:19,Minnesota Full timeout
401320624,4,8:26,Los Angeles 20 Sec. timeout
401320624,4,7:13,Los Angeles Full timeout
401320624,4,2:47,Official timeout
401320625,1,4:37,Official timeout
401320625,1,2:08,Connecticut Full timeout
401320625,2,5:40,Connecticut Full timeout
401320625,2,3:47,Connecticut 20 Sec. timeout
401320625,2,2:46,Seattle Full timeout
401320625,3,8:01,Connecticut Full timeout
401320625,3,3:47,Connecticut 20 Sec. timeout
401320625,4,5:31,Official timeout
401320625,4,2:39,Seattle Full timeout
401320626,1,4:29,Official timeout
401320626,2,6:52,Washington Full timeout
401320626,2,2:57,Atlanta Full timeout
401320626,3,8:37,Washington Full timeout
401320626,3,6:24,Washington 20 Sec. timeout
401320626,4,5:53,Official timeout
401320626,4,2:24,Atlanta Full timeout
401320627,1,4:13,Official timeout
401320627,2,5:59,Official timeout
401320627,2,4:18,Dallas Full timeout
401320627,2,20.1,Dallas Full timeout
401320627,3,4:43,Official timeout
401320627,4,9:00,Dallas Full timeout
401320627,4,2:52,Las Vegas Full timeout
401320627,4,1:59,Dallas 20 Sec. timeout
401320627,4,1:40,Dallas Full timeout
401320628,1,4:20,Official timeout
401320628,1,2:12,Phoenix Full timeout
401320628,2,5:49,Phoenix Full timeout
401320628,2,2:41,New York Full timeout
401320628,3,8:36,New York 20 Sec. timeout
401320628,3,4:48,Official timeout
401320628,4,5:50,Phoenix Full timeout
401320628,4,4:07,Phoenix Full timeout
401320628,4,1:20,New York Full timeout
401320628,4,1:02,Phoenix 20 Sec. timeout
401320628,4,34.9,Phoenix 20 Sec. timeout
401320629,1,4:02,Indiana Full timeout
401320629,2,5:34,Official timeout
401320629,2,2:52,Seattle Full timeout
401320629,3,4:33,Official timeout
401320629,4,7:55,Seattle Full timeout
401320629,4,5:23,Indiana Full timeout
401320629,4,2:53,Seattle Full timeout
401320629,4,1:32,Indiana Full timeout
401320630,1,5:57,Minnesota Full timeout
401320630,1,1:55,Minnesota Full timeout
401320630,2,6:55,Chicago Full timeout
401320630,2,2:53,Official timeout
401320630,3,5:03,Minnesota Full timeout
401320630,3,2:50,Minnesota Full timeout
401320630,4,9:28,Chicago 20 Sec. timeout
401320630,4,8:42,Minnesota 20 Sec. timeout
401320630,4,5:46,Minnesota 20 Sec. timeout
401320630,4,5:46,Official timeout
401320630,4,2:47,Chicago Full timeout
401320631,1,4:52,Official timeout
401320631,2,6:25,Las Vegas Full timeout
401320631,2,3:59,New York Full timeout
401320631,3,4:21,New York Full timeout
401320631,4,6:29,Las Vegas Full timeout
401320631,4,2:52,Official timeout
401320632,1,5:45,Los Angeles Full timeout
401320632,2,4:42,Phoenix Full timeout
401320632,2,2:41,Phoenix Full timeout
401320632,3,5:16,Los Angeles Full timeout
401320632,4,7:12,Phoenix Full timeout
401320632,4,5:22,Los Angeles Full timeout
401320632,4,1:36,Los Angeles 20 Sec. timeout
401320632,4,8.9,Phoenix Full timeout
401320633,1,5:28,Indiana Full timeout
401320633,2,5:03,Official timeout
401320633,2,2:46,Seattle Full timeout
401320633,3,4:56,Official timeout
401320633,3,2:52,Indiana Full timeout
401320633,4,6:31,Seattle Full timeout
401320633,4,3:07,Indiana Full timeout
401320633,4,36.6,Indiana 20 Sec. timeout
401320634,1,4:53,Official timeout
401320634,2,5:53,Washington Full timeout
401320634,2,3:13,Washington Full timeout
401320634,2,1:58,Atlanta Full timeout
401320634,3,9:06,Washington 20 Sec. timeout
401320634,3,5:15,Atlanta Full timeout
401320634,4,8:09,Washington Full timeout
401320634,4,5:59,Washington 20 Sec. timeout
401320634,4,3:39,Atlanta Full timeout
401320634,4,1:04,Atlanta 20 Sec. timeout
401320634,4,41.0,Atlanta 20 Sec. timeout
401320634,4,20.4,Washington Full timeout
401320635,1,4:02,Official timeout
401320635,2,5:18,Chicago Full timeout
401320635,2,1:59,Chicago Full timeout
401320635,3,7:05,Connecticut Full timeout
401320635,4,5:48,Official timeout
401320635,4,4:33,Connecticut Full timeout
401320636,1,6:17,Dallas Full timeout
401320636,1,2:03,Minnesota Full timeout
401320636,2,6:52,Dallas Full timeout
401320636,2,2:41,Official timeout
401320636,3,7:34,Minnesota Full timeout
401320636,3,4:15,Dallas Full timeout
401320636,4,7:48,Dallas Full timeout
401320636,4,4:29,Minnesota 20 Sec. timeout
401320636,4,2:53,Minnesota Full timeout
401320637,1,4:16,Official timeout
401320637,2,5:26,New York Full timeout
401320637,2,2:59,Official timeout
401320637,2,1:30,New York Full timeout
401320637,3,4:52,Official timeout
401320637,3,3:42,New York 20 Sec. timeout
401320637,4,5:27,Official timeout
401320637,4,1:56,Las Vegas Full timeout
401320638,1,4:42,Los Angeles Full timeout
401320638,2,6:53,Los Angeles Full timeout
401320638,2,2:22,Phoenix Full timeout
401320638,3,7:28,Los Angeles Full timeout
401320638,4,5:42,Official timeout
401320638,4,4:16,Phoenix Full timeout
401320638,4,3:24,Los Angeles Full timeout
401320639,1,4:44,Official timeout
401320639,1,1:33,Chicago Full timeout
401320639,2,6:00,Connecticut Full timeout
401320639,2,2:18,Chicago Full timeout
401320639,2,1:12,Connecticut Full timeout
401320639,3,7:46,Chicago Full timeout
401320639,3,3:38,Connecticut Full timeout
401320639,4,5:13,Official timeout
401320639,4,2:48,Connecticut Full timeout
401320639,4,46.4,Connecticut 20 Sec. timeout
401320639,4,30.3,Chicago 20 Sec. timeout
401320640,1,5:44,Washington Full timeout
401320640,2,7:02,Indiana Full timeout
401320640,2,3:55,Washington Full timeout
401320640,3,7:36,Washington Full timeout
401320640,3,5:07,Indiana Full timeout
401320640,4,7:40,Indiana Full timeout
401320640,4,2:11,Official timeout
401320640,4,1:42,Washington 20 Sec. timeout
401320640,4,1:40,Indiana 20 Sec. timeout
401320640,4,18.7,Indiana 20 Sec. timeout
401320641,1,4:47,Official timeout
401320641,1,3:38,Minnesota Full timeout
401320641,2,6:35,Minnesota Full timeout
401320641,2,4:37,Dallas Full timeout
401320641,3,5:22,Minnesota Full timeout
401320641,3,2:32,Dallas Full timeout
401320641,4,5:49,Official timeout
401320641,4,2:26,Dallas Full timeout
401320642,1,5:31,Los Angeles Full timeout
401320642,2,6:58,New York Full timeout
401320642,2,2:26,Official timeout
401320642,2,49.0,Los Angeles Full timeout
401320642,3,7:14,Los Angeles Full timeout
401320642,3,5:00,New York Full timeout
401320642,3,1:01,New York Full timeout
401320642,4,7:37,Los Angeles Full timeout
401320642,4,2:45,Official timeout
401320642,4,8.2,Los Angeles Full timeout
401320643,1,5:46,Dallas Full timeout
401320643,2,8:07,Connecticut Full timeout
401320643,2,3:09,Connecticut Full timeout
401320643,3,4:38,Official timeout
401320643,3,3:22,Dallas Full timeout
401320643,4,6:32,Dallas Full timeout
401320643,4,3:17,Connecticut Full timeout
401320644,1,2:53,Official timeout
401320644,2,5:59,New York Full timeout
401320644,2,3:43,New York Full timeout
401320644,2,21.3,Chicago Full timeout
401320644,3,8:47,New York 20 Sec. timeout
401320644,3,4:48,Official timeout
401320644,4,5:33,New York Full timeout
401320644,4,2:44,Chicago Full timeout
401320645,1,2:23,Seattle Full timeout
401320645,2,5:17,Official timeout
401320645,2,2:25,Washington Full timeout
401320645,3,6:38,Washington Full timeout
401320645,3,3:24,Washington 20 Sec. timeout
401320645,4,5:54,Official timeout
401320645,4,2:35,Seattle Full timeout
401320645,4,32.9,Seattle 20 Sec. timeout
401320645,4,15.4,Seattle Full timeout
401320645,4,4.3,Seattle 20 Sec. timeout
401320646,1,3:51,Official timeout
401320646,1,3:24,Minnesota Full timeout
401320646,1,1:15,Minnesota 20 Sec. timeout
401320646,2,5:58,Atlanta Full timeout
401320646,2,2:31,Minnesota Full timeout
401320646,2,1:00,Atlanta Full timeout
401320646,3,3:59,Official timeout
401320646,4,5:11,Atlanta Full timeout
401320646,4,3:02,Minnesota Full timeout
401320646,4,1:34,Minnesota 20 Sec. timeout
401320646,4,1:09,Atlanta 20 Sec. timeout
401320647,1,3:19,Official timeout
401320647,2,8:42,Indiana Full timeout
401320647,2,2:59,Dallas Full timeout
401320647,3,7:22,Dallas Full timeout
401320647,4,5:53,Official timeout
401320647,4,4:03,Indiana Full timeout
401320647,4,1:39,Indiana Full timeout
401320648,1,3:18,Official timeout
401320648,1,1:11,New York Full timeout
401320648,2,5:39,New York Full timeout
401320648,2,2:30,Chicago Full timeout
401320648,3,4:50,Official timeout
401320648,4,6:07,New York Full timeout
401320648,4,5:59,Chicago Full timeout
401320648,4,3:27,Chicago Full timeout
401320649,1,4:17,Official timeout
401320649,2,7:07,Los Angeles Full timeout
401320649,2,3:19,Washington Full timeout
401320649,2,47.9,Washington Full timeout
401320649,2,9.2,Los Angeles Full timeout
401320649,3,6:56,Los Angeles Full timeout
401320649,4,7:47,Washington Full timeout
401320649,4,3:18,Los Angeles Full timeout
401320649,4,1:25,Washington 20 Sec. timeout
401320649,4,33.8,Los Angeles 20 Sec. timeout
401320649,4,15.7,Washington Full timeout
401320650,1,4:12,Official timeout
401320650,1,1:56,Minnesota Full timeout
401320650,2,7:38,Minnesota Full timeout
401320650,2,2:48,Las Vegas Full timeout
401320650,2,2.7,Las Vegas Full timeout
401320650,3,4:46,Official timeout
401320650,4,8:30,Las Vegas Full timeout
401320650,4,2:09,Minnesota Full timeout
401320650,4,1:01,Minnesota Full timeout
401320650,4,14.1,Las Vegas Full timeout
401320650,4,2.0,Minnesota 20 Sec. timeout
401320650,4,2.0,Las Vegas 20 Sec. timeout
401320650,4,2.0,Minnesota 20 Sec. timeout
401320650,5,27.5,Minnesota Full timeout
401320651,1,5:46,Washington Full timeout
401320651,2,4:59,Dallas Full timeout
401320651,2,3:58,Dallas 20 Sec. timeout
401320651,2,2:00,Washington Full timeout
401320651,3,7:23,Dallas 20 Sec. timeout
401320651,3,4:56,Official timeout
401320651,4,7:24,Washington Full timeout
401320651,4,3:57,Dallas Full timeout
401320651,4,1:43,Washington 20 Sec. timeout
401320651,4,29.7,Washington 20 Sec. timeout
401320652,1,3:35,New York Full timeout
401320652,2,5:46,Official timeout
401320652,2,2:34,Atlanta Full timeout
401320652,3,5:25,Atlanta Full timeout
401320652,4,6:51,Atlanta Full timeout
401320652,4,2:53,Official timeout
401320654,1,4:34,Chicago Full timeout
401320654,2,5:56,Official timeout
401320654,2,2:58,Connecticut Full timeout
401320654,2,1:31,Connecticut Full timeout
401320654,3,4:47,Official timeout
401320654,3,2:35,Chicago Full timeout
401320654,3,1:13,Connecticut 20 Sec. timeout
401320654,4,5:35,Connecticut Full timeout
401320654,4,2:57,Chicago Full timeout
401320655,1,4:56,Official timeout
401320655,2,6:02,Las Vegas Full timeout
401320655,2,2:33,Official timeout
401320655,2,4.8,Seattle Full timeout
401320655,3,4:48,Official timeout
401320655,3,3:15,Seattle 20 Sec. timeout
401320655,4,4:21,Las Vegas Full timeout
401320655,4,2:28,Official timeout
401320655,4,1:07,Seattle Full timeout
401320655,4,27.7,Seattle 20 Sec. timeout
401320655,4,1.8,Las Vegas Full timeout
401320655,5,26.4,Seattle 20 Sec. timeout
401320655,5,21.4,Las Vegas Full timeout
401320655,5,10.6,Seattle Full timeout
401320653,1,8:18,Los Angeles Full timeout
401320653,1,1:38,Phoenix Full timeout
401320653,2,5:58,Official timeout
401320653,2,2:58,Los Angeles Full timeout
401320653,2,1:21,Phoenix Full timeout
401320653,3,5:47,Los Angeles Full timeout
401320653,4,7:16,Los Angeles Full timeout
401320653,4,4:10,Los Angeles 20 Sec. timeout
401320653,4,3:31,Phoenix Full timeout
401320653,4,1:18,Phoenix Full timeout
401320656,1,4:09,New York Full timeout
401320656,2,5:39,Atlanta Full timeout
401320656,2,2:59,New York Full timeout
401320656,2,59.8,Atlanta Full timeout
401320656,3,4:26,New York Full timeout
401320656,3,50.2,New York Full timeout
401320656,4,5:41,Atlanta Full timeout
401320656,4,2:18,Atlanta Full timeout
401320656,4,1:07,Atlanta Full timeout
401320656,4,25.6,Atlanta Full timeout
401320657,1,4:42,Official timeout
401320657,2,6:20,Washington Full timeout
401320657,2,3:11,Washington Full timeout
401320657,2,1:09,Connecticut Full timeout
401320657,3,4:49,Washington Full timeout
401320657,3,3:08,Connecticut Full timeout
401320657,4,5:46,Official timeout
401320657,4,3:45,Washington 20 Sec. timeout
401320657,4,1:47,Connecticut Full timeout
401320658,1,7:18,Dallas Full timeout
401320658,2,5:57,Official timeout
401320658,2,5:13,Chicago Full timeout
401320658,3,4:51,Official timeout
401320658,3,1:27,Chicago Full timeout
401320658,4,7:36,Dallas Full timeout
401320658,4,2:39,Chicago Full timeout
401320658,4,2:02,Chicago 20 Sec. timeout
401320659,1,4:37,Official timeout
401320659,1,2:21,Minnesota Full timeout
401320659,1,55.9,Phoenix Full timeout
401320659,2,5:54,Phoenix Full timeout
401320659,2,2:24,Minnesota Full timeout
401320659,3,4:41,Phoenix Full timeout
401320659,4,5:29,Official timeout
401320659,4,3:05,Minnesota Full timeout
401320659,4,1:03,Minnesota Full timeout
401320659,4,34.2,Minnesota 20 Sec. timeout
401320659,4,25.7,Phoenix Full timeout
401320659,4,16.6,Phoenix 20 Sec. timeout
401320659,4,11.6,Minnesota 20 Sec. timeout
401320659,4,10.4,Phoenix 20 Sec. timeout
401320660,1,7:19,Los Angeles Full timeout
401320660,2,5:45,Official timeout
401320660,2,1:09,Las Vegas Full timeout
401320660,3,8:35,Los Angeles Full timeout
401320660,4,5:29,Official timeout
401320660,4,3:06,Las Vegas Full timeout
401320661,1,4:41,Indiana Full timeout
401320661,2,5:17,Indiana Full timeout
401320661,2,2:40,Official timeout
401320661,2,1:01,Connecticut Full timeout
401320661,3,7:38,Connecticut Full timeout
401320661,4,5:55,Official timeout
401320661,4,3:14,Indiana Full timeout
401320661,4,28.9,Indiana Full timeout
401320662,1,5:32,Dallas Full timeout
401320662,2,5:40,Official timeout
401320662,2,2:59,Chicago Full timeout
401320662,3,4:12,Official timeout
401320662,3,1:44,Dallas Full timeout
401320662,4,5:51,Dallas Full timeout
401320662,4,4:40,Chicago 20 Sec. timeout
401320662,4,2:58,Chicago Full timeout
401320662,4,46.4,Chicago Full timeout
401320662,4,11.7,Dallas 20 Sec. timeout
401320663,1,4:54,Official timeout
401320663,2,6:43,Los Angeles Full timeout
401320663,2,1:57,Los Angeles Full timeout
401320663,3,3:33,Official timeout
401320663,4,7:56,Los Angeles Full timeout
401320663,4,6:23,Las Vegas Full timeout
401320663,4,2:37,Los Angeles Full timeout
401320663,4,1:28,Los Angeles 20 Sec. timeout
401320665,1,4:32,Official timeout
401320665,2,8:55,Atlanta Full timeout
401320665,2,4:41,Atlanta Full timeout
401320665,3,4:23,Seattle Full timeout
401320665,3,3:00,Atlanta Full timeout
401320665,4,5:11,Official timeout
401320665,4,2:59,Atlanta Full timeout
401320665,4,37.7,Atlanta 20 Sec. timeout
401320665,4,29.0,Seattle Full timeout
401320665,4,6.1,Atlanta 20 Sec. timeout
401320666,1,4:44,Official timeout
401320666,2,5:24,Indiana Full timeout
401320666,2,2:49,Indiana Full timeout
401320666,3,7:42,Connecticut Full timeout
401320666,3,6:25,Indiana Full timeout
401320666,4,4:17,Official timeout
401320666,4,2:35,Indiana Full timeout
401320666,4,1:16,Connecticut 20 Sec. timeout
401320666,4,46.7,Indiana 20 Sec. timeout
401320666,4,25.0,Connecticut Full timeout
401320667,1,5:07,New York Full timeout
401320667,2,6:08,Washington Full timeout
401320667,2,4:25,New York Full timeout
401320667,3,6:43,Washington Full timeout
401320667,4,5:58,Official timeout
401320667,4,4:09,Washington 20 Sec. timeout
401320667,4,2:41,New York Full timeout
401320667,4,58.8,Washington 20 Sec. timeout
401320667,4,2.3,New York Full timeout
401320667,4,1.6,Washington Full timeout
401320664,1,3:35,Official timeout
401320664,2,7:31,Phoenix Full timeout
401320664,2,5:03,Minnesota Full timeout
401320664,2,1:58,Phoenix Full timeout
401320664,3,4:18,Official timeout
401320664,3,3:15,Phoenix 20 Sec. timeout
401320664,4,6:26,Minnesota Full timeout
401320664,4,4:14,Phoenix Full timeout
401320668,1,4:16,Official timeout
401320668,2,5:40,Las Vegas Full timeout
401320668,2,2:56,Atlanta Full timeout
401320668,2,1:25,Atlanta Full timeout
401320668,3,7:38,Atlanta Full timeout
401320668,4,7:35,Atlanta Full timeout
401320668,4,4:22,Las Vegas Full timeout
401320669,1,4:58,Official timeout
401320669,1,45.6,Los Angeles Full timeout
401320669,2,5:47,Official timeout
401320669,2,3:00,Seattle Full timeout
401320669,2,16.6,Los Angeles 20 Sec. timeout
401320669,3,6:20,Seattle Full timeout
401320669,4,5:43,Official timeout
401320669,4,3:55,Los Angeles Full timeout
401320669,4,18.1,Los Angeles Full timeout
401320669,4,7.7,Seattle 20 Sec. timeout
401320670,1,4:33,Official timeout
401320670,2,8:25,New York Full timeout
401320670,2,4:22,New York Full timeout
401320670,2,2:41,Dallas Full timeout
401320670,3,7:36,Dallas Full timeout
401320670,3,2:13,New York 20 Sec. timeout
401320670,4,5:55,Official timeout
401320670,4,2:32,Dallas Full timeout
401320670,4,53.3,Dallas 20 Sec. timeout
401320670,4,40.0,New York Full timeout
401320671,1,4:54,Official timeout
401320671,1,2:16,Dallas Full timeout
401320671,2,9:27,Minnesota Full timeout
401320671,2,2:22,Dallas Full timeout
401320671,3,5:10,Dallas Full timeout
401320671,4,5:50,Dallas Full timeout
401320671,4,3:13,Minnesota Full timeout
401320671,4,1:26,Dallas 20 Sec. timeout
401320671,4,36.7,Dallas 20 Sec. timeout
401320671,4,17.5,Minnesota Full timeout
401320672,1,4:36,Official timeout
401320672,2,5:27,Official timeout
401320672,2,2:55,Phoenix Full timeout
401320672,3,4:59,Official timeout
401320672,3,3:08,Phoenix Full timeout
401320672,4,5:30,Las Vegas Full timeout
401320672,4,1:50,Phoenix Full timeout
401320672,4,15.0,Las Vegas Full timeout
401320672,4,5.0,Phoenix 20 Sec. timeout
401320672,5,2:42,Las Vegas Full timeout
401320673,1,4:30,Los Angeles Full timeout
401320673,2,7:17,Seattle Full timeout
401320673,2,2:31,Official timeout
401320673,2,9.0,Los Angeles Full timeout
401320673,3,5:28,Los Angeles Full timeout
401320673,4,7:19,Seattle Full timeout
401320673,4,4:42,Los Angeles Full timeout
401320673,4,40.5,Seattle Full timeout
401320674,1,4:26,Official timeout
401320674,1,3:25,Atlanta Full timeout
401320674,2,5:43,Connecticut Full timeout
401320674,2,2:38,Atlanta Full timeout
401320674,2,2:29,Connecticut Full timeout
401320674,2,34.5,Atlanta 20 Sec. timeout
401320674,3,4:57,Connecticut Full timeout
401320674,4,6:33,Connecticut Full timeout
401320674,4,4:13,Connecticut Full timeout
401320674,4,52.3,Atlanta Full timeout
401320674,4,50.3,Atlanta 20 Sec. timeout
401320674,4,45.7,Connecticut 20 Sec. timeout
401320675,1,4:25,Official timeout
401320675,2,7:22,New York Full timeout
401320675,2,3:43,Indiana Full timeout
401320675,3,6:03,Indiana Full timeout
401320675,3,3:48,New York 20 Sec. timeout
401320675,4,5:57,Official timeout
401320675,4,2:45,New York Full timeout
401320675,4,2:10,New York 20 Sec. timeout
401320675,4,54.8,Indiana Full timeout
401320676,1,4:56,Official timeout
401320676,2,5:46,Phoenix Full timeout
401320676,2,2:45,Phoenix Full timeout
401320676,3,5:39,Seattle Full timeout
401320676,3,3:54,Phoenix Full timeout
401320676,4,5:43,Official timeout
401320676,4,2:56,Phoenix Full timeout
401320676,4,29.0,Phoenix 20 Sec. timeout
401320676,4,28.0,Seattle 20 Sec. timeout
401320676,4,19.1,Seattle 20 Sec. timeout
401320677,1,5:09,Las Vegas Full timeout
401320677,2,6:45,Minnesota Full timeout
401320677,2,2:20,Minnesota Full timeout
401320677,3,4:25,Minnesota Full timeout
401320677,4,4:33,Official timeout
401320677,4,2:16,Official timeout
401320678,1,4:59,Official timeout
401320678,1,1:30,Chicago Full timeout
401320678,2,7:34,Washington Full timeout
401320678,2,2:34,Chicago Full timeout
401320678,3,3:32,Official timeout
401320678,4,5:48,Washington Full timeout
401320678,4,2:18,Chicago Full timeout
401320678,4,1:03,Washington 20 Sec. timeout
401320678,4,37.0,Washington 20 Sec. timeout
401320678,4,4.0,Washington Full timeout
401320678,5,21.8,Chicago Full timeout
401320678,5,14.2,Washington Full timeout
401320679,1,4:16,Official timeout
401320679,2,5:12,Dallas Full timeout
401320679,2,1:32,Las Vegas Full timeout
401320679,2,42.7,Dallas Full timeout
401320679,3,6:45,Dallas Full timeout
401320679,3,1:57,Dallas Full timeout
401320679,4,5:39,Official timeout
401320679,4,2:59,Las Vegas Full timeout
401320680,1,3:33,New York Full timeout
401320680,2,5:41,Official timeout
401320680,2,2:33,Connecticut Full timeout
401320680,3,9:07,New York 20 Sec. timeout
401320680,3,7:17,Connecticut 20 Sec. timeout
401320680,3,5:36,New York Full timeout
401320680,3,2:01,New York 20 Sec. timeout
401320680,4,5:57,Official timeout
401320680,4,2:49,Connecticut Full timeout
401320681,1,7:16,Indiana Full timeout
401320681,2,6:52,Atlanta Full timeout
401320681,2,2:47,Official timeout
401320681,3,3:26,Official timeout
401320681,4,8:01,Indiana Full timeout
401320681,4,6:15,Atlanta Full timeout
401320681,4,2:07,Indiana Full timeout
401320682,1,4:15,Official timeout
401320682,2,7:34,Phoenix Full timeout
401320682,2,5:49,Seattle Full timeout
401320682,2,24.1,Seattle Full timeout
401320682,3,4:59,Phoenix Full timeout
401320682,4,5:35,Official timeout
401320682,4,2:45,Seattle Full timeout
401320682,4,43.4,Phoenix Full timeout
401320682,4,10.6,Phoenix 20 Sec. timeout
401320683,1,5:56,Los Angeles Full timeout
401320683,1,3:32,Minnesota Full timeout
401320683,2,6:41,Minnesota Full timeout
401320683,2,2:29,Official timeout
401320683,2,1.7,Los Angeles 20 Sec. timeout
401320683,3,5:39,Los Angeles Full timeout
401320683,3,1:46,Los Angeles Full timeout
401320683,4,4:12,Official timeout
401320683,4,2:20,Minnesota Full timeout
401341447,1,7:27,Team WNBA Full timeout
401341447,2,4:25,Team USA Full timeout
401341447,2,1:41,Team USA Full timeout
401341447,3,4:23,Team USA Full timeout
401341447,4,5:37,Team WNBA Full timeout
401341447,4,2:41,Team WNBA Full timeout
401341447,4,36.2,Team USA Full timeout
401353913,1,4:57,Official timeout
401353913,1,3:40,Seattle Full timeout
401353913,1,2:03,Connecticut Full timeout
401353913,2,5:45,Seattle Full timeout
401353913,2,1:36,Connecticut Full timeout
401353913,3,7:01,Connecticut Full timeout
401353913,3,57.9,Connecticut 20 Sec. timeout
401353913,4,5:19,Official timeout
401353913,4,2:33,Seattle Full timeout
401320684,1,6:55,Chicago Full timeout
401320684,1,3:04,Seattle Full timeout
401320684,2,5:17,Official timeout
401320684,2,4:08,Seattle Full timeout
401320684,2,1:02,Chicago Full timeout
401320684,3,4:41,Official timeout
401320684,4,6:44,Seattle Full timeout
401320684,4,4:00,Chicago Full timeout
401320684,4,1:11,Seattle Full timeout
401320684,4,8.2,Chicago Full timeout
401320684,4,2.1,Chicago 20 Sec. timeout
401320684,5,1:06,Seattle Full timeout
401320684,5,23.7,Chicago 20 Sec. timeout
401320684,5,5.9,Seattle 20 Sec. timeout
401320685,1,3:39,Official timeout
401320685,2,4:59,Dallas Full timeout
401320685,2,3:20,Dallas Full timeout
401320685,2,39.7,Connecticut Full timeout
401320685,3,1:13,Dallas Full timeout
401320685,4,5:45,Connecticut Full timeout
401320685,4,2:59,Official timeout
401320685,4,1:34,Connecticut 20 Sec. timeout
401320686,1,4:49,Official timeout
401320686,2,5:53,Las Vegas Full timeout
401320686,2,2:09,Washington Full timeout
401320686,2,2.1,Las Vegas Full timeout
401320686,3,5:51,Las Vegas Full timeout
401320686,4,8:18,Washington Full timeout
401320686,4,1:50,Washington 20 Sec. timeout
401320686,4,1:50,Official timeout
401320686,4,38.3,Las Vegas 20 Sec. timeout
401320686,4,12.0,Las Vegas Full timeout
401320686,4,4.6,Washington Full timeout
401320687,1,4:13,Atlanta Full timeout
401320687,2,5:51,Official timeout
401320687,2,4:59,Atlanta Full timeout
401320687,2,3:43,Phoenix Full timeout
401320687,2,25.8,Phoenix Full timeout
401320687,3,4:37,Official timeout
401320687,4,5:50,Atlanta Full timeout
401320687,4,3:10,Phoenix Full timeout
401320687,4,1:23,Atlanta Full timeout
401320687,4,23.4,Atlanta 20 Sec. timeout
401320688,1,3:52,Official timeout
401320688,2,8:11,New York Full timeout
401320688,2,6:11,Minnesota Full timeout
401320688,2,3:49,Minnesota Full timeout
401320688,3,7:54,Minnesota Full timeout
401320688,4,4:59,Official timeout
401320688,4,2:58,New York Full timeout
401320688,4,1:30,New York 20 Sec. timeout
401320688,4,52.1,Minnesota 20 Sec. timeout
401320688,4,16.9,New York Full timeout
401320689,1,4:45,Indiana Full timeout
401320689,2,5:54,Official timeout
401320689,3,4:52,Official timeout
401320689,4,7:17,Los Angeles Full timeout
401320689,4,4:33,Indiana Full timeout
401320689,4,1:46,Indiana Full timeout
401320689,4,30.4,Los Angeles Full timeout
401320689,4,15.9,Indiana 20 Sec. timeout
401320690,1,4:34,Official timeout
401320690,1,2:37,Minnesota Full timeout
401320690,2,7:15,Connecticut Full timeout
401320690,2,4:17,Minnesota Full timeout
401320690,2,57.7,Connecticut Full timeout
401320690,3,7:28,Connecticut Full timeout
401320690,3,6:31,Minnesota Full timeout
401320690,4,6:09,Connecticut Full timeout
401320690,4,4:56,Minnesota 20 Sec. timeout
401320690,4,1:53,Official timeout
401320690,4,54.9,Minnesota 20 Sec. timeout
401320690,4,43.5,Connecticut 20 Sec. timeout
401320690,4,35.2,Minnesota Full timeout
401320691,1,4:36,Official timeout
401320691,1,1:13,Dallas Full timeout
401320691,2,5:32,Chicago Full timeout
401320691,2,2:58,Dallas Full timeout
401320691,3,4:49,Official timeout
401320691,4,7:19,Chicago Full timeout
401320691,4,6:32,Dallas Full timeout
401320691,4,2:41,Dallas Full timeout
401320691,4,30.8,Chicago Full timeout
401320691,4,22.7,Dallas 20 Sec. timeout
401320691,4,10.4,Chicago 20 Sec. timeout
401320692,1,8:46,Washington Full timeout
401320692,2,4:47,Official timeout
401320692,2,2:40,Official timeout
401320692,2,1.0,Washington Full timeout
401320692,3,6:48,Washington Full timeout
401320692,3,6:48,Official timeout
401320692,4,6:53,Washington 20 Sec. timeout
401320692,4,3:55,Official timeout
401320692,4,2:53,Official timeout
401320692,4,2:53,Las Vegas Full timeout
401320692,4,52.6,Washington 20 Sec. timeout
401320693,1,4:46,Official timeout
401320693,1,2:00,Phoenix Full timeout
401320693,2,6:55,Indiana Full timeout
401320693,2,3:33,Phoenix Full timeout
401320693,3,5:43,Indiana Full timeout
401320693,4,5:54,Official timeout
401320693,4,2:23,Phoenix Full timeout
401320693,4,55.0,Indiana Full timeout
401320693,4,32.9,Indiana 20 Sec. timeout
401320693,4,25.9,Phoenix Full timeout
401320693,4,7.6,Indiana 20 Sec. timeout
401320694,1,4:35,Official timeout
401320694,1,1:33,Atlanta Full timeout
401320694,2,5:54,Los Angeles Full timeout
401320694,2,3:58,Los Angeles Full timeout
401320694,3,6:13,Atlanta Full timeout
401320694,3,3:22,Los Angeles Full timeout
401320694,4,6:28,Los Angeles Full timeout
401320694,4,3:13,Atlanta Full timeout
401320694,4,52.8,Los Angeles 20 Sec. timeout
401320694,4,36.4,Atlanta 20 Sec. timeout
401320694,4,4.7,Los Angeles 20 Sec. timeout
401320694,5,2:13,Atlanta Full timeout
401320694,5,1:33,Atlanta 20 Sec. timeout
401320694,5,25.7,Los Angeles Full timeout
401320694,5,23.4,Atlanta 20 Sec. timeout
401320695,1,4:55,Official timeout
401320695,1,2:39,New York Full timeout
401320695,2,5:15,Seattle Full timeout
401320695,2,2:45,New York Full timeout
401320695,3,5:00,New York Full timeout
401320695,3,2:36,New York 20 Sec. timeout
401320695,4,8:53,Seattle Full timeout
401320695,4,2:47,Official timeout
401320695,4,17.6,Seattle Full timeout
401320695,4,3.9,New York Full timeout
401320695,4,2.6,Seattle 20 Sec. timeout
401320696,1,5:21,Minnesota Full timeout
401320696,2,7:59,Minnesota Full timeout
401320696,2,5:34,Connecticut Full timeout
401320696,3,6:04,Minnesota Full timeout
401320696,3,4:49,Minnesota Full timeout
401320696,3,3:43,Connecticut Full timeout
401320696,4,5:13,Official timeout
401320696,4,2:35,Minnesota 20 Sec. timeout
401320696,4,2:35,Connecticut Full timeout
401320696,4,1:39,Connecticut 20 Sec. timeout
401320696,4,6.9,Minnesota 20 Sec. timeout
401320697,1,4:59,Official timeout
401320697,2,7:10,Phoenix Full timeout
401320697,2,4:20,Washington Full timeout
401320697,3,4:31,Official timeout
401320697,3,2:20,Washington 20 Sec. timeout
401320697,4,6:16,Washington Full timeout
401320697,4,1:55,Official timeout
401320698,1,4:18,Los Angeles Full timeout
401320698,1,1:37,Atlanta Full timeout
401320698,2,4:43,Official timeout
401320698,2,2:50,Atlanta Full timeout
401320698,3,4:40,Official timeout
401320698,4,8:31,Los Angeles Full timeout
401320698,4,3:29,Atlanta Full timeout
401320698,4,1:16,Atlanta 20 Sec. timeout
401320698,4,25.6,Los Angeles Full timeout
401320698,4,0.1,Atlanta Full timeout
401320699,1,4:51,Official timeout
401320699,1,3:09,Seattle Full timeout
401320699,2,7:28,New York Full timeout
401320699,2,2:54,Seattle Full timeout
401320699,3,4:58,New York Full timeout
401320699,4,6:24,Seattle Full timeout
401320699,4,4:28,New York 20 Sec. timeout
401320699,4,2:21,Official timeout
401320700,1,5:19,Indiana Full timeout
401320700,2,5:53,Official timeout
401320700,2,5:06,Dallas Full timeout
401320700,3,4:53,Official timeout
401320700,3,2:49,Indiana Full timeout
401320700,4,8:46,Indiana Full timeout
401320700,4,4:55,Indiana 20 Sec. timeout
401320700,4,2:57,Dallas Full timeout
401320700,4,1:13,Dallas Full timeout
401320700,4,25.8,Indiana 20 Sec. timeout
401320700,4,7.2,Dallas 20 Sec. timeout
401320701,1,4:39,Official timeout
401320701,2,5:22,Atlanta Full timeout
401320701,2,3:45,Phoenix Full timeout
401320701,3,4:54,Official timeout
401320701,4,5:45,Atlanta Full timeout
401320701,4,4:56,Atlanta Full timeout
401320701,4,3:34,Atlanta 20 Sec. timeout
401320701,4,1:57,Phoenix Full timeout
401320701,4,1:18,Phoenix Full timeout
401320702,1,3:41,Official timeout
401320702,2,5:31,Chicago Full timeout
401320702,2,2:37,Minnesota Full timeout
401320702,2,1:36,Minnesota Full timeout
401320702,3,4:26,Official timeout
401320702,3,2:47,Minnesota Full timeout
401320702,4,5:11,Chicago Full timeout
401320702,4,3:25,Minnesota Full timeout
401320702,4,1:06,Chicago 20 Sec. timeout
401320702,4,46.4,Minnesota 20 Sec. timeout
401320702,4,13.9,Chicago Full timeout
401320703,1,6:36,New York Full timeout
401320703,2,5:54,Official timeout
401320703,2,2:59,Los Angeles Full timeout
401320703,3,8:18,New York 20 Sec. timeout
401320703,3,4:52,Los Angeles Full timeout
401320703,4,8:54,New York Full timeout
401320703,4,3:36,Los Angeles Full timeout
401320703,4,1:04,New York Full timeout
401320703,4,39.9,Los Angeles 20 Sec. timeout
401320703,4,27.4,New York 20 Sec. timeout
401320703,4,6.1,Los Angeles Full timeout
401320704,1,5:57,Seattle Full timeout
401320704,2,6:04,Washington Full timeout
401320704,2,1:50,Washington Full timeout
401320704,3,4:28,Official timeout
401320704,4,6:12,Seattle Full timeout
401320704,4,3:27,Seattle Full timeout
401320704,4,2:53,Washington Full timeout
401320704,4,1:18,Washington 20 Sec. timeout
401320704,4,33.8,Washington Full timeout
401320704,4,26.7,Washington 20 Sec. timeout
401320705,1,4:48,Official timeout
401320705,2,7:24,Minnesota Full timeout
401320705,2,4:15,Seattle Full timeout
401320705,3,4:22,Minnesota Full timeout
401320705,4,7:11,Minnesota Full timeout
401320705,4,5:50,Seattle Full timeout
401320705,4,51.5,Seattle 20 Sec. timeout
401320705,4,13.9,Minnesota 20 Sec. timeout
401320705,4,12.6,Seattle Full timeout
401320706,1,3:53,Atlanta Full timeout
401320706,2,6:38,Chicago Full timeout
401320706,2,2:49,Official timeout
401320706,3,3:26,Official timeout
401320706,4,5:42,Atlanta Full timeout
401320706,4,1:58,Atlanta Full timeout
401320706,4,52.0,Atlanta 20 Sec. timeout
401320706,4,9.7,Atlanta 20 Sec. timeout
401320707,1,4:43,Official timeout
401320707,2,5:40,Connecticut Full timeout
401320707,2,2:05,Las Vegas Full timeout
401320707,3,4:29,Las Vegas Full timeout
401320707,4,6:14,Connecticut Full timeout
401320707,4,3:25,Las Vegas Full timeout
401320708,1,7:44,Los Angeles Full timeout
401320708,2,9:02,Los Angeles Full timeout
401320708,2,3:02,Washington Full timeout
401320708,3,4:48,Official timeout
401320708,3,2:37,Los Angeles Full timeout
401320708,4,5:54,Washington Full timeout
401320708,4,3:38,Los Angeles Full timeout
401320709,1,7:24,New York Full timeout
401320709,2,5:32,Official timeout
401320709,2,2:20,Phoenix Full timeout
401320709,3,6:21,New York Full timeout
401320709,3,2:54,Phoenix Full timeout
401320709,4,5:29,Official timeout
401320709,4,3:05,New York Full timeout
401320709,4,1:38,Phoenix Full timeout
401320709,4,1:05,Phoenix 20 Sec. timeout
401320710,1,4:46,Official timeout
401320710,2,5:02,Atlanta Full timeout
401320710,2,2:48,Las Vegas Full timeout
401320710,3,6:14,Official timeout
401320710,4,5:43,Atlanta Full timeout
401320710,4,2:39,Las Vegas Full timeout
401320710,4,37.2,Atlanta Full timeout
401320710,4,7.9,Las Vegas 20 Sec. timeout
401320711,1,5:02,Los Angeles Full timeout
401320711,2,5:12,Official timeout
401320711,2,3:36,Connecticut Full timeout
401320711,2,36.5,Los Angeles Full timeout
401320711,3,4:42,Official timeout
401320711,4,5:31,Los Angeles Full timeout
401320711,4,3:15,Connecticut Full timeout
401320711,4,1:45,Connecticut 20 Sec. timeout
401320711,4,1:31,Los Angeles Full timeout
401320711,4,28.8,Connecticut Full timeout
401320711,4,13.1,Los Angeles 20 Sec. timeout
401320712,1,4:51,Official timeout
401320712,2,7:54,Dallas Full timeout
401320712,2,5:45,Washington Full timeout
401320712,2,2:17,Dallas Full timeout
401320712,3,7:42,Washington Full timeout
401320712,4,5:08,Official timeout
401320712,4,2:43,Dallas Full timeout
401320712,4,1:48,Washington 20 Sec. timeout
401320712,4,1:16,Dallas 20 Sec. timeout
401320712,4,8.6,Washington Full timeout
401320713,1,4:53,Official timeout
401320713,2,7:03,New York Full timeout
401320713,2,3:32,Phoenix Full timeout
401320713,2,41.5,Phoenix Full timeout
401320713,3,6:45,Phoenix Full timeout
401320713,3,2:20,Phoenix 20 Sec. timeout
401320713,4,8:13,New York Full timeout
401320713,4,3:05,New York 20 Sec. timeout
401320713,4,2:43,Official timeout
401320713,4,1:02,Phoenix 20 Sec. timeout
401320714,1,4:31,Official timeout
401320714,2,5:08,Seattle Full timeout
401320714,2,4:05,Chicago Full timeout
401320714,3,4:58,Official timeout
401320714,4,6:31,Seattle Full timeout
401320714,4,1:22,Chicago Full timeout
401320714,4,57.3,Seattle Full timeout
401320714,4,34.5,Seattle 20 Sec. timeout
401320715,1,4:37,Official timeout
401320715,1,1:48,Indiana Full timeout
401320715,2,5:31,Indiana Full timeout
401320715,2,2:37,Las Vegas Full timeout
401320715,3,5:42,Indiana Full timeout
401320715,4,6:17,Indiana Full timeout
401320715,4,2:58,Official timeout
401320715,4,55.3,Indiana 20 Sec. timeout
401320716,1,4:52,Official timeout
401320716,2,7:24,Connecticut Full timeout
401320716,2,4:22,Los Angeles Full timeout
401320716,3,6:47,Connecticut Full timeout
401320716,3,2:00,Los Angeles Full timeout
401320716,4,7:40,Los Angeles Full timeout
401320716,4,1:50,Official timeout
401320717,1,4:16,Official timeout
401320717,2,6:06,Washington Full timeout
401320717,2,2:41,Dallas Full timeout
401320717,2,1:57,Washington Full timeout
401320717,3,8:42,Dallas Full timeout
401320717,3,4:26,Dallas Full timeout
401320717,4,4:58,Official timeout
401320717,4,2:05,Washington Full timeout
401320717,4,1:17,Washington 20 Sec. timeout
401320717,4,28.4,Washington Full timeout
401320718,1,4:26,Official timeout
401320718,1,1:16,Chicago Full timeout
401320718,2,8:47,Seattle Full timeout
401320718,2,4:10,Seattle Full timeout
401320718,3,4:52,Official timeout
401320718,4,6:44,Seattle Full timeout
401320718,4,3:25,Chicago Full timeout
401320719,1,4:49,Official timeout
401320719,2,6:46,Indiana Full timeout
401320719,2,2:55,Los Angeles Full timeout
401320719,3,4:47,Official timeout
401320719,4,8:44,Los Angeles Full timeout
401320719,4,7:01,Indiana Full timeout
401320719,4,4:38,Indiana Full timeout
401320719,4,1:12,Los Angeles Full timeout
401320719,4,15.3,Los Angeles 20 Sec. timeout
401320720,1,3:58,Official timeout
401320720,2,8:51,Washington Full timeout
401320720,2,6:30,Connecticut Full timeout
401320720,2,1:00,Washington Full timeout
401320720,2,49.1,Connecticut Full timeout
401320720,3,4:55,Official timeout
401320720,3,1:34,Washington 20 Sec. timeout
401320720,4,6:16,Connecticut Full timeout
401320720,4,3:21,Connecticut 20 Sec. timeout
401320720,4,2:53,Washington Full timeout
401320721,1,4:54,Official timeout
401320721,2,5:29,Minnesota Full timeout
401320721,2,2:58,New York Full timeout
401320721,2,35.0,Minnesota Full timeout
401320721,3,8:27,Minnesota 20 Sec. timeout
401320721,3,4:07,Official timeout
401320721,4,6:39,Minnesota Full timeout
401320721,4,3:17,New York Full timeout
401320721,4,1:42,New York 20 Sec. timeout
401320721,4,23.3,Minnesota Full timeout
401320721,4,21.7,New York Full timeout
401320721,4,15.0,Minnesota 20 Sec. timeout
401320721,4,14.3,New York 20 Sec. timeout
401320722,1,4:15,Official timeout
401320722,2,5:58,Phoenix Full timeout
401320722,2,2:25,Phoenix Full timeout
401320722,3,8:44,Chicago Full timeout
401320722,4,5:22,Chicago Full timeout
401320722,4,2:14,Official timeout
401320723,1,6:20,Atlanta Full timeout
401320723,2,5:50,Dallas Full timeout
401320723,2,2:37,Official timeout
401320723,2,1:00,Atlanta Full timeout
401320723,3,4:46,Official timeout
401320723,4,6:11,Dallas Full timeout
401320723,4,4:19,Atlanta Full timeout
401320723,4,2:09,Dallas Full timeout
401320723,4,1:26,Dallas 20 Sec. timeout
401320723,4,54.9,Atlanta Full timeout
401320723,4,29.2,Dallas 20 Sec. timeout
401320723,4,0.6,Atlanta 20 Sec. timeout
401320724,1,5:04,Los Angeles Full timeout
401320724,2,7:46,Los Angeles Full timeout
401320724,2,2:22,Official timeout
401320724,3,6:38,Los Angeles Full timeout
401320724,4,5:42,Official timeout
401320724,4,2:36,Los Angeles Full timeout
401320724,4,25.7,Minnesota Full timeout
401320725,1,3:48,Official timeout
401320725,1,1:07,Chicago Full timeout
401320725,2,5:34,Chicago Full timeout
401320725,2,2:47,Official timeout
401320725,2,10.0,Las Vegas Full timeout
401320725,3,4:22,Las Vegas Full timeout
401320725,4,5:43,Official timeout
401320725,4,2:17,Official timeout
401320725,4,1:13,Chicago Full timeout
401320725,4,15.8,Chicago 20 Sec. timeout
401320726,1,4:14,Official timeout
401320726,1,52.7,Seattle Full timeout
401320726,2,5:37,Seattle Full timeout
401320726,2,2:54,New York Full timeout
401320726,3,5:52,Seattle Full timeout
401320726,4,6:23,New York Full timeout
401320726,4,3:18,New York 20 Sec. timeout
401320726,4,2:49,Official timeout
401320726,4,1:38,New York Full timeout
401320726,4,26.4,New York 20 Sec. timeout
401320727,1,4:43,Official timeout
401320727,2,7:05,Indiana Full timeout
401320727,2,2:31,Phoenix Full timeout
401320727,2,1:07,Phoenix Full timeout
401320727,3,7:34,Indiana Full timeout
401320727,3,1:27,Indiana Full timeout
401320727,4,5:11,Phoenix Full timeout
401320727,4,2:41,Official timeout
401320727,4,1:06,Indiana 20 Sec. timeout
401320728,1,4:58,Official timeout
401320728,2,8:58,Washington Full timeout
401320728,2,4:16,Washington Full timeout
401320728,2,26.3,Minnesota Full timeout
401320728,3,7:57,Minnesota Full timeout
401320728,4,8:07,Washington Full timeout
401320728,4,8:03,Washington 20 Sec. timeout
401320728,4,6:21,Washington 20 Sec. timeout
401320728,4,2:40,Official timeout
401320729,1,7:27,Chicago Full timeout
401320729,2,5:44,Official timeout
401320729,2,1:50,Las Vegas Full timeout
401320729,3,6:44,Chicago Full timeout
401320729,4,3:56,Official timeout
401320729,4,2:24,Las Vegas Full timeout
401320729,4,46.6,Las Vegas Full timeout
401320729,4,26.2,Las Vegas 20 Sec. timeout
401320729,4,10.7,Chicago 20 Sec. timeout
401320730,1,4:12,Dallas Full timeout
401320730,2,5:15,Official timeout
401320730,2,2:59,Atlanta Full timeout
401320730,2,1:17,Dallas Full timeout
401320730,3,4:46,Official timeout
401320730,4,6:39,Dallas Full timeout
401320730,4,2:51,Atlanta Full timeout
401320730,4,2:17,Atlanta 20 Sec. timeout
401320730,4,34.9,Dallas 20 Sec. timeout
401320731,1,6:39,Phoenix Full timeout
401320731,2,5:29,Official timeout
401320731,2,2:15,Indiana Full timeout
401320731,3,8:06,Indiana Full timeout
401320731,3,5:36,Indiana 20 Sec. timeout
401320731,4,5:07,Phoenix Full timeout
401320731,4,3:01,Phoenix 20 Sec. timeout
401320731,4,2:48,Official timeout
401320731,4,35.5,Indiana Full timeout
401320731,4,21.2,Phoenix 20 Sec. timeout
401320732,1,4:25,Dallas Full timeout
401320732,2,5:48,Official timeout
401320732,2,2:44,Connecticut Full timeout
401320732,3,7:44,Dallas Full timeout
401320732,3,4:32,Dallas 20 Sec. timeout
401320732,4,5:43,Official timeout
401320732,4,3:18,Connecticut Full timeout
401320733,1,6:51,Washington Full timeout
401320733,2,5:21,Washington Full timeout
401320733,2,2:55,Seattle Full timeout
401320733,2,27.7,Seattle Full timeout
401320733,3,6:04,Seattle Full timeout
401320733,4,4:40,Seattle Full timeout
401320733,4,1:41,Official timeout
401320734,1,4:53,Phoenix Full timeout
401320734,2,5:53,Official timeout
401320734,2,2:08,Phoenix Full timeout
401320734,3,7:02,Atlanta Full timeout
401320734,4,6:52,Phoenix Full timeout
401320734,4,2:46,Phoenix Full timeout
401320734,4,2:18,Atlanta 20 Sec. timeout
401320734,4,41.7,Atlanta Full timeout
401320734,4,33.9,Phoenix 20 Sec. timeout
401320734,4,3.8,Atlanta 20 Sec. timeout
401320735,1,3:08,Minnesota Full timeout
401320735,2,8:26,Minnesota Full timeout
401320735,2,5:12,Minnesota 20 Sec. timeout
401320735,2,2:39,Official timeout
401320735,2,19.8,Las Vegas Full timeout
401320735,3,6:08,Minnesota Full timeout
401320735,4,5:45,Official timeout
401320735,4,3:19,Minnesota Full timeout
401320736,1,5:32,Los Angeles Full timeout
401320736,2,5:45,Official timeout
401320736,2,2:37,Connecticut Full timeout
401320736,2,31.2,Los Angeles Full timeout
401320736,2,15.9,Connecticut Full timeout
401320736,3,5:52,Connecticut Full timeout
401320736,4,5:25,Official timeout
401320736,4,3:11,Connecticut Full timeout
401320737,1,4:36,Official timeout
401320737,2,3:23,Washington Full timeout
401320737,2,51.5,Atlanta Full timeout
401320737,3,4:43,Official timeout
401320737,3,2:42,Washington 20 Sec. timeout
401320737,4,4:18,Atlanta Full timeout
401320737,4,1:55,Washington Full timeout
401320737,4,57.5,Atlanta Full timeout
401320738,1,4:45,Official timeout
401320738,2,5:23,Indiana Full timeout
401320738,2,2:52,Minnesota Full timeout
401320738,3,5:44,Indiana Full timeout
401320738,4,5:44,Official timeout
401320738,4,5:15,Minnesota 20 Sec. timeout
401320738,4,2:08,Minnesota Full timeout
401320739,1,4:58,Official timeout
401320739,1,1:23,New York Full timeout
401320739,2,6:48,Dallas Full timeout
401320739,2,2:33,New York Full timeout
401320739,3,7:33,Dallas Full timeout
401320739,3,2:57,New York Full timeout
401320739,3,1:11,Dallas 20 Sec. timeout
401320739,4,5:00,New York Full timeout
401320739,4,5:00,Official timeout
401320739,4,2:45,Official timeout
401320739,4,38.0,New York 20 Sec. timeout
401320739,4,5.7,New York 20 Sec. timeout
401320740,1,1:49,Phoenix Full timeout
401320740,2,5:47,Official timeout
401320740,2,2:47,Connecticut Full timeout
401320740,3,4:57,Phoenix Full timeout
401320740,4,5:21,Connecticut Full timeout
401320740,4,2:44,Official timeout
401320740,4,1:41,Phoenix Full timeout
401320740,4,1:00,Connecticut 20 Sec. timeout
401320740,4,35.8,Phoenix 20 Sec. timeout
401320740,4,22.3,Connecticut Full timeout
401320740,4,10.9,Phoenix 20 Sec. timeout
401320741,1,4:59,Washington Full timeout
401320741,1,55.2,Chicago Full timeout
401320741,2,5:38,Official timeout
401320741,2,2:48,Chicago Full timeout
401320741,3,4:48,Official timeout
401320741,3,1:50,Washington 20 Sec. timeout
401320741,4,5:55,Chicago Full timeout
401320741,4,3:49,Washington Full timeout
401320741,4,55.7,Chicago 20 Sec. timeout
401320741,4,41.3,Chicago Full timeout
401320742,1,4:21,Official timeout
401320742,2,7:09,Indiana Full timeout
401320742,2,6:23,Minnesota Full timeout
401320742,2,23.7,Minnesota Full timeout
401320742,3,4:51,Minnesota Full timeout
401320742,4,8:32,Indiana Full timeout
401320742,4,5:08,Minnesota Full timeout
401320742,4,2:07,Indiana Full timeout
401320742,4,47.8,Indiana 20 Sec. timeout
401320743,1,4:32,Official timeout
401320743,1,2:14,Seattle Full timeout
401320743,2,7:23,Los Angeles Full timeout
401320743,2,2:48,Seattle Full timeout
401320743,3,4:47,Official timeout
401320743,4,8:37,Los Angeles Full timeout
401320743,4,3:51,Seattle Full timeout
401320744,1,4:42,Official timeout
401320744,2,8:11,Dallas Full timeout
401320744,2,3:32,Dallas Full timeout
401320744,2,1:26,Las Vegas Full timeout
401320744,3,4:37,Dallas Full timeout
401320744,4,5:27,Dallas Full timeout
401320744,4,2:23,Official timeout
401320744,4,1:17,Las Vegas 20 Sec. timeout
401320745,1,6:57,Atlanta Full timeout
401320745,2,5:37,Official timeout
401320745,2,4:05,Indiana Full timeout
401320745,3,4:54,Official timeout
401320745,3,4:37,Atlanta 20 Sec. timeout
401320745,4,7:49,Indiana Full timeout
401320745,4,3:45,Atlanta Full timeout
401320745,4,1:35,Atlanta Full timeout
401320745,4,1:07,Atlanta 20 Sec. timeout
401320745,4,52.9,Indiana Full timeout
401320745,4,33.2,Indiana 20 Sec. timeout
401320746,1,5:03,Connecticut Full timeout
401320746,2,8:19,New York Full timeout
401320746,2,2:47,Official timeout
401320746,2,1:37,Connecticut Full timeout
401320746,2,11.9,New York Full timeout
401320746,3,6:15,New York Full timeout
401320746,4,8:57,New York 20 Sec. timeout
401320746,4,5:47,Official timeout
401320746,4,3:40,New York Full timeout
401320747,1,7:24,Los Angeles Full timeout
401320747,2,8:18,Atlanta Full timeout
401320747,2,1:19,Atlanta Full timeout
401320747,2,6.6,Los Angeles Full timeout
401320747,3,4:36,Official timeout
401320747,3,2:30,Atlanta Full timeout
401320747,4,8:15,Los Angeles Full timeout
401320747,4,3:53,Los Angeles Full timeout
401320747,4,1:34,Atlanta Full timeout
401320747,4,55.4,Los Angeles 20 Sec. timeout
401320747,4,50.4,Atlanta 20 Sec. timeout
401320747,4,40.5,Los Angeles 20 Sec. timeout
401320747,4,33.7,Atlanta 20 Sec. timeout
401320748,1,4:19,Indiana Full timeout
401320748,2,5:48,Official timeout
401320748,2,2:29,Minnesota Full timeout
401320748,3,6:06,Indiana Full timeout
401320748,4,7:07,Indiana Full timeout
401320748,4,4:55,Minnesota Full timeout
401320748,4,1:40,Indiana 20 Sec. timeout
401320749,1,4:06,New York Full timeout
401320749,2,5:14,Official timeout
401320749,2,3:07,Washington Full timeout
401320749,2,37.2,Washington Full timeout
401320749,3,7:30,Washington Full timeout
401320749,3,5:39,New York 20 Sec. timeout
401320749,4,5:02,New York Full timeout
401320749,4,3:27,Washington Full timeout
401320749,4,3:27,Official timeout
401320749,4,20.4,New York Full timeout
401320749,4,18.4,Washington 20 Sec. timeout
401320750,1,3:44,Official timeout
401320750,2,8:25,Chicago Full timeout
401320750,2,2:13,Las Vegas Full timeout
401320750,3,6:33,Las Vegas Full timeout
401320750,3,1:39,Chicago Full timeout
401320750,4,5:45,Chicago Full timeout
401320750,4,1:34,Official timeout
401320751,1,6:55,Phoenix Full timeout
401320751,1,1:09,Seattle Full timeout
401320751,2,5:58,Official timeout
401320751,2,2:51,Seattle Full timeout
401320751,3,4:58,Official timeout
401320751,4,8:35,Phoenix Full timeout
401320751,4,5:31,Seattle Full timeout
401320751,4,1:25,Seattle Full timeout
401320751,4,1:09,Phoenix 20 Sec. timeout
401320751,4,1:05,Seattle 20 Sec. timeout
401320751,4,47.2,Phoenix Full timeout
401320752,1,8:08,Connecticut Full timeout
401320752,2,6:41,Official timeout
401320752,2,6:40,Official timeout
401320752,2,2:58,Connecticut Full timeout
401320752,3,4:58,Official timeout
401320752,4,6:03,Connecticut Full timeout
401320752,4,3:28,Atlanta Full timeout
401320753,1,4:39,Official timeout
401320753,2,5:28,Official timeout
401320753,2,1:57,Phoenix Full timeout
401320753,3,4:43,Official timeout
401320753,4,5:42,Phoenix Full timeout
401320753,4,2:57,Las Vegas Full timeout
401320753,4,1:11,Phoenix Full timeout
401320753,4,34.0,Las Vegas Full timeout
401320753,4,15.2,Las Vegas 20 Sec. timeout
401320753,4,4.3,Phoenix 20 Sec. timeout
401320753,4,4.3,Las Vegas 20 Sec. timeout
401320754,1,5:59,Washington Full timeout
401320754,2,5:53,Official timeout
401320754,2,3:57,Minnesota Full timeout
401320754,2,2:19,Minnesota Full timeout
401320754,2,45.0,Washington Full timeout
401320754,3,7:15,Washington Full timeout
401320754,4,5:33,Washington Full timeout
401320754,4,2:45,Official timeout
401320754,4,47.4,Minnesota Full timeout
401320754,4,27.5,Washington 20 Sec. timeout
401320755,1,8:08,Dallas 20 Sec. timeout
401320755,1,4:45,Official timeout
401320755,2,5:59,Dallas Full timeout
401320755,2,1:54,Los Angeles Full timeout
401320755,3,5:02,Dallas Full timeout
401320755,3,2:57,Los Angeles Full timeout
401320755,4,5:52,Dallas Full timeout
401320755,4,3:39,Los Angeles Full timeout
401320755,4,54.2,Dallas Full timeout
401320755,4,21.9,Los Angeles 20 Sec. timeout
401320755,4,6.9,Los Angeles 20 Sec. timeout
401320756,1,4:46,Official timeout
401320756,2,5:53,Chicago Full timeout
401320756,2,2:54,Indiana Full timeout
401320756,2,4.5,Chicago Full timeout
401320756,3,4:57,Official timeout
401320756,4,8:30,Indiana Full timeout
401320756,4,2:21,Chicago Full timeout
401370430,1,3:58,Official timeout
401370430,1,2:39,Dallas Full timeout
401370430,2,5:58,Chicago Full timeout
401370430,2,2:59,Dallas Full timeout
401370430,3,4:53,Official timeout
401370430,3,3:16,Chicago Full timeout
401370430,4,8:53,Dallas Full timeout
401370430,4,6:31,Dallas 20 Sec. timeout
401370430,4,2:27,Chicago Full timeout
401370431,1,4:39,New York Full timeout
401370431,1,1:13,Phoenix Full timeout
401370431,2,5:15,Phoenix Full timeout
401370431,2,53.3,Phoenix Full timeout
401370431,3,4:55,Official timeout
401370431,4,5:10,Official timeout
401370431,4,50.6,New York Full timeout
401370431,4,2.7,Phoenix Full timeout
401370431,4,2.7,New York 20 Sec. timeout
401370431,4,0.4,New York Full timeout
401370431,4,0.4,Phoenix 20 Sec. timeout
401370433,1,4:41,Official timeout
401370433,2,6:59,Seattle Full timeout
401370433,2,1:45,Phoenix Full timeout
401370433,3,4:35,Official timeout
401370433,4,7:49,Seattle Full timeout
401370433,4,2:26,Phoenix Full timeout
401370433,4,1:00,Phoenix Full timeout
401370433,4,38.7,Seattle Full timeout
401370433,4,12.5,Phoenix 20 Sec. timeout
401370433,5,1:08,Phoenix Full timeout
401370433,5,52.6,Seattle Full timeout
401370433,5,46.7,Phoenix 20 Sec. timeout
401370433,5,27.8,Seattle 20 Sec. timeout
401370433,5,15.8,Seattle 20 Sec. timeout
401370432,1,4:58,Official timeout
401370432,2,6:22,Minnesota Full timeout
401370432,2,2:44,Chicago Full timeout
401370432,3,4:26,Official timeout
401370432,4,8:43,Minnesota Full timeout
401370432,4,6:04,Minnesota 20 Sec. timeout
401370432,4,4:16,Chicago Full timeout
401370432,4,2:00,Minnesota Full timeout
401370432,4,52.6,Chicago 20 Sec. timeout
401370432,4,50.8,Minnesota 20 Sec. timeout
401370434,1,4:18,Connecticut Full timeout
401370434,2,5:50,Official timeout
401370434,2,2:54,Chicago Full timeout
401370434,2,2:08,Chicago Full timeout
401370434,2,41.0,Connecticut Full timeout
401370434,3,4:28,Official timeout
401370434,4,7:29,Connecticut Full timeout
401370434,4,2:45,Chicago Full timeout
401370434,4,1:09,Connecticut 20 Sec. timeout
401370434,4,50.6,Chicago Full timeout
401370434,4,24.7,Chicago 20 Sec. timeout
401370434,4,19.3,Connecticut Full timeout
401370434,5,46.4,Connecticut 20 Sec. timeout
401370434,5,25.1,Chicago 20 Sec. timeout
401370434,6,2:54,Connecticut 20 Sec. timeout
401370434,6,21.0,Connecticut Full timeout
401370434,6,13.7,Chicago 20 Sec. timeout
401370434,6,12.8,Connecticut 20 Sec. timeout
401370435,2,6:21,Phoenix Full timeout
401370435,2,2:49,Official timeout
401370435,2,16.7,Las Vegas Full timeout
401370435,3,4:58,Official timeout
401370435,4,5:14,Official timeout
401370435,4,3:45,Phoenix Full timeout
401370435,4,1:19,Phoenix Full timeout
401370435,4,8.7,Las Vegas 20 Sec. timeout
401370435,4,8.7,Las Vegas 20 Sec. timeout
401370435,4,5.7,Phoenix 20 Sec. timeout
401370436,1,8:37,Connecticut Full timeout
401370436,2,5:10,Official timeout
401370436,2,2:57,Chicago Full timeout
401370436,3,5:37,Official timeout
401370436,4,5:39,Connecticut Full timeout
401370436,4,2:48,Chicago Full timeout
401370436,4,50.7,Connecticut 20 Sec. timeout
401370437,1,6:57,Las Vegas Full timeout
401370437,2,5:46,Official timeout
401370437,2,5:13,Phoenix Full timeout
401370437,2,3:00,Phoenix Full timeout
401370437,3,4:46,Official timeout
401370437,4,6:25,Las Vegas Full timeout
401370437,4,2:40,Phoenix Full timeout
401370439,1,4:22,Official timeout
401370439,2,5:27,Chicago Full timeout
401370439,2,2:05,Connecticut Full timeout
401370439,3,4:37,Official timeout
401370439,4,5:34,Connecticut Full timeout
401370439,4,3:28,Connecticut Full timeout
401370439,4,1:09,Chicago Full timeout
401370439,4,42.8,Chicago 20 Sec. timeout
401370439,4,31.3,Connecticut 20 Sec. timeout
401370439,4,16.8,Chicago 20 Sec. timeout
401370439,4,8.2,Connecticut 20 Sec. timeout
401370438,1,3:51,Official timeout
401370438,2,5:17,Phoenix Full timeout
401370438,2,3:25,Las Vegas Full timeout
401370438,3,4:08,Official timeout
401370438,4,6:36,Phoenix Full timeout
401370438,4,2:54,Phoenix Full timeout
401370441,1,7:43,Connecticut Full timeout
401370441,1,2:59,Chicago Full timeout
401370441,2,5:30,Official timeout
401370441,2,2:44,Chicago Full timeout
401370441,2,2.6,Chicago 20 Sec. timeout
401370441,3,6:01,Connecticut Full timeout
401370441,3,3:19,Chicago Full timeout
401370441,4,5:22,Official timeout
401370441,4,3:03,Connecticut Full timeout
401370441,4,1:10,Connecticut 20 Sec. timeout
401370440,1,9:21,Phoenix Full timeout
401370440,2,4:41,Official timeout
401370440,2,2:45,Las Vegas Full timeout
401370440,3,8:03,Phoenix Full timeout
401370440,3,4:46,Phoenix 20 Sec. timeout
401370440,4,5:10,Official timeout
401370440,4,3:22,Las Vegas Full timeout
401370440,4,1:32,Phoenix 20 Sec. timeout
401370442,1,4:01,Las Vegas Full timeout
401370442,2,7:15,Phoenix Full timeout
401370442,2,2:04,Official timeout
401370442,3,7:03,Phoenix Full timeout
401370442,3,4:03,Las Vegas 20 Sec. timeout
401370442,4,7:31,Las Vegas Full timeout
401370442,4,2:27,Official timeout
401370442,4,1:12,Las Vegas 20 Sec. timeout
401370442,4,4.8,Las Vegas Full timeout
401370395,1,4:22,Official timeout
401370395,1,4:22,Official timeout
401370395,2,6:04,Phoenix Full timeout
401370395,2,2:53,Chicago Full timeout
401370395,3,9:11,Phoenix Full timeout
401370395,3,3:14,Phoenix 20 Sec. timeout
401370395,4,6:27,Phoenix Full timeout
401370395,4,2:20,Chicago Full timeout
401370396,1,4:06,Official timeout
401370396,1,2:04,Phoenix Full timeout
401370396,1,43.3,Chicago Full timeout
401370396,2,5:52,Phoenix Full timeout
401370396,2,2:57,Chicago Full timeout
401370396,3,5:44,Phoenix Full timeout
401370396,3,2:04,Chicago Full timeout
401370396,4,5:57,Official timeout
401370396,4,2:44,Chicago Full timeout
401370396,4,1:56,Phoenix 20 Sec. timeout
401370396,4,27.4,Chicago 20 Sec. timeout
401370396,4,14.1,Phoenix 20 Sec. timeout
401370396,4,10.3,Chicago 20 Sec. timeout
401370396,4,4.4,Phoenix Full timeout
401370396,5,3:47,Chicago 20 Sec. timeout
401370396,5,31.0,Phoenix Full timeout
401370396,5,12.8,Chicago Full timeout
401370397,1,4:08,Official timeout
401370397,2,7:20,Phoenix Full timeout
401370397,2,2:40,Chicago Full timeout
401370397,3,4:26,Phoenix Full timeout
401370397,3,55.9,Phoenix 20 Sec. timeout
401370397,4,5:54,Official timeout
401370397,4,3:40,Chicago Full timeout
401370398,1,3:13,Official timeout
401370398,2,5:51,Chicago Full timeout
401370398,2,4:02,Phoenix Full timeout
401370398,2,58.2,Chicago Full timeout
401370398,2,5.6,Phoenix Full timeout
401370398,3,4:41,Official timeout
401370398,3,2:04,Phoenix Full timeout
401370398,4,5:25,Chicago Full timeout
401370398,4,2:48,Phoenix Full timeout
401370398,4,1:22,Phoenix 20 Sec. timeout
401370398,4,45.8,Phoenix 20 Sec. timeout
401370398,4,41.7,Chicago 20 Sec. timeout
401430482,1,4:51,Official timeout
401430482,2,6:00,Sun Full timeout
401430482,2,2:32,Dream Full timeout
401430482,3,4:41,Official timeout
401430482,3,2:18,Sun Full timeout
401430482,4,7:36,Dream Full timeout
401430482,4,4:47,Sun Full timeout
401430482,4,59.6,Dream 20 Sec. timeout
401430483,1,4:11,Official timeout
401430483,2,8:57,Lynx Full timeout
401430483,2,3:52,Aces Full timeout
401430483,3,7:00,Aces Full timeout
401430483,3,4:30,Lynx Full timeout
401430483,4,6:41,Aces Full timeout
401430483,4,3:35,Aces 20 Sec. timeout
401430483,4,2:27,Official timeout
401430483,4,1:20,Lynx Full timeout
401430483,4,12.0,Aces 20 Sec. timeout
401430484,1,6:31,Fever Full timeout
401430484,2,2:09,Wings Full timeout
401430484,3,4:42,Official timeout
401430484,4,8:17,Wings Full timeout
401430484,4,5:26,Fever Full timeout
401430484,4,2:57,Fever Full timeout
401391650,1,4:36,Official timeout
401391650,1,2:45,Fever Full timeout
401391650,2,5:57,Mystics Full timeout
401391650,2,2:41,Fever Full timeout
401391650,3,4:42,Official timeout
401391650,4,7:22,Mystics Full timeout
401391650,4,3:24,Fever Full timeout
401391650,4,1:50,Mystics 20 Sec. timeout
401391650,4,1:06,Fever Full timeout
401391651,1,6:27,Sparks Full timeout
401391651,2,5:53,Official timeout
401391651,2,2:36,Sparks Full timeout
401391651,2,15.3,Sky Full timeout
401391651,3,5:10,Sparks Full timeout
401391651,3,3:04,Sky Full timeout
401391651,4,5:03,Official timeout
401391651,4,3:47,Sparks Full timeout
401391651,4,55.4,Sparks 20 Sec. timeout
401391651,4,11.4,Sparks 20 Sec. timeout
401391651,4,6.7,Sky 20 Sec. timeout
401391651,4,1.5,Sky Full timeout
401391651,5,1:08,Sparks Full timeout
401391651,5,37.3,Sky Full timeout
401391651,5,27.3,Sky 20 Sec. timeout
401391652,1,6:00,Mercury Full timeout
401391652,1,3:13,Aces Full timeout
401391652,2,5:59,Official timeout
401391652,2,2:37,Aces Full timeout
401391652,3,6:48,Aces Full timeout
401391652,3,2:28,Mercury 20 Sec. timeout
401391652,4,7:01,Aces Full timeout
401391652,4,4:02,Mercury 20 Sec. timeout
401391652,4,2:54,Official timeout
401391652,4,2:26,Aces 20 Sec. timeout
401391653,1,4:10,Official timeout
401391653,2,8:16,Lynx Full timeout
401391653,2,6:01,Lynx Full timeout
401391653,3,8:26,Lynx Full timeout
401391653,3,3:06,Storm Full timeout
401391653,4,5:55,Official timeout
401391653,4,4:16,Lynx Full timeout
401391654,1,6:02,Liberty Full timeout
401391654,2,5:59,Official timeout
401391654,2,2:42,Sun Full timeout
401391654,2,1:37,Sun Full timeout
401391654,3,4:19,Official timeout
401391654,3,1:51,Liberty Full timeout
401391654,4,5:37,Sun Full timeout
401391654,4,2:11,Liberty Full timeout
401391654,4,24.4,Sun Full timeout
401391654,4,12.6,Sun 20 Sec. timeout
401391654,4,5.1,Sun 20 Sec. timeout
401391655,1,4:33,Official timeout
401391655,1,1:22,Wings Full timeout
401391655,2,5:41,Wings Full timeout
401391655,2,2:53,Dream Full timeout
401391655,3,4:57,Official timeout
401391655,4,6:59,Wings Full timeout
401391655,4,4:26,Dream Full timeout
401391656,1,3:57,Official timeout
401391656,2,5:49,Fever Full timeout
401391656,2,3:19,Fever Full timeout
401391656,3,4:49,Official timeout
401391656,4,5:22,Fever Full timeout
401391656,4,2:57,Sparks Full timeout
401391656,4,1:07,Fever Full timeout
401391656,4,58.9,Fever 20 Sec. timeout
401391658,1,8:34,Mystics Full timeout
401391658,2,9:01,Lynx Full timeout
401391658,2,5:54,Lynx Full timeout
401391658,2,3:28,Lynx 20 Sec. timeout
401391658,3,4:48,Official timeout
401391658,4,5:17,Lynx Full timeout
401391658,4,2:43,Mystics Full timeout
401391658,4,1:46,Mystics 20 Sec. timeout
401391657,1,3:39,Aces Full timeout
401391657,2,5:53,Aces Full timeout
401391657,2,2:08,Official timeout
401391657,2,1:48,Storm Full timeout
401391657,3,4:15,Official timeout
401391657,3,2:24,Official timeout
401391657,4,8:45,Storm Full timeout
401391657,4,5:32,Storm Full timeout
401391657,4,4:31,Aces Full timeout
401391657,4,1:48,Storm Full timeout
401391659,1,4:41,Official timeout
401391659,1,3:15,Mystics Full timeout
401391659,2,8:00,Aces Full timeout
401391659,2,2:54,Mystics Full timeout
401391659,3,7:39,Aces Full timeout
401391659,3,4:03,Aces Full timeout
401391659,4,6:21,Aces Full timeout
401391659,4,5:55,Official timeout
401391659,4,2:50,Mystics Full timeout
401391660,1,4:41,Official timeout
401391660,2,8:25,Lynx Full timeout
401391660,2,6:44,Lynx Full timeout
401391660,2,2:51,Fever Full timeout
401391660,3,6:43,Fever Full timeout
401391660,3,1:00,Lynx Full timeout
401391660,4,5:47,Official timeout
401391660,4,2:57,Lynx Full timeout
401391660,4,24.0,Lynx 20 Sec. timeout
401391660,4,18.9,Lynx 20 Sec. timeout
401391661,1,4:55,Official timeout
401391661,2,5:21,Dream Full timeout
401391661,2,5:00,Dream Full timeout
401391661,2,1:41,Sparks Full timeout
401391661,3,5:12,Sparks Full timeout
401391661,3,28.2,Sparks Full timeout
401391661,4,5:50,Dream Full timeout
401391661,4,1:39,Sparks Full timeout
401391661,4,27.8,Dream Full timeout
401391661,4,16.3,Sparks Full timeout
401391662,1,4:52,Official timeout
401391662,2,7:08,Liberty Full timeout
401391662,2,1:30,Sky Full timeout
401391662,2,7.7,Liberty Full timeout
401391662,3,4:54,Liberty Full timeout
401391662,4,5:41,Liberty Full timeout
401391662,4,3:53,Liberty 20 Sec. timeout
401391662,4,2:52,Official timeout
401391662,4,2:18,Liberty 20 Sec. timeout
401391663,1,5:16,Storm Full timeout
401391663,2,5:59,Official timeout
401391663,2,4:00,Storm Full timeout
401391663,3,6:23,Storm Full timeout
401391663,3,3:16,Mercury Full timeout
401391663,4,5:56,Official timeout
401391663,4,2:39,Mercury Full timeout
401391663,4,55.6,Storm Full timeout
401391664,1,6:55,Wings Full timeout
401391664,2,4:36,Official timeout
401391664,2,2:31,Mystics Full timeout
401391664,2,13.1,Mystics Full timeout
401391664,3,4:00,Official timeout
401391664,4,5:54,Wings Full timeout
401391664,4,2:39,Mystics Full timeout
401391664,4,35.5,Mystics Full timeout
401391665,1,4:59,Dream Full timeout
401391665,2,7:25,Aces Full timeout
401391665,2,1:56,Official timeout
401391665,3,4:47,Official timeout
401391665,3,24.9,Dream Full timeout
401391665,4,5:32,Aces Full timeout
401391665,4,3:39,Aces 20 Sec. timeout
401391665,4,2:54,Dream Full timeout
401391666,1,4:58,Official timeout
401391666,2,7:24,Fever Full timeout
401391666,2,5:30,Liberty Full timeout
401391666,2,2:57,Fever Full timeout
401391666,3,5:04,Liberty Full timeout
401391666,3,3:20,Fever Full timeout
401391666,4,5:32,Fever Full timeout
401391666,4,2:38,Official timeout
401391666,4,2:18,Liberty 20 Sec. timeout
401391666,4,20.2,Liberty Full timeout
401391666,4,14.4,Fever 20 Sec. timeout
401391666,4,6.4,Liberty 20 Sec. timeout
401391666,5,1:00,Fever Full timeout
401391666,5,24.9,Liberty Full timeout
401391666,5,19.2,Fever 20 Sec. timeout
401391666,5,14.4,Liberty 20 Sec. timeout
401391667,1,4:48,Official timeout
401391667,2,7:20,Storm Full timeout
401391667,2,1:37,Mercury Full timeout
401391667,3,5:21,Storm Full timeout
401391667,4,5:22,Storm Full timeout
401391667,4,2:17,Storm 20 Sec. timeout
401391667,4,2:17,Official timeout
401391667,4,1:10,Mercury 20 Sec. timeout
401391667,4,32.4,Storm 20 Sec. timeout
401391667,4,26.9,Mercury Full timeout
401391667,4,26.9,Mercury Full timeout
401391667,4,16.1,Mercury 20 Sec. timeout
401391668,1,7:54,Sparks Full timeout
401391668,1,3:55,Sun Full timeout
401391668,2,5:26,Official timeout
401391668,2,2:40,Sun Full timeout
401391668,3,8:46,Sun Full timeout
401391668,3,2:52,Sparks Full timeout
401391668,4,5:33,Official timeout
401391668,4,2:23,Sparks Full timeout
401391669,1,5:25,Lynx Full timeout
401391669,2,8:22,Lynx Full timeout
401391669,2,2:50,Official timeout
401391669,3,7:25,Lynx Full timeout
401391669,4,9:10,Sky Full timeout
401391669,4,7:23,Lynx Full timeout
401391669,4,2:32,Lynx 20 Sec. timeout
401391669,4,37.7,Lynx 20 Sec. timeout
401391669,4,32.0,Sky 20 Sec. timeout
401391670,1,4:32,Liberty Full timeout
401391670,2,6:48,Wings Full timeout
401391670,2,4:56,Liberty Full timeout
401391670,3,4:51,Official timeout
401391670,3,1:49,Liberty Full timeout
401391670,4,6:17,Liberty Full timeout
401391670,4,5:27,Wings Full timeout
401391670,4,1:35,Liberty 20 Sec. timeout
401391670,4,1:20,Wings Full timeout
401391671,1,4:57,Official timeout
401391671,2,5:52,Fever Full timeout
401391671,2,4:07,Dream Full timeout
401391671,2,1:32,Fever Full timeout
401391671,3,7:16,Fever Full timeout
401391671,3,4:21,Dream Full timeout
401391671,4,5:37,Official timeout
401391671,4,1:45,Dream Full timeout
401391671,4,55.3,Fever Full timeout
401391671,4,47.2,Dream 20 Sec. timeout
401391671,4,20.0,Fever 20 Sec. timeout
401391671,4,11.9,Fever 20 Sec. timeout
401391672,1,6:20,Sun Full timeout
401391672,1,1:17,Liberty Full timeout
401391672,2,9:09,Liberty Full timeout
401391672,2,5:08,Liberty 20 Sec. timeout
401391672,2,2:30,Official timeout
401391672,2,28.7,Sun Full timeout
401391672,3,4:37,Official timeout
401391672,3,59.1,Liberty Full timeout
401391672,4,5:47,Liberty Full timeout
401391672,4,3:58,Sun Full timeout
401391673,1,8:03,Fever Full timeout
401391673,2,5:28,Dream Full timeout
401391673,2,2:06,Official timeout
401391673,2,51.8,Fever Full timeout
401391673,3,8:19,Dream Full timeout
401391673,4,8:00,Fever Full timeout
401391673,4,3:03,Fever Full timeout
401391673,4,1:50,Fever 20 Sec. timeout
401391674,1,6:14,Mystics Full timeout
401391674,1,3:22,Mystics Full timeout
401391674,1,9.0,Wings Full timeout
401391674,2,5:17,Official timeout
401391674,2,1:47,Wings Full timeout
401391674,3,8:35,Wings Full timeout
401391674,3,1:06,Wings Full timeout
401391674,4,5:16,Mystics Full timeout
401391674,4,2:48,Official timeout
401391674,4,1:36,Mystics 20 Sec. timeout
401391675,1,4:16,Official timeout
401391675,1,3:07,Aces Full timeout
401391675,2,5:16,Official timeout
401391675,2,2:47,Official timeout
401391675,3,7:13,Mercury Full timeout
401391675,4,5:46,Official timeout
401391675,4,4:32,Aces Full timeout
401391676,1,5:33,Lynx Full timeout
401391676,2,5:55,Official timeout
401391676,2,2:45,Sparks Full timeout
401391676,2,1:21,Lynx Full timeout
401391676,3,4:50,Official timeout
401391676,4,5:37,Sparks Full timeout
401391676,4,2:47,Lynx Full timeout
401391676,4,1:14,Sparks Full timeout
401391676,4,53.3,Lynx 20 Sec. timeout
401391676,4,14.3,Lynx Full timeout
401391676,4,14.3,Lynx 20 Sec. timeout
401391676,4,2.1,Sparks 20 Sec. timeout
401391677,1,4:31,Official timeout
401391677,2,7:41,Sky Full timeout
401391677,2,5:31,Storm Full timeout
401391677,3,4:23,Official timeout
401391677,4,7:24,Storm Full timeout
401391677,4,1:36,Sky Full timeout
401391677,4,1:01,Storm Full timeout
401391677,4,9.1,Sky Full timeout
401391678,1,6:56,Lynx Full timeout
401391678,2,7:58,Lynx Full timeout
401391678,2,2:41,Official timeout
401391678,3,6:51,Aces Full timeout
401391678,4,5:49,Official timeout
401391678,4,3:49,Lynx Full timeout
401391678,4,3:26,Lynx 20 Sec. timeout
401391678,4,2:36,Lynx Full timeout
401391679,1,4:15,Official timeout
401391679,2,5:54,Official timeout
401391679,2,2:37,Official timeout
401391679,3,5:32,Mercury Full timeout
401391679,4,7:03,Wings Full timeout
401391679,4,2:50,Official timeout
401391679,4,1:02,Mercury Full timeout
401391679,4,27.3,Mercury Full timeout
401391680,1,4:35,Official timeout
401391680,2,7:04,Fever Full timeout
401391680,2,3:50,Sun Full timeout
401391680,2,1:20,Sun Full timeout
401391680,3,4:01,Official timeout
401391680,3,1:19,Fever Full timeout
401391680,4,4:52,Sun Full timeout
401391680,4,2:10,Official timeout
401391680,4,1:06,Sun 20 Sec. timeout
401391680,4,34.1,Fever Full timeout
401391680,4,23.8,Sun 20 Sec. timeout
401391680,4,22.2,Fever 20 Sec. timeout
401391681,1,4:30,Dream Full timeout
401391681,2,5:55,Official timeout
401391681,2,2:17,Mystics Full timeout
401391681,2,9.8,Mystics Full timeout
401391681,3,6:27,Mystics Full timeout
401391681,4,7:40,Official timeout
401391681,4,3:35,Dream Full timeout
401391681,4,54.0,Dream Full timeout
401391681,4,45.6,Mystics Full timeout
401391681,4,41.5,Dream Full timeout
401391682,1,5:52,Sparks Full timeout
401391682,2,6:12,Sparks Full timeout
401391682,2,5:28,Storm Full timeout
401391682,2,33.1,Storm Full timeout
401391682,3,4:03,Official timeout
401391682,3,2:36,Storm 20 Sec. timeout
401391682,4,5:39,Sparks Full timeout
401391682,4,2:56,Storm Full timeout
401391682,4,45.5,Sparks Full timeout
401391683,1,4:48,Official timeout
401391683,2,5:45,Official timeout
401391683,2,3:49,Aces Full timeout
401391683,3,5:48,Mercury Full timeout
401391683,3,3:33,Mercury Full timeout
401391683,4,6:42,Aces Full timeout
401391683,4,3:09,Aces Full timeout
401391684,1,5:34,Lynx Full timeout
401391684,2,5:56,Official timeout
401391684,2,2:33,Wings Full timeout
401391684,3,7:53,Lynx Full timeout
401391684,3,6:28,Lynx Full timeout
401391684,4,4:38,Official timeout
401391684,4,3:09,Lynx 20 Sec. timeout
401391684,4,2:17,Wings Full timeout
401391685,1,4:08,Fever Full timeout
401391685,2,5:56,Official timeout
401391685,2,2:56,Sun Full timeout
401391685,3,6:35,Fever Full timeout
401391685,4,6:18,Fever Full timeout
401391685,4,3:06,Fever 20 Sec. timeout
401391685,4,2:59,Official timeout
401391686,1,4:57,Official timeout
401391686,2,5:08,Sky Full timeout
401391686,2,2:45,Mystics Full timeout
401391686,3,7:39,Mystics Full timeout
401391686,4,8:16,Mystics 20 Sec. timeout
401391686,4,5:20,Official timeout
401391686,4,2:10,Sky Full timeout
401391686,4,38.9,Mystics 20 Sec. timeout
401391687,1,4:48,Aces Full timeout
401391687,1,2:00,Sparks Full timeout
401391687,2,6:50,Aces Full timeout
401391687,2,2:57,Official timeout
401391687,3,7:04,Sparks Full timeout
401391687,4,5:14,Aces Full timeout
401391687,4,41.9,Official timeout
401391688,1,4:50,Official timeout
401391688,2,5:45,Wings Full timeout
401391688,2,2:19,Sun Full timeout
401391688,3,6:28,Sun Full timeout
401391688,3,3:14,Sun Full timeout
401391688,4,5:49,Official timeout
401391688,4,2:45,Wings Full timeout
401391688,4,1:41,Sun 20 Sec. timeout
401391688,4,53.6,Wings Full timeout
401391689,1,6:18,Dream Full timeout
401391689,2,5:56,Mystics Full timeout
401391689,2,2:42,Official timeout
401391689,3,4:56,Official timeout
401391689,3,2:22,Dream Full timeout
401391689,4,6:32,Mystics Full timeout
401391689,4,2:42,Dream Full timeout
401391690,1,7:30,Fever Full timeout
401391690,2,5:54,Official timeout
401391690,2,2:31,Sky Full timeout
401391690,2,1:25,Sky Full timeout
401391690,3,7:56,Fever Full timeout
401391690,4,6:29,Fever Full timeout
401391690,4,2:15,Official timeout
401391690,4,1:15,Fever 20 Sec. timeout
401391690,4,37.0,Fever 20 Sec. timeout
401391691,1,4:40,Official timeout
401391691,1,1:37,Liberty Full timeout
401391691,2,8:02,Lynx Full timeout
401391691,2,4:12,Lynx Full timeout
401391691,2,58.0,Liberty Full timeout
401391691,3,4:35,Official timeout
401391691,3,2:54,Lynx 20 Sec. timeout
401391691,4,9:01,Lynx Full timeout
401391691,4,5:35,Liberty Full timeout
401391691,4,3:15,Liberty 20 Sec. timeout
401391691,4,1:42,Lynx 20 Sec. timeout
401391691,4,24.6,Liberty Full timeout
401391691,4,18.0,Lynx Full timeout
401391691,4,15.9,Liberty 20 Sec. timeout
401391692,1,4:34,Official timeout
401391692,2,7:12,Mercury Full timeout
401391692,2,4:00,Mercury Full timeout
401391692,3,6:12,Sparks Full timeout
401391692,4,5:52,Official timeout
401391692,4,2:29,Mercury Full timeout
401391692,4,41.8,Mercury Full timeout
401391692,4,27.1,Sparks 20 Sec. timeout
401391692,4,16.2,Mercury 20 Sec. timeout
401391692,4,9.4,Mercury 20 Sec. timeout
401391693,1,4:40,Wings Full timeout
401391693,2,8:08,Sun Full timeout
401391693,2,2:57,Official timeout
401391693,3,4:37,Wings Full timeout
401391693,3,1:48,Wings Full timeout
401391693,4,5:34,Official timeout
401391693,4,2:54,Sun Full timeout
401391694,1,6:07,Sparks Full timeout
401391694,2,6:02,Sparks Full timeout
401391694,2,1:51,Official timeout
401391694,3,6:07,Sparks Full timeout
401391694,3,4:18,Fever Full timeout
401391694,4,5:12,Fever Full timeout
401391694,4,2:55,Official timeout
401391694,4,1:22,Fever 20 Sec. timeout
401391694,4,1:00,Sparks Full timeout
401391694,4,20.1,Sparks 20 Sec. timeout
401391694,4,8.8,Sparks 20 Sec. timeout
401391695,1,4:19,Official timeout
401391695,1,55.7,Liberty Full timeout
401391695,2,6:01,Liberty Full timeout
401391695,2,2:50,Storm Full timeout
401391695,2,22.1,Storm Full timeout
401391695,3,6:25,Liberty Full timeout
401391695,3,4:16,Storm Full timeout
401391695,4,5:18,Official timeout
401391695,4,2:04,Storm Full timeout
401391695,4,36.1,Liberty Full timeout
401391695,4,19.8,Liberty 20 Sec. timeout
401391695,4,16.2,Storm 20 Sec. timeout
401391695,4,15.0,Liberty 20 Sec. timeout
401391695,4,4.8,Storm 20 Sec. timeout
401391695,5,1:37,Liberty 20 Sec. timeout
401391695,5,27.0,Liberty Full timeout
401391695,5,19.1,Storm 20 Sec. timeout
401391696,1,3:29,Official timeout
401391696,1,1:33,Aces Full timeout
401391696,2,5:34,Sky Full timeout
401391696,2,2:39,Aces Full timeout
401391696,3,4:25,Official timeout
401391696,3,2:56,Sky 20 Sec. timeout
401391696,3,2:02,Aces Full timeout
401391696,4,8:02,Aces Full timeout
401391696,4,4:34,Sky Full timeout
401391696,4,1:50,Aces 20 Sec. timeout
401391696,4,36.1,Aces 20 Sec. timeout
401391696,4,34.8,Sky Full timeout
401391697,1,4:26,Official timeout
401391697,2,7:12,Mystics Full timeout
401391697,2,3:27,Sun Full timeout
401391697,2,24.0,Sun Full timeout
401391697,3,4:44,Official timeout
401391697,3,2:20,Mystics 20 Sec. timeout
401391697,4,5:05,Sun Full timeout
401391697,4,3:04,Mystics Full timeout
401391697,4,1:19,Mystics 20 Sec. timeout
401391698,1,4:45,Official timeout
401391698,1,2:35,Mercury Full timeout
401391698,2,5:52,Mercury Full timeout
401391698,2,2:39,Dream Full timeout
401391698,3,4:20,Dream Full timeout
401391698,3,1:38,Dream Full timeout
401391698,4,5:31,Dream Full timeout
401391698,4,2:23,Dream Full timeout
401391699,1,4:37,Official timeout
401391699,1,2:50,Liberty Full timeout
401391699,2,6:10,Liberty Full timeout
401391699,2,3:50,Storm Full timeout
401391699,2,19.0,Storm Full timeout
401391699,3,5:10,Storm Full timeout
401391699,4,8:11,Liberty Full timeout
401391699,4,2:44,Liberty Full timeout
401391700,1,5:46,Lynx Full timeout
401391700,1,1:47,Sparks Full timeout
401391700,2,6:31,Lynx Full timeout
401391700,2,3:21,Lynx 20 Sec. timeout
401391700,2,2:10,Official timeout
401391700,2,12.4,Sparks Full timeout
401391700,3,4:41,Official timeout
401391700,4,6:57,Lynx Full timeout
401391700,4,4:35,Lynx Full timeout
401391700,4,1:12,Lynx 20 Sec. timeout
401391700,4,52.8,Sparks Full timeout
401391700,4,20.0,Sparks Full timeout
401391700,4,0.4,Sparks 20 Sec. timeout
401391701,1,4:45,Official timeout
401391701,2,4:54,Fever Full timeout
401391701,2,3:05,Mystics Full timeout
401391701,3,7:28,Fever Full timeout
401391701,3,2:58,Fever Full timeout
401391701,4,5:52,Fever 20 Sec. timeout
401391701,4,5:52,Official timeout
401391701,4,2:08,Mystics Full timeout
401391701,4,56.9,Mystics 20 Sec. timeout
401391701,4,25.9,Fever 20 Sec. timeout
401391702,1,6:03,Sky Full timeout
401391702,2,5:31,Official timeout
401391702,2,2:45,Mercury Full timeout
401391702,2,1:19,Sky Full timeout
401391702,3,5:52,Sky Full timeout
401391702,4,7:43,Mercury 20 Sec. timeout
401391702,4,5:38,Official timeout
401391702,4,2:53,Mercury Full timeout
401391702,4,9.0,Mercury Full timeout
401391702,4,2.8,Mercury 20 Sec. timeout
401391703,1,4:37,Official timeout
401391703,2,7:16,Sun Full timeout
401391703,2,4:52,Aces Full timeout
401391703,2,2:24,Sun Full timeout
401391703,3,9:28,Sun Full timeout
401391703,4,6:24,Sun Full timeout
401391703,4,3:58,Aces Full timeout
401391703,4,58.4,Aces Full timeout
401391703,4,54.3,Aces 20 Sec. timeout
401391704,1,4:44,Official timeout
401391704,2,9:05,Sparks Full timeout
401391704,2,2:08,Wings Full timeout
401391704,2,27.4,Sparks Full timeout
401391704,3,4:40,Wings Full timeout
401391704,4,7:45,Sparks Full timeout
401391704,4,3:00,Wings Full timeout
401391704,4,58.3,Wings 20 Sec. timeout
401391704,4,49.1,Sparks 20 Sec. timeout
401391704,4,19.3,Sparks 20 Sec. timeout
401391704,4,19.3,Sparks 20 Sec. timeout
401391704,4,5.5,Wings 20 Sec. timeout
401391705,1,4:49,Official timeout
401391705,2,6:07,Lynx Full timeout
401391705,2,4:15,Lynx Full timeout
401391705,2,1:31,Dream Full timeout
401391705,3,3:35,Official timeout
401391705,3,1:42,Lynx Full timeout
401391705,4,5:31,Dream Full timeout
401391705,4,3:12,Dream Full timeout
401391705,4,50.4,Lynx Full timeout
401391705,4,39.8,Dream Full timeout
401391705,4,37.3,Lynx Full timeout
401391705,4,18.9,Lynx Full timeout
401391706,1,8:30,Fever 20 Sec. timeout
401391706,1,3:23,Official timeout
401391706,2,9:00,Liberty Full timeout
401391706,2,2:13,Liberty Full timeout
401391706,3,6:26,Fever Full timeout
401391706,4,5:35,Official timeout
401391706,4,3:43,Fever Full timeout
401391707,1,5:45,Aces Full timeout
401391707,2,5:05,Official timeout
401391707,2,2:40,Sun Full timeout
401391707,2,1:31,Sun Full timeout
401391707,3,5:10,Aces Full timeout
401391707,3,1:56,Sun Full timeout
401391707,4,9:47,Aces Full timeout
401391707,4,5:32,Sun Full timeout
401391707,4,1:32,Aces 20 Sec. timeout
401391708,1,4:45,Official timeout
401391708,2,5:50,Mystics Full timeout
401391708,2,2:00,Liberty Full timeout
401391708,2,30.5,Mystics Full timeout
401391708,3,4:53,Official timeout
401391708,3,2:23,Liberty Full timeout
401391708,4,7:51,Mystics Full timeout
401391708,4,2:52,Liberty Full timeout
401391708,4,1:29,Liberty 20 Sec. timeout
401391708,4,56.1,Mystics Full timeout
401391708,4,24.6,Mystics 20 Sec. timeout
401391708,4,4.7,Mystics 20 Sec. timeout
401391709,1,6:44,Dream Full timeout
401391709,2,4:43,Sky Full timeout
401391709,2,2:52,Official timeout
401391709,2,16.4,Sky Full timeout
401391709,3,4:56,Official timeout
401391709,3,3:23,Dream Full timeout
401391709,4,6:07,Dream Full timeout
401391709,4,2:56,Sky Full timeout
401391709,4,50.1,Dream Full timeout
401391709,4,38.2,Dream 20 Sec. timeout
401391710,1,4:48,Official timeout
401391710,2,5:34,Official timeout
401391710,2,4:14,Mercury Full timeout
401391710,2,3:09,Sun Full timeout
401391710,2,1:44,Sun Full timeout
401391710,3,4:25,Official timeout
401391710,3,1:24,Sun Full timeout
401391710,4,5:41,Mercury Full timeout
401391710,4,2:31,Mercury 20 Sec. timeout
401391710,4,2:31,Sun Full timeout
401391710,4,5.3,Mercury Full timeout
401391710,4,1.4,Sun 20 Sec. timeout
401391711,1,3:53,Official timeout
401391711,2,5:06,Storm Full timeout
401391711,2,1:28,Wings Full timeout
401391711,2,34.0,Storm Full timeout
401391711,3,4:44,Official timeout
401391711,4,6:43,Storm Full timeout
401391711,4,3:23,Storm Full timeout
401391711,4,1:55,Storm 20 Sec. timeout
401391711,4,1:36,Wings 20 Sec. timeout
401391712,1,4:29,Official timeout
401391712,2,8:02,Liberty Full timeout
401391712,2,4:14,Lynx Full timeout
401391712,2,1:24,Liberty Full timeout
401391712,2,31.4,Lynx Full timeout
401391712,3,7:11,Liberty Full timeout
401391712,3,3:15,Lynx 20 Sec. timeout
401391712,4,7:36,Lynx Full timeout
401391712,4,6:09,Lynx 20 Sec. timeout
401391712,4,3:09,Liberty Full timeout
401391712,4,37.5,Liberty 20 Sec. timeout
401391712,4,26.2,Liberty 20 Sec. timeout
401391713,1,4:40,Official timeout
401391713,1,1:49,Dream Full timeout
401391713,2,5:52,Dream Full timeout
401391713,2,2:05,Fever Full timeout
401391713,2,40.8,Fever Full timeout
401391713,3,5:53,Fever Full timeout
401391713,3,2:25,Dream Full timeout
401391713,4,6:18,Dream Full timeout
401391713,4,4:24,Fever Full timeout
401391713,4,3:09,Fever 20 Sec. timeout
401391713,4,48.0,Dream Full timeout
401391713,4,29.0,Fever Full timeout
401391714,1,3:17,Official timeout
401391714,2,7:00,Sky Full timeout
401391714,2,2:45,Mystics Full timeout
401391714,2,22.5,Mystics Full timeout
401391714,2,1.6,Sky Full timeout
401391714,3,7:48,Mystics Full timeout
401391714,4,4:38,Sky Full timeout
401391714,4,2:50,Official timeout
401391714,4,59.1,Mystics 20 Sec. timeout
401391714,4,42.3,Sky Full timeout
401391714,4,39.7,Mystics Full timeout
401391715,1,4:47,Official timeout
401391715,2,5:49,Aces Full timeout
401391715,2,3:41,Wings Full timeout
401391715,2,1:11,Aces Full timeout
401391715,3,5:58,Wings Full timeout
401391715,3,4:45,Aces Full timeout
401391715,4,7:35,Wings 20 Sec. timeout
401391715,4,5:50,Official timeout
401391715,4,2:38,Aces Full timeout
401391715,4,37.2,Aces 20 Sec. timeout
401391716,1,4:55,Official timeout
401391716,2,6:53,Mercury Full timeout
401391716,2,5:04,Sparks Full timeout
401391716,2,42.5,Sparks Full timeout
401391716,2,16.8,Mercury Full timeout
401391716,3,3:46,Official timeout
401391716,4,5:48,Mercury Full timeout
401391716,4,3:10,Mercury 20 Sec. timeout
401391716,4,3:06,Sparks Full timeout
401391716,4,1:42,Sparks Full timeout
401391716,4,1:11,Mercury Full timeout
401391716,4,18.9,Sparks 20 Sec. timeout
401391717,1,4:39,Official timeout
401391717,1,2:11,Storm Full timeout
401391717,2,6:16,Storm Full timeout
401391717,2,4:19,Sun Full timeout
401391717,2,1:30,Storm 20 Sec. timeout
401391717,3,8:00,Sun Full timeout
401391717,3,2:05,Storm Full timeout
401391717,4,5:59,Storm Full timeout
401391717,4,2:32,Official timeout
401391717,4,41.2,Sun Full timeout
401391717,4,30.0,Storm 20 Sec. timeout
401391718,1,3:53,Official timeout
401391718,1,1:04,Lynx Full timeout
401391718,2,8:10,Liberty Full timeout
401391718,2,2:57,Lynx Full timeout
401391718,2,1:01,Liberty Full timeout
401391718,3,6:55,Lynx Full timeout
401391718,4,5:45,Official timeout
401391718,4,2:55,Liberty Full timeout
401391719,1,7:00,Dream Full timeout
401391719,2,7:37,Storm Full timeout
401391719,2,2:52,Official timeout
401391719,2,2.4,Dream Full timeout
401391719,3,6:48,Dream 20 Sec. timeout
401391719,3,4:34,Official timeout
401391719,3,2:37,Storm 20 Sec. timeout
401391719,4,7:11,Storm Full timeout
401391719,4,3:25,Dream Full timeout
401391719,4,49.0,Dream Full timeout
401391720,1,4:55,Official timeout
401391720,2,8:10,Fever Full timeout
401391720,2,1:38,Sun Full timeout
401391720,3,6:05,Sun Full timeout
401391720,3,3:12,Fever Full timeout
401391720,4,7:22,Fever Full timeout
401391720,4,4:30,Sun 20 Sec. timeout
401391720,4,2:54,Official timeout
401391721,1,6:42,Sky Full timeout
401391721,2,7:45,Mystics Full timeout
401391721,2,1:56,Official timeout
401391721,3,6:07,Sky Full timeout
401391721,3,1:11,Mystics 20 Sec. timeout
401391721,4,5:23,Official timeout
401391721,4,2:36,Mystics Full timeout
401391721,4,1:40,Mystics 20 Sec. timeout
401391721,4,1:21,Sky Full timeout
401391721,4,6.0,Sky 20 Sec. timeout
401391722,1,2:38,Official timeout
401391722,2,5:25,Sun Full timeout
401391722,2,2:06,Sky Full timeout
401391722,3,4:59,Official timeout
401391722,3,2:56,Sky Full timeout
401391722,4,8:44,Sun Full timeout
401391722,4,6:48,Sun 20 Sec. timeout
401391722,4,2:58,Official timeout
401391722,4,28.4,Sun 20 Sec. timeout
401391722,4,12.9,Sun Full timeout
401391723,1,4:57,Official timeout
401391723,1,3:03,Fever Full timeout
401391723,2,5:54,Fever Full timeout
401391723,2,2:54,Liberty Full timeout
401391723,3,7:17,Fever Full timeout
401391723,3,3:07,Liberty Full timeout
401391723,4,5:29,Fever Full timeout
401391723,4,2:48,Official timeout
401391724,1,4:56,Wings Full timeout
401391724,2,5:39,Storm Full timeout
401391724,2,2:34,Official timeout
401391724,2,29.2,Storm Full timeout
401391724,3,4:50,Official timeout
401391724,3,2:47,Wings Full timeout
401391724,4,8:33,Storm Full timeout
401391724,4,6:30,Wings 20 Sec. timeout
401391724,4,2:31,Wings Full timeout
401391724,4,48.7,Storm 20 Sec. timeout
401391724,4,40.7,Wings 20 Sec. timeout
401391724,4,12.9,Storm Full timeout
401391725,1,8:32,Lynx Full timeout
401391725,2,6:49,Mystics Full timeout
401391725,2,5:26,Lynx Full timeout
401391725,3,8:22,Mystics Full timeout
401391725,3,1:43,Lynx Full timeout
401391725,4,6:12,Lynx 20 Sec. timeout
401391725,4,5:59,Official timeout
401391725,4,3:40,Lynx Full timeout
401391725,4,2:04,Mystics 20 Sec. timeout
401391726,1,4:12,Official timeout
401391726,2,5:38,Official timeout
401391726,2,2:38,Dream Full timeout
401391726,3,7:27,Mercury Full timeout
401391726,4,8:41,Dream Full timeout
401391726,4,7:24,Mercury 20 Sec. timeout
401391726,4,3:44,Dream Full timeout
401391726,4,55.3,Mercury 20 Sec. timeout
401391726,4,21.4,Dream 20 Sec. timeout
401391726,4,7.6,Dream 20 Sec. timeout
401391727,1,5:01,Aces Full timeout
401391727,2,6:13,Sparks Full timeout
401391727,2,2:49,Official timeout
401391727,3,6:34,Sparks Full timeout
401391727,3,5:08,Sparks Full timeout
401391727,3,3:26,Aces Full timeout
401391727,4,5:58,Aces Full timeout
401391727,4,2:34,Aces Full timeout
401391728,1,4:56,Official timeout
401391728,2,6:38,Liberty Full timeout
401391728,2,2:09,Sky Full timeout
401391728,2,7.5,Liberty Full timeout
401391728,3,4:28,Official timeout
401391728,4,4:44,Liberty Full timeout
401391728,4,2:39,Sky Full timeout
401391728,4,1:02,Liberty Full timeout
401391728,4,34.5,Sky 20 Sec. timeout
401391728,4,19.8,Sky 20 Sec. timeout
401391728,4,7.8,Liberty 20 Sec. timeout
401391728,4,0.9,Liberty 20 Sec. timeout
401391729,1,4:59,Official timeout
401391729,2,5:49,Wings Full timeout
401391729,2,2:47,Storm Full timeout
401391729,3,5:38,Wings Full timeout
401391729,3,2:53,Wings 20 Sec. timeout
401391729,3,43.7,Storm 20 Sec. timeout
401391729,4,8:02,Storm Full timeout
401391729,4,3:21,Wings Full timeout
401391729,4,14.2,Wings 20 Sec. timeout
401391730,1,4:23,Official timeout
401391730,2,6:50,Mercury Full timeout
401391730,2,3:08,Mystics Full timeout
401391730,3,4:52,Official timeout
401391730,4,5:38,Mystics Full timeout
401391730,4,3:24,Mercury Full timeout
401391730,4,2:00,Mystics 20 Sec. timeout
401391730,4,1:02,Mercury 20 Sec. timeout
401391730,4,32.1,Mystics Full timeout
401391730,4,24.0,Mercury Full timeout
401391730,4,18.0,Mystics 20 Sec. timeout
401391730,5,1:52,Mystics 20 Sec. timeout
401391730,5,36.6,Mercury Full timeout
401391731,1,4:27,Official timeout
401391731,1,2:16,Fever Full timeout
401391731,2,5:05,Lynx Full timeout
401391731,2,2:40,Fever Full timeout
401391731,2,1:48,Lynx Full timeout
401391731,3,6:13,Fever Full timeout
401391731,3,2:48,Fever Full timeout
401391731,4,7:45,Fever 20 Sec. timeout
401391731,4,5:42,Official timeout
401391731,4,3:51,Lynx Full timeout
401391731,4,1:28,Lynx Full timeout
401391731,4,13.3,Lynx 20 Sec. timeout
401391732,1,4:16,Official timeout
401391732,2,5:58,Mystics Full timeout
401391732,2,2:50,Mercury Full timeout
401391732,2,3.4,Mystics Full timeout
401391732,3,6:09,Mercury Full timeout
401391732,3,3:42,Mystics 20 Sec. timeout
401391732,4,5:15,Official timeout
401391732,4,2:42,Mystics Full timeout
401391733,1,4:51,Official timeout
401391733,1,2:52,Storm Full timeout
401391733,2,7:20,Storm Full timeout
401391733,2,1:58,Lynx Full timeout
401391733,3,8:32,Lynx Full timeout
401391733,4,9:53,Storm 20 Sec. timeout
401391733,4,4:59,Lynx Full timeout
401391733,4,2:31,Official timeout
401391733,4,52.0,Storm Full timeout
401391734,1,7:40,Aces Full timeout
401391734,2,5:02,Official timeout
401391734,2,3:46,Wings Full timeout
401391734,3,8:25,Wings Full timeout
401391734,3,2:32,Wings Full timeout
401391734,4,5:32,Aces Full timeout
401391734,4,1:42,Aces Full timeout
401391734,4,35.1,Wings 20 Sec. timeout
401391735,1,5:00,Dream Full timeout
401391735,2,5:53,Official timeout
401391735,2,2:43,Sun Full timeout
401391735,3,8:00,Dream Full timeout
401391735,3,3:30,Dream Full timeout
401391735,4,5:31,Official timeout
401391735,4,4:34,Sun Full timeout
401391735,4,1:00,Sun Full timeout
401391736,1,4:23,Official timeout
401391736,1,2:45,Fever Full timeout
401391736,2,5:08,Mercury Full timeout
401391736,2,2:33,Fever Full timeout
401391736,3,6:24,Mercury Full timeout
401391736,4,5:27,Official timeout
401391736,4,2:51,Fever Full timeout
401391737,1,7:27,Mystics Full timeout
401391737,2,5:03,Official timeout
401391737,2,2:17,Liberty Full timeout
401391737,2,7.9,Mystics Full timeout
401391737,3,3:35,Official timeout
401391737,4,7:42,Mystics Full timeout
401391737,4,5:04,Mystics 20 Sec. timeout
401391737,4,2:51,Liberty Full timeout
401391738,1,5:41,Storm Full timeout
401391738,2,4:56,Sun Full timeout
401391738,2,2:38,Sun Full timeout
401391738,2,14.6,Storm Full timeout
401391738,3,9:28,Sun Full timeout
401391738,4,7:12,Storm Full timeout
401391738,4,2:26,Official timeout
401391738,4,16.2,Storm Full timeout
401391739,1,5:42,Mercury Full timeout
401391739,1,2:15,Wings Full timeout
401391739,2,6:04,Mercury Full timeout
401391739,2,1:54,Official timeout
401391739,3,9:15,Wings Full timeout
401391739,4,9:02,Wings Full timeout
401391739,4,4:42,Wings 20 Sec. timeout
401391739,4,2:58,Official timeout
401391739,4,2:03,Mercury Full timeout
401391739,4,53.7,Mercury 20 Sec. timeout
401391739,4,29.0,Wings 20 Sec. timeout
401391739,4,27.1,Mercury Full timeout
401391739,4,20.9,Mercury 20 Sec. timeout
401391740,1,4:02,Official timeout
401391740,2,5:20,Dream Full timeout
401391740,2,2:49,Sky Full timeout
401391740,3,4:49,Official timeout
401391740,3,4:00,Sky Full timeout
401391740,3,1:11,Dream Full timeout
401391740,4,7:37,Dream 20 Sec. timeout
401391740,4,5:00,Sky Full timeout
401391740,4,2:27,Dream Full timeout
401391740,4,42.0,Dream 20 Sec. timeout
401391740,5,2:56,Dream Full timeout
401391740,5,33.2,Sky Full timeout
401391741,1,4:32,Official timeout
401391741,2,7:40,Liberty Full timeout
401391741,2,6:05,Storm Full timeout
401391741,2,41.9,Liberty Full timeout
401391741,2,21.1,Storm Full timeout
401391741,3,8:01,Liberty Full timeout
401391741,3,3:57,Storm 20 Sec. timeout
401391741,4,7:36,Storm Full timeout
401391741,4,4:02,Liberty Full timeout
401391741,4,53.3,Liberty 20 Sec. timeout
401391741,4,40.0,Storm Full timeout
401391741,4,18.9,Liberty 20 Sec. timeout
401391743,1,4:15,Official timeout
401391743,2,6:50,Sun Full timeout
401391743,2,2:54,Mystics Full timeout
401391743,3,4:33,Sun Full timeout
401391743,4,8:30,Sun Full timeout
401391743,4,5:52,Mystics 20 Sec. timeout
401391743,4,2:50,Official timeout
401391743,4,2:01,Mystics Full timeout
401391743,4,1:25,Sun 20 Sec. timeout
401391742,1,6:21,Fever Full timeout
401391742,2,5:00,Official timeout
401391742,2,2:42,Sky Full timeout
401391742,3,4:45,Official timeout
401391742,4,6:28,Fever Full timeout
401391742,4,2:33,Fever Full timeout
401391742,4,7.8,Sky Full timeout
401391742,4,7.8,Sky 20 Sec. timeout
401391744,1,6:28,Sparks Full timeout
401391744,2,8:16,Wings Full timeout
401391744,2,2:10,Official timeout
401391744,3,6:06,Sparks Full timeout
401391744,3,3:16,Sparks Full timeout
401391744,4,8:12,Wings Full timeout
401391744,4,2:05,Official timeout
401391745,1,4:05,Official timeout
401391745,2,5:34,Aces Full timeout
401391745,2,4:12,Aces Full timeout
401391745,2,1:53,Lynx Full timeout
401391745,3,8:18,Lynx Full timeout
401391745,3,5:21,Lynx Full timeout
401391745,3,2:17,Aces Full timeout
401391745,4,5:58,Official timeout
401391745,4,3:50,Lynx 20 Sec. timeout
401391745,4,2:55,Lynx 20 Sec. timeout
401391745,4,2:55,Aces Full timeout
401391745,4,1:38,Aces 20 Sec. timeout
401391745,4,5.3,Aces 20 Sec. timeout
401391746,1,4:50,Official timeout
401391746,2,5:35,Dream Full timeout
401391746,2,2:40,Dream Full timeout
401391746,3,5:35,Wings Full timeout
401391746,4,6:36,Wings Full timeout
401391746,4,4:04,Dream Full timeout
401391746,4,2:03,Wings Full timeout
401391746,4,1:10,Dream Full timeout
401391746,4,29.8,Dream Full timeout
401391747,1,6:09,Sky Full timeout
401391747,2,6:41,Aces Full timeout
401391747,2,3:44,Aces 20 Sec. timeout
401391747,2,1:04,Aces Full timeout
401391747,3,5:33,Aces Full timeout
401391747,4,5:11,Official timeout
401391747,4,2:45,Sky Full timeout
401391748,1,6:30,Lynx Full timeout
401391748,2,5:49,Official timeout
401391748,2,2:44,Official timeout
401391748,3,6:25,Mercury Full timeout
401391748,4,5:22,Mercury Full timeout
401391748,4,2:36,Official timeout
401391749,1,4:06,Official timeout
401391749,1,27.5,Sparks Full timeout
401391749,2,5:46,Sparks Full timeout
401391749,2,2:42,Mystics Full timeout
401391749,2,1:37,Mystics Full timeout
401391749,3,9:39,Mystics 20 Sec. timeout
401391749,3,3:47,Official timeout
401391749,4,6:41,Sparks Full timeout
401391749,4,2:58,Mystics Full timeout
401391749,4,29.8,Mystics 20 Sec. timeout
401391749,4,24.9,Sparks Full timeout
401391749,4,12.4,Sparks 20 Sec. timeout
401391749,4,10.2,Mystics Full timeout
401391750,1,3:22,Official timeout
401391750,1,1:01,Sun Full timeout
401391750,2,7:41,Liberty Full timeout
401391750,2,3:13,Sun Full timeout
401391750,2,1:17,Liberty Full timeout
401391750,3,4:54,Official timeout
401391750,3,2:48,Sun Full timeout
401391750,4,6:00,Sun Full timeout
401391750,4,3:12,Liberty Full timeout
401391750,4,1:29,Sun 20 Sec. timeout
401391750,4,9.0,Sun 20 Sec. timeout
401391751,1,5:36,Fever Full timeout
401391751,2,6:54,Wings Full timeout
401391751,2,5:59,Wings 20 Sec. timeout
401391751,2,2:59,Official timeout
401391751,3,6:04,Wings Full timeout
401391751,3,2:46,Wings 20 Sec. timeout
401391751,4,6:39,Fever Full timeout
401391751,4,2:58,Official timeout
401391751,4,56.8,Wings Full timeout
401391752,1,3:01,Official timeout
401391752,2,8:53,Mercury Full timeout
401391752,2,4:25,Lynx Full timeout
401391752,3,4:55,Official timeout
401391752,4,6:43,Lynx Full timeout
401391752,4,4:08,Mercury Full timeout
401391752,4,2:07,Mercury Full timeout
401391752,4,1:17,Mercury 20 Sec. timeout
401391752,4,56.0,Lynx 20 Sec. timeout
401391752,4,47.8,Lynx Full timeout
401391753,1,4:54,Official timeout
401391753,2,5:49,Storm Full timeout
401391753,2,3:54,Storm Full timeout
401391753,2,23.9,Mystics Full timeout
401391753,3,7:14,Mystics Full timeout
401391753,3,3:21,Storm Full timeout
401391753,4,7:07,Storm Full timeout
401391753,4,3:57,Mystics 20 Sec. timeout
401391753,4,2:20,Official timeout
401391753,4,1:41,Mystics 20 Sec. timeout
401391754,1,6:59,Sparks Full timeout
401391754,1,1:39,Sparks Full timeout
401391754,2,5:50,Official timeout
401391754,2,3:39,Sparks Full timeout
401391754,2,2:49,Sky Full timeout
401391754,3,8:56,Sky 20 Sec. timeout
401391754,3,7:49,Sparks Full timeout
401391754,3,46.8,Sky Full timeout
401391754,4,5:02,Official timeout
401391754,4,1:58,Sky Full timeout
401391755,1,6:20,Dream Full timeout
401391755,2,7:16,Liberty Full timeout
401391755,2,3:16,Liberty Full timeout
401391755,3,4:46,Official timeout
401391755,4,5:29,Dream Full timeout
401391755,4,2:57,Liberty Full timeout
401391756,1,4:45,Official timeout
401391756,2,6:57,Wings Full timeout
401391756,2,4:30,Mercury Full timeout
401391756,2,1:12,Wings Full timeout
401391756,3,4:12,Official timeout
401391756,4,7:37,Mercury Full timeout
401391756,4,3:09,Wings Full timeout
401391756,4,1:19,Wings Full timeout
401391756,4,1:03,Wings 20 Sec. timeout
401391757,1,5:56,Sparks Full timeout
401391757,2,7:25,Storm Full timeout
401391757,2,4:04,Sparks Full timeout
401391757,3,3:14,Official timeout
401391757,4,4:48,Storm Full timeout
401391757,4,2:18,Storm 20 Sec. timeout
401391757,4,2:18,Sparks Full timeout
401391757,4,1:15,Sparks Full timeout
401391758,1,7:42,Aces Full timeout
401391758,2,5:52,Aces Full timeout
401391758,2,2:55,Official timeout
401391758,3,3:53,Official timeout
401391758,4,6:12,Aces Full timeout
401391758,4,4:06,Mystics Full timeout
401391758,4,1:06,Mystics 20 Sec. timeout
401391758,4,15.8,Mystics 20 Sec. timeout
401391758,4,14.4,Aces Full timeout
401391758,4,7.7,Mystics Full timeout
401391758,5,2:24,Aces 20 Sec. timeout
401391758,5,29.7,Aces Full timeout
401391758,5,11.7,Aces 20 Sec. timeout
401391759,1,6:03,Dream Full timeout
401391759,2,7:28,Dream Full timeout
401391759,2,2:43,Dream Full timeout
401391759,3,4:59,Official timeout
401391759,3,2:43,Sun Full timeout
401391759,4,5:55,Dream Full timeout
401391759,4,3:30,Dream Full timeout
401391760,1,4:31,Official timeout
401391760,2,5:01,Sky Full timeout
401391760,2,2:51,Lynx Full timeout
401391760,2,59.3,Sky Full timeout
401391760,3,6:48,Lynx Full timeout
401391760,3,3:19,Sky Full timeout
401391760,3,2:44,Lynx 20 Sec. timeout
401391760,4,5:25,Official timeout
401391760,4,2:51,Sky Full timeout
401391760,4,39.1,Lynx Full timeout
401391760,4,10.1,Lynx 20 Sec. timeout
401391760,4,7.6,Sky 20 Sec. timeout
401391761,1,5:34,Fever Full timeout
401391761,2,8:39,Mercury Full timeout
401391761,2,1:55,Official timeout
401391761,3,4:53,Official timeout
401391761,4,8:42,Mercury 20 Sec. timeout
401391761,4,5:36,Fever Full timeout
401391761,4,2:44,Fever Full timeout
401391762,1,6:08,Aces Full timeout
401391762,1,2:50,Sparks Full timeout
401391762,2,4:51,Official timeout
401391762,2,2:53,Sparks Full timeout
401391762,3,4:28,Official timeout
401391762,3,3:06,Aces Full timeout
401391762,4,5:48,Sparks Full timeout
401391762,4,3:03,Sparks Full timeout
401391762,4,36.9,Sparks 20 Sec. timeout
401391762,4,26.8,Aces 20 Sec. timeout
401391762,4,21.4,Sparks 20 Sec. timeout
401391762,4,12.6,Aces 20 Sec. timeout
401391763,1,6:48,Dream Full timeout
401391763,2,5:34,Official timeout
401391763,2,3:28,Mystics Full timeout
401391763,2,7.3,Mystics Full timeout
401391763,3,3:59,Official timeout
401391763,3,1:21,Dream Full timeout
401391763,4,5:03,Official timeout
401391764,1,5:49,Wings Full timeout
401391764,2,7:14,Lynx Full timeout
401391764,2,2:55,Official timeout
401391764,2,1:06,Wings Full timeout
401391764,3,7:17,Wings Full timeout
401391764,4,5:43,Official timeout
401391764,4,4:51,Lynx 20 Sec. timeout
401391764,4,2:52,Lynx Full timeout
401391765,1,3:13,Sun Full timeout
401391765,2,5:43,Official timeout
401391765,2,2:52,Sky Full timeout
401391765,3,4:34,Official timeout
401391765,3,2:06,Sky Full timeout
401391765,4,6:50,Sun Full timeout
401391765,4,3:16,Sky Full timeout
401391765,4,1:15,Sun 20 Sec. timeout
401391765,4,26.7,Sun Full timeout
401391765,4,5.1,Sun 20 Sec. timeout
401391766,1,8:22,Fever Full timeout
401391766,2,5:50,Official timeout
401391766,2,2:30,Mercury Full timeout
401391766,3,4:54,Official timeout
401391766,4,9:20,Mercury 20 Sec. timeout
401391766,4,5:50,Mercury Full timeout
401391766,4,3:13,Fever Full timeout
401391767,1,4:30,Official timeout
401391767,1,1:45,Storm Full timeout
401391767,2,5:47,Official timeout
401391767,2,2:36,Aces Full timeout
401391767,3,7:33,Aces Full timeout
401391767,3,1:23,Storm 20 Sec. timeout
401391767,4,7:15,Storm Full timeout
401391767,4,3:17,Aces Full timeout
401391767,4,58.8,Aces 20 Sec. timeout
401391767,4,54.5,Storm Full timeout
401391767,4,32.8,Aces 20 Sec. timeout
401391768,1,3:41,Official timeout
401391768,2,7:48,Liberty Full timeout
401391768,2,2:04,Dream Full timeout
401391768,3,5:07,Liberty Full timeout
401391768,4,7:51,Dream Full timeout
401391768,4,7:05,Dream 20 Sec. timeout
401391768,4,4:30,Dream 20 Sec. timeout
401391768,4,2:45,Liberty 20 Sec. timeout
401391768,4,2:45,Official timeout
401391768,4,57.0,Liberty 20 Sec. timeout
401391768,4,25.0,Dream Full timeout
401391768,4,8.4,Liberty Full timeout
401391768,5,3:42,Liberty Full timeout
401391768,5,3:16,Dream 20 Sec. timeout
401391768,5,46.7,Liberty 20 Sec. timeout
401391769,1,4:55,Official timeout
401391769,1,2:19,Sparks Full timeout
401391769,2,5:27,Wings Full timeout
401391769,2,3:55,Wings Full timeout
401391769,2,2:35,Sparks Full timeout
401391769,3,6:37,Wings Full timeout
401391769,4,5:42,Official timeout
401391769,4,2:49,Sparks Full timeout
401391769,4,1:34,Sparks Full timeout
401391769,4,1:32,Wings Full timeout
401391769,4,28.9,Sparks 20 Sec. timeout
401391770,1,7:13,Lynx Full timeout
401391770,1,1:05,Aces Full timeout
401391770,2,5:21,Official timeout
401391770,2,2:43,Lynx Full timeout
401391770,3,4:55,Official timeout
401391770,4,6:22,Aces Full timeout
401391770,4,3:29,Lynx Full timeout
401391770,4,1:19,Lynx Full timeout
401391770,4,19.9,Lynx 20 Sec. timeout
401391770,4,3.6,Aces 20 Sec. timeout
401391770,4,3.6,Aces 20 Sec. timeout
401391771,1,4:30,Official timeout
401391771,2,4:32,Fever Full timeout
401391771,2,2:45,Fever Full timeout
401391771,2,44.5,Storm Full timeout
401391771,3,5:24,Fever Full timeout
401391771,4,6:07,Fever Full timeout
401391771,4,2:17,Official timeout
401391772,1,4:27,Mercury Full timeout
401391772,2,5:53,Official timeout
401391772,2,4:07,Sky Full timeout
401391772,3,4:49,Official timeout
401391772,4,5:40,Sky Full timeout
401391772,4,4:18,Mercury Full timeout
401391772,4,2:32,Sky 20 Sec. timeout
401391773,1,4:50,Official timeout
401391773,1,1:00,Sun Full timeout
401391773,2,5:45,Sun Full timeout
401391773,2,2:44,Sun 20 Sec. timeout
401391773,2,2:44,Mystics Full timeout
401391773,3,3:43,Official timeout
401391773,3,1:13,Mystics 20 Sec. timeout
401391773,4,5:53,Sun Full timeout
401391773,4,2:41,Mystics Full timeout
401391773,4,20.8,Mystics 20 Sec. timeout
401391773,4,5.2,Sun Full timeout
401391773,4,5.2,Sun 20 Sec. timeout
401391773,5,2:14,Mystics 20 Sec. timeout
401391773,5,16.0,Mystics Full timeout
401391773,5,10.6,Sun Full timeout
401391773,5,8.9,Mystics 20 Sec. timeout
401391774,1,6:25,Storm Full timeout
401391774,2,5:35,Official timeout
401391774,2,2:54,Dream Full timeout
401391774,3,4:38,Official timeout
401391774,3,1:48,Storm Full timeout
401391774,4,7:22,Storm Full timeout
401391774,4,5:11,Dream Full timeout
401391776,1,3:16,Official timeout
401391776,1,1:13,Liberty Full timeout
401391776,1,40.7,Sparks Full timeout
401391776,2,5:31,Sparks Full timeout
401391776,2,2:58,Sparks 20 Sec. timeout
401391776,2,2:58,Liberty Full timeout
401391776,3,6:42,Liberty Full timeout
401391776,3,1:20,Liberty 20 Sec. timeout
401391776,4,7:42,Sparks Full timeout
401391776,4,2:15,Liberty 20 Sec. timeout
401391776,4,57.8,Sparks 20 Sec. timeout
401391776,4,35.3,Liberty Full timeout
401391775,1,8:49,Aces Full timeout
401391775,2,6:15,Aces Full timeout
401391775,2,2:57,Lynx Full timeout
401391775,3,6:49,Aces Full timeout
401391775,3,1:48,Aces Full timeout
401391775,4,5:51,Official timeout
401391775,4,2:31,Lynx Full timeout
401391777,1,4:44,Official timeout
401391777,1,2:12,Mercury Full timeout
401391777,2,5:51,Official timeout
401391777,2,2:54,Mercury Full timeout
401391777,3,4:56,Official timeout
401391777,4,8:40,Mercury Full timeout
401391777,4,8:00,Sparks Full timeout
401391777,4,3:33,Sparks Full timeout
401391777,4,1:01,Mercury Full timeout
401391777,4,35.3,Mercury 20 Sec. timeout
401391777,4,29.7,Sparks 20 Sec. timeout
401391777,4,9.6,Mercury 20 Sec. timeout
401391778,1,3:36,Official timeout
401391778,2,8:53,Storm Full timeout
401391778,2,3:09,Fever Full timeout
401391778,3,7:58,Fever Full timeout
401391778,3,1:51,Fever 20 Sec. timeout
401391778,4,5:48,Official timeout
401391778,4,3:46,Fever Full timeout
401391779,1,4:53,Official timeout
401391779,2,5:37,Wings Full timeout
401391779,2,3:50,Wings Full timeout
401391779,2,54.4,Wings 20 Sec. timeout
401391779,3,8:02,Sun Full timeout
401391779,3,1:35,Sun Full timeout
401391779,4,5:08,Official timeout
401391779,4,3:08,Wings Full timeout
401391780,1,4:49,Official timeout
401391780,2,6:22,Sky Full timeout
401391780,2,3:19,Lynx Full timeout
401391780,3,3:46,Official timeout
401391780,3,32.0,Lynx 20 Sec. timeout
401391780,4,6:32,Lynx Full timeout
401391780,4,1:58,Sky Full timeout
401391780,4,15.3,Lynx 20 Sec. timeout
401391780,4,12.4,Sky Full timeout
401391780,4,5.9,Sky 20 Sec. timeout
401391781,1,5:41,Mystics Full timeout
401391781,2,5:57,Official timeout
401391781,2,3:19,Dream Full timeout
401391781,2,24.2,Dream Full timeout
401391781,3,2:56,Mystics Full timeout
401391781,4,7:48,Dream Full timeout
401391781,4,3:21,Dream Full timeout
401391781,4,1:55,Official timeout
401391781,4,1:25,Mystics Full timeout
401391782,1,5:13,Aces Full timeout
401391782,1,1:53,Liberty Full timeout
401391782,2,7:28,Liberty Full timeout
401391782,2,4:31,Aces Full timeout
401391782,3,7:19,Aces Full timeout
401391782,3,3:55,Liberty Full timeout
401391782,3,50.1,Aces 20 Sec. timeout
401391782,4,6:20,Aces Full timeout
401391782,4,2:41,Official timeout
401391783,2,8:21,Fever Full timeout
401391783,2,1:06,Official timeout
401391783,3,8:33,Fever Full timeout
401391783,4,5:08,Official timeout
401391783,4,2:53,Sky Full timeout
401391783,4,2:02,Sky Full timeout
401391784,1,7:08,Liberty Full timeout
401391784,2,6:20,Liberty Full timeout
401391784,2,2:24,Mercury Full timeout
401391784,3,4:48,Official timeout
401391784,4,5:49,Liberty Full timeout
401391784,4,4:08,Mercury Full timeout
401391784,4,1:55,Liberty 20 Sec. timeout
401391784,4,22.6,Liberty Full timeout
401391784,4,13.0,Mercury Full timeout
401391784,4,8.7,Mercury 20 Sec. timeout
401391784,4,3.1,Liberty 20 Sec. timeout
401391785,1,4:32,Official timeout
401391785,2,8:52,Sparks Full timeout
401391785,2,3:34,Sparks Full timeout
401391785,2,2:40,Storm Full timeout
401391785,3,7:12,Sparks Full timeout
401391785,3,3:39,Sparks Full timeout
401391785,4,5:55,Storm Full timeout
401391785,4,2:26,Official timeout
401455978,1,4:27,Official timeout
401455978,2,5:54,Team Wilson Full timeout
401455978,2,2:47,Team Stewart Full timeout
401455978,3,5:09,Team Wilson Full timeout
401455978,4,6:36,Team Wilson Full timeout
401455978,4,2:55,Official timeout
401391786,1,4:43,Official timeout
401391786,1,1:08,Storm Full timeout
401391786,2,5:41,Storm Full timeout
401391786,2,2:40,Wings Full timeout
401391786,3,8:51,Wings Full timeout
401391786,4,5:27,Official timeout
401391786,4,2:02,Storm Full timeout
401391787,1,4:23,Official timeout
401391787,2,6:00,Liberty Full timeout
401391787,2,3:38,Liberty Full timeout
401391787,3,4:33,Official timeout
401391787,3,3:38,Aces Full timeout
401391787,4,5:33,Liberty Full timeout
401391787,4,2:51,Aces Full timeout
401391787,4,1:51,Liberty 20 Sec. timeout
401391787,4,1:26,Aces 20 Sec. timeout
401391787,4,54.8,Liberty 20 Sec. timeout
401391787,4,38.5,Aces 20 Sec. timeout
401391787,4,17.3,Liberty Full timeout
401391788,1,4:56,Official timeout
401391788,1,2:25,Sky Full timeout
401391788,2,5:15,Sky Full timeout
401391788,2,2:30,Dream Full timeout
401391788,2,18.7,Dream Full timeout
401391788,3,4:54,Official timeout
401391788,3,2:33,Dream Full timeout
401391788,3,39.3,Sky Full timeout
401391788,4,6:16,Sky Full timeout
401391788,4,4:38,Dream Full timeout
401391788,4,1:44,Dream 20 Sec. timeout
401391789,1,4:49,Official timeout
401391789,2,6:28,Lynx Full timeout
401391789,2,2:47,Mercury Full timeout
401391789,3,8:18,Lynx Full timeout
401391789,3,6:18,Mercury Full timeout
401391789,4,6:59,Mercury Full timeout
401391789,4,2:45,Official timeout
401391789,4,1:56,Lynx Full timeout
401391789,4,1:09,Lynx 20 Sec. timeout
401391789,4,29.6,Mercury 20 Sec. timeout
401391789,4,19.3,Mercury 20 Sec. timeout
401391789,4,3.2,Lynx 20 Sec. timeout
401391789,5,1:21,Lynx 20 Sec. timeout
401391789,5,24.9,Lynx Full timeout
401391789,5,22.3,Mercury 20 Sec. timeout
401391789,5,2.1,Mercury Full timeout
401391789,6,2:06,Mercury Full timeout
401391789,6,33.3,Lynx Full timeout
401391789,6,33.3,Lynx 20 Sec. timeout
401391790,1,4:52,Official timeout
401391790,1,3:15,Sparks Full timeout
401391790,2,5:33,Sparks Full timeout
401391790,2,1:41,Mystics Full timeout
401391790,2,20.8,Mystics Full timeout
401391790,3,5:52,Sparks Full timeout
401391790,4,5:33,Official timeout
401391790,4,1:50,Mystics Full timeout
401391791,1,4:28,Official timeout
401391791,1,36.4,Sun Full timeout
401391791,2,5:20,Fever Full timeout
401391791,2,2:56,Sun Full timeout
401391791,3,7:44,Fever Full timeout
401391791,4,7:21,Sun Full timeout
401391791,4,6:43,Sun 20 Sec. timeout
401391791,4,2:56,Official timeout
401391791,4,1:55,Sun Full timeout
401391792,1,8:43,Liberty Full timeout
401391792,1,3:21,Liberty 20 Sec. timeout
401391792,2,6:16,Liberty Full timeout
401391792,2,2:55,Official timeout
401391792,3,7:00,Liberty Full timeout
401391792,3,4:18,Aces Full timeout
401391792,3,1:27,Aces Full timeout
401391792,4,8:45,Aces 20 Sec. timeout
401391792,4,5:53,Official timeout
401391792,4,2:50,Aces Full timeout
401391792,4,2:50,excess timeout technical foul
401391792,4,2:50,excess timeout turnover
401391793,1,4:42,Official timeout
401391793,2,6:57,Lynx Full timeout
401391793,2,4:01,Lynx Full timeout
401391793,3,8:18,Wings Full timeout
401391793,4,8:57,Lynx Full timeout
401391793,4,1:50,Wings Full timeout
401391793,4,34.4,Wings 20 Sec. timeout
401391793,4,22.5,Wings 20 Sec. timeout
401391793,4,17.6,Lynx Full timeout
401391794,1,4:18,Official timeout
401391794,2,5:36,Mystics Full timeout
401391794,2,2:43,Official timeout
401391794,3,4:24,Official timeout
401391794,4,7:35,Mystics 20 Sec. timeout
401391794,4,5:26,Official timeout
401391794,4,2:56,Mystics Full timeout
401391794,4,42.9,Mystics 20 Sec. timeout
401391794,4,18.2,Mercury Full timeout
401391795,1,4:40,Official timeout
401391795,1,1:30,Sky Full timeout
401391795,2,9:22,Sky Full timeout
401391795,2,5:54,Sparks Full timeout
401391795,2,2:28,Sparks Full timeout
401391795,3,7:21,Sparks Full timeout
401391795,3,2:56,Sparks Full timeout
401391795,3,1:28,Sparks 20 Sec. timeout
401391795,4,5:57,Official timeout
401391795,4,2:33,Sparks Full timeout
401391796,1,3:43,Lynx Full timeout
401391796,2,5:21,Official timeout
401391796,2,2:37,Fever Full timeout
401391796,2,44.0,Fever Full timeout
401391796,3,6:43,Lynx Full timeout
401391796,3,4:00,Fever Full timeout
401391796,3,2:28,Fever 20 Sec. timeout
401391796,4,5:52,Official timeout
401391796,4,4:14,Lynx Full timeout
401391796,4,1:56,Fever Full timeout
401391796,4,29.8,Fever 20 Sec. timeout
401391797,1,4:58,Official timeout
401391797,2,6:23,Dream Full timeout
401391797,2,2:28,Sun Full timeout
401391797,3,4:57,Official timeout
401391797,4,5:54,Dream Full timeout
401391797,4,3:16,Sun Full timeout
401391798,1,5:06,Wings Full timeout
401391798,2,5:44,Official timeout
401391798,2,2:47,Sky Full timeout
401391798,3,8:32,Wings Full timeout
401391798,3,4:21,Sky Full timeout
401391798,3,47.2,Wings Full timeout
401391798,4,5:41,Official timeout
401391798,4,2:50,Wings 20 Sec. timeout
401391798,4,2:50,Sky Full timeout
401391799,1,8:59,Aces Full timeout
401391799,1,6:36,Aces Full timeout
401391799,2,5:43,Official timeout
401391799,2,3:05,Sun Full timeout
401391799,3,8:43,Sun Full timeout
401391799,4,7:22,Sun Full timeout
401391799,4,3:59,Aces Full timeout
401391799,4,1:15,Aces 20 Sec. timeout
401391799,4,59.6,Sun 20 Sec. timeout
401391799,4,31.4,Aces 20 Sec. timeout
401391799,4,27.0,Sun 20 Sec. timeout
401391800,1,3:43,Official timeout
401391800,2,5:41,Mystics Full timeout
401391800,2,4:12,Lynx Full timeout
401391800,3,5:17,Lynx Full timeout
401391800,3,3:04,Lynx 20 Sec. timeout
401391800,4,5:29,Official timeout
401391800,4,2:24,Lynx Full timeout
401391800,4,1:30,Mystics 20 Sec. timeout
401391801,1,4:40,Official timeout
401391801,2,5:30,Official timeout
401391801,2,3:45,Dream Full timeout
401391801,2,1:29,Mercury Full timeout
401391801,3,4:59,Mercury Full timeout
401391801,4,7:08,Dream Full timeout
401391801,4,2:45,Mercury Full timeout
401391801,4,2:45,Official timeout
401391801,4,37.4,Mercury Full timeout
401391802,1,4:40,Official timeout
401391802,2,5:51,Fever Full timeout
401391802,2,2:43,Storm Full timeout
401391802,2,20.4,Storm Full timeout
401391802,3,6:11,Storm Full timeout
401391802,3,5:30,Fever 20 Sec. timeout
401391802,4,9:27,Fever 20 Sec. timeout
401391802,4,5:22,Fever Full timeout
401391802,4,2:19,Official timeout
401391803,1,2:50,Official timeout
401391803,2,6:20,Liberty Full timeout
401391803,2,3:10,Liberty Full timeout
401391803,3,4:56,Official timeout
401391803,3,2:56,Liberty Full timeout
401391803,3,1:42,Sun Full timeout
401391803,4,7:13,Liberty 20 Sec. timeout
401391803,4,5:21,Sun Full timeout
401391803,4,3:45,Liberty Full timeout
401391803,4,2:08,Liberty 20 Sec. timeout
401391804,1,6:17,Aces Full timeout
401391804,2,6:15,Dream Full timeout
401391804,2,2:49,Aces Full timeout
401391804,3,8:24,Dream Full timeout
401391804,4,5:47,Official timeout
401391804,4,4:04,Dream Full timeout
401391804,4,1:48,Aces 20 Sec. timeout
401391804,4,1:46,Aces 20 Sec. timeout
401391805,1,4:46,Official timeout
401391805,2,4:36,Sparks Full timeout
401391805,2,2:15,Fever Full timeout
401391805,2,20.9,Fever Full timeout
401391805,3,7:37,Fever Full timeout
401391805,3,3:22,Fever 20 Sec. timeout
401391805,4,5:58,Fever Full timeout
401391805,4,3:16,Fever Full timeout
401391806,1,8:20,Sky Full timeout
401391806,1,4:44,Storm Full timeout
401391806,2,5:37,Storm Full timeout
401391806,2,2:52,Official timeout
401391806,2,3.6,Sky Full timeout
401391806,3,4:47,Official timeout
401391806,4,6:17,Storm Full timeout
401391806,4,2:42,Sky Full timeout
401391806,4,13.5,Storm Full timeout
401391806,4,10.7,Sky Full timeout
401391806,4,8.0,Storm 20 Sec. timeout
401391807,1,7:20,Mystics Full timeout
401391807,1,51.3,Liberty Full timeout
401391807,2,7:54,Liberty Full timeout
401391807,2,1:48,Official timeout
401391807,2,3.5,Mystics Full timeout
401391807,3,6:15,Liberty Full timeout
401391807,3,58.1,Liberty 20 Sec. timeout
401391807,4,7:11,Mystics Full timeout
401391807,4,2:45,Official timeout
401391807,4,1:02,Mystics 20 Sec. timeout
401391807,4,36.7,Liberty Full timeout
401391808,1,4:28,Official timeout
401391808,2,5:17,Sparks Full timeout
401391808,2,2:18,Dream Full timeout
401391808,2,42.3,Sparks Full timeout
401391808,3,4:16,Official timeout
401391808,3,3:20,Dream Full timeout
401391808,3,23.7,Dream 20 Sec. timeout
401391808,4,5:08,Sparks Full timeout
401391808,4,3:21,Sparks Full timeout
401391808,4,39.2,Sparks 20 Sec. timeout
401391808,4,39.2,Sparks 20 Sec. timeout
401391808,4,33.9,Dream 20 Sec. timeout
401391809,1,5:10,Fever Full timeout
401391809,2,6:56,Aces Full timeout
401391809,2,2:18,Official timeout
401391809,2,37.6,Fever 20 Sec. timeout
401391809,3,6:57,Fever Full timeout
401391809,4,7:57,Aces Full timeout
401391809,4,6:37,Fever Full timeout
401391810,1,4:47,Official timeout
401391810,2,7:54,Lynx Full timeout
401391810,2,2:27,Sun Full timeout
401391810,2,1:02,Lynx Full timeout
401391810,3,7:50,Lynx Full timeout
401391810,3,54.4,Lynx 20 Sec. timeout
401391810,4,5:32,Sun Full timeout
401391810,4,2:51,Official timeout
401391810,4,16.4,Sun 20 Sec. timeout
401391811,1,4:42,Wings Full timeout
401391811,2,5:51,Official timeout
401391811,2,2:55,Sky Full timeout
401391811,3,4:48,Wings Full timeout
401391811,3,4:14,Sky Full timeout
401391811,4,5:58,Official timeout
401391811,4,2:53,Wings Full timeout
401391811,4,47.8,Wings 20 Sec. timeout
401391812,1,4:48,Official timeout
401391812,1,1:23,Mercury Full timeout
401391812,2,5:49,Mercury Full timeout
401391812,2,1:08,Storm Full timeout
401391812,3,4:53,Official timeout
401391812,4,6:27,Storm Full timeout
401391812,4,4:35,Storm 20 Sec. timeout
401391812,4,3:49,Storm Full timeout
401391812,4,2:25,Storm Full timeout
401391812,4,1:46,Mercury 20 Sec. timeout
401391813,1,7:55,Sky Full timeout
401391813,2,7:22,Liberty Full timeout
401391813,2,4:41,Sky Full timeout
401391813,2,6.0,Liberty Full timeout
401391813,3,4:07,Official timeout
401391813,4,6:18,Liberty Full timeout
401391813,4,2:42,Sky Full timeout
401391813,4,1:03,Liberty 20 Sec. timeout
401391813,4,43.2,Liberty Full timeout
401391813,4,19.0,Liberty 20 Sec. timeout
401391813,4,9.7,Sky Full timeout
401391813,4,1.8,Sky 20 Sec. timeout
401391814,1,4:21,Sparks Full timeout
401391814,2,5:44,Official timeout
401391814,2,5:05,Aces Full timeout
401391814,2,1:28,Aces Full timeout
401391814,3,8:47,Aces Full timeout
401391814,3,5:12,Official timeout
401391814,3,1:04,Sparks Full timeout
401391814,4,6:47,Sparks Full timeout
401391814,4,3:47,Sparks 20 Sec. timeout
401391814,4,1:31,Official timeout
401391815,1,4:31,Official timeout
401391815,2,5:20,Fever Full timeout
401391815,2,2:17,Wings Full timeout
401391815,3,8:47,Fever 20 Sec. timeout
401391815,3,7:05,Wings Full timeout
401391815,3,1:29,Wings 20 Sec. timeout
401391815,4,5:44,Official timeout
401391815,4,2:45,Fever Full timeout
401391815,4,32.6,Fever Full timeout
401391816,1,8:50,Dream Full timeout
401391816,2,4:57,Dream Full timeout
401391816,2,2:24,Storm Full timeout
401391816,3,6:04,Dream Full timeout
401391816,4,5:32,Storm Full timeout
401391816,4,3:42,Storm Full timeout
401391816,4,2:13,Dream Full timeout
401391817,1,4:55,Official timeout
401391817,1,1:49,Lynx Full timeout
401391817,2,7:18,Sun Full timeout
401391817,2,2:18,Lynx Full timeout
401391817,3,7:15,Sun Full timeout
401391817,3,2:26,Sun Full timeout
401391817,4,8:47,Lynx 20 Sec. timeout
401391817,4,4:46,Official timeout
401391817,4,2:36,Lynx Full timeout
401391817,4,1:46,Lynx Full timeout
401391817,4,56.5,Sun 20 Sec. timeout
401391817,4,51.4,Lynx 20 Sec. timeout
401391817,4,41.6,Sun 20 Sec. timeout
401430112,1,8:02,Sky Full timeout
401430112,1,2:23,Aces Full timeout
401430112,2,7:38,Sky Full timeout
401430112,2,5:30,Aces Full timeout
401430112,3,6:10,Aces Full timeout
401430112,4,4:45,Sky Full timeout
401430112,4,2:25,Official timeout
401430112,4,1:17,Aces Full timeout
401430112,4,55.3,Aces 20 Sec. timeout
401430112,4,6.9,Aces 20 Sec. timeout
401391818,1,4:08,Official timeout
401391818,2,7:27,Dream Full timeout
401391818,2,2:56,Lynx Full timeout
401391818,3,6:18,Dream Full timeout
401391818,3,4:16,Lynx 20 Sec. timeout
401391818,4,7:26,Lynx Full timeout
401391818,4,6:03,Dream Full timeout
401391818,4,44.0,Dream 20 Sec. timeout
401391818,4,32.8,Lynx Full timeout
401391818,4,29.3,Dream Full timeout
401391818,4,22.6,Lynx Full timeout
401391819,1,3:59,Official timeout
401391819,1,2:17,Storm Full timeout
401391819,2,6:16,Sun Full timeout
401391819,2,2:42,Storm Full timeout
401391819,3,6:51,Storm Full timeout
401391819,3,1:25,Storm 20 Sec. timeout
401391819,4,6:23,Sun Full timeout
401391819,4,2:16,Official timeout
401391819,4,41.9,Storm Full timeout
401391819,4,8.8,Sun Full timeout
401391819,4,7.7,Storm 20 Sec. timeout
401391820,1,5:16,Wings Full timeout
401391820,2,6:42,Wings Full timeout
401391820,2,2:50,Official timeout
401391820,3,7:37,Mystics Full timeout
401391820,3,4:45,Wings Full timeout
401391820,4,7:35,Mystics 20 Sec. timeout
401391820,4,6:00,Wings Full timeout
401391820,4,2:37,Official timeout
401391821,1,4:33,Official timeout
401391821,1,2:35,Sparks Full timeout
401391821,2,7:07,Sparks Full timeout
401391821,2,2:49,Mercury Full timeout
401391821,3,7:16,Sparks Full timeout
401391821,4,6:29,Mercury Full timeout
401391821,4,2:30,Mercury Full timeout
401391822,1,7:16,Aces Full timeout
401391822,2,7:20,Aces Full timeout
401391822,2,4:43,Fever Full timeout
401391822,2,1:35,Fever Full timeout
401391822,3,4:45,Official timeout
401391822,3,2:24,Fever 20 Sec. timeout
401391822,4,4:56,Fever Full timeout
401391822,4,2:49,Aces Full timeout
401391823,1,4:57,Official timeout
401391823,2,5:42,Sky Full timeout
401391823,2,2:58,Liberty Full timeout
401391823,2,1:16,Liberty Full timeout
401391823,3,4:41,Official timeout
401391823,4,5:30,Sky Full timeout
401391823,4,2:51,Liberty Full timeout
401391823,4,2:00,Liberty Full timeout
401391823,4,52.7,Liberty 20 Sec. timeout
401391823,4,41.8,Sky Full timeout
401391823,4,40.5,Liberty 20 Sec. timeout
401391824,1,4:59,Official timeout
401391824,2,8:37,Storm Full timeout
401391824,2,4:16,Mystics Full timeout
401391824,3,4:12,Official timeout
401391824,4,7:47,Mystics Full timeout
401391824,4,6:27,Mystics 20 Sec. timeout
401391824,4,2:56,Storm Full timeout
401391824,4,2:03,Storm 20 Sec. timeout
401391824,4,22.8,Storm Full timeout
401391824,4,21.0,Mystics Full timeout
401391824,4,14.3,Storm 20 Sec. timeout
401391824,4,11.8,Mystics 20 Sec. timeout
401391825,1,4:02,Official timeout
401391825,2,8:59,Dream Full timeout
401391825,2,6:28,Wings Full timeout
401391825,3,7:54,Wings Full timeout
401391825,3,2:40,Dream Full timeout
401391825,4,8:18,Dream Full timeout
401391825,4,3:57,Wings Full timeout
401391826,1,4:20,Official timeout
401391826,1,2:40,Sun Full timeout
401391826,2,7:17,Sun Full timeout
401391826,2,3:07,Sky Full timeout
401391826,2,43.1,Sky Full timeout
401391826,3,4:37,Official timeout
401391826,4,5:25,Sun Full timeout
401391826,4,3:12,Sun 20 Sec. timeout
401391826,4,2:58,Sky Full timeout
401391826,4,28.0,Sun 20 Sec. timeout
401391826,4,15.2,Sky Full timeout
401391826,4,15.2,Sky 20 Sec. timeout
401391826,4,3.7,Sun Full timeout
401391826,5,1:30,Sun 20 Sec. timeout
401391826,5,8.1,Sun Full timeout
401391827,1,7:28,Mercury Full timeout
401391827,2,5:57,Official timeout
401391827,2,2:50,Liberty Full timeout
401391827,3,7:10,Mercury Full timeout
401391827,3,3:34,Liberty Full timeout
401391827,4,5:54,Official timeout
401391827,4,1:04,Mercury 20 Sec. timeout
401391827,4,1:04,Liberty Full timeout
401391828,1,5:49,Fever Full timeout
401391828,2,5:21,Aces Full timeout
401391828,2,2:30,Official timeout
401391828,2,1:32,Fever Full timeout
401391828,3,5:30,Aces Full timeout
401391828,4,7:51,Fever Full timeout
401391828,4,1:48,Official timeout
401391829,1,4:37,Official timeout
401391829,2,5:42,Mystics Full timeout
401391829,2,3:46,Mystics Full timeout
401391829,3,4:53,Official timeout
401391829,4,6:28,Storm Full timeout
401391829,4,5:19,Mystics Full timeout
401391829,4,11.3,Storm Full timeout
401391830,1,5:58,Sparks Full timeout
401391830,1,1:34,Lynx Full timeout
401391830,2,8:07,Sparks Full timeout
401391830,2,2:22,Official timeout
401391830,3,4:08,Official timeout
401391830,3,30.0,Sparks Full timeout
401391830,4,8:06,Lynx Full timeout
401391830,4,6:24,Sparks Full timeout
401391830,4,4:26,Lynx Full timeout
401391830,4,21.4,Sparks 20 Sec. timeout
401391831,1,4:59,Official timeout
401391831,2,5:44,Sun Full timeout
401391831,2,3:29,Mercury Full timeout
401391831,3,4:38,Official timeout
401391831,4,5:02,Mercury Full timeout
401391831,4,2:50,Sun Full timeout
401391832,1,4:57,Official timeout
401391832,2,5:47,Liberty Full timeout
401391832,2,2:26,Sparks Full timeout
401391832,2,47.3,Liberty Full timeout
401391832,3,4:26,Sparks Full timeout
401391832,4,5:42,Official timeout
401391832,4,1:55,Liberty Full timeout
401391833,1,4:47,Official timeout
401391833,2,6:05,Mystics Full timeout
401391833,2,3:54,Aces Full timeout
401391833,3,5:37,Aces Full timeout
401391833,4,7:08,Aces Full timeout
401391833,4,2:23,Official timeout
401391833,4,58.6,Aces 20 Sec. timeout
401391834,1,7:31,Wings Full timeout
401391834,2,5:16,Official timeout
401391834,2,2:47,Sky Full timeout
401391834,3,7:58,Sky Full timeout
401391834,3,1:46,Wings Full timeout
401391834,4,6:45,Wings Full timeout
401391834,4,2:57,Official timeout
401391834,4,27.1,Wings 20 Sec. timeout
401391834,4,20.3,Sky Full timeout
401391834,4,10.6,Sky 20 Sec. timeout
401391835,1,4:33,Official timeout
401391835,1,42.3,Fever Full timeout
401391835,2,5:31,Dream Full timeout
401391835,2,2:24,Official timeout
401391835,3,6:27,Dream Full timeout
401391835,3,4:20,Fever Full timeout
401391835,4,8:52,Fever 20 Sec. timeout
401391835,4,5:02,Official timeout
401391835,4,2:56,Fever Full timeout
401391836,1,3:51,Official timeout
401391836,1,1:21,Liberty Full timeout
401391836,2,5:33,Sparks Full timeout
401391836,2,2:38,Liberty Full timeout
401391836,2,1:16,Sparks Full timeout
401391836,3,4:37,Official timeout
401391836,3,2:43,Sparks Full timeout
401391836,4,8:01,Liberty Full timeout
401391836,4,4:49,Sparks Full timeout
401391836,4,50.9,Liberty 20 Sec. timeout
401391836,4,36.2,Liberty 20 Sec. timeout
401391836,4,34.1,Sparks 20 Sec. timeout
401391836,4,29.6,Liberty Full timeout
401391836,4,6.9,Sparks 20 Sec. timeout
401391837,1,8:16,Lynx Full timeout
401391837,2,7:06,Lynx Full timeout
401391837,2,2:01,Official timeout
401391837,3,4:35,Official timeout
401391837,3,1:45,Lynx Full timeout
401391837,4,7:37,Storm Full timeout
401391837,4,2:26,Storm Full timeout
401391838,1,4:57,Official timeout
401391838,2,8:01,Sun Full timeout
401391838,2,5:06,Mercury Full timeout
401391838,3,4:58,Official timeout
401391838,4,8:10,Mercury Full timeout
401391838,4,6:25,Mercury 20 Sec. timeout
401391838,4,3:02,Sun Full timeout
401391839,1,4:53,Aces Full timeout
401391839,2,6:50,Aces Full timeout
401391839,2,2:54,Official timeout
401391839,3,8:29,Aces Full timeout
401391839,3,4:54,Wings Full timeout
401391839,3,15.8,Wings 20 Sec. timeout
401391839,4,8:58,Aces Full timeout
401391839,4,2:25,Official timeout
401391839,4,29.8,Wings Full timeout
401391839,4,11.4,Aces 20 Sec. timeout
401391839,4,3.8,Aces 20 Sec. timeout
401391840,1,6:27,Sparks Full timeout
401391840,2,6:48,Dream Full timeout
401391840,2,2:47,Official timeout
401391840,3,6:15,Dream Full timeout
401391840,3,3:15,Sparks Full timeout
401391840,4,7:44,Dream Full timeout
401391840,4,1:42,Sparks Full timeout
401391840,4,22.9,Dream 20 Sec. timeout
401391840,4,6.5,Sparks 20 Sec. timeout
401391840,4,3.2,Dream 20 Sec. timeout
401391840,4,0.3,Sparks 20 Sec. timeout
401391841,1,3:32,Mystics Full timeout
401391841,1,2:13,Mystics Full timeout
401391841,2,5:17,Official timeout
401391841,2,2:40,Sky Full timeout
401391841,3,4:27,Official timeout
401391841,4,6:35,Mystics Full timeout
401391841,4,3:34,Sky 20 Sec. timeout
401391841,4,2:57,Sky Full timeout
401391842,1,4:54,Official timeout
401391842,2,7:52,Wings Full timeout
401391842,2,4:03,Fever Full timeout
401391842,2,25.3,Fever Full timeout
401391842,3,4:36,Official timeout
401391842,3,3:01,Wings Full timeout
401391842,4,8:26,Fever Full timeout
401391842,4,6:20,Fever 20 Sec. timeout
401391842,4,4:00,Wings Full timeout
401391842,4,1:45,Fever Full timeout
401391842,4,1:28,Wings 20 Sec. timeout
401391842,4,43.7,Fever 20 Sec. timeout
401391842,4,24.8,Wings 20 Sec. timeout
401391842,5,1:49,Fever Full timeout
401391842,5,51.0,Wings Full timeout
401391842,5,13.8,Fever 20 Sec. timeout
401391843,1,5:59,Liberty Full timeout
401391843,2,5:20,Mercury Full timeout
401391843,2,2:59,Official timeout
401391843,3,8:15,Mercury Full timeout
401391843,3,6:17,Liberty 20 Sec. timeout
401391843,4,8:11,Liberty Full timeout
401391843,4,5:36,Mercury Full timeout
401391843,4,1:18,Liberty 20 Sec. timeout
401391843,4,1:06,Liberty Full timeout
401391844,1,6:42,Sun Full timeout
401391844,2,6:38,Sky Full timeout
401391844,2,2:15,Official timeout
401391844,2,8.7,Sky Full timeout
401391844,3,4:30,Official timeout
401391844,4,6:45,Sun Full timeout
401391844,4,3:33,Sun 20 Sec. timeout
401391844,4,1:44,Sky Full timeout
401391844,4,28.0,Sun 20 Sec. timeout
401391844,4,3.3,Sky Full timeout
401391844,4,3.3,Sky 20 Sec. timeout
401391844,4,1.4,Sun Full timeout
401391845,1,4:01,Official timeout
401391845,1,25.7,Sparks Full timeout
401391845,2,6:42,Mystics Full timeout
401391845,2,2:47,Mystics Full timeout
401391845,2,18.4,Sparks Full timeout
401391845,3,4:58,Official timeout
401391845,3,1:12,Sparks Full timeout
401391845,4,5:58,Mystics Full timeout
401391845,4,3:48,Sparks Full timeout
401391845,4,2:18,Mystics 20 Sec. timeout
401391845,4,56.9,Sparks 20 Sec. timeout
401391845,4,39.7,Mystics 20 Sec. timeout
401391845,4,35.9,Sparks 20 Sec. timeout
401391845,4,17.0,Mystics Full timeout
401391846,1,4:07,Official timeout
401391846,2,6:08,Aces Full timeout
401391846,2,2:52,Storm Full timeout
401391846,2,1:01,Storm Full timeout
401391846,2,29.9,Aces Full timeout
401391846,3,4:31,Official timeout
401391846,4,7:06,Aces Full timeout
401391846,4,5:57,Storm Full timeout
401391846,4,1:55,Aces 20 Sec. timeout
401391846,4,47.7,Aces 20 Sec. timeout
401391846,4,22.8,Aces Full timeout
401391847,1,2:06,Dream Full timeout
401391847,2,4:35,Official timeout
401391847,2,2:53,Lynx Full timeout
401391847,2,44.3,Lynx Full timeout
401391847,2,27.9,Dream Full timeout
401391847,3,4:29,Official timeout
401391847,4,7:17,Dream Full timeout
401391847,4,4:14,Lynx Full timeout
401391847,4,1:08,Lynx 20 Sec. timeout
401391848,1,4:58,Liberty Full timeout
401391848,2,6:17,Wings Full timeout
401391848,2,2:53,Official timeout
401391848,2,20.1,Liberty Full timeout
401391848,3,4:37,Wings Full timeout
401391848,3,1:21,Wings 20 Sec. timeout
401391848,4,8:30,Liberty Full timeout
401391848,4,3:58,Liberty Full timeout
401391848,4,2:31,Liberty 20 Sec. timeout
401391848,4,1:30,Liberty 20 Sec. timeout
401391849,1,4:02,Official timeout
401391849,1,1:43,Sky Full timeout
401391849,2,5:03,Storm Full timeout
401391849,2,2:51,Sky Full timeout
401391849,3,5:10,Sky Full timeout
401391849,4,5:58,Official timeout
401391849,4,3:53,Storm Full timeout
401391850,1,6:35,Aces Full timeout
401391850,1,1:10,Dream Full timeout
401391850,2,8:11,Aces Full timeout
401391850,2,4:11,Dream Full timeout
401391850,3,4:47,Official timeout
401391850,3,1:49,Dream Full timeout
401391850,4,7:45,Aces Full timeout
401391850,4,3:28,Dream Full timeout
401391850,4,21.5,Dream 20 Sec. timeout
401391850,4,8.7,Dream 20 Sec. timeout
401391851,1,4:25,Sparks Full timeout
401391851,2,9:19,Sparks Full timeout
401391851,2,4:58,Sun Full timeout
401391851,2,2:09,Sparks 20 Sec. timeout
401391851,3,4:49,Official timeout
401391851,3,1:30,Sun Full timeout
401391851,4,5:27,Sparks Full timeout
401391851,4,2:49,Sun Full timeout
401391852,1,4:48,Official timeout
401391852,1,2:29,Liberty Full timeout
401391852,2,7:30,Wings Full timeout
401391852,2,2:57,Wings Full timeout
401391852,3,6:08,Wings Full timeout
401391852,4,5:08,Official timeout
401391852,4,2:30,Wings Full timeout
401391853,1,4:27,Official timeout
401391853,2,5:39,Official timeout
401391853,2,3:08,Lynx Full timeout
401391853,3,4:44,Official timeout
401391853,4,7:33,Lynx Full timeout
401391853,4,5:31,Mercury Full timeout
401391853,4,2:46,Mercury 20 Sec. timeout
401391853,4,1:04,Lynx Full timeout
401391853,4,35.2,Mercury Full timeout
401391853,4,23.9,Mercury 20 Sec. timeout
401391854,1,4:11,Official timeout
401391854,2,5:20,Official timeout
401391854,2,2:46,Official timeout
401391854,2,1:39,Aces Full timeout
401391854,3,9:08,Aces Full timeout
401391854,3,2:50,Sky Full timeout
401391854,4,5:56,Aces Full timeout
401391854,4,2:50,Official timeout
401391855,1,4:57,Sparks Full timeout
401391855,2,6:24,Sparks Full timeout
401391855,2,6:00,Sun Full timeout
401391855,2,3:23,Sparks Full timeout
401391855,3,4:44,Official timeout
401391855,3,2:09,Sparks Full timeout
401391855,4,8:34,Sun Full timeout
401391855,4,7:06,Sun 20 Sec. timeout
401391855,4,5:14,Sparks Full timeout
401391856,1,4:44,Official timeout
401391856,2,5:11,Fever Full timeout
401391856,2,4:38,Fever Full timeout
401391856,2,1:17,Mystics Full timeout
401391856,2,10.9,Mystics Full timeout
401391856,3,7:00,Fever Full timeout
401391856,4,5:22,Official timeout
401391856,4,2:14,Fever Full timeout
401391857,1,4:12,Dream Full timeout
401391857,2,5:25,Official timeout
401391857,2,2:30,Liberty Full timeout
401391857,3,7:04,Dream Full timeout
401391857,4,8:01,Liberty Full timeout
401391857,4,6:09,Liberty 20 Sec. timeout
401391857,4,4:31,Dream Full timeout
401391857,4,1:30,Dream 20 Sec. timeout
401391858,1,7:07,Official timeout
401391858,1,4:31,Lynx Full timeout
401391858,2,5:40,Official timeout
401391858,2,2:42,Storm Full timeout
401391858,3,6:16,Lynx Full timeout
401391858,4,5:44,Official timeout
401391858,4,2:26,Storm Full timeout
401391859,1,4:34,Official timeout
401391859,2,5:49,Official timeout
401391859,2,2:19,Official timeout
401391859,3,8:14,Wings Full timeout
401391859,3,2:06,Wings Full timeout
401391859,4,5:37,Mercury Full timeout
401391860,1,6:15,Lynx Full timeout
401391860,2,8:15,Sun Full timeout
401391860,2,3:39,Sun Full timeout
401391860,2,46.0,Lynx Full timeout
401391860,3,4:35,Official timeout
401391860,4,5:55,Sun Full timeout
401391860,4,3:43,Sun Full timeout
401391860,4,1:03,Lynx 20 Sec. timeout
401391861,1,5:52,Liberty Full timeout
401391861,2,5:44,Official timeout
401391861,2,2:37,Dream Full timeout
401391861,2,16.2,Liberty Full timeout
401391861,3,5:10,Liberty Full timeout
401391861,3,4:01,Dream Full timeout
401391861,4,5:49,Official timeout
401391861,4,2:49,Dream Full timeout
401391861,4,1:24,Liberty 20 Sec. timeout
401391861,4,34.0,Dream 20 Sec. timeout
401391861,4,26.9,Liberty 20 Sec. timeout
401391861,4,16.8,Dream 20 Sec. timeout
401391862,1,6:21,Mystics Full timeout
401391862,2,5:32,Official timeout
401391862,2,2:47,Fever Full timeout
401391862,2,2.1,Mystics Full timeout
401391862,3,4:13,Official timeout
401391862,3,1:20,Fever Full timeout
401391862,4,6:35,Fever Full timeout
401391862,4,3:26,Mystics Full timeout
401391864,1,4:57,Official timeout
401391864,2,8:40,Aces Full timeout
401391864,2,2:50,Official timeout
401391864,2,49.8,Storm Full timeout
401391864,2,29.8,Aces Full timeout
401391864,3,4:34,Aces Full timeout
401391864,4,5:39,Aces Full timeout
401391864,4,3:12,Storm Full timeout
401391864,4,58.8,Storm Full timeout
401391864,4,51.6,Aces 20 Sec. timeout
401391864,4,34.8,Storm 20 Sec. timeout
401391864,4,17.5,Aces 20 Sec. timeout
401391863,1,4:48,Official timeout
401391863,1,2:26,Mercury Full timeout
401391863,2,4:47,Official timeout
401391863,2,2:39,Official timeout
401391863,3,5:51,Mercury Full timeout
401391863,3,1:41,Mercury 20 Sec. timeout
401391863,4,4:54,Official timeout
401391863,4,2:36,Official timeout
401391865,1,4:47,Official timeout
401391865,2,8:25,Sparks Full timeout
401391865,2,4:17,Sparks Full timeout
401391865,2,1:33,Sparks 20 Sec. timeout
401391865,2,33.9,Wings Full timeout
401391865,3,8:21,Wings Full timeout
401391865,3,4:21,Sparks Full timeout
401391865,4,5:44,Official timeout
401391865,4,2:48,Sparks Full timeout
401455627,1,4:19,Official timeout
401455627,1,1:28,Liberty Full timeout
401455627,2,6:04,Liberty Full timeout
401455627,2,2:21,Sky Full timeout
401455627,2,1:24,Sky Full timeout
401455627,3,6:29,Sky Full timeout
401455627,3,4:16,Liberty Full timeout
401455627,4,5:21,Official timeout
401455627,4,3:32,Liberty 20 Sec. timeout
401455627,4,2:01,Sky Full timeout
401455627,4,38.9,Sky 20 Sec. timeout
401455628,1,4:38,Official timeout
401455628,2,5:40,Official timeout
401455628,2,4:27,Mercury Full timeout
401455628,2,3:38,Aces Full timeout
401455628,3,4:53,Mercury Full timeout
401455628,3,2:03,Mercury 20 Sec. timeout
401455628,4,5:53,Official timeout
401455628,4,3:58,Mercury Full timeout
401455628,4,1:17,Aces 20 Sec. timeout
401455629,1,5:34,Wings Full timeout
401455629,2,5:55,Official timeout
401455629,2,3:14,Sun Full timeout
401455629,3,5:24,Wings Full timeout
401455629,4,5:26,Official timeout
401455629,4,2:49,Wings Full timeout
401455650,1,3:24,Official timeout
401455650,2,7:27,Mystics Full timeout
401455650,2,5:14,Storm Full timeout
401455650,2,15.2,Mystics Full timeout
401455650,3,4:48,Official timeout
401455650,4,7:11,Storm Full timeout
401455650,4,2:15,Mystics Full timeout
401455650,4,57.4,Storm 20 Sec. timeout
401455650,4,37.3,Mystics 20 Sec. timeout
401455650,4,24.2,Mystics Full timeout
401455651,1,5:09,Liberty Full timeout
401455651,2,7:07,Liberty Full timeout
401455651,2,4:26,Liberty 20 Sec. timeout
401455651,2,2:58,Official timeout
401455651,2,40.0,Sky Full timeout
401455651,3,6:45,Liberty Full timeout
401455651,4,6:32,Sky Full timeout
401455651,4,5:09,Liberty Full timeout
401455651,4,2:16,Liberty 20 Sec. timeout
401455652,1,7:15,Aces Full timeout
401455652,1,5:31,Mercury Full timeout
401455652,2,5:50,Official timeout
401455652,2,2:26,Official timeout
401455652,2,1:22,Mercury 20 Sec. timeout
401455652,2,30.1,Aces Full timeout
401455652,3,6:38,Mercury Full timeout
401455652,3,4:30,Mercury Full timeout
401455652,4,9:08,Aces Full timeout
401455652,4,4:26,Aces 20 Sec. timeout
401455652,4,3:30,Mercury 20 Sec. timeout
401455652,4,2:55,Official timeout
401455653,1,6:41,Sun Full timeout
401455653,1,1:27,Sun Full timeout
401455653,2,6:13,Wings Full timeout
401455653,2,1:39,Official timeout
401455653,3,6:16,Sun Full timeout
401455653,3,3:14,Wings Full timeout
401455653,4,6:56,Wings Full timeout
401455653,4,5:16,Sun 20 Sec. timeout
401455653,4,1:46,Wings Full timeout
401455653,4,1:08,Sun Full timeout
401455654,1,4:23,Mystics Full timeout
401455654,2,5:41,Storm Full timeout
401455654,2,2:48,Official timeout
401455654,2,39.1,Mystics Full timeout
401455654,3,5:58,Mystics Full timeout
401455654,4,8:12,Mystics 20 Sec. timeout
401455654,4,5:26,Storm Full timeout
401455654,4,2:02,Mystics 20 Sec. timeout
401455654,4,2:02,Official timeout
401455654,4,1:14,Storm Full timeout
401455657,1,4:58,Official timeout
401455657,2,5:25,Liberty Full timeout
401455657,2,2:59,Sky Full timeout
401455657,2,26.6,Sky Full timeout
401455657,2,15.2,Liberty Full timeout
401455657,3,5:00,Sky Full timeout
401455657,3,2:17,Liberty Full timeout
401455657,4,9:34,Sky Full timeout
401455657,4,5:45,Liberty Full timeout
401455657,4,4:13,Liberty 20 Sec. timeout
401455657,4,1:30,Liberty 20 Sec. timeout
401455659,1,4:22,Official timeout
401455659,2,9:25,Wings Full timeout
401455659,2,5:29,Sun Full timeout
401455659,2,36.8,Sun Full timeout
401455659,3,6:22,Wings Full timeout
401455659,4,7:34,Wings Full timeout
401455659,4,5:37,Sun Full timeout
401455659,4,3:19,Wings 20 Sec. timeout
401455659,4,21.7,Sun Full timeout
401455660,1,6:36,Aces Full timeout
401455660,2,5:44,Official timeout
401455660,2,2:59,Official timeout
401455660,2,2:06,Storm Full timeout
401455660,2,49.6,Aces Full timeout
401455660,3,4:43,Official timeout
401455660,3,1:55,Aces 20 Sec. timeout
401455660,4,6:09,Storm Full timeout
401455660,4,2:30,Official timeout
401455660,4,34.6,Aces Full timeout
401455660,4,6.8,Aces 20 Sec. timeout
401455661,1,5:46,Sky Full timeout
401455661,2,5:17,Sun Full timeout
401455661,2,1:28,Official timeout
401455661,3,5:08,Sun Full timeout
401455661,3,2:50,Sky Full timeout
401455661,4,8:47,Sun Full timeout
401455661,4,1:54,Official timeout
401455661,4,35.9,Sun 20 Sec. timeout
401455661,4,17.1,Sky Full timeout
401455661,4,17.1,Sky 20 Sec. timeout
401455661,4,3.8,Sky 20 Sec. timeout
401455671,1,3:59,Official timeout
401455671,2,7:45,Sky Full timeout
401455671,2,3:23,Sun Full timeout
401455671,2,2:08,Sun Full timeout
401455671,2,28.9,Sky Full timeout
401455671,3,4:46,Official timeout
401455671,3,3:24,Sky Full timeout
401455671,3,2:03,Sun Full timeout
401455671,4,5:44,Sky Full timeout
401455671,4,4:38,Sun Full timeout
401455671,4,3:09,Sky 20 Sec. timeout
401455671,4,1:13,Sun 20 Sec. timeout
401455671,4,49.3,Sky 20 Sec. timeout
401455674,1,4:31,Official timeout
401455674,1,1:23,Aces Full timeout
401455674,2,6:46,Storm Full timeout
401455674,2,2:20,Official timeout
401455674,3,3:32,Official timeout
401455674,4,7:44,Aces Full timeout
401455674,4,1:36,Storm Full timeout
401455674,4,27.3,Storm 20 Sec. timeout
401455674,4,19.9,Aces 20 Sec. timeout
401455674,4,18.9,Aces 20 Sec. timeout
401455674,4,17.7,Storm Full timeout
401455674,4,6.3,Storm 20 Sec. timeout
401455675,1,4:54,Official timeout
401455675,2,6:07,Sun Full timeout
401455675,2,4:20,Sky Full timeout
401455675,2,1:40,Sky Full timeout
401455675,2,33.3,Sun Full timeout
401455675,3,6:59,Sun Full timeout
401455675,3,5:45,Sky 20 Sec. timeout
401455675,3,2:45,Sky Full timeout
401455675,4,5:57,Official timeout
401455675,4,2:25,Sun 20 Sec. timeout
401455675,4,2:25,Sky Full timeout
401455675,4,54.4,Sun Full timeout
401455675,4,15.2,Sun 20 Sec. timeout
401455676,1,4:34,Official timeout
401455676,2,8:36,Aces Full timeout
401455676,2,6:23,Storm Full timeout
401455676,2,1:00,Aces Full timeout
401455676,3,5:29,Aces Full timeout
401455676,4,3:50,Official timeout
401455676,4,2:35,Storm Full timeout
401455676,4,11.3,Aces 20 Sec. timeout
401455676,4,8.9,Storm Full timeout
401455676,4,6.9,Aces Full timeout
401455676,4,2.7,Storm 20 Sec. timeout
401455676,4,0.8,Aces 20 Sec. timeout
401455676,5,1:44,Storm Full timeout
401455677,1,7:42,Sky Full timeout
401455677,1,3:29,Sun Full timeout
401455677,2,5:28,Official timeout
401455677,2,2:49,Sun Full timeout
401455677,3,4:35,Official timeout
401455677,4,7:20,Sky Full timeout
401455677,4,6:08,Sky 20 Sec. timeout
401455677,4,4:31,Sun Full timeout
401455678,1,5:35,Aces Full timeout
401455678,1,1:22,Storm Full timeout
401455678,2,5:20,Official timeout
401455678,2,2:59,Storm Full timeout
401455678,3,4:23,Official timeout
401455678,3,2:49,Storm 20 Sec. timeout
401455678,4,7:55,Aces 20 Sec. timeout
401455678,4,5:46,Storm Full timeout
401455678,4,2:29,Aces Full timeout
401455678,4,30.0,Storm Full timeout
401455678,4,28.7,Aces 20 Sec. timeout
401455678,4,6.1,Aces Full timeout
401455678,4,5.3,Storm 20 Sec. timeout
401455679,1,4:12,Official timeout
401455679,2,6:13,Sun Full timeout
401455679,2,2:41,Sky Full timeout
401455679,2,2:10,Sun Full timeout
401455679,3,7:27,Sun Full timeout
401455679,4,5:54,Official timeout
401455679,4,4:22,Sun 20 Sec. timeout
401455679,4,2:45,Sky Full timeout
401455679,4,1:02,Sun 20 Sec. timeout
401455679,4,20.4,Sky Full timeout
401455681,1,4:03,Sun Full timeout
401455681,2,7:43,Aces Full timeout
401455681,2,2:45,Official timeout
401455681,2,1:34,Sun Full timeout
401455681,2,26.5,Aces Full timeout
401455681,3,4:33,Official timeout
401455681,4,6:26,Sun Full timeout
401455681,4,3:52,Sun 20 Sec. timeout
401455681,4,1:52,Official timeout
401455681,4,34.2,Aces 20 Sec. timeout
401455681,4,13.4,Sun Full timeout
401455682,1,3:45,Aces Full timeout
401455682,1,1:55,Sun Full timeout
401455682,2,5:14,Sun Full timeout
401455682,2,2:46,Sun Full timeout
401455682,2,19.3,Aces Full timeout
401455682,3,7:12,Aces Full timeout
401455682,3,6:03,Sun Full timeout
401455682,4,6:18,Sun Full timeout
401455682,4,1:59,Sun 20 Sec. timeout
401455683,1,7:45,Sun Full timeout
401455683,1,4:58,Aces Full timeout
401455683,2,8:33,Aces Full timeout
401455683,2,1:44,Official timeout
401455683,2,26.8,Sun Full timeout
401455683,3,4:09,Official timeout
401455683,4,8:35,Aces Full timeout
401455683,4,2:33,Sun Full timeout
401455684,1,5:10,Sun Full timeout
401455684,1,1:12,Sun Full timeout
401455684,2,5:48,Official timeout
401455684,2,3:29,Aces Full timeout
401455684,2,20.9,Aces Full timeout
401455684,3,4:57,Official timeout
401455684,4,6:24,Aces Full timeout
401455684,4,2:44,Sun Full timeout
401455684,4,1:07,Aces 20 Sec. timeout
401455684,4,53.2,Sun Full timeout
401455684,4,25.5,Sun 20 Sec. timeout
401455684,4,25.5,Sun 20 Sec. timeout
401455684,4,18.1,Aces 20 Sec. timeout
401857107,1,4:15,Official timeout
401857107,2,9:00,Lynx Full timeout
401857107,2,9:00,(09:00) [Fever] COACH'S CHALLENGE (CALL 
401857107,2,5:57,Fever Full timeout
401857107,3,4:59,Official timeout
401857107,3,1:36,Fever Full timeout
401857107,4,8:06,Fever Full timeout
401857107,4,4:44,Lynx Full timeout
401857107,4,3:33,Lynx Full timeout
401857107,4,58.7,Fever Reset Timeout
401857107,4,50.8,Lynx Reset Timeout
401857107,4,32.3,Fever Full timeout
401857108,1,4:36,Official timeout
401857108,1,2:40,Fire Full timeout
401857108,1,2:40,(02:40) [Fire] COACH'S CHALLENGE (REPLAY
401857108,2,5:59,Fire Full timeout
401857108,2,2:47,Sparks Full timeout
401857108,3,8:32,(08:32) [Sparks] COACH'S CHALLENGE (CALL
401857108,4,5:55,Fire Full timeout
401857108,4,2:41,Sparks Full timeout
401857108,4,1:32,Sparks Full timeout
401857108,4,30.1,Fire Full timeout
401857108,4,27.6,Sparks Full timeout
401857108,4,22.9,Fire Reset Timeout
401857108,4,19.1,Fire Full timeout
401857108,4,16.8,Sparks Reset Timeout
