game_id,date,season,home,away,home_score,away_score,ml_h,ml_a,spread,sp_h,sp_a,total,ou_o,ou_u,n_bk_sp,n_bk_ou,home_margin,game_total,home_won,home_covered,over_hit,pstr,pnews,telo,zone,rest,b2b,form5,pace_d,pace_s,tov,oreb,ftr,p3ar,p3pct,stk,bench,drop,fluid,pmr,pfr,ftp,blkr,q4,road,m_scdef,m_pade,m_rb,m_vo,m_all5,lgenv,mkt,ats
401525954,20230513,2023,MIN,CHI,74,82,1.76,2.06,-1.5,1.87,1.91,156.5,1.88,1.89,5,6,-8,156,0,0.0,0.0,-0.0847,-0.0839,-5.1,0.246,0.0,0.0,-7.79,5.96,156.04,-0.0173,-0.1021,0.2195,0.1593,-0.2695,-7.74,-0.1073,0.0007,-0.0501,-0.0458,-3.8421,-0.319,-1.5263,0.1594,0.0,-0.2127,-0.2647,0.002,-0.0259,-0.3,162.0,1.5,-9.5
401537462,20230513,2023,IND,DAL,90,83,2.74,1.44,5.5,1.89,1.89,154.5,1.9,1.89,3,6,7,173,1,1.0,1.0,-0.1918,-0.2027,-19.4,-7.813,0.0,0.0,-30.0,2.52,156.68,0.0818,-0.2221,-0.2468,-0.0871,0.0308,-2.0,-0.0582,-0.1942,-0.1784,-0.3029,-1.0,-0.1813,-3.0,-0.319,0.0,-0.1611,-0.223,-0.1777,-0.2189,-0.6835,162.0,-5.5,12.5
401537464,20230514,2023,ATL,CON,68,85,2.27,1.64,3.5,1.91,1.91,158.5,1.9,1.89,4,6,-17,153,0,0.0,0.0,-0.0971,-0.1233,-14.2,-9.074,0.0,0.0,-18.0,16.24,170.72,0.0029,-0.0103,-0.1106,0.0538,-0.125,-1.0,0.0832,-0.3327,-0.0865,-0.2232,-3.0,0.0868,0.0,0.6064,0.0,-0.1402,-0.2313,-0.0433,0.0305,-0.2724,162.0,-3.5,-13.5
401507130,20230519,2023,IND,CON,61,70,3.45,1.31,7.0,1.96,1.83,161.5,1.9,1.91,7,10,-9,131,0,0.0,0.0,-0.0541,-0.0261,-29.8,-7.336,0.0,0.0,-19.95,-2.63,162.97,-0.0084,-0.1244,-0.0034,0.0307,0.0304,-3.21,-0.2693,0.2522,0.0873,-0.354,-2.8947,0.0532,-3.1579,0.1163,1.0,-0.0922,-0.2398,-0.0977,-0.0688,-0.2538,162.0,-7.0,-2.0
401507131,20230519,2023,WSH,NY,80,64,2.18,1.68,2.5,1.91,1.9,162.5,1.88,1.91,8,10,16,144,1,1.0,0.0,0.0565,0.212,16.1,1.156,0.0,0.0,11.42,7.94,162.71,-0.0342,0.0181,-0.0123,-0.1041,-0.0398,6.68,-0.0231,0.3005,0.1699,0.5361,2.0526,0.0697,3.7895,-1.0463,2.0,0.4338,0.2457,-0.1217,0.0393,0.3674,162.0,-2.5,18.5
401507132,20230519,2023,MIN,CHI,66,77,1.46,2.7,-5.5,1.93,1.87,162.5,1.9,1.9,8,10,-11,143,0,0.0,0.0,-0.0598,0.0305,-25.8,1.273,0.0,0.0,-12.55,2.02,158.0,-0.0418,-0.1363,0.182,0.0749,-0.1333,-2.73,0.0631,-0.0627,0.0861,-0.0714,-1.529,-0.1373,-0.8602,-0.0218,1.0,-0.1247,-0.1347,-0.0928,0.0718,-0.0897,162.0,5.5,-16.5
401507133,20230519,2023,LA,PHX,94,71,1.77,2.05,-2.5,1.95,1.87,157.5,1.96,1.83,8,10,23,165,1,1.0,1.0,0.1557,0.2397,28.0,7.08,0.0,0.0,26.16,5.17,159.79,-0.0429,-0.0553,-0.0493,-0.1311,0.097,-0.05,0.2029,0.0008,0.2217,0.3397,1.0,-0.2234,-3.5789,0.1181,0.0,0.011,0.0883,-0.0067,0.0225,0.238,162.0,2.5,20.5
401507134,20230520,2023,SEA,LV,64,105,7.01,1.1,12.5,2.01,1.75,167.5,1.88,1.9,8,10,-41,169,0,0.0,1.0,-0.0979,-0.1896,-14.9,-3.201,0.0,0.0,-13.0,-6.48,158.48,-0.0776,0.0528,0.1159,0.0,-0.16,6.0,-0.4552,0.3714,-0.1618,-0.2189,3.0,-0.2235,6.0,0.0166,0.0,-0.1075,0.1268,-0.0697,-0.0144,-0.1395,162.0,-12.5,-28.5
401507135,20230520,2023,DAL,ATL,85,78,1.78,2.06,-2.5,1.95,1.83,158.5,1.73,2.11,8,10,7,163,1,1.0,1.0,0.2031,0.2383,23.6,2.915,0.0,0.0,13.32,-10.91,172.48,-0.0073,0.0931,0.0719,0.0876,0.0234,0.32,-0.2496,0.6913,0.2779,0.4471,-3.1053,-0.0258,1.9474,0.0958,0.0,0.2587,0.1562,0.1337,0.083,0.5833,162.0,2.5,4.5
401507136,20230521,2023,CON,WSH,80,74,1.95,1.84,-1.5,1.95,1.86,156.5,1.79,1.97,8,10,6,154,1,1.0,0.0,0.0083,-0.0809,18.8,5.021,0.0,0.0,1.77,-1.51,168.05,0.025,0.1618,0.1642,-0.0944,0.0016,-1.37,-0.1967,0.1819,-0.1946,0.0557,3.5018,-0.2331,0.3727,0.1737,0.0,-0.1731,-0.1629,0.2336,0.0885,-0.0052,162.0,1.5,4.5
401507137,20230521,2023,NY,IND,90,73,1.06,9.79,-16.5,1.91,1.89,157.5,1.87,1.93,8,10,17,163,1,1.0,1.0,0.0083,-0.0603,-2.8,0.161,0.0,0.0,-1.55,-1.83,162.34,0.0239,-0.0087,-0.0625,0.1511,-0.014,-2.67,0.1759,-0.4012,-0.0323,-0.2233,-5.5535,0.1732,-1.1402,0.3348,0.0,-0.1255,-0.0553,0.0815,0.0652,0.0093,162.0,16.5,0.5
401507138,20230521,2023,PHX,CHI,69,75,1.58,2.39,-3.5,1.9,1.91,160.5,1.91,1.9,8,10,-6,144,0,0.0,0.0,-0.1923,-0.2172,-52.9,1.81,0.0,0.0,-23.12,0.13,157.07,0.0097,-0.0412,0.1401,0.0782,-0.1419,-6.54,-0.2579,0.0915,-0.0377,-0.5797,0.2515,-0.0398,0.9978,0.025,2.0,-0.2426,-0.4422,-0.1085,-0.0346,-0.5106,162.0,3.5,-9.5
401507139,20230523,2023,WSH,CON,81,88,1.45,2.74,-5.5,1.93,1.87,158.5,1.9,1.9,8,10,-7,169,0,0.0,1.0,-0.0384,0.0444,-29.1,-5.971,0.0,0.0,-4.74,1.6,168.48,-0.0081,-0.1425,-0.1777,0.0785,-0.0404,0.68,0.1036,-0.093,0.112,-0.1245,-1.6112,0.1881,0.3172,-0.1135,0.0,0.1722,0.0781,-0.2592,-0.1427,-0.1404,162.0,5.5,-12.5
401507140,20230523,2023,MIN,ATL,77,83,1.76,2.08,-2.5,1.92,1.85,161.5,1.91,1.91,8,10,-6,160,0,0.0,0.0,0.1883,0.2644,12.1,5.752,1.0,0.0,6.0,-10.66,171.59,0.0118,-0.0625,0.0904,0.0321,0.0312,1.01,0.0603,0.3063,0.3047,0.2463,-6.7565,-0.0297,1.4354,0.0224,1.0,0.2544,0.1252,-0.0018,-0.2495,0.1189,162.0,2.5,-8.5
401507141,20230525,2023,LA,LV,85,94,9.04,1.07,12.5,2.16,1.65,170.5,1.87,1.93,8,9,-9,179,0,1.0,1.0,-0.1002,-0.1781,-6.9,2.38,0.0,0.0,-3.79,-4.06,167.21,-0.0557,0.0291,0.0882,-0.0244,-0.1286,-0.11,-0.0353,-0.1822,-0.1158,-0.1016,5.0,-0.0549,-2.6842,-0.0873,1.0,-0.2202,0.0842,-0.1305,-0.0885,-0.2839,162.0,-12.5,3.5
401507142,20230525,2023,PHX,MIN,90,81,1.51,2.6,-2.5,1.79,2.01,158.5,1.8,2.03,8,9,9,171,1,1.0,1.0,-0.0481,-0.1289,-1.7,3.112,2.0,0.0,-5.1,-0.17,159.09,0.0159,-0.0479,0.0191,0.0022,-0.0016,-1.45,-0.2696,0.2411,-0.082,-0.2223,1.2411,0.0649,2.9305,0.1283,0.0,0.1137,-0.1828,-0.202,-0.0431,-0.3398,162.0,2.5,6.5
401507143,20230526,2023,CHI,WSH,69,71,2.62,1.5,4.5,1.93,1.87,157.5,1.91,1.86,8,10,-2,140,0,1.0,0.0,-0.1059,-0.081,40.2,1.886,2.0,0.0,7.32,-4.45,161.33,0.0114,0.0988,-0.0633,-0.0855,0.1481,2.16,0.3885,-0.7114,-0.0261,0.0932,-1.3999,-0.0665,0.9458,0.1179,0.0,-0.0231,0.1193,0.1277,0.0106,0.1524,162.0,-4.5,2.5
401507144,20230526,2023,SEA,DAL,91,95,2.59,1.51,4.5,1.9,1.91,160.5,1.9,1.91,8,10,-4,186,0,1.0,1.0,-0.1591,-0.1895,-43.9,-4.287,0.0,0.0,-26.17,0.6,167.82,-0.054,-0.111,-0.1197,-0.0726,-0.0311,2.66,0.0515,-0.2462,-0.0818,-0.3904,-1.2801,-0.1768,1.839,-0.1706,0.0,-0.0201,0.1167,-0.1092,-0.2459,-0.3454,162.0,-4.5,0.5
401507145,20230527,2023,NY,CON,81,65,1.34,3.25,-7.5,1.91,1.87,163.5,1.9,1.91,8,10,16,146,1,1.0,0.0,-0.209,-0.1336,-57.6,-3.556,1.0,0.0,-10.96,-1.89,163.9,0.0572,-0.0644,-0.2222,0.1692,0.0504,-3.18,0.1424,-0.3986,0.0608,-0.5749,-4.3326,0.1548,-1.6094,0.1037,1.0,-0.1274,-0.2732,0.0134,-0.0915,-0.263,162.0,7.5,8.5
401507146,20230527,2023,LV,LA,93,65,1.07,8.49,-15.5,1.91,1.91,171.5,1.91,1.9,8,10,28,158,1,1.0,0.0,0.1521,0.1306,29.1,4.725,0.0,0.0,9.03,1.28,170.5,0.0754,-0.013,0.0223,0.067,0.1056,-2.15,-0.042,0.2613,0.0292,0.184,-5.369,0.0663,2.4317,0.2075,0.0,0.172,-0.189,0.1524,0.0137,0.1211,162.0,15.5,12.5
401507147,20230528,2023,ATL,IND,87,90,1.31,3.44,-7.5,1.94,1.86,160.5,1.91,1.9,8,10,-3,177,0,0.0,1.0,0.0351,0.0194,7.5,0.245,0.0,0.0,4.31,5.7,171.71,-0.0136,0.0684,-0.012,0.0313,-0.0401,-0.24,0.2067,-0.3226,0.1017,0.0975,-1.2509,0.1154,0.6077,0.0241,1.0,-0.0834,0.0592,0.0683,0.2319,0.2778,162.0,7.5,-10.5
401507148,20230528,2023,CHI,DAL,94,88,1.67,2.21,-2.5,1.89,1.92,161.5,1.91,1.88,8,10,6,182,1,1.0,1.0,0.1097,0.0934,23.2,4.844,0.0,0.0,6.03,-4.15,163.72,0.0295,-0.0462,-0.1285,-0.0747,0.0867,0.87,0.4326,-0.4487,-0.1268,-0.0099,2.0068,-0.0479,0.4638,0.0974,1.0,-0.0562,0.1123,-0.0547,-0.1115,-0.1689,162.0,2.5,3.5
401507149,20230528,2023,LV,MIN,94,73,1.06,8.74,-14.5,1.86,1.95,169.5,1.86,1.92,8,10,21,167,1,1.0,0.0,0.5213,0.5771,96.1,5.868,-2.0,1.0,28.27,4.53,166.9,-0.0134,-0.0159,-0.0603,0.0333,0.1678,3.77,0.2546,0.4587,0.5127,0.7316,-3.8017,0.0432,2.4917,0.2035,1.0,0.5556,0.2923,0.1372,0.1153,0.897,156.77,14.5,6.5
401507150,20230530,2023,ATL,CHI,83,65,1.59,2.37,-3.5,1.91,1.91,160.5,1.88,1.91,8,10,18,148,1,1.0,0.0,-0.3578,-0.2811,-67.2,-7.753,0.0,0.0,-11.2,6.38,168.71,-0.0188,-0.0083,0.1155,0.0434,-0.0732,-2.52,-0.4929,0.3121,-0.1391,-0.4041,0.1804,0.0242,-0.89,0.0751,0.0,-0.1906,-0.2072,-0.0805,0.098,-0.2997,157.1,3.5,14.5
401507151,20230530,2023,CON,IND,81,78,1.1,7.22,-12.5,1.91,1.91,157.5,1.88,1.91,8,10,3,159,1,0.0,1.0,0.2666,0.2661,56.9,4.233,1.0,0.0,10.69,-1.58,163.58,-0.0144,0.0089,0.1358,-0.02,-0.0033,1.74,0.1194,0.1936,0.1419,0.3697,-0.5256,0.0201,1.3412,-0.1685,2.0,0.0957,0.3774,0.0473,0.0378,0.3889,156.81,12.5,-9.5
401507152,20230530,2023,DAL,MIN,94,89,1.39,3.0,-6.5,1.9,1.83,167.5,1.86,1.96,8,10,5,183,1,0.0,1.0,0.1158,-0.0281,48.3,-0.028,0.0,0.0,11.89,3.12,166.47,-0.0192,0.0546,-0.0132,0.0471,0.0276,1.83,-0.2771,0.3235,0.0367,0.3417,-0.4022,0.0676,1.3549,-0.0803,2.0,-0.0446,0.0002,-0.0094,0.3039,0.2538,156.88,6.5,-1.5
401507153,20230530,2023,SEA,NY,78,86,8.61,1.07,15.5,1.84,1.97,161.5,1.84,1.96,8,10,-8,164,0,1.0,1.0,-0.3121,-0.4202,-49.3,-12.152,1.0,0.0,-19.16,4.71,164.14,-0.0834,-0.0034,0.066,-0.0864,-0.0812,3.73,-0.1985,-0.2338,-0.212,-0.2646,-0.7466,-0.0701,2.9556,-0.1691,0.0,0.051,0.0888,-0.109,0.0858,-0.091,157.65,-15.5,7.5
401507154,20230601,2023,MIN,CON,84,89,3.03,1.38,4.5,1.99,1.75,159.5,1.9,1.9,8,10,-5,173,0,0.0,1.0,-0.2215,-0.1363,-84.3,-2.457,0.0,0.0,-11.56,1.47,162.58,0.0061,-0.0547,-0.0775,0.0092,-0.0059,-2.46,0.0097,-0.2889,0.0593,-0.4572,-1.1506,0.0645,-1.6215,0.0122,0.0,0.0588,-0.2158,-0.1253,-0.2224,-0.3328,157.83,-4.5,-0.5
401507155,20230602,2023,WSH,DAL,75,74,1.29,3.63,-7.5,1.87,1.93,163.5,1.81,2.0,8,10,1,149,1,0.0,0.0,0.1041,0.1033,-4.3,3.62,2.0,0.0,1.72,-1.26,167.01,0.0285,-0.0996,-0.0299,-0.0159,-0.0162,0.28,0.0715,0.0432,-0.2335,0.0549,2.1673,0.0052,-0.3099,-0.1753,0.0,-0.0151,0.0382,-0.11,-0.2676,-0.421,158.25,7.5,-6.5
401507156,20230602,2023,ATL,LV,87,92,5.79,1.14,11.5,1.91,1.9,171.5,1.85,1.95,8,10,-5,179,0,1.0,1.0,-0.5105,-0.6367,-82.9,-4.889,-2.0,0.0,-20.53,1.04,172.35,0.0078,0.0534,0.0766,-0.1058,-0.0921,-4.0,-0.5312,-0.0883,-0.6159,-0.7054,1.0702,-0.0425,-1.1342,0.0159,0.0,-0.7159,-0.5927,0.0076,0.0585,-0.9453,158.0,-11.5,6.5
401507157,20230602,2023,CHI,NY,76,77,4.9,1.18,9.5,1.95,1.87,161.5,1.91,1.85,8,10,-1,153,0,1.0,0.0,-0.1062,-0.2488,12.3,-1.201,0.0,0.0,-5.5,2.83,161.15,-0.0142,0.0619,-0.0386,-0.1423,-0.0157,0.31,0.3339,-0.7195,-0.4517,-0.0978,0.7037,-0.0245,-0.0955,-0.0351,1.0,-0.2998,-0.0847,0.0796,0.2047,-0.1272,158.55,-9.5,8.5
401507159,20230603,2023,WSH,MIN,78,80,1.25,3.91,-8.5,1.95,1.83,160.5,1.9,1.91,8,10,-2,158,0,0.0,0.0,0.2325,0.2361,62.2,3.583,-1.0,1.0,9.83,1.98,164.06,-0.0017,-0.0694,-0.0064,0.0377,-0.0302,3.04,0.0163,0.3336,-0.0216,0.4986,0.6114,0.0807,1.1084,-0.2655,0.0,0.2282,0.311,-0.0209,0.1308,0.3547,159.25,8.5,-10.5
401507160,20230603,2023,LA,SEA,92,85,1.37,3.09,-6.5,1.91,1.91,162.5,1.89,1.91,8,10,7,177,1,1.0,1.0,0.228,0.3249,70.5,10.575,-3.0,1.0,14.97,3.26,167.94,0.0264,-0.0323,-0.0247,-0.014,0.059,-1.33,0.4978,-0.2863,0.2889,0.3732,0.8633,0.0492,-2.986,0.0168,0.0,0.2018,0.1173,-0.1488,-0.059,0.1329,159.22,6.5,0.5
401507161,20230604,2023,CON,DAL,80,74,1.32,3.41,-8.5,2.09,1.77,165.5,1.89,1.91,8,10,6,154,1,0.0,0.0,0.1104,0.1556,37.6,4.881,1.0,0.0,-0.58,-3.65,163.81,0.0233,0.0042,0.0577,-0.0628,0.0142,-0.82,0.2082,-0.052,0.0606,0.2372,0.5556,-0.095,0.3451,0.032,1.0,0.0717,0.0402,-0.0021,-0.1651,-0.0677,159.64,8.5,-2.5
401507162,20230604,2023,NY,CHI,82,86,1.11,6.7,-13.5,2.0,1.83,156.5,1.9,1.87,8,10,-4,168,0,0.0,1.0,0.2213,0.2018,-2.8,-0.404,0.0,0.0,8.04,-2.23,160.14,0.0055,-0.0857,0.0291,0.1379,-0.0257,0.56,0.1641,-0.0292,0.3627,0.0556,-1.3864,0.0447,0.7821,0.0628,0.0,0.2393,0.1722,-0.2481,-0.1989,-0.0229,159.51,13.5,-17.5
401507163,20230604,2023,IND,LV,80,84,9.83,1.06,14.5,1.96,1.81,171.5,1.9,1.91,8,10,-4,164,0,1.0,0.0,-0.5451,-0.6447,-102.0,-5.349,3.0,0.0,-23.46,-4.09,167.79,0.0287,0.0734,-0.0382,-0.0673,-0.0875,-3.8,-0.4791,-0.2053,-0.5309,-0.9484,5.8947,-0.098,-1.8287,-0.0445,1.0,-0.6329,-0.6586,0.1441,-0.0826,-0.9546,159.7,-14.5,10.5
401507164,20230606,2023,CON,LV,84,90,2.83,1.43,5.5,1.87,1.92,167.5,1.88,1.91,8,10,-6,174,0,0.0,1.0,-0.2782,-0.2593,-32.9,1.391,0.0,0.0,-11.23,-4.36,165.51,0.0393,0.0959,0.0564,-0.0676,-0.0273,-3.63,-0.618,0.4395,-0.1777,-0.2881,3.9563,-0.0459,-1.8992,-0.1562,2.0,-0.5289,-0.4807,0.1507,-0.0506,-0.5653,159.8,-5.5,-0.5
401507166,20230606,2023,SEA,LA,66,63,2.36,1.59,2.5,1.92,1.85,166.5,1.91,1.86,8,10,3,129,1,1.0,0.0,-0.2748,-0.3597,-79.4,-7.318,0.0,0.0,-12.09,-2.12,166.65,0.0045,0.023,-0.0138,0.0359,-0.0074,0.61,0.2525,-0.8217,-0.3097,-0.5053,1.3678,-0.0601,4.1607,-0.1268,0.0,-0.1282,-0.3034,0.1814,0.0533,-0.2259,161.19,-2.5,5.5
401507168,20230607,2023,DAL,PHX,84,79,1.46,2.69,-4.5,1.85,1.96,163.5,1.87,1.91,8,10,5,163,1,1.0,0.0,0.0021,-0.0795,32.8,-5.423,-2.0,0.0,6.69,2.08,163.85,-0.0647,0.067,-0.0905,-0.0118,-0.0169,1.43,-0.0541,-0.0509,-0.2333,0.1906,-1.2148,0.0356,-2.3837,0.0041,0.0,-0.4627,0.1896,0.3266,0.4478,0.4845,157.24,4.5,0.5
401507169,20230608,2023,CON,LV,94,77,2.75,1.45,4.5,1.99,1.79,167.5,1.88,1.91,8,10,17,171,1,1.0,1.0,-0.3968,-0.4027,-49.8,2.762,0.0,0.0,-12.74,-3.24,166.1,0.0335,0.0973,0.0314,-0.0348,-0.0033,-4.16,-0.5222,0.1765,-0.3368,-0.4357,3.9341,-0.0626,-2.226,0.0,3.0,-0.7586,-0.5971,0.1245,-0.0543,-0.845,157.36,-4.5,21.5
401507170,20230609,2023,ATL,NY,83,106,3.12,1.37,6.5,1.88,1.91,163.5,1.86,1.93,8,10,-23,189,0,0.0,1.0,-0.194,-0.113,-30.2,0.046,0.0,0.0,-4.31,6.08,167.58,-0.0274,0.0434,0.0859,-0.0999,-0.0107,-0.34,-0.2955,0.2936,-0.0988,-0.068,0.0042,0.0131,-0.091,0.0064,0.0,0.0239,-0.2024,0.1111,0.3456,0.2097,157.63,-6.5,-16.5
401507171,20230609,2023,DAL,PHX,90,77,1.43,2.81,-4.5,1.78,1.99,168.5,1.91,1.89,8,9,13,167,1,1.0,0.0,-0.0312,-0.0277,41.7,-4.992,0.0,0.0,5.15,2.25,166.26,-0.0505,0.1085,-0.0435,-0.0214,-0.028,0.37,0.3197,-0.4566,-0.1156,0.2703,-2.6157,0.0267,-1.9906,0.0919,1.0,-0.3607,-0.0678,0.4334,0.4583,0.4909,158.23,4.5,8.5
401507172,20230609,2023,MIN,IND,69,71,1.69,2.19,-3.5,1.9,1.83,160.5,1.89,1.91,8,9,-2,140,0,0.0,0.0,-0.0279,0.0007,-12.2,1.157,2.0,0.0,-1.9,-1.71,163.28,0.0107,-0.0073,0.0911,0.0217,-0.0255,-0.97,-0.0112,0.0179,-0.1023,0.0644,-3.4403,0.0577,-0.8088,0.0323,1.0,-0.0487,-0.0697,0.0693,-0.1465,-0.1245,158.4,3.5,-5.5
401507173,20230609,2023,LA,CHI,77,62,1.58,2.39,-3.5,1.9,1.91,161.5,2.01,1.8,8,10,15,139,1,1.0,0.0,-0.0684,-0.0825,-17.9,1.04,0.0,0.0,-4.09,0.78,166.7,-0.0,-0.0455,0.0414,-0.0033,-0.0439,-0.48,-0.1904,0.0779,0.0155,-0.0143,1.695,0.0427,-2.5116,-0.0564,0.0,0.1219,-0.0211,-0.0909,-0.2062,-0.2294,158.06,3.5,11.5
401507174,20230609,2023,SEA,WSH,66,73,6.17,1.12,11.5,1.95,1.79,156.5,1.91,1.87,8,10,-7,139,0,1.0,0.0,-0.3032,-0.3999,-57.7,-5.264,-2.0,0.0,-7.59,-0.03,164.31,-0.0192,0.0593,-0.0157,-0.0397,0.0198,1.25,-0.1037,-0.4438,-0.1663,-0.4859,1.1875,-0.1322,2.243,0.1105,0.0,0.0064,0.1223,0.1289,-0.1847,-0.0945,157.71,-11.5,4.5
401507175,20230611,2023,NY,DAL,102,93,1.24,4.11,-8.5,1.91,1.91,169.5,1.86,1.91,8,10,9,195,1,1.0,1.0,0.3107,0.344,15.6,-1.03,0.0,0.0,5.21,-2.89,166.57,0.0188,-0.1216,-0.0477,0.0417,0.0783,0.1,0.0301,0.4056,0.3493,-0.0062,-0.8245,-0.0296,0.608,0.1627,0.0,0.331,0.3591,-0.3059,-0.2181,0.1083,157.38,8.5,0.5
401507176,20230611,2023,LV,CHI,93,80,1.08,7.69,-13.5,1.89,1.91,168.5,1.92,1.87,8,10,13,173,1,0.0,1.0,0.2764,0.2835,57.0,-3.931,1.0,0.0,7.05,0.84,166.48,-0.0117,-0.049,0.0806,0.0431,-0.0081,1.68,0.0806,0.2324,0.1875,0.3928,-1.2259,0.0753,-0.0476,-0.054,1.0,0.3958,0.1384,-0.0708,-0.0627,0.2604,158.04,13.5,-0.5
401507177,20230611,2023,ATL,CON,77,89,2.34,1.61,2.5,1.99,1.8,161.5,1.8,2.02,8,9,-12,166,0,0.0,1.0,-0.3509,-0.2919,-94.2,-1.514,-1.0,0.0,-8.12,5.87,168.44,-0.0002,-0.0632,-0.0187,0.0072,-0.0075,-0.77,-0.2525,-0.052,-0.2157,-0.5479,-0.9633,0.0253,1.0028,-0.0211,0.0,-0.0403,-0.2564,-0.0103,0.1791,-0.1406,158.29,-2.5,-9.5
401507178,20230611,2023,IND,PHX,82,85,1.62,2.3,-3.5,1.91,1.91,163.5,1.93,1.85,8,10,-3,167,0,0.0,1.0,-0.0158,-0.017,12.5,-2.222,0.0,0.0,3.36,-0.22,164.31,-0.042,0.0302,-0.1039,-0.0686,0.059,-3.73,0.0152,-0.0225,0.0992,0.1762,-0.0044,-0.0598,-3.7178,0.1543,2.0,-0.5024,-0.31,0.1497,0.1195,-0.1684,158.42,3.5,-6.5
401507179,20230611,2023,SEA,WSH,65,71,2.52,1.52,5.5,1.8,2.05,156.5,2.0,1.8,8,10,-6,136,0,0.0,0.0,-0.3074,-0.2911,-75.3,-4.298,0.0,0.0,-5.2,0.64,163.26,-0.0121,0.0042,-0.0204,-0.0291,0.0176,0.99,-0.2462,-0.078,-0.0798,-0.5937,0.6783,-0.1313,2.363,0.0252,1.0,0.0166,-0.1525,-0.0323,0.2368,0.0297,158.57,-5.5,-0.5
401507180,20230611,2023,MIN,LA,91,86,2.01,1.79,1.5,1.87,1.91,160.5,1.91,1.9,7,10,5,177,1,1.0,1.0,-0.1834,-0.2322,-76.7,-3.808,0.0,0.0,-6.26,-3.07,164.04,0.0267,0.0264,0.0289,0.0258,0.015,-3.01,0.028,-0.2503,-0.1828,-0.522,0.2997,-0.0038,0.396,0.0086,0.0,-0.3231,-0.4957,0.0739,-0.192,-0.6494,158.2,-1.5,6.5
401507181,20230613,2023,IND,WSH,87,66,2.6,1.5,4.5,1.91,1.9,157.5,1.91,1.88,8,10,21,153,1,1.0,0.0,-0.0733,-0.0918,-55.7,-0.846,0.0,0.0,-5.58,0.06,161.87,-0.0132,0.0435,-0.0829,-0.0678,0.0116,-3.68,-0.1113,0.0404,0.2657,-0.4123,2.3032,-0.1244,-0.5597,0.1668,2.0,-0.1366,-0.1108,0.0167,-0.0135,-0.0137,158.5,-4.5,25.5
401507182,20230613,2023,NY,ATL,79,86,1.17,5.07,-10.5,1.95,1.85,169.5,1.83,1.98,8,10,-7,165,0,0.0,0.0,0.5728,0.4743,87.6,0.068,0.0,0.0,14.17,-5.5,169.27,-0.0173,-0.0366,-0.0881,0.0991,0.0404,1.01,0.3542,0.1096,0.5668,0.4421,-1.3389,0.0245,0.4352,0.0157,0.0,0.3289,0.643,-0.1029,-0.3143,0.5004,158.41,10.5,-17.5
401507183,20230613,2023,PHX,SEA,69,83,1.33,3.3,-6.5,1.87,1.94,161.5,1.9,1.91,8,10,-14,152,0,0.0,0.0,0.1787,0.2144,35.8,5.651,0.0,0.0,2.2,-0.16,162.72,0.039,0.0214,0.0559,0.0392,0.009,-1.64,-0.0684,0.4604,0.2868,0.0547,1.2149,0.0648,-0.247,0.0007,0.0,0.1476,-0.0265,-0.1282,-0.2324,-0.112,158.52,6.5,-20.5
401507184,20230614,2023,DAL,LA,61,79,1.47,2.68,-4.5,1.81,1.99,166.5,1.86,1.91,8,10,-18,140,0,0.0,0.0,-0.068,-0.1088,-9.4,-4.318,0.0,0.0,-3.27,1.84,168.31,-0.0065,0.1342,0.0041,0.042,-0.0338,0.07,0.426,-0.5869,-0.0758,-0.1635,1.7148,0.032,1.7341,-0.1225,1.0,-0.278,-0.125,0.4606,0.2963,0.3808,158.42,4.5,-22.5
401507186,20230615,2023,CHI,IND,90,92,2.02,1.8,1.5,1.91,1.91,158.5,1.94,1.85,8,10,-2,182,0,0.0,1.0,-0.0093,0.0921,34.7,-0.579,2.0,0.0,-8.26,1.95,162.68,0.004,-0.0521,-0.0148,0.0049,0.0307,3.83,0.0519,0.0191,-0.0665,-0.234,-4.5367,-0.0075,2.1182,0.0334,0.0,0.2923,0.5048,-0.0275,-0.1161,0.296,158.46,-1.5,-0.5
401507187,20230615,2023,LV,SEA,96,63,1.04,11.8,-18.5,1.95,1.81,167.5,1.87,1.91,8,10,33,159,1,1.0,0.0,0.5556,0.5512,140.6,-0.375,2.0,0.0,2.01,1.81,163.69,0.0048,-0.0085,0.022,-0.0159,0.0347,0.06,0.1053,0.5765,0.3815,0.4844,-2.1945,0.0702,-0.7655,0.1036,1.0,0.3143,0.0195,-0.0974,-0.1005,0.2214,158.81,18.5,14.5
401507188,20230616,2023,WSH,PHX,88,69,1.13,5.96,-11.5,1.89,1.91,156.5,1.9,1.87,8,10,19,157,1,1.0,1.0,0.0571,0.0874,55.2,-1.079,0.0,0.0,4.56,-0.13,161.91,-0.0249,0.0029,-0.0064,0.0047,0.0049,-0.27,-0.1705,0.3266,-0.1845,0.339,-1.5953,0.0294,-1.6419,-0.082,0.0,0.0048,0.0162,0.2421,0.4069,0.4948,158.81,11.5,7.5
401507189,20230616,2023,LA,MIN,72,77,1.42,2.87,-5.5,1.88,1.92,163.5,1.91,1.87,8,10,-5,149,0,0.0,0.0,0.1949,0.3009,80.1,4.052,-3.0,0.0,7.37,1.29,162.66,-0.0289,-0.0661,-0.0452,-0.0238,0.0053,2.84,-0.0813,0.4076,0.2158,0.4319,0.749,-0.0621,0.3186,-0.055,0.0,0.1865,0.4826,0.0726,0.0623,0.638,158.79,5.5,-10.5
401507190,20230617,2023,DAL,SEA,103,109,1.28,3.66,-7.5,1.82,1.99,164.5,1.88,1.91,8,10,-6,212,0,0.0,1.0,0.1037,0.165,55.0,0.605,1.0,0.0,3.06,2.64,165.16,-0.003,0.1307,-0.0136,-0.0082,-0.0292,-2.09,0.2935,-0.1046,0.1286,-0.0245,1.219,0.1655,-1.3675,0.0474,2.0,-0.2454,-0.2715,0.481,0.3263,0.4985,158.65,7.5,-13.5
401507191,20230618,2023,NY,PHX,89,71,1.1,7.42,-14.5,1.89,1.91,161.5,1.86,1.95,8,10,18,160,1,1.0,0.0,0.5193,0.5006,86.0,0.036,3.0,0.0,14.5,0.97,163.4,-0.0362,0.0149,-0.0774,0.0362,0.0583,0.31,0.0987,0.4689,0.4463,0.5475,-1.4169,0.0121,-0.0993,0.0532,1.0,0.3115,0.542,0.1987,0.36,1.2126,159.39,14.5,3.5
401507192,20230618,2023,WSH,CHI,77,69,1.46,2.73,-5.5,2.0,1.83,155.5,1.9,1.91,8,10,8,146,1,1.0,0.0,0.0191,0.0326,4.9,1.5,-1.0,0.0,6.92,-1.06,161.25,0.0129,-0.0398,0.0785,0.0659,-0.0386,-0.2,-0.1272,0.2319,-0.0829,0.3527,1.2308,0.1074,-1.9032,-0.144,0.0,-0.036,-0.1008,0.0155,-0.121,-0.2282,159.4,5.5,2.5
401507193,20230618,2023,IND,ATL,94,100,1.94,1.85,-1.5,1.98,1.83,161.5,1.85,1.95,8,9,-6,194,0,0.0,1.0,0.0342,0.0342,17.2,-2.107,0.0,0.0,8.82,-6.79,166.32,-0.0398,0.0333,-0.0564,-0.01,-0.0176,-2.54,0.0746,-0.0345,0.2358,0.1534,0.0384,-0.0392,-1.5502,0.0068,2.0,-0.1129,0.1385,-0.0838,-0.1193,-0.0172,159.22,1.5,-7.5
401507194,20230618,2023,LA,CON,74,83,2.41,1.58,3.0,2.03,1.78,157.5,1.9,1.91,7,9,-9,157,0,0.0,0.0,-0.1152,-0.1038,-31.6,-0.281,-1.0,0.0,-0.98,-2.65,164.11,-0.0095,-0.0973,-0.052,0.0453,-0.003,-0.66,-0.2488,0.1557,0.006,-0.1282,-0.8406,0.0173,-0.2575,-0.0797,0.0,0.0055,-0.0067,-0.1227,-0.0619,-0.1362,159.68,-3.0,-6.0
401507195,20230618,2023,LV,MIN,93,62,1.06,9.66,-17.5,1.91,1.88,167.5,1.85,1.93,8,10,31,155,1,1.0,0.0,0.5162,0.5622,130.4,-0.572,1.0,0.0,7.78,2.68,162.17,-0.026,-0.0427,-0.0751,0.0076,0.0375,6.16,0.2846,0.4372,0.364,0.6054,-0.8501,-0.0272,2.7057,0.0073,1.0,0.5473,0.6079,0.0406,0.0375,0.8909,159.64,17.5,13.5
401507196,20230620,2023,DAL,ATL,85,73,1.58,2.36,-3.5,1.91,1.9,168.5,1.69,2.14,8,10,12,158,1,1.0,0.0,-0.0472,-0.0082,3.8,-7.106,1.0,0.0,-1.99,-2.72,170.93,-0.0431,0.0822,-0.0632,0.0529,-0.0745,1.28,0.2641,-0.3703,0.1287,-0.2407,0.3128,0.0718,0.3797,-0.078,3.0,-0.1198,0.2318,0.2072,0.2105,0.5365,159.58,3.5,8.5
401507197,20230620,2023,LA,MIN,61,67,1.39,3.01,-5.5,1.85,1.96,157.5,1.91,1.91,8,10,-6,128,0,0.0,0.0,0.1486,0.2878,60.4,1.514,0.0,0.0,7.29,1.01,160.1,-0.0088,-0.0474,-0.0474,-0.0084,0.0075,2.39,0.0189,0.3383,0.2372,0.3224,0.8422,-0.0392,0.0022,-0.0592,2.0,0.2089,0.3714,0.1124,0.0786,0.6242,159.56,5.5,-11.5
401507198,20230620,2023,SEA,CON,79,85,3.93,1.25,8.5,1.9,1.91,159.5,1.81,2.02,8,10,-6,164,0,1.0,1.0,-0.363,-0.403,-122.7,-6.851,1.0,0.0,-10.97,-0.38,164.94,0.0022,-0.0472,0.002,0.1065,-0.0209,0.63,-0.1285,-0.3701,-0.1606,-0.3823,-0.6085,-0.0327,2.823,-0.1389,1.0,0.0657,-0.1623,-0.1355,0.0774,-0.2368,159.16,-8.5,2.5
401507199,20230621,2023,PHX,LV,79,99,13.53,1.03,19.5,1.91,1.91,164.5,1.91,1.91,8,10,-20,178,0,0.0,1.0,-0.7829,-0.921,-169.9,-3.734,0.0,0.0,-28.22,-1.4,161.62,0.0572,0.0068,0.0434,0.0085,-0.0294,-3.38,-0.4688,-0.6192,-0.6654,-1.2887,5.0226,0.0039,-0.9846,-0.0406,0.0,-0.7125,-0.672,-0.1251,-0.3467,-1.5072,159.22,-19.5,-0.5
401507200,20230622,2023,CHI,WSH,59,80,2.13,1.71,2.5,1.88,1.91,155.5,1.9,1.9,8,10,-21,139,0,0.0,0.0,-0.073,-0.0921,-17.8,-1.051,0.0,0.0,-11.0,1.97,160.02,0.017,0.0458,-0.1039,-0.0389,0.0222,-0.31,0.4733,-0.7408,-0.0209,-0.496,-0.6612,-0.1158,1.9664,0.184,0.0,-0.026,-0.0693,-0.0201,-0.0216,-0.061,159.46,-2.5,-18.5
401507201,20230622,2023,MIN,CON,68,89,2.46,1.55,3.5,1.91,1.9,157.5,1.89,1.91,8,10,-21,157,0,0.0,0.0,-0.4085,-0.309,-110.3,-1.671,0.0,0.0,-11.3,-3.39,161.95,0.0026,-0.0302,0.0134,0.0693,-0.0441,-3.47,0.0069,-0.3712,-0.1998,-0.4311,-3.4965,0.0355,-0.5852,0.0121,2.0,-0.1585,-0.4599,0.0834,-0.0734,-0.491,159.21,-3.5,-17.5
401507202,20230622,2023,SEA,IND,68,80,1.71,2.15,-1.5,1.86,1.95,163.5,1.88,1.91,8,10,-12,148,0,0.0,0.0,-0.1098,-0.091,-37.6,-0.586,-2.0,0.0,-8.06,1.16,163.16,0.0152,-0.087,0.0486,0.1084,0.0308,4.27,0.0515,-0.2157,-0.1668,-0.1316,-1.532,-0.037,2.781,-0.0499,0.0,0.2805,0.198,-0.0384,0.0036,0.1172,159.18,1.5,-13.5
401507203,20230623,2023,ATL,NY,80,110,3.54,1.3,7.5,1.89,1.91,166.5,1.83,1.98,8,10,-30,190,0,0.0,1.0,-0.3938,-0.4775,-64.6,3.405,-2.0,0.0,-9.59,4.78,167.5,0.0133,-0.004,0.0788,-0.1249,-0.0201,-1.82,-0.338,-0.1004,-0.4778,-0.43,2.2469,-0.0197,-0.7173,0.1709,0.0,-0.3012,-0.515,-0.0635,0.0057,-0.8,159.05,-7.5,-22.5
401507204,20230623,2023,LA,DAL,76,74,2.23,1.67,1.5,1.96,1.82,162.5,1.83,1.98,8,10,2,150,1,1.0,0.0,-0.0326,-0.0374,16.0,5.472,0.0,0.0,-0.56,-3.7,163.47,0.0138,-0.1618,-0.0487,0.0074,0.0171,-1.97,-0.615,0.7225,-0.2081,0.0131,-2.6255,-0.0687,-2.1661,0.0382,0.0,-0.1283,0.0014,-0.2595,-0.2419,-0.5663,159.41,-1.5,3.5
401507205,20230624,2023,LV,IND,101,88,1.06,9.64,-15.5,1.91,1.91,167.5,1.79,2.0,8,10,13,189,1,0.0,1.0,0.614,0.7166,125.1,1.989,1.0,0.0,12.55,-0.61,161.46,-0.0272,-0.0792,-0.0005,0.0666,0.0318,5.78,0.2005,0.6729,0.5238,0.7461,-4.9443,-0.0,2.1041,-0.1388,1.0,0.7508,0.6437,-0.2068,-0.1235,0.7275,159.3,15.5,-2.5
401507206,20230624,2023,SEA,PHX,97,74,1.8,2.03,-2.5,1.95,1.79,158.5,1.73,2.03,8,10,23,171,1,1.0,1.0,0.0546,0.012,4.8,-1.684,-1.0,0.0,7.92,2.78,162.46,-0.0242,-0.0166,0.0241,0.0375,0.0314,1.25,-0.5706,0.6447,-0.1303,0.4103,-2.8437,-0.0733,0.9244,-0.024,0.0,0.0876,0.2789,0.0409,0.3573,0.5245,159.64,2.5,20.5
401507207,20230625,2023,CON,CHI,96,72,1.38,3.09,-5.5,1.83,1.95,158.5,1.91,1.87,8,10,24,168,1,1.0,1.0,0.3837,0.3069,106.7,6.06,0.0,0.0,21.44,1.54,163.52,-0.0173,-0.0014,0.0754,-0.0299,0.021,1.78,-0.0322,0.4162,0.2931,0.8257,3.4969,0.0212,-1.3022,0.0703,0.0,0.1844,0.2674,-0.0055,0.1559,0.5291,159.77,5.5,18.5
401507209,20230625,2023,LA,DAL,93,83,2.22,1.67,2.5,1.91,1.9,160.5,1.83,1.94,8,10,10,176,1,1.0,1.0,-0.0579,-0.0311,22.6,3.616,0.0,0.0,3.07,-2.51,163.91,-0.004,-0.1641,-0.0248,-0.0063,-0.0024,-0.99,-0.8422,0.9293,-0.1925,-0.011,-3.3236,-0.0386,-2.2565,0.0509,1.0,-0.0138,0.3374,-0.3855,-0.3243,-0.4541,160.06,-2.5,12.5
401507210,20230626,2023,LV,IND,88,80,1.07,8.78,-15.5,1.96,1.83,171.5,2.02,1.79,7,10,8,168,1,0.0,0.0,0.6184,0.7758,135.0,1.215,0.0,0.0,19.66,-1.03,162.11,-0.0272,-0.0658,0.0309,0.078,0.0497,5.01,0.4477,0.399,0.5735,0.9393,-5.3034,-0.0227,2.4937,-0.1237,2.0,0.7553,0.6379,-0.0467,-0.0085,1.0083,160.23,15.5,-7.5
401507211,20230627,2023,CON,NY,81,89,2.59,1.5,4.5,1.91,1.9,166.5,1.83,1.98,8,10,-8,170,0,0.0,1.0,0.0546,-0.1164,39.1,5.384,0.0,0.0,2.03,-0.55,167.38,-0.007,0.0045,-0.0249,-0.141,-0.012,-0.24,-0.2423,0.1775,-0.1966,0.1565,0.6459,-0.0149,-1.7063,0.16,0.0,-0.1548,0.0039,-0.1529,-0.066,-0.3697,160.32,-4.5,-3.5
401507212,20230627,2023,MIN,SEA,104,93,1.56,2.44,-3.5,1.85,1.95,160.5,1.9,1.91,8,10,11,197,1,1.0,1.0,-0.0838,-0.0756,10.2,3.572,2.0,0.0,-5.82,-3.06,161.54,-0.005,0.0274,-0.0269,-0.077,-0.0638,-4.0,-0.2181,0.1817,-0.2342,-0.1217,-1.4011,0.0328,-2.376,0.1931,0.0,-0.3872,-0.1714,0.1116,-0.1155,-0.3975,160.42,3.5,7.5
401507213,20230627,2023,PHX,DAL,62,77,2.39,1.58,3.5,1.91,1.91,167.5,1.87,1.91,8,10,-15,139,0,0.0,0.0,-0.2661,-0.2347,-70.9,-0.89,1.0,0.0,-14.74,-3.25,163.28,0.0222,-0.1318,0.0209,0.02,0.0221,-2.81,-0.1852,-0.0469,-0.1567,-0.6256,0.1444,-0.0296,-1.2719,0.0919,2.0,0.0863,-0.0766,-0.484,-0.164,-0.5712,160.81,-3.5,-11.5
401507214,20230628,2023,CHI,LA,80,63,1.68,2.19,-2.5,1.9,1.91,156.5,1.9,1.9,8,10,17,143,1,1.0,0.0,-0.1281,-0.1205,-40.9,-3.791,0.0,0.0,-13.79,0.29,161.81,0.0215,0.061,-0.0582,-0.0099,0.028,0.16,0.3029,-0.5458,-0.1455,-0.6573,-0.4602,-0.0679,2.2149,-0.0416,0.0,-0.0966,-0.1217,-0.0284,-0.072,-0.2788,160.58,2.5,14.5
401507215,20230628,2023,WSH,ATL,109,86,1.45,2.74,-5.5,1.95,1.83,162.5,1.88,1.91,8,10,23,195,1,1.0,1.0,0.3429,0.4019,89.6,2.014,-2.0,0.0,12.91,-6.93,167.47,-0.0325,-0.0337,-0.0671,0.079,-0.0006,0.51,0.0257,0.3753,0.1975,0.6602,-1.1067,0.01,-1.1425,-0.0928,0.0,0.0139,0.3791,-0.192,-0.1724,0.0722,160.4,5.5,17.5
401507216,20230629,2023,LV,NY,98,81,1.35,3.24,-7.5,2.0,1.77,174.5,1.85,1.91,8,10,17,179,1,1.0,1.0,0.1313,0.2234,52.6,1.902,1.0,0.0,9.38,-2.96,164.37,-0.0173,-0.0158,0.0155,-0.0637,-0.0162,-0.15,-0.1073,0.4103,0.2685,0.4196,-2.2106,-0.0163,-0.0547,-0.0616,1.0,0.3189,0.0906,-0.1723,-0.0956,0.0928,160.75,7.5,9.5
401507217,20230629,2023,PHX,IND,85,63,2.25,1.66,2.5,1.92,1.89,161.5,1.83,1.98,8,10,22,148,1,1.0,0.0,-0.3631,-0.3467,-85.8,-4.947,-1.0,0.0,-15.74,-1.76,160.93,0.0375,-0.0884,0.0313,0.0676,-0.0678,1.71,-0.4003,0.0885,-0.3079,-0.6697,-0.9743,-0.0195,1.1387,-0.0794,3.0,0.1126,-0.1015,-0.4001,-0.1463,-0.597,160.94,-2.5,24.5
401507219,20230630,2023,ATL,WSH,94,89,2.09,1.75,1.5,1.92,1.86,164.5,1.91,1.91,8,10,5,183,1,1.0,1.0,-0.4445,-0.4161,-107.0,-4.917,0.0,0.0,-26.89,5.89,169.22,0.0255,0.0334,0.0771,-0.089,-0.0245,0.28,-0.1618,-0.3036,-0.251,-0.8949,0.4748,-0.0484,0.8747,-0.0103,0.0,-0.0295,-0.236,0.1473,0.3267,0.1091,161.16,-1.5,6.5
401507220,20230630,2023,CHI,LA,86,78,1.74,2.11,-2.5,1.95,1.86,154.5,1.85,1.91,8,10,8,164,1,1.0,1.0,0.0115,-0.016,-15.7,-2.06,0.0,0.0,-2.95,-0.23,160.96,0.0073,0.0553,-0.0362,0.0093,0.0474,0.11,0.391,-0.4668,-0.0365,-0.2866,-1.3889,-0.1001,2.0863,-0.0258,1.0,-0.0381,-0.0978,0.0405,-0.035,-0.1057,161.38,2.5,5.5
401507221,20230701,2023,LV,CON,102,84,1.14,5.91,-11.5,1.91,1.9,170.5,1.91,1.88,8,10,18,186,1,1.0,1.0,0.5308,0.5308,44.0,-2.003,-2.0,0.0,7.02,-3.82,163.23,-0.0112,-0.0303,0.0112,0.067,0.023,-0.79,0.194,0.3847,0.5337,0.6107,-2.5752,0.016,0.9878,-0.2207,0.0,0.4853,0.1363,-0.1015,-0.0795,0.4749,161.4,11.5,6.5
401507222,20230701,2023,PHX,MIN,76,86,1.82,2.01,-1.5,1.95,1.87,159.5,1.9,1.91,8,10,-10,162,0,0.0,1.0,-0.1617,-0.2164,-49.8,-2.205,0.0,0.0,-3.77,-2.05,160.63,0.0486,-0.0226,-0.0016,0.0019,-0.0282,0.93,-0.0464,-0.1912,-0.2479,-0.3874,2.4225,-0.0423,0.9882,-0.1964,1.0,0.1702,-0.1722,-0.19,-0.2062,-0.4732,161.64,1.5,-11.5
401507223,20230702,2023,ATL,LA,112,84,1.47,2.71,-4.5,1.86,1.95,165.5,1.9,1.91,8,10,28,196,1,1.0,1.0,-0.0295,0.0154,-50.7,-1.598,0.0,0.0,-6.63,6.71,167.7,0.0084,0.0207,0.0713,-0.048,0.0849,0.23,0.4291,-0.4586,0.151,-0.1998,4.5254,0.0056,1.7859,0.0643,2.0,0.1726,0.1129,-0.0321,0.1138,0.2755,161.64,4.5,23.5
401507224,20230702,2023,IND,CHI,87,89,1.66,2.25,-2.5,1.88,1.92,159.5,1.91,1.9,8,10,-2,176,0,0.0,1.0,-0.1552,-0.2022,-31.6,0.014,1.0,0.0,-4.45,1.13,160.85,-0.021,0.0543,0.0066,-0.0374,-0.025,-3.09,-0.2624,0.0596,-0.0263,-0.1189,3.4815,0.1705,-2.3974,0.0723,0.0,-0.3067,-0.1519,0.0611,0.0952,-0.0776,161.97,2.5,-4.5
401507225,20230702,2023,DAL,WSH,89,72,1.38,3.05,-5.5,1.85,1.93,162.5,1.94,1.87,8,10,17,161,1,1.0,0.0,-0.2392,-0.1635,-44.3,-4.396,3.0,0.0,-6.41,0.71,164.07,0.0229,0.1338,-0.0202,-0.0153,-0.0656,1.11,0.3613,-0.5791,-0.0439,-0.1147,-0.9084,0.019,0.5873,-0.166,1.0,0.0214,-0.0586,0.3945,0.3253,0.5637,162.1,5.5,11.5
401507226,20230702,2023,SEA,NY,66,81,4.95,1.18,8.5,1.99,1.77,168.5,1.77,2.04,8,10,-15,147,0,0.0,0.0,-0.363,-0.3964,-135.5,-4.059,0.0,0.0,-7.48,0.98,167.47,-0.0116,-0.0304,0.0021,0.0127,-0.0078,-0.0,-0.2335,-0.2302,-0.1087,-0.2875,0.453,-0.0105,-0.4053,-0.0973,2.0,-0.0437,-0.053,-0.1298,0.0744,-0.1879,162.09,-8.5,-6.5
401507227,20230705,2023,NY,PHX,99,95,1.07,9.1,-15.5,1.92,1.89,164.5,1.85,1.93,8,10,4,194,1,0.0,1.0,0.5388,0.5339,170.9,2.365,-1.0,0.0,14.37,4.11,162.09,-0.0346,0.0432,-0.0248,0.0567,0.1055,3.05,0.151,0.4912,0.2254,0.7943,-0.7969,0.0677,0.5723,0.0667,0.0,0.1629,0.4785,0.4046,0.1654,0.9921,161.95,15.5,-11.5
401507228,20230705,2023,MIN,IND,90,83,1.76,2.08,-2.0,1.91,1.91,165.5,1.89,1.91,7,10,7,173,1,1.0,1.0,0.0779,0.0767,15.7,0.509,1.0,0.0,9.58,0.9,162.72,-0.028,-0.0871,0.0259,0.0554,-0.0153,2.61,0.0097,0.098,0.1051,0.2418,-3.0006,0.0126,0.8021,0.1361,0.0,0.3112,0.4304,-0.0833,0.0638,0.4265,162.25,2.0,5.0
401507229,20230705,2023,LV,DAL,89,82,1.11,6.97,-14.5,2.02,1.75,173.5,1.91,1.88,8,10,7,171,1,0.0,0.0,0.7077,0.7031,134.2,0.441,1.0,0.0,8.2,-2.9,163.66,-0.041,-0.1199,0.0187,0.0345,0.1075,0.89,0.1546,0.5977,0.5418,0.5391,-3.4849,0.0064,0.3137,-0.0688,0.0,0.7214,0.6093,-0.0336,-0.1854,0.8497,162.35,14.5,-7.5
401507230,20230705,2023,LA,ATL,79,90,1.78,2.05,-1.5,1.91,1.91,168.5,1.91,1.91,7,10,-11,169,0,0.0,1.0,-0.1079,-0.0974,13.5,0.176,0.0,0.0,-5.98,-6.21,169.03,-0.0041,-0.028,-0.0811,0.0397,-0.0853,-1.13,-0.5772,0.6878,-0.2271,-0.1514,-2.9699,-0.0139,-2.1144,-0.0965,0.0,-0.2708,-0.0585,-0.0691,-0.1159,-0.3864,162.42,1.5,-12.5
401507231,20230706,2023,CON,SEA,93,73,1.17,5.03,-10.5,1.9,1.91,164.5,1.83,1.98,8,10,20,166,1,1.0,1.0,0.4033,0.3615,162.7,7.819,1.0,0.0,7.4,-0.24,167.9,-0.0212,0.0018,-0.008,-0.1286,-0.0291,1.65,0.2965,0.0548,0.1197,0.2804,0.9038,-0.0194,-0.3935,0.1757,0.0,0.1389,0.4052,-0.1352,-0.0957,0.2017,162.48,10.5,9.5
401507232,20230707,2023,WSH,IND,96,88,1.9,1.89,-3.5,1.91,1.9,157.5,1.9,1.9,8,10,8,184,1,1.0,1.0,0.3227,0.2002,72.8,3.933,3.0,0.0,12.49,1.21,163.55,-0.0199,-0.1199,0.0572,0.0673,0.0169,2.47,0.0922,0.0185,-0.0273,0.2756,-0.014,-0.0108,1.7761,0.0862,1.0,0.2924,0.2752,-0.1775,-0.2949,-0.1634,162.51,3.5,4.5
401507233,20230707,2023,CHI,ATL,68,82,1.81,2.01,-1.5,1.91,1.9,169.5,1.91,1.87,8,10,-14,150,0,0.0,0.0,-0.0273,-0.104,22.9,1.507,3.0,0.0,-2.96,-7.25,166.18,0.0245,0.0436,-0.1625,0.0561,-0.0278,-1.33,-0.2833,0.2948,-0.2457,-0.1883,-3.2479,-0.1199,-0.6254,-0.0751,1.0,-0.2295,-0.2555,-0.0768,-0.1354,-0.55,162.7,1.5,-15.5
401507234,20230707,2023,DAL,LV,80,78,4.85,1.18,8.5,1.91,1.88,175.5,1.91,1.91,8,10,2,158,1,1.0,0.0,-0.6589,-0.722,-140.6,-0.295,0.0,0.0,-9.64,2.32,163.12,0.0264,0.1073,-0.0477,-0.0366,-0.1225,-0.03,-0.1907,-0.6798,-0.6008,-0.5929,4.2111,-0.0002,-0.743,-0.0149,0.0,-0.7111,-0.4695,0.2422,0.2921,-0.5217,162.59,-8.5,10.5
401507235,20230707,2023,MIN,PHX,75,64,1.46,2.73,-5.5,1.91,1.9,161.5,1.91,1.88,8,10,11,139,1,1.0,0.0,0.1547,0.089,79.5,2.77,0.0,0.0,8.07,1.88,162.34,-0.051,0.0268,0.0304,-0.0044,-0.0068,0.49,-0.308,0.512,0.0525,0.5623,-3.0744,0.0659,-0.9957,0.0884,1.0,-0.2518,0.1876,0.1214,0.2276,0.329,162.55,5.5,5.5
401507236,20230708,2023,NY,SEA,80,76,1.06,9.46,-15.5,1.91,1.91,167.5,1.86,1.94,8,10,4,156,1,0.0,0.0,0.5213,0.5309,164.7,4.5,1.0,0.0,9.34,-1.29,167.83,-0.0059,0.0144,0.0206,-0.0125,0.0136,2.06,0.1484,0.509,0.3247,0.6103,0.8203,0.03,1.0159,-0.0277,1.0,0.3158,0.5052,0.0518,-0.0793,0.6627,162.35,15.5,-11.5
401507237,20230709,2023,CON,WSH,92,84,1.51,2.57,-4.5,1.9,1.9,159.5,1.81,2.01,8,10,8,176,1,1.0,1.0,0.0753,0.0808,53.9,3.847,1.0,0.0,5.82,1.61,165.08,0.0089,0.0172,-0.087,-0.0676,0.0811,2.88,0.25,-0.2103,-0.0247,0.1073,-2.4282,-0.015,0.5462,-0.0533,0.0,0.1242,0.3766,-0.1203,0.0077,0.2053,162.3,4.5,3.5
401507238,20230709,2023,IND,DAL,76,77,2.35,1.61,2.5,1.98,1.81,168.5,1.91,1.91,8,10,-1,153,0,1.0,0.0,-0.1929,-0.1219,-61.0,-1.81,0.0,0.0,-12.47,-1.59,163.11,-0.0006,-0.0462,0.0054,-0.0224,0.0712,-2.93,-0.1741,0.0076,0.1106,-0.556,2.2327,0.0014,-1.0628,0.1677,0.0,-0.0648,-0.2487,-0.1369,-0.0605,-0.2584,162.41,-2.5,1.5
401507239,20230709,2023,PHX,LA,78,72,1.78,2.05,-1.5,1.87,1.95,160.5,1.98,1.84,8,10,6,150,1,1.0,0.0,-0.0937,-0.0568,-70.5,-0.463,-2.0,0.0,7.82,-1.31,162.49,0.0431,-0.004,-0.0412,0.036,0.0085,-0.81,0.3205,-0.2242,0.1682,-0.1753,1.5037,0.008,1.0184,-0.0006,0.0,0.1427,-0.3778,-0.1098,-0.2739,-0.4168,162.33,1.5,4.5
401507240,20230709,2023,MIN,LV,89,113,6.49,1.12,11.5,1.91,1.91,171.5,1.91,1.89,8,10,-24,202,0,0.0,1.0,-0.6147,-0.5874,-153.3,-0.706,0.0,0.0,-0.6,1.08,161.8,0.0029,0.0023,0.0152,-0.033,-0.0855,0.57,0.0076,-0.6585,-0.2977,-0.467,1.063,-0.0215,-1.1153,0.1935,1.0,-0.3223,0.1112,0.1628,-0.0134,-0.1753,162.23,-11.5,-12.5
401507241,20230709,2023,CHI,ATL,77,88,1.77,2.07,-1.5,1.91,1.89,166.5,1.9,1.91,8,10,-11,165,0,0.0,0.0,-0.108,-0.1482,-7.7,0.103,0.0,0.0,-10.8,-6.46,164.94,0.0277,0.028,-0.1382,0.0685,-0.0433,-1.96,-0.3351,0.3291,-0.2545,-0.4341,-2.5949,-0.118,-1.1164,-0.2138,2.0,-0.2839,-0.2174,-0.1413,-0.0703,-0.5378,162.56,1.5,-12.5
401507242,20230711,2023,WSH,SEA,93,86,1.47,2.69,-6.5,2.06,1.71,157.5,1.81,1.99,8,10,7,179,1,1.0,1.0,0.4149,0.3447,116.5,4.146,-1.0,0.0,9.69,-2.8,165.94,-0.0309,-0.0537,0.074,-0.0882,-0.0222,0.12,0.042,0.4495,0.2721,0.2216,3.4922,-0.0014,-0.2702,-0.008,2.0,0.0711,0.103,-0.2024,-0.2319,-0.1402,162.58,6.5,0.5
401507243,20230711,2023,LV,PHX,98,72,1.05,10.47,-17.5,1.92,1.89,169.5,1.9,1.91,8,10,26,170,1,1.0,1.0,0.8115,0.7895,250.5,2.291,0.0,0.0,12.73,0.75,160.81,-0.0633,0.0222,0.0076,0.0726,0.1025,1.84,0.0394,0.8215,0.5194,0.9948,-4.9452,0.0453,1.0549,-0.0103,0.0,0.3915,0.4109,0.0688,0.1872,0.9743,162.71,17.5,8.5
401507245,20230712,2023,CHI,CON,72,84,2.78,1.45,4.5,1.95,1.87,159.5,1.87,1.93,8,10,-12,156,0,0.0,0.0,-0.3086,-0.3115,-116.6,-3.227,0.0,0.0,-6.43,-3.6,162.9,0.0273,0.0402,-0.0442,0.0405,-0.0719,-2.5,-0.4353,0.2266,-0.2312,-0.6404,-1.1771,-0.1189,0.252,-0.2463,0.0,-0.1944,-0.2199,0.1181,-0.1376,-0.3946,162.92,-4.5,-7.5
401507246,20230712,2023,MIN,DAL,67,107,2.2,1.69,2.5,1.93,1.87,167.5,1.88,1.91,8,10,-40,174,0,0.0,1.0,-0.0436,-0.0505,-41.6,-2.516,0.0,0.0,-4.69,0.71,163.69,-0.0263,-0.1117,0.0183,0.0277,0.1008,-0.86,0.1035,-0.194,0.1275,-0.1864,-3.0825,-0.0432,-0.4092,0.1921,1.0,0.0667,0.068,-0.2423,-0.1791,-0.2109,162.87,-2.5,-37.5
401507247,20230712,2023,ATL,SEA,85,75,1.14,6.23,-9.5,1.78,2.06,170.5,1.91,1.86,8,10,10,160,1,1.0,0.0,0.3997,0.4408,100.6,5.492,2.0,-1.0,23.26,0.92,168.91,-0.0265,-0.029,0.0859,-0.1647,0.0202,2.21,0.2332,0.2662,0.4464,0.5455,2.2014,-0.0566,1.7173,-0.1283,3.0,0.3353,0.2255,-0.1071,0.3506,0.7092,162.95,9.5,0.5
401507248,20230712,2023,LA,LV,78,97,7.3,1.1,12.5,1.91,1.91,169.5,1.89,1.91,8,10,-19,175,0,0.0,1.0,-0.8209,-0.7758,-198.9,-2.214,2.0,-1.0,-28.93,0.92,162.78,0.0323,-0.0156,0.0113,-0.0905,-0.0931,-0.49,-0.508,-0.2371,-0.6615,-1.1206,3.5294,-0.0338,-2.2812,0.1601,0.0,-0.5305,-0.2717,0.0177,-0.0852,-0.8617,162.93,-12.5,-6.5
401507249,20230718,2023,ATL,MIN,82,73,1.37,3.1,-6.5,1.92,1.9,170.5,1.91,1.9,7,10,9,155,1,1.0,0.0,0.2499,0.2678,67.9,3.281,0.0,0.0,24.09,2.58,166.73,-0.0018,0.0079,0.0857,-0.0485,0.0274,2.45,-0.0366,0.5043,0.2162,0.4549,3.0952,0.0201,1.8977,-0.0942,0.0,0.1893,0.0989,0.1307,0.0916,0.3869,163.84,6.5,2.5
401507250,20230718,2023,PHX,CON,72,66,3.6,1.3,7.5,1.89,1.93,162.5,1.89,1.91,8,10,6,138,1,1.0,0.0,-0.4857,-0.4891,-201.3,-5.133,0.0,0.0,-13.68,-2.44,161.64,0.0519,0.0041,0.0004,0.0184,-0.1026,-2.33,-0.5811,0.2069,-0.2716,-0.8303,2.4318,0.0303,0.5284,-0.1086,1.0,-0.1937,-0.334,-0.0343,-0.1429,-0.6032,163.77,-7.5,13.5
401507251,20230719,2023,WSH,IND,76,82,1.74,2.12,-2.5,1.95,1.87,157.5,1.86,1.93,8,10,-6,158,0,0.0,1.0,0.4097,0.2666,92.2,-0.482,0.0,0.0,3.03,-2.12,164.92,-0.0284,-0.0695,0.074,0.0603,0.0237,2.47,-0.0544,0.4684,0.1559,0.3062,-2.2897,-0.0025,1.4159,-0.0934,0.0,0.2423,0.0072,-0.0401,-0.159,-0.0047,163.58,2.5,-8.5
401507252,20230719,2023,NY,DAL,88,98,1.29,3.65,-8.5,1.96,1.83,168.5,1.91,1.88,8,10,-10,186,0,0.0,1.0,0.1039,0.0844,42.5,-0.615,0.0,0.0,-8.29,2.92,166.64,0.013,-0.1157,0.0124,0.1296,0.1123,-0.62,0.0623,0.085,0.0378,0.0496,-0.4433,0.0386,0.5009,0.0399,2.0,0.1431,0.0071,-0.3136,-0.2779,-0.3642,163.54,8.5,-18.5
401507253,20230720,2023,CON,ATL,82,71,1.41,2.93,-6.5,2.04,1.73,167.5,1.86,1.91,8,10,11,153,1,1.0,0.0,0.1252,0.0557,74.6,0.385,0.0,0.0,-7.39,-3.56,164.59,-0.009,-0.0376,-0.0464,0.0005,0.0428,-0.96,0.3086,-0.4268,-0.0885,-0.0713,-2.8981,-0.0078,-1.2716,0.2022,0.0,-0.0288,-0.0097,-0.2721,-0.0345,-0.2818,163.7,6.5,4.5
401507254,20230720,2023,MIN,LA,73,70,1.64,2.28,-2.5,1.85,1.95,162.5,1.75,2.03,8,9,3,143,1,1.0,0.0,-0.0527,-0.3051,-11.0,-0.692,-3.0,0.0,1.74,-0.72,164.95,-0.0069,0.0078,-0.0076,0.0254,0.0573,-0.6,0.1338,-0.4399,-0.2963,0.1184,-0.8088,-0.0314,0.1523,0.0257,0.0,-0.1464,-0.0459,-0.2289,0.0332,-0.3584,163.62,2.5,0.5
401507255,20230720,2023,PHX,CHI,80,62,2.06,1.77,1.5,1.95,1.87,156.5,2.0,1.78,7,9,18,142,1,1.0,0.0,-0.144,-0.1617,-55.0,-0.756,-3.0,0.0,0.82,-0.42,158.66,0.014,-0.0384,0.0103,-0.0023,-0.032,-1.1,0.0063,-0.2268,-0.0638,0.0766,2.977,0.1351,-0.2102,0.0905,0.0,0.0345,-0.2232,0.0608,-0.1422,-0.246,163.47,-1.5,19.5
401507256,20230720,2023,SEA,LV,63,79,11.43,1.05,17.5,1.82,1.99,169.5,1.79,2.0,8,10,-16,142,0,1.0,0.0,-0.8091,-0.8721,-266.2,-4.945,0.0,0.0,-26.6,2.57,165.94,0.0345,0.0306,-0.0272,0.018,-0.0424,-0.77,-0.3234,-0.5763,-0.6797,-0.9303,2.6315,-0.0204,-1.4657,0.2922,1.0,-0.5507,-0.494,0.1707,0.0374,-0.7994,163.32,-17.5,1.5
401507257,20230721,2023,WSH,NY,87,96,4.84,1.19,8.5,2.02,1.77,162.5,1.88,1.91,8,9,-9,183,0,0.0,1.0,-0.0695,-0.1994,-53.4,-1.139,0.0,0.0,-6.03,-2.98,165.65,-0.0221,-0.0261,0.0385,-0.09,-0.0652,0.89,-0.0346,-0.2211,-0.1912,-0.1386,2.0636,-0.0596,0.0081,0.0558,0.0,-0.0433,-0.0388,-0.0755,-0.1955,-0.4291,163.17,-8.5,-0.5
401507258,20230722,2023,ATL,CON,78,86,1.81,2.0,-1.5,1.91,1.9,167.5,1.91,1.91,8,9,-8,164,0,0.0,0.0,-0.2432,-0.1714,-86.0,0.006,0.0,0.0,-2.9,2.86,165.12,0.0191,0.0364,0.0295,-0.0111,-0.0427,-0.25,-0.1636,-0.0502,-0.0535,-0.2572,2.3477,0.0125,0.3161,-0.2049,0.0,-0.2183,-0.2646,0.0282,0.1804,-0.1051,163.31,1.5,-9.5
401507259,20230722,2023,SEA,CHI,75,90,1.76,2.08,-1.5,1.87,1.95,158.5,1.9,1.91,8,9,-15,165,0,0.0,1.0,-0.1257,-0.1257,-54.8,-1.93,0.0,0.0,-0.03,4.0,163.75,0.0023,-0.0218,0.0262,0.0819,0.0387,-0.49,0.0246,-0.2098,-0.0212,0.0966,0.8141,0.09,-1.2465,0.2569,1.0,-0.1003,-0.1871,0.104,0.0109,-0.0684,163.31,1.5,-16.5
401507260,20230722,2023,DAL,LA,98,84,1.27,3.78,-8.5,1.94,1.87,164.5,1.91,1.91,8,9,14,182,1,1.0,1.0,0.4331,0.3797,111.0,2.699,1.0,0.0,23.2,-1.25,163.9,-0.0299,0.1325,0.001,-0.0252,0.0007,0.74,0.6105,-0.3348,0.4321,0.6716,-0.1501,-0.0074,0.6716,-0.142,1.0,0.2039,0.3621,0.3824,0.2039,1.0445,163.32,8.5,5.5
401507261,20230722,2023,MIN,LV,81,98,8.72,1.07,14.5,1.87,1.94,169.5,1.85,1.95,8,9,-17,179,0,0.0,1.0,-0.7802,-0.7855,-231.2,-3.077,0.0,0.0,-28.84,0.17,164.03,0.0145,0.0125,-0.0284,-0.0502,-0.0615,-3.05,-0.0135,-0.9037,-0.5822,-0.9178,0.8021,-0.085,-1.8017,0.097,2.0,-0.6069,-0.4654,0.0049,-0.076,-0.9591,163.45,-14.5,-2.5
401507262,20230723,2023,NY,IND,101,83,1.1,7.11,-12.5,1.87,1.94,170.5,1.88,1.91,8,9,18,184,1,1.0,1.0,0.4516,0.4702,136.0,0.928,-2.0,0.0,5.97,2.37,168.05,0.0014,-0.0183,0.006,0.1388,0.0691,1.97,0.1367,0.4378,0.357,0.4333,-4.0441,0.0421,2.3517,-0.101,1.0,0.2628,0.0828,0.2416,0.2116,0.7686,163.56,12.5,5.5
401507263,20230723,2023,WSH,PHX,84,69,1.61,2.34,-4.5,1.91,1.87,156.5,1.91,1.91,8,9,15,153,1,1.0,0.0,0.2546,0.2267,87.0,-1.986,-1.0,0.0,-2.15,3.53,161.6,-0.0497,-0.0185,0.0551,0.0054,0.0056,1.4,0.0206,0.2292,0.1855,0.0351,0.6485,-0.0045,-0.3899,0.1503,0.0,0.0721,0.2674,-0.1096,0.1361,0.3484,163.7,4.5,10.5
401507264,20230725,2023,ATL,PHX,78,65,1.29,3.66,-7.5,1.91,1.91,163.5,1.87,1.91,8,9,13,143,1,1.0,0.0,0.1092,0.1472,86.0,2.457,1.0,0.0,3.14,4.52,162.71,-0.0484,0.0339,0.117,-0.0167,-0.0028,2.23,0.1529,0.0635,0.0348,0.2541,0.6696,-0.0437,0.6553,-0.0085,1.0,-0.0883,0.1758,0.0321,0.3038,0.4013,163.63,7.5,5.5
401507265,20230725,2023,NY,SEA,86,82,1.07,9.03,-15.5,1.91,1.88,167.5,1.7,2.2,8,9,4,168,1,0.0,1.0,0.6162,0.6412,208.3,3.316,-1.0,0.0,17.5,0.07,167.57,-0.0101,0.0467,-0.0298,0.0588,0.0773,-2.16,0.3633,0.3907,0.6777,0.9171,-0.9533,0.0828,0.5623,-0.2432,0.0,0.273,0.2372,0.1037,-0.0021,0.6961,163.49,15.5,-11.5
401507266,20230725,2023,CHI,LV,95,107,8.68,1.07,14.5,1.91,1.91,167.5,1.91,1.91,8,9,-12,202,0,1.0,1.0,-0.6802,-0.7841,-217.5,-1.851,0.0,0.0,-26.77,-2.25,163.55,0.0376,0.0892,-0.0241,-0.0501,-0.0573,-0.11,-0.2642,-0.5344,-0.755,-1.1097,1.7467,-0.1298,0.3595,-0.0526,3.0,-0.5393,-0.3351,0.12,-0.1022,-0.8712,163.52,-14.5,2.5
401507267,20230725,2023,DAL,CON,83,88,1.6,2.38,-3.5,1.89,1.93,167.5,1.89,1.91,8,9,-5,171,0,0.0,1.0,0.0452,0.0393,-44.2,-2.622,0.0,0.0,7.42,-0.48,162.95,-0.0092,0.1415,-0.0431,-0.0473,-0.1138,-0.69,-0.8006,0.9279,0.3352,0.2265,-0.5291,0.0112,-0.8783,-0.1881,1.0,-0.0743,0.0252,0.3996,0.3602,0.7576,163.78,3.5,-8.5
401507268,20230725,2023,LA,IND,79,78,1.53,2.56,-3.5,1.77,2.0,163.5,1.91,1.91,8,9,1,157,1,0.0,0.0,0.0362,0.1291,-2.2,-1.249,1.0,0.0,-4.55,-0.26,164.4,-0.0077,-0.061,0.0208,0.0119,-0.0257,1.56,-0.3205,0.5242,0.0066,-0.0771,-4.2092,-0.0281,0.653,-0.0286,2.0,-0.061,-0.1239,0.0891,0.1555,0.0843,163.83,3.5,-2.5
401507269,20230726,2023,MIN,WSH,97,92,1.61,2.35,-3.5,1.91,1.91,159.5,1.89,1.91,8,9,5,189,1,1.0,1.0,-0.3196,-0.3254,-81.3,-1.037,1.0,0.0,-16.7,-0.04,165.63,0.0108,0.0138,-0.0624,-0.0122,-0.0118,-1.36,-0.1366,-0.1704,-0.2987,-0.4784,-2.4305,-0.057,-0.4836,0.0002,0.0,-0.2878,-0.2003,0.0425,0.0904,-0.272,163.93,3.5,1.5
401507270,20230727,2023,LA,IND,81,68,1.69,2.21,-3.5,1.96,1.85,160.5,1.87,1.91,8,9,13,149,1,1.0,0.0,0.0909,0.0942,3.8,-1.142,0.0,0.0,-3.17,-0.0,163.37,-0.0139,-0.0766,-0.0048,-0.0079,0.0067,2.05,-0.4174,0.5831,-0.0135,-0.129,-3.7206,-0.0181,0.7413,0.0231,3.0,0.0453,0.0461,0.0657,0.0821,0.146,164.23,3.5,9.5
401507271,20230727,2023,NY,ATL,95,84,1.23,4.25,-8.5,1.87,1.95,173.5,1.87,1.91,8,9,11,179,1,1.0,1.0,0.325,0.2132,82.9,-3.109,0.0,0.0,3.77,0.45,167.07,0.01,0.0343,-0.0806,0.1187,0.0195,-2.13,-0.3783,0.8508,0.3856,0.3119,-3.6488,0.0907,-1.2827,0.0329,0.0,0.147,0.05,0.1018,-0.0482,0.3472,164.31,8.5,2.5
401507272,20230728,2023,CHI,SEA,74,83,1.51,2.59,-5.5,1.98,1.83,161.5,1.91,1.87,8,9,-9,157,0,0.0,0.0,0.2265,0.2195,78.2,0.552,0.0,0.0,3.25,-3.26,164.6,-0.0145,0.0775,0.004,-0.0517,0.0266,-0.67,0.0636,0.2272,0.225,0.0571,0.081,-0.0594,0.8462,-0.256,1.0,-0.0423,0.1835,0.0252,0.0043,0.2259,164.51,5.5,-14.5
401507273,20230728,2023,DAL,WSH,90,62,1.21,4.33,-8.5,1.88,1.93,164.5,1.87,1.91,8,9,28,152,1,1.0,0.0,0.197,0.191,45.0,1.23,1.0,0.0,10.77,-2.52,163.19,-0.0226,0.1413,-0.0107,-0.0604,-0.0427,0.37,0.3229,-0.0733,0.2176,0.3063,-0.9884,-0.0601,0.0253,-0.1194,1.0,-0.0419,0.2101,0.6031,0.1579,0.8237,164.76,8.5,19.5
401558197,20230728,2023,NY,MIN,83,88,1.08,7.95,-14.5,1.94,1.83,161.5,1.81,1.97,8,10,-5,171,0,0.0,1.0,0.4827,0.6006,154.5,3.264,-1.0,1.0,17.06,0.99,167.0,0.0116,0.034,-0.0129,0.1391,0.0555,-1.08,0.2937,0.2451,0.5541,0.716,1.7193,0.0972,0.6151,-0.0086,0.0,0.5031,0.1606,0.2564,0.4322,1.2327,164.68,14.5,-19.5
401507274,20230730,2023,CON,MIN,83,87,1.11,6.65,-12.5,1.91,1.91,160.5,1.91,1.91,8,9,-4,170,0,0.0,1.0,0.3879,0.5399,162.0,4.609,3.0,0.0,7.96,-1.52,163.64,-0.029,-0.0401,0.0432,0.0146,0.0475,3.51,0.9246,-0.5788,0.2268,0.6488,1.5312,0.0397,2.3334,0.1084,1.0,0.5679,0.5737,-0.0293,0.2689,0.9909,164.75,12.5,-16.5
401507275,20230730,2023,ATL,WSH,80,73,1.28,3.72,-7.5,1.83,1.98,164.5,1.8,2.04,8,9,7,153,1,0.0,0.0,0.0236,0.046,5.9,4.65,1.0,0.0,5.61,1.18,165.01,0.0087,0.0287,0.0516,-0.0092,0.0376,-0.03,0.0321,0.1122,-0.012,0.2005,1.1174,-0.0517,2.0768,0.0104,2.0,-0.1601,-0.1213,0.1554,0.083,0.0582,164.84,7.5,-0.5
401507276,20230730,2023,IND,SEA,62,85,1.54,2.51,-3.5,1.85,1.95,164.5,1.97,1.8,8,9,-23,147,0,0.0,0.0,0.013,0.0199,38.2,-0.615,1.0,0.0,-1.07,-2.94,164.61,-0.0104,-0.0065,-0.0182,-0.0601,0.0141,-3.13,0.1743,-0.2027,0.137,-0.1902,2.2292,0.0716,-1.3631,-0.0987,2.0,-0.102,0.0159,-0.3063,-0.2539,-0.4244,164.71,3.5,-26.5
401507277,20230730,2023,CHI,PHX,104,85,1.32,3.38,-7.0,1.91,1.91,155.5,1.91,1.87,7,9,19,189,1,1.0,1.0,0.1035,0.1917,35.2,1.429,-3.0,0.0,-0.99,1.23,159.5,-0.0314,0.0555,0.0587,-0.0098,0.0043,1.68,-0.3663,0.7947,0.1561,-0.0801,-1.9685,-0.1158,0.7716,-0.0447,2.0,0.0042,0.1995,0.1441,0.3736,0.6735,164.61,7.0,12.0
401507278,20230730,2023,LV,DAL,104,91,1.16,5.3,-10.5,1.9,1.9,173.5,1.78,2.05,8,9,13,195,1,1.0,1.0,0.2382,0.1667,121.6,-1.808,3.0,0.0,0.68,2.39,163.36,-0.0184,-0.154,0.0454,0.0923,0.0639,1.29,-0.5769,0.9342,0.0131,0.2178,-2.5737,0.0466,0.2559,0.0122,0.0,0.2042,0.2123,-0.5326,-0.1139,-0.2182,164.85,10.5,2.5
401507279,20230730,2023,LA,NY,79,87,4.37,1.21,8.5,1.94,1.87,167.5,1.87,1.91,8,9,-8,166,0,1.0,0.0,-0.4543,-0.4816,-135.8,-1.39,1.0,0.0,-9.59,-2.49,165.46,-0.0041,-0.0785,0.0031,-0.1715,-0.0488,1.24,-0.3618,-0.0686,-0.4898,-0.6494,-2.3181,-0.0353,-0.4093,-0.0463,0.0,-0.2181,-0.1603,-0.2359,-0.2178,-0.894,165.28,-8.5,0.5
401507280,20230801,2023,CON,MIN,79,69,1.13,6.04,-11.5,1.91,1.9,161.5,1.72,2.1,8,9,10,148,1,0.0,0.0,0.2975,0.394,145.0,1.497,0.0,0.0,2.18,-1.77,163.82,-0.0431,-0.017,0.0675,0.0017,0.0188,3.93,0.7014,-0.4758,0.1096,0.4877,0.5639,0.0629,2.2,0.1765,2.0,0.4005,0.5971,-0.0639,0.2193,0.7949,165.43,11.5,-1.5
401507281,20230801,2023,IND,PHX,72,71,1.39,3.02,-6.5,1.96,1.81,158.5,1.91,1.88,8,9,1,143,1,0.0,0.0,-0.1555,-0.1047,7.8,0.07,0.0,0.0,-4.62,1.74,159.3,-0.0144,0.0146,0.0113,-0.0496,-0.0437,-1.6,-0.1576,0.054,-0.1088,-0.0317,0.234,-0.0329,-2.4572,-0.0522,3.0,-0.2183,-0.0761,0.0339,0.1019,-0.0562,165.46,6.5,-5.5
401507282,20230801,2023,LV,ATL,93,72,1.08,8.02,-14.5,2.0,1.79,176.5,1.72,2.12,8,9,21,165,1,1.0,0.0,0.6118,0.5876,184.6,-3.768,0.0,0.0,16.39,0.06,165.9,-0.0416,-0.0244,0.0284,0.0273,0.0298,1.04,-0.1859,0.8347,0.5574,0.7338,-3.9592,0.0917,-0.6962,0.0005,0.0,0.5052,0.408,-0.0871,0.1147,0.8448,165.31,14.5,6.5
401507283,20230801,2023,LA,NY,69,76,4.14,1.23,8.5,1.91,1.9,166.5,1.9,1.91,8,9,-7,145,0,1.0,0.0,-0.4597,-0.3587,-150.4,-2.19,0.0,0.0,-8.5,-1.86,165.81,-0.0224,-0.1027,0.0069,-0.1742,-0.0761,1.85,-0.1619,-0.296,-0.3206,-0.6759,-3.0145,-0.0365,-0.7219,0.0493,1.0,-0.1098,-0.0542,-0.3,-0.1869,-0.7116,165.29,-8.5,1.5
401507284,20230802,2023,SEA,DAL,65,76,3.34,1.33,6.5,1.96,1.85,166.5,1.81,2.0,8,9,-11,141,0,0.0,0.0,-0.4207,-0.4512,-147.8,0.426,0.0,0.0,-4.52,-0.05,163.67,0.048,-0.1157,-0.0091,0.1177,0.0151,1.18,-0.4968,0.0617,-0.4484,-0.3433,-0.1272,0.0359,-0.1721,0.2449,1.0,0.0362,-0.2537,-0.2645,-0.0767,-0.6383,165.17,-6.5,-4.5
401507285,20230803,2023,PHX,ATL,91,71,3.58,1.3,7.5,1.9,1.91,163.5,1.91,1.91,8,9,20,162,1,1.0,0.0,-0.1597,-0.2755,-106.2,-4.109,0.0,0.0,-2.04,-3.68,162.15,0.0249,0.0113,-0.0715,0.0234,0.0341,-0.52,-0.2591,-0.0782,-0.0588,-0.3059,0.5604,0.1191,-0.9486,0.0462,1.0,0.0666,-0.1153,-0.1591,-0.2407,-0.4475,165.08,-7.5,27.5
401507286,20230804,2023,IND,CON,72,88,3.89,1.26,7.5,1.95,1.87,160.5,1.9,1.91,8,10,-16,160,0,0.0,0.0,-0.622,-0.6059,-197.8,-3.166,0.0,0.0,-16.18,0.49,160.76,0.0589,0.0424,-0.0525,-0.0151,-0.0221,-3.39,-0.6578,0.0993,-0.3416,-0.8584,1.7992,0.0718,-2.4104,-0.1023,0.0,-0.3436,-0.5235,-0.0174,-0.1779,-0.8456,165.07,-7.5,-8.5
401507287,20230804,2023,WSH,LA,79,77,1.63,2.29,-3.5,1.95,1.87,157.5,1.91,1.89,8,10,2,156,1,0.0,0.0,0.0978,0.072,53.2,-1.427,2.0,0.0,-4.66,1.2,163.83,-0.0024,0.0232,0.0084,0.0316,0.015,1.81,0.4295,-0.505,-0.0144,0.0653,2.9267,-0.0411,0.4075,0.0263,0.0,0.1748,0.0974,0.0482,0.0119,0.1889,165.18,3.5,-1.5
401507288,20230804,2023,DAL,CHI,89,104,1.17,5.05,-10.5,1.92,1.88,164.5,1.89,1.91,8,10,-15,193,0,0.0,1.0,0.2739,0.3024,114.8,2.307,-3.0,0.0,6.65,0.6,161.46,-0.0058,0.0857,-0.0279,-0.0558,-0.049,-1.16,0.3795,-0.1563,0.1276,0.6881,0.7831,0.0395,-2.1187,-0.1026,0.0,-0.0867,-0.0052,0.4135,0.0933,0.4711,165.09,10.5,-25.5
401507289,20230804,2023,MIN,NY,66,76,4.57,1.2,9.5,1.91,1.87,167.5,1.85,1.95,8,10,-10,142,0,0.0,0.0,-0.4258,-0.5351,-144.6,-1.079,0.0,0.0,-7.49,0.62,164.27,0.0073,-0.0775,0.0241,-0.1725,-0.0305,-0.88,-0.1837,-0.5019,-0.3887,-0.7577,-1.717,-0.1149,-1.8264,-0.1051,2.0,-0.4111,-0.5068,-0.4097,-0.2905,-1.3629,165.31,-9.5,-0.5
401507290,20230805,2023,PHX,SEA,91,97,1.55,2.47,-2.5,1.79,2.0,159.5,1.91,1.88,8,10,-6,188,0,0.0,1.0,-0.0272,-0.0081,9.4,-1.935,-1.0,0.0,-4.85,-2.49,160.97,-0.0047,0.0177,-0.0087,0.0027,0.0283,-1.03,-0.2343,0.3134,0.1097,-0.0354,1.8353,0.1164,0.821,-0.0598,0.0,-0.0364,-0.0023,-0.2113,-0.2591,-0.3932,165.07,2.5,-8.5
401507291,20230806,2023,ATL,IND,82,73,1.28,3.75,-7.5,1.87,1.93,167.5,1.92,1.87,8,10,9,155,1,1.0,0.0,0.2677,0.2969,84.1,3.72,1.0,0.0,2.72,2.82,162.66,-0.0286,-0.0495,0.0321,0.0012,-0.0077,1.3,0.1819,0.1885,0.1225,0.2695,0.7202,-0.0817,2.6771,-0.0446,0.0,0.0845,0.2291,0.1022,0.1522,0.4547,165.18,7.5,1.5
401507292,20230806,2023,NY,LV,99,61,2.75,1.46,5.5,1.86,1.95,175.5,1.87,1.95,8,10,38,160,1,1.0,0.0,-0.3659,-0.3147,-89.4,1.646,-3.0,0.0,-9.51,-2.11,163.54,0.0399,0.1518,-0.094,0.1028,-0.0658,-3.81,0.1216,-0.5217,-0.2171,-0.2227,1.6749,0.0071,-0.776,-0.0201,0.0,-0.4791,-0.2831,0.334,0.042,-0.1782,165.28,-5.5,43.5
401507293,20230806,2023,WSH,LA,83,91,1.65,2.28,-3.5,1.94,1.87,155.5,1.9,1.91,8,10,-8,174,0,0.0,1.0,0.1425,0.0798,58.8,-0.972,0.0,0.0,-3.94,1.78,163.35,-0.0122,-0.0062,-0.0007,0.0324,-0.0085,2.29,0.5709,-0.6983,0.0078,0.0975,2.6947,-0.019,-0.1009,-0.0209,1.0,0.1952,0.2209,-0.0349,0.0122,0.2089,165.11,3.5,-11.5
401507294,20230806,2023,DAL,CHI,96,104,1.23,4.18,-8.5,1.91,1.91,165.5,1.88,1.92,8,10,-8,200,0,0.0,1.0,0.1179,0.1433,79.7,0.788,0.0,0.0,-5.96,0.93,162.63,0.0008,0.0821,-0.0189,-0.0649,-0.0683,-0.22,0.3968,-0.3903,-0.0698,0.2738,0.1906,-0.0256,-1.8462,-0.0218,1.0,-0.1764,0.0236,0.3737,0.0849,0.3451,165.29,8.5,-16.5
401507295,20230808,2023,SEA,CON,69,81,3.74,1.28,7.5,1.91,1.88,159.5,1.87,1.93,8,10,-12,150,0,0.0,0.0,-0.4442,-0.4442,-203.1,-0.96,-1.0,0.0,-2.93,2.16,161.02,0.0417,-0.002,-0.0531,0.0416,-0.0127,-1.56,-0.5994,0.1944,-0.2295,-0.582,0.1942,0.0203,-1.0185,0.042,1.0,-0.136,-0.4055,0.1151,0.0231,-0.358,165.57,-7.5,-4.5
401507296,20230808,2023,IND,LA,80,87,1.88,1.93,-1.0,1.91,1.9,157.5,1.91,1.89,7,10,-7,167,0,0.0,1.0,-0.1894,-0.1926,-48.7,-0.411,0.0,0.0,-12.48,-0.77,160.65,0.0377,0.0479,-0.0044,-0.0032,-0.046,0.38,0.1448,-0.572,-0.1196,-0.3757,2.4597,-0.0614,0.3484,0.0292,2.0,0.0908,0.0736,-0.0491,-0.0972,-0.0797,165.39,1.0,-8.0
401507297,20230808,2023,CHI,MIN,79,88,1.62,2.35,-3.5,1.9,1.91,164.5,1.89,1.91,8,10,-9,167,0,0.0,1.0,0.1752,0.1539,36.1,-2.438,-2.0,0.0,7.64,0.77,162.52,-0.0144,0.0604,0.05,0.0368,0.11,3.29,0.2402,-0.0521,0.2827,0.2882,2.3794,0.0763,2.9674,-0.0115,0.0,0.3902,0.2641,-0.0469,-0.1141,0.2736,165.29,3.5,-12.5
401507298,20230808,2023,DAL,LV,84,104,4.21,1.23,8.5,1.9,1.9,176.5,1.84,1.93,8,10,-20,188,0,0.0,1.0,-0.2267,-0.2467,-130.8,-0.58,0.0,0.0,-3.67,0.11,165.77,0.0261,0.2047,-0.0014,-0.1022,-0.0545,-1.63,0.4876,-0.9548,-0.0535,-0.3687,3.5924,-0.0813,-1.0207,0.0102,1.0,-0.3182,-0.1455,0.4392,0.0488,0.0785,165.29,-8.5,-11.5
401507299,20230808,2023,PHX,WSH,91,72,1.62,2.32,-3.5,1.91,1.9,157.5,1.76,2.03,8,10,19,163,1,1.0,1.0,0.0016,0.0099,-76.7,1.551,1.0,0.0,5.95,-3.6,163.22,0.026,0.0547,-0.0307,0.0545,0.004,-1.1,-0.2605,0.4076,0.1907,0.0319,0.693,0.0938,1.5637,0.0033,0.0,0.0433,-0.2317,0.1169,0.0222,0.072,165.56,3.5,15.5
401507300,20230810,2023,IND,MIN,91,73,2.18,1.7,3.5,1.8,1.99,162.5,1.85,1.93,8,10,18,164,1,1.0,1.0,-0.2529,-0.2678,-71.4,-2.807,0.0,0.0,-9.89,0.41,161.11,0.0277,0.0281,-0.0139,0.0092,-0.0071,2.59,-0.2201,-0.0451,-0.2238,-0.3833,4.0036,0.0403,0.9405,0.1275,1.0,0.0367,-0.1615,-0.0142,-0.003,-0.2194,165.59,-3.5,21.5
401507301,20230810,2023,PHX,CON,90,84,3.52,1.3,7.5,1.89,1.91,159.5,1.89,1.91,8,10,6,174,1,1.0,1.0,-0.4064,-0.3194,-203.1,-3.208,0.0,0.0,-4.46,1.03,158.26,0.0345,-0.0297,-0.0532,0.0804,0.0174,-3.24,-0.7001,0.6268,-0.0444,-0.576,1.1736,0.0685,-0.9197,0.0281,2.0,-0.1747,-0.4877,-0.0685,0.172,-0.3093,165.46,-7.5,13.5
401507302,20230810,2023,SEA,ATL,68,67,2.75,1.46,4.5,1.95,1.82,163.5,1.91,1.91,8,10,1,135,1,1.0,0.0,-0.1403,-0.1467,-83.9,-1.236,-2.0,0.0,8.62,-1.15,163.09,0.0218,0.0669,-0.0835,0.03,-0.0016,-0.2,-0.1208,-0.1016,-0.0231,0.0035,-2.1022,0.032,-1.6707,0.0145,0.0,0.0033,-0.2379,0.1599,0.0099,-0.0184,165.53,-4.5,5.5
401507303,20230811,2023,NY,CHI,89,73,1.11,6.79,-12.5,1.91,1.91,166.5,1.85,1.91,8,10,16,162,1,1.0,0.0,0.3474,0.3837,162.9,4.963,2.0,0.0,9.02,-2.03,161.85,0.0131,0.0631,-0.0838,0.132,-0.0557,-1.64,-0.0314,0.4667,0.1014,0.7936,-3.106,0.0605,-0.6185,0.1099,0.0,-0.0492,-0.0256,0.3462,0.066,0.4409,165.27,12.5,3.5
401507304,20230811,2023,LV,WSH,113,89,1.04,11.21,-17.5,1.91,1.91,168.5,1.85,1.95,8,10,24,202,1,1.0,1.0,0.6227,0.7661,218.4,4.219,0.0,0.0,16.66,0.01,166.07,-0.0216,-0.0126,0.0269,0.0445,0.0735,1.25,0.2258,0.6418,0.6295,1.021,-3.103,0.0659,2.2575,-0.1302,1.0,0.5218,0.3185,0.066,0.1408,1.0234,165.36,17.5,6.5
401507305,20230812,2023,LA,ATL,85,74,1.94,1.88,-1.0,1.95,1.85,162.5,1.78,1.98,7,10,11,159,1,1.0,0.0,-0.0494,-0.0333,-32.0,-4.514,2.0,0.0,5.38,-0.91,163.68,-0.0146,0.0107,-0.0144,-0.0237,0.019,-1.5,-0.3357,0.3425,0.1084,0.0517,-3.6827,0.1324,-2.4449,0.0248,1.0,-0.0684,-0.0836,-0.0919,0.0154,-0.1036,165.51,1.0,10.0
401507306,20230812,2023,DAL,CON,91,81,1.65,2.27,-2.5,1.86,1.93,167.5,1.87,1.93,8,10,10,172,1,1.0,1.0,-0.1456,-0.2172,-87.5,-2.65,2.0,0.0,-15.21,3.68,162.6,-0.0053,0.0651,0.0046,-0.0055,-0.0246,-1.75,0.3455,-0.5679,-0.0925,-0.6191,-0.3604,-0.0136,-0.6724,0.052,3.0,-0.2731,-0.2436,0.1939,0.2273,0.0527,165.55,2.5,7.5
401507307,20230813,2023,WSH,CHI,83,76,1.7,2.17,-4.5,1.91,1.88,157.5,1.86,1.95,8,10,7,159,1,1.0,1.0,-0.1168,-0.1254,-5.6,-2.765,0.0,0.0,-13.8,1.84,166.33,-0.0167,-0.0703,-0.0256,-0.0082,-0.0693,-0.4,-0.1811,0.0332,-0.2694,-0.2588,1.2273,-0.0275,-1.7964,0.0925,1.0,-0.2382,-0.0643,-0.076,-0.0363,-0.3586,165.42,4.5,2.5
401507308,20230813,2023,SEA,PHX,81,71,1.69,2.2,-2.5,1.9,1.91,160.5,1.88,1.91,8,10,10,152,1,1.0,0.0,-0.1724,-0.282,-19.3,2.103,0.0,0.0,-7.33,1.48,161.83,0.0036,0.0414,0.022,-0.0561,-0.0747,0.82,-0.1769,-0.1638,-0.4128,-0.1752,-1.7035,-0.112,-0.2715,0.0284,0.0,-0.298,-0.0901,0.2285,0.0176,-0.1865,165.43,2.5,7.5
401507309,20230813,2023,IND,NY,89,100,5.24,1.17,10.5,1.87,1.94,165.5,1.87,1.92,8,10,-11,189,0,0.0,1.0,-0.6928,-0.6433,-236.8,-6.331,1.0,0.0,-18.38,-1.18,158.71,0.0341,-0.0328,0.0751,-0.1371,-0.0633,0.94,-0.1943,-0.5791,-0.4022,-1.072,3.8834,-0.0174,-0.5482,-0.0244,0.0,-0.2169,-0.4135,-0.1451,-0.0671,-0.8014,165.26,-10.5,-0.5
401507310,20230813,2023,LV,ATL,86,65,1.05,10.91,-16.5,1.9,1.92,174.5,1.82,2.0,8,10,21,151,1,1.0,0.0,0.5835,0.6258,211.8,-3.495,1.0,-1.0,16.61,1.85,165.87,-0.0509,-0.022,-0.0598,0.0373,0.105,-0.41,-0.4544,1.19,0.5922,0.8667,-5.9146,0.1289,-1.9121,-0.1049,2.0,0.3527,0.3913,-0.0469,0.1309,0.882,165.49,16.5,4.5
401507311,20230817,2023,LV,NY,88,75,1.32,3.41,-6.5,1.85,1.95,174.5,1.9,1.91,8,10,13,163,1,1.0,0.0,-0.034,0.0541,9.6,-5.242,0.0,0.0,-16.39,4.19,163.16,-0.0433,-0.1478,0.0474,-0.1024,-0.0187,2.09,-0.0271,0.0526,-0.0706,-0.3103,0.4804,0.0691,-0.8337,-0.0404,2.0,0.1709,0.1628,-0.3449,0.0534,-0.0706,165.25,6.5,6.5
401507312,20230818,2023,CON,DAL,75,95,1.56,2.48,-4.5,1.89,1.9,168.5,1.91,1.91,8,10,-20,170,0,0.0,1.0,0.0343,0.0424,66.4,2.271,0.0,0.0,7.51,-2.91,162.76,0.0021,-0.0458,-0.0398,0.0089,0.0335,1.23,-0.2629,0.3292,-0.0813,0.2615,0.5779,-0.0424,0.3051,0.0038,0.0,0.0369,0.1441,-0.2884,-0.2473,-0.3923,165.18,4.5,-24.5
401507313,20230818,2023,IND,WSH,79,83,2.75,1.46,4.5,1.93,1.86,160.5,1.85,1.93,8,10,-4,162,0,1.0,1.0,-0.0996,-0.0892,-70.8,1.588,0.0,0.0,4.15,-4.57,162.93,0.0394,0.0762,0.007,-0.0161,0.0175,-0.55,-0.16,0.0267,0.1108,-0.1077,0.4252,0.0167,1.6715,-0.1798,0.0,-0.0282,-0.258,0.0819,0.0015,-0.0294,164.91,-4.5,0.5
401507314,20230818,2023,ATL,CHI,78,67,1.72,2.14,-2.5,1.89,1.92,161.5,1.91,1.9,8,10,11,145,1,1.0,0.0,-0.0427,0.0266,12.1,4.648,0.0,0.0,-6.17,0.06,163.62,0.0025,-0.099,0.0742,-0.0332,-0.0948,-0.16,-0.1254,0.0724,-0.1501,-0.1065,3.1745,-0.0665,1.0381,0.0871,2.0,-0.2202,0.0496,0.115,-0.1923,-0.218,165.13,2.5,8.5
401507315,20230818,2023,PHX,NY,63,85,6.52,1.12,11.5,1.95,1.85,163.5,1.87,1.91,8,10,-22,148,0,0.0,0.0,-0.4796,-0.5647,-234.0,-7.008,4.0,-1.0,-7.34,0.33,159.07,0.0122,-0.0591,0.0217,-0.1143,-0.0335,1.37,-0.5766,-0.0718,-0.3128,-0.689,3.0969,0.0224,-0.6852,-0.0861,3.0,-0.0464,-0.1998,-0.5208,-0.3076,-1.0796,166.09,-11.5,-10.5
401507316,20230818,2023,SEA,MIN,70,78,2.03,1.8,1.5,1.91,1.9,161.5,1.91,1.9,8,10,-8,148,0,0.0,0.0,-0.0759,-0.0517,-25.6,2.154,0.0,0.0,5.13,0.79,160.23,0.0222,0.0384,-0.0411,0.0198,-0.0142,3.21,0.114,-0.2413,-0.1736,0.2986,0.8891,-0.0027,2.3019,0.0556,2.0,0.1337,0.0684,0.0302,-0.0947,-0.0557,165.99,-1.5,-6.5
401507317,20230819,2023,LV,LA,72,78,1.05,10.98,-16.5,1.91,1.91,169.5,1.91,1.91,8,10,-6,150,0,0.0,0.0,0.5514,0.4234,219.0,2.147,-3.0,0.0,6.3,1.94,164.55,-0.0391,-0.0227,-0.0803,0.0714,0.0036,1.33,0.2837,0.1902,0.2014,0.4424,-0.7106,0.0306,0.4434,-0.0298,0.0,0.2016,0.3025,-0.0182,0.0314,0.4674,165.84,16.5,-22.5
401507318,20230820,2023,WSH,DAL,84,97,2.92,1.41,5.5,1.91,1.91,165.5,1.81,2.0,8,9,-13,181,0,0.0,1.0,-0.1558,-0.2286,-83.6,-2.578,0.0,0.0,-6.19,0.14,165.26,-0.0012,-0.1464,-0.034,0.0689,-0.0253,-1.1,-0.5485,0.4436,-0.1627,-0.4708,-0.5198,0.03,-2.6439,0.0484,1.0,-0.1562,-0.1764,-0.4435,-0.1555,-0.775,165.58,-5.5,-7.5
401507319,20230820,2023,CHI,CON,73,79,3.0,1.4,5.5,1.91,1.9,158.5,1.78,2.01,8,10,-6,152,0,0.0,0.0,-0.2256,-0.2463,-130.0,-2.467,0.0,0.0,-4.14,1.09,160.69,0.0261,-0.0096,-0.0339,0.0773,0.0293,-1.67,-0.4913,0.3265,-0.1502,-0.4481,-1.1226,0.05,0.0084,0.046,0.0,-0.0109,-0.1871,0.0412,-0.1078,-0.2552,165.67,-5.5,-0.5
401507320,20230820,2023,PHX,IND,73,83,2.46,1.56,2.5,2.02,1.8,159.5,1.86,1.93,8,10,-10,156,0,0.0,0.0,0.0971,0.0433,22.3,1.341,0.0,0.0,-1.44,0.28,158.99,-0.0212,-0.0533,-0.0235,0.056,-0.0053,1.11,0.2302,-0.2282,-0.0597,0.1998,-1.4202,-0.0224,0.6363,-0.029,0.0,0.1164,0.3678,-0.2738,-0.2314,-0.1789,165.75,-2.5,-7.5
401507321,20230820,2023,MIN,SEA,74,88,1.43,2.84,-4.5,1.77,2.03,159.5,1.9,1.91,8,10,-14,162,0,0.0,1.0,0.1109,0.0933,45.7,-1.409,0.0,0.0,-2.87,-1.22,159.33,-0.0194,-0.0366,0.0403,-0.0238,0.011,-3.85,-0.0563,0.2583,0.2229,-0.1499,-0.7002,0.011,-2.9929,-0.1061,0.0,-0.2062,-0.0952,0.0177,0.0688,0.0476,165.87,4.5,-18.5
401507322,20230822,2023,ATL,LV,100,112,9.9,1.06,15.5,1.96,1.84,166.5,1.91,1.91,8,10,-12,212,0,1.0,1.0,-0.4521,-0.4991,-191.4,4.03,1.0,0.0,-8.06,-1.81,163.68,0.0386,-0.0155,0.0821,-0.0755,-0.053,-2.51,0.0316,-0.6749,-0.3324,-0.5907,2.4827,-0.1231,1.164,-0.0293,0.0,-0.4079,-0.2029,0.0637,-0.155,-0.6108,166.02,-15.5,3.5
401507323,20230822,2023,WSH,CON,64,68,2.53,1.53,3.5,1.93,1.86,156.5,1.77,2.04,8,10,-4,132,0,0.0,0.0,-0.1495,-0.203,-127.5,-5.648,0.0,0.0,-4.17,4.7,161.8,0.0051,-0.1019,-0.0258,0.0722,-0.0034,-0.14,-0.1976,0.1043,-0.0647,-0.415,-1.1927,0.0249,-1.9041,0.185,1.0,-0.0081,-0.1092,0.0169,-0.0539,-0.1908,166.13,-3.5,-0.5
401507324,20230822,2023,CHI,SEA,102,79,1.51,2.58,-4.5,1.91,1.9,158.5,1.95,1.86,8,10,23,181,1,1.0,1.0,0.0966,0.1141,22.3,-4.318,0.0,0.0,-11.45,-0.4,160.58,-0.016,-0.014,0.0149,0.0125,0.0039,-1.38,0.0831,0.0906,0.0887,-0.4163,1.5132,0.0158,-0.7732,-0.1248,1.0,0.0411,0.1599,-0.127,0.06,0.1802,165.86,4.5,18.5
401507325,20230822,2023,MIN,DAL,91,86,3.03,1.39,6.5,1.86,1.95,169.5,1.91,1.9,8,10,5,177,1,1.0,1.0,-0.3933,-0.4322,-131.1,1.233,0.0,0.0,-9.93,-4.46,162.89,0.0106,-0.083,-0.0198,0.0139,-0.039,-4.52,-1.0363,0.7603,-0.3299,-0.7223,-2.0469,0.0302,-2.6741,0.0022,2.0,-0.4858,-0.5183,-0.1529,-0.1653,-0.9764,165.96,-6.5,11.5
401507326,20230823,2023,LA,PHX,91,62,1.16,5.31,-10.5,1.9,1.91,153.5,1.87,1.95,8,10,29,153,1,1.0,0.0,0.0755,0.2432,73.7,1.961,1.0,0.0,11.51,1.87,160.62,-0.0052,-0.0703,0.088,-0.0858,0.0917,0.61,-0.0195,0.3979,0.0617,0.4102,-1.9749,0.0744,-1.2579,0.1276,0.0,0.0247,0.1037,-0.0929,0.2369,0.2484,166.03,10.5,18.5
401507328,20230824,2023,IND,SEA,90,86,1.57,2.42,-3.5,1.87,1.95,161.5,2.02,1.79,8,10,4,176,1,1.0,1.0,0.0295,0.0785,-9.8,-3.814,2.0,0.0,3.65,-1.19,159.05,0.0061,-0.029,0.0069,-0.0153,-0.0015,0.68,0.0373,0.0305,0.1901,-0.0125,2.3316,0.0357,-0.8754,0.025,2.0,0.1539,-0.1083,-0.0542,0.1039,0.1697,166.19,3.5,0.5
401507329,20230824,2023,CHI,LV,87,94,8.71,1.07,14.5,1.91,1.9,169.5,1.79,2.04,8,10,-7,181,0,1.0,1.0,-0.4588,-0.4389,-220.5,-0.092,0.0,0.0,-5.85,-3.91,163.43,0.0264,0.0831,-0.0108,-0.018,-0.0239,-1.33,0.2472,-0.7978,-0.1263,-0.5391,0.3648,-0.1066,0.4012,-0.1057,1.0,-0.1632,-0.2175,0.0943,-0.0099,-0.2509,166.35,-14.5,7.5
401507330,20230824,2023,DAL,MIN,81,90,1.35,3.25,-7.5,2.06,1.77,166.5,1.91,1.91,8,10,-9,171,0,0.0,1.0,0.3173,0.2617,115.6,-2.15,0.0,0.0,6.2,5.26,163.97,0.0026,0.0946,0.0099,-0.017,0.0189,3.91,0.4455,-0.1995,0.1975,0.6545,1.6351,-0.0241,2.4067,-0.0394,0.0,0.2782,0.225,0.2728,0.1331,0.6942,166.45,7.5,-16.5
401507331,20230825,2023,ATL,LA,78,83,2.05,1.78,1.5,1.91,1.91,160.5,1.91,1.9,7,10,-5,161,0,0.0,1.0,-0.0767,-0.3448,-12.0,1.879,1.0,0.0,-19.89,1.93,161.41,-0.0059,-0.0234,0.0121,0.015,-0.1156,-1.74,-0.2589,-0.0722,-0.3157,-0.8491,3.8344,-0.052,0.725,-0.0471,0.0,-0.4636,-0.1059,-0.0854,0.0851,-0.4338,166.58,-1.5,-3.5
401507332,20230826,2023,WSH,LV,78,62,4.89,1.18,10.5,1.87,1.95,166.5,1.85,1.91,8,10,16,140,1,1.0,0.0,-0.4053,-0.4158,-227.1,-3.617,2.0,0.0,-8.07,-1.69,166.9,0.0385,0.0022,0.0253,0.0007,-0.0138,-0.25,0.2273,-0.698,-0.2291,-0.6755,0.0464,-0.1234,-0.9469,0.0392,2.0,-0.2358,-0.2523,-0.0281,0.0565,-0.4227,166.72,-10.5,26.5
401507333,20230826,2023,MIN,NY,76,111,4.41,1.21,9.0,1.91,1.91,167.5,1.92,1.87,7,10,-35,187,0,0.0,1.0,-0.5442,-0.5984,-212.9,-2.268,0.0,0.0,-9.56,-0.69,159.9,0.0124,-0.0345,0.1012,-0.1488,-0.0313,-2.01,-0.439,-0.0941,-0.3005,-0.9261,3.4343,0.0315,-2.7824,-0.1146,5.0,-0.2724,-0.5231,-0.2284,0.0263,-0.8203,166.45,-9.0,-26.0
401507334,20230827,2023,CON,LA,83,68,1.37,3.11,-6.0,1.85,1.91,157.5,1.91,1.89,7,10,15,151,1,1.0,0.0,0.1744,0.1754,94.5,1.403,1.0,0.0,-16.18,-0.29,158.02,-0.0006,0.0599,-0.0843,0.0317,-0.0552,-0.9,0.4396,-0.4844,0.056,-0.2139,2.9885,-0.0536,0.076,-0.2644,1.0,-0.0767,0.1002,0.041,0.0615,0.1923,166.49,6.0,9.0
401507335,20230827,2023,IND,ATL,83,80,1.96,1.84,-1.5,2.02,1.8,165.5,1.91,1.9,8,10,3,163,1,1.0,0.0,-0.1742,-0.1263,-57.6,-4.149,1.0,0.0,10.49,-1.32,160.85,0.0193,0.1006,-0.0182,0.0376,0.0261,0.79,-0.06,-0.139,0.0891,0.3632,-1.2579,-0.0043,-0.0528,0.0335,0.0,0.1573,-0.2764,0.1855,0.1148,0.2058,166.43,1.5,1.5
401507336,20230827,2023,PHX,DAL,74,77,3.95,1.25,7.5,1.91,1.91,164.5,2.04,1.78,8,10,-3,151,0,1.0,0.0,-0.3488,-0.3825,-160.1,0.058,1.0,0.0,-18.89,-6.65,162.64,-0.0023,-0.0841,-0.0837,0.079,-0.0552,-2.6,-0.9826,0.7656,-0.2911,-0.5883,-0.4279,0.0126,-0.0959,-0.0104,0.0,-0.1059,-0.112,-0.3548,-0.3962,-0.9396,166.47,-7.5,4.5
401507337,20230827,2023,SEA,CHI,85,90,1.94,1.86,1.0,1.91,1.91,160.5,1.85,1.91,7,10,-5,175,0,0.0,1.0,-0.2238,-0.181,-46.3,1.994,0.0,0.0,-2.16,-0.74,161.13,0.0168,0.0059,0.053,-0.0112,0.012,0.83,0.1308,-0.4075,-0.1127,0.0041,-0.3652,-0.0287,1.6031,0.2258,0.0,-0.0538,-0.1366,0.1458,-0.1005,-0.1787,166.49,-1.0,-4.0
401507338,20230828,2023,NY,LV,94,85,1.77,2.07,-1.5,1.9,1.91,173.5,1.85,1.93,8,10,9,179,1,1.0,1.0,0.0421,0.1458,19.8,5.238,0.0,0.0,13.71,-3.99,165.09,0.0058,0.0702,-0.0503,0.0766,0.0581,-0.55,0.468,-0.3395,0.3138,0.5271,-3.6149,-0.0729,1.057,-0.0348,3.0,0.0616,0.0422,0.1978,0.0045,0.3788,166.24,1.5,7.5
401507339,20230829,2023,ATL,PHX,94,76,1.25,4.05,-8.5,1.91,1.89,159.5,1.88,1.92,8,10,18,170,1,1.0,1.0,0.1032,0.1243,74.8,4.279,0.0,0.0,8.99,3.39,158.68,-0.0156,-0.0278,0.1103,-0.0731,0.0601,0.17,0.1254,0.0267,0.0719,-0.0307,0.6789,0.0274,-0.633,0.0844,0.0,-0.1363,0.014,-0.0898,0.0025,-0.0919,166.37,8.5,9.5
401507340,20230829,2023,WSH,MIN,83,72,1.31,3.47,-6.5,1.86,1.95,162.5,1.91,1.89,8,10,11,155,1,1.0,0.0,0.2724,0.2475,29.3,-2.383,0.0,0.0,9.08,2.56,162.19,-0.0097,-0.0348,0.0054,0.0476,-0.0095,3.41,0.1632,0.1946,-0.0201,0.2027,0.9335,-0.0281,0.5879,0.1419,0.0,0.1235,0.3449,-0.0216,-0.0174,0.2342,166.53,6.5,4.5
401507341,20230829,2023,LA,CHI,75,76,1.5,2.62,-3.5,1.81,1.98,159.5,1.85,1.93,8,10,-1,151,0,0.0,0.0,0.02,0.1339,25.2,1.204,0.0,0.0,4.6,-2.51,161.36,0.0025,-0.0812,0.0697,-0.0562,0.0446,1.54,-0.4213,0.7036,-0.0272,0.2469,-0.7307,0.0164,-0.1425,0.2267,1.0,0.2161,0.327,-0.0392,-0.1505,0.087,166.27,3.5,-4.5
401507342,20230831,2023,CON,PHX,84,74,1.07,8.77,-14.5,1.89,1.92,154.5,1.89,1.91,8,10,10,158,1,0.0,1.0,0.4564,0.533,216.7,4.099,2.0,0.0,17.31,2.01,156.88,-0.0102,0.0391,0.0131,0.0305,0.0697,1.69,0.4998,0.066,0.2445,0.6987,2.6744,-0.0049,-1.0147,-0.1486,1.0,0.1058,0.2883,-0.0064,0.0696,0.456,166.23,14.5,-4.5
401507343,20230831,2023,LV,WSH,84,75,1.18,4.82,-10.5,1.93,1.88,167.5,1.85,1.95,8,10,9,159,1,0.0,0.0,0.2034,0.2696,178.4,1.722,1.0,0.0,-6.89,3.25,165.83,-0.0259,-0.0048,0.0034,-0.0009,-0.0235,0.18,-0.1539,0.4101,0.0977,0.0665,0.8648,0.0497,1.2141,-0.0096,0.0,0.2011,0.1738,0.0341,-0.0334,0.3003,166.25,10.5,-1.5
401507344,20230831,2023,LA,SEA,61,72,1.33,3.34,-6.5,1.87,1.95,158.5,1.87,1.91,8,10,-11,133,0,0.0,0.0,0.2557,0.2333,81.7,-1.457,-2.0,0.0,9.01,-1.93,160.26,-0.0162,-0.0801,0.013,-0.0482,0.0477,0.86,-0.2573,0.6391,0.0787,0.25,-0.9555,0.0469,-2.0324,0.0356,0.0,0.1209,0.3589,-0.2267,0.0009,0.1275,166.25,6.5,-17.5
401507345,20230901,2023,IND,DAL,100,110,2.63,1.5,4.5,1.9,1.91,168.5,1.86,1.93,8,10,-10,210,0,0.0,1.0,-0.2353,-0.1975,-140.7,2.122,0.0,0.0,-2.17,-3.26,163.54,0.0041,-0.0672,-0.0205,0.0386,0.0381,-1.29,-0.4187,0.2814,-0.084,-0.274,1.4,-0.0163,-0.4527,0.0897,1.0,-0.073,-0.4377,-0.1088,-0.009,-0.4281,166.29,-4.5,-5.5
401507346,20230901,2023,NY,CON,89,58,1.3,3.58,-7.5,1.91,1.91,162.5,1.95,1.85,8,10,31,147,1,1.0,0.0,0.1236,0.0555,96.1,1.819,3.0,-1.0,6.29,2.93,160.3,-0.0199,0.0185,-0.0747,0.1115,-0.0318,-0.29,-0.475,0.7374,0.0955,0.1486,-6.0999,0.0391,1.1041,0.0128,0.0,-0.0518,-0.0555,0.2308,0.0332,0.2155,166.59,7.5,23.5
401507348,20230902,2023,LV,SEA,103,77,1.03,13.34,-19.5,1.91,1.91,169.5,1.87,1.95,8,10,26,180,1,1.0,1.0,0.531,0.5027,248.5,-2.726,0.0,0.0,1.28,2.41,164.32,-0.0413,-0.1004,-0.0404,0.0264,0.0064,-0.17,-0.1684,0.8528,0.1808,0.2379,-0.5704,0.0609,-0.7273,-0.0436,1.0,0.1805,0.3219,-0.2594,0.0018,0.2448,166.63,19.5,6.5
401507349,20230903,2023,CHI,NY,69,86,4.07,1.24,8.5,1.88,1.9,163.5,1.87,1.95,8,10,-17,155,0,0.0,0.0,-0.4378,-0.5006,-236.6,-4.723,3.0,0.0,-17.79,-0.12,162.42,0.0064,-0.0056,0.003,-0.0974,-0.0257,-0.28,0.0398,-0.6531,-0.2951,-0.7797,3.9462,-0.0543,-1.0609,-0.0869,0.0,-0.174,-0.2459,-0.2076,0.1793,-0.3932,166.79,-8.5,-8.5
401507351,20230903,2023,MIN,PHX,86,73,1.26,3.87,-7.5,1.86,1.95,157.5,1.91,1.89,8,10,13,159,1,1.0,1.0,0.0528,0.0762,69.7,3.562,-1.0,0.0,8.28,4.58,155.95,-0.0061,0.0583,0.0179,0.0469,0.0119,-1.02,-0.0706,0.2047,0.0628,0.1888,0.0846,0.1128,-1.643,-0.0982,2.0,-0.243,-0.244,0.1245,0.2946,0.1467,166.77,7.5,5.5
401507352,20230903,2023,LA,WSH,72,64,2.19,1.69,2.5,1.87,1.95,157.5,1.9,1.91,8,10,8,136,1,1.0,0.0,-0.104,-0.1336,-10.4,2.669,0.0,0.0,-0.93,-1.01,160.45,-0.0085,-0.0355,0.0174,-0.0683,0.0223,1.73,-0.0834,-0.0329,-0.1,0.1008,-0.3859,0.0346,-0.0627,0.0175,1.0,0.1141,0.0696,-0.1495,-0.2714,-0.3643,166.83,-2.5,10.5
401507353,20230905,2023,CON,LA,90,76,1.19,4.7,-9.5,1.85,1.95,153.5,1.91,1.87,7,9,14,166,1,1.0,1.0,0.1035,0.2926,111.2,0.727,2.0,0.0,-0.12,-1.01,157.75,0.0148,0.0696,-0.0262,0.0263,0.0348,-1.75,0.7187,-0.435,0.2367,0.0823,3.0765,-0.0753,0.5356,-0.1463,0.0,0.0681,-0.0453,0.2349,-0.0539,0.3176,166.48,9.5,4.5
401507354,20230905,2023,IND,CHI,69,96,1.87,1.93,1.5,1.87,1.91,161.5,1.85,1.91,8,9,-27,165,0,0.0,1.0,-0.0946,-0.0745,-38.0,-1.4,0.0,0.0,4.39,1.16,163.73,0.0029,0.037,0.0787,-0.0221,0.0666,-0.71,-0.2299,0.0886,0.0902,0.1897,3.3703,0.0274,0.5477,0.1693,0.0,-0.0265,-0.2218,0.0974,0.1608,0.1378,166.45,-1.5,-25.5
401507355,20230905,2023,DAL,NY,93,94,3.07,1.37,5.5,1.98,1.81,170.5,1.86,1.91,8,10,-1,187,0,1.0,1.0,-0.4724,-0.5808,-165.4,-7.967,0.0,0.0,-22.56,3.4,165.88,0.0018,0.0796,0.0742,-0.144,-0.01,0.07,0.2705,-1.0813,-0.3872,-0.8227,4.8038,0.0215,0.0837,0.1089,1.0,-0.18,-0.2276,0.1217,0.2212,-0.13,166.43,-5.5,4.5
401507356,20230905,2023,PHX,WSH,77,100,3.37,1.32,6.5,1.91,1.88,155.5,1.91,1.87,8,10,-23,177,0,0.0,1.0,-0.2891,-0.2077,-103.3,-1.045,0.0,0.0,-14.56,-3.56,155.62,0.0089,-0.0065,-0.0063,-0.1121,0.0346,-2.18,0.3389,-0.7085,0.0931,-0.2734,0.1734,-0.0845,0.6416,0.0797,2.0,0.1387,-0.1815,0.1263,-0.1894,-0.1138,166.49,-6.5,-16.5
401507357,20230906,2023,ATL,SEA,79,68,1.21,4.41,-8.5,1.84,1.94,163.5,1.87,1.94,8,10,11,147,1,1.0,0.0,0.1598,0.1846,51.4,-1.588,1.0,0.0,8.4,1.5,163.76,-0.0401,-0.033,-0.0159,-0.0984,-0.01,-0.28,-0.0512,0.3183,0.159,-0.0088,0.0997,0.0487,-0.639,-0.1274,2.0,0.0267,0.1641,-0.1904,0.1233,0.1745,166.5,8.5,2.5
401507358,20230907,2023,NY,LA,96,89,1.08,8.28,-15.5,1.9,1.91,159.5,1.84,1.96,8,10,7,185,1,0.0,1.0,0.4622,0.6627,244.1,3.093,0.0,0.0,23.74,3.11,160.05,0.0011,0.1086,-0.0556,0.1175,-0.01,-0.91,0.3815,0.5121,0.6789,0.8571,-3.0953,-0.0546,1.3451,-0.0255,1.0,0.318,0.2099,0.4048,0.1863,1.1665,166.36,15.5,-8.5
401507359,20230908,2023,CON,IND,76,59,1.19,4.81,-10.0,1.91,1.9,158.5,1.85,1.91,7,10,17,135,1,1.0,0.0,0.3814,0.3807,192.7,1.72,0.0,0.0,4.99,-3.55,161.49,-0.0003,-0.0201,-0.0106,0.0203,-0.0117,1.32,0.4513,-0.1077,-0.0117,0.4838,1.1057,-0.0144,-0.3183,-0.1522,0.0,0.2197,0.4577,-0.1382,-0.2123,0.0898,166.46,10.0,7.0
401507360,20230908,2023,WSH,ATL,75,80,1.43,2.82,-5.5,1.87,1.93,162.5,1.91,1.89,8,10,-5,155,0,0.0,0.0,0.1541,0.1044,20.2,-3.039,1.0,0.0,3.01,-3.09,161.73,0.0119,-0.0581,-0.0466,0.13,0.0657,0.75,0.3149,-0.2048,0.0527,0.0561,-1.1889,-0.0101,-0.1776,0.1961,0.0,0.1783,-0.0415,-0.2252,-0.1012,-0.2,166.05,5.5,-10.5
401507361,20230908,2023,CHI,MIN,92,87,1.53,2.52,-4.5,1.91,1.9,163.5,1.79,2.04,8,10,5,179,1,1.0,1.0,0.1304,0.1892,29.9,-1.09,-2.0,0.0,5.29,0.13,162.79,-0.0126,-0.0251,-0.0506,0.0257,-0.0149,2.66,0.3243,-0.0658,0.1486,0.1047,-2.3235,-0.0595,0.8182,-0.0638,0.0,0.3521,0.3483,-0.0096,-0.0335,0.411,166.15,4.5,0.5
401507362,20230908,2023,DAL,SEA,106,91,1.15,5.65,-11.5,1.91,1.91,167.5,1.79,2.04,8,10,15,197,1,1.0,1.0,0.2515,0.3219,138.5,-5.472,1.0,0.0,5.72,3.62,164.63,-0.0243,0.0974,-0.0385,-0.0655,0.0038,1.47,0.6665,-0.4102,0.3477,0.3931,0.1702,-0.0126,0.0472,0.0575,3.0,0.3309,0.41,0.2569,0.1264,0.9465,166.39,11.5,3.5
401507363,20230908,2023,PHX,LV,73,94,12.76,1.04,17.5,2.09,1.71,164.5,1.87,1.93,8,10,-21,167,0,0.0,1.0,-0.7067,-0.6804,-315.2,-3.731,-2.0,0.0,-18.96,-7.13,159.6,0.0346,0.0155,-0.0573,-0.1307,0.0351,-3.77,0.1869,-1.0895,-0.2163,-1.0139,-0.3524,-0.1308,-0.7135,0.0108,0.0,-0.3385,-0.4466,-0.0252,-0.2075,-0.8233,166.41,-17.5,-3.5
401507364,20230910,2023,ATL,DAL,77,94,1.81,2.01,-1.5,1.91,1.88,171.5,1.87,1.91,8,10,-17,171,0,0.0,0.0,-0.0839,-0.0595,-71.1,5.219,0.0,0.0,2.04,-2.34,166.13,-0.0244,-0.1127,0.0177,-0.023,-0.0599,-3.65,-0.2542,0.235,-0.1529,-0.2012,-0.922,0.0543,-1.6369,-0.1145,0.0,-0.3948,-0.2573,-0.1269,-0.0262,-0.5509,166.33,1.5,-18.5
401507366,20230910,2023,IND,MIN,87,72,2.15,1.72,2.5,1.9,1.91,163.5,1.88,1.91,8,10,15,159,1,1.0,0.0,-0.1683,-0.1785,-51.6,-3.433,0.0,0.0,-4.07,-0.01,163.05,-0.0015,-0.0092,0.0507,-0.0113,0.0138,1.07,-0.4271,0.2925,-0.1552,-0.286,-0.2528,-0.0492,0.8692,0.1036,1.0,0.0116,-0.0258,-0.0837,-0.073,-0.2242,166.46,-2.5,17.5
401507367,20230910,2023,NY,WSH,88,90,1.18,4.92,-9.5,1.88,1.91,162.5,1.9,1.91,8,10,-2,178,0,0.0,1.0,0.3632,0.4134,235.5,5.16,1.0,0.0,9.84,3.38,160.68,0.0193,0.1054,0.0077,0.0532,0.0053,0.79,0.0498,0.4685,0.3708,0.7222,-4.7488,-0.0351,1.2455,0.0175,0.0,0.2988,0.1562,0.2009,0.0286,0.6348,166.3,9.5,-11.5
401507368,20230910,2023,LV,PHX,100,85,1.02,16.17,-19.5,1.84,1.93,165.5,1.87,1.92,8,10,15,185,1,0.0,1.0,0.8006,0.7776,326.9,4.845,0.0,0.0,25.88,5.93,160.42,-0.024,-0.0318,0.0523,0.1368,-0.0269,4.46,-0.168,1.1845,0.3906,1.2283,0.6848,0.119,1.6704,-0.0733,0.0,0.5156,0.5565,0.0087,0.1652,0.9834,166.39,19.5,-4.5
401507369,20230910,2023,SEA,LA,89,91,2.13,1.73,2.5,1.91,1.91,158.5,1.88,1.91,7,9,-2,180,0,1.0,1.0,-0.1373,-0.1295,-68.8,1.253,-1.0,0.0,-4.74,2.63,159.6,0.0256,0.0707,0.0281,0.0481,-0.0129,-2.35,0.277,-0.5272,0.0479,-0.2824,2.1847,-0.0092,0.7981,0.079,2.0,-0.1147,-0.2331,0.29,0.1583,0.2174,166.39,-2.5,0.5
401578549,20230913,2023,CON,MIN,90,60,1.21,4.5,-9.5,1.95,1.82,159.5,1.91,1.9,8,10,30,150,1,1.0,0.0,0.2804,0.3233,147.1,-0.797,0.0,0.0,2.79,-1.62,161.75,0.0012,-0.0238,0.037,0.0179,0.0244,2.51,0.4282,-0.1103,0.0054,0.5233,-0.4487,-0.0231,0.9971,0.0654,2.0,0.2726,0.3158,-0.0628,-0.1644,0.1325,166.51,9.5,20.5
401578550,20230913,2023,LV,CHI,87,59,1.05,11.18,-16.0,1.88,1.95,170.5,1.82,2.01,7,10,28,146,1,1.0,0.0,0.4346,0.4631,174.8,-0.434,0.0,0.0,7.32,-1.25,165.73,-0.0227,-0.0254,0.0853,0.0623,-0.0689,1.42,-0.4417,1.1007,0.2769,0.47,-0.7324,0.0683,0.5484,0.0613,1.0,0.2667,0.2041,-0.0252,-0.0303,0.3532,166.2,16.0,12.0
401578551,20230915,2023,NY,WSH,90,75,1.18,4.93,-9.5,1.88,1.94,162.5,1.85,1.93,8,10,15,165,1,1.0,1.0,0.3183,0.3647,222.2,3.498,0.0,0.0,8.17,3.77,159.85,0.0209,0.1046,0.0038,0.0621,-0.0153,0.78,0.1402,0.2435,0.2702,0.528,-4.588,0.0026,0.7533,0.0407,1.0,0.2942,0.141,0.3493,0.0733,0.7457,166.0,9.5,5.5
401578552,20230915,2023,DAL,ATL,94,82,1.37,3.1,-6.5,1.93,1.86,169.5,1.91,1.89,8,10,12,176,1,1.0,1.0,0.2098,0.1206,101.0,-4.381,0.0,0.0,5.6,2.2,167.22,0.0285,0.1059,-0.0223,0.0299,0.0333,3.28,0.1173,0.0057,0.2115,0.5998,1.6722,-0.008,1.6268,0.1214,0.0,0.375,0.4697,0.1018,0.064,0.7119,166.03,6.5,5.5
401578553,20230917,2023,CON,MIN,75,82,1.21,4.52,-9.5,1.92,1.88,158.5,1.89,1.91,8,10,-7,157,0,0.0,0.0,0.4064,0.426,162.9,0.63,0.0,0.0,14.13,-1.48,161.69,-0.0137,-0.0236,0.0164,0.025,0.0769,3.38,0.5039,-0.0385,0.133,0.8733,-0.3573,-0.0375,0.7368,0.1431,3.0,0.3642,0.3822,-0.0386,-0.0768,0.3908,166.22,9.5,-16.5
401578554,20230917,2023,LV,CHI,92,70,1.04,11.94,-17.5,1.87,1.95,170.5,1.91,1.89,8,10,22,162,1,1.0,0.0,0.4715,0.5881,187.8,0.439,0.0,0.0,21.71,-0.77,165.87,-0.0267,-0.0277,0.0926,0.052,-0.054,2.45,-0.2985,1.0501,0.3757,0.8702,-2.041,0.0763,1.0683,0.0074,2.0,0.4413,0.4701,-0.1051,0.0569,0.6781,165.97,17.5,4.5
401578556,20230919,2023,DAL,ATL,101,74,1.33,3.36,-6.5,1.88,1.95,170.5,1.93,1.87,8,10,27,175,1,1.0,1.0,0.2656,0.1888,111.6,-3.965,0.0,0.0,12.05,1.8,169.39,0.0321,0.0966,0.0046,0.0098,0.0101,2.87,0.2649,-0.0834,0.28,0.704,1.2515,-0.0093,1.3429,0.2235,1.0,0.4684,0.37,0.1647,-0.0366,0.6765,165.93,6.5,20.5
401578557,20230920,2023,MIN,CON,75,90,2.85,1.43,4.5,1.99,1.8,158.5,1.93,1.85,8,10,-15,165,0,0.0,1.0,-0.3054,-0.3004,-140.3,0.164,0.0,0.0,-14.64,0.66,159.79,0.0072,0.0313,-0.0233,-0.0115,-0.0594,-2.62,-0.4206,0.1318,-0.0585,-0.6077,1.2428,0.0024,-0.9631,-0.1378,0.0,-0.2604,-0.3564,0.1855,0.001,-0.2303,165.97,-4.5,-10.5
401578561,20230924,2023,NY,CON,63,78,1.25,3.97,-8.5,1.91,1.91,162.5,1.87,1.92,8,10,-15,141,0,0.0,0.0,0.2621,0.288,124.8,1.78,1.0,0.0,-3.3,4.18,161.45,-0.0041,0.0726,-0.0093,0.0703,-0.0743,0.52,-0.0092,0.3493,0.1997,0.2757,-1.3995,0.1015,1.2291,-0.0264,1.0,0.0957,0.1024,0.1755,0.1981,0.5578,165.96,8.5,-23.5
401578562,20230924,2023,LV,DAL,97,83,1.17,5.2,-10.0,1.87,1.95,174.5,1.91,1.9,7,10,14,180,1,1.0,1.0,0.2711,0.389,109.7,4.895,0.0,0.0,7.29,-3.13,167.55,-0.0485,-0.1291,0.0057,0.0915,-0.0016,0.42,-0.4998,1.0323,0.1642,0.3224,-3.6223,0.0422,-0.1604,-0.1586,0.0,0.1007,0.1997,-0.2643,0.0441,0.1007,165.67,10.0,4.0
401578563,20230926,2023,NY,CON,84,77,1.21,4.52,-8.5,1.81,1.98,161.5,1.91,1.85,8,10,7,161,1,0.0,0.0,0.1153,0.1391,89.4,0.684,0.0,0.0,-7.98,4.62,158.42,0.0072,0.0496,-0.0164,0.0712,-0.068,-0.31,-0.1537,0.3587,-0.0502,-0.1155,-1.4455,0.0873,0.8456,-0.1061,2.0,-0.021,0.0109,0.2637,0.2647,0.5019,165.87,8.5,-1.5
401578564,20230926,2023,LV,DAL,91,84,1.16,5.48,-10.5,1.91,1.91,175.5,1.91,1.89,8,10,7,175,1,0.0,0.0,0.3906,0.4298,120.9,5.219,0.0,0.0,9.51,-2.94,166.2,-0.0291,-0.0902,-0.0217,0.0893,-0.0044,0.79,-0.3262,0.8716,0.2465,0.5364,-3.3206,0.0788,0.2021,-0.2277,1.0,0.2859,0.1785,-0.2653,-0.0912,0.0788,165.89,10.5,-3.5
401578565,20230929,2023,CON,NY,81,92,2.5,1.55,3.5,1.96,1.85,159.5,1.91,1.89,8,10,-11,173,0,0.0,1.0,-0.1537,-0.1184,-97.5,-0.02,0.0,0.0,6.36,-3.8,157.46,-0.0214,-0.058,0.0168,-0.0755,0.0695,-0.7,0.5215,-0.8168,0.0407,-0.162,0.8726,-0.0959,-1.8357,0.073,0.0,-0.1604,-0.0427,-0.1662,-0.0754,-0.2968,166.13,-3.5,-7.5
401578566,20230929,2023,DAL,LV,61,64,3.32,1.34,6.5,1.91,1.91,174.5,1.91,1.91,8,11,-3,125,0,1.0,0.0,-0.4238,-0.4255,-127.9,-5.819,0.0,0.0,-11.11,2.91,165.1,0.0156,0.0914,-0.0236,-0.0842,0.015,-0.56,0.393,-0.9621,-0.2537,-0.5998,2.5209,-0.0987,-0.289,0.2602,0.0,-0.2584,0.0134,0.2532,0.0891,0.0375,166.25,-6.5,3.5
401578567,20231001,2023,CON,NY,84,87,2.85,1.43,5.5,1.91,1.91,160.5,1.91,1.89,8,11,-3,171,0,1.0,1.0,-0.1856,-0.2854,-118.1,-0.25,0.0,0.0,-4.26,-3.32,157.37,-0.0221,-0.0604,0.0094,-0.0793,0.0379,-0.53,0.1952,-0.4571,-0.1141,-0.446,1.0389,-0.098,-1.7057,0.0509,1.0,-0.1741,-0.0923,-0.2367,-0.2915,-0.7115,165.91,-5.5,2.5
401578571,20231008,2023,LV,NY,99,82,1.5,2.62,-5.5,2.0,1.79,171.5,1.91,1.87,8,11,17,181,1,1.0,1.0,0.0703,0.1369,-15.2,1.526,0.0,0.0,10.78,0.1,161.05,-0.0094,-0.0738,0.0475,-0.0307,-0.0005,1.86,0.1444,-0.0484,0.1442,0.2656,1.0729,-0.0268,-0.8143,0.0033,2.0,0.2735,0.1547,-0.0909,0.008,0.213,166.03,5.5,11.5
401578572,20231011,2023,LV,NY,104,76,1.48,2.66,-5.0,1.93,1.87,171.5,1.9,1.9,6,10,28,180,1,1.0,1.0,0.1426,0.2104,7.5,2.064,0.0,0.0,14.69,0.15,160.83,-0.0065,-0.0617,0.0617,-0.0371,0.0136,2.46,0.1266,0.0636,0.2059,0.5886,-0.091,0.0046,-0.4793,0.031,3.0,0.3609,0.2091,-0.0926,0.0173,0.3285,166.23,5.0,23.0
401578573,20231015,2023,NY,LV,87,73,2.09,1.75,2.5,1.89,1.93,172.5,1.91,1.87,8,11,14,160,1,1.0,0.0,-0.3039,-0.355,-36.8,-3.646,0.0,0.0,-21.56,-0.46,160.34,0.0071,0.0491,-0.0466,0.0493,-0.0433,-1.94,-0.1979,-0.1469,-0.334,-0.9217,-0.1646,-0.0428,0.999,0.0088,0.0,-0.4223,-0.2295,0.0949,0.0135,-0.4243,166.09,-2.5,16.5
401578574,20231018,2023,NY,LV,69,70,1.4,3.0,-3.5,1.64,2.17,168.5,1.89,1.91,8,10,-1,139,0,0.0,0.0,-0.2095,-0.2463,-15.0,-1.971,0.0,0.0,-11.55,-1.11,159.72,0.0019,0.0308,-0.044,0.0635,-0.0302,-0.93,0.0424,-0.1559,-0.2296,-0.4308,0.1589,-0.0942,2.0203,0.0688,1.0,-0.3426,0.0689,0.1136,-0.3828,-0.5127,166.05,3.5,-4.5
401620178,20240514,2024,WSH,NY,80,85,6.04,1.13,10.5,1.96,1.84,163.5,1.85,1.95,6,7,-5,165,0,1.0,1.0,-0.0149,-0.169,-134.0,-1.806,0.0,0.0,6.54,2.66,159.77,-0.0366,-0.03,0.0156,-0.0143,-0.0021,1.06,0.0829,-0.1994,0.0327,-0.0669,5.6569,0.0326,-1.6936,0.0038,2.0,-0.0172,-0.0057,-0.0568,-0.0438,-0.1355,164.82,-10.5,5.5
401620219,20240514,2024,CON,IND,92,71,1.35,3.22,-8.5,2.09,1.71,166.5,1.91,1.91,6,7,21,163,1,1.0,0.0,0.2943,0.2808,117.9,0.782,0.0,0.0,1.9,-5.45,160.56,-0.0428,0.0216,-0.136,0.0053,0.0324,-0.59,0.1006,0.1854,0.0861,0.0118,-1.6568,-0.0004,-0.285,0.0701,0.0,-0.0829,0.2826,0.1144,-0.0856,0.248,164.9,8.5,12.5
401620220,20240514,2024,LV,PHX,89,80,1.05,10.04,-16.5,1.9,1.91,168.5,1.81,1.95,6,7,9,169,1,0.0,1.0,0.4263,0.4386,298.0,8.993,-1.0,0.0,37.14,2.72,158.78,-0.0118,0.0404,0.0695,0.0549,-0.0385,0.88,-0.0428,0.5758,0.2078,0.8076,-4.8478,0.0856,-0.4248,-0.0793,0.0,0.2093,-0.0981,0.3674,-0.0346,0.4373,165.03,16.5,-7.5
401620221,20240514,2024,SEA,MIN,70,83,1.27,3.76,-7.5,1.9,1.9,164.5,1.88,1.93,6,6,-13,153,0,0.0,0.0,-0.0275,-0.039,-36.8,2.937,0.0,0.0,3.07,2.41,162.22,-0.0042,0.007,0.0034,0.0153,0.0282,-0.13,-0.0754,0.103,-0.0884,0.0726,-0.9366,0.074,0.4856,0.0447,1.0,-0.0148,0.0363,0.1226,0.1163,0.1847,165.21,7.5,-20.5
401620222,20240515,2024,DAL,CHI,87,79,1.27,3.77,-12.5,2.4,1.56,160.5,1.8,2.0,6,7,8,166,1,0.0,1.0,0.1255,0.2014,28.8,-3.467,0.0,0.0,-1.21,1.06,166.64,-0.0307,0.0531,0.0267,-0.0151,-0.0644,1.54,0.3135,-0.1182,0.1993,0.0944,-0.3252,-0.0785,0.5284,0.1275,0.0,-0.0321,-0.0834,0.305,0.3272,0.5813,165.29,12.5,-4.5
401620223,20240515,2024,LA,ATL,81,92,2.54,1.53,5.5,1.73,2.07,156.5,1.56,2.21,6,7,-11,173,0,0.0,1.0,0.0484,0.0064,36.2,-2.145,0.0,0.0,11.45,-4.66,165.59,0.0152,0.0467,0.0408,0.0492,-0.0027,3.2,-0.0482,0.064,0.1672,0.275,-1.6328,0.0485,-0.1196,-0.0713,1.0,0.069,-0.1449,-0.1583,-0.2729,-0.3955,165.17,-5.5,-5.5
401620224,20240516,2024,IND,NY,66,102,3.71,1.29,5.5,2.24,1.64,170.5,1.95,1.85,6,7,-36,168,0,0.0,0.0,-0.2545,-0.366,-183.1,-2.381,0.0,0.0,0.43,3.14,162.45,0.0151,-0.0214,0.0858,-0.0605,0.0369,0.48,-0.0583,-0.433,-0.1267,-0.3187,2.3191,-0.0365,-0.8117,-0.085,3.0,0.0608,-0.2256,-0.1889,0.0478,-0.3148,165.23,-5.5,-30.5
401620225,20240517,2024,CON,WSH,84,77,1.23,4.12,-9.5,2.02,1.76,157.5,1.87,1.94,6,7,7,161,1,0.0,1.0,0.1372,0.1978,94.4,1.792,0.0,0.0,7.22,-3.42,160.62,-0.0069,0.034,-0.0298,-0.0582,0.0791,-1.21,0.2205,-0.1012,0.1294,0.2837,-3.7884,-0.0528,-0.7864,0.0951,0.0,0.0846,0.0944,0.094,0.1065,0.3758,165.25,9.5,-2.5
401620227,20240518,2024,NY,IND,91,80,1.09,7.5,-14.5,1.96,1.81,168.5,1.87,1.94,6,7,11,171,1,0.0,1.0,0.3255,0.4421,215.9,2.677,0.0,0.0,12.72,-1.0,162.38,-0.022,0.0521,-0.075,0.0557,-0.0268,0.53,0.013,0.5953,0.1981,0.6654,-2.4408,0.0494,1.1841,0.2376,0.0,0.0378,0.3349,0.1873,-0.0842,0.4355,165.22,14.5,-3.5
401620228,20240518,2024,LV,LA,89,82,1.04,11.36,-19.5,2.04,1.75,167.5,1.75,2.01,6,7,7,171,1,0.0,1.0,0.3647,0.5103,181.0,5.332,1.0,0.0,15.42,-0.11,162.54,-0.0282,-0.0429,-0.0079,0.0198,-0.0429,-2.45,0.4195,0.0758,0.2232,0.4097,-1.6772,0.0585,0.1738,0.1829,0.0,0.2187,0.0835,0.2927,0.1385,0.6894,165.13,19.5,-12.5
401620229,20240518,2024,DAL,CHI,74,83,1.48,2.68,-5.5,2.0,1.79,164.5,1.88,1.91,6,7,-9,157,0,0.0,0.0,0.1204,0.2327,40.4,-2.976,0.0,0.0,0.51,1.42,166.26,-0.0232,0.0494,-0.0087,-0.0234,-0.0405,2.46,0.1204,0.1865,0.2386,0.2649,-0.2997,-0.0336,1.7503,0.143,1.0,0.0221,-0.0023,0.1985,0.2618,0.55,165.25,5.5,-14.5
401620230,20240518,2024,PHX,ATL,88,85,2.13,1.71,-1.5,2.21,1.67,170.5,1.92,1.87,6,7,3,173,1,1.0,1.0,-0.0543,-0.0576,-110.6,-5.079,1.0,0.0,-12.12,-5.13,164.3,-0.001,-0.0287,-0.0663,0.0508,0.0112,-1.22,0.2656,-0.5025,0.0019,-0.4233,1.6416,-0.0297,-0.4727,0.1766,2.0,-0.0297,0.1119,-0.1678,-0.1547,-0.2034,165.35,1.5,1.5
401620231,20240519,2024,WSH,SEA,75,84,2.73,1.45,4.5,1.91,1.9,160.5,1.87,1.91,6,7,-9,159,0,0.0,0.0,0.1032,0.205,51.3,-2.444,0.0,0.0,-4.21,-4.89,168.74,-0.0291,-0.0111,-0.0629,0.0649,0.0191,-1.29,0.0445,0.2344,0.2506,0.1265,2.5214,-0.0616,-0.0587,-0.0102,1.0,0.04,0.0318,-0.1738,-0.2842,-0.199,165.38,-4.5,-4.5
401620232,20240520,2024,IND,CON,84,88,2.79,1.43,4.5,2.0,1.79,163.5,1.89,1.91,6,7,-4,172,0,1.0,1.0,-0.329,-0.38,-155.2,-1.322,-1.0,0.0,-18.13,4.25,160.96,0.0621,-0.0324,0.0593,0.012,-0.0187,-0.84,-0.0877,-0.4163,-0.2474,-0.6517,0.2998,-0.0042,0.7741,-0.2326,0.0,-0.0738,-0.4071,-0.1008,0.007,-0.5104,165.09,-4.5,0.5
401620233,20240520,2024,NY,SEA,74,63,1.08,8.04,-12.5,1.77,2.04,165.5,1.89,1.91,6,7,11,137,1,0.0,0.0,0.3327,0.5272,207.9,-0.281,1.0,-1.0,2.95,-5.54,168.32,-0.0089,0.0088,-0.0679,0.0917,0.0345,-1.19,0.2084,0.3847,0.4929,0.5875,-2.9085,-0.0481,1.4393,0.0829,2.0,0.235,0.2564,0.0336,-0.0935,0.4972,165.1,12.5,-1.5
401620234,20240521,2024,ATL,DAL,83,78,1.39,2.99,-5.5,1.83,1.96,168.5,1.87,1.91,6,7,5,161,1,0.0,0.0,-0.066,-0.0448,-70.0,1.875,0.0,0.0,-1.2,0.35,169.45,-0.0067,-0.1005,0.0604,0.0059,0.0461,-3.14,-0.3595,0.4479,-0.0489,-0.016,0.3874,0.0299,-2.0764,-0.0819,0.0,-0.0365,0.0948,-0.2835,0.2182,0.0284,164.97,5.5,-0.5
401620235,20240521,2024,LV,PHX,88,98,1.08,7.84,-14.5,1.98,1.83,171.5,1.81,2.0,6,7,-10,186,0,0.0,1.0,0.4087,0.4317,297.6,6.23,0.0,0.0,22.76,0.75,162.05,-0.0096,0.0323,0.0468,0.0443,-0.0528,-0.26,-0.027,0.588,0.2492,0.7757,-5.8719,0.0782,-0.684,-0.1723,0.0,0.1295,-0.0696,0.2708,0.0222,0.408,164.78,14.5,-24.5
401620236,20240521,2024,LA,WSH,70,68,1.73,2.1,-3.5,2.08,1.75,158.5,1.91,1.89,6,7,2,138,1,0.0,0.0,-0.0862,0.0334,31.5,0.172,1.0,0.0,5.93,-0.2,164.44,0.0158,0.0636,0.0557,-0.0625,0.0225,0.51,0.1727,-0.2578,0.2199,0.1648,-4.7022,0.0159,-0.8911,-0.0441,0.0,0.188,-0.0229,0.0048,0.0832,0.2074,165.03,3.5,-1.5
401620237,20240522,2024,SEA,IND,85,83,1.38,3.03,-5.5,1.88,1.94,163.5,1.85,2.04,6,7,2,168,1,0.0,1.0,0.0623,0.0644,15.3,3.566,0.0,0.0,13.14,3.86,168.02,-0.0116,0.0066,0.0204,-0.014,-0.0257,1.64,-0.1283,0.2709,-0.18,0.2337,0.2375,0.0337,-0.7339,0.0124,0.0,-0.0221,0.1773,0.1535,0.2207,0.3336,164.75,5.5,-3.5
401620239,20240523,2024,NY,CHI,81,90,1.06,9.75,-16.5,1.9,1.9,165.5,1.76,2.01,6,7,-9,171,0,0.0,1.0,0.2717,0.3627,111.5,-0.276,-2.0,0.0,9.14,-2.18,164.62,0.0115,-0.0419,0.013,0.1047,-0.037,-1.71,0.0054,0.4522,0.1934,0.4999,-3.2741,0.0314,-0.0628,-0.1076,2.0,0.1849,0.0368,0.0516,0.0289,0.3112,164.91,16.5,-25.5
401620240,20240523,2024,PHX,WSH,83,80,1.33,3.29,-6.5,1.9,1.91,161.5,1.63,2.13,6,7,3,163,1,0.0,1.0,0.0445,0.0829,-62.7,-2.422,0.0,0.0,0.54,-0.6,163.45,-0.032,-0.0122,-0.0044,-0.0315,0.0682,-1.91,0.1017,-0.0034,0.232,0.0029,-0.755,0.0428,0.2323,0.3016,1.0,0.0359,0.085,-0.0063,0.1972,0.3631,164.91,6.5,-3.5
401620241,20240524,2024,LA,IND,73,78,2.04,1.78,1.5,1.91,1.89,163.5,1.78,2.03,6,7,-5,151,0,0.0,0.0,0.058,0.0766,83.4,-0.625,1.0,0.0,13.21,1.21,162.87,0.0064,-0.0045,0.0481,0.0158,0.0575,1.44,-0.1579,0.2948,0.0329,0.4089,-1.7691,-0.0204,-1.4122,-0.0948,1.0,0.1217,0.0271,-0.1155,-0.2559,-0.2627,164.87,-1.5,-3.5
401620242,20240525,2024,MIN,NY,84,67,3.35,1.33,6.5,1.92,1.89,165.5,1.8,1.95,6,7,17,151,1,1.0,0.0,-0.1119,-0.037,-138.0,-1.605,0.0,0.0,-2.47,3.88,167.27,0.0071,-0.0517,0.0323,-0.0376,0.0104,2.91,-0.1027,0.0136,0.0225,-0.0898,3.1,-0.0451,-0.5974,-0.0751,0.0,0.227,0.2098,-0.1238,0.0028,0.1346,164.85,-6.5,23.5
401620243,20240525,2024,CHI,CON,82,86,2.72,1.46,5.5,1.82,1.95,158.5,1.8,1.99,6,7,-4,168,0,1.0,1.0,-0.1302,-0.1432,-36.5,2.506,0.0,0.0,3.61,2.68,163.61,0.0309,0.0386,-0.0156,0.0082,-0.0009,1.34,0.1397,-0.4178,-0.0939,-0.0092,1.6764,-0.0225,1.7887,-0.0555,0.0,-0.0122,0.0036,0.1378,0.11,0.1259,164.88,-5.5,1.5
401620244,20240525,2024,LV,IND,99,80,1.06,9.4,-15.5,1.86,1.95,172.5,1.74,1.99,6,7,19,179,1,1.0,1.0,0.4361,0.4814,243.1,3.235,3.0,-1.0,18.03,1.35,163.13,-0.0424,-0.0269,0.0318,0.0553,0.0232,-1.84,0.1756,0.3396,0.271,0.6106,-3.8655,0.0544,-1.6964,-0.055,2.0,0.1119,0.1449,0.1006,-0.0286,0.3959,164.74,15.5,3.5
401620245,20240525,2024,SEA,WSH,101,69,1.23,4.07,-8.5,1.88,1.93,159.5,1.9,1.91,6,7,32,170,1,1.0,1.0,-0.0709,-0.0734,-18.6,4.022,1.0,0.0,1.17,2.33,167.7,-0.0092,0.048,0.0191,-0.1069,-0.0344,1.01,-0.1001,0.0495,-0.148,0.045,-1.6273,0.0803,1.0561,0.1293,2.0,-0.0841,0.0169,0.2827,0.4644,0.5334,164.63,8.5,23.5
401620246,20240525,2024,PHX,DAL,92,107,1.49,2.63,-4.5,1.88,1.92,166.5,1.78,2.01,6,7,-15,199,0,0.0,1.0,0.1052,0.1188,-142.4,-1.771,-2.0,0.0,1.4,-1.81,166.47,-0.0188,-0.1218,0.0241,0.1233,0.0606,-2.3,0.0352,0.1099,0.1539,-0.0262,1.2092,0.0232,-2.0924,0.0059,1.0,0.1438,0.2656,-0.3205,0.0441,0.1189,164.66,4.5,-19.5
401620247,20240526,2024,ATL,MIN,79,92,1.54,2.48,-4.5,1.96,1.85,164.5,1.81,2.04,6,7,-13,171,0,0.0,1.0,-0.1368,-0.2466,-23.6,1.371,4.0,-1.0,-6.3,-0.78,168.32,-0.031,0.0284,0.0458,-0.0689,0.0394,-4.54,-0.2447,0.0405,-0.1732,-0.2194,0.2058,-0.0061,-1.4187,0.0921,0.0,-0.3121,-0.3064,-0.0187,0.3053,-0.1703,165.0,4.5,-17.5
401620248,20240526,2024,LA,DAL,83,84,1.75,2.07,1.5,1.69,2.13,160.5,1.74,2.16,6,7,-1,167,0,1.0,1.0,-0.1558,-0.1558,-66.7,-0.94,1.0,-1.0,-4.73,-2.44,166.89,0.0299,-0.1013,0.0782,0.0746,0.0117,-1.98,-0.3129,0.2441,-0.0836,-0.2191,-0.5009,-0.0053,-2.5447,-0.1223,2.0,-0.0297,-0.1728,-0.3401,-0.1067,-0.5416,165.19,-1.5,0.5
401620249,20240528,2024,CON,PHX,70,47,1.27,3.73,-7.5,1.86,1.94,164.5,1.74,2.13,6,7,23,117,1,1.0,0.0,0.0595,-0.0245,199.0,2.642,0.0,0.0,8.53,-4.33,163.93,-0.0086,0.1035,0.0169,-0.14,-0.0259,-0.81,-0.0014,0.0548,-0.1387,0.3669,-1.1639,-0.0297,-1.4017,0.1696,0.0,-0.2643,-0.1622,0.1075,-0.0719,-0.259,165.2,7.5,15.5
401620250,20240528,2024,IND,LA,82,88,1.43,2.82,-5.5,1.93,1.88,165.5,1.91,1.88,6,7,-6,170,0,0.0,1.0,-0.0611,-0.0753,-64.7,-0.428,1.0,0.0,-2.45,-1.41,163.85,-0.0141,-0.0134,-0.0654,0.0035,-0.0235,-0.26,0.0053,-0.0316,-0.0656,-0.3516,0.6515,0.0177,0.8575,0.124,0.0,-0.0665,0.1448,-0.0059,0.0153,0.048,165.01,5.5,-11.5
401620251,20240528,2024,CHI,SEA,68,77,2.08,1.74,2.5,1.86,1.93,163.5,1.85,1.94,6,7,-9,145,0,0.0,0.0,-0.0263,0.0333,86.6,-1.353,0.0,0.0,2.81,-2.57,166.58,-0.014,0.026,0.0022,-0.0294,0.0236,0.07,0.1349,-0.1275,0.1178,-0.0275,0.7433,-0.0496,-0.0737,0.0411,0.0,0.0721,0.2471,-0.0063,-0.1027,0.1479,165.21,-2.5,-6.5
401620252,20240529,2024,NY,PHX,81,78,1.08,8.13,-13.5,1.85,1.96,168.5,1.67,2.16,6,7,3,159,1,0.0,0.0,0.2289,0.2334,230.5,3.178,3.0,-1.0,9.83,-2.43,165.44,0.0191,0.0296,-0.0334,-0.0391,-0.0109,-0.52,0.3269,-0.1645,0.0588,0.5165,-2.8377,-0.009,-0.3661,0.0193,1.0,0.0123,-0.0267,0.1777,-0.0817,0.111,165.09,13.5,-10.5
401620253,20240529,2024,WSH,ATL,67,73,2.25,1.65,3.5,1.84,1.95,162.5,1.78,2.0,6,7,-6,140,0,0.0,0.0,-0.1278,-0.1098,-38.1,-4.201,1.0,0.0,-10.4,-0.08,164.99,0.0255,-0.0039,-0.0582,0.0871,-0.0458,0.81,0.0469,-0.2298,-0.1999,-0.2818,1.732,-0.022,-0.4466,-0.2422,0.0,-0.0707,-0.2245,-0.1294,-0.3214,-0.6615,165.09,-3.5,-2.5
401620254,20240529,2024,MIN,LV,66,80,2.54,1.51,4.5,1.85,1.96,169.5,1.88,1.91,6,7,-14,146,0,0.0,0.0,-0.1834,-0.1115,-144.0,-1.423,-1.0,0.0,-3.36,1.17,166.09,0.0546,-0.0066,0.0015,-0.0164,0.0323,5.32,-0.069,-0.0586,-0.0621,-0.022,3.9827,-0.065,2.2995,-0.0102,0.0,0.1537,0.208,-0.1058,-0.1917,-0.1466,164.98,-4.5,-9.5
401620255,20240530,2024,IND,SEA,88,103,2.84,1.43,2.5,2.24,1.62,167.5,1.9,1.9,6,7,-15,191,0,0.0,1.0,-0.2068,-0.2637,-54.8,-5.149,0.0,0.0,-14.76,-2.85,165.92,-0.01,-0.0266,-0.0054,0.0646,-0.0088,-3.16,-0.154,-0.1123,-0.0473,-0.6301,0.8923,-0.0184,-0.4153,0.0905,1.0,-0.1893,-0.1018,-0.2027,-0.1397,-0.4433,164.67,-2.5,-12.5
401620256,20240530,2024,CHI,LA,83,73,1.52,2.54,-4.5,1.9,1.9,160.5,1.91,1.91,6,7,10,156,1,1.0,0.0,0.0585,0.085,35.8,2.429,0.0,0.0,-0.47,-1.23,164.9,-0.0186,0.0581,-0.0929,-0.0893,-0.0355,1.8,0.2523,-0.222,-0.0576,0.0385,2.066,0.0012,0.3136,0.0351,1.0,-0.0007,0.3423,0.1882,0.042,0.3897,164.99,4.5,5.5
401620257,20240531,2024,ATL,LV,78,74,3.99,1.25,8.5,1.87,1.92,170.5,1.78,2.0,6,7,4,152,1,1.0,0.0,-0.3752,-0.4074,-196.5,-0.008,0.0,0.0,-7.48,0.36,165.23,0.038,0.0092,0.0311,-0.0933,0.0289,1.29,-0.3326,-0.0533,-0.2966,-0.5117,4.1961,-0.0664,0.1578,0.1264,1.0,-0.1231,-0.0882,-0.1344,0.0333,-0.387,164.78,-8.5,12.5
401620258,20240531,2024,CON,DAL,74,72,1.25,3.91,-8.5,1.9,1.9,160.5,1.85,1.93,6,7,2,146,1,0.0,0.0,0.0389,0.0795,36.4,1.472,-2.0,0.0,6.3,-2.36,164.03,-0.0119,-0.0548,0.0288,0.0227,0.0119,-1.74,-0.1796,0.3345,-0.0311,0.3291,0.1826,-0.0078,-3.0878,0.1839,3.0,-0.072,0.041,-0.2207,0.0111,-0.1608,164.76,8.5,-6.5
401620259,20240531,2024,NY,WSH,90,79,1.09,7.27,-15.5,2.17,1.7,160.5,1.91,1.9,6,7,11,169,1,0.0,1.0,0.3173,0.3437,190.4,2.628,0.0,0.0,9.83,-1.64,163.72,-0.0029,0.0232,0.0199,0.0037,-0.0261,0.93,0.2085,0.1376,0.3155,0.4996,-5.283,0.0301,1.835,0.119,0.0,0.2694,0.2044,0.2689,0.1717,0.8023,164.67,15.5,-4.5
401620260,20240531,2024,MIN,PHX,95,71,1.32,3.33,-6.5,1.89,1.91,164.5,1.88,1.91,6,7,24,166,1,1.0,1.0,0.3024,0.3157,129.9,1.954,0.0,0.0,10.68,0.3,165.54,0.017,-0.0146,-0.0021,-0.0606,0.0503,2.71,0.3674,-0.1525,0.2159,0.5884,0.3979,0.0147,0.1887,-0.0081,2.0,0.2686,0.2493,0.1105,-0.1711,0.3053,164.63,6.5,17.5
401620261,20240601,2024,IND,CHI,71,70,1.97,1.82,1.5,1.9,1.91,166.5,1.86,1.91,6,7,1,141,1,1.0,0.0,-0.1441,-0.2308,-137.1,-5.068,0.0,0.0,-10.89,0.15,163.41,-0.0046,-0.0658,0.0071,0.1016,-0.0101,-3.58,-0.2781,0.1341,-0.0752,-0.6995,-1.7917,0.0637,0.2237,0.1554,0.0,-0.0977,-0.1448,-0.1924,-0.0293,-0.3445,164.41,-1.5,2.5
401620262,20240602,2024,ATL,CON,50,69,2.16,1.7,2.5,1.91,1.91,159.5,1.91,1.87,6,7,-19,119,0,0.0,0.0,-0.0777,-0.1183,-108.1,1.639,0.0,0.0,-7.02,2.98,162.01,0.0189,-0.0837,0.0235,0.0432,0.0944,-0.6,0.0087,-0.1872,-0.0792,-0.3386,1.4325,0.0503,0.4813,-0.0407,0.0,-0.0104,-0.0927,-0.0108,0.0742,-0.0688,164.35,-2.5,-16.5
401620263,20240602,2024,NY,IND,104,68,1.08,8.03,-15.5,2.0,1.78,164.5,1.81,2.04,6,7,36,172,1,1.0,1.0,0.3031,0.3899,219.8,2.959,1.0,-1.0,6.96,0.42,162.13,0.0197,0.0121,0.0239,0.0574,-0.019,1.74,0.1417,0.266,0.1347,0.7565,-3.0659,0.0194,-0.1371,-0.2077,0.0,0.1626,0.0953,0.1591,0.0394,0.3954,164.03,15.5,20.5
401620264,20240602,2024,MIN,DAL,87,76,1.35,3.19,-7.5,2.0,1.81,162.5,1.87,1.92,6,7,11,163,1,1.0,1.0,0.1743,0.1424,-33.6,0.89,0.0,0.0,7.85,0.97,163.34,0.0107,-0.124,0.0275,0.1401,0.0581,2.3,-0.4044,0.6089,0.0636,0.24,-0.2381,0.0336,-0.5666,0.0282,4.0,0.1954,0.2514,-0.1907,-0.2573,-0.1105,164.06,7.5,3.5
401620265,20240602,2024,PHX,LA,87,68,1.48,2.67,-4.5,1.86,1.95,163.5,2.0,1.84,6,7,19,155,1,1.0,0.0,0.0024,0.0667,-107.6,-2.849,-1.0,0.0,-11.37,-1.44,165.15,-0.0282,-0.0199,-0.1099,0.092,-0.0344,0.82,-0.0954,0.2541,-0.0047,-0.3934,0.1767,0.0345,1.5036,-0.0009,2.0,0.0147,0.3043,0.0498,0.1024,0.3992,163.89,4.5,14.5
401620266,20240604,2024,CON,WSH,76,59,1.09,7.52,-14.5,2.01,1.77,152.5,1.91,1.87,6,7,17,135,1,1.0,0.0,0.2843,0.3171,187.9,5.946,-2.0,0.0,21.69,-2.19,161.56,-0.0338,0.0762,0.043,-0.1197,-0.0294,0.26,-0.0891,0.5921,0.2247,0.9686,-3.597,-0.082,0.3329,0.2521,1.0,0.0518,0.1913,0.2867,0.2707,0.7541,163.84,14.5,2.5
401620267,20240604,2024,CHI,NY,75,88,4.01,1.24,6.5,2.13,1.71,161.5,1.63,2.1,6,7,-13,163,0,0.0,1.0,-0.2403,-0.2537,-97.8,2.094,1.0,0.0,-6.43,0.17,162.79,0.0048,0.07,-0.0228,-0.1746,-0.0076,1.36,-0.0973,-0.1247,-0.1854,-0.362,4.6675,-0.0934,-0.6097,0.0975,0.0,-0.1333,0.0527,0.0761,0.1393,0.0228,163.65,-6.5,-6.5
401620268,20240604,2024,SEA,PHX,80,62,1.43,2.85,-7.5,2.26,1.65,163.5,1.91,1.91,6,7,18,142,1,1.0,0.0,0.2186,0.068,85.6,4.606,3.0,0.0,18.29,2.16,166.31,-0.0095,0.0251,-0.0249,-0.1636,-0.016,2.85,0.2949,-0.3823,0.1197,0.5228,1.4571,0.0117,1.04,0.0501,0.0,0.1085,0.1374,0.0472,0.0837,0.2038,163.57,7.5,10.5
401620269,20240605,2024,DAL,LV,81,95,4.21,1.23,7.5,2.0,1.77,166.5,1.81,1.95,6,7,-14,176,0,0.0,1.0,-0.3234,-0.3531,-124.7,-2.992,-2.0,0.0,-6.26,-0.76,165.29,0.052,0.1313,-0.044,-0.1477,-0.0111,2.66,-0.1325,-0.2167,-0.2201,-0.3779,2.0599,-0.0572,2.1256,0.0502,2.0,0.0333,-0.1432,0.0578,-0.1326,-0.3172,163.62,-7.5,-6.5
401620270,20240605,2024,LA,MIN,62,86,3.52,1.3,7.5,1.87,1.93,156.5,1.95,1.85,6,7,-24,148,0,0.0,0.0,-0.4541,-0.4174,-62.9,0.003,0.0,0.0,-16.86,-0.43,165.34,0.0331,0.0044,0.1228,-0.0136,-0.0229,-5.75,-0.2803,-0.2357,-0.2128,-0.7428,0.4944,-0.0743,-2.3012,0.0302,0.0,-0.2758,-0.5693,-0.0727,-0.029,-0.7175,163.71,-7.5,-16.5
401620271,20240606,2024,WSH,CHI,71,79,2.33,1.61,3.5,1.85,1.96,155.5,1.87,1.92,6,7,-8,150,0,0.0,0.0,-0.0753,-0.13,-97.8,-6.43,0.0,0.0,-10.27,-1.75,162.28,0.0264,-0.0938,-0.0449,0.1735,0.005,-3.61,0.0693,-0.3435,-0.1307,-0.4919,0.7902,0.0421,-1.5218,-0.0802,0.0,-0.1576,-0.3563,-0.3174,-0.4453,-1.0104,163.35,-3.5,-4.5
401620272,20240606,2024,ATL,NY,61,78,3.09,1.37,6.5,1.84,1.96,163.5,1.9,1.91,6,7,-17,139,0,0.0,0.0,-0.2735,-0.3622,-162.8,0.106,2.0,0.0,-15.16,-0.87,163.1,0.0008,-0.0391,0.0293,-0.1262,0.0349,-0.42,0.0593,-0.4327,-0.3904,-0.597,1.183,-0.0507,-0.437,0.1426,1.0,-0.2505,-0.0671,-0.0968,-0.0034,-0.463,163.29,-6.5,-10.5
401620273,20240607,2024,WSH,IND,83,85,2.44,1.56,1.5,2.21,1.66,161.5,1.91,1.88,6,7,-2,168,0,0.0,1.0,0.1281,0.1349,16.4,1.218,-4.0,1.0,1.59,0.57,162.43,0.0492,-0.0196,0.007,0.0081,-0.001,0.17,0.3277,-0.269,-0.0664,0.0791,2.2873,0.0062,-0.8406,-0.3323,1.0,0.0077,-0.1509,-0.0483,-0.3345,-0.4859,163.07,-1.5,-0.5
401620274,20240607,2024,LV,SEA,65,78,1.28,3.64,-10.5,2.31,1.62,166.5,1.91,1.91,6,7,-13,143,0,0.0,0.0,0.1802,0.207,194.6,-0.786,-1.0,0.0,-8.4,-1.15,167.61,-0.0347,-0.0373,0.0028,0.1015,-0.0125,-4.17,0.1429,0.0633,0.0977,0.111,-2.4971,0.0376,-1.7575,-0.0396,0.0,-0.1717,-0.1898,0.0263,-0.0359,-0.0688,163.13,10.5,-23.5
401620275,20240607,2024,LA,DAL,81,72,2.39,1.57,2.5,2.01,1.77,160.5,1.89,1.91,6,7,9,153,1,1.0,0.0,-0.2262,-0.1941,-86.4,-0.254,0.0,0.0,-7.46,0.25,165.07,0.0201,-0.1076,0.1148,0.1106,0.0322,-2.24,-0.1204,-0.1636,-0.1231,-0.2401,0.4686,-0.0315,-2.0549,0.063,0.0,-0.1317,-0.219,-0.2327,-0.1362,-0.5888,163.07,-2.5,11.5
401620276,20240607,2024,PHX,MIN,81,80,2.77,1.44,4.5,1.95,1.86,161.5,1.89,1.91,6,7,1,161,1,1.0,0.0,-0.462,-0.4383,-163.9,-4.242,1.0,0.0,-21.8,-0.01,165.23,-0.0064,-0.0075,0.0322,0.052,-0.0753,-3.34,-0.7106,0.2908,-0.3659,-0.9927,-1.2808,-0.0452,-0.7795,-0.0905,1.0,-0.3322,-0.2698,-0.1148,0.2375,-0.364,162.83,-4.5,5.5
401620277,20240608,2024,CON,NY,75,82,2.13,1.72,1.5,1.93,1.85,154.5,1.93,1.87,6,7,-7,157,0,0.0,1.0,-0.0743,-0.1019,-32.6,1.196,2.0,0.0,-3.11,-3.06,160.55,-0.0029,0.0269,0.065,-0.1571,-0.0083,-0.84,-0.5597,0.5706,-0.1198,0.1209,0.0746,-0.1574,-1.3476,0.0194,2.0,-0.195,0.0105,-0.1671,-0.0927,-0.3496,162.9,-1.5,-5.5
401620278,20240608,2024,CHI,ATL,80,89,1.99,1.8,1.5,1.89,1.91,158.5,1.85,1.91,6,7,-9,169,0,0.0,1.0,0.0021,0.0033,61.2,0.547,0.0,0.0,7.79,3.0,163.18,-0.0,0.1089,-0.0204,-0.0884,-0.046,1.49,0.1112,-0.1568,0.0384,0.2652,2.2842,-0.0386,-0.6683,-0.1153,0.0,-0.0316,0.0638,0.0614,0.1823,0.2669,162.98,-1.5,-7.5
401620279,20240609,2024,NY,WSH,93,88,1.06,8.98,-14.5,1.86,1.94,156.5,1.91,1.87,6,7,5,181,1,0.0,1.0,0.5398,0.5519,252.4,5.037,-1.0,1.0,24.72,-0.82,162.51,-0.0433,-0.0197,0.0131,0.0385,0.0118,2.0,0.1911,0.3764,0.4415,1.0679,-3.6427,0.0666,1.6305,0.2163,0.0,0.3481,0.3651,0.2166,0.2778,1.0748,163.02,14.5,-9.5
401620281,20240609,2024,MIN,SEA,83,64,1.87,1.92,-2.5,2.04,1.77,157.5,1.91,1.87,6,7,19,147,1,1.0,0.0,0.0939,0.1071,41.9,-2.356,0.0,0.0,-7.59,-2.42,167.52,0.0049,-0.0163,-0.0594,0.11,0.0661,-0.49,0.2865,-0.2333,0.0903,0.0012,-0.6233,0.0087,-0.3961,0.1469,1.0,0.0215,0.0329,-0.0774,-0.314,-0.2173,163.26,2.5,16.5
401620282,20240609,2024,LA,LV,96,92,5.25,1.16,10.5,1.9,1.91,159.5,1.75,2.05,6,7,4,188,1,1.0,1.0,-0.514,-0.4677,-206.2,-2.531,0.0,0.0,-12.3,-1.02,166.53,0.0571,0.0299,0.0525,-0.0428,-0.0076,-1.97,-0.1617,-0.4082,-0.259,-0.4804,2.7058,-0.0861,-1.6956,0.1837,0.0,-0.257,-0.2313,-0.0937,-0.117,-0.6128,163.27,-10.5,14.5
401620283,20240610,2024,CON,IND,89,72,1.16,5.29,-10.5,1.91,1.9,158.5,1.85,1.95,6,7,17,161,1,1.0,1.0,0.4248,0.4248,206.4,5.971,-1.0,0.0,20.68,-1.82,160.16,-0.0009,0.0446,0.0922,-0.1446,-0.0347,-0.25,0.132,0.3687,0.121,1.0066,-2.8988,-0.0714,-0.8459,-0.1596,2.0,-0.0552,0.0499,0.1598,0.0369,0.2644,163.54,10.5,6.5
401620284,20240611,2024,ATL,WSH,68,87,1.33,3.32,-7.5,2.0,1.78,155.5,1.82,1.94,6,7,-19,155,0,0.0,0.0,0.1615,0.136,72.9,5.473,1.0,0.0,4.41,-1.72,161.34,-0.036,0.0085,0.0744,-0.1048,-0.0021,3.48,-0.0455,0.2458,0.0182,0.3623,-1.8419,0.0481,1.5637,0.2627,1.0,0.1699,0.2203,0.1427,0.2793,0.5899,163.63,7.5,-26.5
401620285,20240611,2024,LV,MIN,86,100,1.32,3.37,-7.5,1.99,1.82,164.5,1.78,1.99,6,7,-14,186,0,0.0,1.0,-0.0468,-0.0853,102.1,-1.233,0.0,0.0,-14.5,1.85,165.24,-0.0461,-0.0401,0.0487,0.0068,-0.0874,-1.4,-0.0766,0.0337,-0.0806,-0.3894,-1.2943,0.0239,-0.1004,-0.174,0.0,-0.2144,-0.1985,0.0273,0.1629,-0.0734,163.66,7.5,-21.5
401620286,20240611,2024,SEA,LA,95,79,1.14,5.67,-11.5,1.91,1.9,157.5,1.91,1.9,6,7,16,174,1,1.0,1.0,0.2549,0.1964,27.6,3.598,0.0,0.0,12.67,1.29,166.81,-0.0339,0.0124,-0.0724,-0.0617,0.0001,5.52,-0.0374,0.3645,0.0509,0.2936,-1.6406,0.0138,2.5042,-0.2,0.0,0.1843,0.4824,-0.0013,0.2607,0.6294,163.69,11.5,4.5
401620287,20240612,2024,CHI,CON,75,83,3.64,1.29,7.5,1.9,1.9,152.5,1.82,1.95,6,7,-8,158,0,0.0,1.0,-0.2048,-0.3475,-96.8,-0.295,2.0,0.0,-11.26,4.92,161.02,0.0208,0.0122,-0.0383,-0.051,-0.0461,2.65,0.0691,-0.5596,-0.2927,-0.7586,4.2987,0.0534,0.1387,0.0523,0.0,-0.0751,-0.0803,-0.0086,0.2525,-0.0297,163.84,-7.5,-0.5
401620288,20240613,2024,IND,ATL,91,84,2.15,1.71,2.5,1.94,1.86,161.5,1.75,2.05,6,7,7,175,1,1.0,1.0,-0.2376,-0.2382,-60.4,-4.58,1.0,0.0,-4.29,0.85,158.38,0.0075,0.0077,-0.0472,0.1003,0.0133,-2.03,-0.1519,-0.0914,0.0312,-0.3253,1.3157,-0.0291,-0.0761,0.0343,0.0,-0.0314,-0.1062,-0.1555,-0.1111,-0.2924,163.85,-2.5,9.5
401620289,20240613,2024,DAL,SEA,84,92,3.33,1.33,6.5,1.9,1.9,160.5,1.91,1.88,6,7,-8,176,0,0.0,1.0,-0.255,-0.2671,11.2,-4.546,2.0,0.0,-16.65,2.01,167.43,0.0411,0.0692,-0.0275,-0.0437,-0.0575,-2.63,0.1097,-0.4613,-0.1743,-0.6211,-0.0175,0.0635,-1.8483,0.1074,0.0,-0.2466,-0.4964,-0.0314,-0.1713,-0.6544,163.94,-6.5,-1.5
401620290,20240613,2024,PHX,LV,99,103,2.93,1.4,5.5,1.91,1.87,168.5,1.8,1.97,6,7,-4,202,0,1.0,1.0,-0.3241,-0.3021,-238.4,-1.776,2.0,0.0,2.92,1.58,168.05,0.0474,0.0473,-0.0352,0.0142,-0.027,0.93,-0.0313,-0.339,-0.2093,-0.2475,-1.3079,-0.0609,0.1058,0.1049,0.0,-0.0355,-0.0206,-0.0254,0.0353,-0.1705,163.7,-5.5,1.5
401620291,20240614,2024,WSH,CHI,83,81,2.23,1.66,1.5,2.05,1.77,157.5,1.8,1.95,6,7,2,164,1,1.0,1.0,-0.0735,-0.0506,-81.4,-4.829,1.0,0.0,3.82,-0.96,162.21,0.0006,-0.0872,-0.0707,0.2007,0.0631,-4.24,0.1197,-0.255,0.0332,-0.0362,-0.7947,-0.0397,-1.2573,-0.1462,0.0,-0.1157,-0.1087,-0.1986,-0.4226,-0.64,164.17,-1.5,3.5
401620292,20240614,2024,MIN,LA,81,76,1.1,7.33,-13.5,1.98,1.85,159.5,1.87,1.95,6,7,5,157,1,0.0,0.0,0.5698,0.603,114.3,2.571,0.0,0.0,22.0,-2.22,162.22,-0.0275,-0.0338,-0.1052,0.0422,0.1303,3.01,0.2016,0.5879,0.4386,1.0732,-1.4878,0.0105,0.9373,0.0094,1.0,0.4444,0.6075,-0.03,-0.0521,0.7347,164.05,13.5,-8.5
401620293,20240615,2024,DAL,CON,67,85,3.38,1.32,6.5,1.94,1.87,157.5,1.94,1.86,6,7,-18,152,0,0.0,0.0,-0.2318,-0.2552,-115.6,-4.065,-1.0,0.0,-19.9,6.07,162.5,0.0411,0.0314,-0.1138,0.0002,-0.0147,1.57,0.195,-0.6196,-0.1628,-0.9479,2.1818,0.1165,2.3681,0.0605,1.0,0.0761,-0.1823,0.0872,-0.0489,-0.1744,163.92,-6.5,-11.5
401620294,20240615,2024,LV,NY,82,90,1.7,2.15,-2.5,1.9,1.91,169.5,1.61,2.16,6,7,-8,172,0,0.0,1.0,-0.0432,-0.0353,-15.6,-2.811,-3.0,0.0,-17.17,2.19,163.73,-0.0328,-0.0415,0.0422,-0.004,0.021,-0.5,0.0964,-0.1181,-0.0461,-0.3948,0.4907,0.0082,0.4238,-0.0858,0.0,-0.0409,-0.0075,-0.1088,0.0553,-0.0497,163.91,2.5,-10.5
401620295,20240616,2024,PHX,SEA,87,78,2.3,1.63,2.5,2.03,1.79,163.5,1.79,2.02,6,7,9,165,1,1.0,1.0,-0.2371,-0.2728,-114.8,-5.457,0.0,0.0,-6.31,2.99,166.89,0.0319,-0.0489,0.0288,0.1195,-0.0318,-3.38,0.1322,-0.4998,-0.1779,-0.6092,-0.7119,0.0007,-2.0776,0.025,1.0,-0.2637,-0.3555,-0.215,-0.1716,-0.7244,163.83,-2.5,11.5
401620296,20240616,2024,IND,CHI,91,83,1.71,2.15,-2.5,1.91,1.9,164.5,1.6,2.21,6,7,8,174,1,1.0,1.0,-0.1914,-0.2475,-96.1,-5.513,1.0,0.0,-3.19,-1.13,161.61,-0.0266,-0.0529,-0.0403,0.2016,0.035,-1.84,-0.0774,-0.238,-0.0052,-0.2745,-2.4884,-0.0092,1.0172,0.0848,1.0,-0.0657,-0.0139,-0.2097,-0.1695,-0.3588,163.75,2.5,5.5
401620297,20240616,2024,ATL,LA,87,74,1.45,2.75,-5.5,1.94,1.87,158.5,1.72,2.1,6,7,13,161,1,1.0,1.0,0.0578,0.0815,-5.1,1.461,1.0,0.0,-3.99,-4.19,161.24,-0.044,-0.0137,-0.0257,-0.0335,0.0238,0.93,0.0318,0.0694,-0.0158,0.0475,-1.5282,-0.0096,-0.2517,0.0427,2.0,-0.0042,0.1964,0.0261,0.1788,0.305,163.71,5.5,7.5
401620298,20240617,2024,MIN,DAL,90,78,1.07,8.63,-15.5,1.96,1.83,160.5,1.91,1.88,6,7,12,168,1,0.0,1.0,0.5276,0.5384,84.4,2.733,1.0,0.0,23.11,-3.02,162.47,-0.0203,-0.1029,-0.0102,0.1501,0.1727,3.56,-0.2926,0.9974,0.3736,1.1301,0.4281,-0.0398,0.6318,0.0177,0.0,0.518,0.8164,-0.2247,0.4468,1.1736,163.64,15.5,-3.5
401620299,20240618,2024,CON,LA,79,70,1.08,8.07,-13.5,1.97,1.85,153.5,1.87,1.91,6,7,9,149,1,0.0,0.0,0.3121,0.3522,187.3,3.161,1.0,0.0,16.28,-4.39,160.14,-0.0324,0.0329,0.0178,-0.097,0.0128,0.59,-0.0973,0.6772,0.1568,1.1211,-2.8712,-0.0748,-0.5673,-0.14,3.0,0.2093,0.3858,0.1051,0.0374,0.5429,163.69,13.5,-4.5
401620300,20240618,2024,PHX,NY,99,93,2.83,1.43,5.5,1.86,1.93,166.5,1.57,2.28,6,7,6,192,1,1.0,1.0,-0.2983,-0.2983,-260.2,-3.172,-1.0,0.0,-9.55,3.96,165.38,0.0181,-0.0226,0.0067,-0.0348,-0.0455,0.58,0.0877,-0.4099,-0.2206,-0.6709,1.5419,-0.0086,1.4529,-0.0252,1.0,-0.0403,0.0394,-0.1562,0.0408,-0.2101,163.75,-5.5,11.5
401620301,20240619,2024,IND,WSH,88,81,1.46,2.76,-5.5,1.93,1.83,166.5,1.86,1.91,6,7,7,169,1,1.0,1.0,-0.1615,-0.1195,-15.0,-1.926,-2.0,0.0,-7.32,-1.49,161.33,-0.0251,0.02,0.0297,-0.0254,0.0111,1.15,-0.212,0.1221,0.0564,-0.1488,-2.3168,-0.0244,1.8718,0.2178,0.0,0.0555,0.0721,0.0302,0.1857,0.2988,163.78,5.5,1.5
401620302,20240619,2024,MIN,ATL,68,55,1.22,4.4,-10.5,1.98,1.79,161.5,1.87,1.95,6,7,13,123,1,1.0,0.0,0.4267,0.3944,122.1,-0.894,-1.0,0.0,13.26,0.97,157.73,0.0092,-0.0379,-0.0478,0.0828,0.0865,3.94,0.2838,0.1637,0.2729,0.8179,-1.3891,0.0316,2.1837,-0.1117,0.0,0.5077,0.4291,-0.0907,-0.1207,0.4766,163.9,10.5,2.5
401620303,20240619,2024,LV,SEA,94,83,1.34,3.24,-6.5,1.92,1.89,169.5,1.75,2.13,6,7,11,177,1,1.0,1.0,0.0752,0.0663,130.2,-3.558,1.0,0.0,-8.06,0.49,165.19,-0.0027,-0.076,0.0441,0.1282,0.0315,-5.51,0.0944,-0.0666,0.0589,-0.2938,-0.1986,0.0544,-2.4808,-0.0336,2.0,-0.2232,-0.4201,-0.1601,-0.1403,-0.5105,163.63,6.5,4.5
401620304,20240620,2024,CHI,DAL,83,72,1.5,2.64,-6.5,2.04,1.77,160.5,1.78,2.0,6,7,11,155,1,1.0,0.0,-0.0039,0.0442,6.6,1.78,1.0,0.0,6.86,-1.26,163.58,-0.0221,-0.0214,0.065,-0.0576,0.0318,1.52,-0.3778,0.6182,0.0823,0.3114,3.7725,-0.0473,-1.5137,-0.1135,1.0,-0.119,0.0431,0.002,0.0784,0.0944,163.81,6.5,4.5
401620305,20240620,2024,NY,LA,93,80,1.07,8.6,-14.5,1.91,1.89,163.5,1.85,1.99,6,7,13,173,1,0.0,1.0,0.4876,0.5459,217.2,1.504,0.0,0.0,13.5,-0.01,163.08,-0.041,-0.005,-0.0877,0.1004,0.057,1.9,-0.2034,0.8149,0.3686,0.7165,-3.636,0.0231,0.3549,-0.0782,4.0,0.4563,0.5451,0.1932,0.1821,1.0648,163.67,14.5,-1.5
401620306,20240621,2024,ATL,IND,79,91,2.29,1.64,1.5,2.05,1.75,162.5,1.84,1.95,6,7,-12,170,0,0.0,1.0,0.0737,0.037,33.0,6.324,0.0,0.0,-5.79,-1.39,157.11,-0.0117,0.0078,0.0285,-0.085,-0.0562,0.84,0.2403,-0.2736,-0.2382,-0.1326,-1.1037,0.0111,-0.7739,0.0563,0.0,-0.2728,-0.1094,0.1781,0.0289,-0.1378,163.63,-1.5,-10.5
401620307,20240621,2024,LV,CON,85,74,1.45,2.78,-6.5,2.04,1.73,162.5,1.8,2.04,6,7,11,159,1,1.0,0.0,0.1359,0.1268,2.5,-3.56,-1.0,0.0,-11.05,6.27,159.13,-0.0057,-0.1199,-0.0157,0.1731,0.032,-0.04,0.5028,-0.4402,0.0523,-0.6516,1.1862,0.0994,1.3262,0.1983,0.0,0.179,0.0584,-0.0587,0.0305,0.1547,163.63,6.5,4.5
401620308,20240622,2024,WSH,DAL,97,69,2.26,1.66,1.5,2.08,1.73,160.5,1.91,1.9,6,7,28,166,1,1.0,1.0,0.0774,0.0208,-54.5,-2.409,1.0,0.0,12.71,-0.46,162.65,-0.0103,-0.0842,0.0067,0.1513,0.0593,-1.1,0.105,-0.1735,0.1199,0.2314,2.1248,-0.0631,-0.9008,-0.2404,2.0,-0.1332,0.0117,-0.3766,-0.1478,-0.4183,163.66,-1.5,29.5
401620309,20240622,2024,NY,LA,98,88,1.06,9.45,-15.5,2.02,1.79,166.5,1.83,2.02,6,7,10,186,1,0.0,1.0,0.5332,0.5783,223.2,1.299,0.0,0.0,16.63,0.66,162.97,-0.042,-0.0147,-0.0672,0.1171,0.0749,2.02,-0.179,0.8186,0.4286,0.832,-3.2512,0.0508,0.7335,-0.0553,5.0,0.467,0.6593,0.1385,0.1601,1.0997,163.76,15.5,-5.5
401620310,20240622,2024,MIN,PHX,73,60,1.43,2.83,-5.5,1.89,1.9,162.5,1.58,2.17,6,7,13,133,1,1.0,0.0,0.2774,0.2688,166.1,4.395,-1.0,0.0,8.28,-5.12,163.81,-0.0307,0.0234,-0.0079,-0.0293,0.0581,2.69,-0.1784,0.5411,0.0946,0.7048,-0.2207,0.0318,0.3785,-0.046,0.0,0.0956,0.3545,0.0353,-0.1432,0.2496,163.95,5.5,7.5
401620311,20240623,2024,ATL,NY,75,96,4.51,1.21,8.5,1.96,1.87,160.5,1.62,2.16,5,7,-21,171,0,0.0,1.0,-0.4342,-0.5386,-225.8,2.759,1.0,-1.0,-13.84,-2.57,160.7,-0.0149,0.0093,0.1295,-0.1655,-0.1031,-1.18,0.2657,-0.86,-0.5323,-0.8693,0.3227,-0.039,-0.0515,0.0885,0.0,-0.5544,-0.397,0.0176,-0.0104,-0.7909,163.77,-8.5,-12.5
401620312,20240623,2024,WSH,DAL,92,84,1.85,1.96,-2.5,2.04,1.77,161.5,1.78,1.98,6,7,8,176,1,1.0,1.0,0.1058,0.0518,-16.7,-0.907,0.0,0.0,24.39,-0.56,164.15,-0.029,-0.074,0.0182,0.1306,0.0766,-1.09,-0.0331,0.0352,0.1174,0.6424,1.7124,-0.0409,-1.2572,-0.2278,3.0,-0.1351,-0.0412,-0.2985,-0.181,-0.4093,164.03,2.5,5.5
401620313,20240623,2024,CHI,IND,88,87,1.73,2.13,-2.5,1.91,1.88,169.5,1.91,1.91,6,7,1,175,1,0.0,1.0,0.0055,0.0345,64.6,3.695,1.0,0.0,-6.91,2.19,160.3,0.0051,0.0624,0.0074,-0.1968,-0.0864,0.8,-0.2414,0.3952,-0.2008,-0.0809,1.4023,0.0739,-2.283,-0.0107,1.0,-0.1736,0.0264,0.1522,0.1957,0.1412,163.8,2.5,-1.5
401620314,20240623,2024,SEA,CON,72,61,1.81,2.0,-1.5,1.9,1.9,153.5,1.89,1.91,6,7,11,133,1,1.0,0.0,-0.0088,-0.0027,-128.5,-0.949,2.0,0.0,-10.28,6.17,160.15,0.0055,-0.0008,-0.0767,0.0576,-0.0359,4.34,-0.0186,-0.0657,-0.0004,-0.4635,1.076,0.0864,3.183,0.1469,1.0,0.2593,0.2542,0.1731,0.2476,0.5897,163.99,1.5,9.5
401677672,20240625,2024,NY,MIN,89,94,1.43,2.86,-5.5,1.87,1.92,160.5,1.62,2.21,6,7,-5,183,0,0.0,1.0,0.045,0.1201,84.8,-3.632,-1.0,0.0,-1.43,2.04,161.11,0.0069,0.0147,-0.0409,0.0864,0.0042,-1.26,-0.4857,0.5196,0.3544,-0.1201,0.226,0.0399,-0.8882,-0.0349,0.0,0.1288,-0.031,0.1715,0.1767,0.4937,163.7,5.5,-10.5
401620315,20240627,2024,DAL,MIN,94,88,4.71,1.19,9.5,1.85,1.95,162.5,1.78,2.05,6,7,6,182,1,1.0,1.0,-0.5901,-0.6185,-147.6,-4.813,2.0,0.0,-24.89,2.21,162.34,0.0498,0.1018,-0.0024,-0.0523,-0.1185,-3.82,0.243,-1.01,-0.318,-1.3461,1.7852,-0.0083,-1.1912,0.1808,1.0,-0.3787,-0.4901,0.2084,0.1366,-0.4157,163.72,-9.5,15.5
401620317,20240627,2024,CHI,LV,83,95,5.31,1.16,9.5,2.0,1.79,167.5,1.55,2.4,6,7,-12,178,0,0.0,1.0,-0.3903,-0.3003,-144.7,1.752,-1.0,0.0,-2.55,-0.23,163.43,0.0183,0.0966,0.0116,-0.2052,-0.0518,-0.12,-0.2858,-0.0313,-0.0232,-0.2428,1.823,-0.0324,-1.393,-0.0886,0.0,-0.2107,-0.2891,0.2653,0.1002,-0.0517,163.93,-9.5,-2.5
401620318,20240627,2024,SEA,IND,89,77,1.22,4.39,-9.5,1.95,1.84,166.5,1.8,2.0,6,7,12,166,1,1.0,0.0,0.2319,0.2821,78.9,5.353,0.0,0.0,-3.85,3.03,161.87,-0.0062,0.0433,-0.0091,-0.1037,-0.1093,4.92,0.2889,0.0052,-0.1833,0.1959,-2.093,0.0892,0.5993,0.1379,2.0,0.1197,0.3029,0.1616,0.1755,0.4471,164.05,9.5,2.5
401620319,20240628,2024,CON,ATL,74,78,1.19,4.76,-9.5,1.87,1.94,149.5,1.87,1.91,6,7,-4,152,0,0.0,1.0,0.2447,0.2181,189.2,-0.557,-4.0,1.0,9.77,-1.14,157.86,0.0051,0.0038,-0.0111,-0.0231,0.0539,0.87,-0.1721,0.572,0.0353,0.8374,1.123,-0.0705,-0.8995,-0.1594,0.0,0.1877,0.1399,-0.0973,-0.1836,-0.0135,164.25,9.5,-13.5
401620320,20240628,2024,PHX,LA,92,78,1.17,5.26,-11.5,2.05,1.77,165.5,1.81,2.02,6,7,14,170,1,1.0,1.0,0.1604,0.1982,-21.6,0.25,0.0,0.0,10.53,3.74,165.85,-0.0143,-0.0516,-0.0852,0.0537,0.0237,1.46,0.1403,0.1357,0.0018,0.3392,-1.2451,-0.0113,1.9371,0.0163,6.0,0.2708,0.413,-0.0493,0.0702,0.386,164.16,11.5,2.5
401620321,20240629,2024,WSH,LV,77,88,7.23,1.1,11.5,2.1,1.71,171.5,1.71,2.11,6,7,-11,165,0,1.0,0.0,-0.4427,-0.4379,-210.5,-0.863,0.0,0.0,-1.1,1.58,165.03,0.0434,0.0135,-0.0844,0.0296,0.0471,-2.18,-0.0955,-0.4568,-0.1979,-0.2647,1.8436,-0.0314,-1.9355,-0.1589,1.0,-0.2292,-0.1873,-0.1553,-0.2035,-0.6854,164.19,-11.5,0.5
401620322,20240629,2024,SEA,DAL,97,76,1.16,5.22,-11.5,1.96,1.83,164.5,1.74,2.16,6,7,21,173,1,1.0,1.0,0.3836,0.3801,57.4,4.654,0.0,0.0,12.56,0.6,163.53,-0.0476,-0.0719,0.0045,-0.0054,-0.033,6.07,-0.233,0.8285,0.1314,0.677,-0.0422,0.0029,2.1568,-0.1106,0.0,0.3919,0.5322,-0.0214,0.1088,0.6516,164.05,11.5,9.5
401620323,20240630,2024,NY,ATL,81,75,1.06,9.58,-15.5,1.9,1.9,165.5,1.77,2.03,6,7,6,156,1,0.0,0.0,0.4315,0.413,226.6,-1.902,3.0,0.0,12.97,2.67,160.56,0.0236,0.0018,-0.1259,0.1748,0.1139,-0.58,-0.071,0.6474,0.4268,0.9005,-0.8537,0.0834,-0.6313,-0.1119,1.0,0.2997,0.1206,0.078,0.0324,0.5577,164.02,15.5,-9.5
401620324,20240630,2024,CHI,MIN,62,70,3.38,1.33,5.5,2.1,1.71,162.5,1.85,1.95,6,7,-8,132,0,0.0,0.0,-0.4769,-0.4228,-97.6,-1.717,0.0,0.0,-8.72,1.56,161.05,-0.0002,0.0714,0.0648,-0.1741,-0.1333,-3.23,-0.5547,0.1885,-0.1436,-0.6324,3.2669,-0.0426,-2.1364,0.0623,2.0,-0.4471,-0.4247,0.1763,0.2379,-0.2248,164.08,-5.5,-2.5
401620325,20240630,2024,PHX,IND,82,88,1.27,3.81,-8.5,1.96,1.83,170.5,1.62,2.19,6,7,-6,170,0,0.0,0.0,0.0173,0.0037,-0.7,0.82,-1.0,0.0,0.96,5.54,163.89,0.0061,-0.0132,-0.0121,0.01,-0.064,1.63,-0.1217,0.1037,-0.2466,0.191,-1.9143,0.0604,0.0358,0.1754,3.0,-0.1227,-0.0765,-0.2445,0.2392,-0.1874,163.73,8.5,-14.5
401620326,20240701,2024,PHX,CON,72,83,2.63,1.5,1.5,2.29,1.62,156.5,1.87,1.91,6,7,-11,155,0,0.0,0.0,-0.1616,-0.2047,-194.1,-2.904,-2.0,1.0,4.56,6.25,164.08,0.0155,-0.0434,-0.0918,0.1168,-0.0008,0.16,0.0545,-0.4052,0.0047,-0.2301,1.0649,0.0347,1.5702,0.1384,0.0,0.1017,-0.0109,-0.055,0.1435,0.1088,163.96,-1.5,-9.5
401620327,20240701,2024,SEA,DAL,95,71,1.12,6.31,-11.5,1.9,1.9,167.5,1.91,1.87,6,7,24,166,1,1.0,0.0,0.43,0.43,76.4,4.068,0.0,0.0,18.68,-0.15,164.1,-0.0448,-0.0447,0.0501,0.0003,-0.0475,5.55,-0.2459,0.977,0.2226,0.9802,-1.2198,0.0839,2.3947,-0.0642,1.0,0.4231,0.524,0.0081,0.0407,0.6617,163.96,11.5,12.5
401620328,20240702,2024,NY,MIN,76,67,1.4,2.98,-5.5,1.86,1.94,163.5,1.6,2.17,6,7,9,143,1,1.0,0.0,-0.027,-0.0278,68.9,-4.219,0.0,0.0,2.36,0.51,161.45,-0.0018,0.0291,-0.0286,0.0934,0.0076,-2.95,-0.2406,0.2841,0.1554,0.0067,-0.4056,0.009,-1.9917,0.0584,3.0,-0.1084,-0.191,0.0902,0.0375,0.0051,163.87,5.5,3.5
401620329,20240702,2024,ATL,CHI,77,85,1.98,1.83,-1.5,2.04,1.79,158.5,1.91,1.91,6,7,-8,162,0,0.0,1.0,-0.0552,0.0413,-46.7,1.154,0.0,0.0,-5.24,-3.38,160.87,0.0037,-0.0428,0.0407,0.0745,0.0185,0.24,0.393,-0.4898,0.0166,-0.2734,-3.0774,0.0263,1.0992,0.1773,0.0,0.187,0.0127,-0.1817,-0.2903,-0.3375,163.51,1.5,-9.5
401620330,20240702,2024,LV,IND,88,69,1.08,8.09,-13.5,1.92,1.89,174.5,1.62,2.23,6,7,19,157,1,1.0,0.0,0.3938,0.4042,226.0,1.128,1.0,0.0,6.29,1.71,160.94,-0.0293,-0.05,0.0462,0.0209,-0.0437,0.85,0.2046,0.124,-0.0255,0.3941,-2.3729,0.0968,0.5772,0.1706,4.0,0.0881,0.1857,-0.118,0.1371,0.2392,163.48,13.5,5.5
401620331,20240702,2024,LA,WSH,80,82,1.77,2.07,1.5,1.67,2.15,161.5,1.86,1.95,6,7,-2,162,0,0.0,1.0,-0.1572,-0.1485,-11.3,-0.853,1.0,0.0,-13.97,-2.02,164.26,0.0028,0.0377,0.0686,-0.078,-0.0756,1.52,-0.2048,0.0786,-0.1067,-0.4845,-2.0166,-0.0259,-0.2114,0.1573,0.0,-0.0899,-0.188,-0.0672,0.0516,-0.1905,163.39,-1.5,-0.5
401620332,20240703,2024,DAL,PHX,96,104,2.81,1.44,4.5,2.0,1.8,168.5,1.85,1.96,6,7,-8,200,0,0.0,1.0,-0.1412,-0.1102,30.7,0.074,0.0,0.0,-12.61,-2.01,164.61,0.0364,0.1104,-0.017,-0.0722,0.0402,-0.29,0.4949,-0.8845,-0.0768,-0.578,-0.786,-0.0383,-1.3463,0.0589,0.0,-0.1188,-0.0765,0.2178,0.0177,0.03,163.18,-4.5,-3.5
401620333,20240704,2024,MIN,CON,73,78,1.61,2.36,-3.5,1.87,1.94,150.5,1.85,1.95,6,7,-5,151,0,0.0,1.0,0.1854,0.1838,-24.6,2.32,-1.0,0.0,2.67,1.94,156.88,-0.0002,-0.0779,-0.1146,0.0922,0.057,2.2,-0.0916,0.4476,0.169,-0.0478,-1.7739,0.0313,2.0146,-0.0126,1.0,0.2234,0.2403,-0.1633,0.0657,0.2527,163.45,3.5,-8.5
401620334,20240704,2024,LV,WSH,98,77,1.05,10.65,-16.5,1.92,1.88,172.5,1.95,1.87,6,7,21,175,1,1.0,1.0,0.4206,0.5046,221.5,1.775,0.0,0.0,9.76,-0.63,163.17,-0.0333,0.0022,0.1102,-0.0257,-0.0757,2.32,0.2454,0.3047,0.261,0.4712,-2.6238,0.0376,2.4843,0.1489,1.0,0.2802,0.1976,0.0972,0.1926,0.6975,163.27,16.5,4.5
401620335,20240705,2024,DAL,ATL,85,82,1.52,2.57,-4.5,1.92,1.89,162.5,1.88,1.91,6,7,3,167,1,0.0,1.0,-0.109,-0.0549,2.4,-5.149,-1.0,0.0,-3.45,0.78,159.52,0.0159,0.0532,-0.027,0.0075,0.0216,0.26,0.3269,-0.5218,0.0427,-0.2989,1.1395,-0.0119,-0.9479,0.0011,0.0,0.1968,0.2044,-0.0795,0.0597,0.2394,163.21,4.5,-1.5
401620337,20240705,2024,SEA,CHI,84,88,1.17,5.18,-10.5,1.94,1.85,161.5,1.91,1.91,6,7,-4,172,0,0.0,1.0,0.2545,0.3752,42.8,1.512,1.0,0.0,13.28,1.09,163.81,-0.0024,-0.0215,0.0184,0.0937,-0.0106,5.54,0.2003,0.1749,0.2775,0.6571,-3.0961,0.1053,2.2137,0.0659,1.0,0.6984,0.5325,-0.1313,-0.0322,0.6025,163.39,10.5,-14.5
401620338,20240706,2024,IND,NY,83,78,5.24,1.17,8.5,2.12,1.69,171.5,1.85,1.94,6,7,5,161,1,1.0,0.0,-0.468,-0.5116,-240.9,-2.1,0.0,0.0,-11.82,-0.47,161.12,0.0247,0.0136,0.0643,-0.0835,0.0001,-1.22,-0.4128,-0.1189,-0.2244,-0.7086,4.7099,-0.1433,0.9558,-0.0711,0.0,-0.2447,-0.2981,-0.0817,-0.0441,-0.545,163.57,-8.5,13.5
401620339,20240706,2024,MIN,WSH,74,67,1.22,4.42,-8.5,1.84,1.98,156.5,1.78,1.99,6,7,7,141,1,0.0,0.0,0.3947,0.3305,145.9,7.666,0.0,0.0,4.23,-3.36,161.45,-0.0087,0.0169,-0.0146,-0.0282,-0.0417,3.73,0.1261,0.3033,0.0391,0.331,-2.7303,-0.0216,1.5156,-0.1276,2.0,0.1508,0.329,-0.0867,-0.1277,0.1433,163.54,8.5,-1.5
401620340,20240707,2024,CON,ATL,80,67,1.09,7.71,-11.5,1.66,2.22,150.5,1.87,1.91,6,7,13,147,1,1.0,0.0,0.2477,0.3208,202.3,-1.409,1.0,0.0,7.95,-3.76,158.45,-0.029,0.028,0.0206,0.0189,0.0172,1.47,-0.0316,0.4966,0.1063,0.5232,-1.195,0.0677,-0.8215,-0.2105,1.0,0.1637,0.2263,-0.0178,0.0363,0.3345,163.31,11.5,1.5
401620341,20240707,2024,LV,DAL,104,85,1.07,9.04,-16.5,2.0,1.79,175.5,1.6,2.16,6,7,19,189,1,1.0,1.0,0.5144,0.5599,226.4,4.683,0.0,0.0,19.58,0.31,163.29,-0.0301,-0.1176,0.0117,0.0931,0.0441,-1.31,0.1377,0.4266,0.4301,0.9853,1.2527,0.1088,2.5267,-0.0132,0.0,0.1469,0.043,-0.1032,0.1844,0.4596,163.24,16.5,2.5
401620342,20240707,2024,SEA,CHI,84,71,1.19,4.78,-9.5,1.92,1.87,164.5,1.99,1.78,6,7,13,155,1,1.0,0.0,0.1535,0.2682,27.3,0.639,0.0,0.0,13.17,1.68,162.66,0.001,-0.0365,0.0308,0.0933,-0.0524,5.7,0.2341,0.0086,0.1832,0.4547,-3.2865,0.1043,2.3388,0.0825,2.0,0.57,0.4695,-0.169,-0.059,0.4118,163.42,9.5,3.5
401620343,20240707,2024,LA,PHX,78,84,2.48,1.54,3.5,1.94,1.83,167.5,1.91,1.91,6,7,-6,162,0,0.0,0.0,-0.1254,-0.1149,9.5,0.076,-2.0,0.0,-4.61,-0.82,164.28,0.0121,0.0229,0.0443,0.0035,0.0324,-0.84,-0.1947,0.1592,-0.0187,-0.326,-1.1079,-0.0779,-1.2259,-0.0933,1.0,-0.361,-0.2883,-0.0152,0.0042,-0.3525,163.29,-3.5,-2.5
401620344,20240709,2024,LA,MIN,67,82,2.79,1.44,4.5,1.94,1.87,155.5,1.8,2.02,6,7,-15,149,0,0.0,0.0,-0.4545,-0.3776,-167.1,-6.436,-1.0,0.0,-4.15,3.16,160.31,-0.015,-0.0112,0.096,-0.0177,-0.0327,-3.11,-0.0699,-0.4782,-0.0693,-0.6579,3.542,-0.0122,-2.0124,0.0045,0.0,-0.2674,-0.3327,0.1436,0.331,0.0301,163.2,-4.5,-10.5
401620345,20240710,2024,CON,NY,68,71,2.13,1.71,2.5,1.89,1.92,156.5,1.71,2.02,6,7,-3,139,0,0.0,0.0,-0.176,-0.1968,-34.6,1.222,-1.0,0.0,1.8,-4.57,156.91,0.0066,0.0391,0.1055,-0.196,-0.0148,0.33,-0.0642,-0.071,-0.2499,0.0949,1.5445,-0.0132,-0.0419,-0.0682,1.0,-0.185,-0.2331,-0.1658,-0.1399,-0.6153,163.09,-2.5,-0.5
401620346,20240710,2024,IND,WSH,84,89,1.32,3.43,-6.5,1.84,1.96,167.5,1.91,1.91,6,7,-5,173,0,0.0,1.0,0.0588,0.0384,4.1,0.972,0.0,0.0,4.3,-2.06,161.53,-0.0164,0.0649,0.0411,-0.0486,-0.042,0.6,-0.2167,0.3333,0.1211,0.1888,1.353,-0.0595,1.4429,-0.0434,3.0,0.0312,0.0707,0.1564,0.1411,0.3931,163.08,6.5,-11.5
401620347,20240710,2024,CHI,ATL,78,69,1.33,3.39,-7.0,1.89,1.91,155.5,1.91,1.91,5,7,9,147,1,1.0,0.0,0.1717,0.2495,73.2,-0.427,0.0,0.0,1.78,1.19,160.15,-0.0458,0.0484,-0.0596,-0.0333,-0.0125,1.18,-0.2162,0.5836,0.1288,0.3334,1.9689,-0.005,0.2214,-0.1344,2.0,0.0528,0.2457,0.274,0.3647,0.8395,163.03,7.0,2.0
401620348,20240710,2024,SEA,LV,79,84,2.54,1.53,4.5,1.83,1.95,171.5,1.8,1.95,6,7,-5,163,0,0.0,0.0,-0.1194,-0.1117,-127.5,1.649,0.0,0.0,-0.14,-0.47,165.19,0.0012,0.0637,0.0331,-0.0944,-0.0919,4.22,-0.1457,0.0774,-0.1902,0.0121,-2.104,-0.0044,0.1568,-0.0231,0.0,0.0801,0.2535,0.0584,0.0355,0.129,162.94,-4.5,-0.5
401620349,20240710,2024,PHX,DAL,100,84,1.28,3.65,-8.5,1.98,1.77,173.5,1.93,1.87,6,7,16,184,1,1.0,1.0,0.1111,0.0676,-0.2,2.118,0.0,0.0,15.42,-0.21,164.7,-0.0226,-0.0945,0.0377,0.0718,-0.0067,-1.57,-0.3896,0.5458,0.0478,0.6725,2.3532,0.0953,1.0358,-0.0356,1.0,0.1173,0.0787,-0.2301,-0.2533,-0.2815,162.86,8.5,7.5
401620350,20240711,2024,NY,CHI,91,76,1.18,4.8,-10.5,1.98,1.77,165.5,1.85,1.95,6,7,15,167,1,1.0,1.0,0.3363,0.3243,171.3,-1.641,0.0,0.0,1.41,-1.86,160.56,0.0034,-0.0892,-0.0195,0.2413,0.0196,-1.61,0.165,0.1029,0.3042,0.3502,-4.2077,0.07,-1.1063,-0.0327,0.0,0.1794,0.1024,-0.1175,-0.1855,0.068,162.93,10.5,4.5
401620351,20240712,2024,ATL,LV,70,84,8.62,1.07,13.5,2.0,1.78,166.5,1.76,2.12,6,7,-14,154,0,0.0,0.0,-0.6493,-0.6459,-254.8,0.811,0.0,0.0,-19.22,-2.62,163.43,0.0482,0.0614,0.016,-0.1626,-0.0469,-0.88,-0.0791,-0.7073,-0.5417,-1.0024,-1.4029,-0.131,-1.3925,-0.0515,1.0,-0.4427,-0.3727,-0.0014,-0.1899,-0.9254,163.21,-13.5,-0.5
401620352,20240712,2024,IND,PHX,95,86,1.77,2.08,-1.5,1.86,1.96,172.5,1.86,1.91,6,7,9,181,1,1.0,1.0,-0.0675,-0.1068,-7.7,0.662,0.0,0.0,-8.62,0.13,161.38,0.0287,0.0377,-0.0473,0.0155,0.0009,0.09,-0.8176,0.8131,-0.0095,-0.2397,-1.0535,-0.1006,0.6035,-0.0468,0.0,-0.2604,-0.0548,0.0769,-0.0166,-0.0922,163.1,1.5,7.5
401620353,20240712,2024,SEA,MIN,91,63,1.37,3.15,-6.5,1.95,1.86,153.5,1.81,1.95,6,7,28,154,1,1.0,1.0,-0.004,0.089,-67.4,-0.975,-1.0,0.0,4.59,5.24,160.86,-0.0112,0.032,0.1128,-0.077,-0.1322,1.2,-0.0398,0.1201,0.0719,0.077,-0.6648,0.0893,0.607,0.1505,1.0,0.1443,0.2174,0.1878,0.2431,0.5566,163.1,6.5,21.5
401620354,20240713,2024,CHI,NY,67,81,2.51,1.54,3.5,1.92,1.87,162.5,1.78,2.0,6,7,-14,148,0,0.0,0.0,-0.4118,-0.3581,-179.8,0.827,0.0,0.0,-8.16,2.23,159.46,0.0021,0.0948,-0.0244,-0.241,-0.0365,-0.44,-0.314,0.0745,-0.3296,-0.5234,4.3122,-0.1097,-0.0791,-0.0995,0.0,-0.3126,-0.1341,0.1376,0.3824,0.0224,162.93,-3.5,-10.5
401620355,20240713,2024,DAL,LA,81,87,1.6,2.35,-4.5,2.01,1.8,169.5,1.78,2.0,6,7,-6,168,0,0.0,0.0,0.0605,0.0459,8.0,-2.628,-1.0,0.0,-6.17,0.74,163.31,0.012,0.087,-0.0249,-0.068,0.0272,1.81,0.2187,-0.247,0.0437,-0.2149,-1.2428,-0.0517,-0.0265,0.1666,0.0,0.2418,0.1623,0.0367,0.044,0.272,162.85,4.5,-10.5
401620356,20240714,2024,CON,PHX,96,69,1.29,3.67,-10.5,2.22,1.64,153.5,1.64,2.19,6,7,27,165,1,1.0,1.0,0.1587,0.127,190.0,3.439,2.0,0.0,2.26,-4.97,156.82,-0.0045,0.0672,-0.0226,-0.0824,-0.0017,-1.49,-0.0292,0.1826,-0.1783,0.2968,-3.385,-0.0246,-1.4479,-0.2033,1.0,-0.4147,-0.1435,0.1256,-0.0456,-0.2487,163.04,10.5,16.5
401620357,20240714,2024,WSH,LV,77,89,7.08,1.1,12.5,1.9,1.9,171.5,1.87,1.91,6,7,-12,166,0,1.0,0.0,-0.5518,-0.5446,-231.2,-4.423,2.0,0.0,-16.63,0.12,166.43,0.0518,0.0371,-0.0481,0.0087,0.0224,-2.6,-0.1592,-0.4868,-0.3193,-0.6484,0.3326,-0.0756,-3.1139,-0.2508,2.0,-0.3022,-0.3184,-0.122,-0.1962,-0.8164,162.99,-12.5,0.5
401620358,20240714,2024,SEA,ATL,81,70,1.07,9.03,-14.5,1.92,1.88,154.5,1.8,1.98,6,7,11,151,1,0.0,0.0,0.5535,0.5856,141.5,2.36,0.0,0.0,21.23,1.46,163.97,-0.0381,0.0192,0.0246,0.0771,0.0052,2.93,-0.1527,0.9729,0.4168,0.9993,-0.1095,0.1511,0.0209,-0.0269,0.0,0.5374,0.623,0.0392,0.1276,1.0085,163.06,14.5,-3.5
401620359,20240714,2024,MIN,IND,74,81,1.48,2.67,-5.5,1.96,1.83,162.5,1.81,1.95,6,7,-7,155,0,0.0,0.0,0.2061,0.302,138.4,4.803,0.0,0.0,-4.16,-3.67,159.83,-0.0144,-0.0362,-0.0426,0.01,0.0467,0.89,0.5721,-0.2734,-0.1005,0.0173,-1.9884,0.036,-1.0062,-0.0925,0.0,-0.0033,0.2674,-0.2775,-0.2552,-0.3088,162.98,5.5,-12.5
401620360,20240716,2024,WSH,PHX,87,96,2.7,1.47,3.5,2.04,1.77,167.5,1.83,2.0,6,7,-9,183,0,0.0,1.0,-0.0276,-0.0679,11.5,-0.807,0.0,0.0,-3.58,2.66,163.22,0.0231,-0.0266,-0.0772,-0.0012,0.0818,-1.62,-0.1639,0.088,-0.0922,-0.0985,-0.9143,-0.0366,-2.1644,-0.1444,2.0,-0.3144,-0.2456,-0.0661,-0.0289,-0.4254,162.87,-3.5,-5.5
401620361,20240716,2024,LA,SEA,83,89,4.98,1.18,8.5,1.98,1.81,162.5,1.91,1.91,6,7,-6,172,0,1.0,1.0,-0.492,-0.5027,-133.7,-5.912,1.0,0.0,-11.97,-1.49,164.24,0.0118,-0.0643,-0.0022,0.0344,0.0703,-3.94,0.0125,-0.7592,-0.1645,-0.9891,4.0901,-0.1119,-1.9065,-0.0477,0.0,-0.3698,-0.5594,-0.1775,0.047,-0.6943,163.07,-8.5,2.5
401620362,20240716,2024,NY,CON,82,74,2.13,1.72,-5.5,2.33,1.62,152.5,1.85,1.93,6,7,8,156,1,1.0,1.0,0.1831,0.0566,53.9,-1.76,1.0,0.0,-3.3,1.84,154.33,-0.0213,-0.1107,-0.0638,0.1481,-0.0055,1.62,0.024,0.0059,0.1403,-0.0917,-1.4116,0.0328,1.6876,0.0871,0.0,0.1986,0.1395,-0.1146,-0.1891,-0.0073,163.25,5.5,2.5
401620363,20240716,2024,LV,CHI,85,93,1.09,7.59,-14.5,2.02,1.79,169.5,1.75,2.09,6,7,-8,178,0,0.0,1.0,0.5402,0.5422,196.5,-0.392,-1.0,0.0,16.19,3.26,162.53,-0.0128,-0.12,0.0847,0.1764,0.0114,1.79,0.4754,0.0301,0.5021,0.8205,-1.2082,0.156,2.1602,0.21,0.0,0.5302,0.2292,-0.1505,-0.0092,0.5276,163.23,14.5,-22.5
401620364,20240717,2024,MIN,ATL,86,79,1.29,3.67,-8.5,2.02,1.73,150.5,1.87,1.95,6,7,7,165,1,0.0,1.0,0.3453,0.3872,162.1,1.603,0.0,0.0,5.89,-3.8,159.71,-0.0148,-0.0224,-0.0575,0.1838,0.1149,1.05,0.0129,0.4843,0.267,0.5611,0.7112,0.0539,-0.4641,-0.1226,1.0,0.2844,0.3352,-0.226,-0.1955,0.1618,163.34,8.5,-1.5
401620365,20240717,2024,DAL,IND,101,93,2.61,1.51,3.5,2.05,1.78,176.5,1.77,2.0,6,7,8,194,1,1.0,1.0,-0.1269,-0.1564,-40.0,-3.271,1.0,0.0,-10.03,1.35,163.94,0.0019,0.0352,0.0365,-0.1069,0.0219,0.43,0.1083,-0.2546,-0.1549,-0.7915,0.5581,-0.0384,-1.2036,-0.0091,1.0,-0.0627,0.0735,-0.1665,0.0086,-0.2065,163.35,-3.5,11.5
401620366,20240815,2024,CHI,PHX,65,85,2.78,1.45,2.5,1.95,1.86,164.5,1.91,1.87,8,7,-20,150,0,0.0,0.0,-0.0601,-0.0642,59.4,5.633,0.0,0.0,-2.86,1.38,160.35,-0.0008,0.0705,-0.1084,-0.1531,-0.0035,-1.01,-0.2498,0.1113,-0.3047,-0.179,-0.452,-0.0798,-1.3831,-0.1511,3.0,-0.4764,-0.0739,0.4853,-0.2234,-0.2203,163.92,-2.5,-17.5
401620367,20240815,2024,MIN,WSH,79,68,1.24,4.11,-10.5,1.96,1.83,155.5,1.85,1.91,8,7,11,147,1,1.0,0.0,0.2246,0.2638,142.7,6.426,0.0,0.0,6.88,-4.55,161.21,-0.017,0.0417,0.0036,0.0247,-0.0331,2.89,0.1301,0.1902,-0.0475,0.3221,-0.8785,0.0183,1.0402,0.0595,0.0,0.097,0.3612,0.0272,-0.1248,0.1902,163.82,10.5,0.5
401620368,20240815,2024,LA,NY,68,103,6.03,1.13,11.5,1.9,1.91,164.5,1.91,1.88,8,7,-35,171,0,0.0,1.0,-0.4803,-0.5082,-273.1,-3.765,0.0,0.0,-11.11,3.39,159.61,0.0288,0.0297,0.0484,-0.0969,-0.0139,-2.13,-0.2115,-0.4982,-0.2418,-0.8131,5.9167,-0.0584,-1.6767,-0.0883,0.0,-0.36,-0.586,0.0272,0.2123,-0.4882,163.71,-11.5,-23.5
401620369,20240816,2024,ATL,SEA,83,81,3.65,1.29,7.5,1.87,1.95,157.5,1.91,1.89,8,7,2,164,1,1.0,1.0,-0.4632,-0.3656,-158.7,-1.999,0.0,0.0,-21.19,-1.08,163.54,0.045,-0.0271,-0.0442,-0.0974,0.0023,-4.23,0.1732,-0.72,-0.2424,-1.0501,1.2857,-0.1415,-0.8948,-0.0723,1.0,-0.3558,-0.5094,0.0214,0.1696,-0.4525,163.73,-7.5,9.5
401620370,20240816,2024,IND,PHX,98,89,1.63,2.32,-4.5,1.98,1.79,173.5,1.85,1.95,8,7,9,187,1,1.0,1.0,-0.1538,-0.1891,-15.7,0.201,4.0,-1.0,-1.21,4.52,160.22,0.0327,0.0435,-0.0664,0.028,-0.0798,-1.21,-0.3481,0.2069,-0.1919,-0.1048,-0.6015,-0.0388,-0.9061,0.0578,4.0,-0.2812,-0.0861,0.17,-0.0254,-0.1371,163.8,4.5,4.5
401620371,20240816,2024,DAL,CON,91,109,2.99,1.4,5.5,1.92,1.89,159.5,1.78,2.0,8,7,-18,200,0,0.0,1.0,-0.2112,-0.4364,-204.8,-5.526,0.0,0.0,-11.93,6.19,160.46,0.0224,-0.0076,-0.037,-0.0257,0.0443,1.42,-0.9346,0.6051,-0.0566,-0.744,3.3453,-0.0296,0.27,0.1222,1.0,0.1325,-0.1595,-0.1161,0.2626,-0.0007,163.94,-5.5,-12.5
401620372,20240817,2024,WSH,MIN,83,99,2.53,1.53,3.5,1.95,1.87,155.5,1.72,2.15,8,7,-16,182,0,0.0,1.0,-0.3632,-0.3586,-150.8,-6.422,0.0,0.0,-7.53,3.59,162.72,0.0196,-0.0486,-0.0037,-0.0167,0.0287,-1.76,0.1327,-0.6407,-0.0729,-0.577,0.6835,-0.0273,-0.1079,-0.1554,0.0,-0.2038,-0.4085,-0.1194,0.1186,-0.4119,164.12,-3.5,-12.5
401620373,20240817,2024,LV,NY,67,79,1.61,2.34,-3.5,1.91,1.91,172.5,1.77,2.02,8,7,-12,146,0,0.0,0.0,0.0561,0.0612,-28.6,-1.124,3.0,0.0,-8.84,4.4,162.56,-0.001,-0.0315,0.0345,-0.0703,-0.0261,0.52,0.3469,-0.4538,0.0095,-0.2764,2.2804,0.0469,1.8974,0.0302,1.0,0.0212,-0.1595,0.0755,0.1429,0.1257,164.21,3.5,-15.5
401620374,20240817,2024,LA,CHI,86,90,2.25,1.66,1.5,1.98,1.83,159.5,1.85,1.95,8,7,-4,176,0,0.0,1.0,-0.129,-0.1228,-73.4,-2.888,0.0,0.0,-5.19,2.54,162.17,0.023,-0.0846,0.1138,0.131,0.0129,-0.87,0.1679,-0.4472,0.1032,-0.252,0.4851,0.094,-0.6643,0.0363,0.0,0.0065,-0.2756,-0.1038,-0.1675,-0.3637,164.11,-1.5,-2.5
401620375,20240818,2024,ATL,CON,82,70,4.04,1.25,7.5,1.95,1.86,154.5,1.85,1.95,8,7,12,152,1,1.0,0.0,-0.1839,-0.2711,-224.9,0.982,0.0,0.0,-16.69,2.35,160.46,0.0545,-0.0227,-0.04,-0.0733,-0.0528,-0.01,-0.4865,0.282,-0.2111,-0.7309,0.5663,-0.0416,1.0525,0.1015,2.0,-0.0615,-0.1215,-0.1294,-0.0564,-0.4127,163.99,-7.5,19.5
401620376,20240818,2024,LV,LA,87,71,1.05,10.39,-16.5,1.91,1.91,167.5,1.58,2.2,8,7,16,158,1,0.0,0.0,0.5544,0.5651,259.1,4.203,0.0,0.0,12.17,0.07,165.43,-0.0217,-0.0798,-0.0498,0.0367,0.0002,3.76,0.6427,-0.2584,0.1231,0.643,-2.6691,0.0933,2.9365,0.1896,0.0,0.4341,0.34,0.0289,0.071,0.6186,163.86,16.5,-0.5
401620377,20240818,2024,IND,SEA,92,75,2.42,1.58,2.5,1.96,1.81,167.5,1.75,2.13,8,7,17,167,1,1.0,0.0,-0.3806,-0.3948,-104.6,-5.4,0.0,0.0,-4.56,-0.01,165.47,0.0244,0.0031,-0.0555,0.0815,0.03,-3.7,-0.2227,-0.2066,0.0607,-0.3108,1.4265,-0.0891,0.0103,0.0446,2.0,-0.2247,-0.3327,0.0046,-0.0263,-0.2648,163.77,-2.5,19.5
401620378,20240818,2024,PHX,CHI,86,68,1.25,4.0,-7.5,1.85,1.94,166.5,1.93,1.87,8,7,18,154,1,1.0,0.0,0.1691,0.1727,-32.7,-3.865,1.0,-1.0,4.46,-2.17,158.27,-0.0021,-0.1178,0.1164,0.2006,0.0343,0.96,0.6974,-0.6459,0.3553,0.3006,-0.0086,0.1305,1.4272,0.1114,1.0,0.4637,0.1046,-0.2989,-0.0856,0.1413,163.84,7.5,10.5
401620379,20240820,2024,CON,LA,69,61,1.07,8.66,-13.5,1.89,1.91,153.5,1.83,1.91,8,7,8,130,1,0.0,0.0,0.2679,0.3627,223.1,4.223,0.0,0.0,15.58,-4.31,163.2,-0.0146,0.071,0.0218,-0.0445,0.0117,0.45,0.7483,-0.5858,0.0248,0.8,-1.9232,0.0421,-0.2917,0.0312,1.0,0.1205,0.2353,0.0818,-0.0017,0.2971,163.71,13.5,-5.5
401620380,20240820,2024,NY,DAL,94,74,1.15,5.61,-13.5,2.08,1.79,174.5,1.91,1.85,8,7,20,168,1,1.0,0.0,0.4521,0.4123,301.5,7.472,-1.0,0.0,26.82,-5.07,162.71,-0.0384,-0.0834,-0.0703,0.156,-0.0121,-0.05,-0.3438,0.8778,0.1375,1.0749,-4.9212,0.0953,1.1052,0.0108,0.0,0.1014,0.3153,-0.0345,-0.5928,-0.2185,163.52,13.5,6.5
401620381,20240820,2024,WSH,SEA,77,83,3.53,1.31,6.5,1.95,1.83,161.5,1.91,1.91,7,7,-6,160,0,1.0,0.0,-0.3439,-0.3731,-127.5,-6.484,1.0,0.0,-12.48,-0.14,166.59,0.0342,-0.0647,-0.0379,0.0647,0.1057,-3.52,0.132,-0.638,-0.1312,-0.6851,2.7017,-0.1279,-1.9339,-0.135,3.0,-0.3266,-0.47,-0.222,0.0215,-0.6867,163.49,-6.5,0.5
401620382,20240821,2024,ATL,PHX,72,63,2.26,1.65,2.5,1.94,1.87,164.5,1.81,1.99,8,7,9,135,1,1.0,0.0,-0.0484,-0.0608,-41.7,4.843,0.0,0.0,-5.87,4.05,159.03,0.0483,0.0424,-0.0402,-0.1566,-0.0903,-1.11,-0.5753,0.6416,-0.3378,-0.2605,-1.2244,-0.0538,-1.9835,-0.1237,0.0,-0.2838,-0.0258,-0.0552,0.009,-0.3724,163.65,-2.5,11.5
401620383,20240821,2024,LV,MIN,87,98,1.32,3.4,-5.5,1.8,1.96,166.5,1.81,1.95,8,7,-11,185,0,0.0,1.0,0.1064,0.0072,75.1,-2.19,-1.0,0.0,2.09,3.76,163.32,-0.0199,-0.1032,0.0249,-0.0218,-0.0265,3.59,0.0555,-0.1253,0.016,-0.0882,-1.5877,0.1098,3.5826,0.0466,1.0,0.1745,-0.0527,-0.0378,0.0321,0.0826,163.47,5.5,-16.5
401620384,20240822,2024,NY,DAL,79,71,1.13,6.53,-13.5,2.03,1.78,171.5,1.83,2.0,8,7,8,150,1,0.0,0.0,0.4716,0.453,306.5,6.95,0.0,0.0,29.0,-4.65,164.03,-0.0464,-0.0459,-0.0697,0.1377,-0.0229,0.01,-0.139,0.8036,0.2112,1.206,-5.0038,0.093,0.8876,0.0683,1.0,0.2266,0.4123,0.0941,-0.4309,0.1835,163.47,13.5,-5.5
401620385,20240823,2024,ATL,PHX,80,82,2.08,1.75,1.5,1.95,1.86,161.5,1.89,1.91,8,7,-2,162,0,0.0,1.0,0.0284,-0.0015,-24.9,4.828,0.0,0.0,-2.76,3.18,157.5,0.0315,0.0741,-0.0232,-0.1236,-0.0946,-1.3,-0.4877,0.6115,-0.2544,-0.0476,-0.9878,-0.0566,-2.0922,-0.0898,1.0,-0.2038,0.0662,0.042,-0.0194,-0.1903,163.55,-1.5,-0.5
401620386,20240823,2024,CON,CHI,82,80,1.14,6.04,-10.5,1.84,1.98,153.5,1.85,1.92,8,7,2,162,1,0.0,1.0,0.2767,0.2917,148.9,0.797,-2.0,0.0,14.07,-0.52,158.98,0.0106,-0.0457,0.092,0.0938,0.0364,1.62,0.8902,-0.8553,0.0567,0.6453,-1.0936,0.1031,-0.2886,-0.0785,2.0,0.2625,0.2142,-0.1574,-0.1917,0.0127,163.51,10.5,-8.5
401620387,20240823,2024,WSH,LA,80,74,1.41,2.99,-5.5,1.9,1.91,161.5,1.85,1.99,8,7,6,154,1,1.0,0.0,0.1594,0.148,13.2,-0.78,0.0,0.0,2.77,-0.1,167.63,0.0085,-0.012,-0.0366,0.033,0.0862,-0.48,0.414,-0.4425,0.0428,0.1528,0.0731,-0.0353,-1.0275,-0.0178,2.0,0.1026,0.0811,-0.0471,0.0986,0.1601,163.49,5.5,0.5
401620388,20240823,2024,MIN,LV,87,74,2.29,1.64,-1.5,2.04,1.79,166.5,1.91,1.91,8,7,13,161,1,1.0,0.0,-0.0643,-0.0454,-47.3,3.41,0.0,0.0,9.55,-3.89,161.17,0.0157,0.0895,-0.0168,-0.0006,0.0521,-3.86,-0.244,0.3836,-0.0078,0.2666,1.1218,-0.075,-3.1779,-0.0403,0.0,-0.173,-0.0135,-0.0309,-0.1037,-0.2471,163.37,1.5,11.5
401620389,20240824,2024,NY,CON,64,72,1.27,3.87,-7.5,1.87,1.95,156.5,1.81,2.0,8,7,-8,136,0,0.0,0.0,0.1983,0.2785,93.0,1.186,1.0,-1.0,14.44,-0.08,159.77,-0.0047,-0.0084,-0.0816,0.1201,0.0044,0.24,0.0125,0.3134,0.306,0.4755,-2.8956,0.0571,0.3603,0.1388,0.0,0.1678,0.0483,0.1723,0.037,0.4533,163.36,7.5,-15.5
401620390,20240824,2024,MIN,IND,90,80,1.46,2.74,-6.5,1.98,1.79,166.5,1.78,2.0,8,7,10,170,1,1.0,1.0,0.3413,0.466,143.1,4.13,-4.0,1.0,4.6,-3.25,161.68,-0.0011,-0.024,0.0195,-0.0215,0.0961,0.84,0.4525,0.0353,0.1193,0.1888,2.0513,0.0089,-2.484,-0.175,0.0,0.1865,0.2168,-0.0729,-0.0173,0.2057,163.26,6.5,3.5
401620391,20240825,2024,CHI,LV,75,77,4.44,1.21,7.5,2.03,1.77,166.5,1.73,2.04,8,7,-2,152,0,1.0,0.0,-0.4435,-0.4419,-165.3,2.912,0.0,0.0,-0.09,-2.43,162.41,0.0033,0.1919,-0.0328,-0.1881,-0.0617,-3.41,-0.5718,0.2199,-0.1854,-0.264,1.8653,-0.1322,-1.3317,-0.0234,1.0,-0.5223,-0.1313,0.1664,0.1167,-0.2254,163.39,-7.5,5.5
401620392,20240825,2024,DAL,LA,113,110,1.33,3.3,-6.5,1.91,1.91,166.5,1.59,2.16,8,7,3,223,1,0.0,1.0,0.1403,0.0978,18.2,-1.766,1.0,0.0,3.26,-1.85,169.22,-0.003,0.0567,0.0305,-0.0556,0.0646,0.24,0.3337,-0.3816,0.1406,0.0179,2.2941,-0.0473,0.07,0.1252,3.0,0.1474,0.1413,-0.0823,0.1401,0.2576,163.28,6.5,-3.5
401620393,20240826,2024,ATL,IND,79,84,2.04,1.78,1.5,1.91,1.9,166.5,1.85,1.94,8,7,-5,163,0,0.0,0.0,-0.0209,-0.0209,-37.0,5.167,1.0,0.0,0.33,-2.14,162.27,-0.0038,-0.034,0.077,-0.1266,-0.0155,0.24,-0.1559,0.2788,-0.2592,-0.0973,-0.2329,-0.0212,-0.7498,-0.176,1.0,-0.1458,0.0245,-0.2103,-0.1024,-0.4709,163.57,-1.5,-3.5
401620394,20240826,2024,PHX,NY,70,84,3.25,1.35,5.5,1.95,1.86,163.5,1.85,1.95,8,7,-14,154,0,0.0,0.0,-0.3784,-0.3745,-242.4,-3.289,1.0,0.0,-7.83,-2.25,156.63,-0.0049,-0.067,0.0622,-0.0587,0.0539,-2.15,0.0111,-0.485,-0.0313,-0.4471,2.017,-0.008,0.7952,0.0235,0.0,-0.0641,-0.2464,-0.301,-0.0735,-0.5192,163.53,-5.5,-8.5
401620395,20240826,2024,SEA,WSH,72,74,1.16,5.32,-10.5,1.89,1.91,160.5,1.85,1.91,8,7,-2,146,0,0.0,0.0,0.2792,0.3565,135.0,5.767,2.0,0.0,6.58,0.24,168.72,-0.0337,0.0367,0.0512,-0.0428,-0.0927,2.05,-0.1512,0.6215,0.1078,0.5564,-2.224,0.1508,1.8274,0.0802,0.0,0.2783,0.3466,0.0713,0.0631,0.5145,163.23,10.5,-12.5
401620396,20240827,2024,DAL,LV,93,90,4.71,1.2,8.5,2.05,1.78,180.5,1.9,1.91,8,7,3,183,1,1.0,1.0,-0.4265,-0.4226,-228.8,-4.464,0.0,0.0,-3.29,2.35,166.03,0.0363,0.1519,0.0723,-0.0812,0.0009,-1.65,-0.1368,-0.3617,-0.0753,-0.5229,3.4668,-0.0902,-1.1945,-0.013,2.0,-0.1339,-0.21,0.0364,0.1053,-0.1664,163.06,-8.5,11.5
401620397,20240828,2024,IND,CON,84,80,2.45,1.56,2.5,2.11,1.73,163.5,1.83,1.95,8,7,4,164,1,1.0,1.0,-0.165,-0.0969,-163.7,-3.249,-2.0,0.0,-2.02,1.96,163.24,0.0288,0.0454,-0.1265,0.1225,0.0165,-2.35,-0.2298,0.0703,0.2633,-0.1387,-0.5553,0.0806,0.4729,0.1644,1.0,0.1118,-0.2473,0.1775,0.1401,0.306,163.17,-2.5,6.5
401620398,20240828,2024,CHI,WSH,70,74,2.19,1.69,-1.5,2.08,1.79,157.5,1.95,1.87,8,7,-4,144,0,0.0,0.0,-0.0605,-0.069,48.4,5.1,1.0,0.0,-2.99,-3.47,164.34,-0.0471,0.0927,-0.0078,-0.1886,-0.0117,-1.71,-0.4431,0.4431,0.0113,0.0105,0.2998,-0.0382,0.8719,0.1375,1.0,-0.1476,0.0589,0.3436,0.0172,0.2434,163.48,1.5,-5.5
401620399,20240828,2024,LA,NY,94,88,7.27,1.1,12.5,1.91,1.91,163.5,1.78,2.09,8,7,6,182,1,1.0,1.0,-0.5374,-0.4784,-326.0,-6.61,1.0,0.0,-15.85,5.15,165.49,0.0288,-0.0556,0.0414,-0.0785,-0.0351,-1.78,-0.5751,0.199,-0.1899,-1.1187,3.3894,-0.0433,-0.3804,-0.2372,1.0,-0.1513,-0.2933,-0.0771,-0.0035,-0.4359,163.31,-12.5,18.5
401620400,20240828,2024,PHX,MIN,76,89,2.62,1.5,3.5,1.98,1.81,162.5,1.89,1.91,8,7,-13,165,0,0.0,1.0,-0.4032,-0.3865,-158.5,-3.199,-2.0,0.0,-15.08,-1.09,156.54,0.0021,-0.0574,-0.0032,-0.0247,-0.0624,-0.37,0.1256,-0.6746,-0.1732,-0.5822,-1.4674,0.0155,2.6657,-0.0131,0.0,-0.0981,-0.3031,-0.1259,-0.0278,-0.4396,163.55,-3.5,-9.5
401620401,20240828,2024,SEA,ATL,85,81,1.23,4.22,-8.5,1.88,1.93,155.5,1.85,1.94,8,7,4,166,1,0.0,1.0,0.2058,0.1706,122.3,-1.24,0.0,0.0,-4.5,4.38,163.62,0.0002,-0.0239,-0.0106,0.0107,-0.0419,4.37,0.2034,-0.0511,0.0161,0.2882,-0.8096,0.0611,1.5034,-0.0045,0.0,0.3146,0.3632,0.0162,0.1026,0.4869,163.59,8.5,-4.5
401620402,20240830,2024,CHI,IND,81,100,3.34,1.32,5.5,1.93,1.86,163.5,1.87,1.95,8,7,-19,181,0,0.0,1.0,-0.1246,-0.2284,-18.9,3.25,0.0,0.0,-8.94,-2.78,161.97,-0.0074,0.0321,0.0383,-0.2174,-0.0066,-1.23,-0.2386,0.0361,-0.2843,-0.4188,1.6229,-0.1171,-0.2392,-0.0471,0.0,-0.3409,-0.0079,-0.0023,-0.2036,-0.5244,163.77,-5.5,-13.5
401620403,20240830,2024,DAL,MIN,94,76,3.69,1.29,5.5,2.04,1.79,168.5,1.77,2.02,8,7,18,170,1,1.0,1.0,-0.4743,-0.449,-205.5,-7.551,1.0,0.0,-19.1,4.74,163.33,0.0037,0.0408,0.0329,-0.1012,-0.0795,-0.05,0.0604,-0.7848,-0.1719,-0.8963,2.9335,-0.0224,1.2111,0.0504,1.0,-0.101,-0.2104,-0.0079,0.2187,-0.1042,164.0,-5.5,23.5
401620404,20240830,2024,LV,ATL,83,72,1.17,5.14,-10.5,1.92,1.88,164.5,1.9,1.88,8,7,11,155,1,1.0,0.0,0.3236,0.4558,216.3,-4.227,1.0,0.0,-3.31,0.15,162.02,-0.0231,-0.1119,0.0201,0.0353,0.0389,3.37,0.3323,0.0712,0.3617,0.0912,0.8775,0.0172,1.2718,-0.0419,1.0,0.4384,0.2159,0.2176,0.2145,0.9357,163.86,10.5,0.5
401620405,20240830,2024,SEA,NY,85,98,2.49,1.55,1.5,2.06,1.76,162.5,1.87,1.95,8,7,-13,183,0,0.0,1.0,-0.1517,-0.181,-156.8,-0.15,0.0,0.0,-6.28,2.67,164.86,-0.0292,-0.0451,0.0076,-0.1221,-0.0514,0.72,-0.367,0.1935,-0.2727,-0.2939,-1.268,0.037,0.3902,-0.1304,2.0,-0.0184,0.2686,-0.1568,0.0934,-0.0501,163.85,-1.5,-11.5
401620406,20240831,2024,WSH,CON,85,96,4.0,1.25,8.5,1.85,1.95,153.5,1.87,1.94,8,7,-11,181,0,0.0,1.0,-0.2032,-0.2249,-200.8,-4.082,0.0,0.0,-1.71,1.46,163.93,0.0495,-0.0099,-0.0975,0.0753,0.0364,-0.96,-0.2611,0.1012,-0.0062,-0.3434,0.9069,0.0103,0.1301,-0.0484,2.0,-0.1173,-0.3413,-0.1591,-0.1247,-0.5147,164.06,-8.5,-2.5
401620407,20240901,2024,CON,SEA,93,86,1.89,1.9,-2.5,1.95,1.8,155.5,1.81,1.96,7,6,7,179,1,1.0,1.0,-0.0067,-0.0515,99.4,-0.935,-1.0,1.0,9.37,-0.89,164.56,0.0206,0.005,0.0774,-0.0107,0.0602,0.05,0.1951,-0.2825,-0.0166,0.169,1.5576,-0.1159,-0.8127,-0.047,0.0,-0.0867,-0.1531,0.0384,-0.0865,-0.1718,164.29,2.5,4.5
401620408,20240901,2024,MIN,CHI,79,74,1.09,7.31,-13.5,1.91,1.91,155.5,1.9,1.89,7,6,5,153,1,0.0,0.0,0.4912,0.5256,162.7,0.73,0.0,0.0,13.67,0.35,159.82,-0.0048,-0.0773,0.0164,0.1944,0.0565,2.85,0.6472,-0.1302,0.3677,0.5345,-1.7803,0.107,-0.3708,0.0047,0.0,0.355,0.2246,-0.2151,0.1541,0.4973,164.36,13.5,-8.5
401620409,20240901,2024,DAL,IND,93,100,2.28,1.63,2.5,1.95,1.86,182.5,1.89,1.91,7,6,-7,193,0,0.0,1.0,-0.0928,0.003,-59.8,-2.132,0.0,0.0,-6.43,0.79,166.93,-0.0187,0.0341,0.0417,-0.1467,-0.013,0.28,0.5681,-0.7197,0.0029,-0.4123,2.4417,-0.0715,-0.8456,0.0743,1.0,0.035,0.0647,0.054,0.3543,0.387,164.27,-2.5,-4.5
401620410,20240901,2024,LA,ATL,62,80,2.61,1.5,4.5,1.91,1.89,162.5,1.81,1.96,7,6,-18,142,0,0.0,0.0,-0.1457,-0.1114,-18.2,-6.233,2.0,0.0,-0.9,5.16,164.99,0.0343,-0.0592,0.0446,-0.0028,0.0095,3.07,-0.1091,-0.0242,0.0864,-0.1464,1.732,-0.0276,0.6015,-0.0547,2.0,0.2538,-0.066,-0.1392,0.0438,0.0465,164.62,-4.5,-13.5
401620411,20240901,2024,PHX,LV,79,97,2.84,1.43,3.5,2.2,1.71,168.5,1.81,1.94,7,6,-18,176,0,0.0,1.0,-0.3165,-0.3468,-188.5,0.215,2.0,0.0,-2.92,-1.0,158.41,0.0525,0.0689,-0.0037,-0.0008,0.0021,-2.61,-0.0581,-0.3038,-0.1124,-0.3323,-0.0869,-0.0157,-0.7464,0.1629,0.0,-0.1963,-0.3421,0.0304,-0.0538,-0.4176,164.77,-3.5,-14.5
401620412,20240903,2024,CON,SEA,64,71,1.58,2.4,-3.5,1.88,1.93,158.5,1.89,1.91,8,7,-7,135,0,0.0,0.0,0.037,-0.0083,107.2,-0.316,0.0,0.0,8.25,-0.8,164.75,0.0251,0.0084,0.115,-0.0334,0.0667,0.46,0.265,-0.3083,0.0184,0.3337,0.22,-0.14,-0.1708,-0.0866,1.0,-0.018,-0.1505,0.0472,-0.1038,-0.1388,164.8,3.5,-10.5
401620413,20240903,2024,DAL,WSH,86,90,1.4,2.97,-5.5,1.91,1.91,172.5,1.76,1.99,8,7,-4,176,0,0.0,1.0,-0.0023,0.0183,7.6,-0.715,-1.0,0.0,3.4,2.35,167.32,-0.0378,0.0775,0.067,-0.0843,-0.0016,-1.27,0.041,-0.1008,0.186,0.0169,1.4377,0.0378,-0.4665,0.0269,0.0,0.1179,0.1151,0.1728,0.3285,0.6361,164.61,5.5,-9.5
401620414,20240903,2024,LV,CHI,90,71,1.1,7.36,-14.5,1.95,1.87,164.5,1.95,1.85,8,7,19,161,1,1.0,0.0,0.4922,0.5879,205.5,-2.921,0.0,0.0,11.36,0.08,158.89,-0.0584,-0.1824,0.006,0.1678,0.0186,4.9,0.4639,0.1142,0.3492,0.638,-2.4874,0.0676,1.7438,-0.122,1.0,0.6636,0.564,-0.1637,-0.0684,0.7009,164.75,14.5,4.5
401620415,20240903,2024,PHX,ATL,74,66,1.77,2.08,-1.5,1.87,1.94,159.5,1.85,1.95,8,7,8,140,1,1.0,0.0,-0.0305,-0.0555,6.4,-5.692,0.0,0.0,-11.08,0.25,156.96,0.0357,-0.0657,0.0267,0.0297,0.0005,1.37,0.4926,-0.7003,0.097,-0.2653,-0.0261,-0.011,0.7886,0.1456,3.0,0.3231,-0.2505,-0.0814,-0.06,-0.061,164.93,1.5,6.5
401620416,20240904,2024,IND,LA,93,86,1.13,6.12,-12.5,2.04,1.71,173.5,1.8,1.95,8,7,7,179,1,0.0,1.0,0.306,0.2606,126.6,1.85,0.0,0.0,11.98,0.41,167.24,0.0063,0.0809,-0.0652,0.0672,0.0829,-0.52,-0.0914,0.4071,0.3055,0.7592,0.9968,0.0664,1.2714,0.0966,0.0,0.171,0.1626,0.1081,0.0621,0.4923,164.77,12.5,-5.5
401620417,20240905,2024,NY,SEA,77,70,1.28,3.77,-7.5,1.86,1.95,164.5,1.9,1.91,8,7,7,147,1,0.0,0.0,0.1588,0.1098,167.8,1.876,3.0,0.0,6.49,-1.85,162.78,0.0449,0.1211,-0.0057,0.121,0.097,-2.56,0.13,0.0422,0.2196,0.4683,-1.5778,-0.0154,-1.1388,0.1018,2.0,-0.0316,-0.3043,0.2214,-0.1156,0.0031,165.02,7.5,-0.5
401620418,20240905,2024,PHX,WSH,77,90,1.44,2.85,-6.5,2.0,1.81,165.5,1.87,1.91,8,7,-13,167,0,0.0,1.0,-0.0105,0.0134,16.0,1.889,0.0,0.0,-7.41,-3.63,160.3,0.0062,-0.023,0.0874,-0.014,-0.044,-1.63,0.0952,-0.1196,0.023,-0.0344,-2.2267,0.0457,-0.2223,0.1182,1.0,0.078,-0.0721,0.0257,-0.001,0.0428,164.83,6.5,-19.5
401620420,20240906,2024,CON,LV,67,72,2.06,1.76,1.5,1.95,1.87,164.5,1.88,1.91,8,7,-5,139,0,0.0,0.0,-0.117,-0.1478,-22.1,0.934,0.0,0.0,-7.98,1.84,159.91,0.036,0.0559,0.0911,-0.105,0.001,0.02,0.0787,-0.3259,-0.2472,-0.269,0.4911,-0.0811,-0.8173,-0.1131,0.0,-0.2358,-0.1327,0.0714,0.0998,-0.2143,165.31,-1.5,-3.5
401620421,20240906,2024,IND,MIN,88,99,2.26,1.65,2.5,1.98,1.84,169.5,1.85,1.95,8,7,-11,187,0,0.0,1.0,-0.2848,-0.348,-98.6,-4.198,-3.0,0.0,4.82,4.61,163.72,0.0214,0.017,0.0113,0.0006,0.0072,-0.23,-0.5236,0.1961,-0.0664,0.0432,0.7299,0.0247,2.0116,-0.0068,0.0,-0.0217,-0.2935,0.1203,0.0324,-0.1128,165.31,-2.5,-8.5
401620422,20240906,2024,CHI,LA,92,78,1.5,2.64,-5.5,2.0,1.81,163.5,1.86,1.91,8,7,14,170,1,1.0,1.0,0.0897,0.1092,60.5,3.913,1.0,0.0,-4.56,-4.76,164.27,0.0253,0.1306,-0.0049,-0.1207,0.0147,-3.34,-0.0372,-0.0079,0.0161,-0.0402,1.6726,-0.0231,-0.6506,0.1685,1.0,-0.0995,-0.1112,0.4975,-0.1917,0.0924,165.43,5.5,8.5
401620423,20240907,2024,SEA,PHX,90,66,1.34,3.28,-6.5,1.9,1.91,163.5,1.83,1.95,8,7,24,156,1,1.0,0.0,0.381,0.381,110.1,2.739,0.0,0.0,6.31,2.33,160.69,-0.0493,-0.0111,-0.062,-0.0881,-0.049,3.28,0.048,0.3729,0.0508,0.4298,0.6449,0.0041,1.019,-0.1706,0.0,0.1561,0.4757,0.0606,0.1834,0.5885,165.61,6.5,17.5
401620424,20240908,2024,WSH,MIN,71,78,3.65,1.3,7.5,1.91,1.91,161.5,1.92,1.87,8,7,-7,149,0,1.0,0.0,-0.4021,-0.4404,-175.4,-4.616,1.0,0.0,-1.23,1.05,161.44,0.0262,-0.0322,-0.0599,-0.0005,-0.0043,1.47,-0.2992,-0.1331,-0.2701,-0.4053,1.3405,-0.052,1.4059,-0.0988,1.0,-0.1728,-0.3001,-0.1364,-0.184,-0.7194,165.63,-7.5,0.5
401620426,20240908,2024,NY,LV,75,71,1.21,4.43,-9.5,1.91,1.91,167.5,1.87,1.93,7,7,4,146,1,0.0,0.0,0.0671,0.319,55.2,2.806,1.0,0.0,-5.84,1.23,159.1,0.0459,0.1583,-0.0309,0.0415,0.035,-0.44,0.1123,0.3173,0.2232,0.0783,-1.3133,0.0176,0.3506,0.0375,1.0,0.2253,0.0768,0.4967,0.2854,0.8884,165.87,9.5,-5.5
401620427,20240908,2024,CHI,DAL,92,77,2.5,1.54,3.5,1.96,1.84,169.5,1.73,2.05,8,7,15,169,1,1.0,0.0,-0.0542,-0.099,30.2,5.322,0.0,0.0,-4.5,-5.4,164.8,0.0303,0.0019,-0.0376,-0.0635,-0.0117,-1.38,-0.2625,0.2104,-0.2033,-0.013,-1.3598,-0.0029,-0.3274,0.0914,1.0,-0.1136,-0.0085,-0.2436,-0.2184,-0.5494,165.71,-3.5,18.5
401620428,20240908,2024,LA,CON,67,79,4.95,1.18,8.5,2.08,1.78,159.5,1.81,1.95,8,7,-12,146,0,0.0,0.0,-0.509,-0.4734,-251.5,-4.593,0.0,0.0,-7.87,4.04,164.46,-0.0149,-0.0262,-0.0767,0.0582,-0.0336,-1.49,-0.5598,0.1244,-0.0382,-0.6605,-0.2444,0.018,-0.3497,0.0616,0.0,-0.1822,-0.1883,-0.1191,0.0219,-0.3052,165.63,-8.5,-3.5
401620429,20240910,2024,ATL,MIN,64,76,2.88,1.42,4.5,1.96,1.81,155.5,1.87,1.93,8,7,-12,140,0,0.0,0.0,-0.4222,-0.4432,-194.3,-1.469,0.0,0.0,-2.69,1.35,162.34,-0.0392,0.0382,-0.0132,-0.0552,-0.0348,-1.05,-0.7458,0.3685,-0.2511,-0.38,1.5596,-0.0622,0.8229,-0.1161,2.0,-0.4108,-0.2537,0.0885,0.0049,-0.436,165.36,-4.5,-7.5
401620430,20240910,2024,DAL,NY,91,105,5.07,1.17,9.5,1.94,1.85,170.5,1.57,2.28,8,7,-14,196,0,0.0,1.0,-0.5208,-0.5208,-312.1,-6.382,0.0,0.0,-11.5,4.57,164.79,-0.0126,-0.0092,0.0464,-0.1264,-0.0201,-2.29,-0.3048,-0.3167,-0.14,-0.8865,5.7097,-0.0486,-1.0708,-0.0211,0.0,-0.2156,-0.2453,-0.0965,0.1925,-0.2532,165.31,-9.5,-4.5
401620431,20240910,2024,LA,CON,66,86,5.63,1.15,9.5,2.08,1.71,158.5,1.91,1.91,8,7,-20,152,0,0.0,0.0,-0.5433,-0.5406,-262.6,-4.074,0.0,0.0,-13.09,3.69,162.66,-0.0008,-0.044,-0.0418,0.0533,0.0069,-2.31,-0.6786,0.2632,-0.1571,-0.8301,1.0366,0.0519,-0.8288,-0.0177,1.0,-0.2582,-0.34,-0.1866,0.0175,-0.5557,165.37,-9.5,-10.5
401620432,20240911,2024,IND,LV,75,86,2.58,1.51,2.5,2.04,1.77,177.5,1.74,2.04,8,7,-11,161,0,0.0,0.0,-0.2807,-0.3134,-152.0,-1.32,0.0,0.0,-4.61,6.16,163.68,0.042,0.106,-0.005,-0.0038,0.0541,-2.46,-0.4945,0.2457,0.0455,-0.0844,1.4941,-0.0084,0.1741,0.0545,2.0,-0.1744,-0.4133,0.2265,-0.0156,-0.1754,165.31,-2.5,-8.5
401620433,20240911,2024,CHI,WSH,58,89,1.96,1.85,-1.5,2.08,1.74,160.5,1.83,1.95,8,7,-31,147,0,0.0,0.0,-0.075,-0.0619,15.0,4.477,0.0,0.0,-1.57,0.0,161.24,0.0048,0.0901,0.104,-0.1826,-0.0247,-3.3,-0.0423,-0.1264,0.0069,-0.0718,1.1504,0.031,-0.8945,0.051,0.0,-0.0365,-0.0171,0.0162,0.136,0.1135,165.35,1.5,-32.5
401620434,20240911,2024,LA,SEA,82,90,6.7,1.11,10.5,2.1,1.68,162.5,1.89,1.91,8,7,-8,172,0,1.0,1.0,-0.5465,-0.566,-192.3,-4.76,-3.0,1.0,-16.8,1.98,164.06,0.0473,-0.0538,0.0721,0.0083,0.0402,-1.68,-0.4518,-0.0914,-0.2227,-0.9117,1.5017,-0.066,-1.8035,0.051,0.0,-0.2202,-0.4889,-0.111,-0.1342,-0.7332,165.09,-10.5,2.5
401620435,20240912,2024,DAL,NY,67,99,5.34,1.16,10.5,1.9,1.9,178.5,1.91,1.87,8,7,-32,166,0,0.0,0.0,-0.508,-0.508,-321.1,-7.196,0.0,0.0,-17.76,4.74,165.1,-0.0167,-0.0183,0.0351,-0.1236,-0.0599,-2.11,-0.2313,-0.4328,-0.1911,-1.0471,3.7428,-0.0463,-0.7566,-0.0497,1.0,-0.2391,-0.2285,-0.0338,0.2217,-0.189,165.07,-10.5,-21.5
401620436,20240913,2024,ATL,WSH,69,72,1.56,2.43,-4.5,1.95,1.83,156.5,1.95,1.8,8,7,-3,141,0,0.0,0.0,-0.0849,-0.0827,-41.1,1.717,1.0,0.0,-7.73,1.49,161.26,-0.0513,0.042,0.053,-0.0646,-0.0573,-3.12,-0.3621,0.2251,-0.1218,-0.2389,-0.4509,0.037,-1.0691,-0.0624,1.0,-0.3293,-0.0252,0.1851,0.2431,0.1554,165.13,4.5,-7.5
401620437,20240913,2024,IND,LV,74,78,2.59,1.51,3.5,1.93,1.85,176.5,1.8,2.0,8,7,-4,152,0,0.0,0.0,-0.3579,-0.3607,-168.6,-1.971,0.0,0.0,-10.68,6.9,163.74,0.0511,0.088,-0.0003,-0.0072,0.0232,-2.34,-0.5246,0.2402,-0.0565,-0.1697,1.9518,-0.0442,-0.2504,0.0662,3.0,-0.2067,-0.4871,0.198,0.077,-0.1876,164.9,-3.5,-0.5
401620438,20240913,2024,DAL,SEA,81,83,4.91,1.18,6.5,2.42,1.49,170.5,1.76,2.11,8,7,-2,164,0,1.0,0.0,-0.4519,-0.476,-161.3,-6.19,-1.0,1.0,-22.43,3.8,165.74,0.0336,0.0845,0.056,-0.0284,0.0001,-5.21,-0.2388,-0.3164,-0.1042,-0.9178,4.7273,-0.0565,-2.0872,0.0229,1.0,-0.4087,-0.5408,0.052,-0.0508,-0.5422,164.74,-6.5,4.5
401620439,20240913,2024,MIN,CHI,83,66,1.11,6.78,-12.5,1.88,1.9,156.5,1.8,1.95,8,7,17,149,1,1.0,0.0,0.5771,0.559,205.5,1.611,1.0,0.0,10.34,-1.12,159.37,-0.0295,-0.0684,-0.0208,0.1718,0.0573,1.3,0.5311,0.0805,0.2948,0.7901,-2.9364,0.0315,-0.4441,0.1028,0.0,0.2383,0.3305,0.1005,-0.0288,0.5669,164.49,12.5,4.5
401620440,20240913,2024,PHX,CON,69,88,4.21,1.23,4.5,2.08,1.77,155.5,1.85,1.91,8,7,-19,157,0,0.0,1.0,-0.4381,-0.3617,-211.4,-3.24,2.0,0.0,-18.83,-0.08,158.36,0.0189,0.009,-0.0432,0.1103,-0.0205,-4.52,-0.3453,-0.0358,-0.0738,-0.9167,-1.3956,0.0895,-0.9949,0.1135,2.0,-0.1264,-0.1766,-0.0663,-0.2627,-0.4802,164.39,-4.5,-14.5
401620441,20240915,2024,IND,DAL,110,109,1.22,4.34,-9.5,1.92,1.86,184.5,1.78,2.0,8,7,1,219,1,0.0,1.0,0.1932,0.1646,100.6,4.906,0.0,0.0,11.28,-0.54,170.85,0.0238,-0.0668,-0.0026,0.1007,0.0864,-0.18,-0.0551,0.287,0.1076,0.5848,0.1978,-0.0363,0.4209,0.0859,0.0,0.1091,-0.1227,-0.0175,-0.2917,-0.2369,164.39,9.5,-8.5
401620442,20240915,2024,NY,MIN,79,88,1.44,2.81,-5.5,1.92,1.88,159.5,1.86,1.94,8,7,-9,167,0,0.0,1.0,0.0024,0.0242,94.0,-1.046,1.0,0.0,4.08,1.39,159.86,0.0123,0.0699,0.0559,0.0309,0.0245,0.98,-0.1366,0.2712,0.0775,0.1502,-0.3205,0.0105,1.1101,-0.0633,0.0,0.0876,-0.0603,0.1741,-0.0568,0.1002,164.83,5.5,-14.5
401620444,20240915,2024,CHI,PHX,88,93,2.1,1.75,1.5,1.94,1.84,156.5,1.78,2.0,8,7,-5,181,0,0.0,1.0,-0.0693,-0.1557,9.2,3.96,0.0,0.0,5.4,1.15,158.9,0.0087,0.0799,0.0071,-0.1789,0.033,0.03,-0.7212,0.6657,-0.0961,0.1533,2.8573,-0.0644,-0.269,-0.1163,0.0,-0.2447,-0.2147,-0.0624,0.4298,0.0298,164.69,-1.5,-3.5
401620445,20240915,2024,LV,CON,84,71,1.51,2.61,-5.5,1.94,1.85,158.5,1.84,1.95,8,7,13,155,1,1.0,0.0,0.0415,0.0589,24.8,-0.572,0.0,0.0,-2.86,0.19,159.19,-0.0328,-0.058,-0.0508,0.0915,0.0249,-0.87,-0.021,0.0365,0.0893,-0.2622,1.0315,0.0741,-0.3353,0.0428,3.0,0.0643,0.0328,-0.0623,0.05,0.132,164.74,5.5,7.5
401620446,20240915,2024,SEA,LA,90,87,1.23,4.31,-8.5,1.88,1.92,159.5,1.8,1.95,8,7,3,177,1,0.0,1.0,0.4826,0.4436,207.3,4.61,-2.0,0.0,19.21,-0.02,164.0,-0.045,0.0233,-0.0626,-0.0051,-0.0612,3.86,0.3719,0.0195,0.197,0.9385,-1.0062,0.112,2.5285,-0.1342,0.0,0.372,0.5931,0.1015,-0.1026,0.6162,164.7,8.5,-5.5
401620447,20240917,2024,CON,MIN,76,78,1.79,2.03,-1.5,1.88,1.92,153.5,1.9,1.91,8,7,-2,154,0,0.0,1.0,-0.1518,-0.1921,-13.2,-2.924,0.0,0.0,-5.02,-1.0,157.27,-0.0039,-0.0412,0.0832,-0.0722,-0.0333,0.55,-0.1251,-0.0592,-0.2154,-0.3218,-0.7115,-0.0748,1.1989,0.0549,1.0,-0.1209,-0.1032,-0.0599,-0.0284,-0.335,164.76,1.5,-3.5
401620448,20240917,2024,WSH,NY,71,87,4.83,1.19,8.5,1.99,1.76,161.5,1.87,1.95,8,7,-16,158,0,0.0,0.0,-0.4077,-0.4588,-254.0,-0.505,0.0,0.0,-2.54,-0.69,158.66,0.0221,-0.077,-0.0773,-0.0003,0.0094,0.42,-0.501,0.1535,-0.3386,-0.431,2.2502,-0.0499,0.2052,0.0969,0.0,-0.2279,-0.2699,-0.3652,-0.1413,-0.8773,164.79,-8.5,-7.5
401620449,20240917,2024,ATL,CHI,86,70,1.18,4.9,-10.5,1.84,1.94,151.5,1.91,1.88,8,7,16,156,1,1.0,1.0,0.1121,0.2913,9.6,1.945,0.0,0.0,4.93,3.29,161.61,-0.0321,0.0049,0.0296,0.0768,-0.0605,2.14,-0.1283,0.5472,0.0406,0.4189,0.2195,0.0549,-0.616,0.028,0.0,0.0346,0.1353,0.3084,0.3074,0.6274,164.57,10.5,5.5
401620450,20240917,2024,LA,PHX,81,85,2.24,1.66,3.5,1.8,2.0,160.5,1.83,2.0,8,7,-4,166,0,0.0,1.0,-0.1062,-0.1821,-72.3,-0.522,0.0,0.0,-2.09,3.43,161.3,0.0035,0.0135,0.0363,-0.0964,0.0298,1.67,-0.3995,0.3932,-0.1443,-0.1397,1.4056,-0.026,-1.5304,0.0075,1.0,-0.1138,-0.2151,-0.0738,0.2549,-0.1188,164.48,-3.5,-0.5
401620451,20240917,2024,SEA,LV,72,85,4.13,1.24,7.5,2.02,1.74,162.5,1.87,1.95,8,7,-13,157,0,0.0,0.0,-0.1386,-0.128,-116.3,1.327,0.0,0.0,-0.41,3.02,160.91,0.0183,0.0675,-0.0234,-0.0832,-0.0837,2.8,-0.4017,0.3087,-0.038,-0.0888,-1.1198,0.0602,0.4051,-0.088,0.0,0.1784,0.1883,0.0457,-0.0613,0.0732,164.77,-7.5,-5.5
401620452,20240919,2024,CON,CHI,87,54,1.07,8.83,-13.5,1.69,2.06,153.5,1.95,1.85,8,7,33,141,1,1.0,0.0,0.5376,0.7165,225.1,1.007,0.0,0.0,17.38,-0.24,156.48,-0.0096,-0.0621,0.0243,0.0504,-0.0027,3.74,0.6113,0.1164,0.3057,0.8291,-3.5385,-0.0057,1.49,0.0805,1.0,0.4664,0.455,0.2137,0.2248,1.0208,164.63,13.5,19.5
401620453,20240919,2024,NY,ATL,67,78,1.46,2.76,-5.5,1.92,1.86,156.5,1.85,1.91,8,7,-11,145,0,0.0,0.0,0.4704,0.5181,290.1,-0.048,0.0,0.0,10.2,-1.63,161.21,0.0254,0.0143,-0.0408,0.1118,0.0607,0.73,0.5531,0.0098,0.4444,0.5012,-0.7026,0.024,1.5679,-0.0011,0.0,0.423,0.2175,0.1114,0.0118,0.679,164.54,5.5,-16.5
401620454,20240919,2024,WSH,IND,92,91,1.68,2.21,-3.5,1.92,1.85,164.5,1.85,1.91,8,7,1,183,1,0.0,1.0,-0.0283,-0.0484,-35.6,3.944,-2.0,0.0,4.28,-6.14,164.49,0.0129,-0.0319,-0.0594,0.0328,-0.0116,2.33,0.0452,0.0504,-0.177,-0.1039,-1.5919,0.008,0.7311,0.0701,0.0,-0.0702,-0.0859,-0.4048,-0.0099,-0.5462,164.35,3.5,-2.5
401620455,20240919,2024,MIN,LA,51,68,1.48,2.69,-5.5,1.97,1.81,155.5,1.85,1.95,8,7,-17,119,0,0.0,0.0,0.7679,0.7112,310.8,5.648,0.0,0.0,17.79,-3.88,161.22,-0.0195,-0.0247,-0.0679,0.0339,0.0473,0.94,0.6782,-0.1048,0.4434,0.8887,-1.8315,0.0505,1.4411,-0.1432,0.0,0.2546,0.4592,0.0297,-0.1597,0.5566,164.44,5.5,-22.5
401620456,20240919,2024,LV,DAL,98,84,2.38,1.58,1.5,2.16,1.67,168.5,1.89,1.89,8,7,14,182,1,1.0,1.0,0.5785,0.4227,298.6,5.597,-2.0,0.0,20.05,-7.39,163.15,-0.042,-0.1724,-0.0186,0.1013,0.074,1.65,0.2517,0.1394,0.1871,0.797,-3.5407,-0.0101,0.7344,0.0021,1.0,0.3504,0.2269,-0.1093,-0.8596,-0.448,164.17,-1.5,15.5
401620457,20240919,2024,PHX,SEA,70,89,1.76,2.07,-2.5,1.95,1.85,161.5,1.85,1.95,8,7,-19,159,0,0.0,0.0,-0.3094,-0.3138,-120.8,-3.106,0.0,0.0,-11.19,-2.0,159.76,0.0285,-0.0027,0.0516,0.1263,0.0215,-2.43,0.1254,-0.5108,-0.0992,-0.3915,-0.2454,-0.0641,0.3883,0.233,0.0,-0.2213,-0.2409,-0.0365,-0.1793,-0.4708,164.28,2.5,-21.5
401721253,20240922,2024,CON,IND,93,69,1.37,3.09,-6.5,1.89,1.9,163.5,1.83,1.95,8,7,24,162,1,1.0,0.0,0.365,0.3477,146.3,2.465,0.0,0.0,13.77,-7.48,162.71,-0.0168,0.0162,-0.0132,-0.0926,-0.0543,3.13,0.4779,-0.1742,-0.0441,0.5217,-3.373,-0.0087,2.0625,0.0704,1.0,0.0701,0.4101,0.1108,-0.1199,0.1982,164.1,6.5,17.5
401721255,20240922,2024,NY,ATL,83,69,1.1,7.15,-12.5,1.88,1.9,156.5,1.9,1.91,8,7,14,152,1,1.0,0.0,0.4112,0.4646,259.8,-1.444,0.0,0.0,2.65,-0.87,159.39,0.0242,-0.0021,-0.034,0.101,0.0714,1.11,0.436,0.0317,0.3505,0.1302,-0.5253,0.0243,1.9182,0.0843,1.0,0.3848,0.2054,0.0607,-0.0091,0.5527,164.29,12.5,1.5
401721256,20240922,2024,LV,SEA,78,67,1.21,4.45,-9.5,1.9,1.9,160.5,1.8,1.95,8,7,11,145,1,1.0,0.0,0.08,0.1044,126.1,-1.669,0.0,0.0,7.31,-2.17,159.37,-0.0122,-0.0582,0.0328,0.0962,0.1192,-0.99,0.5301,-0.3499,-0.0182,0.2339,-0.7102,-0.0467,0.476,0.0431,1.0,-0.1953,-0.2151,-0.0229,0.1486,-0.0607,164.17,9.5,1.5
401721261,20240922,2024,MIN,PHX,102,95,1.17,5.11,-10.5,1.95,1.82,157.5,1.85,1.95,8,7,7,197,1,0.0,1.0,0.4592,0.5491,219.0,4.945,0.0,0.0,13.02,-0.7,156.92,0.0085,0.0278,-0.0633,-0.0642,0.0827,0.15,0.3425,0.1902,0.2141,0.8655,-0.4001,0.0409,-0.5647,-0.2148,0.0,0.195,0.2455,0.0745,0.0446,0.4897,163.96,10.5,-3.5
401721258,20240924,2024,NY,ATL,91,82,1.1,7.31,-12.5,1.87,1.95,155.5,1.85,1.93,8,7,9,173,1,0.0,1.0,0.4554,0.4457,264.8,-1.199,0.0,0.0,5.47,-0.83,159.97,0.019,-0.0082,-0.0347,0.1072,0.087,0.72,0.2336,0.3144,0.3638,0.3169,0.302,0.0601,1.7263,-0.0181,2.0,0.3531,0.1208,-0.0558,-0.0274,0.3695,164.11,12.5,-3.5
401721262,20240924,2024,LV,SEA,83,76,1.25,4.03,-7.5,1.85,1.94,158.5,1.87,1.95,8,7,7,159,1,0.0,1.0,0.1691,0.1925,135.0,-1.547,0.0,0.0,11.52,-1.89,158.84,-0.021,-0.0698,0.0235,0.0854,0.1218,0.19,-0.2026,0.5026,0.0556,0.3903,-0.0109,-0.0289,0.6213,0.1469,2.0,0.0263,-0.0143,0.0035,-0.112,-0.0149,164.37,7.5,-0.5
401721254,20240925,2024,CON,IND,87,81,1.37,3.13,-7.5,2.02,1.73,163.5,1.91,1.91,8,7,6,168,1,0.0,1.0,0.4076,0.3813,159.8,3.308,0.0,0.0,21.8,-6.31,162.44,-0.0197,0.0298,-0.0185,-0.1058,-0.0144,2.5,0.5421,-0.1659,-0.0278,0.7954,-3.5428,-0.0099,2.1169,0.1635,2.0,0.1082,0.3779,0.2154,-0.0842,0.3339,164.21,7.5,-1.5
401721260,20240925,2024,MIN,PHX,101,88,1.2,4.63,-9.5,1.9,1.89,160.5,1.88,1.91,8,7,13,189,1,1.0,1.0,0.4447,0.5333,223.1,3.971,0.0,0.0,9.94,-0.41,158.13,0.0094,0.0156,-0.0329,-0.0621,0.0483,-0.13,0.2771,0.2717,0.2197,0.8878,-1.6419,0.0865,-0.6618,-0.1745,1.0,0.1794,0.2471,0.0766,0.0453,0.4966,164.12,9.5,3.5
401724938,20240929,2024,NY,LV,87,77,1.54,2.49,-4.5,1.95,1.85,162.5,1.85,1.91,9,7,10,164,1,1.0,1.0,0.0695,-0.054,16.9,-0.617,0.0,0.0,-6.79,0.34,157.04,0.0231,0.1168,0.0477,0.003,-0.0138,1.07,-0.0796,0.1116,0.0178,-0.1967,1.3988,-0.0275,0.0017,0.0798,0.0,-0.0422,-0.0536,0.1006,-0.0313,-0.0145,164.15,4.5,5.5
401725075,20240929,2024,MIN,CON,70,73,1.55,2.49,-4.5,1.95,1.85,152.5,1.9,1.91,9,7,-3,143,0,0.0,0.0,0.0062,0.1,-6.0,-1.394,0.0,0.0,-7.68,0.73,157.2,0.0088,-0.0233,0.0232,0.0671,0.0216,-1.16,-0.1707,0.3282,0.1956,0.0238,0.8242,0.047,-2.0307,-0.249,0.0,0.071,0.0171,-0.1452,0.0149,0.0561,164.05,4.5,-7.5
401724939,20241001,2024,NY,LV,88,84,1.5,2.62,-4.5,1.92,1.86,163.5,1.89,1.91,9,7,4,172,1,0.0,1.0,0.0172,0.0572,30.9,0.378,0.0,0.0,1.95,0.36,158.18,0.0254,0.0919,0.0699,-0.0057,0.0023,2.53,0.0408,0.0329,0.1081,0.1154,1.5731,-0.023,0.2157,0.0615,1.0,0.0581,-0.0026,0.1455,0.0135,0.1898,163.9,4.5,-0.5
401725076,20241001,2024,MIN,CON,77,70,1.48,2.67,-4.5,1.85,1.92,150.5,1.72,2.07,9,7,7,147,1,1.0,0.0,0.0629,0.0629,-18.8,-1.979,0.0,0.0,-11.55,0.26,156.65,0.0163,-0.0352,0.0519,0.0596,0.0007,0.08,-0.1121,0.222,0.104,-0.1213,0.5347,0.0478,-1.0064,-0.3109,1.0,0.1313,-0.001,-0.2001,-0.0092,-0.0299,164.03,4.5,2.5
401724940,20241004,2024,LV,NY,95,81,1.62,2.31,-3.5,1.95,1.85,164.5,1.87,1.91,8,7,14,176,1,1.0,1.0,-0.0293,0.0115,-38.9,-0.489,0.0,0.0,-3.27,-0.11,158.22,-0.0246,-0.0836,-0.063,0.0029,0.0262,-2.21,0.6476,-0.8494,-0.0365,-0.1319,-1.2228,-0.0068,0.0806,-0.0665,0.0,-0.0651,0.0169,-0.1723,0.2213,0.064,163.88,3.5,10.5
401725077,20241004,2024,CON,MIN,81,90,1.68,2.2,-2.5,1.89,1.91,150.5,1.88,1.92,9,7,-9,171,0,0.0,1.0,-0.1224,-0.1224,5.5,1.379,0.0,0.0,7.55,0.68,155.17,-0.0291,0.0343,-0.0328,-0.046,-0.0152,0.07,0.1634,-0.3742,-0.1452,-0.0579,-1.5631,-0.0469,0.4452,0.3006,0.0,-0.1389,0.0221,0.0561,-0.0197,-0.1186,163.95,2.5,-11.5
401724941,20241006,2024,LV,NY,62,76,1.65,2.27,-3.5,1.92,1.88,166.5,1.91,1.91,8,7,-14,138,0,0.0,0.0,-0.0248,0.046,-16.9,0.506,0.0,0.0,0.29,-0.04,158.29,-0.028,-0.0726,-0.0721,-0.0036,0.0092,-2.03,0.3836,-0.4805,0.0399,0.2996,-1.1753,-0.0217,-0.0274,-0.1127,1.0,0.0288,-0.0006,-0.1018,0.1751,0.1551,163.94,3.5,-17.5
401725078,20241006,2024,CON,MIN,92,82,1.75,2.12,-1.5,1.84,1.95,153.5,1.92,1.87,9,7,10,174,1,1.0,1.0,-0.1533,-0.1715,-17.1,0.305,0.0,0.0,-4.81,1.98,154.72,-0.0233,0.0485,-0.0276,-0.0316,-0.044,-1.48,-0.074,-0.1236,-0.1509,-0.2509,-2.2886,-0.0338,-0.7347,0.2999,1.0,-0.276,-0.0374,0.0522,0.1199,-0.0779,163.82,1.5,8.5
401725079,20241008,2024,MIN,CON,88,77,1.58,2.38,-4.5,1.95,1.8,150.5,1.81,1.98,9,7,11,165,1,1.0,1.0,0.1198,0.1385,0.9,-0.809,0.0,0.0,1.89,-1.6,155.07,0.0306,-0.0496,0.0434,0.062,0.0185,1.09,-0.1105,0.3401,0.1412,0.0122,2.8274,0.0357,0.9753,-0.2785,0.0,0.2198,0.0148,-0.0469,-0.0797,0.0777,164.1,4.5,6.5
401726989,20241013,2024,NY,MIN,80,66,1.3,3.66,-7.5,1.95,1.87,162.5,1.91,1.9,9,7,14,146,1,1.0,0.0,-0.0483,-0.0299,65.4,-1.153,0.0,0.0,-1.52,1.63,157.33,0.003,0.0868,-0.0264,0.0309,0.0001,-1.84,0.1223,-0.199,-0.0078,-0.0975,0.7607,-0.0052,-1.7605,0.1139,1.0,-0.1646,-0.1761,0.3238,0.1062,0.1621,164.29,7.5,6.5
401726990,20241016,2024,MIN,NY,77,80,2.37,1.6,1.5,2.12,1.68,159.5,1.8,1.95,9,7,-3,157,0,0.0,0.0,0.0165,-0.0234,-79.3,0.529,0.0,0.0,-5.04,-0.74,156.63,-0.0002,-0.0977,0.0134,-0.027,-0.0321,0.68,-0.1743,0.1962,-0.0268,-0.1579,-0.524,0.0058,1.1703,-0.1067,0.0,0.0936,0.1163,-0.3388,-0.1053,-0.2562,164.15,-1.5,-1.5
401726991,20241018,2024,MIN,NY,82,80,2.28,1.63,2.5,1.95,1.83,158.5,1.85,1.95,7,7,2,162,1,1.0,1.0,-0.054,-0.0253,-90.5,-0.025,0.0,0.0,-6.72,0.62,157.32,-0.0186,-0.0778,-0.0032,-0.0441,-0.0269,0.21,-0.2005,0.1982,-0.0487,-0.1143,1.0456,-0.0212,-0.0144,-0.1431,1.0,0.0688,0.1473,-0.3673,-0.059,-0.2359,164.25,-2.5,4.5
401761558,20250502,2025,LV,DAL,112,78,1.3,3.53,-7.5,1.88,1.92,166.5,1.91,1.9,4,4,34,190,1,1.0,1.0,0.4059,0.3616,207.0,5.326,0.0,0.0,10.18,-6.88,163.8,-0.0392,-0.1258,-0.0446,0.1148,0.0293,0.55,0.0,0.2799,-0.1141,0.5645,-2.6949,-0.0134,1.29,0.0143,0.0,0.1027,0.4516,-0.1046,-0.1564,0.0583,163.99,7.5,26.5
401761349,20250504,2025,SEA,CON,79,59,1.28,3.53,-7.5,1.9,1.88,150.5,1.83,1.94,6,4,20,138,1,1.0,0.0,-0.0803,0.2533,-54.9,1.326,0.0,0.0,0.83,1.37,158.11,-0.0147,-0.0648,-0.067,0.016,-0.0671,1.93,0.0,0.2517,0.272,-0.3254,0.6838,0.0197,-0.0261,-0.4482,0.0,-0.0861,0.5806,-0.5135,0.7786,0.7981,163.93,7.5,12.5
401761347,20250506,2025,CHI,MIN,74,69,2.96,1.39,6.5,1.86,1.9,153.5,1.91,1.9,6,5,5,143,1,1.0,0.0,-0.3849,-0.3974,-151.8,-4.149,1.0,0.0,-3.89,-0.91,158.86,-0.0013,0.0698,0.0373,-0.0427,-0.0217,-1.65,0.0885,-0.3524,0.0052,-0.055,1.4483,-0.0812,-0.0608,0.0232,0.0,-0.1494,-0.278,0.2155,-0.0194,-0.1408,163.59,-6.5,11.5
401761355,20250506,2025,LV,PHX,85,84,1.16,4.88,-11.5,1.98,1.81,169.5,1.9,1.9,6,5,1,169,1,0.0,0.0,0.2501,0.5101,196.8,2.447,1.0,0.0,12.64,-0.08,158.52,-0.0292,0.0011,-0.0258,-0.0123,0.058,0.88,-0.0227,0.5972,0.345,0.7625,-3.0614,0.0575,0.3566,-0.1533,0.0,0.197,0.4733,0.0189,0.1852,0.7884,163.22,11.5,-10.5
401761344,20250507,2025,WSH,ATL,70,80,2.81,1.41,5.5,1.88,1.9,152.5,1.86,1.91,7,6,-10,150,0,0.0,0.0,-0.0681,-0.0785,6.0,0.74,1.0,0.0,-4.45,2.69,161.83,0.0405,-0.0894,-0.0665,0.1473,0.0662,-0.19,-0.0129,0.155,-0.0038,0.0352,2.4301,0.0894,0.4356,0.0786,0.0,0.0033,-0.1116,0.079,-0.044,-0.0373,163.27,-5.5,-4.5
401765028,20250509,2025,NY,CON,86,94,1.07,7.43,-13.5,1.86,1.85,152.5,1.92,1.85,7,6,-8,180,0,0.0,1.0,0.3713,0.5921,84.5,1.474,-2.0,0.0,11.59,0.6,158.96,0.0087,0.0012,-0.0084,0.0819,0.011,0.04,0.0515,0.5515,0.2226,0.4906,0.5224,0.062,0.4949,-0.1556,1.0,0.2861,0.0807,0.3261,0.2222,0.7792,163.33,13.5,-21.5
401761345,20250510,2025,ATL,IND,76,81,2.56,1.5,3.5,1.98,1.79,171.5,1.77,2.0,11,10,-5,157,0,0.0,0.0,-0.0251,-0.1238,-45.2,1.683,-2.0,0.0,-8.89,-4.53,162.91,-0.0187,0.0136,0.0237,-0.0838,-0.046,2.13,0.0146,-0.2456,-0.1923,-0.0727,-0.8275,-0.055,0.775,-0.0486,0.0,-0.1062,-0.0258,-0.1158,-0.0991,-0.3725,163.55,-3.5,-1.5
401761348,20250510,2025,MIN,CHI,92,87,1.29,3.45,-6.5,1.8,1.92,151.5,1.86,1.9,7,6,5,179,1,0.0,1.0,0.2231,0.1215,135.8,2.766,0.0,0.0,-1.68,1.79,159.6,0.0115,-0.0463,-0.0038,0.0287,-0.0105,0.09,-0.0505,0.1158,-0.1104,-0.0354,-1.6429,0.0982,-0.8806,0.027,0.0,-0.0074,0.0756,-0.3066,-0.0073,-0.205,163.34,6.5,-1.5
401761352,20250511,2025,PHX,GS,79,84,1.26,3.75,-8.5,1.89,1.84,165.5,1.9,1.9,6,5,-5,163,0,0.0,0.0,0.1409,0.1598,-69.5,-8.684,0.0,0.0,-6.23,-5.81,165.95,-0.0133,0.0138,-0.1784,-0.0235,0.116,0.82,0.1011,0.0215,0.1457,-0.1122,-2.9363,0.0133,1.6695,-0.1065,0.0,0.1547,0.2593,0.0669,0.112,0.4894,163.56,8.5,-13.5
401736112,20250516,2025,WSH,ATL,94,90,3.57,1.29,5.5,2.25,1.61,155.5,1.82,1.95,11,10,4,184,1,1.0,1.0,-0.1516,-0.2532,-10.6,0.11,0.0,0.0,-5.14,2.9,161.09,0.0428,-0.0631,-0.045,0.0542,0.0224,-1.47,-0.2723,0.0435,-0.1329,-0.0579,1.8992,0.0455,-0.5504,0.073,0.0,-0.2433,-0.3531,0.0687,-0.2425,-0.5685,163.69,-5.5,9.5
401736113,20250516,2025,DAL,MIN,84,99,2.71,1.46,4.5,1.88,1.87,163.5,1.87,1.9,11,10,-15,183,0,0.0,1.0,-0.1663,-0.0584,-140.9,-7.513,0.0,0.0,6.61,2.57,164.46,0.0053,0.1187,0.0159,-0.0716,0.0468,-1.88,0.2265,-0.3318,0.1916,-0.0639,1.2944,0.0127,-0.6522,-0.0522,0.0,0.0964,0.0138,0.1294,0.1549,0.3739,163.77,-4.5,-10.5
401736114,20250516,2025,GS,LA,67,84,3.0,1.38,5.5,1.91,1.85,161.5,1.8,2.0,10,9,-17,151,0,0.0,0.0,0.0482,-0.0895,102.9,10.388,0.0,0.0,0.78,1.25,165.37,-0.0543,-0.0387,0.1184,0.1663,-0.0434,1.41,-0.2581,0.2171,-0.1377,-0.0407,4.568,0.0091,0.1051,0.0397,1.0,-0.0558,0.1291,-0.003,-0.3918,-0.3725,164.01,-5.5,-11.5
401736115,20250517,2025,IND,CHI,93,58,1.26,3.87,-8.5,1.95,1.83,167.5,1.75,2.05,11,10,35,151,1,1.0,0.0,0.0597,0.0653,71.1,0.96,0.0,0.0,14.58,4.52,163.03,0.0073,0.0389,0.0179,0.0591,0.0022,-1.41,-0.0232,0.0983,0.0721,0.1207,-1.719,0.0263,-1.9259,0.0879,1.0,-0.0056,0.0201,-0.1249,0.1519,0.116,163.93,8.5,26.5
401736116,20250517,2025,NY,LV,92,78,1.56,2.99,-4.5,2.05,1.73,167.5,1.75,2.07,11,10,14,170,1,1.0,1.0,0.0125,0.056,22.1,1.818,0.0,0.0,-1.83,-1.64,158.69,0.0436,0.0514,-0.0078,-0.0179,0.02,-0.57,0.4649,-0.3693,0.0514,-0.0292,2.4454,-0.0235,-0.4543,0.0109,0.0,0.0539,-0.1729,0.1093,-0.132,-0.0855,163.71,4.5,9.5
401736117,20250517,2025,PHX,SEA,81,59,3.08,1.37,3.5,2.3,1.59,154.5,1.73,2.1,11,10,22,140,1,1.0,0.0,-0.0453,-0.118,-124.9,-4.348,0.0,0.0,-10.77,0.7,159.8,0.0226,-0.0064,0.037,0.1043,0.0377,-2.61,0.1148,-0.3916,0.0102,-0.1429,4.7353,-0.0887,0.271,0.3149,0.0,-0.1804,-0.1312,0.1711,0.0148,0.0092,163.73,-3.5,25.5
401736118,20250518,2025,CON,WSH,85,90,2.41,1.59,3.5,1.85,1.91,156.5,1.75,2.02,11,10,-5,175,0,0.0,1.0,0.1137,-0.0823,129.9,-1.903,3.0,0.0,0.32,-2.93,159.47,-0.0286,0.0912,-0.0069,-0.0864,0.0059,0.18,0.4512,-0.7881,-0.0785,-0.0189,-3.6542,0.0275,-0.2135,0.0468,0.0,-0.088,0.005,0.0245,-0.0133,-0.0235,163.63,-3.5,-1.5
401736119,20250518,2025,LA,MIN,75,89,3.17,1.36,5.5,1.98,1.8,161.5,1.73,2.08,11,10,-14,164,0,0.0,1.0,-0.3055,-0.331,-178.3,-3.695,0.0,0.0,3.34,0.3,164.35,0.0197,0.0399,0.0156,0.0055,-0.001,1.01,0.0399,-0.4976,-0.1096,0.0048,-0.5091,-0.0008,-0.2481,0.129,1.0,-0.0528,-0.2053,-0.0913,0.1006,-0.2415,163.59,-5.5,-8.5
401736120,20250519,2025,DAL,SEA,71,79,2.28,1.62,1.5,2.08,1.7,162.5,1.66,2.14,11,10,-8,150,0,0.0,0.0,0.0705,-0.1047,-89.6,-7.194,1.0,0.0,2.96,4.15,162.92,0.0253,0.0722,0.0258,-0.0307,0.0955,-3.41,0.0877,-0.1854,0.0789,-0.1582,2.7246,-0.0067,-1.2951,0.1384,1.0,-0.1626,-0.4856,0.1546,0.156,-0.0567,163.66,-1.5,-6.5
401736121,20250520,2025,CON,LV,62,87,7.44,1.08,12.5,2.06,1.71,166.5,1.91,1.9,11,10,-25,149,0,0.0,0.0,-0.2453,-0.2529,-45.5,-0.326,-1.0,0.0,-7.05,-2.86,160.03,0.0296,0.0769,0.0547,-0.1084,-0.0252,-0.07,-0.0048,-0.3752,-0.1311,-0.1486,2.4576,0.0124,-0.8487,0.118,1.0,-0.0878,-0.3273,0.0351,-0.1639,-0.421,163.67,-12.5,-12.5
401736122,20250520,2025,IND,ATL,90,91,1.31,3.47,-9.5,2.25,1.64,169.5,1.75,2.07,11,10,-1,181,0,0.0,1.0,0.0803,0.0529,77.9,0.725,-1.0,0.0,26.18,4.85,163.13,0.003,-0.0174,-0.036,-0.0096,0.0348,0.6,0.0762,-0.0268,0.0757,0.3549,-0.2137,-0.0081,-0.175,0.0953,1.0,0.061,0.0168,0.1077,-0.0411,0.1305,163.55,9.5,-10.5
401736123,20250521,2025,MIN,DAL,85,81,1.14,5.56,-12.5,2.01,1.75,167.5,1.84,1.93,11,10,4,166,1,0.0,0.0,0.1681,0.2856,179.6,7.866,1.0,0.0,6.31,-1.49,164.66,-0.0138,-0.0907,-0.0135,0.0767,-0.0143,0.22,-0.1339,0.5725,0.0487,0.6144,-0.6825,0.009,-0.4157,0.0757,0.0,0.0516,0.2799,-0.1045,-0.1493,0.0472,163.65,12.5,-8.5
401736124,20250521,2025,GS,WSH,76,74,2.76,1.45,4.5,1.95,1.82,161.5,1.83,1.94,11,10,2,150,1,1.0,0.0,-0.0818,-0.1767,24.1,2.842,2.0,0.0,-4.3,0.33,163.64,-0.001,0.0353,0.0043,0.1685,-0.0761,-0.27,-0.1818,-0.0368,-0.2361,-0.2299,-1.3474,0.0396,-1.4578,-0.0507,1.0,-0.2253,0.0425,-0.1131,-0.3565,-0.57,163.65,-4.5,6.5
401736125,20250521,2025,PHX,LA,89,86,1.47,2.69,-5.5,2.0,1.78,159.5,1.86,1.92,11,10,3,175,1,0.0,1.0,0.0622,0.1415,27.7,0.706,1.0,0.0,-2.26,-0.92,160.16,-0.0138,-0.0199,-0.0305,0.0408,0.0116,-0.26,-0.1112,0.3107,0.1475,0.1991,3.4372,-0.0702,1.5293,-0.0291,0.0,0.0147,0.2098,0.0686,-0.0194,0.2599,163.65,5.5,-2.5
401736126,20250522,2025,ATL,IND,76,81,3.76,1.35,5.5,1.89,1.85,161.5,1.86,1.93,7,6,-5,157,0,1.0,0.0,-0.0883,-0.0499,-67.7,-0.835,0.0,0.0,-21.92,-4.57,163.53,-0.0052,0.0278,0.0432,0.0433,-0.0631,0.17,0.0007,-0.086,-0.1293,-0.3052,1.0812,0.0183,0.4646,-0.1269,0.0,-0.0229,0.0672,-0.0397,-0.0538,-0.139,163.78,-5.5,0.5
401736127,20250522,2025,CHI,NY,74,99,5.69,1.13,11.5,1.9,1.87,162.5,1.75,2.03,11,10,-25,173,0,0.0,1.0,-0.2614,-0.2937,-223.1,-2.116,0.0,0.0,-16.6,1.52,159.46,0.0102,0.0017,-0.0338,-0.0367,-0.0369,-0.29,-0.0233,-0.4009,-0.1738,-0.3731,2.8424,-0.1158,0.4208,-0.1327,0.0,-0.0733,-0.1333,0.0788,-0.0623,-0.2428,163.61,-11.5,-13.5
401736128,20250523,2025,MIN,CON,76,70,1.06,9.43,-16.5,1.91,1.86,156.5,1.85,1.92,11,10,6,146,1,0.0,0.0,0.4287,0.4295,57.2,2.332,-1.0,0.0,18.05,2.1,159.53,0.0058,-0.0397,-0.0194,0.0563,0.0395,-0.93,-0.2432,0.8748,0.2598,0.5058,-0.9433,-0.0385,-0.7456,-0.2084,0.0,0.0838,0.25,-0.0158,-0.153,0.2197,163.61,16.5,-10.5
401736129,20250523,2025,LV,WSH,75,72,1.07,8.51,-15.5,1.91,1.85,164.5,1.84,1.92,11,10,3,147,1,0.0,0.0,0.168,0.3152,180.5,-1.46,1.0,0.0,8.21,-1.56,163.59,-0.0575,0.0192,-0.0581,0.0448,0.0165,0.59,0.4082,-0.0377,0.1389,0.1894,-5.896,0.0427,0.4758,-0.1601,2.0,0.1747,0.5341,-0.0362,0.3445,0.7964,163.55,15.5,-12.5
401736130,20250523,2025,LA,GS,73,82,1.17,4.96,-11.5,2.01,1.76,158.5,1.77,2.03,11,10,-9,155,0,0.0,0.0,0.0711,0.2056,-80.4,-8.191,0.0,0.0,5.36,-0.98,164.35,0.0191,0.0014,-0.0314,-0.156,0.0919,-1.05,0.1583,0.0042,0.2417,0.1048,-2.8988,-0.0408,0.4567,-0.0402,0.0,0.1276,-0.0267,0.1196,0.2822,0.5459,163.34,11.5,-20.5
401736131,20250523,2025,SEA,PHX,77,70,1.39,2.99,-6.5,1.96,1.8,156.5,1.81,1.97,11,10,7,147,1,1.0,0.0,-0.0065,0.0214,91.9,3.465,2.0,0.0,-4.25,-0.71,160.53,-0.0164,0.0009,-0.0456,-0.1365,-0.0129,1.67,-0.2533,0.3499,-0.1284,-0.1318,-4.8579,0.0642,-0.5212,-0.2511,0.0,0.0694,0.1442,-0.0892,0.0186,-0.0036,163.27,6.5,0.5
401736132,20250524,2025,IND,NY,88,90,2.48,1.54,2.5,2.1,1.7,169.5,1.72,2.12,11,10,-2,178,0,1.0,1.0,-0.1777,-0.2411,-134.7,-0.477,0.0,0.0,5.96,5.17,163.84,-0.0107,0.0463,0.0047,-0.0545,-0.0258,-2.31,-0.0039,-0.3209,-0.0698,-0.1153,1.0393,-0.1136,-1.613,-0.0002,1.0,-0.1938,-0.2284,0.1314,0.2731,0.0847,162.96,-2.5,0.5
401736133,20250524,2025,ATL,DAL,83,75,1.31,3.44,-6.5,1.81,1.95,168.5,1.8,1.96,11,10,8,158,1,1.0,0.0,0.0163,0.012,25.0,5.731,-1.0,0.0,-1.86,-2.5,162.42,-0.0149,-0.0185,0.076,0.1094,-0.0486,0.79,-0.2914,0.4345,-0.0852,0.2023,-0.556,-0.0533,1.2293,-0.0246,1.0,0.0197,0.0468,-0.062,0.0888,-0.0057,162.64,6.5,1.5
401736134,20250525,2025,ATL,CON,79,55,1.29,3.62,-10.5,2.3,1.58,157.5,1.85,1.94,11,10,24,134,1,1.0,0.0,0.2572,0.2567,-91.0,1.336,-1.0,1.0,9.27,0.8,158.36,-0.0297,-0.0089,0.0543,0.0801,0.0244,0.79,-0.3536,0.7267,0.1624,0.2966,-2.0302,-0.1235,1.3578,-0.1554,1.0,0.0694,0.3912,-0.0134,0.1986,0.5184,162.69,10.5,13.5
401736135,20250525,2025,LA,CHI,91,78,1.53,2.5,-5.5,2.04,1.74,159.5,1.61,2.18,11,10,13,169,1,1.0,1.0,-0.0572,0.0172,-25.1,0.067,-1.0,0.0,7.13,0.45,163.34,0.0042,-0.0184,0.0747,0.0397,-0.0027,-0.92,-0.2086,0.3518,0.1336,0.2977,-1.3494,0.1207,-1.6101,0.1453,0.0,-0.0144,0.0099,-0.2625,-0.0716,-0.1858,162.61,5.5,7.5
401736136,20250525,2025,PHX,WSH,68,62,1.42,2.85,-5.5,1.89,1.87,159.5,1.67,2.14,11,10,6,130,1,1.0,0.0,0.0697,0.1161,-17.4,-4.156,0.0,0.0,3.32,-1.26,162.56,-0.0066,0.019,-0.0483,0.0562,-0.0169,1.96,0.1017,0.0034,0.0964,0.1175,-0.2966,-0.0689,1.0282,-0.1059,3.0,0.159,0.3441,-0.027,-0.0506,0.2735,162.59,5.5,0.5
401736137,20250525,2025,SEA,LV,102,82,2.81,1.43,3.5,2.16,1.66,158.5,1.9,1.88,11,10,20,184,1,1.0,1.0,-0.0162,-0.0292,-101.4,3.13,0.0,0.0,-7.53,-0.93,160.98,0.0357,-0.0124,-0.0425,-0.1386,-0.0196,0.86,-0.157,0.2204,-0.0406,-0.1092,-0.3835,-0.0402,-0.4904,-0.1718,0.0,0.097,0.1049,-0.1237,-0.1784,-0.179,162.37,-3.5,23.5
401736138,20250527,2025,CON,DAL,87,109,2.59,1.5,4.5,1.88,1.9,160.5,1.68,2.09,12,11,-22,196,0,0.0,1.0,-0.241,-0.2518,108.7,4.431,-1.0,0.0,-15.38,-4.16,161.18,0.0182,-0.0301,0.0331,0.0149,-0.0506,-0.64,-0.2155,-0.0965,-0.2856,-0.0776,1.1361,0.0485,0.5377,-0.0113,2.0,-0.1377,-0.2163,-0.0697,-0.1756,-0.5873,162.35,-4.5,-17.5
401736139,20250527,2025,NY,GS,95,67,1.05,10.52,-18.5,1.97,1.8,162.5,1.87,1.91,12,11,28,162,1,1.0,0.0,0.4637,0.4755,173.3,-3.909,-1.0,0.0,11.56,-2.32,162.31,-0.0063,-0.0286,-0.0325,-0.1046,0.1047,0.99,0.0657,0.6295,0.3364,0.3405,-2.4292,-0.0396,2.6844,0.0521,1.0,0.2249,0.2257,0.0986,0.2743,0.7919,162.32,18.5,9.5
401736140,20250527,2025,MIN,SEA,82,77,1.3,3.48,-7.5,1.94,1.83,155.5,1.85,1.92,12,11,5,159,1,0.0,1.0,0.1172,0.1056,57.6,-1.28,2.0,0.0,1.29,1.1,160.53,0.0187,0.0288,0.0643,0.0855,-0.0246,-1.21,0.3806,-0.3309,0.0574,0.0664,1.3777,-0.0041,-0.7757,0.1568,0.0,-0.1134,-0.1582,0.1851,-0.0124,0.0436,162.19,7.5,-2.5
401736141,20250527,2025,LA,ATL,82,88,1.74,2.09,-2.5,1.95,1.82,160.5,1.87,1.92,12,11,-6,170,0,0.0,1.0,-0.1026,-0.0605,-67.5,-4.747,0.0,0.0,-5.33,1.39,160.89,0.0199,-0.0252,0.0335,-0.0268,0.0292,0.55,-0.0825,-0.0016,0.0803,-0.1327,0.2087,0.0215,-1.883,0.2001,0.0,0.0537,-0.1192,-0.0843,0.0221,-0.0698,162.27,2.5,-8.5
401736142,20250527,2025,PHX,CHI,94,89,1.3,3.51,-7.5,1.91,1.88,155.5,1.68,2.12,12,11,5,183,1,0.0,1.0,0.152,0.109,31.5,1.953,0.0,0.0,19.32,-0.99,161.51,-0.0006,-0.0508,0.0546,0.0778,0.0197,1.35,-0.1983,0.447,0.1057,0.5625,2.1933,0.0458,-0.2777,-0.0222,1.0,0.0772,0.2155,-0.2675,-0.083,-0.0404,162.23,7.5,-2.5
401736143,20250528,2025,WSH,IND,83,77,2.45,1.55,2.5,2.08,1.71,159.5,1.56,2.35,12,11,6,160,1,1.0,1.0,-0.1352,-0.1142,-78.7,2.56,-1.0,0.0,-8.43,-3.16,167.14,0.0456,-0.0524,0.0912,0.0347,-0.0005,-2.06,-0.1512,0.1051,-0.1418,-0.3101,2.4682,0.098,-0.423,0.0304,0.0,-0.1291,-0.2843,0.064,-0.1409,-0.4176,162.44,-2.5,8.5
401736144,20250529,2025,NY,GS,82,77,1.07,8.29,-18.5,2.36,1.56,162.5,1.73,2.07,12,11,5,159,1,0.0,0.0,0.5691,0.5659,186.4,-1.658,0.0,0.0,25.09,-2.36,162.72,-0.0206,-0.0256,-0.0383,-0.0905,0.0879,1.45,0.5176,-0.0052,0.4656,0.816,-1.245,-0.0594,2.1111,0.0185,2.0,0.4155,0.4886,-0.1943,0.2421,0.8368,162.45,18.5,-13.5
401736145,20250529,2025,CHI,DAL,97,92,1.92,1.88,1.5,1.79,1.96,169.5,1.63,2.25,12,11,5,189,1,1.0,1.0,-0.1223,-0.0912,-33.5,2.148,0.0,0.0,-15.05,-0.35,164.25,0.0332,-0.0149,-0.0282,0.0525,-0.0543,-0.02,-0.3471,0.3583,-0.1809,-0.2287,0.3535,-0.0851,1.4117,-0.0931,3.0,-0.0247,-0.1376,0.0714,-0.2189,-0.3947,162.4,-1.5,6.5
401736146,20250530,2025,IND,CON,83,85,1.13,5.67,-12.5,2.02,1.75,156.5,1.68,2.07,12,11,-2,168,0,0.0,1.0,0.3571,0.3157,15.5,2.616,-1.0,0.0,21.6,5.72,164.97,-0.0117,0.012,-0.0365,0.01,0.0182,1.58,-0.1105,0.6138,0.2234,0.6966,-0.5108,-0.0947,0.9683,0.0698,0.0,0.2538,0.1377,0.1169,0.0661,0.4823,162.63,12.5,-14.5
401736147,20250530,2025,WSH,NY,63,85,3.97,1.24,7.5,1.98,1.78,162.5,1.86,1.91,12,11,-22,148,0,0.0,0.0,-0.406,-0.4031,-222.1,3.181,1.0,-1.0,-14.47,2.39,162.8,0.0455,0.0329,0.0275,-0.1214,-0.0138,-4.79,-0.0451,-0.5887,-0.3308,-0.4681,4.4655,0.0167,-1.9856,-0.0798,0.0,-0.357,-0.5452,0.1282,-0.0229,-0.625,162.89,-7.5,-14.5
401736148,20250530,2025,LV,LA,96,81,1.18,4.84,-10.5,1.91,1.85,164.5,1.72,2.1,12,11,15,177,1,1.0,1.0,0.1898,0.1488,222.8,-0.002,2.0,0.0,1.55,0.22,162.26,-0.0544,-0.0496,-0.03,0.029,-0.017,0.75,-0.0287,0.2369,-0.0075,-0.0457,-2.4316,0.0351,2.2546,-0.1255,0.0,0.0377,0.2694,-0.0558,0.2005,0.3312,162.75,10.5,4.5
401736149,20250530,2025,PHX,MIN,71,74,2.7,1.46,3.5,2.07,1.7,156.5,1.85,1.95,12,11,-3,145,0,1.0,0.0,-0.1143,-0.1467,-168.0,-2.359,0.0,0.0,-3.01,0.97,161.5,0.0112,-0.0214,-0.0148,0.0963,0.0208,1.37,-0.3043,0.2004,-0.0454,-0.0561,3.5012,-0.0872,0.9916,0.0367,0.0,0.361,0.0772,0.0642,0.193,0.354,162.87,-3.5,0.5
401736150,20250530,2025,SEA,ATL,87,94,1.48,2.63,-5.5,1.98,1.79,156.5,1.9,1.9,12,11,-7,181,0,0.0,1.0,0.071,0.1066,68.3,0.003,0.0,0.0,-5.13,-1.14,159.8,-0.0063,-0.0468,-0.0516,-0.1598,0.0159,0.11,-0.1565,0.2905,0.0597,-0.1095,-1.3829,-0.0196,-1.6774,-0.0762,1.0,0.0706,0.2668,-0.1491,0.0066,0.1338,162.93,5.5,-12.5
401736151,20250531,2025,DAL,CHI,83,94,1.69,2.17,-3.5,2.05,1.73,171.5,1.85,1.92,12,11,-11,177,0,0.0,1.0,0.1274,0.0754,21.7,-2.105,0.0,0.0,12.55,-0.72,165.04,-0.0297,-0.004,0.0139,-0.0407,0.0588,0.52,0.2249,-0.2204,0.1721,0.1908,0.6637,0.0866,0.2648,0.0069,0.0,0.1167,0.0642,0.0174,0.164,0.3609,162.91,3.5,-14.5
401736152,20250601,2025,NY,CON,100,52,1.04,11.43,-18.5,1.9,1.88,162.5,1.78,2.01,12,11,48,152,1,1.0,0.0,0.6313,0.6084,178.2,3.871,0.0,0.0,30.54,1.07,159.23,-0.0288,-0.0317,0.0126,0.1394,0.0046,3.42,0.3017,0.457,0.3949,1.0214,-3.7689,-0.0399,2.5261,0.1213,1.0,0.3596,0.3715,0.1028,-0.0006,0.6664,163.09,18.5,29.5
401736153,20250601,2025,LA,PHX,80,85,1.53,2.5,-2.5,1.7,2.1,160.5,1.58,2.22,12,11,-5,165,0,0.0,1.0,-0.1793,0.0054,-48.5,-1.866,0.0,0.0,-5.28,-0.21,162.26,0.0055,0.0152,0.0566,-0.0399,0.0333,-2.36,0.2232,-0.3641,0.1342,-0.2299,-3.1094,0.0175,-2.0539,0.0737,0.0,-0.1497,-0.2604,0.0703,-0.0029,-0.1047,163.02,2.5,-7.5
401736154,20250601,2025,SEA,LV,70,75,2.3,1.61,1.5,2.12,1.69,159.5,1.8,1.99,12,11,-5,145,0,0.0,0.0,0.0215,0.0477,-84.9,4.837,0.0,0.0,1.61,-1.56,161.76,0.0366,0.0199,-0.0482,-0.1374,-0.0291,-2.52,-0.0638,0.1712,0.0422,-0.037,1.3115,-0.0566,-2.035,-0.06,0.0,0.0278,-0.0758,-0.0373,-0.1568,-0.189,163.04,-1.5,-3.5
401736155,20250601,2025,GS,MIN,75,86,6.94,1.09,9.5,2.35,1.55,157.5,1.83,1.95,12,11,-11,161,0,0.0,1.0,-0.4252,-0.5026,-131.8,1.61,1.0,0.0,-13.94,0.8,161.83,0.0133,0.0053,0.0103,0.1414,-0.0369,-0.3,-0.4694,-0.013,-0.3458,-0.5962,2.5654,-0.0226,-1.2163,-0.0101,1.0,-0.258,-0.312,0.1199,-0.2161,-0.6293,162.98,-9.5,-1.5
401736156,20250603,2025,IND,WSH,85,76,1.45,2.73,-5.5,1.95,1.81,160.5,1.8,1.95,12,11,9,161,1,1.0,1.0,0.2015,0.1655,67.3,-3.657,0.0,0.0,4.62,1.62,167.23,-0.026,0.0236,-0.0345,0.0176,0.0064,1.97,-0.2608,0.577,0.2316,0.2346,-0.8097,-0.083,0.7254,0.0673,0.0,0.2341,0.3001,-0.1098,0.0984,0.4126,162.98,5.5,3.5
401736157,20250603,2025,MIN,PHX,88,65,1.11,6.53,-12.5,1.88,1.9,156.5,1.72,2.12,12,11,23,153,1,1.0,0.0,0.1684,0.2113,177.4,1.668,0.0,0.0,4.55,-0.97,160.82,-0.0072,0.0221,0.0111,-0.0726,0.004,-0.72,0.201,0.0206,0.0756,0.043,-3.7877,0.0431,-0.1592,-0.0243,1.0,-0.0983,-0.0523,0.029,-0.0601,-0.0405,163.15,12.5,10.5
401736158,20250603,2025,SEA,DAL,83,77,1.18,4.76,-10.5,1.9,1.86,164.5,1.78,1.99,12,11,6,160,1,0.0,0.0,0.0531,0.1916,110.9,6.894,-1.0,0.0,2.43,-1.96,162.42,0.0127,-0.08,-0.054,-0.0164,-0.019,-2.23,-0.2836,0.6157,-0.0132,0.2294,-3.5985,-0.0091,-1.7254,-0.0529,0.0,0.0351,0.0278,-0.1461,-0.2767,-0.327,163.03,10.5,-4.5
401736159,20250605,2025,WSH,NY,78,86,6.74,1.1,11.5,2.02,1.75,159.5,1.84,1.96,12,11,-8,164,0,1.0,1.0,-0.5355,-0.5712,-256.0,0.325,-2.0,0.0,-30.25,1.58,160.98,0.0295,0.051,0.0218,-0.2195,-0.0842,-5.06,-0.0007,-0.8474,-0.5253,-0.8398,3.6771,0.0024,-1.9205,0.0892,0.0,-0.4636,-0.6113,0.103,0.0229,-0.7468,163.09,-11.5,3.5
401736160,20250605,2025,PHX,GS,86,77,1.38,2.99,-7.5,2.09,1.69,156.5,1.85,1.95,12,11,9,163,1,1.0,1.0,0.0825,0.1935,-33.1,-2.904,-2.0,0.0,4.14,-0.23,161.47,-0.0136,-0.0368,-0.0555,-0.0682,0.0245,1.54,0.2025,-0.0629,0.1445,0.2134,-0.0837,-0.0316,1.0554,0.0033,0.0,0.2859,0.2556,-0.0628,0.1909,0.4854,162.69,7.5,1.5
401736161,20250606,2025,CON,ATL,84,76,4.64,1.19,9.5,2.02,1.75,157.5,1.77,2.02,12,11,8,160,1,1.0,1.0,-0.4958,-0.4875,7.9,-4.497,0.0,0.0,-29.27,-2.69,159.38,0.0429,-0.0286,-0.0038,-0.0954,-0.0168,-1.42,-0.1952,-0.3986,-0.3981,-0.8218,3.4237,0.0313,-2.9866,-0.0255,2.0,-0.242,-0.3136,-0.1724,-0.123,-0.7312,162.69,-9.5,17.5
401736162,20250606,2025,DAL,LA,79,93,2.23,1.65,2.5,1.91,1.87,170.5,1.64,2.16,12,11,-14,172,0,0.0,1.0,0.144,0.0953,30.7,-3.679,-2.0,0.0,2.6,1.93,163.97,-0.0177,0.0814,-0.047,-0.1273,-0.0047,1.68,0.342,-0.3711,0.0862,-0.0558,1.1971,0.0162,2.6045,-0.0166,0.0,0.1494,0.243,0.2161,0.1738,0.5984,162.73,-2.5,-11.5
401736163,20250607,2025,GS,LV,95,68,6.28,1.11,10.5,2.14,1.67,159.5,1.79,1.98,11,10,27,163,1,1.0,1.0,-0.3445,-0.3463,-160.8,4.392,-3.0,0.0,-14.25,-0.31,162.39,0.0592,0.0517,0.0407,0.0958,-0.0823,-2.46,0.0158,-0.4421,-0.241,-0.4547,3.5801,-0.0494,-2.3932,0.0602,1.0,-0.3057,-0.465,0.144,-0.3084,-0.7361,162.91,-10.5,37.5
401736164,20250607,2025,CHI,IND,52,79,2.25,1.64,2.5,1.94,1.85,164.5,1.74,2.05,11,10,-27,131,0,0.0,0.0,-0.0506,-0.1215,-92.8,-2.17,1.0,0.0,-4.54,0.86,167.64,0.0257,0.1078,-0.0551,0.0106,-0.0359,0.91,-0.1713,0.102,-0.0558,-0.3748,-1.4313,0.0177,0.6743,0.0765,0.0,-0.149,-0.2322,0.3239,-0.0207,-0.052,162.77,-2.5,-24.5
401736165,20250607,2025,PHX,SEA,77,89,2.88,1.41,5.5,1.85,1.92,153.5,1.77,1.99,11,10,-12,166,0,0.0,1.0,-0.2116,-0.1633,-82.3,-4.189,-2.0,0.0,-2.9,-0.59,161.47,-0.0039,0.036,0.016,0.1531,-0.035,1.4,0.1684,-0.4704,-0.0935,-0.0356,1.9427,0.0008,0.0035,0.0205,0.0,0.0162,-0.1434,0.0987,0.0283,-0.0525,162.55,-5.5,-6.5
401736166,20250608,2025,WSH,CON,104,67,1.28,3.63,-7.5,1.82,1.93,157.5,2.01,1.79,11,10,37,171,1,1.0,1.0,0.2083,0.267,-69.6,4.557,1.0,0.0,7.79,1.72,158.88,0.0039,0.0237,0.0757,-0.0621,0.0021,-1.99,0.1919,0.1003,0.1176,0.1407,1.3858,-0.0562,0.7393,0.0662,0.0,-0.0151,-0.1421,0.2629,0.0227,0.1735,162.7,7.5,29.5
401736167,20250608,2025,DAL,MIN,65,81,6.08,1.12,9.5,2.28,1.55,167.5,1.91,1.85,11,10,-16,146,0,0.0,0.0,-0.3001,-0.4073,-231.1,-8.823,-3.0,0.0,-14.76,2.55,162.43,-0.0243,0.0865,-0.0194,-0.1047,-0.0367,1.55,-0.0819,-0.4195,-0.1295,-0.7889,3.4016,-0.0096,1.2653,-0.0138,0.0,-0.1008,-0.0281,0.2211,0.2161,0.2275,162.63,-9.5,-6.5
401736169,20250610,2025,ATL,IND,77,58,1.43,2.8,-5.5,1.9,1.85,160.5,1.8,1.96,11,10,19,135,1,1.0,0.0,0.0569,0.0816,-52.3,-0.301,1.0,0.0,-0.46,0.4,162.48,-0.0072,0.0399,-0.023,0.0913,-0.0472,0.04,0.0458,0.0642,0.0856,-0.2347,-3.1378,0.0864,2.0791,0.0257,1.0,-0.0817,-0.0072,0.1,0.0131,0.062,162.53,5.5,13.5
401736170,20250610,2025,NY,CHI,85,66,1.04,10.27,-18.5,2.14,1.66,163.5,1.85,1.94,11,10,19,151,1,1.0,0.0,0.4766,0.5167,294.7,5.202,2.0,0.0,28.39,-3.64,162.21,-0.0269,-0.1377,0.07,0.1597,0.093,2.34,0.3282,0.2481,0.4014,0.9309,-1.2848,0.0562,1.1055,-0.2023,0.0,0.4854,0.4993,-0.3069,-0.0787,0.4415,162.22,18.5,0.5
401736171,20250611,2025,LV,LA,89,97,1.22,4.3,-11.5,2.2,1.58,166.5,1.77,2.04,11,10,-8,186,0,0.0,1.0,0.1621,0.2034,213.5,-1.977,2.0,0.0,-2.11,-1.0,163.23,-0.032,-0.0267,-0.0198,0.0155,0.0098,1.56,0.0176,0.1969,-0.0123,-0.0169,-4.1574,0.0593,1.9269,-0.0504,0.0,0.0663,0.2387,-0.0825,0.0306,0.1596,162.09,11.5,-19.5
401736172,20250611,2025,PHX,DAL,93,80,1.35,3.2,-7.5,1.96,1.79,166.5,1.83,1.94,11,10,13,173,1,1.0,1.0,0.0349,0.0952,46.6,4.359,1.0,0.0,5.84,-1.88,161.97,0.0023,-0.0869,-0.028,0.1321,0.0025,-0.01,0.0993,-0.0356,-0.0515,0.3704,-0.8848,-0.0319,-1.333,-0.0045,0.0,0.1025,0.0132,-0.3106,-0.0865,-0.3106,162.3,7.5,5.5
401736173,20250611,2025,SEA,MIN,94,84,2.4,1.57,3.5,1.89,1.86,154.5,1.85,1.92,11,10,10,178,1,1.0,1.0,-0.1481,-0.1244,-94.0,-0.567,1.0,0.0,-11.26,1.95,158.77,0.0096,-0.0284,-0.0122,-0.1061,0.0006,-2.25,-0.0648,-0.0872,-0.0464,-0.3523,0.1959,-0.0439,-0.751,-0.0634,1.0,-0.0852,-0.0874,0.0529,-0.0237,-0.0968,162.23,-3.5,13.5
401736174,20250613,2025,ATL,CHI,88,70,1.11,6.49,-12.5,1.87,1.92,157.5,1.82,1.96,10,11,18,158,1,1.0,1.0,0.2315,0.3134,95.8,3.761,0.0,0.0,17.49,-1.89,163.11,-0.0552,-0.0543,0.035,0.0905,0.0081,0.09,0.3039,0.0207,0.2138,0.703,-0.4321,0.0722,1.6498,-0.1177,1.0,0.1367,0.4092,-0.1456,0.0736,0.4328,162.21,12.5,5.5
401736175,20250613,2025,LV,DAL,88,84,1.41,2.9,-7.5,2.14,1.65,168.5,1.77,2.0,10,11,4,172,1,0.0,1.0,0.0643,-0.1099,207.3,2.278,0.0,0.0,4.86,0.39,163.62,-0.0337,-0.1184,0.0432,0.1142,0.0317,1.59,-0.2726,0.2209,-0.2173,0.2756,-2.1974,0.0302,-0.3373,-0.0382,1.0,-0.2892,-0.259,-0.2311,-0.2746,-0.8168,162.07,7.5,-3.5
401736176,20250614,2025,MIN,LA,101,78,1.15,5.41,-11.5,1.9,1.89,162.5,1.83,1.92,10,11,23,179,1,1.0,1.0,0.3712,0.3084,224.0,2.109,0.0,0.0,8.39,-4.06,159.99,-0.0055,0.0025,-0.0971,0.0107,0.0444,2.19,-0.1721,0.6612,0.0475,0.3097,-3.6555,0.0669,2.345,0.1228,1.0,0.1361,0.3313,-0.2038,-0.1146,0.0625,162.2,11.5,11.5
401736177,20250614,2025,IND,NY,102,88,2.42,1.57,3.5,1.92,1.88,168.5,1.76,2.03,10,11,14,190,1,1.0,1.0,-0.3825,-0.4019,-180.0,-1.49,0.0,0.0,-18.85,0.34,159.35,0.0053,0.0114,-0.0105,-0.1281,-0.0317,-4.06,-0.4621,0.0963,-0.3243,-0.4663,2.6552,-0.1042,-1.5699,0.1533,0.0,-0.3668,-0.4452,0.023,-0.0357,-0.5999,162.11,-3.5,17.5
401736178,20250614,2025,GS,SEA,76,70,4.64,1.19,9.5,1.94,1.85,153.5,1.79,2.0,10,11,6,146,1,1.0,0.0,-0.3696,-0.3966,-55.6,1.711,2.0,0.0,-0.91,1.63,161.74,0.0127,0.0617,0.061,0.1912,-0.1095,0.94,-0.2636,-0.1986,-0.283,-0.3006,3.6511,0.0789,-0.8,-0.1259,0.0,-0.1718,-0.3351,0.2879,-0.1018,-0.3458,162.43,-9.5,15.5
401736182,20250617,2025,IND,CON,88,71,1.04,10.39,-17.5,1.89,1.9,164.5,1.78,2.0,10,11,17,159,1,0.0,0.0,0.4701,0.4847,57.2,4.373,-2.0,0.0,25.81,1.8,159.37,-0.0314,-0.0114,0.0436,0.04,0.0669,0.75,0.1079,0.5651,0.4621,0.859,-0.5943,-0.1388,1.3769,0.0355,1.0,0.2185,0.2242,0.0772,0.1414,0.6888,162.23,17.5,-0.5
401736183,20250617,2025,NY,ATL,86,81,1.26,3.8,-8.5,1.94,1.85,162.5,1.9,1.9,10,11,5,167,1,0.0,1.0,0.2545,0.2073,181.5,-0.393,-1.0,0.0,5.21,0.76,160.94,-0.0021,-0.0889,0.06,0.0469,0.0332,3.84,-0.0508,0.3431,0.1019,0.1558,-0.4203,0.0473,-0.4059,-0.2971,0.0,0.4403,0.354,-0.0861,0.0437,0.4482,162.39,8.5,-3.5
401736184,20250617,2025,CHI,WSH,72,79,2.61,1.5,2.5,2.19,1.67,155.5,1.91,1.89,10,11,-7,151,0,0.0,0.0,-0.1283,-0.1115,-64.3,-5.708,-1.0,0.0,-13.69,1.19,162.48,0.0145,0.044,-0.1461,0.0527,-0.0072,2.51,-0.2463,0.2078,-0.0558,-0.5166,-3.3432,-0.0654,0.892,0.0517,0.0,0.0206,0.1698,0.1516,-0.0378,0.1402,162.33,-2.5,-4.5
401736185,20250617,2025,DAL,GS,80,71,1.6,2.35,-3.5,1.92,1.87,162.5,1.74,2.05,10,11,9,151,1,1.0,0.0,0.052,0.0072,-123.1,-9.392,1.0,0.0,-15.65,0.4,162.82,-0.0205,0.0342,-0.0407,-0.1454,0.0654,-0.07,-0.0184,0.0676,0.0823,-0.5332,-1.0975,-0.0084,1.3244,0.155,0.0,0.1009,0.2558,-0.0418,0.3527,0.5779,162.26,3.5,5.5
401736186,20250617,2025,MIN,LV,76,62,1.1,6.8,-13.5,1.94,1.87,161.5,1.91,1.83,10,11,14,138,1,1.0,0.0,0.3043,0.5221,37.9,5.548,-1.0,0.0,15.27,-4.05,159.63,0.0111,0.0084,-0.1188,-0.0186,0.0674,1.11,0.3804,0.1122,0.3531,0.494,1.5556,-0.038,1.4686,0.2136,0.0,0.4016,0.387,0.1044,0.1308,0.8092,162.33,13.5,0.5
401736187,20250617,2025,LA,SEA,67,98,4.11,1.23,6.5,2.17,1.65,154.5,1.82,1.96,10,11,-31,165,0,0.0,1.0,-0.3029,-0.254,-148.6,-2.493,0.0,0.0,-7.12,1.57,162.26,0.0155,0.0435,0.1318,0.0577,-0.0076,-1.74,0.1459,-0.5998,-0.0184,-0.4198,3.4352,-0.0026,-1.8229,-0.0301,1.0,-0.0727,-0.5094,0.4069,-0.003,-0.0886,162.06,-6.5,-24.5
401736188,20250618,2025,CON,PHX,75,83,8.42,1.07,12.5,2.11,1.69,154.5,1.67,2.06,10,11,-8,158,0,1.0,1.0,-0.5082,-0.6066,24.4,-1.801,-4.0,1.0,-17.95,-1.53,158.49,0.0269,-0.0079,0.0357,-0.1058,-0.0715,-2.05,-0.7501,0.3037,-0.4718,-0.7331,2.5033,0.0705,-1.1308,-0.0477,0.0,-0.3848,-0.4465,-0.0987,-0.1401,-0.913,162.18,-12.5,4.5
401736189,20250619,2025,NY,PHX,81,89,1.14,5.56,-11.5,1.9,1.9,161.5,1.74,2.06,10,11,-8,170,0,0.0,1.0,0.3514,0.33,230.7,2.543,1.0,-1.0,10.66,2.01,160.24,-0.004,-0.0355,0.0843,0.041,0.0086,1.85,0.0908,0.3256,0.2222,0.3851,-1.6456,0.0134,0.5838,-0.3003,1.0,0.2447,0.2413,-0.0092,0.1355,0.5018,162.12,11.5,-19.5
401736190,20250619,2025,GS,IND,88,77,5.34,1.16,11.5,1.86,1.95,161.5,1.7,2.07,10,11,11,165,1,1.0,1.0,-0.2098,-0.1969,-48.4,0.507,0.0,0.0,-5.65,1.11,161.13,0.0232,0.0221,0.0304,0.0378,-0.0971,2.21,-0.1896,-0.0139,-0.2982,-0.2537,-1.1279,0.073,0.4527,-0.2177,0.0,-0.1109,-0.0827,0.0779,-0.1727,-0.3757,161.9,-11.5,22.5
401736191,20250620,2025,ATL,WSH,92,91,1.22,4.26,-9.5,1.9,1.89,156.5,1.86,1.93,10,11,1,183,1,0.0,1.0,0.2236,0.2552,35.0,-1.049,0.0,0.0,3.06,-1.07,159.74,-0.0407,-0.0306,-0.127,0.1652,0.0042,2.2,-0.0266,0.4243,0.277,0.1902,-2.2665,0.0645,2.8715,0.0067,1.0,0.173,0.3924,-0.0995,0.0418,0.4073,162.07,9.5,-8.5
401736192,20250620,2025,CON,DAL,83,86,2.57,1.5,4.5,1.9,1.89,164.5,1.89,1.88,10,11,-3,169,0,1.0,1.0,-0.3148,-0.305,65.7,3.18,-1.0,0.0,-12.93,-2.89,160.21,0.0202,-0.098,-0.0003,0.0434,-0.0366,-2.57,-0.3363,0.0839,-0.2494,-0.3729,2.0627,0.0069,-1.8261,-0.0042,0.0,-0.2636,-0.2971,-0.2162,-0.2846,-0.8667,162.05,-4.5,1.5
401736193,20250620,2025,LV,SEA,83,90,1.68,2.18,-2.5,1.86,1.92,160.5,1.91,1.9,10,11,-7,173,0,0.0,1.0,-0.2321,-0.3093,21.1,-4.892,0.0,0.0,-19.45,-0.2,162.14,-0.0033,0.0346,0.0962,0.0906,-0.041,-0.93,-0.4395,0.2551,-0.2799,-0.6101,0.1526,0.074,-0.1354,-0.228,2.0,-0.2888,-0.365,0.0871,0.1503,-0.3077,162.04,2.5,-9.5
401736194,20250621,2025,CHI,PHX,86,107,4.98,1.17,10.5,1.94,1.88,160.5,1.9,1.9,9,11,-21,193,0,0.0,1.0,-0.3024,-0.3235,-84.2,-1.508,2.0,0.0,-18.06,2.04,161.04,0.0601,0.0618,-0.027,-0.1333,-0.0275,-1.29,-0.5304,0.3357,-0.3137,-0.6647,-1.1629,-0.1211,0.0066,-0.0416,2.0,-0.1583,-0.3123,0.1143,-0.0871,-0.442,162.15,-10.5,-10.5
401736195,20250621,2025,MIN,LA,82,66,1.26,3.88,-10.5,2.22,1.65,161.5,1.79,1.98,10,11,16,148,1,1.0,0.0,0.47,0.281,257.6,3.466,0.0,0.0,23.25,-4.0,159.49,-0.0449,-0.0214,-0.1375,0.0326,0.0078,3.94,-0.0341,0.4464,0.0639,0.7351,-1.8137,0.0271,3.2877,0.0505,0.0,0.0987,0.4911,-0.2707,-0.2229,0.0089,162.45,10.5,5.5
401736196,20250622,2025,ATL,CHI,93,80,1.06,9.35,-16.5,1.92,1.89,159.5,1.9,1.88,10,11,13,173,1,0.0,1.0,0.3805,0.4704,135.8,4.737,1.0,-1.0,22.74,-2.09,160.34,-0.0717,-0.0611,-0.0014,0.1077,0.0292,-0.77,0.6106,-0.2037,0.4453,0.8596,-0.5136,0.0981,2.0324,-0.1734,0.0,0.1582,0.3499,-0.0667,0.1291,0.6034,162.07,16.5,-3.5
401736198,20250622,2025,LV,IND,89,81,1.91,1.89,1.5,1.8,1.98,171.5,1.89,1.89,9,11,8,170,1,1.0,0.0,-0.018,0.0433,41.6,-4.924,-1.0,0.0,-14.51,0.23,160.36,-0.0036,-0.0133,0.0565,0.0017,0.0268,3.04,-0.3258,0.4784,-0.1147,-0.415,-4.5151,0.0401,1.5094,-0.1655,1.0,0.0962,0.1535,-0.0151,0.0111,0.0665,162.32,-1.5,9.5
401736199,20250622,2025,SEA,NY,89,79,1.55,2.45,-3.5,1.85,1.96,160.5,1.86,1.91,10,11,10,168,1,1.0,1.0,-0.1029,-0.0303,-100.2,-0.242,-1.0,0.0,10.0,-1.32,162.08,-0.0079,-0.0022,-0.1279,-0.1253,0.0748,-0.74,-0.4184,0.6318,0.0462,0.1752,-1.1306,-0.0407,0.3084,0.3126,0.0,-0.2733,-0.0936,-0.0805,0.0962,-0.1452,162.48,3.5,6.5
401736200,20250622,2025,GS,CON,87,63,1.2,4.59,-10.5,1.98,1.8,153.5,1.89,1.91,10,11,24,150,1,1.0,0.0,0.3253,0.3353,52.9,5.614,1.0,0.0,18.8,2.56,159.27,-0.0052,0.0139,0.0366,0.0823,-0.0096,0.82,0.1791,0.197,0.1911,0.6064,-2.0984,-0.0338,0.1155,-0.1299,0.0,0.053,0.0572,0.1627,0.0855,0.3534,162.67,10.5,13.5
401736201,20250624,2025,WSH,MIN,68,64,3.79,1.27,5.5,2.22,1.6,156.5,1.91,1.86,10,11,4,132,1,1.0,0.0,-0.2993,-0.3024,-175.1,-0.463,-1.0,0.0,-5.11,3.15,158.62,0.0275,0.0647,0.1987,-0.1433,-0.0475,-3.77,-0.2288,-0.1134,-0.1251,-0.5766,3.9289,-0.0505,-2.7184,-0.1537,0.0,-0.1706,-0.5762,0.3558,0.0493,-0.2098,162.36,-5.5,9.5
401736202,20250624,2025,CHI,LA,97,86,2.78,1.44,3.5,2.08,1.73,164.5,1.72,1.97,10,11,11,183,1,1.0,1.0,-0.0004,-0.0435,-15.5,-1.077,-1.0,0.0,-0.3,-1.04,161.32,0.0077,0.0189,-0.0701,-0.0795,-0.051,2.17,-0.3387,0.4108,-0.0986,-0.2645,0.5744,-0.0008,1.3102,0.0163,1.0,0.0309,0.1024,0.0884,-0.0887,0.0104,162.23,-3.5,14.5
401736203,20250624,2025,DAL,ATL,68,55,4.01,1.24,6.5,2.17,1.65,166.5,1.7,2.11,10,11,13,123,1,1.0,0.0,-0.3818,-0.4007,-111.2,-5.925,0.0,0.0,-9.74,3.47,161.92,0.0346,0.1104,0.0244,-0.1289,-0.0563,0.53,-0.3321,-0.0836,-0.2606,-0.4715,3.7119,0.0196,-1.0597,-0.003,0.0,-0.1568,-0.0142,-0.001,0.1033,-0.0929,162.37,-6.5,19.5
401736204,20250624,2025,SEA,IND,86,94,1.59,2.35,-3.5,1.88,1.9,165.5,1.7,2.11,10,11,-8,180,0,0.0,1.0,0.2578,0.3184,56.8,0.523,0.0,0.0,12.21,1.89,161.6,-0.0246,-0.0272,-0.0364,-0.0623,0.0433,4.29,-0.211,0.5617,0.1209,0.4453,-3.8876,-0.0271,1.7784,0.0514,2.0,0.2785,0.5345,-0.1444,0.0785,0.4766,162.21,3.5,-11.5
401736205,20250625,2025,GS,NY,78,81,4.44,1.21,7.5,2.16,1.65,160.5,1.7,2.13,10,11,-3,159,0,1.0,0.0,-0.4766,-0.4365,-148.1,2.667,0.0,0.0,11.51,-1.01,162.76,-0.0113,0.0666,0.0118,-0.0279,-0.0517,-1.51,-0.5912,0.2539,-0.28,0.0505,1.5875,-0.0468,-0.549,0.1307,1.0,-0.4541,-0.3318,0.2567,-0.1349,-0.4941,162.27,-7.5,4.5
401736206,20250625,2025,LV,CON,85,59,1.03,12.96,-18.5,1.83,1.94,159.5,1.86,1.94,10,11,26,144,1,1.0,0.0,0.4679,0.5082,139.5,0.338,0.0,0.0,14.13,2.84,159.38,-0.0088,-0.0209,0.0087,0.0482,0.0772,0.21,-0.097,0.8287,0.2752,0.5168,-5.9695,0.0168,-0.3036,-0.1124,1.0,0.1761,0.135,-0.0295,0.2293,0.502,162.22,18.5,7.5
401736207,20250626,2025,IND,LA,75,85,1.4,2.96,-10.5,1.96,1.77,167.5,1.84,1.92,10,11,-10,160,0,0.0,0.0,0.2438,0.2681,169.4,3.85,0.0,0.0,18.44,-2.61,160.82,-0.0237,0.0167,-0.0924,0.0157,0.0152,-0.6,-0.0158,0.3143,0.2486,0.6427,0.8897,0.0428,-0.6344,0.1106,2.0,0.0804,0.1769,0.0065,-0.0799,0.2341,162.24,10.5,-20.5
401736208,20250626,2025,LV,WSH,83,94,1.23,4.21,-8.5,1.87,1.92,158.5,1.8,1.96,10,11,-11,177,0,0.0,1.0,0.0743,0.0859,114.0,-3.59,-1.0,1.0,-3.74,0.66,162.1,-0.0198,-0.08,-0.0872,0.1436,0.0417,1.07,-0.2898,0.6054,-0.0375,-0.0841,-5.4346,0.0922,1.9038,-0.0173,0.0,0.1189,0.3098,-0.2974,0.1067,0.1586,162.29,8.5,-19.5
401736210,20250627,2025,DAL,IND,86,94,2.06,1.76,1.5,1.9,1.88,166.5,1.89,1.89,10,11,-8,180,0,0.0,1.0,-0.1365,-0.1571,-115.3,-3.459,2.0,-1.0,5.57,2.05,159.29,-0.005,0.0655,0.0448,-0.1184,-0.0581,1.45,0.098,-0.303,-0.1449,0.0468,0.424,0.0293,2.0882,-0.0487,0.0,-0.1851,0.1037,0.1468,0.2151,0.2493,162.64,-1.5,-6.5
401736211,20250627,2025,GS,CHI,83,78,1.23,4.08,-8.5,1.87,1.91,156.5,1.78,2.0,10,11,5,161,1,0.0,1.0,0.0763,0.2081,139.6,8.623,-1.0,0.0,14.53,-1.13,161.51,-0.0362,-0.0088,0.0024,0.1362,-0.018,-0.92,0.2261,0.045,0.1671,0.644,0.3302,0.0348,-0.1491,-0.1235,0.0,0.0192,0.0892,0.1426,0.0342,0.3331,162.79,8.5,-3.5
401736212,20250627,2025,PHX,NY,106,91,1.78,2.04,-1.5,1.88,1.9,167.5,1.83,1.96,10,11,15,197,1,1.0,1.0,-0.2655,-0.1833,-182.5,-3.072,3.0,0.0,13.26,-0.24,161.33,-0.0009,0.0618,-0.0397,-0.0154,0.0159,-0.04,0.0007,-0.2019,-0.0155,0.2278,1.5576,-0.0473,-0.8255,0.316,2.0,-0.2591,-0.2654,0.1159,0.0003,-0.2185,162.41,1.5,13.5
401736213,20250627,2025,SEA,CON,97,81,1.03,12.2,-19.5,1.92,1.88,155.5,1.8,1.98,10,11,16,178,1,0.0,1.0,0.6924,0.762,139.9,3.369,1.0,0.0,22.55,3.25,160.94,-0.0159,-0.0218,-0.0492,0.0302,0.1063,1.85,0.1738,0.7275,0.5134,1.0942,-4.1941,-0.0671,0.1836,0.0067,2.0,0.4455,0.382,-0.073,0.1676,0.8201,162.61,19.5,-3.5
401736214,20250628,2025,DAL,WSH,79,71,3.48,1.31,2.5,2.25,1.63,159.5,1.88,1.91,10,11,8,150,1,1.0,0.0,-0.0912,-0.2251,-86.3,-4.744,-1.0,1.0,-2.82,-0.47,160.8,-0.0103,0.0338,-0.0712,0.0497,-0.0819,0.64,0.0844,-0.3381,-0.1281,-0.4305,0.8302,0.1029,1.4295,0.0639,1.0,-0.0722,0.171,0.0385,-0.2207,-0.0911,162.8,-2.5,10.5
401736215,20250629,2025,ATL,NY,90,81,1.8,2.01,-1.5,1.9,1.89,164.5,1.84,1.94,10,11,9,171,1,1.0,1.0,-0.0538,-0.0836,-161.6,1.445,0.0,0.0,3.72,-1.57,160.69,-0.0234,0.0406,-0.0082,0.0052,-0.0163,-0.67,0.2511,-0.4787,0.0064,0.1984,2.1568,-0.0439,0.9986,0.27,3.0,-0.2574,-0.1559,0.0847,0.0464,-0.1067,162.59,1.5,7.5
401736216,20250629,2025,LA,CHI,85,92,1.27,3.75,-6.5,1.7,2.08,167.5,1.91,1.9,10,11,-7,177,0,0.0,1.0,0.0007,0.0637,15.0,2.062,1.0,0.0,-6.11,0.64,162.91,0.0245,-0.0139,0.0653,0.0588,-0.0003,-1.99,-0.1402,0.3383,0.0629,0.2226,1.3916,0.0128,-0.7068,-0.0303,1.0,0.0512,-0.1906,-0.084,0.0938,0.0046,162.7,6.5,-13.5
401736217,20250629,2025,PHX,LV,81,84,1.42,2.87,-5.5,1.88,1.92,167.5,1.85,1.94,10,11,-3,165,0,0.0,0.0,0.1309,0.0984,-72.4,0.426,-1.0,0.0,12.25,-0.05,161.4,0.0036,0.0832,-0.0297,0.0645,0.0004,-0.11,0.8133,-0.9639,0.218,0.3924,1.6279,-0.0279,-1.8382,-0.0283,0.0,0.0511,-0.0009,0.1066,0.0374,0.2331,162.7,5.5,-8.5
401736218,20250629,2025,MIN,CON,102,63,1.03,12.44,-20.5,1.89,1.88,154.5,1.9,1.9,10,11,39,165,1,1.0,1.0,0.7571,0.7872,210.7,5.326,0.0,0.0,25.62,0.48,158.27,0.0051,0.0131,-0.0303,0.1071,0.0517,1.39,0.4622,0.4346,0.4868,1.0673,-3.114,-0.0236,0.9295,-0.193,3.0,0.3599,0.2104,0.1103,0.0859,0.7343,162.77,20.5,18.5
401736219,20250629,2025,GS,SEA,84,57,2.68,1.47,4.5,1.93,1.85,157.5,1.83,1.93,10,11,27,141,1,1.0,0.0,-0.3023,-0.3646,-65.1,5.348,0.0,0.0,-4.51,-1.57,162.55,-0.0048,0.0607,0.0815,0.0539,-0.0742,-3.56,0.05,-0.5359,-0.2557,-0.2509,1.1691,0.0042,-1.8903,-0.1206,0.0,-0.4691,-0.4625,0.2882,-0.1013,-0.4991,162.82,-4.5,31.5
401736430,20250701,2025,MIN,IND,59,74,1.17,4.89,-10.5,1.87,1.9,158.5,1.81,1.97,12,11,-15,133,0,0.0,0.0,0.3159,0.4053,112.7,1.398,-2.0,0.0,16.55,1.74,157.92,0.0055,-0.0251,-0.019,0.0318,0.0104,4.04,0.4658,-0.0832,0.1022,0.4908,-2.365,-0.0055,3.7474,-0.0351,1.0,0.2331,0.3167,0.1096,0.0432,0.5035,162.72,10.5,-25.5
401736220,20250703,2025,IND,LV,81,54,2.61,1.49,4.5,1.93,1.85,162.5,1.82,1.96,12,11,27,135,1,1.0,0.0,0.0244,-0.0447,-28.5,4.26,-2.0,0.0,-0.17,-2.89,157.5,0.0138,0.0959,-0.0429,-0.0157,-0.0033,-0.71,0.1553,-0.2518,0.1115,0.1094,2.6395,-0.0088,-2.0466,0.0812,1.0,-0.0075,-0.124,0.0225,-0.1106,-0.1285,162.5,-4.5,31.5
401736221,20250703,2025,NY,LA,89,79,1.17,4.93,-10.5,1.96,1.82,168.5,1.73,2.06,12,11,10,168,1,0.0,0.0,0.424,0.3638,266.5,1.894,0.0,0.0,1.54,-0.4,163.36,-0.0355,-0.0635,-0.0532,0.0281,0.0136,1.2,0.0451,0.2659,0.1469,0.1074,-3.2659,0.0769,-0.0804,-0.208,0.0,0.0937,0.419,-0.2039,-0.0221,0.2251,162.35,10.5,-0.5
401736222,20250703,2025,ATL,SEA,79,80,1.81,2.0,1.5,1.73,2.06,157.5,1.84,1.94,12,11,-1,159,0,1.0,1.0,-0.0155,-0.0067,-58.3,2.281,0.0,0.0,2.98,-1.01,162.01,-0.0078,0.0295,0.069,0.0256,-0.0554,-3.4,0.4619,-0.6025,0.1189,-0.0344,0.6432,-0.0303,-1.047,-0.0431,1.0,-0.176,-0.3763,0.1946,-0.0912,-0.1892,162.53,-1.5,0.5
401736223,20250703,2025,DAL,PHX,98,89,5.35,1.15,11.5,1.89,1.89,165.5,1.91,1.88,12,11,9,187,1,1.0,1.0,-0.3036,-0.1283,-84.3,-0.73,1.0,0.0,-6.71,-0.93,160.04,0.0103,0.0422,0.0519,-0.1609,-0.0813,-0.16,-0.398,0.3114,-0.0531,-0.2234,1.9466,0.0405,0.9224,-0.0868,0.0,0.0419,0.1122,0.0233,-0.0195,0.1096,162.63,-11.5,20.5
401736224,20250703,2025,MIN,WSH,92,75,1.13,5.87,-12.5,1.93,1.85,154.5,1.81,1.96,12,11,17,167,1,1.0,1.0,0.3857,0.4209,149.3,1.063,-3.0,0.0,5.92,-0.82,159.68,0.0155,-0.0314,-0.1328,0.1477,-0.0213,3.28,0.4145,0.0288,0.2628,0.1867,-1.3506,0.0366,3.3375,0.0244,2.0,0.5029,0.5014,-0.0864,-0.1833,0.483,162.65,12.5,4.5
401736225,20250705,2025,IND,LA,87,89,1.43,2.82,-5.5,1.96,1.81,162.5,1.8,1.97,12,11,-2,176,0,0.0,1.0,0.3194,0.2122,195.3,5.678,0.0,0.0,17.5,-4.75,158.45,-0.0295,0.0588,-0.119,-0.0202,0.0263,-1.26,-0.0307,0.3236,0.1909,0.6717,1.1203,0.0844,-1.4555,0.0644,1.0,-0.0143,0.0583,-0.0449,-0.1038,0.0105,162.97,5.5,-7.5
401736226,20250705,2025,MIN,GS,82,71,1.19,4.63,-9.5,1.85,1.92,154.5,1.78,1.98,12,11,11,153,1,1.0,0.0,0.3012,0.373,100.7,-3.245,-3.0,0.0,-4.49,-0.97,160.64,0.0058,-0.014,-0.0876,-0.0369,0.0279,3.14,0.4368,-0.0991,0.1751,0.0328,0.9269,0.0393,2.0481,-0.0713,0.0,0.3005,0.2701,-0.2096,0.0318,0.2959,162.93,9.5,1.5
401736227,20250706,2025,CON,LV,68,86,9.9,1.05,16.5,1.95,1.81,156.5,1.88,1.91,12,11,-18,154,0,0.0,0.0,-0.4339,-0.5032,-141.1,-2.564,2.0,0.0,-20.74,-1.22,159.12,0.0033,0.0139,-0.0394,-0.0713,-0.0438,3.04,-0.0218,-0.6614,-0.2741,-0.6687,2.9761,-0.0498,1.2962,0.2888,2.0,-0.1156,0.0097,-0.0396,-0.0967,-0.3407,162.89,-16.5,-1.5
401736228,20250706,2025,NY,SEA,70,79,1.44,2.77,-5.5,1.94,1.85,166.5,1.82,1.97,12,11,-9,149,0,0.0,0.0,0.061,0.1418,78.5,0.254,0.0,0.0,-1.22,0.62,163.04,0.0159,0.0066,0.0792,0.0293,-0.0287,-2.68,0.4856,-0.4669,0.1213,-0.1055,-0.6784,0.0639,-1.4881,-0.2277,2.0,0.0735,-0.1824,0.0201,-0.1053,-0.1005,162.84,5.5,-14.5
401736229,20250706,2025,MIN,CHI,80,75,1.08,7.51,-15.5,1.96,1.79,160.5,1.8,1.98,12,11,5,155,1,0.0,0.0,0.5132,0.5461,259.9,6.075,-4.0,1.0,13.93,-1.46,159.22,-0.0201,-0.0176,-0.0619,0.0637,-0.0011,-0.04,0.4433,0.236,0.2463,0.8193,-1.9438,0.0723,0.6341,-0.2788,2.0,0.2655,0.3339,-0.0572,-0.0166,0.4741,162.82,15.5,-10.5
401736230,20250707,2025,ATL,GS,90,81,1.31,3.41,-7.5,1.95,1.85,156.5,1.78,2.0,12,11,9,171,1,1.0,1.0,0.1506,0.1319,-30.7,-4.248,2.0,0.0,-6.84,0.64,158.66,0.0022,0.0063,0.0306,-0.0405,-0.0284,1.2,-0.0046,0.1578,0.0401,-0.07,-0.5917,-0.0233,0.2693,-0.0153,1.0,0.0633,0.135,-0.1522,0.1734,0.1903,162.89,7.5,1.5
401736231,20250707,2025,PHX,DAL,102,72,1.4,2.95,-7.5,2.14,1.67,163.5,1.91,1.91,12,11,30,174,1,1.0,1.0,0.2263,0.1822,64.6,-0.38,0.0,0.0,0.92,0.24,161.8,-0.0152,-0.047,-0.0587,0.1375,0.0646,1.33,-0.0086,0.2316,0.0551,0.0292,-1.3519,-0.0338,-0.6696,0.1483,0.0,-0.0885,0.1606,-0.153,-0.219,-0.2552,162.71,7.5,22.5
401736232,20250708,2025,WSH,CHI,81,79,1.34,3.28,-6.5,1.85,1.95,159.5,1.89,1.88,11,11,2,160,1,0.0,1.0,0.0988,0.003,96.5,3.928,3.0,0.0,-1.74,0.9,160.71,0.0026,0.0012,0.1317,-0.0583,-0.0193,-1.96,0.4668,-0.513,-0.1252,0.286,-0.218,-0.0248,-1.7308,-0.1262,3.0,-0.1747,-0.2472,-0.1299,-0.0191,-0.3755,162.72,6.5,-4.5
401736233,20250708,2025,NY,LV,87,78,1.55,2.45,-5.5,2.11,1.69,165.5,1.9,1.91,12,11,9,165,1,1.0,0.0,0.2777,0.286,55.4,1.383,0.0,0.0,-5.23,1.99,161.09,-0.0088,0.0089,-0.0128,0.0187,0.001,1.4,0.2866,-0.0697,0.0956,-0.0301,-2.3072,0.0015,-0.4819,-0.0807,3.0,0.2898,0.0395,-0.0075,0.0286,0.2234,162.73,5.5,3.5
401736234,20250709,2025,CON,SEA,93,83,10.0,1.05,17.5,1.85,1.94,155.5,1.9,1.87,11,11,10,176,1,1.0,1.0,-0.7202,-0.7039,-166.6,-4.208,0.0,0.0,-23.25,-1.92,160.49,0.0287,0.0051,0.0703,-0.0683,-0.0528,-2.79,-0.2598,-0.5262,-0.3656,-1.107,3.1722,0.0303,-0.298,0.2124,3.0,-0.3425,-0.4377,0.0081,-0.0889,-0.7431,162.71,-17.5,27.5
401736235,20250709,2025,IND,GS,61,80,1.3,3.5,-8.5,2.11,1.7,162.5,1.71,2.07,11,11,-19,141,0,0.0,0.0,0.1472,0.146,41.0,-2.325,2.0,0.0,7.1,-2.42,156.81,0.0026,0.0669,-0.009,-0.1003,0.0316,1.22,-0.1323,0.3357,0.2426,0.1666,2.8387,0.0156,0.2503,0.0967,2.0,0.2398,0.2733,-0.1056,0.0724,0.3837,162.62,8.5,-27.5
401736236,20250709,2025,PHX,MIN,79,71,3.37,1.32,6.5,1.98,1.82,160.5,1.91,1.91,11,11,8,150,1,1.0,0.0,-0.2049,-0.1181,-142.5,-4.528,-1.0,0.0,0.21,2.59,160.86,-0.0004,0.0316,0.0647,0.0349,0.0876,-0.64,0.1861,-0.4329,0.055,-0.0539,2.2169,-0.0386,-2.1144,0.1817,0.0,-0.0215,0.0898,-0.0818,-0.1793,-0.1516,162.47,-6.5,14.5
401736237,20250709,2025,CHI,DAL,87,76,1.78,2.05,-1.5,1.89,1.9,165.5,1.79,1.98,11,11,11,163,1,1.0,0.0,0.0373,-0.0192,-34.0,0.492,-1.0,1.0,3.78,-1.19,161.84,0.0015,-0.0594,-0.036,0.0407,0.0388,1.01,-0.5525,0.6409,-0.0348,-0.2073,-1.1849,-0.0734,0.117,0.2044,1.0,-0.0537,-0.0389,0.0003,0.0506,-0.093,162.51,1.5,9.5
401736238,20250710,2025,LA,MIN,82,91,3.58,1.29,6.5,2.03,1.75,163.5,1.78,1.99,11,11,-9,173,0,0.0,1.0,-0.5556,-0.5438,-251.2,-4.559,4.0,-1.0,-5.02,1.9,159.86,0.0279,-0.0099,0.159,-0.013,0.0396,-2.19,-0.5877,0.138,-0.2316,-0.5015,2.8775,-0.087,-1.668,0.1069,1.0,-0.2483,-0.3988,-0.0781,-0.0891,-0.6477,162.45,-6.5,-2.5
401736239,20250710,2025,WSH,LV,70,68,1.61,2.32,-3.5,1.89,1.89,157.5,1.88,1.9,11,11,2,138,1,0.0,0.0,-0.089,0.0182,-93.0,2.321,0.0,0.0,2.58,2.38,161.23,-0.0058,0.0566,0.0942,-0.1152,0.0028,-0.58,-0.0301,0.099,-0.04,0.1867,0.479,-0.1138,-2.4029,0.1388,4.0,-0.0301,-0.0847,0.1816,0.2799,0.2992,162.63,3.5,-1.5
401736240,20250711,2025,IND,ATL,99,82,1.81,2.0,-1.5,1.91,1.87,166.5,1.78,2.01,11,11,17,181,1,1.0,1.0,-0.1513,-0.1785,36.4,2.427,-2.0,0.0,3.25,-2.11,156.77,0.022,0.0225,-0.0762,-0.0616,0.0359,-1.05,0.0374,-0.2189,-0.0677,-0.1712,3.3356,0.0669,-0.6025,-0.0252,0.0,-0.0501,-0.2321,-0.1054,0.0575,-0.2082,162.37,1.5,15.5
401736241,20250711,2025,SEA,CON,79,65,1.04,11.02,-18.5,1.93,1.85,156.5,1.85,1.93,11,11,14,144,1,0.0,0.0,0.5951,0.6792,142.4,3.402,0.0,0.0,13.73,1.98,160.25,-0.0275,-0.0126,-0.0692,0.0728,0.0061,1.74,0.2999,0.4281,0.3353,0.929,-2.6479,-0.0424,-0.4995,-0.3082,0.0,0.3367,0.4737,0.0382,0.1968,0.9046,162.44,18.5,-4.5
401736242,20250712,2025,CHI,MIN,87,81,5.58,1.14,11.5,1.9,1.89,160.5,1.83,1.94,11,10,6,168,1,1.0,1.0,-0.4162,-0.4027,-250.1,-3.464,1.0,0.0,-4.41,-0.29,158.64,0.0176,0.0135,0.1117,-0.064,0.0798,-0.58,-0.8546,0.6351,-0.0153,-0.5151,4.6428,-0.0387,-0.1292,0.217,2.0,-0.0361,-0.3851,0.2338,0.0042,-0.1674,162.48,-11.5,17.5
401736243,20250712,2025,LV,GS,104,102,1.53,2.5,-3.5,1.78,2.01,154.5,1.78,2.0,11,11,2,206,1,0.0,1.0,0.0576,0.0928,25.2,-7.574,-1.0,0.0,-9.33,-0.44,159.51,0.0023,-0.0371,0.0083,-0.0742,-0.041,2.3,-0.2238,0.4358,0.0645,-0.3047,1.4979,0.0314,2.4097,0.0176,3.0,0.2302,0.2333,-0.0468,0.1303,0.3618,162.44,3.5,-1.5
401736244,20250713,2025,IND,DAL,102,83,1.19,4.67,-10.5,1.99,1.81,174.5,1.86,1.91,11,11,19,185,1,1.0,1.0,0.2427,0.2458,150.7,5.793,-2.0,0.0,14.15,-3.16,160.24,-0.0046,-0.022,-0.0544,0.0521,0.0171,-1.24,-0.061,0.435,0.1377,0.3401,-1.6489,0.0111,-1.1247,0.0908,2.0,0.0555,-0.0478,-0.1056,0.1276,0.1101,162.71,10.5,8.5
401736245,20250713,2025,NY,ATL,79,72,1.41,2.93,-5.5,1.85,1.95,164.5,1.88,1.92,11,11,7,151,1,1.0,0.0,0.1347,0.1217,139.5,-0.188,3.0,0.0,-0.4,2.22,160.91,0.0125,-0.0228,-0.0134,-0.0197,0.0217,0.77,0.1745,-0.0696,-0.0242,0.1132,-0.9515,0.0437,0.2496,-0.0666,1.0,0.1969,0.1801,-0.1042,0.0867,0.1843,162.69,5.5,1.5
401736246,20250713,2025,LA,CON,92,88,1.17,5.09,-11.5,2.01,1.77,161.5,1.72,2.09,11,11,4,180,1,0.0,1.0,0.2666,0.2353,-43.0,2.247,1.0,0.0,10.91,2.1,158.8,0.0357,0.0075,0.0373,0.0978,0.0655,-2.53,-0.2025,0.5852,0.2045,0.3237,-1.1631,-0.065,-2.0298,-0.1857,1.0,0.0794,-0.0612,-0.0541,-0.0256,0.0448,162.73,11.5,-7.5
401736247,20250713,2025,SEA,WSH,69,74,1.33,3.34,-7.5,1.95,1.85,156.5,1.91,1.9,11,11,-5,143,0,0.0,0.0,0.2801,0.3892,87.8,-1.361,-1.0,0.0,0.95,-2.11,161.03,-0.0503,-0.0477,-0.1443,0.1138,-0.0013,4.98,-0.0267,0.4623,0.3241,0.2793,-0.369,0.0312,2.1501,-0.0836,0.0,0.5543,0.8162,-0.2214,-0.0512,0.7209,162.88,7.5,-12.5
401736248,20250714,2025,CHI,MIN,78,91,5.41,1.15,10.5,1.99,1.79,160.5,1.85,1.93,11,11,-13,169,0,0.0,1.0,-0.3885,-0.3882,-230.3,-2.525,0.0,0.0,2.14,0.27,160.77,0.0349,0.0428,0.1101,-0.0782,0.0673,-1.79,-0.7592,0.5797,-0.0998,-0.3812,4.7604,-0.0276,-0.4698,0.1891,3.0,-0.1868,-0.4712,0.1471,-0.0038,-0.3756,162.75,-10.5,-2.5
401736249,20250714,2025,GS,PHX,77,78,1.73,2.1,-2.5,1.98,1.86,158.5,1.88,1.91,11,11,-1,155,0,0.0,0.0,-0.1925,-0.236,28.2,6.055,-3.0,0.0,-4.36,-1.42,161.42,0.0181,-0.0173,0.0014,0.0615,0.0099,-3.75,-0.4128,0.3038,-0.1049,0.0064,-0.1104,-0.0282,-0.8444,-0.0819,0.0,-0.1986,-0.465,0.1601,0.214,-0.1304,163.02,2.5,-3.5
401736250,20250715,2025,CON,IND,77,85,7.95,1.08,15.5,1.88,1.9,165.5,1.84,1.93,11,11,-8,162,0,1.0,0.0,-0.494,-0.494,-144.8,-5.17,0.0,0.0,-20.12,0.51,158.36,0.0214,-0.0691,0.0419,-0.0422,-0.0146,0.8,-0.2785,-0.3034,-0.2958,-0.9447,0.4279,-0.006,1.9855,0.1862,0.0,-0.1053,-0.1447,-0.1378,-0.2098,-0.6682,163.05,-15.5,7.5
401736251,20250715,2025,LA,WSH,99,80,1.79,2.03,-1.5,1.85,1.92,165.5,1.91,1.9,10,11,19,179,1,1.0,1.0,-0.0389,0.0234,-110.7,-6.528,0.0,0.0,-1.26,-0.87,161.3,0.0164,0.0054,-0.0389,0.1384,0.0627,0.6,-0.187,0.2272,0.2406,-0.2972,-0.9353,0.0234,0.6764,-0.1083,1.0,0.3515,0.3363,-0.0819,0.0381,0.4554,162.86,1.5,17.5
401736252,20250716,2025,CHI,ATL,49,86,4.38,1.21,8.5,2.08,1.71,157.5,1.78,2.0,12,11,-37,135,0,0.0,0.0,-0.2227,-0.3496,-105.2,-1.447,-1.0,0.0,1.56,0.43,159.93,0.0309,0.0162,-0.0405,-0.0857,0.0752,-1.05,-0.5717,0.2512,-0.1645,-0.0811,3.871,0.0583,-0.0407,0.0227,2.0,-0.1468,-0.2766,-0.1598,-0.1186,-0.588,163.03,-8.5,-28.5
401736253,20250716,2025,MIN,PHX,79,66,1.19,4.74,-11.5,2.09,1.7,158.5,1.91,1.86,12,11,13,145,1,1.0,0.0,0.1316,0.1273,118.5,1.523,0.0,0.0,-2.84,-0.71,160.97,-0.0087,-0.0011,-0.111,-0.0053,-0.0414,2.52,-0.1645,0.4571,0.0045,0.1435,-3.0645,0.052,1.6835,-0.2272,1.0,0.2152,0.2109,-0.0298,0.2187,0.4153,163.01,11.5,1.5
401736254,20250716,2025,SEA,GS,67,58,1.41,2.93,-5.5,1.9,1.88,157.5,1.98,1.79,12,11,9,125,1,1.0,0.0,0.1427,0.2188,28.8,-3.574,1.0,0.0,1.93,-0.43,159.13,-0.0126,-0.0311,-0.0255,-0.1132,-0.0499,5.42,-0.1059,0.3558,0.0364,0.0701,-0.1285,-0.0183,2.4278,-0.0949,0.0,0.3489,0.6141,-0.2416,-0.0867,0.3015,162.97,5.5,3.5
401736255,20250716,2025,NY,IND,98,77,1.22,4.24,-10.5,2.0,1.77,162.5,1.85,1.92,12,11,21,175,1,1.0,1.0,0.2137,0.1854,75.5,-2.178,2.0,-1.0,-3.54,2.47,160.05,-0.001,-0.0516,-0.0291,0.0499,0.0099,1.98,0.2444,-0.0738,-0.0867,-0.1424,-1.6488,0.0264,1.4147,0.0269,1.0,0.1407,0.2426,-0.0241,0.0506,0.2053,162.85,10.5,10.5
401736256,20250716,2025,DAL,LV,86,90,3.0,1.39,5.5,1.94,1.82,170.5,1.91,1.89,12,11,-4,176,0,1.0,1.0,-0.2454,-0.3031,-173.0,-2.486,-1.0,0.0,-7.25,2.52,161.52,0.0112,0.0927,-0.0367,-0.0724,0.0307,0.8,0.1661,-0.7184,-0.0823,-0.3072,1.6124,-0.0313,-0.3357,-0.019,0.0,-0.1598,0.0406,-0.0811,0.1499,-0.0152,162.91,-5.5,1.5
401736257,20250722,2025,WSH,LA,86,93,1.65,2.24,-3.5,1.96,1.81,167.5,1.88,1.93,11,11,-7,179,0,0.0,1.0,-0.0249,-0.1323,77.1,5.379,0.0,0.0,-8.01,0.74,163.05,0.0006,0.006,0.026,-0.1263,-0.0545,-1.5,0.2192,-0.4135,-0.3051,-0.1944,0.6811,0.0208,-0.5158,0.1442,0.0,-0.3721,-0.361,0.1045,0.0049,-0.4617,163.84,3.5,-10.5
401736258,20250722,2025,NY,IND,98,84,1.19,4.69,-11.5,2.04,1.7,162.5,1.83,1.94,12,11,14,182,1,1.0,1.0,0.2589,0.2754,93.0,-0.087,0.0,0.0,8.08,1.69,160.22,0.004,-0.0686,-0.0331,0.0465,0.051,2.86,0.2356,0.0062,0.0339,0.263,-0.7022,0.0316,2.2409,0.0585,2.0,0.2341,0.3645,-0.1132,0.1197,0.3842,163.83,11.5,2.5
401736259,20250722,2025,MIN,CHI,91,68,1.08,8.09,-15.5,1.89,1.89,159.5,1.95,1.84,12,11,23,159,1,1.0,0.0,0.5522,0.5368,271.6,3.558,0.0,0.0,14.23,-0.12,159.56,-0.0381,-0.0328,-0.0857,0.0867,-0.0456,4.09,0.5832,-0.0124,0.2853,0.8167,-4.7407,0.0398,0.4074,-0.1406,0.0,0.409,0.6657,-0.222,0.1108,0.7062,164.0,15.5,7.5
401736260,20250722,2025,LV,ATL,87,72,1.69,2.18,-2.5,1.88,1.89,161.5,1.8,1.96,12,11,15,159,1,1.0,0.0,-0.1518,-0.1608,55.6,-3.815,0.0,0.0,-3.27,0.72,160.55,0.014,-0.0179,-0.0069,-0.0588,-0.0175,0.03,-0.1598,0.0694,-0.1425,-0.2154,2.6913,0.0678,0.8922,0.0256,3.0,0.0133,-0.094,-0.0056,0.0088,-0.1289,163.87,2.5,12.5
401736261,20250722,2025,SEA,DAL,63,87,1.33,3.31,-9.5,2.19,1.66,161.5,1.87,1.91,12,11,-24,150,0,0.0,0.0,0.3649,0.369,176.1,4.845,0.0,0.0,14.76,-4.81,162.43,-0.0333,-0.087,-0.0166,0.0691,-0.0344,1.13,-0.093,0.5486,0.0388,0.527,-2.1284,0.0048,0.1689,-0.1187,0.0,0.1776,0.0014,0.0689,-0.3393,-0.1578,163.79,9.5,-33.5
401736262,20250723,2025,PHX,ATL,79,90,1.3,3.5,-7.5,1.88,1.91,160.5,1.73,2.07,12,11,-11,169,0,0.0,1.0,0.0726,0.0618,-1.0,-2.496,4.0,-1.0,1.03,-0.08,161.6,-0.0131,-0.002,-0.0405,-0.0064,0.0365,1.01,0.8222,-1.0006,-0.0068,0.0859,2.4243,0.0261,-0.343,0.1253,4.0,0.0813,0.2179,0.0151,-0.1431,0.0554,163.7,7.5,-18.5
401736263,20250724,2025,CON,LA,86,101,2.96,1.39,5.5,1.95,1.83,166.5,1.67,2.04,12,11,-15,187,0,0.0,1.0,-0.3423,-0.443,-2.5,0.085,3.0,0.0,-12.1,-0.33,161.15,-0.0199,-0.0204,-0.0147,-0.1002,-0.0727,1.12,-0.0678,-0.4276,-0.3914,-0.7723,0.7123,0.082,0.9431,0.0493,1.0,-0.2274,-0.1466,-0.0038,0.0198,-0.411,163.86,-5.5,-9.5
401736264,20250724,2025,IND,LV,80,70,2.11,1.72,1.5,1.94,1.82,162.5,1.72,2.05,12,11,10,150,1,1.0,0.0,-0.0129,0.0443,-30.9,2.139,0.0,0.0,-3.49,0.51,162.39,-0.0034,0.0373,-0.0678,0.0202,0.03,-1.36,0.2856,-0.3685,0.1516,-0.1546,-0.787,0.007,-2.4614,0.0231,0.0,0.0243,0.0229,0.0142,-0.1577,-0.0364,163.88,-1.5,11.5
401736265,20250724,2025,CHI,SEA,57,95,5.0,1.17,8.5,2.24,1.61,154.5,1.89,1.9,12,11,-38,152,0,0.0,0.0,-0.26,-0.3465,-179.7,-2.296,0.0,0.0,-9.51,0.53,158.64,0.0652,0.0873,0.0126,-0.0507,0.1121,-2.83,-0.055,-0.4756,-0.2099,-0.5028,1.2341,-0.0199,-0.1913,0.1157,0.0,-0.1535,-0.4919,0.1285,-0.1763,-0.545,163.66,-8.5,-29.5
401736266,20250725,2025,NY,PHX,89,76,1.38,3.03,-6.5,1.96,1.8,169.5,1.75,2.04,12,11,13,165,1,1.0,0.0,0.2911,0.3618,158.8,1.896,1.0,0.0,8.69,1.07,162.64,0.0161,-0.0233,-0.0256,-0.0248,0.052,2.6,0.4739,-0.214,0.2278,0.3899,-1.5311,0.1095,1.8421,-0.0092,0.0,0.3335,0.269,0.0006,-0.1446,0.3415,163.67,6.5,6.5
401736267,20250725,2025,MIN,LV,109,78,1.2,4.45,-10.5,2.02,1.75,159.5,1.65,2.18,12,11,31,187,1,1.0,1.0,0.3855,0.3855,68.7,2.512,2.0,-1.0,9.74,-1.32,159.99,-0.0266,0.0166,-0.1286,0.0735,0.0726,3.23,0.4972,-0.2185,0.2412,0.6262,-4.2829,0.0164,0.9307,-0.0864,1.0,0.2715,0.4332,0.0417,0.0848,0.6411,163.76,10.5,20.5
401736268,20250725,2025,GS,DAL,86,76,1.56,2.41,-5.5,2.12,1.68,159.5,1.7,2.14,12,11,10,162,1,1.0,1.0,0.1138,0.1756,109.7,7.221,2.0,0.0,4.67,-5.25,162.62,-0.0109,-0.0363,0.0005,0.1663,-0.0025,-5.08,-0.0876,0.3465,0.0058,0.1554,-0.8052,0.0307,-2.6101,-0.0583,1.0,-0.1193,-0.3351,0.0041,-0.1891,-0.3891,163.87,5.5,4.5
401736270,20250726,2025,NY,LA,99,101,1.15,5.33,-11.5,1.99,1.77,175.5,1.88,1.9,12,11,-2,200,0,0.0,1.0,0.3604,0.3353,235.4,4.061,-1.0,1.0,4.86,0.41,164.67,-0.0219,-0.0408,-0.0733,-0.0,-0.0001,3.09,0.6119,-0.3292,0.0133,0.2113,-2.3723,0.1597,2.0729,-0.038,2.0,0.0919,0.0781,0.0134,-0.1495,0.0178,164.02,11.5,-13.5
401736271,20250726,2025,WSH,SEA,69,58,2.49,1.53,3.5,1.96,1.85,154.5,1.89,1.91,12,11,11,127,1,1.0,0.0,-0.2619,-0.3384,-95.7,-0.612,2.0,0.0,-11.36,3.11,160.35,0.0579,0.0378,0.1157,-0.0888,0.0285,-3.97,0.0817,-0.5701,-0.1971,-0.3942,-0.6602,-0.0579,-1.8302,0.1297,1.0,-0.2845,-0.5191,0.0864,-0.0472,-0.545,164.19,-3.5,14.5
401736269,20250727,2025,CHI,IND,78,93,5.35,1.15,11.5,1.85,1.92,155.5,1.8,1.98,12,11,-15,171,0,0.0,1.0,-0.3794,-0.4557,-213.1,-3.552,0.0,0.0,-22.69,-2.45,160.78,0.0497,0.012,-0.0014,-0.0478,0.0291,-1.37,-0.4388,-0.0245,-0.4181,-0.6626,2.2547,-0.0325,1.7124,0.0586,0.0,-0.3653,-0.4235,0.0463,-0.0994,-0.7315,163.94,-11.5,-3.5
401736272,20250727,2025,CON,GS,95,64,2.7,1.47,4.5,1.92,1.82,155.5,1.77,1.95,12,11,31,159,1,1.0,1.0,-0.3466,-0.3374,-140.4,-7.603,1.0,0.0,-10.06,2.83,161.0,-0.006,-0.014,0.0051,-0.1716,-0.0453,4.06,-0.3297,0.0034,-0.1118,-0.8452,0.7999,-0.0139,1.8672,0.0679,0.0,0.0321,0.1935,-0.054,0.159,0.1269,164.08,-4.5,35.5
401736273,20250727,2025,DAL,LV,80,106,3.72,1.28,6.5,2.06,1.7,164.5,1.69,2.13,12,11,-26,186,0,0.0,1.0,-0.1704,-0.2069,-148.2,-0.43,0.0,0.0,2.67,2.4,162.99,0.0146,0.0369,-0.0808,-0.0076,0.0933,0.72,0.1885,-0.6277,-0.0408,0.1181,-0.1764,-0.0352,-0.0224,0.1089,2.0,-0.1081,-0.0229,0.1149,-0.0463,-0.0772,164.15,-6.5,-19.5
401736274,20250727,2025,WSH,PHX,72,88,3.57,1.29,6.5,2.06,1.73,162.5,1.91,1.9,12,11,-16,160,0,0.0,0.0,-0.1754,-0.1736,-16.6,1.956,-1.0,1.0,5.3,-0.77,162.81,0.0462,0.0344,0.0392,-0.1635,-0.0219,-0.24,-0.0739,-0.1255,-0.0925,-0.009,-0.0526,0.0596,0.4042,0.0065,1.0,-0.0703,-0.1547,0.1289,-0.2058,-0.2852,164.18,-6.5,-9.5
401736275,20250727,2025,MIN,ATL,86,90,1.27,3.76,-9.5,2.05,1.72,158.5,1.86,1.94,12,11,-4,176,0,0.0,1.0,0.2864,0.2854,130.2,0.887,-2.0,0.0,13.81,-0.45,160.5,-0.0281,0.031,-0.0531,0.0015,0.0337,3.55,0.1452,0.1345,0.1629,0.6161,-0.178,0.0583,1.2034,-0.1506,5.0,0.2195,0.3304,0.0148,0.138,0.5496,164.14,9.5,-13.5
401736276,20250728,2025,CON,SEA,85,101,5.03,1.17,9.5,2.04,1.74,156.5,1.85,1.95,12,11,-16,186,0,0.0,1.0,-0.4121,-0.4073,-133.0,-3.687,-1.0,1.0,-1.98,3.37,160.31,0.0315,0.0492,0.0458,-0.0167,0.0258,-1.89,-0.0202,-0.6237,-0.0373,-0.4879,2.2908,0.0269,-1.6941,0.0965,2.0,-0.0856,-0.2922,0.0512,0.0702,-0.166,164.31,-9.5,-6.5
401736277,20250728,2025,DAL,NY,92,82,3.81,1.26,7.5,1.95,1.83,166.5,1.6,2.16,12,11,10,174,1,1.0,1.0,-0.5944,-0.5915,-255.5,-2.057,-1.0,1.0,-17.55,0.57,166.97,0.0083,0.0786,-0.0134,-0.0815,-0.0363,-2.87,-0.4463,-0.1629,-0.4201,-0.6475,3.1651,-0.1269,-1.6676,-0.1908,0.0,-0.3601,-0.1151,-0.0806,0.2567,-0.3045,164.39,-7.5,17.5
401736278,20250729,2025,ATL,GS,75,77,1.23,4.14,-8.5,1.88,1.9,155.5,1.86,1.94,12,11,-2,152,0,0.0,0.0,0.2943,0.3156,25.2,-2.044,0.0,0.0,13.54,1.29,160.88,-0.0193,-0.0098,-0.0017,-0.11,-0.0005,2.65,0.1164,0.2356,0.2419,0.1967,-3.7793,-0.0436,1.1164,0.0933,1.0,0.1532,0.2749,-0.0475,-0.0258,0.2923,164.5,8.5,-10.5
401736279,20250729,2025,WSH,CHI,103,86,1.3,3.5,-7.5,1.9,1.9,156.5,1.81,1.99,12,11,17,189,1,1.0,1.0,0.1962,0.1002,122.0,3.021,0.0,0.0,19.78,1.3,160.93,-0.0217,-0.0234,0.0742,-0.0666,-0.0603,0.37,0.3839,-0.353,-0.0253,0.4546,-1.7056,-0.0098,-0.6584,0.0632,0.0,-0.0073,0.3049,-0.2328,0.0445,0.0549,164.36,7.5,9.5
401736280,20250729,2025,LA,LV,74,89,2.02,1.79,1.5,1.9,1.86,174.5,1.84,1.95,12,11,-15,163,0,0.0,0.0,-0.0028,0.0237,-144.9,-2.049,1.0,0.0,8.32,1.91,163.7,0.0258,0.0014,-0.0006,0.0446,0.1154,-2.56,-0.0194,-0.0904,0.2728,0.259,-1.8706,-0.0787,-2.1212,0.2467,3.0,0.0461,-0.0416,-0.02,-0.071,0.0303,164.65,-1.5,-13.5
401736281,20250730,2025,IND,PHX,107,101,2.35,1.59,3.5,1.88,1.94,164.5,1.69,2.13,11,10,6,208,1,1.0,1.0,-0.0215,-0.0106,58.3,1.036,0.0,0.0,3.91,0.53,163.52,0.0099,0.0445,0.0008,-0.0143,0.0266,1.0,-0.1469,0.2074,0.1531,0.029,-1.4386,0.0922,-1.2331,-0.1311,2.0,0.1151,-0.0359,0.0467,-0.1711,-0.0049,164.75,-3.5,9.5
401736282,20250730,2025,DAL,ATL,85,88,2.17,1.68,2.5,1.88,1.91,165.5,1.77,2.0,11,10,-3,173,0,0.0,1.0,-0.3188,-0.3183,-114.9,-1.243,1.0,-1.0,-7.44,5.08,163.5,0.0065,0.045,-0.0594,-0.0795,-0.0092,0.82,-0.2235,-0.1203,-0.1025,-0.2162,5.42,0.0133,0.4507,-0.1915,0.0,-0.1517,0.1432,-0.048,0.2441,0.121,165.11,-2.5,-0.5
401736283,20250730,2025,MIN,NY,100,93,1.32,3.37,-8.5,2.13,1.68,164.5,1.69,2.09,11,10,7,193,1,0.0,1.0,0.0702,0.1952,5.3,1.512,1.0,0.0,9.24,-2.92,163.11,-0.0125,0.06,-0.038,-0.0211,-0.0165,-0.2,0.1622,0.0283,0.0331,0.3294,-0.7592,-0.0914,-0.8538,-0.2748,1.0,0.0602,0.2511,-0.016,0.1857,0.3652,165.28,8.5,-1.5
401736284,20250731,2025,WSH,GS,67,68,1.48,2.64,-4.5,1.85,1.93,152.5,1.79,1.97,11,10,-1,135,0,0.0,0.0,0.0415,0.0603,-45.8,-0.74,0.0,0.0,4.63,3.27,159.92,0.0,-0.0093,0.0605,-0.2101,-0.0367,2.5,0.1555,-0.0857,0.0442,0.103,-1.7676,-0.0109,1.4466,0.1968,2.0,0.1341,0.2033,-0.0112,-0.0084,0.1799,165.38,4.5,-5.5
401736285,20250801,2025,ATL,PHX,95,72,2.46,1.54,1.5,2.23,1.62,164.5,1.67,2.08,11,10,23,167,1,1.0,1.0,0.0762,0.0845,26.5,-0.591,0.0,0.0,5.2,-5.43,161.67,0.0067,0.0347,0.0075,0.0406,0.0584,-0.16,0.0293,0.0822,0.1579,0.1785,-5.7975,0.0272,0.3473,0.0247,3.0,0.0645,0.1416,0.0054,-0.2915,-0.0601,165.23,-1.5,24.5
401736286,20250801,2025,CON,NY,78,62,5.7,1.13,10.5,2.04,1.74,167.5,1.62,2.12,11,10,16,140,1,1.0,0.0,-0.6294,-0.5947,-229.2,-3.067,2.0,0.0,-2.38,-0.14,165.9,0.0172,0.0374,0.0125,-0.088,-0.0155,-1.53,-0.2316,-0.5087,-0.3253,-0.6533,2.807,-0.0105,-2.0133,-0.066,2.0,-0.1376,-0.1685,-0.0385,0.2924,-0.1643,165.45,-10.5,26.5
401736287,20250801,2025,CHI,GS,66,73,2.6,1.49,4.5,1.87,1.9,152.5,1.78,1.99,11,10,-7,139,0,0.0,0.0,-0.206,-0.1737,-184.2,-6.576,2.0,-1.0,-19.88,2.86,157.05,0.021,0.0253,-0.0189,-0.1677,-0.0067,2.32,-0.4974,0.4399,-0.0789,-0.6509,-0.0121,-0.0003,1.7869,0.1755,3.0,0.0203,-0.0237,-0.0384,-0.0054,-0.1069,165.25,-4.5,-2.5
401736288,20250801,2025,DAL,IND,78,88,2.52,1.52,2.5,2.14,1.67,169.5,1.54,2.26,11,10,-10,166,0,0.0,0.0,-0.2692,-0.2355,-165.1,-3.411,0.0,0.0,-2.5,-0.48,166.64,-0.0087,0.0159,-0.0887,-0.0553,0.0027,-0.59,0.0636,-0.4265,-0.1241,-0.3403,0.2612,-0.0811,1.2486,-0.0378,0.0,-0.1805,0.0947,0.1171,0.1282,0.0951,165.31,-2.5,-7.5
401736290,20250802,2025,LV,MIN,58,111,2.59,1.5,4.5,1.91,1.87,164.5,1.73,2.04,11,10,-53,169,0,0.0,1.0,-0.3724,-0.4205,-64.7,-0.116,1.0,0.0,-9.27,0.56,161.86,0.0047,-0.0001,0.0479,-0.0231,-0.084,-0.13,-0.6476,0.4248,-0.3139,-0.4681,3.692,0.0632,-0.099,-0.0039,0.0,-0.2156,-0.3265,-0.0598,-0.0772,-0.5792,165.31,-4.5,-48.5
401736291,20250803,2025,ATL,WSH,99,83,1.4,2.93,-5.5,1.87,1.9,155.5,1.81,1.97,11,10,16,182,1,1.0,1.0,0.2877,0.3266,80.4,-0.464,-1.0,0.0,7.19,-2.52,157.98,-0.0308,-0.0151,-0.0196,0.1459,0.0708,0.59,0.1104,0.2743,0.3038,0.3999,-3.3538,0.013,0.1148,-0.0103,0.0,0.2151,0.2845,-0.0862,-0.1119,0.286,165.36,5.5,10.5
401736292,20250803,2025,CON,NY,78,87,5.47,1.15,11.5,1.91,1.87,169.5,1.79,1.97,11,10,-9,165,0,1.0,0.0,-0.5284,-0.4856,-193.9,-1.905,0.0,0.0,8.27,0.41,165.74,0.0052,0.0638,0.0171,-0.093,-0.0171,-1.17,-0.4204,0.0029,-0.2259,-0.3007,2.2657,-0.033,-1.812,-0.1021,3.0,-0.1241,-0.1384,-0.0545,0.2349,-0.1348,165.51,-11.5,2.5
401736293,20250803,2025,CHI,PHX,67,83,6.39,1.12,10.5,2.14,1.67,164.5,1.88,1.91,11,10,-16,150,0,0.0,0.0,-0.3782,-0.4702,-165.7,-1.323,0.0,0.0,-11.02,-4.39,161.31,0.0585,0.0712,-0.0303,-0.0346,0.0484,-1.23,-0.7261,0.3599,-0.2761,-0.6278,0.3373,0.0137,0.5391,-0.1612,4.0,-0.3005,-0.3557,0.0363,-0.2011,-0.6855,165.48,-10.5,-5.5
401736294,20250803,2025,LV,GS,101,77,1.24,4.03,-9.5,1.91,1.86,156.5,1.82,1.95,11,10,24,178,1,1.0,1.0,0.1626,0.2191,30.0,-5.273,-1.0,1.0,-10.03,4.21,158.89,-0.0317,-0.0013,0.0021,-0.108,-0.073,5.41,-0.1271,0.5037,0.1389,-0.1423,0.6486,-0.0615,3.1406,0.0696,4.0,0.3635,0.4338,-0.107,0.2669,0.6645,165.26,9.5,14.5
401736295,20250803,2025,SEA,IND,74,78,1.67,2.21,-2.5,1.84,1.94,160.5,1.65,2.16,11,10,-4,152,0,0.0,0.0,-0.0266,0.0383,-24.4,-0.527,0.0,0.0,-2.49,-1.07,166.76,-0.0314,-0.0481,-0.0733,-0.0609,-0.0486,2.67,-0.1727,0.3174,-0.1299,-0.0528,1.1155,-0.0291,4.1098,-0.0992,1.0,0.0214,0.4429,-0.0636,0.0154,0.17,165.38,2.5,-6.5
401736296,20250805,2025,NY,DAL,85,76,1.17,4.95,-10.5,1.81,1.96,173.5,1.7,2.08,11,10,9,161,1,0.0,0.0,0.367,0.4025,223.6,2.447,-2.0,0.0,2.55,0.11,166.37,0.0251,-0.0381,0.0659,0.0798,0.0007,1.48,0.3508,0.0932,0.1381,0.238,-0.6359,0.0881,1.1665,0.1662,0.0,0.2229,-0.0835,0.1712,-0.1738,0.1084,165.33,10.5,-1.5
401736297,20250805,2025,CHI,WSH,78,64,2.81,1.43,5.5,1.84,1.96,156.5,1.81,1.96,11,10,14,142,1,1.0,0.0,-0.2729,-0.3504,-138.1,-1.528,0.0,0.0,-15.72,-3.01,159.29,0.0134,0.037,-0.0651,0.0485,0.0168,-2.15,-0.6699,0.492,-0.2484,-0.6178,-0.9984,-0.0433,0.478,-0.091,1.0,-0.3081,-0.2126,-0.0686,-0.1093,-0.5601,165.15,-5.5,19.5
401736298,20250805,2025,LA,IND,100,91,2.15,1.72,1.5,2.01,1.76,175.5,1.69,2.08,11,10,9,191,1,1.0,1.0,-0.1935,-0.1674,-158.5,-3.507,2.0,0.0,-7.25,3.02,171.09,0.0036,0.0092,0.0301,-0.0043,0.0062,-2.42,-0.0366,-0.1608,-0.0365,-0.1877,0.0833,-0.0775,0.7989,0.1871,2.0,-0.0206,-0.0344,0.037,0.0633,-0.0012,164.97,-1.5,10.5
401736299,20250805,2025,PHX,CON,82,66,1.09,7.46,-15.5,1.95,1.81,167.5,1.73,2.04,11,10,16,148,1,1.0,0.0,0.3823,0.4423,86.3,1.816,0.0,0.0,-2.84,-2.1,165.04,-0.025,-0.0214,-0.0563,0.0242,-0.0286,-1.47,0.509,-0.148,0.2057,0.429,-1.1412,-0.0715,0.9801,0.066,0.0,0.049,0.1326,0.0844,0.01,0.3258,165.26,15.5,0.5
401736300,20250805,2025,SEA,MIN,87,91,1.73,2.11,-2.5,1.94,1.82,155.5,1.77,2.02,11,10,-4,178,0,0.0,1.0,-0.3724,-0.2539,-138.5,0.467,-1.0,0.0,-17.01,2.83,163.18,0.0028,-0.079,-0.0213,-0.0703,-0.1251,0.26,-0.539,0.3887,-0.2754,-0.5428,3.5119,0.0733,0.8005,-0.0217,1.0,0.0098,-0.0065,-0.1152,0.2352,-0.0324,165.07,2.5,-6.5
401736301,20250806,2025,GS,LV,72,78,2.74,1.45,3.5,2.13,1.68,157.5,1.76,2.02,11,10,-6,150,0,0.0,0.0,-0.2395,-0.261,-53.7,3.446,0.0,0.0,-5.58,-4.91,157.83,0.0178,-0.0061,0.017,0.0861,0.034,-4.96,-0.0901,-0.162,-0.172,-0.2371,-0.5838,0.0689,-2.7589,0.008,0.0,-0.446,-0.4594,0.0408,-0.214,-0.7197,165.29,-3.5,-2.5
401736302,20250807,2025,CHI,ATL,65,86,5.03,1.17,8.5,2.18,1.64,159.5,1.77,2.0,11,10,-21,151,0,0.0,0.0,-0.5778,-0.6162,-218.4,-1.268,-2.0,0.0,-16.75,-0.59,157.05,0.0416,0.0216,-0.0778,-0.1149,-0.0748,-2.9,-0.6105,0.0974,-0.4812,-0.9457,1.8261,-0.0485,-0.3605,-0.171,0.0,-0.3505,-0.4133,0.0048,-0.0721,-0.7894,165.08,-8.5,-12.5
401736303,20250807,2025,LA,CON,102,91,1.18,4.78,-11.5,2.12,1.68,174.5,1.84,1.94,11,10,11,193,1,0.0,1.0,0.3244,0.2977,28.9,0.319,0.0,0.0,3.03,2.21,169.4,-0.0031,0.0112,0.005,0.0505,0.0815,-4.05,0.0803,0.233,0.3845,0.6047,-1.0469,-0.0767,0.023,0.2173,1.0,0.1073,0.022,0.0131,-0.2385,0.0678,164.91,11.5,-0.5
401736304,20250807,2025,PHX,IND,95,60,1.53,2.52,-5.5,2.08,1.72,170.5,1.73,2.06,11,10,35,155,1,1.0,0.0,-0.0619,0.0029,-65.0,-1.02,0.0,0.0,0.24,-1.4,164.24,-0.001,-0.0202,-0.0118,-0.0476,-0.053,-0.18,0.3172,-0.4236,-0.1731,-0.0095,-1.0405,-0.0507,1.7176,0.0228,3.0,-0.0779,0.0963,0.0139,0.088,0.015,165.18,5.5,29.5
401736305,20250808,2025,DAL,NY,77,88,5.41,1.15,7.5,2.41,1.53,170.5,1.9,1.89,11,10,-11,165,0,0.0,0.0,-0.3613,-0.4713,-228.3,-3.272,0.0,0.0,-5.54,-0.35,164.31,-0.0293,0.0732,-0.0472,-0.0718,-0.0472,-1.27,-0.2166,-0.3402,-0.2696,-0.4125,1.4471,-0.0974,-1.4034,-0.1938,0.0,-0.3377,-0.1659,0.083,-0.0529,-0.3873,165.11,-7.5,-3.5
401736306,20250808,2025,MIN,WSH,80,76,1.17,5.07,-11.5,1.99,1.78,156.5,1.79,1.98,11,10,4,156,1,0.0,0.0,0.5566,0.4659,250.0,1.425,0.0,0.0,24.93,1.28,161.51,-0.0359,0.0477,-0.0124,0.1198,0.139,2.34,0.474,-0.0354,0.3074,0.7916,-1.6563,-0.0317,0.9834,0.0202,2.0,0.0705,0.3222,0.1191,0.0725,0.5785,165.25,11.5,-7.5
401736307,20250808,2025,LV,SEA,90,86,1.84,1.96,-1.5,1.95,1.84,161.5,1.79,2.0,11,10,4,176,1,1.0,1.0,-0.1115,-0.2812,30.0,-1.617,-1.0,0.0,4.26,-3.14,163.95,0.0081,0.0916,0.0759,0.072,0.0022,-0.3,-0.7804,0.7649,-0.11,0.0052,-0.1803,-0.0469,-0.5195,-0.0363,0.0,-0.1542,-0.3728,0.0097,-0.0992,-0.4552,165.21,1.5,2.5
401736308,20250809,2025,GS,LA,72,59,2.54,1.52,2.5,2.09,1.69,164.5,1.83,1.95,11,10,13,131,1,1.0,0.0,-0.234,-0.1668,56.7,4.073,1.0,0.0,-7.57,-9.78,161.53,-0.0047,0.0013,-0.0291,0.0677,-0.0661,-0.93,0.149,-0.406,-0.3342,-0.3726,1.4628,0.0873,-1.8312,-0.2481,0.0,-0.3255,-0.2852,-0.0013,-0.1356,-0.6031,165.31,-2.5,15.5
401736309,20250809,2025,IND,CHI,92,70,1.17,5.04,-11.5,2.01,1.78,162.5,1.75,2.02,11,10,22,162,1,1.0,0.0,0.4139,0.4199,229.6,2.527,0.0,0.0,2.19,4.57,160.78,-0.0218,0.0085,0.0564,0.1136,0.0201,1.95,0.5669,-0.2696,0.3758,0.546,1.1589,0.0773,-1.7461,0.0825,0.0,0.3476,0.105,0.2999,0.1254,0.8166,165.17,11.5,10.5
401736310,20250810,2025,NY,MIN,71,83,1.54,2.46,-4.5,1.94,1.84,165.5,1.71,2.1,11,10,-12,154,0,0.0,0.0,-0.2063,-0.1152,-61.4,1.196,0.0,0.0,-10.47,1.26,162.55,0.0162,-0.0922,0.0034,0.018,-0.0617,-1.5,-0.1556,0.0301,0.0316,-0.2145,1.5943,0.1782,-0.1284,0.0295,0.0,0.0917,-0.0584,-0.1207,0.0473,-0.0115,165.18,4.5,-16.5
401736311,20250810,2025,DAL,WSH,78,91,1.54,2.48,-3.5,1.8,1.98,161.5,1.73,2.02,11,10,-13,169,0,0.0,1.0,-0.0812,-0.1213,-48.8,-0.599,0.0,0.0,-0.9,3.09,161.8,-0.0421,-0.0085,-0.0161,0.0392,-0.0354,-1.6,-0.2978,0.2768,0.0128,-0.0259,1.2665,0.0386,0.0542,0.025,3.0,-0.1176,0.142,0.1703,0.4331,0.5943,165.11,3.5,-16.5
401736312,20250810,2025,LA,SEA,94,91,2.67,1.48,3.5,2.06,1.71,170.5,1.76,2.04,11,10,3,185,1,1.0,1.0,-0.1436,-0.1994,-99.7,-2.839,-1.0,1.0,-0.58,0.53,167.72,0.0253,0.0787,0.0794,0.0873,0.0561,-4.16,-0.2223,-0.01,0.1552,0.0785,-1.8286,-0.0411,-1.5935,0.2147,1.0,-0.0791,-0.4375,0.1068,-0.1502,-0.2924,165.15,-3.5,6.5
401736313,20250810,2025,PHX,ATL,66,74,1.57,2.4,-5.5,2.1,1.7,164.5,1.77,1.99,11,10,-8,140,0,0.0,0.0,-0.1436,-0.1027,-26.5,0.62,0.0,0.0,-3.24,3.13,161.0,0.0003,0.0049,-0.0553,-0.0473,-0.0759,-0.64,0.2023,-0.3589,-0.1912,-0.2002,3.0618,0.0018,-0.6176,-0.1442,1.0,-0.1101,-0.1405,0.146,0.2776,0.124,165.32,5.5,-13.5
401736314,20250810,2025,LV,CON,94,86,1.13,5.84,-12.5,1.98,1.78,166.5,1.81,1.98,11,10,8,180,1,0.0,1.0,0.4307,0.3603,173.8,2.857,-1.0,0.0,7.71,-3.08,164.02,-0.0077,0.0107,0.0107,0.0514,0.0132,0.12,-0.1547,0.7067,0.183,0.7343,-1.5639,-0.0596,1.3963,-0.108,2.0,0.1274,0.0754,-0.0497,-0.2173,0.0018,165.11,12.5,-4.5
401736315,20250811,2025,GS,CON,74,57,1.24,4.07,-8.5,1.81,1.95,153.5,1.81,1.96,11,10,17,131,1,1.0,0.0,0.0964,0.0659,109.5,6.041,1.0,-1.0,5.09,-8.32,158.61,0.012,0.0123,0.0313,0.1117,-0.0104,-5.0,-0.0361,0.1208,-0.0136,0.4239,-1.9376,-0.0035,-1.335,-0.096,3.0,-0.3368,-0.3394,-0.0374,-0.1752,-0.5343,165.22,8.5,8.5
401736316,20250812,2025,IND,DAL,80,81,1.21,4.36,-9.5,1.94,1.86,169.5,1.87,1.92,11,10,-1,161,0,0.0,0.0,0.3163,0.3089,177.8,4.167,1.0,0.0,7.85,-0.81,164.03,0.0192,0.0257,-0.0384,0.0796,0.0577,1.34,0.0446,0.2534,0.1493,0.5005,-2.428,-0.0097,-0.2042,0.0274,0.0,0.1985,-0.0618,0.0306,0.2097,0.3735,165.22,9.5,-10.5
401736317,20250812,2025,LA,NY,97,105,2.47,1.54,3.5,1.97,1.8,175.5,1.86,1.92,11,10,-8,202,0,0.0,1.0,-0.1941,-0.1951,-174.3,-2.862,0.0,0.0,1.67,2.46,165.59,0.0026,0.0591,0.0251,0.0275,0.0329,-2.11,-0.3984,0.2265,0.0783,0.0033,0.5828,-0.0788,-0.7576,0.0862,0.0,-0.1408,-0.2507,-0.035,0.1182,-0.1049,165.19,-3.5,-4.5
401736318,20250813,2025,CON,CHI,71,62,1.57,2.4,-3.5,1.86,1.91,157.5,1.75,2.0,11,10,9,133,1,1.0,0.0,0.0821,0.1169,75.4,-2.299,-2.0,0.0,-1.19,4.25,158.52,-0.0233,-0.0054,0.0539,0.0544,0.0007,3.88,0.6759,-0.8394,0.126,0.1116,3.0932,0.0992,-0.6762,0.1037,1.0,0.2346,0.1847,0.1921,0.4229,0.8224,165.39,3.5,5.5
401736319,20250813,2025,WSH,GS,83,88,2.04,1.78,-1.5,2.12,1.68,148.5,1.86,1.93,11,10,-5,171,0,0.0,1.0,0.0161,0.0095,-62.9,-3.831,1.0,0.0,-6.15,5.74,153.68,0.024,-0.002,0.0328,-0.2042,0.0105,3.99,0.4245,-0.6151,0.1125,-0.2969,0.5818,-0.0461,1.5828,-0.0192,0.0,0.2431,0.1839,-0.0462,-0.312,-0.0657,165.31,1.5,-6.5
401736320,20250813,2025,LV,NY,83,77,1.67,2.22,-3.5,1.95,1.78,171.5,1.83,1.92,11,10,6,160,1,1.0,0.0,-0.1287,-0.1095,-45.8,-2.684,2.0,-1.0,-4.74,-0.14,161.6,-0.0077,0.0931,0.0119,0.0003,-0.0355,1.2,-0.4689,0.4628,-0.1666,0.1565,2.4227,-0.0825,-0.2927,-0.1542,1.0,-0.0121,-0.0233,0.0912,0.204,0.12,165.31,3.5,2.5
401736321,20250813,2025,SEA,ATL,75,85,1.65,2.25,-2.5,1.8,1.96,159.5,1.77,2.04,11,10,-10,160,0,0.0,1.0,-0.1011,-0.0875,-36.8,-0.816,0.0,0.0,-17.74,5.67,161.89,-0.0088,-0.0516,-0.0962,-0.0915,-0.0713,1.04,0.1015,-0.3235,-0.1422,-0.5177,4.3169,0.0255,0.4478,-0.2077,2.0,-0.0613,0.1916,-0.1823,0.1649,0.0255,165.48,2.5,-12.5
401736322,20250815,2025,IND,WSH,84,88,1.25,3.98,-8.5,1.9,1.88,161.5,1.75,2.04,11,10,-4,172,0,0.0,1.0,0.1502,0.1296,104.7,2.895,1.0,0.0,0.92,3.04,159.79,-0.0061,0.0078,-0.0321,0.1063,0.0311,1.32,0.0406,0.1038,0.1073,0.1056,-1.2733,0.0116,0.4539,0.0691,0.0,0.1576,0.0946,0.2153,0.4077,0.7504,165.54,8.5,-12.5
401736323,20250815,2025,CHI,GS,59,90,3.42,1.31,5.5,2.15,1.66,148.5,1.88,1.9,11,10,-31,149,0,0.0,1.0,-0.314,-0.2126,-210.0,-4.695,0.0,0.0,-13.87,3.44,150.42,0.0283,0.0084,-0.0787,-0.1755,-0.0561,0.89,-0.2238,-0.0035,-0.2065,-0.9188,-0.9932,-0.1058,2.5152,-0.0126,1.0,0.0618,0.1731,-0.0299,-0.0046,-0.0644,165.45,-5.5,-25.5
401736324,20250815,2025,DAL,LA,96,97,2.85,1.42,3.5,2.2,1.63,177.5,1.78,1.99,11,10,-1,193,0,1.0,1.0,-0.264,-0.2738,-55.0,0.118,0.0,0.0,-7.53,-1.28,165.78,-0.0193,-0.0342,-0.002,-0.0864,-0.08,0.94,-0.2825,0.0468,-0.3125,-0.2714,3.1023,0.0002,-0.1207,-0.2129,0.0,-0.2802,-0.0106,0.0412,-0.0726,-0.3264,165.29,-3.5,2.5
401736325,20250815,2025,ATL,SEA,78,80,1.77,2.05,-2.5,1.98,1.8,158.5,1.83,1.95,11,10,-2,158,0,0.0,0.0,0.1065,0.1287,59.4,2.146,0.0,0.0,20.13,-6.17,161.12,0.0235,0.0702,0.0984,0.1128,0.0759,-1.35,0.3147,-0.2577,0.1787,0.5938,-3.6569,0.0107,-0.4566,0.1577,0.0,0.1016,-0.2456,0.2023,-0.178,-0.0161,165.39,2.5,-4.5
401736326,20250815,2025,PHX,LV,83,86,1.51,2.59,-4.5,1.88,1.9,166.5,1.79,2.0,11,10,-3,169,0,0.0,1.0,0.0103,0.0105,-63.2,3.199,3.0,0.0,-0.86,2.37,161.17,-0.0026,-0.0557,-0.0546,-0.0671,-0.0285,-1.58,0.5779,-0.7781,-0.0504,-0.0731,-0.0998,0.0321,-1.1646,0.1617,0.0,-0.1616,-0.0711,0.0109,0.1474,0.0259,165.39,4.5,-7.5
401736327,20250816,2025,MIN,NY,86,80,1.83,1.97,-2.5,2.08,1.72,165.5,1.85,1.94,11,10,6,166,1,1.0,1.0,0.1205,0.0733,86.1,-1.148,2.0,0.0,13.84,-0.28,159.36,-0.0141,0.067,-0.0007,-0.0285,0.0849,3.79,0.3576,-0.3951,-0.0653,0.3611,-0.8144,-0.1606,0.9176,0.0495,2.0,-0.0743,0.2031,0.2024,-0.0856,0.1135,165.37,2.5,3.5
401736328,20250817,2025,WSH,LA,95,86,2.31,1.61,3.5,1.84,1.91,168.5,1.66,2.06,11,10,9,181,1,1.0,1.0,-0.1109,-0.0646,11.0,1.593,0.0,0.0,0.97,-6.15,161.83,0.0106,-0.039,0.0157,-0.1067,-0.0343,0.67,0.0043,-0.0824,-0.196,0.0413,2.4,-0.0309,0.1094,0.0314,1.0,-0.1412,-0.1728,-0.1302,-0.3802,-0.7223,165.28,-3.5,12.5
401736330,20250817,2025,LV,DAL,106,87,1.17,4.94,-10.5,1.85,1.93,169.5,1.7,2.11,11,10,19,193,1,1.0,1.0,0.3952,0.3978,212.8,2.098,0.0,0.0,11.3,-4.05,161.93,0.0051,0.0956,0.0533,0.0608,0.0379,1.75,-0.0231,0.5156,0.1209,0.5745,-2.7024,-0.0598,1.2781,-0.0059,0.0,0.2437,0.088,0.1454,0.0151,0.3413,165.53,10.5,8.5
401736331,20250817,2025,SEA,PHX,82,85,1.74,2.08,-1.5,1.83,1.95,163.5,1.88,1.92,11,10,-3,167,0,0.0,1.0,0.006,0.017,10.3,-1.978,0.0,0.0,-13.5,0.91,163.89,-0.0265,-0.0575,-0.047,-0.0521,0.0145,2.55,-0.1336,0.2899,-0.0356,-0.1714,0.6927,-0.0695,1.3821,-0.1664,0.0,0.0343,0.3296,-0.2524,0.0032,0.0203,165.75,1.5,-4.5
401736332,20250817,2025,GS,ATL,63,79,2.55,1.51,3.5,2.01,1.77,152.5,1.92,1.86,11,10,-16,142,0,0.0,0.0,-0.3003,-0.2932,-38.7,3.315,0.0,0.0,3.79,-4.17,148.86,0.0029,-0.0103,-0.0353,0.107,0.0199,-3.43,-0.5296,0.2888,-0.1309,0.0332,1.9295,0.0148,-2.6481,-0.1876,0.0,-0.3051,-0.3161,-0.2051,-0.0942,-0.6341,165.75,-3.5,-12.5
401736333,20250819,2025,NY,MIN,85,75,1.66,2.22,-2.5,1.83,1.95,165.5,1.81,1.96,11,10,10,160,1,1.0,0.0,-0.1352,-0.1329,-93.7,1.72,0.0,0.0,-15.67,0.12,159.55,0.0243,-0.0585,-0.0619,0.0385,-0.0648,-3.75,-0.225,0.1194,0.0003,-0.4821,2.0542,0.1291,-1.1329,-0.0918,0.0,0.0236,-0.196,-0.1787,-0.0327,-0.2591,165.69,2.5,7.5
401736334,20250819,2025,WSH,CON,69,80,1.37,3.06,-6.5,1.94,1.86,156.5,1.72,2.05,11,10,-11,149,0,0.0,0.0,0.2111,0.2281,68.0,0.956,0.0,0.0,9.8,-3.78,157.83,0.0223,0.0197,0.0893,-0.0259,0.0595,-3.35,0.0341,0.2257,0.2056,0.4473,-2.1932,0.011,-1.2046,0.0781,0.0,0.0838,-0.227,-0.0062,-0.2407,-0.222,165.75,6.5,-17.5
401736335,20250819,2025,CHI,SEA,88,94,5.3,1.16,10.5,1.91,1.88,158.5,1.9,1.9,11,10,-6,182,0,1.0,1.0,-0.6235,-0.5653,-220.8,-2.002,2.0,0.0,-11.95,-7.05,159.59,0.0627,0.0857,-0.0281,0.0356,-0.0146,-4.52,-0.4976,-0.084,-0.2758,-0.7134,-1.2688,0.0055,-0.255,0.0073,0.0,-0.3648,-0.6212,0.0668,-0.2864,-0.9434,165.83,-10.5,4.5
401736336,20250819,2025,LV,ATL,74,72,1.71,2.14,-2.5,1.92,1.85,163.5,1.69,2.13,11,10,2,146,1,0.0,0.0,-0.0745,-0.0029,5.9,-3.171,0.0,0.0,-1.68,3.35,155.71,-0.0034,0.021,0.0105,0.0075,0.0139,0.74,-0.4548,0.5038,0.0808,-0.0114,1.3234,-0.0142,0.2493,-0.2788,1.0,0.1369,0.1492,0.0463,0.1106,0.3025,165.94,2.5,-0.5
401736337,20250819,2025,GS,PHX,91,98,3.28,1.33,5.5,2.04,1.73,154.5,1.87,1.93,11,10,-7,189,0,0.0,1.0,-0.1185,-0.2863,-2.8,1.823,0.0,0.0,1.72,-10.87,153.7,-0.018,0.0012,0.0299,0.1369,0.0551,-2.08,0.0075,-0.4381,-0.1015,-0.1261,-1.2491,0.0161,-1.2112,0.0325,1.0,-0.2006,-0.2838,0.0791,-0.3097,-0.5476,165.86,-5.5,-1.5
401736338,20250820,2025,LA,DAL,81,80,1.26,3.8,-8.5,1.91,1.87,180.5,1.73,2.04,11,10,1,161,1,0.0,0.0,0.2003,0.2402,60.8,-1.091,0.0,0.0,3.63,-0.91,166.48,0.0059,0.0307,0.0208,0.0771,0.102,0.61,0.4213,-0.2469,0.2709,0.299,-3.213,-0.0506,0.2088,0.0527,1.0,0.3135,0.0027,-0.0086,0.0347,0.3081,165.99,8.5,-7.5
401736339,20250821,2025,CON,WSH,67,56,2.19,1.68,1.5,2.01,1.76,157.5,1.85,1.94,11,10,11,123,1,1.0,0.0,-0.1715,-0.1706,-40.4,-0.404,0.0,0.0,-2.44,3.62,157.01,-0.0278,-0.0101,-0.0648,0.0074,-0.0753,3.4,-0.2419,0.1885,-0.1877,-0.2506,2.6204,0.0014,1.1771,-0.0467,0.0,0.0397,0.2659,0.0694,0.363,0.4593,165.96,-1.5,12.5
401736340,20250821,2025,NY,CHI,85,91,1.07,8.29,-15.5,1.94,1.83,161.5,1.79,1.98,11,10,-6,176,0,0.0,1.0,0.601,0.5329,329.5,5.543,0.0,0.0,16.78,1.81,157.09,-0.0177,-0.0463,0.0824,0.0917,0.0456,0.18,0.6902,-0.3376,0.3755,0.8589,-1.0705,0.057,-1.2479,-0.0385,0.0,0.344,0.3579,-0.2265,-0.0604,0.3912,165.56,15.5,-21.5
401736341,20250821,2025,ATL,MIN,75,73,1.86,1.95,-1.5,1.91,1.85,159.5,1.9,1.91,11,10,2,148,1,1.0,0.0,-0.0714,-0.0691,-111.0,1.335,0.0,0.0,3.09,-3.72,154.27,0.0106,0.0122,0.0085,0.0726,-0.0706,-1.75,-0.0542,-0.0197,-0.0127,0.0715,0.3544,0.1234,-0.52,0.1106,1.0,-0.0073,-0.2036,-0.0563,0.0116,-0.1491,165.61,1.5,0.5
401736342,20250821,2025,LV,PHX,83,61,1.79,2.02,-2.5,2.0,1.77,168.5,1.71,2.07,11,10,22,144,1,1.0,0.0,0.132,0.132,66.0,-2.919,0.0,0.0,1.65,-3.22,159.8,-0.0028,0.0463,0.0357,0.0305,0.0311,2.55,-0.2739,0.4905,0.1901,0.2652,-1.8603,-0.0322,1.3394,-0.1675,2.0,0.2959,0.2331,0.1112,-0.081,0.3566,165.44,2.5,19.5
401736343,20250822,2025,IND,MIN,90,95,2.68,1.47,5.5,1.81,1.96,163.5,1.77,2.0,11,10,-5,185,0,1.0,1.0,-0.3263,-0.3364,-144.3,-1.697,4.0,-1.0,-2.58,3.07,161.88,0.0087,0.0084,0.0088,0.0299,-0.0644,-0.83,-0.516,0.1619,-0.0558,-0.1853,3.4299,0.0705,-0.5812,0.0715,2.0,-0.1131,-0.2404,0.0296,0.1407,-0.0499,165.11,-5.5,0.5
401736344,20250822,2025,DAL,SEA,60,95,3.82,1.26,6.5,2.16,1.65,169.5,1.91,1.88,11,10,-35,155,0,0.0,0.0,-0.436,-0.4091,-152.2,-1.729,-1.0,0.0,-5.46,-0.77,166.6,0.0254,0.018,0.022,0.018,0.0027,-1.87,-0.0452,-0.5733,0.003,-0.3118,1.1866,0.1073,-0.8951,-0.0044,1.0,-0.1915,-0.3301,0.1267,-0.0873,-0.2673,165.36,-6.5,-28.5
401736345,20250822,2025,PHX,GS,81,72,1.31,3.44,-7.5,1.87,1.9,154.5,1.82,1.94,11,10,9,153,1,1.0,0.0,0.1242,0.2325,12.7,-0.924,-2.0,1.0,-9.58,8.25,153.34,0.0327,0.0287,-0.0206,-0.1062,-0.0536,-0.31,0.1626,0.0569,0.0412,-0.0022,-0.0232,-0.0153,1.0608,0.0253,0.0,0.1062,0.1626,0.0591,0.308,0.5123,165.24,7.5,1.5
401736346,20250823,2025,ATL,NY,78,62,1.36,3.11,-6.5,1.92,1.86,160.5,1.96,1.85,11,10,16,140,1,1.0,0.0,0.0228,0.0357,-22.9,-1.091,0.0,0.0,4.7,-3.42,155.77,-0.0196,0.0421,0.0475,-0.0054,-0.0456,2.76,0.4564,-0.4601,-0.1107,0.2834,-2.594,0.0246,1.3348,0.2706,0.0,-0.178,-0.0145,0.0842,0.3093,0.214,165.07,6.5,9.5
401736347,20250823,2025,WSH,LV,81,91,3.58,1.29,7.5,1.9,1.9,160.5,1.88,1.91,11,10,-10,172,0,0.0,1.0,-0.339,-0.411,-171.6,-1.373,0.0,0.0,-14.48,-2.04,153.19,0.0453,-0.0471,0.0246,-0.0746,-0.0048,-1.81,0.2714,-0.7854,-0.2644,-0.795,2.4874,-0.0355,-0.9329,0.1123,0.0,-0.2848,-0.4822,-0.1326,-0.4386,-1.0867,164.87,-7.5,-2.5
401736348,20250823,2025,CHI,CON,84,94,1.66,2.21,-2.5,1.86,1.93,158.5,1.96,1.83,11,10,-10,178,0,0.0,1.0,-0.0569,0.0047,-109.3,-0.884,0.0,0.0,-13.91,-1.98,156.6,0.0318,0.0233,-0.0351,0.0059,0.0418,-4.67,-0.7727,1.1795,0.0966,-0.4454,-3.584,0.0356,0.1656,-0.0435,0.0,-0.1658,-0.409,0.1289,-0.1899,-0.3704,164.89,2.5,-12.5
401736349,20250824,2025,WSH,SEA,82,84,4.14,1.23,7.5,2.05,1.73,156.5,1.88,1.92,11,10,-2,166,0,1.0,1.0,-0.2484,-0.2828,-113.5,-2.902,-1.0,1.0,-12.82,-6.41,159.68,0.0629,0.0619,0.0929,-0.0162,0.0178,-3.88,0.0911,-0.5003,-0.0523,-0.436,0.5204,0.0448,-2.1231,0.0461,2.0,-0.1809,-0.6173,0.1201,-0.3303,-0.7236,165.08,-7.5,5.5
401736350,20250824,2025,DAL,GS,81,90,1.97,1.83,1.5,1.87,1.91,158.5,1.94,1.88,11,11,-9,171,0,0.0,1.0,-0.2492,-0.2832,-150.0,-7.164,0.0,0.0,-11.96,9.84,155.89,0.0456,-0.0257,-0.0281,-0.1628,-0.0444,0.58,-0.3348,0.0714,-0.1506,-0.3644,2.452,0.0189,1.0567,-0.1049,1.0,-0.0412,0.0231,-0.1497,0.1634,-0.0598,165.31,-1.5,-7.5
401736351,20250824,2025,MIN,IND,97,84,1.13,5.87,-11.5,1.85,1.91,166.5,1.78,2.0,11,10,13,181,1,1.0,1.0,0.3581,0.3708,155.3,1.11,0.0,0.0,-0.86,-3.2,160.14,-0.0165,0.0089,-0.0194,-0.0265,0.0228,2.01,0.401,-0.0246,0.0884,0.3072,-4.0687,-0.0611,0.7837,-0.177,0.0,0.1544,0.2773,0.0441,-0.0194,0.2837,165.23,11.5,1.5
401736352,20250825,2025,NY,CON,81,79,1.09,6.99,-14.5,1.91,1.85,164.5,1.71,2.08,11,10,2,160,1,0.0,0.0,0.3555,0.3728,178.3,3.829,0.0,0.0,-12.69,-0.37,156.95,0.0283,-0.0377,-0.0239,0.113,0.0764,-5.29,-0.2874,0.7984,0.2493,-0.1454,-4.3591,0.0643,-0.7807,-0.1374,1.0,0.0098,-0.2026,-0.0582,-0.2107,-0.201,165.61,14.5,-12.5
401736353,20250825,2025,CHI,LV,74,79,4.93,1.17,10.5,1.91,1.89,163.5,1.71,2.08,11,10,-5,153,0,1.0,0.0,-0.4495,-0.5261,-318.9,-3.996,0.0,0.0,-20.81,-0.06,155.06,0.046,0.0164,-0.0532,-0.0592,-0.041,-3.13,-0.4858,0.1433,-0.3202,-1.1136,1.1788,-0.0954,-0.7052,0.031,1.0,-0.4105,-0.5284,0.1011,-0.1864,-0.8122,165.48,-10.5,5.5
401736354,20250826,2025,IND,SEA,95,75,2.48,1.54,3.5,1.98,1.83,165.5,1.7,2.1,11,10,20,170,1,1.0,1.0,-0.1912,-0.2603,-9.4,-1.385,0.0,0.0,-13.11,-1.37,162.05,0.038,0.0902,0.0098,0.0415,0.0566,-3.99,-0.1276,-0.1928,-0.0027,-0.3438,2.0417,0.0187,-1.8035,0.1055,3.0,-0.2662,-0.4923,0.1873,-0.1087,-0.3495,165.44,-3.5,23.5
401736355,20250826,2025,LA,PHX,84,92,2.34,1.6,3.5,1.89,1.89,175.5,1.73,2.05,11,10,-8,176,0,0.0,1.0,-0.1434,-0.2566,-92.4,-7.702,1.0,0.0,-1.28,2.85,161.58,-0.004,0.0044,-0.0066,-0.0176,0.0427,1.65,-0.4309,0.2849,0.1177,-0.2988,-1.3197,-0.0269,-0.0801,-0.0472,0.0,0.1518,0.0699,-0.1389,-0.1163,-0.0635,165.61,-3.5,-4.5
401736356,20250827,2025,ATL,LV,75,81,1.61,2.32,-3.5,1.92,1.88,162.5,1.9,1.89,11,10,-6,156,0,0.0,0.0,0.0273,-0.0652,-15.4,0.79,2.0,0.0,-4.69,-2.51,152.9,-0.0026,0.0469,-0.0034,0.074,-0.0756,-0.93,0.5379,-0.6464,-0.1469,-0.1938,-1.6946,-0.0166,-1.1579,0.06,2.0,-0.2765,-0.2219,0.0458,-0.1645,-0.4338,165.72,3.5,-9.5
401736357,20250827,2025,DAL,CON,95,101,2.01,1.81,2.5,1.7,2.08,164.5,1.76,2.03,11,11,-6,196,0,0.0,1.0,-0.1593,-0.2237,-76.4,-1.874,1.0,0.0,-18.51,3.56,159.77,0.0091,-0.0478,0.0131,0.0313,-0.0281,-2.48,-0.5305,0.4074,-0.0573,-0.5011,-0.9846,0.1051,0.1829,-0.0128,2.0,-0.256,-0.2009,0.09,-0.2808,-0.4455,165.58,-2.5,-3.5
401736358,20250828,2025,NY,WSH,89,63,1.26,3.89,-12.5,2.45,1.51,159.5,1.93,1.89,11,10,26,152,1,1.0,0.0,0.3183,0.2325,179.0,3.901,-1.0,0.0,1.98,0.32,154.32,-0.0247,-0.0085,-0.1025,0.1274,0.0005,-0.89,0.069,0.1325,0.0643,0.2934,0.9729,0.0202,0.1344,-0.2202,0.0,0.1892,0.3207,-0.0319,-0.0516,0.2634,165.63,12.5,13.5
401736359,20250828,2025,MIN,SEA,79,93,1.25,3.92,-9.5,2.02,1.76,163.5,1.77,2.0,11,10,-14,172,0,0.0,1.0,0.3869,0.2757,166.7,0.943,2.0,0.0,-0.01,-3.07,158.98,0.0218,0.1161,0.0097,0.0311,0.0871,-2.59,0.3186,-0.0521,0.2561,0.4951,-1.0245,-0.0049,-2.0525,-0.1766,4.0,0.1012,-0.1852,0.2623,-0.0821,0.1981,165.45,9.5,-23.5
401736360,20250828,2025,PHX,CHI,83,79,1.13,5.88,-12.5,1.94,1.83,164.5,1.86,1.93,11,10,4,162,1,0.0,0.0,0.277,0.3886,244.5,5.214,-1.0,0.0,9.57,1.27,158.75,-0.0284,-0.0361,-0.0068,0.1047,0.0217,0.39,1.0036,-0.9951,0.1706,0.7228,-0.6124,0.0752,-0.7186,0.0326,0.0,0.1076,0.2471,-0.079,0.1772,0.4544,165.52,12.5,-8.5
401736361,20250829,2025,ATL,DAL,100,78,1.07,8.58,-16.5,1.99,1.78,163.5,1.73,2.06,11,10,22,178,1,1.0,1.0,0.5307,0.4175,254.9,6.937,0.0,0.0,18.24,-7.25,158.13,-0.0115,0.073,0.0152,0.0818,-0.0153,0.64,0.6182,-0.1812,-0.0818,0.6658,-5.86,0.0038,0.2562,0.1078,0.0,-0.0095,0.0074,0.1231,-0.1,-0.0236,165.29,16.5,5.5
401736362,20250829,2025,LA,IND,75,76,1.7,2.16,-3.5,1.97,1.78,177.5,1.73,2.05,11,10,-1,151,0,0.0,0.0,-0.0885,-0.1297,-121.3,-2.481,0.0,0.0,-6.08,2.16,162.0,0.0035,-0.0315,-0.0132,0.062,-0.0303,1.15,-0.1853,0.0709,0.0325,-0.1736,-1.5208,0.0375,0.591,-0.0523,0.0,0.0911,0.0044,-0.1064,0.0394,-0.0087,165.29,3.5,-4.5
401736363,20250830,2025,CON,MIN,70,94,6.45,1.11,12.5,1.92,1.84,163.5,1.88,1.9,11,10,-24,164,0,0.0,1.0,-0.612,-0.5911,-253.5,-1.146,1.0,0.0,8.26,1.51,157.84,-0.0224,-0.0283,0.0254,-0.0338,-0.0942,1.43,-0.2134,-0.4594,-0.2565,-0.1941,4.2159,0.0321,-0.1954,0.1464,0.0,-0.1261,-0.0387,-0.0513,0.2037,-0.1163,165.29,-12.5,-11.5
401736364,20250830,2025,GS,WSH,99,62,1.52,2.52,-5.5,2.05,1.72,148.5,1.93,1.85,11,10,37,161,1,1.0,1.0,0.0377,0.0382,92.1,4.946,3.0,0.0,13.44,-3.4,149.1,-0.0593,0.0381,-0.0201,0.2105,-0.0057,0.62,-0.1836,0.2937,0.1154,0.4277,0.5878,0.0695,-0.2697,-0.0253,1.0,-0.1095,0.1175,0.1561,0.0533,0.2742,165.25,5.5,31.5
401736365,20250830,2025,SEA,CHI,79,69,1.15,5.38,-11.5,1.97,1.8,162.5,1.85,1.94,11,10,10,148,1,0.0,0.0,0.4404,0.4796,259.3,1.235,0.0,0.0,10.56,1.55,159.36,-0.0777,-0.1288,-0.0008,0.0185,0.0184,6.14,0.7787,-0.5235,0.1098,0.4873,-2.1489,-0.0309,2.323,-0.0526,1.0,0.4582,0.8315,-0.3569,0.1203,0.669,165.14,11.5,-1.5
401736366,20250830,2025,PHX,NY,80,63,1.82,1.98,-1.5,1.9,1.87,166.5,1.94,1.85,11,11,17,143,1,1.0,0.0,-0.1247,-0.0858,-70.2,-1.235,0.0,0.0,-2.44,3.69,155.63,0.0007,0.0364,-0.0115,-0.0075,-0.0422,3.27,0.1326,-0.4367,-0.0906,0.1079,0.4201,0.0252,1.2037,0.0525,0.0,-0.1398,0.0172,0.0919,0.3254,0.2733,165.03,1.5,15.5
401736367,20250831,2025,LA,WSH,81,78,1.25,3.89,-8.5,1.91,1.87,168.5,1.92,1.87,11,10,3,159,1,0.0,0.0,0.0392,0.0253,18.4,-0.154,1.0,-1.0,15.44,4.21,157.48,-0.0004,0.0413,-0.0465,0.0921,0.0301,1.77,-0.4412,0.6998,0.2044,0.3702,-1.3437,0.005,0.2117,-0.1465,2.0,0.1298,0.0661,0.0512,0.1496,0.3586,164.88,8.5,-5.5
401736368,20250831,2025,GS,IND,75,63,2.3,1.62,1.5,2.13,1.68,158.5,1.76,2.03,11,10,12,138,1,1.0,0.0,0.0057,0.0325,-30.2,5.066,-1.0,1.0,3.28,-6.58,154.54,-0.0315,-0.0882,0.0637,0.1939,-0.0206,-0.44,-0.0012,0.0374,0.0902,0.2656,-0.7849,0.1312,0.3775,-0.0728,1.0,0.01,-0.0601,-0.0015,-0.0904,-0.0959,165.0,-1.5,13.5
401736369,20250901,2025,CON,ATL,76,93,5.13,1.16,10.5,1.91,1.88,159.5,1.92,1.9,11,10,-17,169,0,0.0,1.0,-0.5657,-0.5737,-175.2,-4.162,-1.0,0.0,-8.65,3.84,153.94,0.0191,-0.0093,0.0425,-0.1408,0.0235,0.09,-0.4053,-0.1996,-0.299,-0.6447,5.5149,-0.0692,-1.6542,-0.2469,0.0,-0.1111,-0.1952,-0.0887,0.035,-0.4086,165.03,-10.5,-6.5
401736371,20250901,2025,SEA,LA,85,91,1.3,3.52,-8.5,1.98,1.79,172.5,1.88,1.94,11,10,-6,176,0,0.0,1.0,0.3861,0.3809,124.9,2.864,1.0,-1.0,9.86,-1.41,161.68,-0.0407,-0.0258,0.001,-0.0947,0.0285,4.6,0.3935,-0.0244,-0.0228,0.2893,0.2921,-0.0346,2.7841,0.0327,0.0,0.2241,0.6116,-0.098,0.1305,0.5315,165.25,8.5,-14.5
401736372,20250902,2025,GS,NY,66,58,2.91,1.41,4.5,2.07,1.71,154.5,1.85,1.94,11,10,8,124,1,1.0,0.0,-0.2506,-0.2465,-63.1,1.238,-1.0,0.0,11.97,-0.96,148.76,-0.0272,-0.0271,0.0161,0.0799,0.0415,1.64,-0.3102,-0.0017,0.0495,0.4055,1.5619,0.0631,0.7043,0.0677,1.0,-0.2049,-0.1766,0.0093,0.0204,-0.1933,165.37,-4.5,12.5
401736373,20250902,2025,PHX,IND,85,79,1.3,3.52,-7.5,1.88,1.91,164.5,1.75,2.04,11,10,6,164,1,0.0,0.0,0.2861,0.2861,10.1,3.99,1.0,0.0,6.56,-1.38,158.11,-0.0113,-0.0267,0.0047,0.0708,-0.0037,1.68,0.5173,-0.387,0.0952,0.5002,-1.3761,0.0622,1.5936,0.0621,2.0,0.1903,0.2103,-0.0011,0.0851,0.3312,164.95,7.5,-1.5
401736374,20250903,2025,ATL,LA,86,75,1.47,2.68,-7.5,2.25,1.62,168.5,1.9,1.91,11,10,11,161,1,1.0,0.0,0.4346,0.4005,167.8,3.908,0.0,0.0,10.31,-7.68,156.6,-0.0613,0.065,-0.0028,0.0346,-0.0215,0.37,0.6184,-0.2587,0.0756,0.557,-1.7058,0.0167,1.5257,0.1724,1.0,0.0312,0.5456,0.0852,-0.0098,0.5007,164.93,7.5,3.5
401736375,20250903,2025,CHI,CON,88,64,1.77,2.05,-1.5,1.85,1.92,162.5,1.87,1.92,11,10,24,152,1,1.0,0.0,0.0445,0.0661,-121.2,0.548,2.0,0.0,1.86,0.76,156.98,0.062,0.0546,-0.0022,0.0125,0.0321,-1.66,-0.3547,0.6523,0.0359,-0.2099,-0.8264,-0.0182,1.031,0.2248,0.0,-0.1171,-0.2679,0.3788,-0.0898,-0.0237,164.83,1.5,22.5
401736376,20250904,2025,WSH,PHX,69,75,4.24,1.22,9.5,1.84,1.95,158.5,1.85,1.94,11,10,-6,144,0,1.0,0.0,-0.4299,-0.4164,-156.2,-3.817,2.0,0.0,-24.82,-0.94,155.32,0.0176,-0.0625,0.0084,-0.081,-0.0022,-2.64,-0.3179,-0.1019,-0.257,-0.9473,0.7917,-0.0048,-1.2039,0.1658,0.0,-0.1901,-0.3573,-0.1875,-0.2952,-0.8773,164.82,-9.5,3.5
401736377,20250904,2025,GS,DAL,84,80,1.16,5.25,-11.5,2.0,1.77,158.5,1.75,2.05,11,10,4,164,1,0.0,1.0,0.3325,0.3117,206.3,11.758,-3.0,0.0,26.93,-9.43,156.74,0.0005,0.013,0.0754,0.166,0.0978,-0.5,0.2629,0.0977,0.1109,0.9239,-2.2118,0.0187,-0.2223,0.0389,1.0,0.1385,-0.1806,0.1618,-0.2979,-0.1703,164.75,11.5,-7.5
401736378,20250904,2025,LV,MIN,97,87,2.08,1.75,2.5,1.8,1.97,163.5,1.85,1.94,11,10,10,184,1,1.0,1.0,-0.1902,-0.1929,-66.6,2.222,0.0,0.0,2.85,0.44,154.08,-0.0201,-0.0587,0.0016,0.0018,-0.0403,0.5,-0.7519,0.6187,-0.1177,0.1911,0.3114,0.1118,1.4645,0.1316,1.0,-0.029,0.0226,-0.0855,0.1339,-0.0139,164.85,-2.5,12.5
401736379,20250905,2025,ATL,LA,104,85,1.41,2.88,-6.5,2.01,1.76,168.5,1.79,1.98,11,10,19,189,1,1.0,1.0,0.4549,0.4209,174.9,3.615,0.0,0.0,14.5,-6.81,157.6,-0.0558,0.0657,-0.0348,0.0334,0.0017,0.77,0.5395,-0.1223,0.1233,0.7129,-0.5141,0.0494,2.0802,0.1306,2.0,0.0817,0.488,0.1443,-0.0146,0.5129,165.05,6.5,12.5
401736380,20250905,2025,IND,CHI,97,77,1.13,5.73,-13.5,2.17,1.65,158.5,1.68,2.06,11,10,20,174,1,1.0,1.0,0.1294,0.2376,227.8,0.061,1.0,0.0,-2.81,1.79,157.11,-0.0381,-0.0523,-0.0721,0.0458,0.0184,-0.21,0.4457,-0.3362,0.2002,0.0411,-1.0916,-0.0082,-1.7628,0.0156,0.0,0.0783,0.1013,0.1939,0.1964,0.5903,165.17,13.5,6.5
401736381,20250905,2025,SEA,NY,76,84,1.79,2.03,-2.5,2.01,1.76,159.5,1.79,2.0,11,10,-8,160,0,0.0,1.0,-0.0024,-0.0008,-43.6,-3.11,1.0,0.0,3.02,6.66,155.18,-0.0328,-0.037,-0.0315,-0.0834,0.0214,6.08,-0.0306,-0.0169,-0.011,0.176,0.3182,-0.0273,3.5428,0.001,2.0,0.1115,0.3865,-0.0516,0.3036,0.4879,165.17,2.5,-10.5
401736382,20250906,2025,CON,PHX,87,84,5.12,1.17,10.5,1.89,1.9,161.5,1.9,1.91,11,10,3,171,1,1.0,1.0,-0.5632,-0.5274,-173.4,-4.376,1.0,0.0,-21.74,0.46,155.44,0.0062,0.042,0.0175,-0.1521,-0.0551,-1.03,-0.5926,0.1656,-0.2815,-0.8283,4.3187,-0.0079,-1.4018,-0.0774,1.0,-0.1373,-0.2373,-0.1048,0.0329,-0.4319,165.17,-10.5,13.5
401736383,20250906,2025,GS,MIN,72,78,3.02,1.38,6.5,1.81,1.96,154.5,1.86,1.92,11,10,-6,150,0,1.0,0.0,-0.4621,-0.4473,-140.0,6.296,0.0,0.0,9.96,-1.64,151.47,0.0074,-0.0282,0.0853,0.1111,-0.0436,-1.03,-0.5446,0.1441,-0.2209,0.0918,1.4375,0.1446,0.2877,0.1012,2.0,-0.2201,-0.3717,-0.0299,-0.2633,-0.7665,165.21,-6.5,0.5
401736384,20250907,2025,WSH,IND,65,94,3.09,1.37,5.5,1.97,1.8,159.5,1.71,2.09,11,10,-29,159,0,0.0,0.0,-0.1682,-0.1553,-144.9,-0.921,1.0,0.0,-18.97,-2.45,157.89,0.0037,-0.1037,0.0319,-0.0276,-0.0169,-0.15,0.0922,-0.3189,-0.201,-0.562,-3.5105,0.0091,1.2247,0.083,0.0,-0.0567,-0.1439,-0.133,-0.2031,-0.5396,165.03,-5.5,-23.5
401736385,20250907,2025,LA,DAL,91,77,1.21,4.37,-10.5,2.04,1.77,178.5,1.7,2.07,11,10,14,168,1,1.0,0.0,0.1969,0.1731,97.3,2.119,-1.0,0.0,8.71,-1.5,163.75,0.0213,0.0279,0.054,0.0531,0.0058,-1.02,0.0105,0.1894,0.0757,0.1939,-3.686,-0.0137,-0.4577,0.0039,2.0,0.1704,-0.2486,0.0117,-0.1442,-0.1805,165.15,10.5,3.5
401736386,20250907,2025,LV,CHI,80,66,1.05,10.18,-17.5,1.95,1.81,160.5,1.86,1.94,11,10,14,146,1,0.0,0.0,0.4993,0.7246,329.3,2.419,1.0,0.0,13.15,-0.6,155.61,-0.0871,-0.1401,-0.1477,0.0802,0.0804,2.55,0.2125,0.5556,0.4447,1.0208,-3.2329,0.0881,0.844,-0.0849,1.0,0.5531,0.6767,-0.0484,0.3591,1.2321,165.27,17.5,-3.5
401736387,20250908,2025,ATL,CON,87,62,1.07,8.15,-14.5,1.87,1.93,157.5,1.71,2.1,11,10,25,149,1,1.0,0.0,0.6514,0.6626,217.2,4.221,1.0,0.0,24.59,-3.53,155.29,-0.0455,0.0442,-0.107,0.1676,0.0298,0.59,0.7412,-0.0666,0.437,1.0426,-4.1433,0.0656,1.5033,0.076,0.0,0.3218,0.5124,-0.0647,0.0323,0.6889,165.16,14.5,10.5
401736388,20250909,2025,NY,WSH,75,66,1.07,8.07,-14.5,1.9,1.9,157.5,1.91,1.9,11,10,9,141,1,0.0,0.0,0.5237,0.6722,216.3,6.055,2.0,0.0,21.53,-3.86,151.48,-0.0057,0.0155,0.0495,0.1298,0.0485,0.75,0.5236,0.1583,0.3668,0.6806,0.0016,0.0453,0.5081,-0.1622,0.0,0.516,0.4466,0.1027,-0.0465,0.7753,165.0,14.5,-5.5
401736389,20250909,2025,IND,MIN,83,72,2.07,1.75,2.5,1.8,1.95,162.5,1.73,2.08,11,10,11,155,1,1.0,0.0,-0.4976,-0.3988,-130.3,-0.711,-1.0,0.0,4.71,2.95,156.21,-0.0016,0.0298,0.0106,-0.0422,-0.068,-1.87,-0.6494,0.3385,-0.136,-0.0384,3.5866,0.0112,-1.9462,0.2816,3.0,-0.2124,-0.2457,0.0549,0.2068,-0.0797,165.02,-2.5,13.5
401736390,20250909,2025,LV,CHI,92,61,1.04,11.3,-17.5,1.86,1.91,159.5,1.88,1.93,11,10,31,153,1,1.0,0.0,0.5018,0.778,332.6,2.967,0.0,0.0,14.78,-0.66,154.82,-0.0894,-0.1554,-0.1391,0.0993,0.0677,3.4,0.2495,0.6125,0.5086,1.1449,-2.0814,0.0786,1.3808,-0.1367,2.0,0.6468,0.6664,0.0302,0.223,1.2242,164.85,17.5,13.5
401736391,20250909,2025,PHX,LA,83,88,1.35,3.18,-7.5,2.0,1.8,172.5,1.79,1.97,11,10,-5,171,0,0.0,0.0,0.3272,0.3272,121.8,3.431,1.0,0.0,6.82,-4.16,160.73,-0.0053,0.0138,-0.0121,0.0443,0.0533,1.02,0.7345,-0.6024,0.031,0.4134,1.6319,-0.0108,1.1904,0.0571,0.0,0.0227,0.254,0.1445,0.1188,0.4439,164.91,7.5,-12.5
401736392,20250909,2025,SEA,GS,74,73,1.33,3.31,-7.5,1.95,1.82,151.5,1.8,1.96,11,10,1,147,1,0.0,0.0,0.201,0.2742,-2.9,-6.198,1.0,0.0,-11.07,4.81,156.14,-0.0177,-0.0474,-0.0395,-0.1138,-0.0113,5.59,0.4143,-0.1973,-0.0238,-0.2323,0.3962,-0.0585,2.5332,-0.1159,0.0,0.3953,0.7045,-0.1556,0.2952,0.7651,164.93,7.5,-6.5
401736393,20250910,2025,CON,ATL,72,88,6.4,1.11,12.5,1.9,1.88,156.5,1.8,1.97,11,10,-16,160,0,0.0,1.0,-0.7036,-0.6958,-226.7,-4.284,0.0,0.0,-36.07,1.84,155.8,0.0517,-0.0415,0.1095,-0.1588,-0.0342,-2.32,-0.4876,-0.3366,-0.4927,-1.2801,3.1401,-0.0898,-1.6065,-0.0699,0.0,-0.4199,-0.5875,0.0364,0.0403,-0.7574,164.53,-12.5,-3.5
401736394,20250911,2025,CHI,NY,86,91,7.72,1.08,9.5,2.4,1.53,156.5,1.86,1.94,11,10,-5,177,0,1.0,1.0,-0.6515,-0.8309,-297.2,-5.975,0.0,0.0,-15.45,2.91,151.29,0.0411,0.1276,0.0592,-0.1271,-0.0533,0.68,-0.6085,-0.4152,-0.4079,-0.7483,0.7933,-0.0221,0.9943,0.122,0.0,-0.5176,-0.4675,-0.0656,-0.2142,-1.053,164.37,-9.5,4.5
401736395,20250911,2025,DAL,PHX,97,76,2.89,1.41,3.5,2.19,1.63,163.5,1.65,2.18,11,10,21,173,1,1.0,1.0,-0.3959,-0.3487,-221.8,-5.149,2.0,0.0,-14.26,4.69,161.11,-0.0,-0.0452,-0.0436,-0.1017,-0.0745,-0.98,-0.6414,0.3621,-0.0297,-0.6841,1.0004,0.0715,-0.5055,-0.0488,0.0,-0.1032,0.0015,-0.0239,0.1205,0.0372,164.54,-3.5,24.5
401736396,20250911,2025,MIN,GS,72,53,1.32,3.35,-8.5,2.1,1.7,153.5,2.02,1.78,11,10,19,125,1,1.0,0.0,0.3422,0.3903,143.1,-5.889,0.0,0.0,-3.89,1.46,151.82,-0.0076,0.0306,-0.0548,-0.1063,0.0248,1.55,0.6234,-0.2877,0.1566,-0.1005,-0.6936,-0.1282,0.0335,-0.0331,1.0,0.2716,0.4539,0.0278,0.2088,0.7214,164.49,8.5,10.5
401736397,20250911,2025,LA,LV,75,103,4.65,1.19,9.5,1.94,1.82,168.5,1.75,2.05,11,10,-28,178,0,0.0,1.0,-0.3598,-0.3069,-194.8,-3.502,0.0,0.0,-14.95,5.7,158.17,0.0235,0.0379,0.0939,0.0115,-0.1218,-3.33,-0.5886,-0.0163,-0.1115,-0.5672,-0.6505,-0.0614,-2.7249,-0.1235,0.0,-0.3793,-0.4395,0.0544,0.1068,-0.3747,164.37,-9.5,-18.5
401820272,20250914,2025,MIN,GS,101,72,1.09,7.22,-13.5,1.92,1.87,147.5,1.79,2.0,9,10,29,173,1,1.0,1.0,0.3795,0.4818,154.7,-4.242,0.0,0.0,9.53,0.19,151.85,-0.0097,0.0259,-0.0765,-0.0865,0.0505,1.19,0.9072,-0.5789,0.2098,0.246,-0.8707,-0.1433,0.1837,0.0038,2.0,0.3089,0.4322,0.0095,0.1385,0.6988,164.43,13.5,15.5
401820313,20250914,2025,ATL,IND,80,68,1.29,3.58,-7.5,1.85,1.91,158.5,1.79,2.01,9,10,12,148,1,1.0,0.0,0.3666,0.3287,56.8,1.798,-1.0,0.0,7.82,-1.96,155.57,-0.0284,-0.008,-0.0444,0.1144,-0.0325,3.43,0.4912,-0.2531,0.1783,0.4906,-2.7051,0.0851,3.8679,-0.1397,0.0,0.2031,0.306,0.0094,0.0506,0.4034,164.55,7.5,4.5
401820315,20250914,2025,LV,SEA,102,77,1.38,3.02,-7.5,2.13,1.69,159.5,1.71,2.1,9,10,25,179,1,1.0,1.0,0.1066,0.245,116.7,3.249,-2.0,0.0,17.84,-2.65,156.45,-0.0226,-0.0182,-0.1006,0.0812,0.0704,-0.14,-0.1427,0.5055,0.3633,0.7437,-2.0404,0.0668,-0.398,-0.0118,0.0,0.2289,0.059,0.1561,0.0587,0.5132,164.23,7.5,17.5
401820316,20250916,2025,IND,ATL,77,60,2.42,1.57,4.5,1.81,1.96,157.5,1.72,2.08,9,9,17,137,1,1.0,0.0,-0.3906,-0.3541,-69.9,-1.968,0.0,0.0,-8.71,0.53,155.69,0.0221,-0.0077,0.0589,-0.1059,-0.0014,-4.0,-0.2894,-0.1376,-0.2144,-0.7278,1.3993,-0.0959,-3.9953,0.044,0.0,-0.258,-0.3285,-0.026,-0.0517,-0.4736,164.53,-4.5,21.5
401820317,20250916,2025,SEA,LV,86,83,2.68,1.47,4.5,1.93,1.86,159.5,1.72,2.08,9,9,3,169,1,1.0,1.0,-0.2451,-0.2715,-132.8,-3.463,0.0,0.0,-29.42,2.39,156.04,0.0236,0.0066,0.0774,-0.0865,-0.0592,-1.41,0.4007,-0.869,-0.3955,-1.0627,2.0434,-0.06,-0.2559,0.1059,0.0,-0.2965,-0.0901,-0.0961,0.0041,-0.461,164.47,-4.5,7.5
401820318,20250917,2025,NY,PHX,60,86,1.5,2.6,-4.5,1.86,1.94,159.5,1.83,1.97,9,9,-26,146,0,0.0,0.0,0.2232,0.1038,91.1,0.771,0.0,0.0,11.62,-4.19,155.71,0.0237,0.0135,0.0198,-0.0155,-0.0084,-1.69,-0.0507,0.3468,0.0473,0.1871,-1.4193,0.0615,0.4856,0.026,0.0,0.1444,-0.0925,0.0127,-0.1825,-0.1139,164.77,4.5,-30.5
401820319,20250917,2025,GS,MIN,74,75,5.28,1.16,10.5,1.91,1.88,151.5,1.89,1.91,9,9,-1,149,0,1.0,0.0,-0.4252,-0.5096,-169.5,2.982,0.0,0.0,-20.43,0.16,153.68,0.0221,-0.0478,0.0836,0.0966,-0.0686,-1.78,-0.7156,0.2876,-0.2858,-0.5914,0.523,0.1203,0.3023,0.0071,0.0,-0.3594,-0.4113,-0.0368,-0.1202,-0.7259,164.57,-10.5,9.5
401820320,20250918,2025,ATL,IND,85,87,1.3,3.54,-7.5,1.92,1.88,153.5,1.84,1.94,10,10,-2,172,0,0.0,1.0,0.3256,0.3417,41.7,1.367,0.0,0.0,-2.91,-0.82,156.01,-0.0203,-0.0006,-0.0649,0.0871,-0.0038,3.42,0.2447,0.1123,0.2045,0.2954,0.2972,-0.0028,3.1675,-0.0136,0.0,0.244,0.4058,-0.0084,0.1773,0.6159,164.39,7.5,-9.5
401820321,20250918,2025,LV,SEA,74,73,1.28,3.65,-8.5,1.99,1.79,158.5,1.9,1.91,10,10,1,147,1,0.0,0.0,0.2462,0.2572,120.5,3.409,0.0,0.0,25.01,-2.08,155.53,-0.0202,-0.026,-0.0068,0.0879,0.0338,1.13,-0.4913,0.9525,0.372,0.8359,-2.6138,0.0301,0.1374,-0.1979,0.0,0.2803,0.0658,0.083,-0.0151,0.4065,163.66,8.5,-7.5
401820324,20250919,2025,PHX,NY,79,73,1.64,2.26,-2.5,1.86,1.96,155.5,1.9,1.92,10,10,6,152,1,1.0,0.0,-0.1336,-0.0969,-40.6,0.962,0.0,0.0,0.22,3.46,155.66,-0.0346,-0.0106,-0.0541,0.0033,0.0123,2.14,0.055,-0.2234,-0.0127,0.1836,2.0057,-0.0093,-0.8512,-0.0596,0.0,-0.0451,0.1429,0.0489,0.0283,0.1033,163.45,2.5,3.5
401820327,20250921,2025,LV,IND,73,89,1.23,4.2,-9.5,1.96,1.85,160.5,1.62,2.2,10,10,-16,162,0,0.0,1.0,0.4623,0.5139,72.9,-1.486,0.0,0.0,6.03,-2.3,156.12,-0.0056,-0.0795,-0.0311,0.0774,0.0849,5.03,-0.1962,0.7809,0.3854,0.405,-1.5639,0.03,3.6442,-0.1629,1.0,0.6425,0.5259,-0.0407,0.0724,0.8242,163.25,9.5,-25.5
401820328,20250921,2025,MIN,PHX,82,69,1.26,3.92,-8.5,1.93,1.9,157.5,1.77,1.99,9,10,13,151,1,1.0,0.0,0.258,0.2872,141.5,-3.466,2.0,0.0,8.12,-3.71,156.62,0.0129,0.0676,-0.0448,-0.0187,0.0274,0.6,0.3156,-0.0217,0.1613,0.1222,-0.676,-0.1193,0.5679,0.1462,0.0,0.309,0.1392,-0.0195,-0.0363,0.2809,163.27,8.5,4.5
401820331,20250923,2025,LV,IND,90,68,1.22,4.31,-9.5,1.96,1.86,164.5,1.92,1.9,10,10,22,158,1,1.0,0.0,0.3404,0.3827,37.5,-2.31,0.0,0.0,-2.68,-2.09,156.76,-0.0012,-0.0505,-0.0377,0.0666,0.0689,4.37,-0.1439,0.6069,0.2609,0.0283,-1.2146,0.0069,3.3727,-0.0881,2.0,0.5064,0.4009,-0.0182,0.0445,0.6164,163.36,9.5,12.5
401820333,20250926,2025,PHX,MIN,84,76,2.44,1.56,4.5,1.87,1.95,158.5,1.84,1.95,9,9,8,160,1,1.0,1.0,-0.2346,-0.2616,-129.9,3.328,0.0,0.0,-6.49,2.75,161.7,-0.0179,-0.0573,0.0368,0.0052,-0.0088,-2.85,-0.2185,-0.0939,-0.1355,-0.1871,0.7248,0.065,-2.2464,-0.2676,0.0,-0.3456,-0.1305,0.0134,0.0468,-0.2642,163.29,-4.5,12.5
401820334,20250926,2025,IND,LV,72,84,2.42,1.57,3.5,1.94,1.87,161.5,1.79,2.0,10,10,-12,156,0,0.0,0.0,-0.3982,-0.4209,-59.0,1.497,0.0,0.0,-5.88,0.69,156.04,0.01,0.038,0.0234,-0.0341,-0.0588,-5.11,0.0855,-0.5737,-0.2874,-0.3607,0.6325,0.0128,-2.9213,0.1332,0.0,-0.5544,-0.4479,0.0237,-0.0476,-0.6851,163.11,-3.5,-8.5
401820337,20250928,2025,IND,LV,90,83,2.32,1.61,3.5,1.85,1.95,158.5,1.7,2.13,10,10,7,173,1,1.0,1.0,-0.4204,-0.3882,-83.3,0.854,0.0,0.0,-5.82,0.27,157.51,0.0047,0.0694,0.0186,-0.0147,-0.0579,-5.62,0.3116,-0.8099,-0.2027,-0.5825,0.8763,-0.0207,-3.1292,0.0637,1.0,-0.4874,-0.4171,0.1261,-0.0495,-0.5401,163.15,-3.5,10.5
401820338,20250928,2025,PHX,MIN,86,81,1.51,2.58,-5.5,2.0,1.78,155.5,1.88,1.92,10,10,5,167,1,0.0,1.0,-0.2157,-0.0587,-110.0,3.679,0.0,0.0,1.81,2.66,160.73,-0.0052,-0.0329,0.0537,-0.0028,0.0097,-2.41,-0.3082,0.2311,0.0015,0.0743,1.127,0.0522,-2.1218,-0.154,1.0,-0.1423,-0.1347,0.0889,0.2253,0.1077,163.29,5.5,-0.5
401820322,20251003,2025,LV,PHX,89,86,1.62,2.3,-4.5,2.09,1.71,158.5,1.68,2.17,10,10,3,175,1,0.0,1.0,0.1974,0.231,84.5,-2.171,-2.0,0.0,1.57,-1.11,163.54,-0.0076,-0.0333,0.0131,-0.0655,0.0678,5.25,-0.7143,1.0765,0.2168,0.177,3.7032,0.0179,3.854,-0.1127,0.0,0.6555,0.421,-0.1608,-0.0835,0.4704,163.42,4.5,-1.5
401820325,20251005,2025,LV,PHX,91,78,1.66,2.24,-3.5,1.96,1.82,163.5,1.88,1.93,10,10,13,169,1,1.0,1.0,0.1838,0.1838,90.0,-2.837,0.0,0.0,6.05,-0.29,162.84,-0.0183,-0.0239,0.0297,-0.086,0.0432,4.91,-0.5915,0.9285,0.1563,0.2394,2.9935,0.001,2.9403,-0.0569,1.0,0.5192,0.4237,-0.1511,-0.0252,0.4443,163.51,3.5,9.5
401820326,20251008,2025,PHX,LV,88,90,1.53,2.53,-4.5,1.94,1.88,163.5,1.92,1.9,10,10,-2,178,0,0.0,1.0,-0.21,-0.21,-101.8,2.294,0.0,0.0,-6.75,-0.16,163.52,0.0129,0.0109,-0.0229,0.0995,-0.0565,-4.7,0.576,-0.9388,-0.1809,-0.5122,-3.3295,0.0271,-3.2534,0.0523,0.0,-0.5462,-0.4276,0.1159,0.0205,-0.5031,163.3,4.5,-6.5
401820329,20251010,2025,PHX,LV,86,97,2.11,1.74,1.5,1.98,1.84,163.5,1.87,1.95,10,10,-11,183,0,0.0,1.0,-0.251,-0.3465,-110.7,2.797,0.0,0.0,-6.19,0.87,162.83,0.0117,0.0093,-0.0048,0.0802,-0.0544,-5.19,0.3849,-0.907,-0.2982,-0.4965,-3.3501,-0.0031,-3.5816,0.114,1.0,-0.6926,-0.4934,-0.0554,-0.0563,-0.8728,163.64,-1.5,-9.5
401866519,20260503,2026,CON,NY,67,79,4.2,1.2,10.5,1.77,1.9,161.5,1.81,1.91,9,8,-12,146,0,0.0,0.0,-0.3835,-0.4806,-135.0,-3.668,0.0,0.0,-12.34,0.72,156.9,-0.0085,0.0637,-0.0232,-0.1348,-0.0245,-1.22,0.0,-0.4145,-0.2236,-0.3945,1.604,-0.0228,-1.6304,-0.0248,0.0,-0.153,-0.1335,0.3274,-0.0478,-0.0961,163.43,-10.5,-1.5
401866520,20260503,2026,DAL,LV,101,84,2.44,1.52,5.5,1.74,1.92,168.5,1.79,1.87,9,9,17,185,1,1.0,1.0,-0.4889,-0.5493,-233.5,-4.155,0.0,0.0,-11.29,0.66,164.33,0.0134,0.0204,-0.0955,0.0047,-0.0928,-3.47,0.0878,-0.65,-0.0789,-0.5861,-1.837,-0.009,-2.1097,-0.0511,0.0,-0.4392,-0.2644,-0.0659,0.1125,-0.3414,163.33,-5.5,22.5
401867795,20260503,2026,ATL,WSH,72,83,1.34,3.1,-6.5,1.87,1.87,159.5,1.75,1.91,9,9,-11,155,0,0.0,0.0,0.3938,0.2974,165.1,7.391,0.0,0.0,21.22,1.83,156.47,-0.0271,0.0963,-0.0508,0.0915,0.0283,3.08,0.0,0.3153,0.1691,0.8621,3.3848,0.0333,1.7643,-0.1116,0.0,0.0229,0.6523,-0.1601,-0.1217,0.2892,163.22,6.5,-17.5
401856890,20260508,2026,NY,CON,106,75,1.16,5.19,-11.5,2.1,1.7,159.5,1.85,1.91,9,9,31,181,1,1.0,1.0,0.2922,0.401,153.8,3.253,0.0,0.0,13.22,-0.58,157.03,-0.0072,-0.0579,0.048,0.1284,0.0182,2.5,-0.1506,0.4876,0.2126,0.3698,-1.8507,0.0442,1.5138,0.0206,0.0,0.2251,0.26,-0.0708,0.0297,0.3739,163.09,11.5,19.5
401856891,20260508,2026,TOR,WSH,65,68,1.81,1.98,-1.5,1.93,1.86,159.5,1.8,2.02,9,9,-3,133,0,0.0,0.0,-0.1637,-0.197,65.4,10.951,0.0,0.0,-0.42,-1.13,155.21,-0.052,0.0247,-0.0349,0.0827,-0.0598,-1.49,-0.2618,0.052,-0.1384,0.0115,14.17,0.039,-1.5834,-0.1995,1.0,-0.3211,-0.0328,-0.1227,-0.3918,-0.6767,163.29,1.5,-4.5
401856892,20260508,2026,SEA,GS,80,91,2.89,1.41,4.5,2.01,1.77,155.5,1.8,1.98,9,9,-11,171,0,0.0,1.0,0.0784,-0.0548,10.9,-4.982,0.0,0.0,5.88,2.36,155.46,-0.028,0.0016,-0.039,-0.1286,0.0488,1.79,0.0,-0.1887,0.0392,0.1324,1.1736,-0.0297,1.372,0.2183,0.0,0.0924,-0.0035,0.1401,0.1057,0.1852,162.91,-4.5,-6.5
401856893,20260509,2026,IND,DAL,104,107,1.4,2.89,-7.5,2.15,1.67,175.5,1.69,2.02,9,9,-3,211,0,0.0,1.0,0.0689,-0.0068,162.5,4.382,0.0,0.0,3.71,-0.12,166.22,0.0363,0.0455,0.0896,-0.0099,0.0488,-0.93,0.0933,-0.1281,-0.0516,0.0763,1.686,0.0378,-0.5945,0.1855,0.0,0.0625,-0.0782,0.1107,-0.0831,-0.0633,162.97,7.5,-10.5
401856894,20260509,2026,LV,PHX,66,99,1.21,4.29,-9.5,1.87,1.88,165.5,1.72,2.08,9,9,-33,165,0,0.0,0.0,0.067,-0.0229,72.8,-4.181,2.0,0.0,6.89,1.74,165.13,-0.0271,-0.0359,0.0705,-0.0419,0.0486,5.42,0.0212,0.0438,-0.0243,0.1207,2.8394,-0.0412,2.9069,-0.1848,0.0,0.2314,0.219,-0.1764,-0.0409,0.0346,162.99,9.5,-42.5
401856895,20260509,2026,POR,CHI,83,98,2.74,1.45,4.5,1.95,1.82,159.5,1.58,2.2,9,9,-15,181,0,0.0,1.0,0.1044,-0.1848,126.1,6.641,2.0,0.0,0.52,8.57,161.83,0.079,-0.0816,0.2153,0.0296,-0.0882,0.07,-0.0119,-0.2433,-0.2243,0.214,13.1196,-0.0286,-2.3558,-0.4739,0.0,-0.0598,-0.1238,-0.368,-0.2042,-0.702,162.93,-4.5,-10.5
401856899,20260509,2026,MIN,ATL,90,91,2.76,1.44,2.5,2.22,1.59,157.5,1.71,2.11,9,9,-1,181,0,1.0,1.0,0.074,-0.0703,57.1,-3.387,0.0,0.0,1.83,0.14,159.16,-0.0048,-0.026,-0.0115,-0.0717,-0.0016,-0.18,0.2204,-0.3526,-0.0665,-0.0734,-4.637,0.0171,-0.1403,-0.0179,0.0,-0.0821,-0.1245,-0.0751,0.0472,-0.1648,162.85,-2.5,1.5
401856896,20260510,2026,CON,SEA,82,89,1.77,2.03,-2.5,1.98,1.81,160.5,1.64,2.15,8,8,-7,171,0,0.0,1.0,-0.322,-0.2026,-107.6,-0.564,0.0,0.0,-10.74,2.84,159.53,0.011,0.0082,-0.0118,-0.0475,-0.1118,-3.36,-0.0525,-0.2341,-0.2363,-0.2238,-0.118,-0.0514,-2.3665,-0.2385,0.0,-0.1503,-0.0998,0.1306,0.1372,-0.0026,163.16,2.5,-9.5
401856898,20260510,2026,LA,LV,78,105,2.03,1.78,1.5,1.9,1.88,175.5,1.73,2.03,8,8,-27,183,0,0.0,1.0,-0.242,-0.1237,-113.8,-0.58,4.0,-1.0,3.91,-0.16,167.69,0.0215,0.0185,-0.0099,0.0869,-0.0764,-3.47,0.0106,-0.1778,0.0559,0.207,-3.2974,0.0765,-3.1489,-0.0731,0.0,-0.0896,-0.2723,0.0007,0.2237,0.0148,163.53,-1.5,-25.5
401856900,20260510,2026,GS,PHX,95,79,1.7,2.14,-2.5,1.88,1.89,157.5,1.8,1.96,8,8,16,174,1,1.0,1.0,-0.1373,-0.2237,-40.4,-1.21,1.0,-1.0,-9.26,-5.05,159.5,0.0242,0.0113,0.0038,0.0819,0.0181,1.31,-0.2709,0.0624,-0.2218,-0.1129,1.7266,-0.0346,0.8058,-0.1528,1.0,-0.1927,-0.0514,0.0649,-0.2013,-0.3546,163.82,2.5,13.5
401856901,20260512,2026,DAL,ATL,72,77,2.01,1.79,1.5,1.87,1.87,179.5,1.82,1.96,9,9,-5,149,0,0.0,0.0,-0.1495,-0.0864,-150.3,-5.673,0.0,0.0,9.16,2.99,164.71,-0.0277,-0.0814,-0.0139,-0.0676,0.0394,-1.59,0.4084,-0.6622,0.0944,-0.1581,-0.7205,0.026,-1.5774,-0.1447,1.0,-0.0746,-0.0095,-0.2704,-0.0343,-0.2074,163.87,-1.5,-3.5
401856902,20260512,2026,PHX,MIN,84,88,1.47,2.67,-4.5,1.85,1.92,167.5,1.82,1.96,8,8,-4,172,0,0.0,1.0,0.0285,0.1514,-63.6,3.083,-1.0,0.0,0.81,0.07,162.11,0.0034,-0.0224,0.035,0.0599,0.0494,-4.21,-0.079,0.3247,0.1353,-0.0643,-0.4526,0.0716,-2.1,0.0528,0.0,0.0361,-0.1156,0.0314,-0.0586,0.0003,163.44,4.5,-8.5
401856903,20260512,2026,POR,NY,98,96,6.2,1.12,11.5,1.94,1.83,170.5,1.61,2.19,8,8,2,194,1,1.0,1.0,-0.3163,-0.4372,-109.9,-6.855,1.0,0.0,-17.81,2.71,167.27,0.02,-0.0659,0.0631,-0.0402,-0.0399,-0.88,-0.0411,-0.5154,-0.2616,-0.7135,7.3535,-0.0413,-0.3659,-0.1873,1.0,-0.2088,-0.2159,-0.0895,-0.2012,-0.6424,163.46,-11.5,13.5
401856904,20260513,2026,TOR,SEA,86,73,1.64,2.23,-3.5,1.94,1.8,166.5,1.79,1.99,8,8,13,159,1,1.0,0.0,-0.3608,-0.2484,-30.0,16.762,2.0,0.0,-0.52,2.41,160.47,-0.0073,-0.0569,0.0962,0.0429,-0.1718,-2.18,-0.1622,-0.1429,-0.1956,-0.0517,9.3462,-0.0235,-3.3798,-0.2857,1.0,-0.3716,-0.1835,0.0167,-0.0752,-0.421,163.54,3.5,9.5
401856905,20260513,2026,CON,LV,69,98,7.69,1.08,13.5,1.98,1.79,170.5,1.8,2.0,8,8,-29,167,0,0.0,0.0,-0.5505,-0.6196,-202.0,-0.561,0.0,0.0,-16.01,-1.65,166.76,0.0318,0.0645,-0.0457,-0.0363,-0.0642,-6.49,-0.0635,-0.8043,-0.4342,-0.4563,1.1814,0.0018,-3.9756,-0.0414,1.0,-0.5514,-0.422,0.0374,-0.067,-0.7783,163.5,-13.5,-15.5
401856906,20260513,2026,GS,CHI,63,69,1.39,2.95,-5.5,1.88,1.9,165.5,1.83,1.95,8,8,-6,132,0,0.0,0.0,0.2285,0.1006,160.0,6.531,-1.0,0.0,7.18,0.23,154.08,-0.025,-0.0625,-0.0913,0.1453,0.034,1.24,-0.0572,0.1924,-0.0776,0.2288,2.0049,-0.001,-1.1623,-0.1922,1.0,-0.0643,-0.0,0.0708,-0.1431,-0.125,163.61,5.5,-11.5
401856907,20260513,2026,LA,IND,78,87,1.91,1.88,1.5,1.77,1.98,182.5,1.63,2.17,8,8,-9,165,0,0.0,0.0,-0.0968,-0.0349,-119.5,-1.642,-1.0,0.0,-14.16,-0.45,169.63,-0.0043,-0.043,-0.0239,0.1021,-0.067,0.83,-0.3146,0.35,-0.0913,-0.3176,-4.8568,-0.0337,-0.2298,-0.038,0.0,0.0598,-0.0324,-0.0375,0.1973,0.1237,163.31,-1.5,-7.5
401856908,20260514,2026,DAL,MIN,86,90,1.57,2.37,-3.5,1.82,1.94,177.5,1.8,1.95,9,9,-4,176,0,0.0,0.0,-0.1044,-0.1065,-209.3,-2.87,0.0,0.0,4.33,2.31,164.75,-0.028,-0.0148,-0.021,0.0214,-0.0295,-2.18,-0.1008,-0.0082,0.0865,-0.1009,0.6752,0.0273,-1.7386,-0.1512,1.0,-0.0697,0.0306,-0.0787,0.0738,0.0451,163.39,3.5,-7.5
401856909,20260514,2026,POR,NY,82,100,5.36,1.15,10.5,1.98,1.79,174.5,1.82,1.98,9,9,-18,182,0,0.0,1.0,-0.4081,-0.4366,-99.6,-10.472,0.0,0.0,-15.15,0.55,165.45,0.004,-0.0417,0.0007,-0.0014,0.0021,-0.27,0.1052,-0.7445,-0.3115,-0.5298,5.7811,0.0181,-0.3457,-0.0043,2.0,-0.2604,-0.1562,-0.0639,-0.2665,-0.695,163.49,-10.5,-7.5
401856910,20260515,2026,CON,LV,94,101,8.25,1.07,13.5,2.07,1.72,170.5,1.76,2.04,9,9,-7,195,0,1.0,1.0,-0.6242,-0.8261,-227.7,-1.627,0.0,0.0,-24.68,-1.67,166.93,0.0265,0.0325,-0.0418,-0.0463,-0.0693,-6.39,-0.4251,-0.5045,-0.6368,-0.8645,1.431,0.0141,-3.6104,0.0593,2.0,-0.7823,-0.5252,-0.0249,-0.193,-1.2191,163.76,-13.5,6.5
401856912,20260515,2026,LA,TOR,99,95,1.29,3.59,-8.5,1.97,1.8,167.5,1.66,2.1,9,9,4,194,1,0.0,1.0,0.1379,0.2736,-58.6,-8.245,0.0,0.0,-12.05,3.61,165.36,0.0188,0.0106,-0.0321,-0.0126,-0.0394,-0.93,0.1273,0.0951,0.2755,-0.2311,-6.9324,0.002,-0.0729,0.188,0.0,0.3549,0.0353,0.0945,0.3672,0.753,164.17,8.5,-4.5
401856913,20260515,2026,PHX,CHI,91,83,1.52,2.49,-4.5,1.94,1.85,165.5,1.86,1.91,9,9,8,174,1,1.0,1.0,0.2877,0.1719,159.3,5.098,1.0,0.0,3.74,5.15,159.14,-0.0188,-0.0786,-0.0248,0.0798,0.0512,-1.15,0.1567,0.0556,0.0499,-0.0196,1.2573,0.0177,-2.3494,-0.0877,2.0,0.0735,-0.0736,0.0638,0.0336,0.0997,164.28,4.5,3.5
401856914,20260517,2026,MIN,CHI,79,86,1.4,2.91,-5.5,1.87,1.9,166.5,1.91,1.9,8,8,-7,165,0,0.0,0.0,0.1603,0.2368,242.8,2.907,1.0,0.0,5.63,2.99,158.61,-0.0006,-0.0372,-0.0656,-0.0132,0.0422,0.84,0.1772,0.0796,0.0691,0.3565,0.5795,-0.0008,-0.7561,-0.1521,3.0,0.0004,0.1438,-0.012,0.09,0.2217,164.44,5.5,-12.5
401856915,20260517,2026,ATL,LV,84,85,2.34,1.59,-1.5,2.27,1.56,171.5,1.89,1.88,8,8,-1,169,0,0.0,0.0,-0.2813,-0.2407,-39.2,3.818,3.0,0.0,-8.64,-4.27,164.93,0.0164,0.0844,-0.0884,0.1018,-0.0522,-2.44,-0.2265,-0.122,-0.1282,-0.0125,1.865,0.0303,-1.997,0.0851,3.0,-0.3632,-0.2924,0.2437,-0.0207,-0.2439,164.53,1.5,-2.5
401856916,20260517,2026,IND,SEA,89,78,1.14,5.46,-11.5,1.9,1.87,174.5,1.73,2.04,8,8,11,167,1,0.0,0.0,0.1897,0.1884,61.4,2.876,-2.0,0.0,11.51,7.78,166.61,-0.0085,0.0488,-0.0085,0.025,-0.0402,-1.16,0.2599,-0.1469,0.2421,0.4541,2.6507,0.0285,-2.0723,0.0252,2.0,0.0899,0.0551,0.1166,0.3521,0.6238,164.37,11.5,-0.5
401856917,20260517,2026,LA,TOR,96,106,1.29,3.53,-8.5,1.96,1.79,173.5,1.85,1.92,8,8,-10,202,0,0.0,1.0,0.2089,0.2168,-46.9,-0.309,0.0,0.0,-9.1,2.55,165.35,0.0224,-0.0314,-0.0141,-0.0455,-0.0366,-2.85,-0.0185,0.2342,0.2512,-0.0655,-6.806,-0.0491,-0.7135,0.0925,1.0,0.2168,0.0191,-0.0198,0.1215,0.3649,164.45,8.5,-18.5
401856918,20260518,2026,DAL,WSH,92,69,1.53,2.48,-5.5,2.08,1.71,170.5,1.88,1.9,8,8,23,161,1,1.0,0.0,0.1394,0.1017,-26.5,-0.699,1.0,0.0,4.41,0.85,164.75,-0.0429,-0.0017,-0.0401,0.0233,0.0192,-0.06,0.0323,0.2061,0.1911,-0.0011,-3.1269,0.097,-0.7771,-0.12,1.0,0.0587,0.2909,-0.1762,-0.0299,0.1837,164.7,5.5,17.5
401856919,20260518,2026,POR,CON,83,82,1.56,2.4,-3.5,1.88,1.92,173.5,1.87,1.92,8,8,1,165,1,0.0,0.0,-0.0312,0.0294,81.1,-4.739,1.0,0.0,6.55,-0.57,167.62,0.0095,-0.067,0.0752,0.1517,0.0513,1.26,0.1699,-0.2396,0.0874,0.1856,2.6789,0.0504,0.782,-0.0834,0.0,0.2043,0.0737,-0.1594,-0.398,-0.2901,164.73,3.5,-2.5
401856920,20260519,2026,PHX,TOR,90,98,1.29,3.58,-8.5,1.95,1.82,170.5,1.97,1.84,9,9,-8,188,0,0.0,1.0,0.3648,0.4666,46.8,4.426,2.0,0.0,-0.46,0.52,163.85,0.0084,-0.0363,-0.0444,-0.0433,0.0252,-2.74,0.2891,0.252,0.2869,0.0831,-6.3109,-0.0452,0.9249,0.0654,2.0,0.3178,0.2242,0.1651,-0.0114,0.5813,164.66,8.5,-16.5
401856921,20260520,2026,IND,POR,90,73,1.2,4.48,-13.5,2.02,1.75,179.5,2.21,1.64,9,9,17,163,1,1.0,0.0,0.376,0.3549,114.3,9.165,1.0,0.0,18.77,4.35,170.38,-0.0022,0.0756,-0.0478,-0.0588,0.0088,-0.69,0.2663,0.1892,0.2663,0.4827,-0.7695,0.0324,-0.0677,0.0541,0.0,0.1134,0.0409,0.2396,0.1698,0.552,165.04,13.5,3.5
401856922,20260520,2026,CHI,DAL,89,99,2.23,1.65,1.5,2.05,1.72,169.5,1.87,1.91,9,9,-10,188,0,0.0,1.0,-0.0483,-0.0233,-29.2,0.403,1.0,0.0,-4.0,-3.56,160.63,0.0293,0.0191,0.0993,-0.0165,-0.0319,0.58,-0.2438,0.3275,-0.1403,-0.117,-1.3195,-0.0359,2.7541,0.2583,0.0,0.0977,0.0135,0.1166,-0.2235,-0.1528,165.05,-1.5,-8.5
401856923,20260520,2026,SEA,CON,78,80,1.7,2.14,-3.5,2.02,1.77,166.5,1.74,2.06,9,9,-2,158,0,0.0,0.0,0.0987,0.1275,126.0,0.002,1.0,0.0,7.45,-3.02,164.61,-0.0128,-0.0625,0.0559,0.0459,0.075,2.38,0.0381,0.1778,0.0594,0.1211,-1.7864,0.0418,2.3537,-0.0144,1.0,0.2315,0.1141,-0.2071,-0.1613,-0.1003,165.27,3.5,-5.5
401856924,20260521,2026,NY,GS,70,87,1.39,2.96,-7.5,2.02,1.75,166.5,1.72,2.07,9,9,-17,157,0,0.0,0.0,0.1255,0.1681,59.9,-0.46,0.0,0.0,12.98,5.54,160.77,0.0101,-0.0451,0.0667,0.0101,0.0105,-0.48,-0.2964,0.7006,0.2214,0.271,0.6552,0.0619,-0.9298,-0.0922,0.0,0.3459,0.0701,-0.1726,0.0647,0.2103,165.2,7.5,-24.5
401856925,20260521,2026,MIN,TOR,100,72,1.41,2.86,-7.5,2.11,1.66,171.5,1.8,1.98,9,9,28,172,1,1.0,1.0,0.2576,0.3489,101.5,-0.166,2.0,0.0,-4.29,-0.86,163.86,0.0222,-0.0341,-0.124,-0.1414,-0.0023,0.79,0.472,-0.1555,0.1112,0.0246,-6.0042,-0.1077,2.2399,0.0715,3.0,0.2801,0.3772,0.0966,-0.052,0.4941,165.01,7.5,20.5
401856926,20260521,2026,PHX,LA,88,97,1.69,2.15,-3.5,2.02,1.73,173.5,1.64,2.17,9,9,-9,185,0,0.0,1.0,0.1196,0.0556,104.8,4.654,-2.0,0.0,8.0,-0.85,166.05,-0.0215,-0.0062,0.0358,-0.0102,0.0462,-0.99,0.0628,0.0238,-0.0702,0.1705,-1.1715,0.0322,0.9838,-0.0679,0.0,-0.1526,-0.0206,0.0407,-0.1124,-0.1546,165.23,3.5,-12.5
401856927,20260522,2026,ATL,DAL,86,69,1.44,2.76,-5.5,1.9,1.89,172.5,1.83,1.97,9,9,17,155,1,1.0,0.0,0.0274,0.0113,134.2,6.078,3.0,0.0,-7.52,0.45,163.54,0.0394,0.0398,0.0385,0.0759,-0.0685,2.25,-0.1083,0.1674,-0.2327,-0.0771,1.3695,-0.066,1.8926,0.1011,1.0,-0.0167,-0.0524,0.3204,0.0502,0.1156,165.26,5.5,11.5
401856928,20260522,2026,IND,GS,90,82,1.45,2.73,-7.5,2.22,1.62,167.5,1.88,1.91,9,9,8,172,1,1.0,1.0,0.0484,0.0778,36.4,-0.956,1.0,-1.0,-0.5,9.2,165.17,0.0358,0.0104,0.0576,-0.0687,-0.0069,-0.2,0.0898,0.0145,0.187,0.1428,5.0248,0.0523,-0.8283,-0.009,1.0,0.2772,0.0149,0.001,0.1986,0.3834,165.42,7.5,0.5
401856929,20260522,2026,SEA,CON,77,59,1.74,2.07,-2.5,1.95,1.8,165.5,1.88,1.9,9,9,18,136,1,1.0,0.0,0.1157,0.084,113.3,-0.48,0.0,0.0,1.41,-2.84,164.48,-0.004,-0.0747,0.0739,0.0444,0.0642,1.97,0.1151,-0.0165,0.0228,0.0415,-1.9007,0.0778,2.4719,0.0303,2.0,0.2169,0.0911,-0.2929,-0.1821,-0.2265,165.49,2.5,15.5
401856930,20260523,2026,CHI,MIN,75,85,2.03,1.78,1.5,1.89,1.88,165.5,1.69,2.11,9,9,-10,160,0,0.0,0.0,-0.1304,-0.0465,-240.5,-3.47,1.0,0.0,-5.66,-2.24,159.99,-0.0214,-0.0235,0.083,0.0208,-0.0582,-1.02,-0.0087,-0.057,0.0336,-0.4022,0.3661,0.0457,0.8221,0.157,0.0,-0.0092,0.1025,-0.0118,-0.0296,0.0408,165.05,-1.5,-8.5
401856931,20260523,2026,TOR,POR,80,99,1.47,2.66,-5.5,1.98,1.8,173.5,1.9,1.9,9,9,-19,179,0,0.0,1.0,0.0468,0.0425,50.2,4.024,-1.0,0.0,7.81,0.08,164.18,-0.0231,0.08,0.0165,0.0786,0.0393,-0.73,0.0115,0.0221,0.1068,0.2081,0.6258,0.0257,-0.5389,0.0631,1.0,-0.1978,-0.0977,0.0748,0.2668,0.1859,165.23,5.5,-24.5
401856932,20260523,2026,LV,LA,95,101,1.23,4.13,-9.5,1.95,1.85,181.5,1.93,1.87,9,9,-6,196,0,0.0,1.0,0.2915,0.3771,172.1,3.211,3.0,0.0,12.17,1.04,168.4,-0.0232,-0.0234,-0.0134,-0.0865,0.0377,3.57,0.1515,0.3199,0.1278,0.2867,-2.1136,-0.0788,3.9439,-0.138,1.0,0.1964,0.2908,0.1124,-0.0706,0.3656,165.29,9.5,-15.5
401856933,20260524,2026,ATL,PHX,82,80,1.43,2.81,-5.5,1.87,1.9,166.5,1.72,2.09,9,9,2,162,1,0.0,0.0,0.0545,0.0641,50.3,3.399,-1.0,0.0,8.99,-0.9,164.6,0.0251,0.0397,-0.0902,-0.0008,-0.034,2.34,0.1361,-0.1685,0.0057,0.3964,-0.4618,-0.0366,1.2234,0.1545,0.0,0.0295,0.0958,0.1652,0.0593,0.2383,165.53,5.5,-3.5
401856934,20260524,2026,NY,DAL,76,91,1.39,2.94,-7.5,2.06,1.72,176.5,1.69,2.11,9,9,-15,167,0,0.0,0.0,0.114,0.2635,137.5,4.513,1.0,0.0,4.18,0.81,164.28,0.0374,-0.0422,0.0594,0.113,-0.0069,-0.76,-0.1739,0.5381,0.1037,0.0091,0.1262,0.0661,0.5002,-0.0391,2.0,0.2102,-0.1245,0.2329,0.0439,0.2407,165.54,7.5,-22.5
401856935,20260524,2026,SEA,WSH,97,85,2.57,1.5,2.5,2.14,1.68,156.5,1.8,2.0,9,9,12,182,1,1.0,1.0,0.081,0.0065,79.3,-0.201,-3.0,0.0,4.46,-0.92,161.58,-0.0166,-0.014,0.0071,0.0529,0.0528,2.89,0.1094,-0.1182,-0.0485,0.1066,-2.362,0.0706,2.3056,0.1247,2.0,0.1615,0.3857,-0.192,-0.1911,-0.0371,165.51,-2.5,14.5
401856936,20260525,2026,NY,POR,74,81,1.19,4.62,-13.5,2.22,1.6,172.5,1.9,1.88,9,9,-7,155,0,0.0,0.0,0.3504,0.4333,76.7,8.71,-1.0,1.0,-1.61,-0.23,164.32,-0.0074,0.009,-0.0199,0.0656,-0.0057,-2.53,-0.1494,0.8059,0.2872,0.0263,-4.0944,-0.0059,-0.7883,-0.1647,2.0,0.0837,0.0788,0.1469,0.1491,0.4983,165.73,13.5,-20.5
401856937,20260525,2026,GS,CON,97,70,1.1,6.65,-13.5,1.85,1.91,158.5,1.9,1.86,9,9,27,167,1,1.0,1.0,0.2832,0.3354,163.9,4.482,0.0,0.0,15.25,-2.69,160.85,-0.0251,-0.0119,0.0426,0.1454,0.058,0.21,0.2556,0.1249,0.2172,0.4669,-1.744,0.0925,1.1095,-0.1052,3.0,0.0562,0.0362,-0.0011,-0.0221,0.1633,165.47,13.5,13.5
401856938,20260527,2026,NY,PHX,84,74,1.53,2.47,-6.5,2.19,1.62,169.5,1.91,1.89,9,9,10,158,1,1.0,0.0,0.0279,0.1337,16.6,0.219,-1.0,0.0,-2.22,-1.37,163.93,0.016,-0.0395,-0.0416,0.0919,0.0308,-0.37,-0.0631,0.1517,0.1463,-0.0462,0.1803,0.0238,0.2253,-0.0559,1.0,0.1482,0.0626,-0.0249,-0.1663,-0.0296,165.53,6.5,3.5
401856939,20260527,2026,CHI,TOR,104,111,1.49,2.58,-5.5,1.97,1.8,167.5,1.55,2.25,9,9,-7,215,0,0.0,1.0,0.215,0.2769,-105.9,1.135,0.0,0.0,4.35,-0.91,162.92,-0.0136,-0.0434,0.0289,-0.1158,-0.0428,0.98,0.2342,0.0256,0.0932,0.0278,-4.6233,-0.0528,1.9465,0.1372,0.0,0.2165,0.4843,0.0793,-0.0475,0.5147,165.46,5.5,-12.5
401856940,20260527,2026,MIN,ATL,96,81,2.22,1.65,2.5,1.94,1.85,163.5,1.7,2.08,9,9,15,177,1,1.0,1.0,0.0105,-0.0087,51.0,-1.878,1.0,0.0,3.49,0.81,163.65,-0.0006,-0.0015,-0.0266,-0.092,0.0365,0.43,0.1048,-0.1267,0.0031,0.0973,0.4604,0.0283,1.0109,-0.1527,0.0,0.0564,-0.086,-0.0148,-0.0625,-0.1029,165.79,-2.5,17.5
401856941,20260527,2026,POR,CON,71,61,1.35,3.18,-7.5,1.93,1.84,166.5,1.92,1.88,9,9,10,132,1,1.0,0.0,0.0383,0.0984,115.9,-3.837,0.0,0.0,11.27,1.23,164.33,-0.0096,-0.0551,0.0173,0.077,0.0513,1.19,-0.0792,0.2626,0.1419,0.624,1.187,0.1142,1.1743,0.0862,4.0,0.1911,-0.0479,-0.1414,-0.1477,-0.1264,165.76,7.5,2.5
401856942,20260527,2026,SEA,WSH,64,78,2.34,1.59,1.5,2.13,1.65,157.5,1.68,2.05,9,9,-14,142,0,0.0,0.0,0.1257,0.0823,91.1,0.529,0.0,0.0,10.45,-0.09,162.98,-0.0153,-0.0401,-0.0222,0.0733,0.0789,2.28,0.1068,-0.0239,0.0378,0.3777,-1.6046,0.0814,1.5003,0.0364,3.0,0.148,0.3483,-0.1196,-0.171,0.0511,165.36,-1.5,-12.5
401856943,20260528,2026,DAL,LV,95,87,2.66,1.47,2.5,2.2,1.62,175.5,1.77,2.01,9,9,8,182,1,1.0,1.0,-0.2084,-0.2624,-159.5,-0.977,-1.0,0.0,-4.27,-4.51,166.13,-0.0311,0.0228,-0.0659,0.0427,0.0097,-3.5,-0.0553,-0.2756,0.0674,0.1204,-0.3771,0.035,-3.6294,0.0278,0.0,-0.3161,-0.0963,-0.1925,-0.0033,-0.2948,165.02,-2.5,10.5
401856944,20260528,2026,GS,IND,90,88,1.74,2.08,-2.5,1.94,1.85,166.5,1.84,1.96,9,9,2,178,1,0.0,1.0,-0.0874,-0.1106,-40.9,0.901,-2.0,0.0,0.74,-7.74,167.54,-0.0371,-0.003,-0.0585,0.0476,0.0093,0.24,-0.0356,-0.1236,-0.2589,-0.1792,-3.4325,-0.0493,0.3548,-0.0364,0.0,-0.24,-0.0349,-0.0071,-0.1669,-0.3887,165.12,2.5,-0.5
401856945,20260529,2026,NY,PHX,75,68,1.44,2.76,-6.5,2.06,1.73,168.5,1.73,2.02,9,9,7,143,1,1.0,0.0,0.0839,0.1052,30.7,0.669,0.0,0.0,2.6,-1.06,162.8,0.0015,-0.0403,-0.0703,0.0724,0.0454,-0.43,0.1956,-0.1682,0.1127,0.2502,0.0087,0.0876,-0.4184,-0.1769,2.0,0.1027,-0.0196,-0.0634,-0.0657,-0.0297,165.36,6.5,0.5
401856946,20260529,2026,WSH,LA,87,92,1.69,2.15,-2.5,1.9,1.88,164.5,1.83,1.93,9,9,-5,179,0,0.0,1.0,-0.2325,-0.1849,-24.0,0.631,-3.0,0.0,-4.95,-4.54,164.65,-0.0004,0.0307,0.0496,-0.1142,-0.04,-0.65,-0.1468,0.0851,-0.1042,0.0191,0.7829,-0.0528,1.3235,-0.096,2.0,-0.2632,-0.2403,-0.0242,-0.0338,-0.4094,165.25,2.5,-7.5
401856947,20260529,2026,CHI,MIN,58,79,2.5,1.53,2.5,2.11,1.67,168.5,1.61,2.22,9,9,-21,137,0,0.0,0.0,-0.1574,-0.1541,-266.4,-4.336,0.0,0.0,-16.71,0.59,163.76,-0.0462,-0.0637,0.0768,0.0765,-0.0789,-0.97,-0.0588,-0.079,-0.0471,-0.7914,0.59,0.0343,0.0964,0.0756,0.0,-0.0333,0.2335,-0.0562,-0.0086,0.0692,165.45,-2.5,-18.5
401856948,20260529,2026,POR,ATL,66,86,3.88,1.25,8.5,1.91,1.85,162.5,1.82,1.92,9,9,-20,152,0,0.0,0.0,-0.347,-0.4263,-82.5,-7.086,0.0,0.0,4.11,0.37,162.84,-0.0041,-0.0835,0.0208,-0.0034,0.021,2.01,-0.0848,-0.4554,-0.2742,-0.0581,5.0385,0.0699,0.5496,0.0284,1.0,-0.0121,-0.2502,-0.2366,-0.3245,-0.8206,165.15,-8.5,-11.5
401856949,20260530,2026,TOR,SEA,93,72,1.42,2.85,-5.5,1.83,1.96,167.5,1.65,2.18,9,9,21,165,1,1.0,0.0,-0.0022,0.0335,1.8,-1.569,0.0,0.0,-5.64,2.14,161.79,-0.0087,0.0792,-0.0184,0.0696,-0.0099,-2.87,-0.3169,0.4674,0.226,-0.0428,3.3424,0.0319,-2.0322,0.0056,0.0,-0.0422,-0.1866,0.1286,0.203,0.2616,165.19,5.5,15.5
401856950,20260530,2026,CON,LA,84,81,2.39,1.56,3.5,1.91,1.87,167.5,1.83,1.96,9,9,3,165,1,1.0,0.0,-0.3608,-0.359,-100.5,-0.416,2.0,-1.0,-14.92,-3.45,164.79,-0.0018,0.0601,-0.054,-0.0918,-0.0809,1.51,0.2626,-0.8607,-0.3768,-0.5628,-0.0335,-0.1347,1.0035,-0.0368,3.0,-0.3855,-0.0439,0.1007,-0.0892,-0.4149,165.03,-3.5,6.5
401856951,20260530,2026,POR,IND,100,84,4.98,1.17,10.5,1.96,1.8,173.5,1.87,1.92,9,9,16,184,1,1.0,1.0,-0.4175,-0.4093,-110.0,-5.367,-1.0,1.0,-6.91,-6.23,169.41,0.0341,-0.0229,-0.048,0.0058,-0.0069,1.07,-0.5013,0.1495,-0.377,-0.3347,-1.2401,-0.0432,0.3838,0.1306,1.0,-0.1059,-0.3224,-0.2309,-0.3286,-0.9421,165.05,-10.5,26.5
401856952,20260531,2026,GS,LV,81,91,2.07,1.75,1.5,1.94,1.84,167.5,1.86,1.94,9,9,-10,172,0,0.0,1.0,-0.2247,-0.2904,-47.6,4.433,0.0,0.0,4.09,-4.25,166.14,-0.0051,0.0359,0.0056,0.1044,-0.0019,-1.57,0.2044,-0.5981,-0.222,0.1524,1.7106,0.0467,-1.5459,0.0906,1.0,-0.4026,-0.295,-0.0087,-0.1068,-0.5642,165.46,-1.5,-8.5
401856953,20260601,2026,DAL,SEA,79,56,1.13,5.79,-12.5,1.81,1.95,166.5,1.88,1.9,9,9,23,135,1,1.0,0.0,0.382,0.3608,-19.6,-0.468,2.0,0.0,10.3,-0.04,160.61,-0.0493,0.0467,-0.0671,-0.0164,0.0504,-2.38,0.2033,0.1973,0.4202,0.4631,-1.9175,-0.0387,-1.3039,-0.0545,1.0,-0.0056,0.2242,-0.0306,0.2061,0.571,165.43,12.5,10.5
401856954,20260601,2026,PHX,MIN,77,111,2.19,1.67,1.5,2.02,1.76,166.5,1.91,1.87,9,9,-34,188,0,0.0,1.0,-0.1928,-0.2081,-134.6,-2.484,0.0,0.0,-21.45,-1.37,163.95,-0.0185,-0.0491,0.1052,0.0887,-0.0486,-1.72,-0.2847,0.174,-0.2119,-0.8699,0.7619,0.0489,-0.9906,-0.0517,1.0,-0.1542,-0.1076,-0.1125,-0.0478,-0.3471,165.35,-1.5,-32.5
401856955,20260602,2026,ATL,CON,91,75,1.09,7.42,-15.5,2.11,1.66,157.5,1.65,2.16,9,9,16,166,1,1.0,1.0,0.3892,0.4508,217.5,4.775,1.0,0.0,14.54,-0.36,162.5,0.0003,0.0096,-0.0239,0.0908,0.0536,-1.59,-0.0151,0.6415,0.3673,0.6714,-6.7541,0.0598,-1.0569,0.1632,0.0,0.1296,0.1091,0.1022,0.0203,0.4484,165.64,15.5,0.5
401856956,20260602,2026,WSH,CHI,90,72,2.07,1.75,-2.5,2.3,1.57,160.5,1.84,1.93,9,9,18,162,1,1.0,1.0,-0.1523,-0.2521,61.0,0.776,0.0,0.0,5.01,-2.77,163.49,0.052,0.0467,0.0545,-0.0574,0.0349,-1.72,-0.1575,-0.114,-0.1619,0.3345,3.4462,-0.0326,-1.2655,-0.0405,0.0,-0.2344,-0.5342,0.0039,-0.0449,-0.5989,165.51,2.5,15.5
401856957,20260602,2026,GS,POR,95,77,1.25,3.95,-9.5,1.9,1.86,158.5,1.77,2.01,9,9,18,172,1,1.0,1.0,0.2569,0.2416,51.5,3.998,-1.0,0.0,-1.14,0.24,163.1,-0.0555,0.0046,0.0255,0.0349,0.0361,-1.36,0.2014,0.0644,0.1231,-0.0713,-1.9942,-0.0476,-0.0556,-0.1399,0.0,-0.1525,0.1737,0.1179,0.2269,0.4202,165.56,9.5,8.5
401856958,20260602,2026,LA,LV,69,79,3.27,1.33,6.5,1.95,1.81,174.5,1.74,2.05,9,9,-10,148,0,0.0,0.0,-0.2518,-0.3012,-149.9,-0.643,1.0,0.0,0.76,-1.05,169.22,0.0391,0.007,0.0474,0.0786,-0.0216,-2.03,-0.1291,-0.1907,-0.1201,-0.1953,4.8401,0.0708,-3.7982,0.2008,2.0,-0.0707,-0.3714,-0.1023,0.1062,-0.3065,165.69,-6.5,-3.5
401856959,20260603,2026,NY,TOR,97,82,1.26,3.75,-10.5,2.12,1.67,171.5,1.8,1.96,9,9,15,179,1,1.0,1.0,0.2514,0.2435,47.2,2.666,1.0,0.0,-2.08,-1.75,161.43,0.0178,-0.0487,-0.0735,-0.0088,0.0138,-0.26,0.4808,-0.3715,-0.0379,0.0613,-1.99,0.0363,0.7975,-0.1818,0.0,-0.0249,-0.023,0.0175,0.0076,0.0184,165.74,10.5,4.5
401856960,20260603,2026,SEA,PHX,68,72,3.22,1.34,4.5,2.21,1.58,160.5,1.91,1.86,9,9,-4,140,0,1.0,0.0,-0.2194,-0.2568,-27.0,0.481,0.0,0.0,5.64,-0.59,161.03,0.0223,-0.0308,-0.0552,-0.0178,-0.0025,1.85,0.2423,-0.7206,-0.1612,0.0966,2.4634,-0.0174,2.1304,-0.0216,0.0,0.085,0.0628,0.0285,-0.0873,-0.1054,165.79,-4.5,0.5
401856961,20260604,2026,IND,ATL,83,71,1.88,1.9,-1.5,2.0,1.77,171.5,1.7,2.08,9,9,12,154,1,1.0,0.0,-0.0486,-0.0434,-23.3,-2.204,3.0,0.0,-6.39,5.79,167.86,-0.006,-0.0585,0.0707,-0.027,0.0038,-0.91,0.2885,-0.4166,0.0925,-0.2795,7.2872,0.1155,0.8544,-0.0422,0.0,0.0446,-0.0861,-0.0662,0.036,-0.0267,165.53,1.5,10.5
401856962,20260604,2026,MIN,GS,87,84,1.59,2.34,-4.5,2.0,1.78,163.5,1.64,2.23,9,9,3,171,1,0.0,1.0,0.2593,0.3138,117.1,1.081,1.0,0.0,16.03,1.37,162.4,0.052,0.0274,-0.0214,-0.1611,-0.0156,2.02,0.332,-0.0882,0.2688,0.6646,-0.2514,0.0309,0.5302,0.0713,0.0,0.3777,0.2142,0.0834,0.0213,0.5382,165.45,4.5,-1.5
401856963,20260605,2026,CHI,CON,85,80,1.37,3.07,-7.5,2.06,1.73,161.5,1.67,2.09,9,9,5,165,1,0.0,1.0,0.1969,0.211,-10.9,0.849,0.0,0.0,-0.86,3.51,164.24,-0.0381,-0.0801,-0.0331,0.0394,0.0218,-0.93,-0.0822,0.4223,0.1475,-0.0662,-1.7391,0.0737,1.393,0.1289,1.0,0.0858,0.2414,-0.0464,-0.0566,0.2046,165.45,7.5,-2.5
401856964,20260605,2026,LA,DAL,96,104,2.1,1.73,1.5,1.95,1.81,170.5,1.78,2.01,9,9,-8,200,0,0.0,1.0,-0.1769,-0.1532,-22.5,-1.835,-1.0,0.0,-8.52,2.86,163.76,0.0628,-0.022,0.088,0.0305,-0.0244,1.08,0.1279,-0.3676,-0.2263,-0.5831,4.3635,0.0262,-0.053,0.0582,0.0,0.2031,-0.2742,0.0505,-0.0983,-0.2988,165.35,-1.5,-6.5
401856965,20260605,2026,POR,PHX,72,78,1.54,2.47,-3.5,1.79,1.98,158.5,1.78,1.99,9,9,-6,150,0,0.0,0.0,-0.185,-0.2073,-19.7,-2.953,1.0,0.0,8.05,-0.1,160.63,0.0333,0.0282,-0.128,0.0012,0.077,-0.34,-0.3256,0.3282,-0.0228,0.1959,3.5725,0.0031,0.2273,0.0706,1.0,-0.0726,-0.2417,-0.1767,0.0808,-0.2718,165.61,3.5,-9.5
401856966,20260606,2026,MIN,SEA,88,68,1.09,7.03,-13.5,1.86,1.94,157.5,1.64,2.05,9,9,20,156,1,1.0,0.0,0.6348,0.6735,209.7,2.425,-1.0,0.0,27.39,0.59,163.01,-0.0058,0.1355,-0.0423,-0.0792,0.099,0.18,0.455,0.3087,0.6541,1.0545,-1.308,0.0128,-0.1116,0.0651,0.0,0.372,0.2707,0.1998,0.1595,1.0039,165.59,13.5,6.5
401856967,20260606,2026,LV,GS,84,79,1.63,2.27,-4.5,2.05,1.7,167.5,1.91,1.88,9,9,5,163,1,1.0,0.0,0.195,0.1475,71.2,-3.71,2.0,0.0,-3.78,3.54,164.62,0.0359,-0.0319,0.0098,-0.1462,-0.0388,1.76,-0.1136,0.2823,-0.0022,0.0532,-0.8347,-0.1123,2.1955,-0.13,1.0,0.2298,0.2005,0.0983,-0.0923,0.2349,165.5,4.5,0.5
401856968,20260606,2026,ATL,WSH,109,77,1.22,4.14,-10.5,2.05,1.69,157.5,1.69,2.01,9,9,32,186,1,1.0,1.0,0.3104,0.3011,148.2,3.626,-2.0,0.0,1.95,-0.84,162.05,-0.0057,0.0324,-0.0933,0.1138,0.0195,1.69,0.1529,0.15,0.1129,0.1777,-5.6533,0.0297,-0.6301,0.0729,0.0,0.1886,0.3542,0.1031,0.0817,0.5604,165.41,10.5,21.5
401856969,20260606,2026,NY,IND,83,75,1.63,2.26,-4.5,2.05,1.72,174.5,1.91,1.89,9,9,8,158,1,1.0,0.0,0.045,0.1053,-16.9,-0.248,1.0,0.0,0.36,-5.41,165.01,-0.005,-0.0116,-0.0524,0.0369,0.0308,-1.88,0.0905,0.0315,0.017,0.0659,-4.4605,0.0322,-0.6989,-0.1004,0.0,-0.0041,-0.074,0.0181,-0.2626,-0.2456,165.61,4.5,3.5
401856970,20260607,2026,TOR,CHI,85,68,1.59,2.35,-3.5,1.9,1.89,173.5,1.76,2.03,9,9,17,153,1,1.0,0.0,-0.0566,-0.0977,136.1,0.334,2.0,0.0,4.21,-2.55,165.23,0.0026,0.0588,0.0142,0.0974,0.0588,-2.74,-0.14,0.022,0.1387,0.272,-0.3681,0.1009,-3.089,0.0653,0.0,-0.0258,-0.2644,-0.053,-0.0475,-0.254,165.36,3.5,13.5
401856971,20260607,2026,LA,POR,89,72,1.33,3.29,-7.5,1.91,1.83,174.5,1.91,1.89,9,9,17,161,1,1.0,0.0,0.2166,0.2319,-29.2,-0.684,0.0,0.0,1.32,3.63,163.08,-0.0225,-0.0258,0.0737,-0.0096,-0.0191,-0.26,0.2166,-0.0682,0.2428,-0.0833,-0.1905,-0.0236,-0.6077,-0.2395,0.0,0.1215,0.2036,0.1259,0.3756,0.7639,165.37,7.5,9.5
401856972,20260608,2026,CON,NY,80,89,6.04,1.12,11.5,1.95,1.84,161.5,1.78,2.04,9,9,-9,169,0,1.0,1.0,-0.5118,-0.5521,-206.1,-4.648,1.0,0.0,-17.54,0.51,159.6,0.0203,0.0558,0.0158,-0.1172,-0.0865,4.19,-0.0218,-0.7516,-0.5343,-0.7388,2.9575,-0.1843,1.5582,0.0345,0.0,-0.2051,0.0261,-0.1014,-0.051,-0.5144,165.29,-11.5,2.5
401856973,20260608,2026,WSH,IND,76,78,2.82,1.42,4.5,2.0,1.75,168.5,1.7,2.04,9,9,-2,154,0,1.0,0.0,-0.3333,-0.2996,-144.7,-3.903,0.0,0.0,-2.72,-3.34,166.26,0.0194,0.0426,0.097,-0.0958,-0.0284,-0.7,-0.3682,0.1263,-0.1973,-0.2723,-0.4887,-0.06,-0.9223,0.019,1.0,-0.1536,-0.3323,0.0314,-0.165,-0.5457,165.34,-4.5,2.5
401856974,20260608,2026,LV,SEA,101,91,1.07,8.57,-16.5,1.98,1.77,159.5,1.67,2.12,9,9,10,192,1,0.0,1.0,0.5547,0.5306,167.0,-0.667,0.0,0.0,19.3,1.63,163.86,-0.0403,0.0403,0.0051,-0.0788,0.0751,0.0,0.099,0.6025,0.4185,0.6262,-0.3052,-0.1012,1.8673,-0.0463,1.0,0.2439,0.372,0.0815,-0.0152,0.6417,165.18,16.5,-6.5
401856975,20260609,2026,CHI,ATL,75,82,4.07,1.23,6.5,2.19,1.61,163.5,1.73,2.02,9,9,-7,157,0,0.0,0.0,-0.2558,-0.25,-234.5,-3.396,-1.0,0.0,-20.97,4.03,164.76,-0.0125,-0.1425,-0.0157,-0.0645,-0.0822,-0.35,-0.0385,-0.2478,-0.1998,-0.8625,4.1061,-0.0399,2.7867,-0.0378,0.0,-0.1164,-0.0785,-0.0286,-0.108,-0.3117,165.45,-6.5,-0.5
401856976,20260609,2026,MIN,DAL,100,76,1.52,2.51,-5.5,2.06,1.74,170.5,1.81,1.91,9,9,24,176,1,1.0,1.0,0.2803,0.267,187.9,3.659,-1.0,0.0,9.87,0.59,161.67,0.0445,0.0414,-0.0497,-0.0401,0.0315,3.8,0.0777,0.3133,0.1164,0.3654,0.5751,0.0584,1.78,0.0239,1.0,0.4061,0.0962,0.0624,-0.0333,0.2699,165.41,5.5,18.5
401856977,20260609,2026,GS,PHX,87,81,1.29,3.57,-8.5,1.96,1.8,161.5,1.8,1.96,9,9,6,168,1,0.0,1.0,0.1083,0.1285,34.6,3.299,-1.0,0.0,7.45,0.2,160.34,-0.0415,0.0233,-0.1336,0.0784,0.1045,-1.73,0.3759,-0.3621,0.1471,0.2373,1.3101,-0.0235,0.2881,-0.0393,2.0,-0.0114,0.0899,0.1307,0.094,0.3044,165.51,8.5,-2.5
401856979,20260610,2026,SEA,LA,83,88,3.47,1.3,5.5,2.15,1.65,168.5,1.77,1.99,9,9,-5,171,0,1.0,1.0,-0.1947,-0.2303,-3.0,2.371,-1.0,0.0,-15.77,-1.31,164.27,-0.0027,-0.0589,-0.0972,0.0232,-0.0121,1.22,0.0723,-0.3953,-0.3188,-0.4426,-2.1498,0.0322,0.6889,0.0669,0.0,-0.1724,-0.0341,-0.002,-0.1976,-0.4783,166.07,-5.5,0.5
401856981,20260611,2026,ATL,NY,90,104,1.61,2.31,-4.5,2.0,1.75,163.5,1.74,2.0,9,9,-14,194,0,0.0,1.0,-0.0399,-0.0168,21.3,-0.36,-1.0,0.0,2.65,0.37,159.83,-0.0054,0.0786,-0.0259,-0.0098,0.0143,3.21,-0.2234,0.2416,-0.0322,0.0604,-1.8055,-0.0768,-0.9793,0.1322,1.0,0.058,0.1945,0.04,0.1411,0.2752,166.7,4.5,-18.5
401856982,20260611,2026,DAL,PHX,85,70,1.36,3.1,-6.5,1.89,1.9,168.5,1.83,1.93,9,9,15,155,1,1.0,0.0,0.0319,0.1089,-24.1,-1.059,0.0,0.0,10.8,1.82,159.89,-0.0361,0.0244,-0.1339,-0.0231,0.0547,-1.54,0.5182,-0.6219,0.1802,0.4301,-1.1159,-0.0096,-0.3774,-0.0586,3.0,-0.025,0.184,0.1087,0.2761,0.6025,166.87,6.5,8.5
401856983,20260611,2026,POR,LV,89,105,5.02,1.17,9.5,2.05,1.69,170.5,1.88,1.9,9,9,-16,194,0,0.0,1.0,-0.5704,-0.6393,-165.6,-0.612,1.0,0.0,-15.4,-2.51,162.32,0.0585,0.0314,-0.0078,0.0421,-0.0569,-1.4,-0.5317,0.0492,-0.4193,-0.5136,3.3888,0.067,-2.2296,0.3156,0.0,-0.3166,-0.5832,-0.2529,-0.2926,-1.2176,166.79,-9.5,-6.5
401856984,20260612,2026,WSH,TOR,86,85,1.81,1.99,-3.5,2.07,1.72,168.5,1.76,2.0,9,9,1,171,1,0.0,1.0,-0.1318,-0.0392,-83.4,-0.607,2.0,0.0,-9.21,-2.03,163.96,0.0545,-0.0049,0.0412,-0.0903,0.0043,-1.26,-0.0793,0.0363,-0.1653,-0.2643,0.6599,-0.1028,0.7659,0.0322,0.0,-0.0607,-0.1994,-0.0778,-0.0813,-0.3644,166.91,3.5,-2.5
401856985,20260612,2026,SEA,GS,72,76,4.34,1.21,7.5,2.1,1.65,156.5,1.78,2.0,9,9,-4,148,0,1.0,0.0,-0.2118,-0.2349,-104.7,-1.139,-1.0,0.0,-13.15,1.28,160.86,0.0641,-0.0561,-0.0459,-0.0374,-0.0556,0.9,-0.2054,-0.0613,-0.1553,-0.4374,-0.164,0.0394,-0.0892,0.017,0.0,0.0576,-0.1003,-0.0038,-0.0859,-0.2344,167.22,-7.5,3.5
401856986,20260613,2026,CON,IND,75,85,4.05,1.24,8.5,1.89,1.87,170.5,1.89,1.91,9,9,-10,160,0,0.0,0.0,-0.3262,-0.388,-222.8,-4.83,1.0,0.0,-6.69,-5.42,167.96,0.0089,0.0613,0.0586,-0.0948,-0.0672,1.19,-0.3097,-0.1622,-0.3886,-0.6977,-0.8634,-0.1579,0.2468,-0.0984,0.0,-0.1423,-0.0423,0.0051,-0.0674,-0.3819,167.11,-8.5,-1.5
401856987,20260613,2026,LV,MIN,100,97,1.6,2.32,-3.5,1.9,1.87,173.5,1.79,1.96,9,9,3,197,1,0.0,1.0,-0.1219,-0.0706,-43.2,-4.633,-2.0,0.0,-9.79,0.46,163.95,-0.0137,-0.0148,0.0953,0.0612,-0.0128,-2.87,0.1023,-0.2545,-0.0743,-0.5235,0.9553,-0.1048,0.8662,-0.0774,0.0,-0.0828,-0.0452,-0.0,0.1515,0.0454,167.11,3.5,-0.5
401856988,20260613,2026,POR,DAL,84,83,2.33,1.6,3.5,1.88,1.92,166.5,1.8,1.94,9,9,1,167,1,1.0,1.0,-0.3339,-0.2425,-40.9,-1.142,0.0,0.0,-14.82,-1.27,161.34,0.0563,-0.0219,0.0357,0.051,-0.0144,-0.82,-0.5699,0.5372,-0.1128,-0.702,4.6539,0.0014,0.4998,0.2191,0.0,-0.0354,-0.4089,-0.2665,-0.092,-0.6718,167.41,-3.5,4.5
401856990,20260614,2026,NY,WSH,86,64,1.1,6.64,-13.5,1.87,1.87,165.5,1.8,1.95,9,9,22,150,1,1.0,0.0,0.4199,0.4436,162.7,3.806,1.0,0.0,14.89,-0.99,161.52,-0.0221,-0.0479,-0.05,0.1285,0.0433,-0.9,0.2256,0.3139,0.3012,0.5938,-1.9141,0.1007,-0.0459,-0.0941,0.0,0.1552,0.0869,0.1876,0.0338,0.5068,167.89,13.5,8.5
401856991,20260614,2026,TOR,ATL,77,102,3.2,1.34,6.5,1.94,1.85,170.5,1.86,1.91,9,9,-25,179,0,0.0,1.0,-0.2429,-0.3693,-78.1,-1.627,-1.0,0.0,-0.18,2.33,163.98,-0.0081,-0.055,0.0348,-0.0106,-0.0152,-0.15,-0.1619,-0.2784,-0.1391,-0.2221,4.9553,0.0941,1.0592,-0.039,0.0,-0.0824,-0.1816,-0.1854,-0.1584,-0.5467,167.66,-6.5,-18.5
401856992,20260615,2026,DAL,LV,96,66,2.29,1.62,2.5,1.91,1.83,176.5,1.81,1.95,9,9,30,162,1,1.0,0.0,-0.2819,-0.1989,-153.1,-0.071,0.0,0.0,-5.3,0.73,162.81,-0.0145,-0.0176,-0.0695,-0.0168,-0.0863,0.1,0.1183,-0.3914,-0.0473,0.0147,-0.3455,0.024,-1.7426,0.0566,0.0,-0.1456,0.0236,-0.0724,0.2765,0.1581,167.59,-2.5,32.5
401856993,20260615,2026,MIN,POR,107,74,1.08,7.66,-14.5,1.9,1.89,168.5,1.86,1.94,9,9,33,181,1,1.0,1.0,0.6018,0.6371,220.4,3.801,0.0,0.0,25.07,1.71,162.15,-0.0328,0.0681,-0.0339,-0.1097,0.0644,3.43,0.5942,-0.0172,0.4461,1.0203,-5.0422,0.0572,0.3061,-0.1483,0.0,0.4099,0.4086,0.2588,0.2425,1.1178,167.51,14.5,18.5
401856994,20260615,2026,GS,LA,78,58,1.46,2.7,-5.5,1.95,1.84,172.5,1.89,1.91,9,9,20,136,1,1.0,0.0,0.0609,0.0609,79.7,5.773,1.0,0.0,0.02,-4.18,163.63,-0.0331,-0.0198,-0.0302,0.0685,0.0155,-1.44,0.1383,-0.0712,-0.0803,-0.0275,-1.1517,0.0027,-0.2898,0.0108,2.0,-0.208,0.0973,-0.0089,-0.1159,-0.1795,167.65,5.5,14.5
401856995,20260616,2026,IND,TOR,113,91,1.23,4.03,-8.5,1.87,1.91,176.5,1.65,2.14,9,9,22,204,1,1.0,1.0,0.2129,0.3366,100.0,3.777,1.0,0.0,10.0,1.5,167.55,0.0316,0.0366,-0.009,0.0189,0.0058,-1.56,0.3585,-0.0039,0.169,0.3913,1.3249,-0.0291,0.9565,0.0018,0.0,0.1318,0.0056,0.215,0.1626,0.5098,167.42,8.5,13.5
401856996,20260617,2026,CON,WSH,81,88,1.73,2.1,-2.5,1.96,1.82,159.5,1.87,1.95,9,9,-7,169,0,0.0,1.0,0.0375,0.1151,-72.3,-1.397,1.0,0.0,-0.19,-0.03,162.13,-0.0337,0.0035,-0.0542,-0.0205,-0.0477,2.95,0.1348,-0.0455,0.0192,-0.2164,2.509,-0.079,1.2674,-0.1328,1.0,0.157,0.304,0.322,0.267,0.7701,167.78,2.5,-9.5
401856997,20260617,2026,CHI,NY,95,96,4.74,1.18,7.5,2.2,1.59,169.5,1.9,1.91,9,9,-1,191,0,1.0,1.0,-0.3448,-0.3375,-245.2,-2.612,2.0,0.0,-22.91,5.45,165.12,-0.0205,-0.0495,-0.0043,-0.0916,-0.0431,2.45,-0.27,-0.1329,-0.3051,-0.9679,2.7515,-0.1158,1.3044,-0.0405,0.0,-0.0087,0.1548,-0.0477,-0.0061,-0.0997,167.85,-7.5,6.5
401856998,20260617,2026,GS,DAL,91,80,1.63,2.25,-3.5,1.94,1.85,164.5,1.87,1.91,9,9,11,171,1,1.0,1.0,-0.0105,-0.0455,50.2,4.365,0.0,0.0,-1.5,-2.47,161.07,-0.0019,-0.0199,0.0546,0.0968,0.0303,0.59,-0.1425,0.1793,-0.1937,-0.1577,3.5115,0.0369,0.488,-0.0913,0.0,-0.1042,-0.1517,-0.0255,-0.1368,-0.4223,168.0,3.5,7.5
401856999,20260617,2026,LA,MIN,83,99,4.91,1.17,3.5,2.7,1.38,173.5,1.87,1.91,9,9,-16,182,0,0.0,1.0,-0.3756,-0.482,-213.3,-5.802,0.0,0.0,-16.36,0.79,164.82,0.0089,-0.0793,0.101,0.1067,-0.108,-2.7,-0.5291,-0.0654,-0.4255,-0.9789,3.4016,-0.0188,-0.2697,-0.23,0.0,-0.481,-0.3308,-0.0616,-0.0759,-0.7457,168.17,-3.5,-12.5
401857000,20260617,2026,PHX,LV,76,86,3.13,1.36,6.5,1.89,1.91,171.5,1.87,1.92,9,9,-10,162,0,0.0,0.0,-0.3429,-0.3816,-133.9,0.52,2.0,0.0,-4.05,0.4,161.31,0.0182,-0.0483,0.051,0.0134,-0.0683,1.59,-0.2477,-0.08,-0.3286,-0.4971,1.258,0.0042,-1.3566,0.1706,1.0,-0.2532,-0.2576,-0.223,-0.0348,-0.6633,168.39,-6.5,-3.5
401857001,20260617,2026,POR,SEA,94,89,1.53,2.49,-3.5,1.8,1.94,161.5,1.8,1.97,9,9,5,183,1,1.0,1.0,-0.1042,-0.021,9.8,-2.509,-3.0,0.0,-6.74,0.13,161.4,0.0221,0.0451,-0.0122,0.004,-0.0015,-1.55,0.0635,-0.0527,0.0408,-0.0603,1.9005,-0.0319,-0.2859,0.1139,0.0,0.1182,-0.0328,-0.0261,-0.1899,-0.1381,168.53,3.5,1.5
401857002,20260618,2026,IND,ATL,101,108,1.97,1.82,-1.5,2.06,1.7,173.5,1.93,1.87,9,9,-7,209,0,0.0,1.0,-0.0838,-0.0756,-8.6,0.829,-2.0,0.0,0.04,4.3,166.06,0.0363,-0.0536,0.0355,0.0049,0.0021,-1.83,0.13,-0.232,-0.0274,-0.0419,4.9024,0.0315,2.4366,-0.0672,1.0,0.0208,-0.2371,0.0448,-0.0063,-0.0994,168.71,1.5,-8.5
401857003,20260619,2026,CON,TOR,97,101,1.76,2.05,-1.5,1.84,1.91,163.5,1.57,2.23,9,9,-4,198,0,0.0,1.0,-0.0118,-0.0709,-134.7,-1.44,-1.0,0.0,0.53,-3.67,164.42,0.0051,0.0674,0.021,-0.0824,-0.0911,-0.28,-0.0842,0.0222,-0.2062,-0.2753,1.3898,-0.1369,1.0797,-0.0268,1.0,-0.091,-0.0368,0.1986,0.1975,0.1566,169.09,1.5,-5.5
401857004,20260619,2026,NY,WSH,83,86,1.12,6.14,-13.5,2.03,1.75,167.5,1.81,1.96,9,9,-3,169,0,0.0,1.0,0.5231,0.47,167.8,3.482,0.0,0.0,19.14,-0.01,159.76,-0.0134,-0.0132,-0.0373,0.1112,0.0432,2.35,0.3396,0.2371,0.2883,0.581,-2.4866,0.1091,1.8065,-0.037,2.0,0.2391,0.297,0.1483,0.1145,0.7093,169.27,13.5,-16.5
401857005,20260619,2026,GS,MIN,75,81,2.24,1.65,1.5,2.03,1.74,161.5,1.64,2.17,9,9,-6,156,0,0.0,0.0,-0.261,-0.3519,-118.7,-0.686,0.0,0.0,-9.9,-4.64,162.41,-0.033,-0.0713,0.0974,0.1586,-0.0484,-3.48,-0.1416,-0.2499,-0.3394,-0.6184,0.5963,-0.0072,-0.4774,-0.1555,1.0,-0.4956,-0.1366,-0.0961,-0.0944,-0.6348,169.41,-1.5,-4.5
401857006,20260620,2026,ATL,IND,113,96,1.5,2.56,-5.5,1.97,1.79,175.5,1.83,1.94,9,9,17,209,1,1.0,1.0,0.0974,0.1311,27.8,-1.146,0.0,0.0,3.96,-3.71,167.9,-0.0454,0.0573,-0.0109,0.0055,-0.0187,2.32,0.0269,0.0995,0.0613,0.2104,-3.7768,-0.0349,-2.1394,0.0156,0.0,0.0928,0.3166,0.06,-0.0489,0.2512,169.39,5.5,11.5
401857007,20260620,2026,PHX,SEA,93,73,1.36,3.08,-7.5,2.0,1.78,160.5,1.67,2.12,9,9,20,166,1,1.0,1.0,0.0581,0.1326,40.1,-1.805,0.0,0.0,0.58,-0.37,160.95,0.0111,0.0109,0.0538,-0.0289,-0.0129,0.6,-0.0532,0.1849,-0.026,-0.093,-1.8465,-0.0211,-0.2551,0.0606,1.0,0.0399,0.1643,0.1406,-0.0962,0.1712,169.6,7.5,12.5
401857008,20260620,2026,DAL,CHI,93,92,1.2,4.56,-10.5,1.94,1.86,169.5,1.56,2.21,9,9,1,185,1,0.0,1.0,0.1444,0.0616,157.1,0.3,0.0,0.0,8.15,-3.6,165.77,-0.0344,0.0305,-0.1106,0.0282,-0.0173,-1.27,-0.127,0.2304,0.2011,0.7202,-5.7301,-0.0069,-2.2039,-0.0455,0.0,-0.132,0.1391,-0.024,0.119,0.2404,169.55,10.5,-9.5
401857009,20260621,2026,LV,GS,92,73,1.59,2.34,-4.5,2.02,1.76,167.5,1.89,1.87,9,9,19,165,1,1.0,0.0,0.1873,0.1903,61.7,-6.538,2.0,0.0,-5.69,0.85,158.86,0.0106,0.0318,-0.0179,-0.1099,-0.0018,1.1,-0.2133,0.4409,0.1909,0.0589,-1.5725,-0.0255,0.9599,0.0682,0.0,0.2626,0.2347,0.0102,-0.0894,0.2841,169.95,4.5,14.5
401857010,20260621,2026,MIN,WSH,79,84,1.09,7.11,-13.5,1.81,1.94,168.5,1.81,1.99,9,9,-5,163,0,0.0,0.0,0.5683,0.5148,256.6,4.119,0.0,0.0,17.04,2.46,162.63,-0.0256,0.0342,-0.2036,-0.0279,0.1409,5.87,0.2713,0.3236,0.2108,0.9475,-3.5056,0.0691,2.043,0.0829,3.0,0.5162,0.5662,0.0476,0.0656,0.8381,169.87,13.5,-18.5
401857011,20260621,2026,LA,NY,98,97,2.78,1.44,4.5,2.0,1.75,177.5,1.65,2.23,9,9,1,195,1,1.0,1.0,-0.2655,-0.2462,-132.2,-4.171,2.0,0.0,-10.68,2.79,164.04,-0.0176,-0.0077,-0.0224,-0.0353,-0.055,0.04,-0.5797,0.4266,-0.1092,-0.5899,-0.0918,-0.0664,-1.4241,-0.0959,0.0,-0.1057,0.0104,-0.1833,0.1598,-0.1012,169.8,-4.5,5.5
401857012,20260622,2026,CON,CHI,92,63,2.33,1.59,2.5,1.97,1.8,166.5,1.67,2.13,9,9,29,155,1,1.0,0.0,-0.1964,-0.2455,-11.7,-2.902,1.0,0.0,-0.63,-3.63,166.21,-0.0194,0.0731,-0.0066,-0.0456,-0.0911,-0.74,-0.0733,-0.2563,-0.1894,-0.1216,0.074,-0.0627,-0.7398,-0.1082,1.0,-0.2053,-0.0488,0.0381,0.058,-0.1848,170.11,-2.5,31.5
401857013,20260622,2026,ATL,TOR,94,87,1.07,8.21,-14.5,1.85,1.91,176.5,1.74,2.04,9,9,7,181,1,0.0,1.0,0.4411,0.423,138.5,1.336,-1.0,0.0,17.6,-0.94,167.75,-0.0229,0.097,0.0542,0.0132,-0.0085,1.05,0.2358,0.2399,0.1479,0.7141,-2.3605,-0.0511,-0.8984,0.0324,2.0,0.1956,0.1548,0.1945,0.2766,0.6789,170.18,14.5,-7.5
401857014,20260622,2026,IND,PHX,86,77,1.31,3.41,-7.5,1.87,1.91,175.5,1.72,2.05,9,9,9,163,1,1.0,0.0,0.1293,0.0951,89.3,1.291,0.0,0.0,4.45,6.18,167.1,0.0081,0.0218,0.0295,-0.0009,0.0439,-1.52,0.3296,-0.3607,0.173,0.216,6.4695,0.0116,0.5629,0.1122,0.0,0.0399,-0.2065,-0.0853,0.3172,0.2063,170.19,7.5,1.5
401857016,20260623,2026,LV,NY,76,87,1.71,2.13,-2.5,1.9,1.88,174.5,1.67,2.15,9,9,-11,163,0,0.0,0.0,0.1032,0.0655,46.6,-2.786,0.0,0.0,-1.45,-3.1,159.53,-0.0378,-0.0149,-0.0914,-0.0866,0.0208,0.71,-0.2747,0.4013,0.0477,-0.0181,-3.0864,-0.0772,-0.3901,-0.0735,1.0,0.0694,0.2931,-0.0348,-0.0672,0.1342,170.72,2.5,-13.5
401857017,20260624,2026,IND,PHX,109,111,1.24,3.95,-8.5,1.87,1.92,175.5,1.86,1.94,9,9,-2,220,0,0.0,1.0,0.1568,0.2557,98.7,1.792,0.0,0.0,6.38,4.72,166.18,0.0161,0.0413,0.0532,0.031,0.0546,-1.22,0.0239,0.3745,0.2549,0.4616,5.3013,-0.0044,0.5066,0.0459,1.0,0.2187,-0.1145,0.193,0.2029,0.4985,170.83,8.5,-10.5
401857018,20260624,2026,WSH,MIN,76,78,4.05,1.23,5.5,2.26,1.55,167.5,1.69,2.08,9,9,-2,154,0,1.0,0.0,-0.4545,-0.4194,-237.2,-3.198,0.0,0.0,-9.15,-2.36,162.84,0.0315,-0.0203,0.1954,0.024,-0.0905,-6.62,-0.0746,-0.4637,-0.148,-0.6945,1.2379,-0.0911,-2.6134,0.0043,0.0,-0.477,-0.6094,-0.0213,-0.074,-0.7957,171.31,-5.5,3.5
401857019,20260624,2026,CHI,POR,101,78,1.57,2.39,-3.5,1.86,1.93,168.5,1.65,2.15,9,9,23,179,1,1.0,1.0,0.0911,0.086,-121.6,1.514,-3.0,0.0,1.36,4.88,165.67,-0.0292,-0.0335,0.1131,-0.1077,-0.0266,2.42,0.0946,-0.0245,-0.0749,-0.189,0.678,-0.042,1.0746,-0.0569,0.0,0.0385,0.2475,0.0871,0.2384,0.4644,171.19,3.5,19.5
401857020,20260624,2026,GS,ATL,77,66,2.1,1.73,1.5,1.94,1.84,164.5,1.76,2.02,9,9,11,143,1,1.0,0.0,-0.2054,-0.1606,-68.8,2.666,1.0,0.0,-8.62,-6.6,162.58,0.0082,-0.0485,-0.0592,0.0975,-0.0308,-2.52,0.0448,-0.2262,-0.2577,-0.5811,-4.438,0.0057,0.4956,-0.0928,0.0,-0.26,-0.1296,0.0469,-0.1819,-0.4549,171.4,-1.5,12.5
401857021,20260625,2026,TOR,LA,125,97,1.91,1.88,-1.5,2.0,1.8,179.5,1.8,1.97,9,9,28,222,1,1.0,1.0,-0.0476,0.0086,14.7,2.469,-1.0,0.0,-4.97,1.45,168.21,0.0009,-0.0251,-0.0072,-0.0139,0.0838,2.06,0.1676,-0.2075,0.1723,0.0551,3.778,0.0209,0.3659,0.1252,0.0,0.1424,0.1581,0.0347,-0.0535,0.1958,171.34,1.5,26.5
401857022,20260625,2026,LV,DAL,99,84,1.4,2.93,-5.5,1.84,1.94,173.5,1.56,2.25,9,9,15,183,1,1.0,1.0,0.2015,0.2441,107.1,0.138,-1.0,0.0,-5.11,-5.88,161.45,0.0188,0.0048,0.0216,0.04,0.0174,0.13,-0.039,0.3403,0.0178,-0.0293,-0.9819,0.007,0.831,-0.0843,1.0,0.136,0.0041,0.0128,-0.1724,-0.1236,171.74,5.5,9.5
401857023,20260625,2026,SEA,NY,99,88,3.92,1.25,7.5,2.03,1.77,167.5,1.91,1.88,9,9,11,187,1,1.0,1.0,-0.3962,-0.343,-181.1,-1.099,1.0,0.0,-12.96,1.81,163.77,-0.0175,-0.0495,-0.1175,-0.0544,-0.0065,0.03,-0.5662,0.2958,-0.1326,-0.8035,0.7279,-0.0206,-1.1198,-0.0607,2.0,-0.1424,0.0045,-0.059,0.2265,-0.0242,171.95,-7.5,18.5
401857024,20260626,2026,CON,WSH,68,57,2.36,1.58,3.5,1.9,1.87,162.5,1.74,2.02,9,9,11,125,1,1.0,0.0,-0.0942,-0.0246,-92.9,-2.213,2.0,0.0,3.47,0.64,163.11,-0.044,0.0488,-0.086,-0.0312,-0.0527,4.63,0.2827,-0.4082,-0.0201,-0.1413,3.2205,-0.0353,2.6241,-0.0035,0.0,0.2081,0.4801,-0.105,-0.0112,0.2645,172.05,-3.5,14.5
401857025,20260626,2026,CHI,POR,124,94,1.4,2.91,-6.5,1.94,1.85,172.5,1.79,1.98,9,9,30,218,1,1.0,1.0,0.1746,0.1651,-82.4,2.821,0.0,0.0,11.02,3.88,165.32,-0.0166,-0.011,0.1258,-0.1097,-0.032,2.33,0.2505,-0.124,0.0254,0.1462,-0.3181,-0.0493,1.1207,-0.001,1.0,0.033,0.2115,0.0855,0.175,0.4229,171.83,6.5,23.5
401857026,20260626,2026,GS,ATL,78,75,2.05,1.75,-1.5,2.1,1.68,161.5,1.72,2.07,9,9,3,153,1,1.0,0.0,-0.0982,-0.1369,-47.7,3.962,0.0,0.0,-4.98,-6.4,159.63,0.0124,-0.0485,-0.0719,0.1248,0.0017,-1.38,-0.0837,-0.0111,-0.1708,-0.2682,-3.7548,0.022,1.1137,-0.2198,1.0,-0.231,-0.1364,-0.0667,-0.2584,-0.5574,172.22,1.5,1.5
401857027,20260627,2026,TOR,PHX,80,89,1.45,2.73,-6.5,2.03,1.75,174.5,1.66,2.13,9,9,-9,169,0,0.0,0.0,-0.0255,0.2145,6.9,0.492,-1.0,0.0,-1.08,3.81,166.76,-0.0175,0.0038,-0.018,0.0302,0.0601,1.96,-0.0986,0.3997,0.2202,0.2031,4.2809,0.0294,0.5304,0.0262,2.0,0.1813,0.2766,0.3227,-0.2345,0.4151,172.2,6.5,-15.5
401857028,20260627,2026,IND,LA,111,87,1.34,3.21,-7.5,1.95,1.81,175.5,1.52,2.27,9,9,24,198,1,1.0,1.0,0.2111,0.2115,122.5,4.394,1.0,0.0,12.31,1.5,169.81,0.0428,0.0237,0.0119,0.0019,0.106,-1.55,0.3813,-0.2507,0.2387,0.4999,5.1581,0.0175,0.1479,0.0105,1.0,0.1374,-0.0412,0.0776,-0.0577,0.1532,172.17,7.5,16.5
401857029,20260627,2026,SEA,ATL,105,90,3.96,1.24,7.5,2.01,1.78,166.5,1.7,2.1,9,9,15,195,1,1.0,1.0,-0.26,-0.3217,-175.4,0.236,1.0,-1.0,-5.62,-0.69,166.55,0.0313,-0.0662,-0.1312,0.0596,0.0177,-2.66,-0.4317,0.238,-0.0411,-0.4904,-2.0114,0.0817,0.6588,-0.1209,2.0,-0.1949,-0.311,-0.1212,-0.2629,-0.6521,172.38,-7.5,22.5
401857030,20260628,2026,DAL,MIN,77,85,2.29,1.62,3.5,1.85,1.93,177.5,1.81,1.96,9,9,-8,162,0,0.0,0.0,-0.3204,-0.3653,-181.0,-4.642,-1.0,0.0,-8.89,1.3,167.29,-0.0315,-0.0816,-0.0199,0.0276,-0.0878,-3.31,-0.1191,-0.2668,-0.0066,-0.5955,-1.5016,-0.0334,-2.2248,0.0387,1.0,-0.3307,0.0184,-0.2055,-0.0876,-0.3651,172.31,-3.5,-4.5
401857032,20260628,2026,CHI,LV,99,107,3.4,1.31,6.5,1.97,1.77,178.5,1.73,2.08,9,9,-8,206,0,0.0,1.0,-0.3316,-0.2882,-252.4,1.765,-1.0,0.0,4.33,6.51,163.16,0.0179,0.0244,0.0873,-0.0301,-0.0084,1.13,0.1699,-0.3973,-0.1601,-0.366,4.7491,-0.0296,2.0485,0.0389,0.0,-0.071,-0.0558,0.0197,0.0722,-0.0685,172.75,-6.5,-1.5
401857033,20260628,2026,GS,NY,76,67,1.8,2.0,-1.5,1.91,1.87,163.5,1.88,1.92,9,9,9,143,1,1.0,0.0,-0.1153,-0.1266,-17.4,1.886,-1.0,0.0,0.93,-3.97,159.95,-0.0202,0.0054,-0.0425,-0.0081,-0.0271,0.68,-0.0191,-0.1438,-0.1744,-0.0625,0.6296,-0.0742,-0.0037,-0.1587,3.0,-0.2027,0.0141,0.0057,0.0244,-0.1642,172.93,1.5,7.5
401857321,20260630,2026,NY,LV,93,85,1.39,2.94,-6.5,1.89,1.9,171.5,1.69,2.08,9,9,8,178,1,1.0,1.0,-0.169,0.0437,-50.6,2.161,0.0,0.0,-11.16,0.77,159.28,0.0297,-0.0017,0.0138,0.0982,-0.0354,-0.93,-0.1508,0.3248,-0.1007,-0.2708,1.4844,0.0069,0.6419,0.0682,1.0,-0.0143,-0.2047,0.1769,0.0865,0.0548,172.67,6.5,1.5
401857034,20260702,2026,WSH,ATL,81,76,3.89,1.25,6.5,2.14,1.68,164.5,1.7,2.08,9,9,5,157,1,1.0,0.0,-0.266,-0.3508,-154.7,1.447,-1.0,0.0,1.33,1.62,170.78,0.0649,-0.0148,0.0705,-0.0461,-0.0091,-2.39,-0.247,-0.1426,-0.2799,-0.2169,-1.0736,-0.0505,1.3127,-0.1303,3.0,-0.3848,-0.4663,0.1337,-0.2212,-0.7239,172.93,-6.5,11.5
401857035,20260702,2026,CON,DAL,83,86,3.24,1.34,6.5,1.91,1.87,169.5,1.7,2.09,9,9,-3,169,0,1.0,0.0,-0.1324,-0.1702,-136.8,-0.42,1.0,0.0,11.86,-3.07,165.91,0.0052,0.0622,0.106,-0.0742,-0.0123,2.5,0.2016,-0.5045,-0.2565,-0.0122,4.99,-0.1132,2.2889,-0.0826,0.0,0.0869,0.0581,-0.191,-0.2069,-0.4845,172.89,-6.5,3.5
401857036,20260702,2026,PHX,SEA,90,67,1.54,2.48,-5.5,2.03,1.75,166.5,1.68,2.11,9,9,23,157,1,1.0,0.0,0.0196,-0.096,48.8,-0.713,0.0,0.0,1.49,-1.28,164.29,-0.0088,-0.0181,0.1068,-0.0236,-0.0679,0.8,0.1127,-0.3094,-0.1996,-0.0933,-0.9835,-0.0441,-0.0812,0.0011,0.0,-0.1806,0.0518,-0.0339,0.0864,-0.056,173.05,5.5,17.5
401857037,20260703,2026,NY,MIN,99,86,2.15,1.69,-1.5,2.2,1.63,171.5,1.68,2.11,9,9,13,185,1,1.0,1.0,-0.1073,-0.0363,-106.2,-2.865,-2.0,0.0,-5.44,-2.69,163.1,0.0212,-0.0414,0.1097,0.1593,-0.03,-4.48,0.1726,-0.2996,0.0832,-0.344,-0.5304,0.0043,-0.9084,0.1329,2.0,-0.1603,-0.2271,-0.1081,-0.0817,-0.3307,172.86,1.5,11.5
401857039,20260704,2026,ATL,GS,83,88,1.5,2.57,-5.5,1.97,1.8,161.5,1.78,1.97,9,9,-5,171,0,0.0,1.0,0.0138,0.0418,6.2,-6.386,-3.0,0.0,-6.64,7.74,162.43,-0.0107,0.0276,0.0252,-0.0973,-0.0083,1.7,-0.106,0.1307,0.0644,-0.2053,1.7772,0.0065,-1.5474,0.2191,0.0,0.185,0.1014,0.0609,0.2479,0.4488,173.25,5.5,-10.5
401857040,20260704,2026,SEA,POR,72,77,1.52,2.5,-4.5,1.9,1.89,166.5,1.53,2.25,9,9,-5,149,0,0.0,0.0,0.2548,0.2469,28.2,4.504,-3.0,0.0,12.08,-6.31,169.32,0.0016,-0.0251,-0.0156,-0.0289,0.0451,-2.13,0.2011,0.1096,0.1553,0.3367,-5.3741,-0.0178,-0.8849,-0.2198,3.0,0.1483,0.1322,0.0866,-0.0603,0.2286,173.18,4.5,-9.5
401857041,20260705,2026,TOR,DAL,76,89,2.97,1.39,4.5,2.1,1.68,181.5,1.63,2.19,9,9,-13,165,0,0.0,0.0,-0.0226,-0.0718,-24.3,1.989,2.0,0.0,3.24,0.37,169.27,0.0121,0.0232,0.0706,0.069,0.0837,0.47,-0.2614,0.2711,0.1568,-0.0387,4.3581,-0.0483,0.5539,-0.2568,1.0,0.0883,-0.2571,0.1664,0.1707,0.1706,173.29,-4.5,-8.5
401857042,20260705,2026,LV,IND,68,84,1.65,2.22,-7.5,2.5,1.47,179.5,1.78,1.99,9,9,-16,152,0,0.0,0.0,0.149,-0.0085,44.5,-2.132,-3.0,0.0,-0.37,-4.5,167.32,-0.0431,-0.0436,-0.0395,-0.0467,-0.0866,2.7,0.0154,-0.0898,-0.047,-0.0182,-6.2699,-0.0042,-0.3463,0.0193,0.0,-0.1025,0.2647,-0.2102,-0.0527,-0.108,173.25,7.5,-23.5
401857043,20260706,2026,WSH,GS,49,62,3.21,1.35,3.5,2.38,1.51,154.5,1.84,1.95,9,9,-13,111,0,0.0,0.0,-0.2853,-0.3532,-140.5,-2.103,2.0,0.0,-3.0,8.24,163.77,0.0596,0.0245,0.1187,-0.1546,0.0338,-2.94,-0.4118,0.0446,-0.1845,-0.4307,-0.7,-0.0561,-0.52,0.077,1.0,-0.3191,-0.5244,0.0981,-0.0975,-0.6178,172.85,-3.5,-9.5
401857044,20260706,2026,MIN,CON,89,90,1.12,6.1,-16.5,2.28,1.5,164.5,1.81,1.96,9,9,-1,179,0,0.0,1.0,0.4184,0.388,321.4,4.106,-1.0,0.0,-6.54,1.38,164.18,0.0026,0.0164,-0.1263,0.0816,0.0617,0.82,-0.029,0.5212,0.1943,0.4695,-4.0908,0.1305,-0.5278,0.0133,0.0,0.0764,0.0637,0.2818,-0.0214,0.4447,172.49,16.5,-17.5
401857045,20260706,2026,LA,SEA,64,82,1.54,2.47,-3.5,1.78,1.99,173.5,1.7,2.1,9,9,-18,146,0,0.0,0.0,-0.0387,-0.0539,12.6,-4.861,3.0,0.0,-16.2,2.82,167.54,-0.0252,-0.0054,0.073,0.0043,-0.1048,-1.33,-0.044,-0.1043,-0.0281,-0.3084,-0.2283,-0.0057,-0.4748,0.1329,0.0,-0.2011,-0.1504,-0.0354,0.1145,-0.064,172.48,3.5,-21.5
401857046,20260707,2026,NY,DAL,77,88,1.52,2.51,-5.5,2.01,1.77,174.5,1.82,1.94,9,9,-11,165,0,0.0,0.0,0.2594,0.2866,81.7,3.096,2.0,0.0,3.06,-3.46,162.79,0.0339,0.0141,0.1206,0.1219,0.0435,-0.12,0.061,0.2814,0.1546,0.0984,-2.2606,0.0201,0.9917,-0.029,2.0,0.1967,-0.1715,0.0976,-0.146,0.0007,172.25,5.5,-16.5
401857047,20260707,2026,PHX,CHI,66,77,1.59,2.35,-4.5,2.02,1.76,172.5,1.9,1.89,9,9,-11,143,0,0.0,0.0,-0.0205,0.0354,140.1,-1.04,1.0,0.0,7.92,-5.62,167.94,-0.0086,-0.0183,-0.0618,0.0381,-0.008,-0.34,0.289,-0.4687,0.0667,0.1412,-5.3303,-0.0095,-1.2314,-0.1594,1.0,-0.0716,-0.0421,-0.1851,-0.0195,-0.1942,172.21,4.5,-15.5
401857048,20260708,2026,TOR,GS,75,83,3.55,1.29,7.5,1.94,1.81,165.5,1.91,1.89,9,9,-8,158,0,0.0,0.0,-0.233,-0.248,-127.8,-4.175,1.0,0.0,-8.57,7.22,161.07,0.0128,-0.0097,0.0274,-0.0457,0.093,-1.79,-0.5893,0.4833,0.1561,-0.4744,2.5281,0.0076,-0.6845,0.0083,2.0,0.0623,-0.054,-0.0237,-0.0362,-0.013,171.89,-7.5,-0.5
401857049,20260708,2026,CON,MIN,80,86,3.5,1.3,6.5,2.05,1.73,164.5,1.8,1.96,9,9,-6,166,0,1.0,1.0,-0.3135,-0.3642,-310.3,-3.367,0.0,0.0,8.25,-1.14,164.95,-0.0039,-0.0045,0.1174,-0.1012,-0.0318,0.25,-0.131,-0.2749,-0.186,-0.3942,3.114,-0.1597,0.2679,0.0237,0.0,-0.0843,0.0029,-0.2673,-0.0465,-0.4516,171.72,-6.5,0.5
401857050,20260708,2026,LA,IND,106,92,2.94,1.4,5.5,1.93,1.85,181.5,1.84,1.95,9,9,14,198,1,1.0,1.0,-0.3693,-0.2584,-172.8,-4.994,-1.0,0.0,-25.26,1.85,169.89,-0.0229,-0.0849,-0.0552,0.0137,-0.1556,0.61,-0.6732,0.4611,-0.338,-1.0284,-4.8985,-0.0255,-0.6497,0.0686,1.0,-0.1827,0.0213,-0.005,0.0901,-0.1704,171.67,-5.5,19.5
401857051,20260709,2026,ATL,SEA,89,78,1.13,5.7,-12.5,1.89,1.91,166.5,1.62,2.19,9,9,11,167,1,0.0,1.0,0.1638,0.1638,128.6,-5.356,2.0,0.0,-10.76,2.67,168.06,-0.0184,0.0745,0.1335,-0.0381,-0.0597,-0.45,0.0488,0.1432,0.0653,-0.0406,1.3586,-0.0854,-1.4468,0.2013,1.0,-0.1272,-0.0109,0.1005,0.2171,0.2921,171.99,12.5,-1.5
401857052,20260709,2026,PHX,IND,89,92,2.0,1.81,-1.5,2.11,1.68,170.5,1.78,2.0,9,9,-3,181,0,0.0,1.0,-0.236,-0.2254,-88.7,-2.427,1.0,-1.0,-2.87,-3.86,165.86,-0.0014,-0.0582,-0.012,-0.009,-0.0589,1.65,-0.1599,-0.1415,-0.1739,-0.3431,-5.4776,-0.0436,-0.5731,0.0648,2.0,-0.1632,0.0335,-0.3197,0.0176,-0.3947,171.96,1.5,-4.5
401857053,20260709,2026,POR,LV,80,88,4.41,1.2,8.5,2.04,1.75,174.5,1.86,1.93,9,9,-8,168,0,1.0,0.0,-0.3637,-0.3269,-189.0,-2.363,1.0,0.0,-8.32,8.43,168.63,0.0284,0.0612,-0.0699,0.0698,0.0173,1.36,-0.3935,0.2273,-0.2089,-0.4331,5.6823,0.013,1.5307,0.1387,0.0,0.0261,-0.2234,0.0786,0.3553,0.1233,171.87,-8.5,0.5
401857054,20260710,2026,CON,GS,64,79,2.96,1.39,5.5,1.93,1.84,153.5,1.89,1.87,9,9,-15,143,0,0.0,0.0,-0.1875,-0.209,-240.4,-6.167,0.0,0.0,-3.12,6.35,158.44,-0.002,0.0047,0.0889,-0.2169,0.015,1.95,-0.1648,-0.0842,-0.073,-0.4778,2.2775,-0.051,1.3035,0.0012,3.0,0.0956,0.0972,-0.1332,0.093,-0.0069,171.93,-5.5,-9.5
401857055,20260710,2026,TOR,DAL,95,108,3.7,1.27,6.5,2.12,1.69,178.5,1.86,1.92,9,9,-13,203,0,0.0,1.0,-0.194,-0.3412,-73.0,-0.285,-1.0,0.0,-5.04,0.37,165.71,0.0422,-0.0125,0.0723,0.0796,0.0686,-0.41,-0.5866,0.3369,-0.1042,-0.4965,2.6657,-0.0624,-0.7335,-0.2984,3.0,0.0154,-0.2933,-0.058,-0.1429,-0.4651,171.77,-6.5,-6.5
401857056,20260710,2026,LA,CHI,102,87,1.83,1.97,-2.5,2.07,1.71,176.5,1.86,1.92,8,9,15,189,1,1.0,1.0,-0.1366,-0.0611,57.0,-3.068,-1.0,0.0,-18.48,0.88,172.75,-0.0274,-0.0676,-0.0807,0.0317,-0.0905,-2.08,-0.0479,-0.1395,-0.061,-0.3944,-4.1536,0.0337,-2.0876,-0.0908,2.0,-0.209,-0.1499,-0.0983,0.1225,-0.1748,172.25,2.5,12.5
