game_id,date,season,home,away,home_score,away_score,total,ou_o,ou_u,game_total,spread,ml_h,ml_a,model_total,exp_tot_raw,off_sum,lg_run,rest_h,rest_a,b2b_any,pace_s,pace_d,lgenv,p3ar,p3pct,tov,oreb,ftr,gbm_edge,ridge_edge
401104959,20190619,2019,NY,CHI,83,91,164.5,1.92,1.9,174,-1.5,1.76,2.09,,153.84385715003336,143.4583198599,77.58333333333333,4,4,0,,,,,,,,,,
401104960,20190620,2019,DAL,PHX,69,54,144.5,1.88,1.92,123,5.5,3.16,1.36,,142.05988709393438,142.96405647999998,77.73770491803279,5,6,0,,,,,,,,,,
401104961,20190620,2019,LV,WSH,72,95,165.5,1.88,1.93,167,-4.5,1.59,2.4,,161.60838757077423,161.44387571600004,77.4758064516129,4,2,0,,,,,,,,,,
401104962,20190621,2019,CON,ATL,86,76,152.5,1.91,1.91,162,-12.5,1.1,6.86,,149.53621051776284,162.57957442386999,77.57142857142857,5,2,0,,,,,,,,,,
401104963,20190621,2019,CHI,IND,69,76,162.5,1.9,1.91,145,-4.5,1.49,2.66,,136.55665919913997,145.23461760786998,77.625,2,2,0,,,,,,,,,,
401104964,20190621,2019,SEA,LA,84,62,153.5,1.89,1.92,146,1.5,2.0,1.83,,163.00441699509233,155.65599993890004,77.54615384615384,5,3,0,,,,,,,,,,
401104965,20190622,2019,MIN,NY,92,83,156.5,1.88,1.94,175,-7.5,1.25,4.03,,168.9016429975846,155.42671530461,77.47727272727273,6,3,0,,,,,,,,,,
401104966,20190622,2019,LV,DAL,86,68,151.5,1.78,1.99,154,-14.5,1.08,8.21,,142.57768834371637,144.00533920200002,77.6268656716418,2,2,0,,,,,,,,,,
401104967,20190623,2019,ATL,WSH,73,89,157.5,1.99,1.79,162,8.5,4.5,1.2,,153.20945134515293,158.4598554954,77.61764705882354,2,3,0,,,,,,,,,,
401104968,20190623,2019,CHI,CON,93,75,161.5,1.79,2.01,168,4.5,2.76,1.45,,147.59002297902464,156.70013272748298,77.66666666666667,2,2,0,,,,,,,,,,
401104969,20190623,2019,PHX,LA,82,72,153.5,1.92,1.88,154,1.5,1.99,1.84,,155.02731133971432,151.7443779563,77.75714285714285,3,2,0,,,,,,,,,,
401104970,20190623,2019,SEA,IND,65,61,154.5,2.04,1.75,126,-5.5,1.36,3.17,,149.1758977934071,154.48060636879296,77.74647887323944,2,2,0,,,,,,,,,,
401104971,20190625,2019,IND,MIN,74,78,152.5,1.99,1.83,152,2.5,2.24,1.67,,147.31915456976006,154.1078288017047,77.54166666666667,2,3,0,,,,,,,,,,
401104972,20190625,2019,LV,SEA,60,56,156.5,1.79,2.02,116,-6.5,1.36,3.16,,157.65670919078306,157.77722001283902,77.52054794520548,3,2,0,,,,,,,,,,
401104973,20190626,2019,CHI,WSH,74,81,164.5,1.9,1.91,155,5.5,3.05,1.38,,152.7677332790265,155.57453411726,77.25675675675676,3,3,0,,,,,,,,,,
401104974,20190626,2019,DAL,CON,74,73,148.5,1.92,1.9,147,8.5,4.2,1.23,,145.40006935282216,150.6002101932347,77.26,4,3,0,,,,,,,,,,
401104975,20190627,2019,LA,LV,86,74,157.5,1.87,1.94,160,2.5,2.08,1.77,,156.5734927901211,153.10587370587007,77.21052631578948,4,2,0,,,,,,,,,,
401104976,20190628,2019,NY,DAL,69,68,154.5,1.95,1.87,137,-3.5,1.51,2.59,,155.7397691933905,143.033851432939,77.24675324675324,6,2,0,,,,,,,,,,
401104977,20190628,2019,PHX,IND,91,69,152.5,1.92,1.89,160,-5.5,1.44,2.79,,144.21383394610228,150.6976073823672,77.13461538461539,5,3,0,,,,,,,,,,
401104978,20190628,2019,SEA,CHI,79,76,154.5,2.0,1.79,155,-3.5,1.63,2.31,,144.47313418891588,148.0469933201251,77.17088607594937,3,2,0,,,,,,,,,,
401104979,20190629,2019,WSH,CON,102,59,160.5,1.85,1.94,161,-7.5,1.3,3.54,,163.080852816616,167.40544981725523,77.175,3,3,0,,,,,,,,,,
401104981,20190630,2019,ATL,NY,58,74,160.5,1.92,1.89,132,-3.5,1.54,2.51,,161.04359722092218,151.79445100646709,77.21604938271605,6,2,0,,,,,,,,,,
401104982,20190630,2019,DAL,MIN,89,86,147.5,2.03,1.81,175,4.5,2.32,1.62,,144.02845590951816,146.175584661245,77.07926829268293,2,5,0,,,,,,,,,,
401104983,20190630,2019,LA,CHI,94,69,157.5,1.79,2.03,163,-5.5,1.41,2.91,,151.75364591627917,148.99803211299601,77.20481927710843,3,2,0,,,,,,,,,,
401104984,20190630,2019,SEA,PHX,67,69,152.5,2.08,1.73,136,1.5,1.86,1.96,,150.5169200880724,154.21720801971958,77.25595238095238,2,2,0,,,,,,,,,,
401104985,20190702,2019,LV,CHI,90,82,159.5,1.75,2.04,172,-9.5,1.23,4.25,,150.20799942475162,149.99147555218372,77.1470588235294,5,2,0,,,,,,,,,,
401104986,20190702,2019,MIN,ATL,85,68,151.5,1.89,1.92,153,-6.5,1.28,3.73,,152.54746632672789,154.3856124402603,77.25,2,2,0,,,,,,,,,,
401104987,20190703,2019,SEA,NY,83,84,150.5,1.9,1.91,167,-7.5,1.34,3.32,,157.47150013324665,151.13050999960802,77.24137931034483,3,3,0,,,,,,,,,,
401104988,20190705,2019,DAL,IND,56,76,148.5,1.91,1.91,132,-3.5,1.55,2.49,,136.67880712628937,141.78368553300066,77.3125,5,6,0,,,,,,,,,,
401104989,20190705,2019,PHX,NY,76,80,159.5,1.87,1.94,156,-7.5,1.32,3.42,,160.31112746465325,154.19842269462933,77.18539325842697,5,2,0,,,,,,,,,,
401104990,20190705,2019,SEA,ATL,66,77,147.5,1.91,1.91,143,-8.5,1.21,4.44,,145.6766184402664,149.02454228452686,77.19444444444444,2,3,0,,,,,,,,,,
401104992,20190706,2019,CON,MIN,71,74,155.5,1.85,1.95,145,-8.5,1.26,3.88,,162.23653152289205,162.86272137561738,77.13186813186813,6,4,0,,,,,,,,,,
401104993,20190707,2019,NY,LV,58,90,162.5,1.81,2.0,148,5.5,2.82,1.44,,164.02219607754057,156.0022077647234,77.08152173913044,2,5,0,,,,,,,,,,
401104994,20190707,2019,LA,WSH,98,81,160.5,1.91,1.91,179,4.5,2.69,1.47,,163.67768106907906,162.96938020678033,77.04838709677419,6,6,0,,,,,,,,,,
401104995,20190707,2019,CHI,DAL,78,66,154.5,1.91,1.91,144,-6.5,1.35,3.25,,141.11958969199947,140.5424768253365,77.18085106382979,5,2,0,,,,,,,,,,
401104996,20190707,2019,PHX,ATL,65,63,153.5,1.92,1.89,128,-7.5,1.29,3.62,,146.17709800996047,150.7549553815581,77.12631578947368,2,2,0,,,,,,,,,,
401104997,20190709,2019,DAL,LA,74,62,153.5,2.0,1.79,136,5.5,2.82,1.43,,149.43230475527938,147.0493158771133,76.98958333333333,2,2,0,,,,,,,,,,
401104998,20190710,2019,ATL,CON,78,75,151.5,1.86,1.94,153,5.5,2.96,1.4,,149.08567876094963,153.20530641454567,76.89690721649484,3,4,0,,,,,,,,,,
401104999,20190710,2019,WSH,PHX,68,91,157.5,1.92,1.9,159,-9.5,1.24,4.16,,157.8205399318224,160.56256778083335,76.89285714285714,3,3,0,,,,,,,,,,
401105000,20190710,2019,IND,LV,71,74,158.5,1.72,2.05,145,6.5,3.14,1.37,,146.88962093309183,153.57263636622326,76.91919191919192,5,3,0,,,,,,,,,,
401105001,20190710,2019,CHI,MIN,72,73,157.5,1.9,1.92,145,-1.5,1.78,2.05,,154.71995117861832,154.19939033787074,76.875,3,4,0,,,,,,,,,,
401105002,20190712,2019,IND,LA,84,90,156.5,1.94,1.88,174,2.5,2.22,1.67,,149.52195551359284,151.5591215493018,76.775,2,3,0,,,,,,,,,,
401105003,20190712,2019,ATL,MIN,60,53,150.5,1.97,1.82,113,2.5,2.07,1.77,,148.81992243010248,152.680317630645,76.86,2,2,0,,,,,,,,,,
401105004,20190712,2019,CON,PHX,79,64,153.5,1.91,1.9,143,-5.5,1.51,2.59,,153.87337544408177,157.62000054266716,76.72,2,2,0,,,,,,,,,,
401105005,20190712,2019,CHI,NY,99,83,161.5,1.9,1.92,182,-3.5,1.6,2.38,,158.22855724521892,148.90647914047696,76.605,2,5,0,,,,,,,,,,
401105006,20190712,2019,SEA,DAL,95,81,145.5,1.99,1.83,176,-5.5,1.41,2.94,,139.4017499509683,142.62095119636194,76.88,6,3,0,,,,,,,,,,
401105007,20190713,2019,WSH,LV,81,85,163.5,1.9,1.9,166,-4.5,1.65,2.26,,161.97055754346346,162.2714491477912,76.865,3,3,0,,,,,,,,,,
401105009,20190714,2019,IND,CON,63,76,155.5,1.88,1.93,139,4.5,2.56,1.52,,149.31336460875994,154.45314684872992,77.005,2,2,0,,,,,,,,,,
401105010,20190714,2019,DAL,CHI,79,89,153.5,1.93,1.88,168,-1.5,1.86,1.95,,146.1338617365315,145.2594656056703,76.845,2,2,0,,,,,,,,,,
401105011,20190714,2019,MIN,PHX,75,62,152.5,1.92,1.88,137,-1.5,1.88,1.93,,147.63557859967497,153.10398816019892,76.98,2,2,0,,,,,,,,,,
401105012,20190714,2019,SEA,NY,78,69,154.5,1.85,1.94,147,-5.5,1.37,3.12,,161.97641474003706,152.9152216974847,76.97,2,2,0,,,,,,,,,,
401105013,20190717,2019,CHI,ATL,77,76,153.5,1.97,1.82,153,-6.5,1.38,3.07,,145.0609004756743,149.2076254469959,76.82,3,5,0,,,,,,,,,,
401105014,20190717,2019,PHX,DAL,69,64,146.5,1.8,1.99,133,-7.5,1.36,3.16,,143.46290189337302,144.79075283297453,76.7,3,3,0,,,,,,,,,,
401105015,20190717,2019,MIN,SEA,79,90,147.5,1.94,1.88,169,-5.5,1.42,2.89,,149.25413630661876,153.76580698025768,76.68,3,3,0,,,,,,,,,,
401105016,20190718,2019,LA,DAL,69,64,151.5,1.96,1.86,133,-7.5,1.32,3.42,,152.43432119616162,148.8353319706935,76.755,6,1,1,,,,,,,,,,
401105018,20190719,2019,CON,ATL,98,69,149.5,1.9,1.91,167,-8.5,1.22,4.35,,144.46515053838172,151.7896683762038,76.68,5,2,0,,,,,,,,,,
401105019,20190719,2019,SEA,LV,69,66,156.5,1.9,1.91,135,2.5,2.08,1.76,,156.24546364415397,158.2080288160336,76.71,2,6,0,,,,,,,,,,
401105020,20190720,2019,NY,LA,83,78,157.5,1.9,1.91,161,2.5,2.13,1.72,,164.58271847234766,153.66568033309866,76.66,6,2,0,,,,,,,,,,
401105021,20190720,2019,DAL,PHX,66,70,145.5,1.9,1.91,136,1.5,2.1,1.75,,139.0175768455895,143.06544741772322,76.7,2,3,0,,,,,,,,,,
401105022,20190721,2019,WSH,ATL,93,65,157.5,1.88,1.93,158,-13.5,1.1,7.3,,155.2830531801375,154.58274489270553,76.58,6,2,0,,,,,,,,,,
401105023,20190721,2019,CHI,IND,78,70,158.5,1.91,1.9,148,-5.5,1.41,2.91,,149.186688037609,150.70502668994948,76.605,4,6,0,,,,,,,,,,
401105024,20190721,2019,LV,MIN,79,74,156.5,1.91,1.89,153,-5.5,1.38,3.09,,152.35716240908823,155.5171452217043,76.52,2,4,0,,,,,,,,,,
401105025,20190723,2019,ATL,LA,66,78,147.5,1.91,1.91,144,2.5,2.0,1.83,,151.6390209303191,149.46904246324144,76.62,2,3,0,,,,,,,,,,
401105026,20190723,2019,LV,SEA,79,62,153.5,1.91,1.91,141,-5.5,1.44,2.79,,152.4558165934461,155.93499683022205,76.6,2,4,0,,,,,,,,,,
401105027,20190723,2019,PHX,IND,95,77,150.5,1.92,1.89,172,-5.5,1.4,2.93,,140.51837456154882,146.6928833891302,76.455,3,2,0,,,,,,,,,,
401105028,20190724,2019,CON,NY,70,63,159.5,1.89,1.93,133,-9.5,1.2,4.56,,162.85691638879925,157.555561637819,76.58,5,4,0,,,,,,,,,,
401105029,20190724,2019,MIN,WSH,71,79,160.5,1.92,1.88,150,4.5,2.79,1.45,,160.73598473882805,160.45295152928935,76.4,3,3,0,,,,,,,,,,
401105030,20190730,2019,CON,CHI,100,94,160.5,1.86,1.94,194,-7.5,1.33,3.36,,154.47235030116136,157.78882298786823,76.295,6,6,0,,,,,,,,,,
401105031,20190730,2019,WSH,PHX,99,93,158.5,1.92,1.88,192,-9.5,1.18,4.86,,156.07067339940696,159.14281923727845,76.455,6,6,0,,,,,,,,,,
401105032,20190730,2019,LV,DAL,86,54,150.5,1.91,1.91,140,-12.5,1.12,6.31,,142.99729791238371,147.23751981291244,76.73,6,6,0,,,,,,,,,,
401105033,20190731,2019,IND,ATL,61,59,152.5,1.93,1.9,120,-4.5,1.46,2.73,,143.8637367818984,144.01279917603023,76.66,6,6,0,,,,,,,,,,
401105034,20190801,2019,CON,PHX,68,62,153.5,1.9,1.94,130,-7.5,1.3,3.56,,156.78424775329046,159.8563646457983,76.505,2,2,0,,,,,,,,,,
401105035,20190801,2019,DAL,NY,87,64,150.5,1.9,1.93,151,-1.5,1.82,2.01,,149.52652004674636,141.9492793870615,76.35,2,6,0,,,,,,,,,,
401105036,20190801,2019,LA,LV,76,68,155.5,1.92,1.9,144,-1.5,1.84,1.98,,154.43625003700058,157.62368951436963,76.165,6,2,0,,,,,,,,,,
401105037,20190802,2019,SEA,WSH,79,99,158.5,1.91,1.91,178,5.5,2.8,1.44,,162.46893962042995,160.68208344489312,76.08,6,3,0,,,,,,,,,,
401105038,20190803,2019,ATL,CHI,75,87,154.5,1.75,2.09,162,3.5,2.5,1.55,,150.6998188549464,148.61365030005692,76.14,3,4,0,,,,,,,,,,
401105039,20190803,2019,IND,MIN,86,75,150.5,1.89,1.93,161,2.5,2.3,1.64,,145.9447835730783,148.2521721589187,76.38,3,6,0,,,,,,,,,,
401105040,20190803,2019,DAL,LV,70,75,146.5,1.98,1.85,145,4.5,2.63,1.5,,141.8904113090308,147.36239104845907,76.47,2,2,0,,,,,,,,,,
401105041,20190804,2019,NY,CON,79,94,158.5,1.95,1.86,173,5.5,2.94,1.41,,159.13375608101526,154.5618579892307,76.3,3,3,0,,,,,,,,,,
401105042,20190804,2019,LA,SEA,83,75,148.5,1.9,1.9,158,-5.5,1.46,2.76,,155.88584886815494,154.19034267302501,76.295,3,2,0,,,,,,,,,,
401105043,20190804,2019,PHX,WSH,103,82,159.5,1.9,1.91,185,6.5,3.55,1.3,,162.7043454535196,162.28568358219553,76.465,3,2,0,,,,,,,,,,
401156333,20190805,2019,LV,WSH,70,99,165.5,1.89,1.91,169,-1.5,,,,163.54183964117928,163.73636769128035,76.56,2,1,1,,,,,,,,,,
401105044,20190806,2019,ATL,MIN,69,85,145.5,1.87,1.94,154,4.5,2.66,1.49,,145.80717636387382,146.04990978344733,76.665,3,3,0,,,,,,,,,,
401105045,20190807,2019,CHI,NY,101,92,163.5,1.83,1.99,193,-7.5,1.31,3.5,,164.81380430095643,154.15330618089425,76.53,4,3,0,,,,,,,,,,
401105046,20190808,2019,WSH,IND,91,78,165.5,1.95,1.87,169,-12.5,1.09,7.44,,161.90859878143897,160.67101129453926,76.75,3,5,0,,,,,,,,,,
401105047,20190808,2019,LA,PHX,84,74,152.5,1.91,1.9,158,-6.5,1.39,2.99,,155.49973379695885,157.25593603933504,76.805,4,4,0,,,,,,,,,,
401105048,20190808,2019,SEA,DAL,69,57,146.5,1.93,1.88,126,-8.5,1.22,4.24,,145.3449716294967,145.2622718426963,76.765,4,5,0,,,,,,,,,,
401105049,20190809,2019,MIN,CON,89,57,154.5,1.91,1.91,146,2.5,2.3,1.64,,155.6862588245265,159.07991402021247,76.61,3,5,0,,,,,,,,,,
401105050,20190809,2019,LV,CHI,84,87,164.5,1.9,1.9,171,-6.5,1.33,3.33,,160.55392391709765,159.12948763888886,76.62,4,2,0,,,,,,,,,,
401105051,20190810,2019,IND,ATL,87,82,150.5,1.9,1.93,169,-6.5,1.33,3.34,,143.98694411400393,143.89533059932603,76.735,2,4,0,,,,,,,,,,
401105052,20190810,2019,PHX,DAL,77,80,145.5,1.91,1.9,157,-9.5,1.23,4.19,,143.57079730060448,146.25220952867795,76.855,2,2,0,,,,,,,,,,
401105053,20190811,2019,NY,SEA,69,84,155.5,1.94,1.88,153,3.5,2.5,1.54,,160.3374106964743,151.34184758048082,76.81,4,3,0,,,,,,,,,,
401105054,20190811,2019,WSH,MIN,101,78,160.5,1.92,1.9,179,-8.5,1.24,4.12,,165.92438405139382,165.6623059881369,76.81,3,2,0,,,,,,,,,,
401105055,20190811,2019,LA,CHI,84,81,162.5,1.88,1.94,165,-6.5,1.33,3.33,,164.55956183770624,161.60789937095493,76.88,3,2,0,,,,,,,,,,
401105056,20190811,2019,LV,CON,89,81,160.5,1.93,1.89,170,-2.5,1.64,2.3,,154.5173390000353,157.4460744599914,77.035,2,2,0,,,,,,,,,,
401105057,20190813,2019,NY,MIN,73,89,156.5,1.89,1.92,162,5.5,3.07,1.38,,162.02172387441118,153.42118071792268,77.225,2,2,0,,,,,,,,,,
401105058,20190813,2019,LV,ATL,94,90,153.5,1.93,1.88,184,-12.5,1.1,7.09,,150.3647657880577,150.05509043775996,77.085,2,3,0,,,,,,,,,,
401105059,20190814,2019,WSH,SEA,88,59,161.5,1.9,1.91,147,-9.5,1.21,4.39,,165.54989139867016,165.08255749383324,77.265,3,3,0,,,,,,,,,,
401105060,20190814,2019,DAL,LA,84,78,146.5,1.87,1.93,162,6.5,3.41,1.32,,145.99784400072843,148.7849191920536,77.225,4,3,0,,,,,,,,,,
401105061,20190814,2019,PHX,CON,71,78,153.5,1.88,1.94,149,6.5,3.52,1.3,,156.5280059509339,157.90576084410827,77.37,4,3,0,,,,,,,,,,
401105062,20190816,2019,CON,SEA,79,78,149.5,1.83,2.01,157,-6.5,1.35,3.25,,152.305613860254,154.08309121479394,77.285,2,2,0,,,,,,,,,,
401105063,20190816,2019,CHI,LA,91,81,163.5,1.78,2.0,172,1.5,2.03,1.81,,165.66190511364957,161.78934749345422,77.2,5,2,0,,,,,,,,,,
401105064,20190816,2019,DAL,NY,83,77,152.5,1.92,1.9,160,-4.5,1.53,2.55,,152.70715782240327,145.76783998526594,77.445,2,3,0,,,,,,,,,,
401105065,20190816,2019,MIN,WSH,79,86,162.5,1.9,1.91,165,5.5,3.16,1.36,,167.130951081629,167.99646785039087,77.41,3,2,0,,,,,,,,,,
401105066,20190816,2019,PHX,ATL,77,68,148.5,1.9,1.91,145,-4.5,1.59,2.39,,152.11674997506387,150.4334458410884,77.425,2,3,0,,,,,,,,,,
401105067,20190818,2019,CON,DAL,78,68,149.5,1.91,1.9,146,-10.5,1.17,5.05,,148.40454211666176,151.46463119388338,77.425,2,2,0,,,,,,,,,,
401105068,20190818,2019,WSH,IND,107,68,165.5,1.91,1.91,175,-13.5,1.08,7.99,,163.56558444740293,163.78490990161924,77.425,2,6,0,,,,,,,,,,
401105069,20190818,2019,CHI,LV,85,100,166.5,1.77,2.0,185,1.5,2.06,1.78,,167.3577705355642,163.65639648874995,77.425,2,5,0,,,,,,,,,,
401105070,20190818,2019,PHX,NY,78,72,156.5,1.91,1.9,150,-5.5,1.46,2.73,,159.56998474375766,152.6400910765837,77.58,2,2,0,,,,,,,,,,
401105071,20190818,2019,SEA,MIN,82,74,150.5,1.91,1.9,156,-2.5,1.58,2.4,,153.20732318422293,154.00607695077107,77.52,2,2,0,,,,,,,,,,
401105072,20190820,2019,ATL,CHI,83,87,162.5,1.77,2.04,170,5.5,2.93,1.41,,163.2797392130606,155.93244026299797,77.46,4,2,0,,,,,,,,,,
401105073,20190820,2019,IND,NY,76,82,158.5,1.9,1.91,158,-4.5,1.47,2.69,,159.71564233098886,149.48532069600634,77.54,2,2,0,,,,,,,,,,
401105075,20190820,2019,LA,MIN,81,71,155.5,1.9,1.93,152,-5.5,1.38,3.05,,159.43348458246183,158.23808361803555,77.7,4,2,0,,,,,,,,,,
401105076,20190822,2019,MIN,DAL,86,70,147.5,1.88,1.92,156,-7.5,1.29,3.66,,147.87390052337602,149.42031225613061,77.7,2,4,0,,,,,,,,,,
401105077,20190822,2019,LA,IND,98,65,157.5,1.82,1.98,163,-10.5,1.19,4.68,,156.74451618810446,154.40562721360862,77.9,2,2,0,,,,,,,,,,
401105078,20190823,2019,CON,LV,89,85,161.5,1.85,1.96,174,-1.5,1.84,1.99,,159.80217384578685,161.77351644477346,77.94,5,5,0,,,,,,,,,,
401105079,20190823,2019,NY,ATL,87,90,155.5,1.75,2.01,177,-3.5,1.63,2.31,,157.73757655719166,149.2220839633202,78.075,3,3,0,,,,,,,,,,
401105080,20190823,2019,CHI,WSH,85,78,173.5,1.81,2.0,163,5.5,3.16,1.37,,177.35206775300844,174.13528528979288,78.16,3,5,0,,,,,,,,,,
401105081,20190825,2019,WSH,NY,101,72,169.5,1.77,2.04,173,-15.5,1.05,10.72,,171.881891116601,165.91635571477337,78.29,2,2,0,,,,,,,,,,
401105082,20190825,2019,DAL,ATL,73,77,147.5,1.87,1.94,150,-5.5,1.43,2.85,,147.52580114190985,146.58726359537957,78.355,3,2,0,,,,,,,,,,
401105083,20190825,2019,LA,CON,84,72,157.5,1.91,1.9,156,-4.5,1.46,2.73,,158.3847911552517,161.90091796713676,78.33,3,2,0,,,,,,,,,,
401105084,20190825,2019,PHX,CHI,86,94,165.5,1.79,1.99,180,-3.5,1.52,2.56,,162.54980659581128,161.32177553486915,78.305,6,2,0,,,,,,,,,,
401105085,20190825,2019,MIN,LV,98,77,159.5,1.91,1.9,175,4.5,2.4,1.59,,161.05428781775055,161.34809456376814,78.545,3,2,0,,,,,,,,,,
401105086,20190825,2019,SEA,IND,54,63,151.5,1.91,1.91,117,-9.5,1.19,4.77,,150.6953239841331,149.26224575618986,78.545,6,3,0,,,,,,,,,,
401105087,20190827,2019,IND,LV,86,71,161.5,1.86,1.93,157,6.5,3.53,1.3,,158.55330688772545,154.7242801928664,78.315,2,2,0,,,,,,,,,,
401105088,20190827,2019,NY,PHX,82,95,158.5,1.81,1.99,177,6.5,3.14,1.37,,161.70515306123423,154.59473703994604,78.42,2,2,0,,,,,,,,,,
401105089,20190827,2019,WSH,LA,95,66,165.5,1.9,1.91,161,-7.5,1.29,3.6,,168.44473685801464,172.11047939893038,78.445,2,2,0,,,,,,,,,,
401105090,20190827,2019,MIN,CHI,93,85,166.5,1.77,2.02,178,-3.5,1.56,2.45,,168.5572482825369,165.53666464334975,78.485,2,2,0,,,,,,,,,,
401105091,20190827,2019,SEA,CON,70,89,150.5,1.92,1.9,159,-1.5,1.72,2.16,,148.26604551308168,152.90828930797102,78.54,2,2,0,,,,,,,,,,
401105092,20190829,2019,IND,LA,83,87,158.5,1.91,1.91,170,5.5,3.04,1.39,,153.27095230112815,154.19470223872065,78.675,2,2,0,,,,,,,,,,
401105093,20190829,2019,CHI,DAL,83,88,159.5,1.94,1.87,171,-11.5,1.13,5.96,,159.44977971168663,156.4482916027475,78.745,2,4,0,,,,,,,,,,
401105094,20190829,2019,ATL,PHX,58,65,155.5,1.84,1.96,123,5.5,2.95,1.41,,155.5218846586394,155.35088381633813,78.885,4,2,0,,,,,,,,,,
401105095,20190830,2019,NY,CON,84,94,162.5,1.87,1.94,178,10.5,4.92,1.18,,163.70914946798752,157.34256022330987,78.775,3,3,0,,,,,,,,,,
401105096,20190831,2019,DAL,WSH,85,91,158.5,1.91,1.91,176,10.5,5.55,1.15,,159.40708741920108,163.96803243196348,78.925,2,4,0,,,,,,,,,,
401105097,20190831,2019,LV,LA,92,86,163.5,1.88,1.93,178,-3.5,1.57,2.43,,164.42449459359779,161.86363903890623,78.91,4,2,0,,,,,,,,,,
401105098,20190901,2019,CHI,PHX,105,78,168.5,1.89,1.92,183,-3.5,1.58,2.41,,165.01749900834648,163.18357436491962,79.08,3,3,0,,,,,,,,,,
401105099,20190901,2019,MIN,IND,81,73,157.5,1.89,1.91,154,-9.5,1.2,4.56,,155.3012356097955,156.75354957259458,79.355,5,3,0,,,,,,,,,,
401105100,20190901,2019,SEA,ATL,92,75,149.5,1.92,1.89,167,-8.5,1.23,4.23,,143.03033480397877,146.70479936312444,79.445,5,3,0,,,,,,,,,,
401105101,20190903,2019,NY,WSH,77,93,171.5,1.81,2.04,170,14.5,9.11,1.07,,174.26471862400214,168.3960233160698,79.515,4,3,0,,,,,,,,,,
401105102,20190903,2019,PHX,SEA,70,82,152.5,1.83,1.98,152,-5.5,1.43,2.83,,149.42828045169537,153.36288168792572,79.57,2,2,0,,,,,,,,,,
401105103,20190903,2019,LA,ATL,70,60,158.5,1.91,1.91,130,-12.5,1.15,5.54,,155.859213861416,155.19111953836438,79.605,3,2,0,,,,,,,,,,
401105104,20190904,2019,CON,DAL,102,72,154.5,1.77,1.99,174,-11.5,1.14,5.67,,153.1098945744676,156.18351007367622,79.53,5,4,0,,,,,,,,,,
401105105,20190905,2019,ATL,LV,78,74,160.5,1.75,2.05,152,11.5,5.35,1.15,,156.5839563459363,154.48302654526537,79.53,2,5,0,,,,,,,,,,
401105106,20190905,2019,LA,SEA,102,68,152.5,1.83,1.97,170,-6.5,1.36,3.19,,150.2079609656521,155.9148068015506,79.725,2,2,0,,,,,,,,,,
401105107,20190906,2019,WSH,DAL,86,73,165.5,1.9,1.92,159,-16.5,1.04,12.25,,163.33824080955284,165.1541062698904,79.86,3,2,0,,,,,,,,,,
401105109,20190906,2019,NY,IND,81,86,161.5,1.75,2.04,167,2.5,2.1,1.74,,160.68719495602306,152.22459031600633,79.745,3,5,0,,,,,,,,,,
401105110,20190906,2019,PHX,MIN,69,83,156.5,1.8,2.0,152,-2.5,1.69,2.18,,156.599013389352,159.35852869383208,79.7,3,5,0,,,,,,,,,,
401105111,20190908,2019,ATL,NY,63,71,160.5,1.89,1.92,134,-2.5,1.69,2.2,,158.36310357313053,150.84529652355087,79.63,3,2,0,,,,,,,,,,
401105112,20190908,2019,IND,CON,104,76,159.5,1.88,1.93,180,3.5,2.39,1.6,,156.69998044090687,159.66227403598762,79.605,2,4,0,,,,,,,,,,
401105113,20190908,2019,WSH,CHI,100,86,177.5,1.87,1.96,186,-7.5,1.3,3.54,,177.9260759843971,177.2724499349182,79.665,2,6,0,,,,,,,,,,
401105114,20190908,2019,DAL,SEA,64,78,150.5,1.9,1.91,142,3.5,2.68,1.48,,149.07289985762628,148.90173257575609,79.91,2,3,0,,,,,,,,,,
401105115,20190908,2019,PHX,LV,89,98,161.5,1.9,1.91,187,2.5,2.39,1.59,,159.47594380511538,157.98385932224096,79.885,2,3,0,,,,,,,,,,
401105116,20190908,2019,LA,MIN,77,68,158.5,1.94,1.88,145,-4.5,1.56,2.42,,157.88096975363047,164.3420677786246,80.055,3,2,0,,,,,,,,,,
401165793,20190911,2019,CHI,PHX,105,76,169.5,1.73,2.04,181,-6.5,1.35,3.25,,170.89915650927279,164.61949270355916,80.115,3,3,0,,,,,,,,,,
401165794,20190911,2019,SEA,MIN,84,74,149.5,1.9,1.91,158,-2.5,1.74,2.12,,149.07694753818558,155.71285371944043,80.175,3,3,0,,,,,,,,,,
401165795,20190915,2019,LA,SEA,92,69,154.5,1.9,1.91,161,-7.5,1.31,3.46,,150.1050472250734,157.9711941978593,80.3,6,4,0,,,,,,,,,,
401165796,20190915,2019,LV,CHI,93,92,175.5,1.86,1.95,185,-4.5,1.54,2.51,,177.68218701429765,171.4464763138118,80.27,6,4,0,,,,,,,,,,
401165797,20190917,2019,WSH,LV,97,95,170.5,1.8,1.99,192,-9.5,1.16,5.2,,175.23765284665188,175.41719305253545,80.52,6,2,0,,,,,,,,,,
401165802,20190917,2019,CON,LA,84,75,161.5,1.83,1.98,159,-2.5,1.81,2.02,,159.39427073442974,165.95726995520067,80.675,6,2,0,,,,,,,,,,
401165798,20190919,2019,WSH,LV,103,91,176.5,1.75,2.06,194,-9.5,1.17,4.96,,179.4698875619867,177.0754737472819,80.79,2,2,0,,,,,,,,,,
401165803,20190919,2019,CON,LA,94,68,161.5,1.75,2.02,162,-1.5,1.8,2.02,,158.52984366098676,165.26154295968064,80.97,2,2,0,,,,,,,,,,
401165887,20190922,2019,LV,WSH,92,75,181.5,1.91,1.91,167,3.5,2.44,1.56,,183.664898805788,178.7679263725537,81.04,3,3,0,,,,,,,,,,
401165892,20190922,2019,LA,CON,56,78,161.5,1.9,1.91,134,-5.5,1.39,3.02,,158.60285929488808,164.93538866371256,81.11,3,3,0,,,,,,,,,,
401165888,20190924,2019,LV,WSH,90,94,180.5,1.92,1.89,184,4.5,2.52,1.54,,182.45040892520922,177.59113373529834,81.06,2,2,0,,,,,,,,,,
401165807,20190929,2019,WSH,CON,95,86,165.5,1.82,1.99,181,-8.5,1.26,3.88,,170.70575403252144,175.18864584158476,81.275,5,6,0,,,,,,,,,,
401165808,20191001,2019,WSH,CON,87,99,170.5,1.88,1.96,186,-7.5,1.26,3.91,,173.49017862926928,175.7697812574263,81.32,2,2,0,,,,,,,,,,
401165809,20191006,2019,CON,WSH,81,94,172.5,1.91,1.91,175,-5.5,1.65,2.3,,176.54716076634236,176.79280313168366,81.585,5,5,0,,,,,,,,,,
401165810,20191008,2019,CON,WSH,90,86,174.5,1.89,1.91,176,-1.5,1.81,2.02,,177.32544468970815,176.6135228185153,81.71,2,2,0,,,,,,,,,,
401165811,20191010,2019,WSH,CON,89,78,174.5,1.92,1.9,167,-6.5,1.31,3.43,,178.63090022073732,176.55217053666377,81.62,2,2,0,,,,,,,,,,
401230733,20200725,2020,NY,SEA,71,87,154.5,1.92,1.88,158,10.5,8.36,1.08,,157.34056349671457,156.73188932719825,81.495,3,3,0,,,,,,,,,,
401230734,20200725,2020,PHX,LA,76,99,153.5,1.87,1.95,175,2.5,2.34,1.59,,157.82223319931782,158.785674259336,81.585,3,3,0,,,,,,,,,,
401230735,20200725,2020,WSH,IND,101,76,159.5,1.97,1.84,177,-1.5,1.98,1.84,,166.28166322969136,166.9247824619601,81.86,3,3,0,,,,,,,,,,
401230461,20200726,2020,MIN,CON,77,69,157.5,1.93,1.88,146,2.5,2.22,1.65,,160.33106118720315,163.92890057456282,82.095,3,3,0,,,,,,,,,,
401230462,20200726,2020,LV,CHI,86,88,175.5,1.92,1.9,174,3.5,2.32,1.6,,174.43409758695327,170.50159335748145,82.07,3,3,0,,,,,,,,,,
401230463,20200726,2020,ATL,DAL,105,95,150.5,1.72,2.09,200,4.5,2.77,1.43,,148.29567103679463,152.18693517143527,82.22,3,3,0,,,,,,,,,,
401230464,20200728,2020,CON,WSH,89,94,167.5,1.91,1.9,183,3.5,2.3,1.63,,169.17805750727834,170.49875488081858,82.33,2,3,0,,,,,,,,,,
401230465,20200728,2020,CHI,LA,96,78,170.5,1.77,2.04,174,3.5,2.72,1.45,,165.70041694797723,167.60375425436672,82.435,2,3,0,,,,,,,,,,
401230466,20200728,2020,SEA,MIN,90,66,154.5,1.75,2.06,156,-9.5,1.21,4.34,,150.64319654120527,158.90262444230927,82.5,3,2,0,,,,,,,,,,
401230467,20200729,2020,IND,PHX,106,100,162.5,1.73,2.0,206,4.5,2.74,1.44,,159.84773231872143,158.3288737491459,82.555,4,4,0,,,,,,,,,,
401230468,20200729,2020,DAL,NY,93,80,164.5,1.78,2.0,173,-5.5,1.47,2.68,,159.002890568307,156.38602395670438,82.72,3,4,0,,,,,,,,,,
401230469,20200729,2020,LV,ATL,100,70,174.5,1.86,1.94,170,-8.5,1.27,3.72,,163.39746687951808,163.43376635343162,82.795,3,3,0,,,,,,,,,,
401230470,20200730,2020,WSH,SEA,89,71,172.5,1.75,2.04,160,6.5,3.53,1.3,,163.85106908200078,168.9388319254192,82.72,2,2,0,,,,,,,,,,
401230471,20200730,2020,MIN,CHI,83,81,167.5,1.91,1.9,164,4.5,2.72,1.46,,163.08808481149916,165.85632524392042,82.675,2,2,0,,,,,,,,,,
401230472,20200730,2020,LA,CON,81,76,165.5,1.87,1.95,157,-6.5,1.35,3.22,,161.46735000331486,163.80946305040547,82.725,2,2,0,,,,,,,,,,
401230753,20200731,2020,ATL,NY,84,78,163.5,1.57,2.25,162,-5.5,1.44,2.78,,159.00066550288733,156.14089269940115,82.545,2,2,0,,,,,,,,,,
401230754,20200731,2020,DAL,IND,76,73,169.5,1.77,2.0,149,-2.5,1.69,2.17,,164.0832626033044,161.80359701326046,82.51,2,2,0,,,,,,,,,,
401230755,20200731,2020,PHX,LV,102,95,173.5,1.77,2.01,197,5.5,3.28,1.33,,172.22535268370012,167.28930794069208,82.465,2,2,0,,,,,,,,,,
401230756,20200801,2020,CON,MIN,69,78,155.5,1.9,1.92,147,-3.5,1.59,2.37,,157.19785360547107,161.18016851885628,82.82,2,2,0,,,,,,,,,,
401230757,20200801,2020,CHI,WSH,88,86,176.5,1.75,2.06,174,4.5,2.56,1.51,,174.95524930577358,175.56451565413516,82.825,2,2,0,,,,,,,,,,
401230758,20200801,2020,SEA,LA,81,75,162.5,1.89,1.92,156,-5.5,1.49,2.63,,153.25875059588856,160.09947402477917,82.84,2,2,0,,,,,,,,,,
401230759,20200802,2020,NY,PHX,67,96,168.5,1.89,1.92,163,10.5,5.06,1.16,,168.39156819551903,161.4058298298043,82.775,2,2,0,,,,,,,,,,
401230760,20200802,2020,IND,ATL,93,77,169.5,1.87,1.95,170,-1.5,1.97,1.84,,159.4257939352439,159.60736133646492,82.805,2,2,0,,,,,,,,,,
401230761,20200802,2020,LV,DAL,79,70,170.5,1.91,1.91,149,-7.5,1.3,3.48,,168.1569905801397,166.4972267217491,82.89,2,2,0,,,,,,,,,,
401230762,20200804,2020,CHI,DAL,82,79,171.5,1.87,1.97,161,-6.5,1.34,3.23,,165.11867583887232,165.0763278961706,82.74,3,2,0,,,,,,,,,,
401230763,20200804,2020,ATL,PHX,74,81,175.5,1.85,1.95,155,6.5,3.19,1.35,,165.99141791891233,162.71968354836508,82.72,2,2,0,,,,,,,,,,
401230764,20200804,2020,SEA,CON,87,74,156.5,1.91,1.9,161,-10.5,1.19,4.63,,154.60731087238062,159.88643723870297,82.645,3,3,0,,,,,,,,,,
401230765,20200805,2020,NY,MIN,66,92,158.5,1.95,1.87,158,7.5,3.34,1.34,,155.51104008273774,156.20570701584245,82.64,3,4,0,,,,,,,,,,
401230766,20200805,2020,WSH,LV,77,83,177.5,1.95,1.87,160,-2.5,1.7,2.16,,176.06934005844965,175.07924024212525,82.51,4,3,0,,,,,,,,,,
401230767,20200805,2020,LA,IND,86,75,164.5,1.91,1.9,161,-8.5,1.27,3.77,,160.6088008248796,162.8517225360037,82.575,4,3,0,,,,,,,,,,
401230768,20200806,2020,ATL,SEA,92,93,157.5,1.92,1.9,185,10.5,5.25,1.16,,153.57646032782569,157.83598636020437,82.57,2,2,0,,,,,,,,,,
401230769,20200806,2020,DAL,CON,68,91,158.5,1.81,1.98,159,3.5,2.48,1.55,,157.30810584783376,158.52137050400913,82.75,2,2,0,,,,,,,,,,
401230770,20200806,2020,PHX,CHI,96,86,176.5,1.9,1.91,182,1.5,2.6,1.5,,172.09009799148933,170.2568469507013,82.76,2,2,0,,,,,,,,,,
401230771,20200807,2020,MIN,IND,87,80,159.5,1.93,1.87,167,-4.5,1.42,2.88,,156.39483401040667,161.95838821893133,82.81,2,2,0,,,,,,,,,,
401230772,20200807,2020,WSH,NY,66,74,167.5,1.92,1.88,140,-15.5,1.06,9.85,,167.14282418455775,163.61913289128967,82.845,2,2,0,,,,,,,,,,
401230773,20200807,2020,LV,LA,86,82,166.5,1.91,1.91,168,-4.5,1.49,2.63,,164.38760467449592,167.04548170435322,82.72,2,2,0,,,,,,,,,,
401230774,20200808,2020,DAL,ATL,85,75,166.5,1.92,1.89,160,-1.5,1.78,2.03,,158.00528775146518,156.72360701444273,82.835,2,2,0,,,,,,,,,,
401230775,20200808,2020,SEA,PHX,74,68,168.5,1.91,1.9,142,-5.5,1.45,2.72,,164.35573187313213,166.53239797003417,82.905,2,2,0,,,,,,,,,,
401230776,20200808,2020,CON,CHI,93,100,167.5,1.89,1.92,193,2.5,2.11,1.73,,167.10017812583658,167.2967784489464,82.74,2,2,0,,,,,,,,,,
401230777,20200809,2020,NY,LV,76,78,165.5,1.92,1.89,154,12.5,6.58,1.11,,163.83126401790102,161.81971096578945,82.78,2,2,0,,,,,,,,,,
401230778,20200809,2020,IND,WSH,91,84,169.5,1.99,1.74,175,4.5,2.46,1.55,,166.18214990845038,166.87314631636656,82.8,2,2,0,,,,,,,,,,
401230779,20200809,2020,LA,MIN,97,81,155.5,1.98,1.84,178,-3.5,1.35,3.22,,154.24432265616284,162.16784525096082,82.895,2,2,0,,,,,,,,,,
401230780,20200810,2020,ATL,CON,82,93,165.5,1.82,1.99,175,4.5,2.56,1.51,,162.28148460303365,161.17670388074185,82.935,2,2,0,,,,,,,,,,
401230781,20200810,2020,DAL,PHX,79,91,165.5,1.91,1.91,170,3.5,2.53,1.52,,161.1565847965988,161.73325553426366,83.02,2,2,0,,,,,,,,,,
401230782,20200810,2020,SEA,CHI,89,71,167.5,1.75,2.05,160,-4.5,1.48,2.64,,165.21100857575806,168.08754567507543,83.11,2,2,0,,,,,,,,,,
401230783,20200811,2020,MIN,WSH,68,48,160.5,1.9,1.91,116,1.5,2.02,1.79,,161.96465950681468,166.29698668184793,83.13,2,2,0,,,,,,,,,,
401230784,20200811,2020,IND,LV,79,98,167.5,1.9,1.91,177,6.5,3.18,1.35,,167.37148494422453,167.59207391199575,82.895,2,2,0,,,,,,,,,,
401230785,20200811,2020,LA,NY,93,78,160.5,1.91,1.9,171,-12.5,1.1,6.79,,157.2808184732236,158.58557168596144,82.91,2,2,0,,,,,,,,,,
401230786,20200812,2020,CON,DAL,70,66,162.5,1.94,1.87,136,-4.5,1.51,2.54,,161.59510916307084,161.66107909742266,82.88,2,2,0,,,,,,,,,,
401230787,20200812,2020,CHI,PHX,89,71,175.5,1.9,1.91,160,-4.5,1.44,2.76,,173.26176143579568,170.17924142706124,82.745,2,2,0,,,,,,,,,,
401230788,20200812,2020,SEA,ATL,100,63,161.5,1.95,1.8,163,-13.5,1.09,7.47,,157.6342995789849,160.557434056589,82.68,2,2,0,,,,,,,,,,
401230789,20200813,2020,NY,IND,79,86,163.5,1.88,1.94,165,6.5,3.29,1.33,,162.40574926799582,158.12572487568798,82.745,2,2,0,,,,,,,,,,
401230790,20200813,2020,WSH,LA,64,81,162.0,1.93,1.88,145,6.5,3.57,1.29,,161.05852878375023,165.3185381579342,82.79,2,2,0,,,,,,,,,,
401230791,20200813,2020,LV,MIN,87,77,158.5,1.87,1.95,164,-5.5,1.7,2.22,,159.0739885800905,166.18290601820243,82.615,2,2,0,,,,,,,,,,
401230792,20200814,2020,CHI,CON,74,77,168.5,1.9,1.9,151,-5.5,1.4,2.92,,168.34694985373486,168.25235148928192,82.56,2,2,0,,,,,,,,,,
401230793,20200814,2020,DAL,SEA,65,83,157.5,1.91,1.89,148,12.5,7.35,1.09,,152.45176533939284,160.29353169520957,82.73,2,2,0,,,,,,,,,,
401230794,20200814,2020,PHX,ATL,96,80,167.5,1.88,1.92,176,-9.5,1.21,4.27,,165.24233796693855,160.5120959384741,82.685,2,2,0,,,,,,,,,,
401230795,20200815,2020,IND,LA,76,90,167.5,1.91,1.9,166,7.5,3.67,1.27,,163.45823429908313,165.9433236402848,82.68,2,2,0,,,,,,,,,,
401230796,20200815,2020,MIN,NY,94,64,155.5,1.93,1.88,158,-9.5,1.26,3.83,,152.7489612584558,155.79818793578482,82.705,2,2,0,,,,,,,,,,
401230797,20200815,2020,LV,WSH,88,73,161.5,1.82,1.99,161,-9.5,1.2,4.45,,163.56724441111393,166.32294057057254,82.605,2,2,0,,,,,,,,,,
401230820,20200816,2020,ATL,CHI,67,92,168.5,1.92,1.9,159,10.5,5.3,1.15,,168.4989727400103,162.78300083361728,82.615,2,2,0,,,,,,,,,,
401230821,20200816,2020,CON,SEA,72,95,156.5,1.9,1.9,167,9.5,4.58,1.19,,154.83666478732886,164.76563709257357,82.56,2,2,0,,,,,,,,,,
401230822,20200816,2020,PHX,DAL,89,95,164.5,1.9,1.91,184,-10.5,1.21,4.28,,160.02631031672047,160.1035432844782,82.54,2,2,0,,,,,,,,,,
401230823,20200818,2020,CON,IND,84,62,164.5,1.9,1.91,146,-4.5,1.45,2.74,,163.35290703641888,162.39959301935764,82.845,2,3,0,,,,,,,,,,
401230824,20200818,2020,CHI,LV,84,82,168.5,1.73,2.08,166,3.5,2.5,1.53,,169.33404486944605,172.35643356880564,82.685,2,3,0,,,,,,,,,,
401230825,20200818,2020,SEA,NY,105,64,158.5,1.9,1.9,169,-18.5,1.03,12.5,,154.74364817925365,159.52131751326584,82.635,2,3,0,,,,,,,,,,
401230798,20200819,2020,WSH,ATL,98,91,160.5,1.91,1.9,189,-7.5,1.31,3.42,,160.37155056656576,155.83891369496519,82.59,4,3,0,,,,,,,,,,
401230826,20200819,2020,MIN,DAL,91,84,157.5,1.94,1.86,175,-5.5,1.37,3.04,,151.9379468782648,158.65481230206026,82.62,4,3,0,,,,,,,,,,
401230827,20200819,2020,LA,PHX,83,74,166.5,1.8,2.05,157,-6.5,1.4,2.95,,166.15165150149215,168.87389992312555,82.725,4,3,0,,,,,,,,,,
401230799,20200820,2020,NY,CHI,85,101,166.5,1.93,1.88,186,15.5,8.39,1.07,,163.83679132696466,159.5259839526412,82.675,2,2,0,,,,,,,,,,
401230800,20200820,2020,LV,CON,99,78,161.5,1.82,1.99,177,-7.5,1.33,3.27,,162.34094260633847,167.13424141123437,82.755,2,2,0,,,,,,,,,,
401230828,20200820,2020,IND,SEA,90,84,163.5,1.9,1.9,174,15.5,9.88,1.05,,158.78680614330364,166.28938432741066,82.88,2,2,0,,,,,,,,,,
401230831,20200821,2020,PHX,MIN,80,90,162.5,1.79,2.02,170,-2.5,1.77,2.05,,160.40199797041015,165.5691485756394,83.1,2,2,0,,,,,,,,,,
401230801,20200822,2020,LV,SEA,82,74,164.5,1.88,1.92,156,4.5,2.65,1.47,,163.2932191751786,173.69759281910083,83.08,2,2,0,,,,,,,,,,
401230832,20200822,2020,CHI,IND,87,76,169.5,1.89,1.92,163,-9.5,1.21,4.31,,168.52918269804604,167.91156426630135,83.1,2,2,0,,,,,,,,,,
401230833,20200822,2020,CON,NY,82,65,163.5,1.91,1.91,147,-12.5,1.11,6.26,,160.51368419572154,155.74549163675545,83.065,2,2,0,,,,,,,,,,
401230834,20200823,2020,MIN,ATL,75,78,163.5,1.91,1.9,153,-11.5,1.15,5.4,,160.92213327157768,160.8640484712212,83.005,2,4,0,,,,,,,,,,
401230835,20200823,2020,LA,DAL,84,81,162.5,1.99,1.8,165,-9.5,1.17,5.02,,157.8296405713711,162.40669242702785,82.935,4,4,0,,,,,,,,,,
401230836,20200823,2020,WSH,PHX,87,88,165.5,1.79,2.03,175,5.5,2.65,1.47,,165.80606041170066,164.30320757232292,83.0,4,2,0,,,,,,,,,,
401230837,20200825,2020,CHI,NY,99,101,168.5,1.8,1.99,200,-19.5,1.03,12.79,,164.7113009748414,161.15604700163942,83.205,3,3,0,,,,,,,,,,
401230838,20200825,2020,DAL,LV,92,96,165.5,1.74,2.05,188,8.5,4.71,1.18,,162.34641601037148,165.57909094241552,83.305,2,3,0,,,,,,,,,,
401230839,20200825,2020,SEA,IND,87,74,164.5,1.91,1.91,161,-14.5,1.07,8.33,,159.47291297607597,165.35440130520263,83.315,3,3,0,,,,,,,,,,
401230843,20200828,2020,ATL,MIN,79,88,162.5,1.96,1.85,167,7.5,3.62,1.28,,158.01891994441993,160.0776436240991,83.41,5,5,0,,,,,,,,,,
401230844,20200828,2020,CON,LA,76,80,160.5,1.98,1.81,156,4.5,2.8,1.42,,156.47252401499668,164.79566778500939,83.31,6,5,0,,,,,,,,,,
401230845,20200828,2020,PHX,WSH,94,72,168.5,1.77,2.03,166,-2.5,1.71,2.13,,166.8954543705306,165.37288681509062,83.365,5,5,0,,,,,,,,,,
401230805,20200829,2020,IND,DAL,78,82,166.5,1.88,1.93,160,1.5,2.03,1.78,,162.93628855590805,159.70509283938466,83.29,4,4,0,,,,,,,,,,
401230806,20200829,2020,CHI,SEA,74,88,166.5,1.9,1.92,162,5.5,2.98,1.38,,165.97723766909266,173.4460251224973,83.3,4,4,0,,,,,,,,,,
401230807,20200829,2020,LV,NY,80,63,167.5,1.76,1.99,143,-16.5,1.05,9.96,,168.65904074015927,164.62946736244982,83.305,4,4,0,,,,,,,,,,
401230808,20200830,2020,LA,ATL,84,79,164.5,1.92,1.9,163,-13.5,1.08,7.39,,161.25395811010787,161.839433647656,83.095,2,2,0,,,,,,,,,,
401230846,20200830,2020,WSH,CON,63,76,161.5,1.92,1.9,139,5.5,3.14,1.35,,159.4043938664156,160.94223544248212,82.95,2,2,0,,,,,,,,,,
401230847,20200830,2020,MIN,PHX,79,83,165.5,1.92,1.88,162,-4.5,1.48,2.61,,162.75285652042902,167.33990931164112,82.85,2,2,0,,,,,,,,,,
401241306,20200831,2020,IND,CHI,77,100,167.5,1.91,1.91,177,7.5,3.68,1.27,,169.73357418687556,166.3805303501337,82.69,2,2,0,,,,,,,,,,
401241307,20200831,2020,MIN,LA,96,78,158.5,1.87,1.93,174,5.5,2.92,1.39,,156.37213920362134,165.85336429744433,82.765,1,1,2,,,,,,,,,,
401230848,20200901,2020,NY,CON,65,70,156.5,1.91,1.91,135,11.5,6.16,1.12,,156.57724577868098,155.27546340319472,82.8,3,2,0,,,,,,,,,,
401230849,20200901,2020,ATL,IND,102,90,166.5,1.86,1.95,192,-1.5,1.79,2.02,,165.55131303311913,157.5952864191783,82.805,2,1,1,,,,,,,,,,
401230850,20200901,2020,LV,PHX,85,92,170.5,1.9,1.91,177,-7.5,1.25,3.85,,168.5652670043744,171.66810221190042,82.845,3,2,0,,,,,,,,,,
401230809,20200902,2020,DAL,LA,83,91,163.5,1.9,1.91,174,7.5,3.39,1.31,,161.54092915914262,163.27368061706258,82.825,4,2,0,,,,,,,,,,
401230851,20200902,2020,CHI,MIN,83,86,166.5,1.88,1.93,169,-3.5,1.61,2.3,,167.37632378707383,171.72054396395862,82.765,2,2,0,,,,,,,,,,
401230852,20200902,2020,SEA,WSH,71,64,160.5,1.91,1.9,135,-14.5,1.07,7.94,,157.8447478144606,164.35548127344754,82.735,4,3,0,,,,,,,,,,
401230810,20200903,2020,NY,ATL,56,62,165.5,1.92,1.9,118,6.5,3.23,1.33,,164.18267726306772,155.0358165022048,82.53,2,2,0,,,,,,,,,,
401230811,20200903,2020,CON,LV,78,93,161.5,1.95,1.85,171,5.5,3.94,1.24,,158.7813430996168,165.7316682109198,82.285,2,2,0,,,,,,,,,,
401230812,20200903,2020,PHX,IND,105,81,170.5,1.72,2.09,186,-6.5,1.31,3.39,,172.3404228718726,165.71748211772154,82.35,2,2,0,,,,,,,,,,
401230813,20200904,2020,LA,SEA,89,90,160.5,1.86,1.95,179,4.5,3.11,1.36,,157.6446660725022,167.90954590694744,82.405,2,2,0,,,,,,,,,,
401230853,20200904,2020,WSH,CHI,79,69,168.5,2.05,1.78,148,7.5,3.81,1.25,,165.92652845561346,165.0235819540879,82.415,2,2,0,,,,,,,,,,
401230854,20200904,2020,DAL,MIN,75,88,164.5,1.85,1.95,163,4.5,2.52,1.52,,162.60960615649364,164.28160740798654,82.425,2,2,0,,,,,,,,,,
401230814,20200905,2020,ATL,LV,79,89,169.5,1.88,1.92,168,10.5,5.43,1.14,,166.23104924568443,166.26761088522437,82.37,2,2,0,,,,,,,,,,
401230815,20200905,2020,PHX,NY,83,67,167.5,1.91,1.9,150,-12.5,1.1,6.5,,162.83412656461977,159.84578675839924,82.21,2,2,0,,,,,,,,,,
401230855,20200905,2020,IND,CON,77,96,160.5,1.9,1.91,173,6.5,3.3,1.32,,163.3558231007972,159.22307250413786,82.045,2,2,0,,,,,,,,,,
401230857,20200906,2020,MIN,SEA,88,103,160.5,1.86,1.95,191,6.5,3.37,1.31,,158.69819238719074,168.8603566836199,82.04,2,2,0,,,,,,,,,,
401230858,20200906,2020,LA,CHI,86,80,170.5,1.95,1.87,166,-5.5,1.42,2.83,,169.97512934559103,170.16187524343928,82.215,2,2,0,,,,,,,,,,
401241308,20200907,2020,PHX,CON,70,85,165.5,1.91,1.91,155,-2.5,1.7,2.15,,163.39188418922888,167.395765796901,82.015,2,2,0,,,,,,,,,,
401230859,20200908,2020,NY,LA,70,96,161.5,1.91,1.9,166,13.5,7.41,1.09,,157.8470708966692,156.533329295755,81.925,3,2,0,,,,,,,,,,
401230860,20200908,2020,WSH,MIN,89,86,158.5,1.9,1.91,175,7.5,3.82,1.25,,159.85572312383212,162.1668076910665,81.905,4,2,0,,,,,,,,,,
401230861,20200908,2020,LV,IND,92,86,171.5,1.88,1.92,178,-14.5,1.08,7.97,,174.1954462476775,167.70804596929844,81.98,3,3,0,,,,,,,,,,
401230816,20200909,2020,SEA,DAL,107,95,162.5,1.71,2.06,202,-12.5,1.1,6.56,,164.35504890800618,166.3785431392519,82.05,3,5,0,,,,,,,,,,
401230863,20200909,2020,CHI,ATL,89,97,168.5,1.81,1.99,186,-7.5,1.29,3.51,,167.64411409744753,164.0113697901262,82.275,3,4,0,,,,,,,,,,
401230864,20200910,2020,IND,NY,85,75,165.5,1.89,1.92,160,-6.5,1.36,3.05,,163.37726345868174,152.45958678544412,82.395,2,2,0,,,,,,,,,,
401230865,20200910,2020,MIN,LV,89,104,164.5,1.75,2.04,193,4.5,2.83,1.41,,170.1328862380007,172.80948090067142,82.45,2,2,0,,,,,,,,,,
401230866,20200910,2020,LA,WSH,72,80,162.5,1.9,1.92,152,-7.5,1.27,3.63,,160.9062665446785,164.39829697439245,82.43,2,2,0,,,,,,,,,,
401230867,20200911,2020,CON,ATL,75,82,165.5,1.88,1.91,157,-1.5,1.78,2.0,,159.54776497774034,161.6002121730148,82.455,4,2,0,,,,,,,,,,
401230868,20200911,2020,DAL,CHI,88,95,170.5,1.77,2.03,183,5.5,2.8,1.42,,174.2202472202802,166.99674880634785,82.37,2,2,0,,,,,,,,,,
401230869,20200911,2020,PHX,SEA,60,83,164.5,1.74,2.05,143,3.5,2.57,1.5,,169.43593027719385,173.71014987428856,82.505,4,2,0,,,,,,,,,,
401230817,20200912,2020,NY,WSH,58,75,157.5,1.94,1.85,133,7.5,3.8,1.26,,151.84978639609434,150.9310371837273,82.405,2,2,0,,,,,,,,,,
401230818,20200912,2020,IND,MIN,86,98,168.5,1.88,1.92,184,6.5,2.98,1.38,,174.4199864470232,166.28770515293627,82.22,2,2,0,,,,,,,,,,
401230819,20200912,2020,LA,LV,70,84,167.5,1.87,1.95,154,3.5,2.4,1.57,,170.76000177410734,173.9818858577936,82.395,2,2,0,,,,,,,,,,
401241309,20200913,2020,NY,DAL,79,82,160.5,1.88,1.92,161,9.5,4.84,1.17,,160.3092719350091,152.7748352709906,82.36,1,2,1,,,,,,,,,,
401241310,20200913,2020,SEA,LV,84,86,165.5,1.87,1.94,170,-1.5,2.09,1.73,,169.65745113246783,177.0507948599144,82.39,2,1,1,,,,,,,,,,
401241311,20200913,2020,ATL,WSH,78,85,164.5,1.91,1.9,163,3.5,2.87,1.41,,156.79379307320718,159.22079436793223,82.435,2,1,1,,,,,,,,,,
401244169,20200915,2020,CHI,CON,81,94,165.5,1.91,1.91,175,-2.5,1.75,2.07,,165.05695372648717,166.87956870785814,82.46,4,4,0,,,,,,,,,,
401244170,20200915,2020,PHX,WSH,85,84,164.5,1.91,1.91,169,-4.5,1.45,2.69,,156.92676483781614,161.7765858598084,82.535,4,2,0,,,,,,,,,,
401244171,20200917,2020,MIN,PHX,80,79,165.5,1.77,2.04,159,-3.5,1.5,2.57,,170.36093683983572,169.36649003361862,82.575,5,2,0,,,,,,,,,,
401244172,20200917,2020,LA,CON,59,73,160.5,1.92,1.88,132,-4.5,1.44,2.75,,158.4472858185727,164.6254896303605,82.445,5,2,0,,,,,,,,,,
401244173,20200920,2020,LV,CON,62,87,163.5,1.95,1.86,149,-6.5,1.35,3.09,,162.22562912820342,169.6341324856794,82.31,6,3,0,,,,,,,,,,
401244175,20200922,2020,SEA,MIN,88,86,162.5,1.88,1.93,174,-8.5,1.22,4.07,,170.3711067582086,173.3803075873446,82.145,6,5,0,,,,,,,,,,
401244176,20200922,2020,LV,CON,83,75,160.5,1.88,1.94,158,-5.5,1.39,2.94,,159.60106621538307,167.57071923711146,82.18,2,2,0,,,,,,,,,,
401244177,20200924,2020,CON,LV,77,68,160.5,1.9,1.93,145,6.5,3.23,1.33,,158.62495959384484,166.61364731340035,82.27,2,2,0,,,,,,,,,,
401244178,20200924,2020,SEA,MIN,89,79,163.5,1.85,1.95,168,-7.5,1.26,3.72,,171.68499608238776,173.44227682861015,82.155,2,2,0,,,,,,,,,,
401244179,20200927,2020,CON,LV,75,84,158.5,1.92,1.88,159,3.5,2.3,1.62,,155.45846363446034,164.45228258206032,82.195,3,3,0,,,,,,,,,,
401244180,20200927,2020,MIN,SEA,71,92,163.5,1.8,2.05,163,7.5,3.93,1.24,,171.435496474149,172.89804914574916,82.28,3,3,0,,,,,,,,,,
401248413,20200929,2020,LV,CON,66,63,157.5,1.91,1.9,129,-3.5,1.64,2.26,,155.4036172710143,163.90705432385425,82.13,2,2,0,,,,,,,,,,
401244183,20201002,2020,LV,SEA,80,93,164.5,1.92,1.88,173,4.5,3.01,1.37,,162.47514394714582,170.38386975909364,82.005,3,5,0,,,,,,,,,,
401244184,20201004,2020,LV,SEA,91,104,166.5,1.88,1.94,195,7.5,3.37,1.31,,164.4466295524312,170.64548278318426,81.995,2,2,0,,,,,,,,,,
401244185,20201006,2020,SEA,LV,92,59,170.5,1.84,1.98,151,-8.5,1.28,3.55,,170.4329665971881,173.08093450486584,82.08,2,2,0,,,,,,,,,,
401320565,20210514,2021,NY,IND,90,87,157.5,1.71,2.1,177,-2.5,2.14,1.72,164.96169769717858,163.3697211447503,157.4418358785448,81.96,3,3,0,,,,,,,,,,
401320566,20210514,2021,ATL,CON,67,78,163.5,1.91,1.91,145,2.5,2.24,1.67,160.69919432338918,157.89206482047246,160.79074717927574,81.995,3,3,0,,,,,,,,,,
401320567,20210514,2021,MIN,PHX,75,77,163.5,1.91,1.91,152,-1.5,1.84,1.97,168.0490722865773,167.34087582174365,165.31833490002617,81.92,3,3,0,,,,,,,,,,
401320568,20210514,2021,LA,DAL,71,94,163.5,1.77,2.05,165,-5.5,1.39,2.99,165.89596775336872,164.53371564304547,163.1169420716427,82.1,3,3,0,,,,,,,,,,
401320569,20210515,2021,WSH,CHI,56,70,165.5,1.91,1.91,126,-2.5,2.16,1.72,166.46717399085657,165.28147588035506,164.90041550697543,82.04,3,3,0,,,,,,,,,,
401320570,20210515,2021,SEA,LV,97,83,166.5,1.9,1.91,180,-2.5,1.94,1.88,167.2223584488313,166.3062019624816,168.09170463262757,81.815,3,3,0,,,,,,,,,,
401320571,20210516,2021,IND,NY,65,73,164.5,1.91,1.91,138,-5.5,1.41,2.91,166.94107319570708,165.8907490302753,159.3976522906903,82.035,2,2,0,,,,,,,,,,
401320572,20210516,2021,CON,PHX,86,78,163.5,2.0,1.8,164,-2.5,1.83,1.96,158.736431197377,155.391111521937,161.30223747236448,81.925,2,2,0,,,,,,,,,,
401320573,20210518,2021,NY,MIN,86,75,154.5,1.75,2.03,161,2.5,2.65,1.49,162.31676135800336,159.98359138623357,158.93687212801785,81.93,2,4,0,,,,,,,,,,
401320574,20210518,2021,WSH,PHX,70,91,162.5,1.88,1.95,161,2.5,2.31,1.63,159.60492857783186,156.50915095538144,159.47312396644827,81.91,3,2,0,,,,,,,,,,
401320575,20210518,2021,SEA,LV,80,96,168.5,1.94,1.9,176,-1.5,1.8,2.03,169.32655288715102,168.96258176623343,169.2825341693648,81.99,3,3,0,,,,,,,,,,
401320576,20210519,2021,ATL,CHI,77,85,162.5,1.91,1.91,162,4.5,2.54,1.54,164.56717517967178,162.84121495560123,162.5997558315811,82.05,5,4,0,,,,,,,,,,
401320577,20210519,2021,CON,IND,88,67,161.5,1.91,1.91,155,-6.5,1.32,3.41,161.50492810981325,158.89858054815184,160.72645921598723,82.105,3,3,0,,,,,,,,,,
401320578,20210520,2021,MIN,SEA,78,90,162.5,1.77,2.04,168,4.5,2.65,1.48,169.48590811182356,169.12984713210898,168.705550924497,82.14,2,2,0,,,,,,,,,,
401320579,20210521,2021,IND,ATL,79,83,160.5,1.77,2.08,162,-3.5,1.74,2.11,164.913335805394,163.27295601736455,158.59525619934965,82.1,2,2,0,,,,,,,,,,
401320580,20210521,2021,WSH,NY,101,72,158.5,1.91,1.91,173,-2.5,1.62,2.31,156.19610674426872,152.09333036141786,154.91997488797148,82.08,3,3,0,,,,,,,,,,
401320581,20210521,2021,PHX,CON,67,84,161.5,1.9,1.91,151,-2.5,1.65,2.24,158.7841459622087,155.39530033276895,163.3148123526152,82.155,3,2,0,,,,,,,,,,
401320582,20210521,2021,LV,LA,97,69,168.5,1.91,1.91,166,-8.5,1.23,4.15,165.62615566046827,164.1862951546419,162.82770102336406,82.105,3,6,0,,,,,,,,,,
401320584,20210523,2021,CHI,NY,85,93,164.5,1.88,1.92,178,-5.5,1.39,3.0,162.39640080801138,160.03370020442307,160.21225936793982,82.14,4,2,0,,,,,,,,,,
401320585,20210523,2021,IND,WSH,89,77,161.5,1.91,1.91,166,1.5,2.19,1.7,161.94414020953423,159.43979221836994,158.8183312604191,82.195,2,2,0,,,,,,,,,,
401320586,20210523,2021,LV,CON,65,72,161.5,1.86,1.94,137,-4.5,1.41,2.9,161.08399267525107,158.35850203553252,165.44226671386906,82.105,2,2,0,,,,,,,,,,
401320588,20210524,2021,NY,DAL,88,81,167.5,1.8,2.05,169,-1.5,1.88,1.93,169.7712567926666,164.66133411893497,161.89717181473563,82.06,1,6,1,,,,,,,,,,
401320587,20210525,2021,IND,WSH,69,85,162.5,2.0,1.79,154,2.5,2.18,1.7,162.74478744858527,160.49681299653292,159.53649813437715,82.075,2,2,0,,,,,,,,,,
401320589,20210525,2021,CHI,ATL,83,90,167.5,1.77,2.0,173,-6.5,1.36,3.14,165.44693565911575,163.98238411403702,163.08580222358069,82.0,2,4,0,,,,,,,,,,
401320591,20210526,2021,PHX,LV,79,85,166.5,1.9,1.91,164,6.0,3.03,1.38,163.36385559193587,161.32953855722192,163.07063068853157,81.92,5,3,0,,,,,,,,,,
401320592,20210527,2021,ATL,DAL,101,95,167.5,1.9,1.91,196,1.5,1.93,1.86,167.63500646459624,166.8232492440921,163.79274654645343,81.865,2,3,0,,,,,,,,,,
401320593,20210528,2021,CON,WSH,86,81,156.5,1.93,1.9,167,-7.5,1.28,3.67,154.0757560378961,149.3777872160617,160.28738485350408,82.06,5,3,0,,,,,,,,,,
401320594,20210528,2021,CHI,LA,61,76,168.5,1.77,2.05,137,-3.5,1.55,2.49,166.05809442356798,164.77520612940805,162.2591985327998,81.965,3,6,0,,,,,,,,,,
401320595,20210528,2021,SEA,MIN,82,72,166.5,1.91,1.91,154,-7.0,1.38,3.04,170.1998584840319,170.13886241889807,168.63499583204728,81.765,6,6,0,,,,,,,,,,
401320596,20210528,2021,LV,IND,113,77,166.5,1.95,1.87,190,-10.5,1.14,5.73,165.3356627828129,163.92268350943218,161.56789247536267,81.665,2,3,0,,,,,,,,,,
401320598,20210529,2021,DAL,PHX,85,89,167.5,1.81,2.0,174,-1.5,1.94,1.86,168.853773834862,168.41177713338496,164.8359915955359,81.765,2,3,0,,,,,,,,,,
401320600,20210530,2021,LV,IND,101,78,168.5,1.9,1.91,179,-13.5,1.1,7.13,169.18732027692795,168.81741515848896,164.4111032278264,81.855,2,2,0,,,,,,,,,,
401320602,20210601,2021,CON,LV,74,67,160.5,1.91,1.9,141,1.5,2.02,1.81,161.634843904494,159.10742175502708,168.02744116914516,81.935,4,2,0,,,,,,,,,,
401320603,20210601,2021,CHI,PHX,83,84,162.5,1.91,1.91,167,-1.5,1.83,1.99,164.4628431987303,162.74330699895063,162.52871267395972,81.905,4,3,0,,,,,,,,,,
401320604,20210601,2021,DAL,LA,79,69,166.5,1.99,1.86,148,-1.5,1.99,1.82,167.2320618849954,166.2789779375631,162.9569584415424,81.975,3,4,0,,,,,,,,,,
401320605,20210601,2021,SEA,IND,88,73,168.5,1.79,2.05,161,-14.5,1.07,8.82,170.75640250425107,170.82193738004233,165.68714552705728,81.89,4,2,0,,,,,,,,,,
401320606,20210603,2021,NY,LV,82,94,169.5,1.79,2.05,176,8.5,4.2,1.23,165.23842552130748,163.7594897186188,164.71194053447516,81.82,6,2,0,,,,,,,,,,
401320608,20210603,2021,LA,IND,98,63,158.5,1.95,1.87,161,-6.5,1.43,2.83,164.03579274966575,162.24621491294633,155.88215435186368,81.7,2,2,0,,,,,,,,,,
401320609,20210604,2021,MIN,ATL,86,84,161.5,1.91,1.91,170,-5.5,1.35,3.19,168.289108049469,167.73687876058685,163.04518778988108,81.565,6,6,0,,,,,,,,,,
401320611,20210605,2021,WSH,LV,93,96,167.5,1.91,1.88,189,7.5,3.48,1.3,164.3588319177327,162.6830048485501,166.04787023885638,81.61,6,2,0,,,,,,,,,,
401320612,20210605,2021,LA,CHI,68,63,159.5,2.1,1.76,131,-1.5,1.83,1.99,161.66927370656038,159.2049085710757,160.98926133806395,81.72,2,4,0,,,,,,,,,,
401320613,20210605,2021,CON,NY,85,64,160.5,2.04,1.8,149,-8.5,1.22,4.26,158.2583010624909,154.8594772508128,160.0607489376009,81.595,4,2,0,,,,,,,,,,
401320614,20210606,2021,MIN,ATL,100,80,163.5,1.92,1.9,180,-5.5,1.51,2.59,169.07604483513262,168.76019088452816,163.740669010893,81.51,2,2,0,,,,,,,,,,
401320615,20210606,2021,SEA,DAL,67,68,175.5,1.69,2.12,135,-7.5,1.22,4.12,171.0605559023865,171.2816088728986,170.797539219876,81.61,5,5,0,,,,,,,,,,
401320616,20210608,2021,WSH,MIN,85,81,165.5,1.91,1.91,166,2.5,2.11,1.74,167.07968484899425,166.20745267185424,164.07587641661067,81.475,3,2,0,,,,,,,,,,
401320619,20210608,2021,PHX,DAL,81,85,165.5,1.9,1.91,166,-1.5,1.73,2.12,166.31556649548412,165.198539857406,163.90171640614912,81.59,6,2,0,,,,,,,,,,
401320617,20210609,2021,ATL,SEA,71,95,169.5,1.83,2.02,166,8.5,4.09,1.23,168.77865776092523,168.35507389247104,167.675398591789,81.605,3,3,0,,,,,,,,,,
401320618,20210609,2021,CHI,IND,92,76,158.5,1.9,1.91,168,-10.5,1.17,4.92,164.92574004724383,163.37813760258297,156.0854841240187,81.74,4,6,0,,,,,,,,,,
401320620,20210610,2021,WSH,LA,89,71,158.5,1.95,1.88,160,-5.5,1.36,3.17,159.00563121152538,155.77494102086064,160.27382154452124,81.77,2,5,0,,,,,,,,,,
401320621,20210611,2021,ATL,SEA,75,86,168.5,1.8,2.02,161,9.5,4.27,1.22,168.7033131573047,168.2385665032239,167.5078587326101,81.685,2,2,0,,,,,,,,,,
401320622,20210611,2021,PHX,DAL,59,77,164.5,1.76,2.06,136,-2.5,1.72,2.13,166.55685594399586,165.50068587166538,164.1115447655342,81.62,3,3,0,,,,,,,,,,
401320623,20210612,2021,IND,CHI,79,83,160.5,1.9,1.9,162,9.5,5.32,1.15,165.79529006805814,164.52232384232468,157.27693571161683,81.625,3,3,0,,,,,,,,,,
401320624,20210612,2021,MIN,LA,80,64,157.5,1.94,1.87,144,-8.5,1.22,4.29,162.07034600770328,159.78025256354138,160.36337822765296,81.475,4,2,0,,,,,,,,,,
401320625,20210613,2021,CON,SEA,66,89,157.5,1.9,1.91,155,5.0,2.67,1.47,157.70206586786298,154.21647248288943,166.72673866870144,81.31,6,2,0,,,,,,,,,,
401320626,20210613,2021,ATL,WSH,101,78,165.5,1.76,2.05,179,3.5,2.4,1.58,168.31301558233707,167.85433994736835,163.26571406793812,81.215,2,3,0,,,,,,,,,,
401320627,20210613,2021,LV,DAL,85,78,168.5,1.7,2.16,163,-7.5,1.26,3.87,168.23071393123382,167.73634522976658,168.91219870980143,81.265,6,2,0,,,,,,,,,,
401320628,20210613,2021,PHX,NY,83,85,161.5,2.05,1.75,168,-6.5,1.34,3.24,162.7454975081181,160.66385872681357,157.64486341210426,81.405,2,6,0,,,,,,,,,,
401320629,20210615,2021,IND,SEA,70,87,165.5,1.82,1.98,157,14.5,7.95,1.08,166.33479104811096,165.207088251655,163.16108898833858,81.655,3,2,0,,,,,,,,,,
401320630,20210615,2021,MIN,CHI,89,105,159.5,1.91,1.9,194,-3.5,1.57,2.43,163.93379804186856,162.1438669127816,163.2178246490185,81.585,3,3,0,,,,,,,,,,
401320631,20210615,2021,LV,NY,100,78,172.5,1.91,1.91,178,-13.5,1.1,7.02,168.08196542130725,167.4562280048731,165.7310046496324,81.625,2,2,0,,,,,,,,,,
401320632,20210616,2021,LA,PHX,85,80,153.5,1.91,1.89,165,5.5,2.72,1.46,157.37548376433364,153.7205851164172,156.1726041412541,81.62,4,3,0,,,,,,,,,,
401320633,20210617,2021,IND,SEA,69,79,164.0,1.91,1.91,148,16.5,9.52,1.06,165.1350572888901,163.6553794264895,162.54498008950472,81.705,2,2,0,,,,,,,,,,
401320634,20210617,2021,WSH,ATL,96,93,164.5,1.9,1.93,189,1.5,1.95,1.86,169.90646910196244,169.7959059526315,164.8391426611443,81.63,4,4,0,,,,,,,,,,
401320635,20210617,2021,CHI,CON,81,75,155.5,1.91,1.91,156,-4.5,1.46,2.71,158.26276467114536,154.83048954334228,162.5505701659689,81.735,2,4,0,,,,,,,,,,
401320636,20210617,2021,DAL,MIN,73,85,167.5,1.91,1.91,158,-4.5,1.53,2.56,166.68219744094716,165.62554995323632,164.49465284679337,81.765,4,2,0,,,,,,,,,,
401320637,20210617,2021,LV,NY,103,76,171.5,1.77,2.06,179,-15.5,1.07,8.9,169.9645941616448,169.85560520438582,166.9579041846692,81.69,2,2,0,,,,,,,,,,
401320638,20210618,2021,LA,PHX,66,80,155.5,1.95,1.86,146,3.5,2.47,1.56,158.37811619014786,155.00452660477555,157.05534372712873,81.63,2,2,0,,,,,,,,,,
401320639,20210619,2021,CHI,CON,91,81,156.5,1.91,1.9,172,-7.5,1.34,3.27,158.0516407370173,154.61044058900802,161.895513149372,81.53,2,2,0,,,,,,,,,,
401320640,20210619,2021,WSH,IND,82,77,164.5,1.89,1.91,159,-9.5,1.2,4.61,167.86692124912588,167.18279657970518,158.83103068500196,81.615,2,2,0,,,,,,,,,,
401320641,20210619,2021,DAL,MIN,95,77,164.0,1.83,2.01,172,-3.5,1.63,2.31,165.90948167935676,164.67999495791267,163.845187562114,81.58,2,2,0,,,,,,,,,,
401320642,20210620,2021,LA,NY,73,76,160.5,1.91,1.91,149,-3.5,1.65,2.28,160.72367865944602,158.03010304915225,154.71091976277557,81.565,2,3,0,,,,,,,,,,
401320643,20210622,2021,CON,DAL,80,70,155.5,1.9,1.91,150,-1.5,1.9,1.9,158.86210936326506,155.67758301281089,161.12683647120295,81.42,3,3,0,,,,,,,,,,
401320644,20210622,2021,NY,CHI,72,92,167.5,1.74,2.1,164,5.5,3.07,1.38,167.23776384488406,166.48838301671526,162.1836095004694,81.16,2,3,0,,,,,,,,,,
401320645,20210622,2021,SEA,WSH,83,87,166.5,1.83,2.01,170,-13.5,1.09,7.46,165.7043548597257,164.5482282871039,168.91278549989192,81.05,5,3,0,,,,,,,,,,
401320646,20210623,2021,ATL,MIN,85,87,167.5,1.91,1.89,172,3.5,2.45,1.55,173.93759500830436,175.09943620260302,166.41541855593465,81.1,6,4,0,,,,,,,,,,
401320647,20210624,2021,IND,DAL,64,89,162.5,1.91,1.91,153,8.5,4.08,1.23,164.105427302637,162.51037245096256,156.48467345604647,80.995,5,2,0,,,,,,,,,,
401320648,20210624,2021,NY,CHI,68,91,168.5,1.72,2.12,159,7.5,3.34,1.33,167.39324394143313,166.72754471504376,162.36524855042245,81.0,2,2,0,,,,,,,,,,
401320649,20210624,2021,LA,WSH,89,82,156.5,1.91,1.91,171,3.5,2.4,1.59,161.44887415726743,159.09817952340796,159.47048888382434,81.01,4,2,0,,,,,,,,,,
401320651,20210626,2021,DAL,WSH,85,74,167.5,1.88,1.94,159,-5.5,1.41,2.91,166.59732062669144,165.71873851650963,165.17227188010537,80.95,2,2,0,,,,,,,,,,
401320652,20210626,2021,ATL,NY,78,101,169.5,1.9,1.96,179,-4.5,1.44,2.76,171.816729063416,172.39563009518403,160.67626575719336,81.03,3,2,0,,,,,,,,,,
401320653,20210627,2021,PHX,LA,88,79,155.5,1.84,1.96,167,-6.5,1.33,3.32,157.63287774463555,154.14009921604563,156.9503951038879,81.26,6,3,0,,,,,,,,,,
401320654,20210627,2021,CON,CHI,74,58,157.5,1.9,1.91,132,3.5,2.63,1.5,159.66936780153998,156.77408152631855,164.44588553729832,81.175,5,3,0,,,,,,,,,,
401320656,20210629,2021,ATL,NY,73,69,170.5,1.91,1.91,142,-3.5,1.6,2.35,173.60397595040627,174.6800670856656,162.50863918147402,81.065,3,3,0,,,,,,,,,,
401320657,20210629,2021,WSH,CON,71,90,158.5,2.03,1.79,161,5.5,2.94,1.4,159.89233889026275,157.1109954100513,161.12974622363265,80.97,3,2,0,,,,,,,,,,
401320658,20210630,2021,DAL,CHI,81,91,164.5,1.8,2.0,172,2.5,2.13,1.72,161.64238770343826,159.36754262849405,164.62659545203064,80.925,4,3,0,,,,,,,,,,
401320659,20210630,2021,PHX,MIN,76,82,163.5,1.79,2.01,158,-3.5,1.65,2.26,167.1183329782997,166.38226083184307,163.6165113738699,80.97,3,6,0,,,,,,,,,,
401320660,20210630,2021,LA,LV,75,99,164.5,1.91,1.91,174,11.5,5.36,1.15,166.24398547757363,165.28151166189085,166.94586368323058,80.885,3,6,0,,,,,,,,,,
401320661,20210701,2021,IND,CON,80,86,154.5,1.92,1.88,166,14.5,8.55,1.08,157.3582617684608,153.87454172702124,154.1796338878122,80.91,6,2,0,,,,,,,,,,
401320662,20210702,2021,DAL,CHI,100,91,165.5,1.73,2.08,191,2.5,2.2,1.69,163.39073436365106,161.60578836564466,165.36393590682758,80.945,2,2,0,,,,,,,,,,
401320663,20210702,2021,LA,LV,58,66,165.5,1.73,2.12,124,14.5,8.32,1.08,167.3919397888979,166.66636049570178,167.65127731490753,81.24,2,2,0,,,,,,,,,,
401320665,20210702,2021,SEA,ATL,91,88,166.5,1.88,1.94,179,-15.5,1.07,8.86,168.27145864946823,167.82581681371053,167.7283678253644,81.115,6,3,0,,,,,,,,,,
401320664,20210703,2021,PHX,MIN,68,99,164.5,1.9,1.9,167,-4.5,1.53,2.55,165.9257994493912,164.81003474865878,163.05486023648294,81.14,3,3,0,,,,,,,,,,
401320666,20210703,2021,IND,CON,73,67,155.5,1.9,1.92,140,14.5,8.19,1.08,158.25358243085753,154.9550875543191,155.361670499031,81.185,2,2,0,,,,,,,,,,
401320667,20210703,2021,NY,WSH,82,79,165.5,1.85,1.97,161,-2.5,1.78,2.02,167.06425992978967,166.265769929995,159.4888705093157,81.16,4,4,0,,,,,,,,,,
401320668,20210704,2021,LV,ATL,118,95,172.5,1.73,2.1,213,-15.5,1.08,8.14,172.2738692841229,172.9586045150364,170.995081926133,81.125,2,2,0,,,,,,,,,,
401320669,20210704,2021,LA,SEA,74,84,160.5,1.98,1.84,158,12.5,5.91,1.13,159.01765590581266,155.8833550634346,161.14659870011172,81.395,2,2,0,,,,,,,,,,
401320670,20210705,2021,NY,DAL,99,96,166.5,1.91,1.91,195,4.5,2.82,1.42,165.76594021041302,164.54789706371187,162.24516383819739,81.37,2,3,0,,,,,,,,,,
401320671,20210707,2021,MIN,DAL,85,79,167.5,1.87,1.95,164,-3.5,1.54,2.5,170.5309793208079,170.57982243205734,169.47446598957023,81.7,4,2,0,,,,,,,,,,
401320673,20210707,2021,SEA,LA,71,62,158.5,1.94,1.89,133,-14.5,1.08,8.22,158.4542570231738,155.09601955709115,160.83193883010054,81.655,3,3,0,,,,,,,,,,
401320674,20210709,2021,CON,ATL,84,72,160.5,1.95,1.87,156,-13.5,1.09,7.65,165.89075654359613,164.71424091608162,163.14939784777704,81.345,6,5,0,,,,,,,,,,
401320675,20210709,2021,IND,NY,82,69,161.5,1.77,2.05,151,2.5,2.32,1.6,164.8610447873117,163.38687678825576,155.3469035646454,81.37,6,4,0,,,,,,,,,,
401320676,20210709,2021,PHX,SEA,85,77,164.5,1.91,1.89,162,6.5,3.25,1.34,161.13539073039613,158.63893530836825,163.21911740604827,81.24,6,2,0,,,,,,,,,,
401320677,20210709,2021,LV,MIN,67,77,173.5,1.98,1.82,144,-6.5,1.45,2.75,172.9606557560116,173.79018905228452,175.64151718896542,81.325,5,2,0,,,,,,,,,,
401320679,20210711,2021,DAL,LV,79,95,171.5,1.8,2.03,174,3.5,2.34,1.61,171.82848356418532,172.3474812638809,173.04088090214253,81.285,4,2,0,,,,,,,,,,
401320680,20210711,2021,NY,CON,54,71,156.5,1.88,1.96,125,8.5,4.03,1.24,158.68766960848905,155.47608580352747,158.93334438378184,81.33,2,2,0,,,,,,,,,,
401320681,20210711,2021,ATL,IND,68,79,164.5,1.75,2.07,147,-5.5,1.44,2.8,169.06502122965708,168.79192013037616,158.41332688739834,81.325,2,2,0,,,,,,,,,,
401320682,20210711,2021,SEA,PHX,82,75,162.5,1.93,1.9,157,-8.5,1.23,4.07,161.46918257741447,159.08704177753143,163.09720566544345,81.16,2,2,0,,,,,,,,,,
401320683,20210711,2021,LA,MIN,61,86,154.5,1.95,1.87,147,7.5,3.76,1.27,158.1979440029952,154.8663436699149,157.5719457584836,81.255,4,2,0,,,,,,,,,,
401353913,20210812,2021,SEA,CON,79,57,154.5,1.95,1.86,136,1.5,2.14,1.72,152.9210681496915,148.11695870170126,162.0760949454127,81.17,6,6,0,,,,,,,,,,
401320685,20210815,2021,DAL,CON,59,80,156.5,1.9,1.91,139,3.5,2.54,1.53,158.38554094734076,155.15911079546808,160.341506551885,81.045,6,3,0,,,,,,,,,,
401320686,20210815,2021,LV,WSH,84,83,171.5,1.8,2.05,167,-11.5,1.15,5.33,171.20644355982148,171.6361636012381,170.43844330376058,80.935,6,6,0,,,,,,,,,,
401320687,20210815,2021,PHX,ATL,92,81,165.5,2.0,1.83,173,-5.5,1.38,3.06,169.07050065409868,168.90681404010314,160.5024024101858,80.89,6,6,0,,,,,,,,,,
401320688,20210815,2021,MIN,NY,88,78,158.5,1.69,2.21,166,-5.5,1.37,3.07,162.80455676601264,160.8536969543036,160.8845605491796,80.945,6,6,0,,,,,,,,,,
401320689,20210815,2021,LA,IND,75,70,155.5,1.91,1.91,145,-3.5,1.49,2.64,153.45002154613303,148.83778254710697,148.35118252081838,81.0,6,6,0,,,,,,,,,,
401320690,20210817,2021,CON,MIN,72,60,155.5,1.99,1.83,132,-3.5,1.6,2.35,153.65861890734243,149.13393771129313,161.28090839671682,80.885,2,2,0,,,,,,,,,,
401320691,20210817,2021,CHI,DAL,76,80,167.0,1.9,1.91,156,-5.5,1.38,3.06,168.6011494830983,168.3430501724021,165.53765620264335,80.735,6,2,0,,,,,,,,,,
401320692,20210817,2021,LV,WSH,93,83,170.5,1.75,2.08,176,-9.5,1.22,4.3,171.63410978064923,172.25554724111427,170.0945989733845,80.65,2,2,0,,,,,,,,,,
401320693,20210817,2021,PHX,IND,84,80,159.5,1.85,1.97,164,-9.5,1.2,4.6,160.0755617435405,157.3944309526581,155.65504315255203,80.775,2,2,0,,,,,,,,,,
401320695,20210818,2021,NY,SEA,83,79,156.5,1.89,1.91,162,-1.5,1.75,2.09,159.6210608114717,156.81376606578084,159.93258613508368,80.765,3,6,0,,,,,,,,,,
401320696,20210819,2021,CON,MIN,82,71,151.5,2.01,1.79,153,-6.5,1.33,3.34,150.2760477783856,144.84354394016387,158.35281755704517,80.685,2,2,0,,,,,,,,,,
401320697,20210819,2021,PHX,WSH,77,64,164.5,1.63,2.23,141,-3.5,1.55,2.49,167.998330667642,167.59812300940254,162.2301691017343,80.62,2,2,0,,,,,,,,,,
401320698,20210819,2021,LA,ATL,66,64,156.5,1.91,1.91,130,-4.5,1.54,2.49,162.66300315161624,160.747705975831,154.11318328535177,80.64,4,4,0,,,,,,,,,,
401320699,20210820,2021,NY,SEA,83,99,162.5,1.74,2.08,182,8.5,4.11,1.24,160.49887625439362,158.01938945920276,160.13932752157532,80.445,2,2,0,,,,,,,,,,
401320700,20210820,2021,DAL,IND,81,83,158.5,1.91,1.9,164,-7.5,1.29,3.58,162.38902246707846,160.40981473632965,156.95920155201304,80.585,3,3,0,,,,,,,,,,
401320701,20210821,2021,ATL,PHX,69,84,162.5,1.77,2.04,153,5.5,2.89,1.42,166.09566890293883,165.17676199974196,160.00263747781878,80.54,2,2,0,,,,,,,,,,
401320702,20210821,2021,CHI,MIN,95,101,160.5,1.88,1.92,196,1.5,2.2,1.68,163.47564331037108,161.82879287077782,164.25219336149215,80.485,4,2,0,,,,,,,,,,
401320703,20210822,2021,NY,LA,83,86,155.5,2.0,1.8,169,-3.5,1.65,2.25,155.8882967629064,152.09389649089846,150.18779815108866,80.485,2,3,0,,,,,,,,,,
401320704,20210822,2021,WSH,SEA,78,85,165.5,1.76,2.05,163,8.5,3.66,1.28,164.45824816275535,163.08703810935222,163.9439762888878,80.495,3,2,0,,,,,,,,,,
401320705,20210824,2021,MIN,SEA,76,70,165.5,1.87,1.95,146,3.5,2.59,1.51,163.49122712300317,161.81407286977986,167.17798554482266,80.625,3,2,0,,,,,,,,,,
401320706,20210824,2021,ATL,CHI,79,86,166.5,1.9,1.91,165,5.5,3.19,1.36,170.36736902482818,170.6463811744889,163.1045038981514,80.585,3,3,0,,,,,,,,,,
401320707,20210824,2021,CON,LV,76,62,156.5,1.9,1.9,138,-2.5,1.67,2.23,158.4112733233486,155.3371844591946,166.13454028182304,80.46,5,6,0,,,,,,,,,,
401320708,20210824,2021,WSH,LA,78,68,159.5,2.05,1.75,146,-2.5,1.7,2.14,158.10607560132485,154.9902356782714,153.02574170350277,80.28,2,2,0,,,,,,,,,,
401320709,20210825,2021,NY,PHX,79,106,162.5,1.91,1.91,185,5.5,3.12,1.37,164.40749933764062,163.1161508011533,159.33971360488178,80.115,3,4,0,,,,,,,,,,
401320710,20210826,2021,ATL,LV,71,78,166.5,1.91,1.91,149,12.5,6.46,1.11,169.75470952402742,169.92230288401936,165.091676825192,80.335,2,2,0,,,,,,,,,,
401320711,20210826,2021,CON,LA,76,72,148.5,1.98,1.83,148,-12.5,1.13,5.88,144.1146931879258,137.04736078563656,149.75792004347014,80.245,2,2,0,,,,,,,,,,
401320712,20210826,2021,WSH,DAL,77,82,163.5,1.93,1.88,159,-4.5,1.51,2.6,166.40787038791672,165.65047897228612,160.59955720968713,80.245,2,6,0,,,,,,,,,,
401320713,20210827,2021,NY,PHX,64,80,166.5,1.9,1.9,144,6.5,2.46,1.55,167.87982125220657,167.54153572103795,161.9057422443936,80.235,2,2,0,,,,,,,,,,
401320714,20210827,2021,SEA,CHI,69,73,165.5,1.79,2.0,142,-7.0,1.36,3.15,166.46732976703004,165.76892152654204,167.53716222735198,80.075,3,3,0,,,,,,,,,,
401320715,20210828,2021,IND,LV,71,87,164.5,1.89,1.94,158,12.5,6.38,1.11,163.7644004057201,162.3245017373419,162.10223300577115,79.98,6,2,0,,,,,,,,,,
401320716,20210828,2021,CON,LA,76,61,144.5,1.9,1.91,137,-10.5,1.17,5.13,144.43866986286577,137.54362470707287,149.58212803912312,79.92,2,2,0,,,,,,,,,,
401320717,20210828,2021,WSH,DAL,76,75,161.5,1.91,1.9,151,-2.0,1.89,1.92,166.5722406402502,166.00643107505758,160.43960148871844,79.66,2,2,0,,,,,,,,,,
401320718,20210829,2021,SEA,CHI,75,107,163.5,1.9,1.92,182,-6.5,1.33,3.28,163.63032541829335,162.20702937388785,164.98344600461678,79.76,2,2,0,,,,,,,,,,
401320719,20210831,2021,IND,LA,74,72,152.5,1.91,1.91,146,3.5,2.76,1.45,152.36625820382773,147.71382632922047,147.56584507495586,79.925,3,3,0,,,,,,,,,,
401320720,20210831,2021,WSH,CON,75,85,149.5,1.91,1.9,160,8.5,4.52,1.2,151.5602858773472,146.72188227794646,155.53324641778002,79.755,3,3,0,,,,,,,,,,
401320721,20210831,2021,MIN,NY,74,66,164.5,1.91,1.91,140,-9.0,1.26,3.83,165.77082592385057,164.92362936717157,159.38598081210642,79.88,6,4,0,,,,,,,,,,
401320722,20210831,2021,PHX,CHI,103,83,162.5,1.64,2.2,186,1.5,1.79,2.02,167.3188046006041,166.94198858103096,168.79414490397352,79.75,4,2,0,,,,,,,,,,
401320723,20210902,2021,DAL,ATL,72,68,157.5,1.75,2.05,140,-6.5,1.33,3.31,166.4472584220283,165.79896061728581,158.49717771821875,79.85,5,6,0,,,,,,,,,,
401320724,20210902,2021,MIN,LA,66,57,151.5,1.88,1.92,123,-7.5,1.29,3.61,152.9610252406386,148.527770622261,153.06038115728666,79.72,2,2,0,,,,,,,,,,
401320725,20210902,2021,LV,CHI,90,83,169.5,1.85,1.95,173,-4.5,1.59,2.37,171.77529742001428,172.72309351095282,171.3425581927848,79.495,5,2,0,,,,,,,,,,
401320726,20210902,2021,SEA,NY,85,75,163.5,1.9,1.91,160,-11.5,1.12,6.15,163.4526413248438,162.0286453817646,156.88789150821498,79.56,4,2,0,,,,,,,,,,
401320727,20210904,2021,IND,PHX,65,87,158.5,1.73,2.04,152,6.5,3.67,1.28,162.35451420826087,160.62094023105462,160.67171914445402,79.555,4,4,0,,,,,,,,,,
401320728,20210904,2021,MIN,WSH,93,75,158.5,1.87,1.94,168,-7.5,1.29,3.56,159.22115685708087,156.58086917701223,158.31045065923806,79.635,2,4,0,,,,,,,,,,
401320729,20210905,2021,CHI,LV,92,84,169.5,1.91,1.9,176,2.5,2.04,1.78,172.656673729739,173.81178415985752,171.50830237350633,79.665,3,3,0,,,,,,,,,,
401320730,20210905,2021,DAL,ATL,64,69,156.5,1.91,1.89,133,-6.5,1.36,3.17,162.9352225566558,161.29906455555724,156.64745994639688,79.825,3,3,0,,,,,,,,,,
401320731,20210906,2021,IND,PHX,81,86,159.5,1.9,1.91,167,9.5,4.79,1.18,160.9099646419973,158.7278462079492,159.8045472300086,79.715,2,2,0,,,,,,,,,,
401320732,20210907,2021,DAL,CON,56,83,149.5,1.99,1.81,139,8.5,4.3,1.22,150.2831893797973,145.10810802122893,155.71695342509628,79.655,2,6,0,,,,,,,,,,
401320733,20210907,2021,SEA,WSH,105,71,162.5,1.77,2.05,176,-9.5,1.2,4.59,163.47395970604322,162.0621968498946,159.36035919902633,79.535,5,3,0,,,,,,,,,,
401320734,20210908,2021,ATL,PHX,75,76,154.5,1.89,1.91,151,4.5,2.64,1.49,162.80203906235886,161.19017488350045,161.31122753431677,79.575,3,2,0,,,,,,,,,,
401320735,20210908,2021,LV,MIN,102,81,165.5,1.79,1.98,183,-3.5,1.57,2.41,164.28422464410664,163.09932246548414,167.1320406859261,79.545,3,4,0,,,,,,,,,,
401320736,20210909,2021,LA,CON,57,75,143.5,1.94,1.88,132,9.5,4.55,1.2,141.39622760029937,133.74666241145616,148.27237134052075,79.49,6,2,0,,,,,,,,,,
401320737,20210910,2021,WSH,ATL,82,74,156.5,1.9,1.91,156,-5.5,1.44,2.77,163.08195526119908,161.6274276710648,153.3792196485775,79.26,3,2,0,,,,,,,,,,
401320738,20210910,2021,MIN,IND,89,72,158.0,1.91,1.91,161,-11.5,1.13,5.85,160.41216028288886,158.21312262828536,156.4374688969744,79.215,2,4,0,,,,,,,,,,
401320739,20210911,2021,DAL,NY,77,76,158.5,1.92,1.89,153,-4.5,1.49,2.62,160.4354583093227,158.22689746700598,151.93996011893444,79.28,4,6,0,,,,,,,,,,
401320740,20210911,2021,PHX,CON,67,76,148.5,1.9,1.91,143,3.5,2.43,1.57,152.23639257519545,147.75177190470862,162.06462177086922,79.1,3,2,0,,,,,,,,,,
401320741,20210912,2021,CHI,WSH,71,79,166.5,1.9,1.91,150,-8.5,1.23,4.15,172.23086223420478,173.42166565226108,163.8522376382875,79.035,6,2,0,,,,,,,,,,
401320742,20210912,2021,MIN,IND,90,80,158.5,1.87,1.95,170,-11.5,1.13,5.88,161.13009071921272,159.18881036545685,156.89372200727695,78.995,2,2,0,,,,,,,,,,
401320743,20210912,2021,LA,SEA,81,53,152.0,1.93,1.9,134,6.0,3.23,1.34,152.85286805553739,148.57993115459266,152.50572084703074,78.95,3,5,0,,,,,,,,,,
401320744,20210913,2021,LV,DAL,85,75,161.5,1.69,2.13,160,-10.5,1.16,5.22,165.56729140410448,164.90796831153696,163.65846684786123,78.89,5,2,0,,,,,,,,,,
401320745,20210914,2021,ATL,IND,85,78,154.5,1.91,1.91,163,-2.5,1.6,2.35,160.63060089133103,158.58885690940835,151.24232632944944,78.83,4,2,0,,,,,,,,,,
401320746,20210915,2021,CON,NY,98,69,148.5,2.0,1.82,167,-12.5,1.12,6.25,151.85523556161024,147.32472139735532,153.5429367986731,78.85,4,4,0,,,,,,,,,,
401320747,20210916,2021,ATL,LA,68,74,147.5,1.91,1.91,142,1.5,2.14,1.71,149.3338532729775,144.09587706070465,146.7970602097576,78.825,2,4,0,,,,,,,,,,
401320748,20210917,2021,IND,MIN,73,92,161.5,1.84,1.98,165,9.5,4.47,1.2,163.4979505993657,162.27771007194275,158.45761245868277,78.79,3,5,0,,,,,,,,,,
401320749,20210917,2021,NY,WSH,91,80,163.0,1.91,1.91,171,-1.5,2.06,1.76,165.04241036055657,164.24072210693626,153.24543714085368,78.865,2,5,0,,,,,,,,,,
401320750,20210917,2021,CHI,LV,70,103,169.5,1.77,2.0,173,2.5,2.43,1.57,174.43735636392853,176.28616871045858,171.80428278276784,78.9,5,4,0,,,,,,,,,,
401320751,20210917,2021,SEA,PHX,94,85,156.5,1.9,1.91,179,1.5,2.24,1.66,161.89490405937858,160.18993620009164,163.13268757028817,78.915,5,6,0,,,,,,,,,,
401320752,20210919,2021,CON,ATL,84,64,149.5,1.91,1.91,148,-12.5,1.11,6.59,150.19630408684782,145.17144377367086,155.45062813672928,78.95,4,3,0,,,,,,,,,,
401320753,20210919,2021,PHX,LV,83,84,169.5,2.02,1.79,167,3.5,2.41,1.58,170.11817283804015,170.73826890243063,171.704708638966,78.925,2,2,0,,,,,,,,,,
401320754,20210919,2021,WSH,MIN,77,83,162.5,1.75,2.08,160,5.5,2.77,1.44,165.55206869134543,164.86983974033396,161.84501800977347,78.965,2,2,0,,,,,,,,,,
401320755,20210919,2021,DAL,LA,87,84,147.5,1.91,1.9,171,-4.5,1.63,2.31,147.48829970443842,141.7068745886066,146.46528328477072,78.91,6,3,0,,,,,,,,,,
401320756,20210919,2021,CHI,IND,98,87,165.5,1.89,1.92,185,-12.5,1.15,5.52,169.58291269344585,170.04034850274599,158.48714569005392,78.97,2,2,0,,,,,,,,,,
401370430,20210923,2021,CHI,DAL,81,64,164.5,1.7,2.15,145,-5.0,1.44,2.77,168.7691528510457,168.98882028340597,161.6127926697142,79.0,4,4,0,,,,,,,,,,
401370431,20210923,2021,PHX,NY,83,82,164.5,1.88,1.94,165,-9.5,1.18,4.85,166.53857216168325,166.15416386510103,159.67663868822052,78.89,4,6,0,,,,,,,,,,
401370432,20210926,2021,MIN,CHI,76,89,165.5,1.88,1.95,165,-4.0,1.5,2.61,169.4998023481321,169.9126375172286,167.77819509517843,79.055,6,3,0,,,,,,,,,,
401370435,20210928,2021,LV,PHX,96,90,169.5,1.91,1.91,186,-6.5,1.33,3.29,170.44900710994267,171.10199294959878,171.25048931745647,79.17,6,5,0,,,,,,,,,,
401370436,20210930,2021,CON,CHI,79,68,155.5,1.9,1.91,147,-7.5,1.27,3.67,158.22196978317083,155.38317576067382,164.72374453746684,79.295,6,4,0,,,,,,,,,,
401370437,20210930,2021,LV,PHX,91,117,170.5,1.9,1.92,208,-6.5,1.37,3.11,173.76596432510348,175.3577936546389,172.7254403857108,79.17,2,2,0,,,,,,,,,,
401370438,20211003,2021,PHX,LV,87,60,172.5,1.9,1.95,147,1.5,2.06,1.77,179.83918836105119,183.088014289175,176.2528963471397,79.42,3,3,0,,,,,,,,,,
401370439,20211003,2021,CHI,CON,86,83,154.5,1.94,1.86,169,3.5,2.56,1.53,156.67892229181496,153.40585818460644,162.95137008372018,79.285,3,3,0,,,,,,,,,,
401370440,20211006,2021,PHX,LV,76,93,171.5,1.91,1.91,169,1.5,1.85,1.95,176.2675584341372,178.5352128602575,173.32760671242576,79.3,3,3,0,,,,,,,,,,
401370441,20211006,2021,CHI,CON,79,69,155.5,1.9,1.91,148,4.5,2.54,1.53,158.83696102388984,156.1982723661458,163.55623307534813,79.19,3,3,0,,,,,,,,,,
401370442,20211008,2021,LV,PHX,84,87,169.0,1.9,1.91,171,-5.5,1.4,2.97,176.32130433692868,178.60169157423172,172.89484604118317,79.31,2,2,0,,,,,,,,,,
401370395,20211010,2021,PHX,CHI,77,91,166.5,1.81,2.0,168,-3.5,1.66,2.22,171.5388754791457,172.47554535570575,168.81291700590208,79.27,2,4,0,,,,,,,,,,
401370397,20211015,2021,CHI,PHX,86,50,165.5,1.91,1.91,136,-3.0,1.64,2.29,171.92053458880252,172.96399082013514,168.73162530531187,79.275,5,5,0,,,,,,,,,,
401370398,20211017,2021,CHI,PHX,80,74,163.5,1.9,1.91,154,-4.5,1.5,2.62,167.30934416919894,167.05259173812163,165.45846277478068,79.255,2,2,0,,,,,,,,,,
401391650,20220506,2022,WSH,IND,84,70,161.5,1.87,1.93,154,-7.5,1.23,4.11,162.6374979586064,162.8380284247757,156.17636838949363,79.22,3,3,0,,,,,,,,,,
401391652,20220506,2022,PHX,LV,88,106,173.5,1.91,1.91,194,3.5,2.62,1.5,167.14431991104163,169.0588365984021,163.90667813287365,78.925,3,3,0,,,,,,,,,,
401391653,20220506,2022,SEA,MIN,97,74,164.5,1.91,1.89,171,-8.5,1.23,4.14,161.79330849329858,161.70030125594357,162.21834834968604,79.105,3,3,0,,,,,,,,,,
401391654,20220507,2022,NY,CON,81,79,159.5,1.78,1.98,160,6.5,3.06,1.38,157.34685878531621,155.6292551170979,157.26906046204965,78.985,3,3,0,,,,,,,,,,
401391655,20220507,2022,DAL,ATL,59,66,162.5,1.9,1.91,125,-7.5,1.27,3.83,157.3940418977163,155.69711548988192,153.62512585682384,78.965,3,3,0,,,,,,,,,,
401391656,20220508,2022,IND,LA,77,87,157.5,1.76,2.1,164,5.5,3.3,1.34,155.8551850538954,153.5957601962888,151.67761312862,78.925,2,3,0,,,,,,,,,,
401391657,20220508,2022,LV,SEA,85,74,176.5,1.91,1.91,159,-4.5,1.51,2.62,168.87187243587778,171.41865418952375,168.41471916356105,78.965,2,2,0,,,,,,,,,,
401391658,20220508,2022,MIN,WSH,66,78,162.5,1.93,1.89,144,-3.5,1.65,2.27,162.69714070555239,162.95446916795373,159.72484340816825,79.005,2,2,0,,,,,,,,,,
401391659,20220510,2022,WSH,LV,89,76,167.5,1.9,1.91,165,4.5,2.75,1.45,166.25656470826715,167.84446700441538,164.83874415131066,78.915,2,2,0,,,,,,,,,,
401391660,20220510,2022,IND,MIN,82,76,158.5,1.91,1.91,158,3.0,2.34,1.62,162.00190447773878,161.9997584956573,156.08287191036158,79.02,2,2,0,,,,,,,,,,
401391661,20220511,2022,ATL,LA,77,75,161.5,1.91,1.91,152,3.0,2.76,1.46,151.85112150214673,148.10884662635223,151.44063413574798,78.94,4,3,0,,,,,,,,,,
401391662,20220511,2022,CHI,NY,83,50,165.5,1.9,1.91,133,-4.5,1.47,2.7,162.2056787842755,162.26998588089882,160.19183594184938,79.075,3,4,0,,,,,,,,,,
401391663,20220511,2022,PHX,SEA,97,77,163.5,1.91,1.91,174,4.5,1.84,2.0,165.87972166394906,167.31374852269064,162.54716244164172,79.005,5,3,0,,,,,,,,,,
401391664,20220513,2022,WSH,DAL,86,94,156.5,1.85,1.91,180,-7.5,1.28,3.65,156.53906934930367,154.50583190772406,155.30470083051736,79.09,3,6,0,,,,,,,,,,
401391665,20220513,2022,ATL,LV,73,96,167.5,1.91,1.91,169,8.5,3.97,1.25,162.05205963944758,162.03047912874598,160.4700353828797,79.255,2,3,0,,,,,,,,,,
401391667,20220514,2022,SEA,PHX,64,69,161.5,1.91,1.91,133,2.5,2.15,1.71,166.97825386437302,168.7513736704216,163.69244619747755,79.42,3,3,0,,,,,,,,,,
401391668,20220514,2022,CON,LA,77,60,157.5,1.83,1.98,137,-7.5,1.3,3.56,151.26542216629673,147.2338714992692,155.06297509422564,79.39,6,3,0,,,,,,,,,,
401391669,20220514,2022,MIN,CHI,78,82,160.5,1.91,1.89,160,9.5,3.9,1.26,159.0261242452754,157.88818619321344,160.78829400103623,79.24,4,3,0,,,,,,,,,,
401391670,20220515,2022,NY,DAL,71,81,162.5,1.74,2.02,152,1.5,1.76,2.05,157.65484381629153,156.0204057460579,152.75355680733998,79.175,4,2,0,,,,,,,,,,
401391671,20220515,2022,IND,ATL,79,85,160.5,2.01,1.75,164,-1.5,1.75,2.09,158.3417095453401,156.97253965887575,152.73326608810936,79.105,5,2,0,,,,,,,,,,
401391672,20220517,2022,NY,CON,65,92,156.5,1.99,1.77,157,8.5,4.14,1.23,153.86226302616942,150.82155053736605,154.03274637339734,79.2,2,3,0,,,,,,,,,,
401391673,20220517,2022,IND,ATL,79,101,158.5,1.9,1.91,180,1.0,1.91,1.89,158.982200566902,157.8142856929882,153.85993947929842,79.325,2,2,0,,,,,,,,,,
401391674,20220517,2022,DAL,WSH,68,84,159.5,1.84,1.97,152,1.5,2.33,1.62,159.19330904886283,158.08405424982908,158.1540676675945,79.445,2,4,0,,,,,,,,,,
401391675,20220517,2022,LV,PHX,86,74,170.5,1.91,1.88,160,-7.5,1.27,3.83,168.6387035657163,171.04109585491835,167.1934369351085,79.325,4,3,0,,,,,,,,,,
401391676,20220517,2022,LA,MIN,84,87,160.5,1.91,1.9,171,-8.5,1.31,3.44,154.53156335092592,151.7213427570375,153.10147551497187,79.305,3,3,0,,,,,,,,,,
401391677,20220518,2022,SEA,CHI,74,71,159.5,1.77,2.0,145,3.5,1.86,1.95,158.9657614534952,157.78772827249134,161.35520116156087,79.35,4,4,0,,,,,,,,,,
401391678,20220519,2022,LV,MIN,93,87,167.5,1.76,2.05,180,-12.5,1.17,5.21,166.85923528042235,168.60612738500723,165.59983433864699,79.31,2,2,0,,,,,,,,,,
401391679,20220519,2022,PHX,DAL,84,94,161.5,1.91,1.86,178,-4.5,1.74,2.11,159.60038976611412,158.63194864805385,157.10030965612725,79.505,2,2,0,,,,,,,,,,
401391680,20220520,2022,CON,IND,94,85,156.5,1.95,1.87,179,-15.5,1.07,8.81,157.34801240571312,155.50801137640843,157.95209548550167,79.745,3,3,0,,,,,,,,,,
401391681,20220520,2022,ATL,WSH,73,78,158.5,1.91,1.9,151,-1.5,1.97,1.83,159.77580750417133,158.83586140144965,159.67960166881417,79.73,3,3,0,,,,,,,,,,
401391682,20220520,2022,SEA,LA,83,80,160.5,1.9,1.9,163,-7.5,1.3,3.5,154.30215338537084,151.3489331100731,154.17249086804011,79.665,2,3,0,,,,,,,,,,
401391683,20220521,2022,LV,PHX,100,80,167.5,1.76,2.01,180,-10.5,1.18,4.97,169.5452465021947,172.21978764248382,167.52668391743788,79.715,2,2,0,,,,,,,,,,
401391684,20220521,2022,DAL,MIN,94,78,164.5,1.91,1.87,172,-4.5,1.72,2.14,161.38945764764222,161.06148078727108,158.7034456778589,79.635,2,2,0,,,,,,,,,,
401391685,20220522,2022,IND,CON,70,92,160.5,1.87,1.91,162,12.0,6.86,1.11,160.6149650641911,159.99821023876763,160.05688593695152,79.65,2,2,0,,,,,,,,,,
401391686,20220522,2022,WSH,CHI,73,82,157.5,1.65,2.19,155,-1.5,1.78,2.06,157.68818149473054,155.9901125135992,161.45959429310994,79.645,2,4,0,,,,,,,,,,
401391687,20220523,2022,LV,LA,104,76,168.5,1.75,2.01,180,-10.5,1.17,5.07,163.37366618485981,163.7704238833564,163.78739301279447,79.69,2,3,0,,,,,,,,,,
401391688,20220524,2022,CON,DAL,77,85,159.5,1.87,1.93,162,-8.5,1.26,3.84,157.3175726743459,155.46308492933414,162.58124341897997,79.765,2,3,0,,,,,,,,,,
401391689,20220524,2022,WSH,ATL,70,50,158.5,1.92,1.87,120,-8.5,1.25,4.02,158.0730305383137,156.4784656336009,158.04926090608365,79.885,2,4,0,,,,,,,,,,
401391690,20220524,2022,CHI,IND,95,90,164.5,2.03,1.8,185,-13.5,1.09,7.52,160.99728590084305,160.50491779725346,158.54705339246806,79.755,2,2,0,,,,,,,,,,
401391691,20220524,2022,MIN,NY,84,78,160.5,1.9,1.91,162,-5.5,1.45,2.74,161.54175014898289,161.25068728036635,154.19527121002767,79.755,3,6,0,,,,,,,,,,
401391692,20220525,2022,LA,PHX,99,94,164.5,1.91,1.91,193,-2.5,1.72,2.16,162.23897614297448,162.19519456626003,156.53012536180455,79.82,2,4,0,,,,,,,,,,
401391693,20220526,2022,CON,DAL,99,68,159.5,1.9,1.91,167,-7.5,1.26,3.93,157.5993378189409,155.80377643640074,162.52311907708196,80.045,2,2,0,,,,,,,,,,
401391694,20220527,2022,IND,LA,101,96,167.5,1.87,1.94,197,6.0,3.06,1.38,165.156438777566,166.14850642002838,156.94074755881826,80.085,3,2,0,,,,,,,,,,
401391696,20220528,2022,CHI,LV,76,83,171.5,1.9,1.91,159,2.5,1.99,1.83,166.88620919158353,168.47499958650775,171.98187775518042,80.35,4,5,0,,,,,,,,,,
401391697,20220528,2022,CON,WSH,79,71,155.5,1.91,1.89,150,-9.5,1.19,4.73,154.4652851067023,151.4479396691402,162.65692912245345,80.435,2,4,0,,,,,,,,,,
401391698,20220529,2022,ATL,PHX,81,54,163.5,1.91,1.9,135,1.5,2.04,1.79,161.43666819542327,161.00332264135923,157.4407767580833,80.395,5,4,0,,,,,,,,,,
401391699,20220529,2022,SEA,NY,92,61,153.5,2.0,1.78,153,-8.5,1.3,3.58,157.25149905077552,155.27238341136507,153.77385749999746,80.385,6,5,0,,,,,,,,,,
401391700,20220529,2022,MIN,LA,83,85,168.5,1.91,1.91,168,-1.5,1.74,2.1,165.37182081670323,166.39342262748082,160.3922392797092,80.395,5,2,0,,,,,,,,,,
401391701,20220531,2022,IND,WSH,75,87,164.5,1.9,1.91,162,7.5,3.54,1.3,162.85293941566812,162.9545457652825,159.13957809570178,80.325,4,3,0,,,,,,,,,,
401391702,20220531,2022,CHI,PHX,73,70,166.5,1.91,1.91,143,-8.5,1.24,4.12,162.78016475518905,162.8419352364204,160.9858419880244,80.405,3,2,0,,,,,,,,,,
401391703,20220531,2022,LV,CON,89,81,167.5,1.91,1.91,170,-4.5,1.54,2.5,164.49493314987262,165.20444330766932,172.26588195019332,80.32,3,3,0,,,,,,,,,,
401391704,20220531,2022,LA,DAL,93,91,166.5,1.9,1.91,184,-2.5,1.98,1.82,163.3565075594713,163.6208650868542,159.5945251991751,80.47,2,5,0,,,,,,,,,,
401391705,20220601,2022,ATL,MIN,84,76,156.5,1.88,1.91,160,-4.5,1.5,2.63,156.8573301777887,154.72035736315578,156.67979781604902,80.46,3,3,0,,,,,,,,,,
401391706,20220601,2022,NY,IND,87,74,163.5,1.91,1.9,161,-4.5,1.49,2.65,169.00872334274686,164.66906653258698,153.57715985102692,80.56,3,1,1,,,,,,,,,,
401391707,20220602,2022,LV,CON,90,97,168.5,1.83,1.98,187,-4.5,1.47,2.71,164.95126231016513,165.75999897690238,172.039293755174,80.75,2,2,0,,,,,,,,,,
401391708,20220603,2022,WSH,NY,70,74,153.5,1.91,1.91,144,-12.0,1.12,6.32,154.32046189329841,151.1873508474419,153.49644587820103,80.82,3,2,0,,,,,,,,,,
401391709,20220603,2022,ATL,CHI,65,73,156.5,1.91,1.87,138,4.5,2.57,1.51,152.3577665761502,148.5119153323386,157.58809283751262,80.74,2,3,0,,,,,,,,,,
401391710,20220603,2022,PHX,CON,88,92,162.5,1.91,1.91,180,4.5,3.34,1.33,167.1846959702856,162.15286280814556,162.80391721271766,80.67,3,1,1,,,,,,,,,,
401391711,20220603,2022,SEA,DAL,51,68,159.5,1.91,1.91,119,-5.5,1.37,3.11,159.95563490215082,158.92056615625035,160.93619788170466,80.73,5,3,0,,,,,,,,,,
401391712,20220605,2022,NY,MIN,77,84,156.5,1.83,1.96,161,-3.5,1.7,2.19,159.842332150382,158.81143083937934,154.73860603322663,80.445,2,4,0,,,,,,,,,,
401391713,20220605,2022,ATL,IND,75,66,160.5,2.0,1.79,141,-6.5,1.36,3.18,159.10587129942428,157.78005223082837,155.36701597714128,80.585,2,4,0,,,,,,,,,,
401391714,20220605,2022,CHI,WSH,91,82,153.5,1.87,1.95,173,-8.5,1.4,2.99,152.32446028634917,148.5123536381552,158.14532583413853,80.455,2,2,0,,,,,,,,,,
401391715,20220605,2022,LV,DAL,84,78,169.5,1.68,2.11,162,-8.5,1.26,3.86,166.60408753240853,168.044125988534,168.20276453718873,80.625,3,2,0,,,,,,,,,,
401391716,20220605,2022,PHX,LA,81,74,169.5,1.79,2.0,155,1.5,2.24,1.67,167.6349706645558,169.4674711549232,160.96911524987996,80.555,2,5,0,,,,,,,,,,
401391717,20220605,2022,SEA,CON,86,93,156.5,2.05,1.76,179,-3.5,1.59,2.38,157.46963664720096,155.54046723648594,162.82859592101815,80.575,2,2,0,,,,,,,,,,
401391718,20220607,2022,NY,MIN,88,69,159.5,1.91,1.9,157,-2.5,1.69,2.2,159.8625069590647,158.8212877554414,155.364745429904,80.555,2,2,0,,,,,,,,,,
401391719,20220607,2022,SEA,ATL,72,60,151.5,2.04,1.78,132,-7.5,1.28,3.68,149.93772083751946,145.20680062323518,153.95695701759348,80.68,2,2,0,,,,,,,,,,
401391720,20220608,2022,CON,IND,88,69,163.5,1.87,1.95,157,-15.5,1.07,8.79,166.8486875802438,168.38966689734767,164.41909369075,80.56,3,3,0,,,,,,,,,,
401391721,20220608,2022,WSH,CHI,84,82,154.5,1.82,1.99,166,-3.5,1.59,2.35,154.8808030100373,152.00011827433968,159.63079325072465,80.54,3,3,0,,,,,,,,,,
401391722,20220610,2022,CON,CHI,79,83,162.5,1.9,1.91,162,-5.5,1.37,3.13,161.10804868610774,160.5192641779167,167.43962105873726,80.605,2,2,0,,,,,,,,,,
401391723,20220610,2022,IND,NY,83,97,158.5,1.89,1.91,180,1.5,2.03,1.8,160.48818899967836,159.65487024996963,153.52683472150298,80.7,2,3,0,,,,,,,,,,
401391724,20220610,2022,DAL,SEA,88,89,153.5,1.91,1.89,177,2.5,2.84,1.44,154.10732912442575,150.8905680050812,156.8234780834261,80.85,5,3,0,,,,,,,,,,
401391725,20220610,2022,MIN,WSH,59,76,157.5,1.87,1.91,135,8.5,3.65,1.29,159.09365144642294,157.71483120652948,158.50671335400054,80.885,3,2,0,,,,,,,,,,
401391726,20220610,2022,PHX,ATL,90,88,153.5,1.87,1.95,178,-4.5,1.55,2.5,153.44406445553403,149.97560950415382,153.43154012997377,80.89,5,3,0,,,,,,,,,,
401391727,20220611,2022,LA,LV,72,89,176.5,1.9,1.91,161,6.5,3.28,1.34,170.47464804228224,173.28838048078816,169.46093491079608,80.98,6,6,0,,,,,,,,,,
401391728,20220612,2022,NY,CHI,86,88,160.5,2.02,1.77,174,7.0,3.27,1.33,157.56181509349474,155.60289079824614,159.56034431270874,80.97,2,2,0,,,,,,,,,,
401391729,20220612,2022,DAL,SEA,79,84,158.5,2.0,1.81,163,3.5,2.42,1.57,156.9224754570971,154.72151120457312,158.84113027508351,81.005,2,2,0,,,,,,,,,,
401391731,20220612,2022,MIN,IND,80,84,166.5,1.91,1.9,164,-2.5,1.76,2.08,163.27114186753238,163.40050641984257,155.46457512726545,81.11,2,2,0,,,,,,,,,,
401391732,20220614,2022,WSH,PHX,83,65,164.5,2.16,1.7,148,-8.5,1.27,3.79,158.87869811170233,157.38484870640622,159.24958093937136,81.105,4,4,0,,,,,,,,,,
401391733,20220614,2022,MIN,SEA,79,81,157.5,1.91,1.9,160,7.5,3.74,1.28,157.23333127230228,155.1497241635503,157.12054009776216,80.99,2,2,0,,,,,,,,,,
401391734,20220615,2022,DAL,LV,84,92,171.5,1.87,1.91,176,8.5,4.1,1.24,166.67269767325007,168.08962030125534,168.43244843022578,80.925,3,4,0,,,,,,,,,,
401391735,20220615,2022,CON,ATL,105,92,154.5,1.77,1.99,197,-9.5,1.19,4.89,155.68647169938583,153.04387170021778,160.83973795844759,80.91,5,5,0,,,,,,,,,,
401391736,20220615,2022,IND,PHX,80,93,168.5,1.9,1.91,173,-1.0,1.87,1.93,170.41644367417615,166.50110633633506,157.6023026432327,81.155,3,1,1,,,,,,,,,,
401391737,20220616,2022,NY,WSH,77,65,157.5,1.91,1.9,142,4.5,2.52,1.54,155.18219274704134,152.30870240190598,158.07905632661897,81.185,4,2,0,,,,,,,,,,
401391738,20220617,2022,CON,SEA,82,71,160.5,1.9,1.91,153,-7.5,1.3,3.57,162.18538736020218,161.91573911995837,167.01785181942986,81.095,2,3,0,,,,,,,,,,
401391739,20220617,2022,DAL,PHX,93,88,169.5,1.91,1.91,181,-5.5,1.48,2.68,163.9879323215671,164.39928551532776,160.61994877832544,81.005,2,2,0,,,,,,,,,,
401391741,20220619,2022,NY,SEA,72,81,155.5,1.89,1.91,153,1.5,2.3,1.64,156.0869315729832,153.58027316884062,157.4644617789615,80.985,3,2,0,,,,,,,,,,
401391742,20220619,2022,IND,CHI,89,87,171.5,1.87,1.92,176,7.5,3.76,1.27,163.93109328646494,164.31819912723222,160.84168036154892,81.025,4,6,0,,,,,,,,,,
401391743,20220619,2022,WSH,CON,71,63,155.5,1.84,1.92,134,3.5,2.43,1.57,158.00760379709894,156.1957242008373,164.62275555248246,81.08,3,2,0,,,,,,,,,,
401391744,20220619,2022,DAL,LA,92,82,167.5,1.77,2.04,174,-3.5,1.54,2.5,165.88374715580852,167.00897043011284,161.52766585286412,80.925,2,6,0,,,,,,,,,,
401391745,20220619,2022,LV,MIN,96,95,173.5,2.01,1.78,191,-15.5,1.06,9.43,166.8483300002988,168.33988594262084,166.76637415237155,80.865,4,5,0,,,,,,,,,,
401391746,20220621,2022,ATL,DAL,80,75,163.5,1.91,1.91,155,3.5,2.46,1.55,159.9490249487253,158.85414061352716,159.592961755694,81.085,6,2,0,,,,,,,,,,
401391747,20220621,2022,LV,CHI,95,104,174.5,1.79,2.01,199,-7.5,1.25,3.93,169.47057432332304,171.93892738280252,172.2195737947519,80.82,2,2,0,,,,,,,,,,
401391748,20220621,2022,PHX,MIN,71,84,167.5,1.83,1.98,155,-5.5,1.42,2.92,165.85180003826667,166.94016186813693,160.6774074091444,81.08,4,2,0,,,,,,,,,,
401391749,20220621,2022,LA,WSH,84,82,162.5,2.0,1.83,166,2.5,2.15,1.72,156.84100195726455,154.6091063856311,157.26980539781653,81.01,2,2,0,,,,,,,,,,
401391750,20220622,2022,CON,NY,77,81,162.5,1.9,1.91,158,-10.5,1.18,4.98,159.6947666669917,158.52042013286012,162.56022389457846,80.995,3,3,0,,,,,,,,,,
401391751,20220623,2022,DAL,IND,94,68,168.5,1.77,2.05,162,-8.5,1.23,4.26,167.6197459383667,169.3674282905501,161.5995822598581,81.045,2,4,0,,,,,,,,,,
401391752,20220623,2022,MIN,PHX,100,88,165.5,1.89,1.91,188,-2.5,1.71,2.16,164.56472600919824,165.19014568132323,160.10966666822998,81.0,2,2,0,,,,,,,,,,
401391753,20220623,2022,SEA,WSH,85,71,153.5,1.87,1.95,156,-4.5,1.53,2.53,151.0825291005985,146.7070034701781,156.5120571173602,81.1,4,2,0,,,,,,,,,,
401391754,20220623,2022,LA,CHI,59,82,172.5,1.9,1.91,141,4.5,2.66,1.49,167.08592540518993,168.6111882231174,165.29849482379905,81.2,2,2,0,,,,,,,,,,
401391755,20220624,2022,ATL,NY,77,89,155.5,1.7,2.15,166,-1.5,1.84,1.95,154.72707767938283,151.69339776774694,155.67885060494933,81.135,3,2,0,,,,,,,,,,
401391756,20220625,2022,DAL,PHX,72,83,168.5,1.9,1.91,155,-7.5,1.34,3.3,167.06492800196355,168.58323548383692,163.94189108339597,81.195,2,2,0,,,,,,,,,,
401391757,20220625,2022,SEA,LA,77,85,159.5,1.87,1.93,162,-8.5,1.3,3.56,159.02243599775227,157.59870001483728,157.98871747880975,81.0,2,2,0,,,,,,,,,,
401391759,20220626,2022,ATL,CON,61,72,160.5,1.7,2.11,133,8.0,3.79,1.27,158.45279769619543,156.82572132105525,161.03933555834573,80.955,2,4,0,,,,,,,,,,
401391760,20220626,2022,CHI,MIN,88,85,169.5,1.83,1.98,173,-6.5,1.4,2.99,165.31884923838396,166.25218140967382,166.4267142207512,80.82,3,3,0,,,,,,,,,,
401391761,20220627,2022,PHX,IND,83,71,163.5,1.87,1.95,154,-7.0,1.32,3.41,168.49014155008683,170.55721186503524,159.7313440592726,81.06,2,4,0,,,,,,,,,,
401391762,20220627,2022,LA,LV,73,79,174.5,1.87,1.91,152,7.5,3.8,1.27,172.28896914913946,175.7686637802432,169.27139897270246,81.01,2,6,0,,,,,,,,,,
401391763,20220628,2022,WSH,ATL,92,74,153.5,1.91,1.91,166,-7.5,1.3,3.54,150.0624752484335,145.33000552722353,152.5620895037973,80.975,5,2,0,,,,,,,,,,
401391764,20220628,2022,MIN,DAL,92,64,164.5,1.91,1.91,156,-1.5,1.64,2.26,165.632134615133,166.63847130717835,164.214163557463,81.085,2,3,0,,,,,,,,,,
401391765,20220629,2022,CHI,CON,91,83,165.5,1.91,1.9,174,-2.5,1.73,2.11,161.39383053816448,160.84040788397624,167.3700476550764,81.04,3,3,0,,,,,,,,,,
401391766,20220629,2022,PHX,IND,99,78,165.5,1.9,1.91,177,-7.5,1.32,3.39,166.60800204520115,167.9694906785317,159.15820965334532,81.12,2,2,0,,,,,,,,,,
401391767,20220629,2022,SEA,LV,88,78,165.5,1.91,1.91,166,-1.5,1.99,1.83,165.82682746130945,166.8792904458198,168.37187558552952,81.245,4,2,0,,,,,,,,,,
401391769,20220701,2022,DAL,LA,89,97,164.5,1.87,1.91,186,-4.5,1.49,2.63,161.90013540911366,161.47411344927738,158.61071140945776,81.41,3,4,0,,,,,,,,,,
401391770,20220701,2022,MIN,LV,85,91,173.5,1.87,1.95,176,4.5,2.61,1.5,170.80437114160117,173.66082329827373,171.21955350218735,81.47,3,2,0,,,,,,,,,,
401391771,20220701,2022,SEA,IND,73,57,159.5,1.87,1.95,130,-13.5,1.1,7.23,162.01669097280143,161.62729878655185,158.0382452158147,81.45,2,2,0,,,,,,,,,,
401391772,20220702,2022,CHI,PHX,91,75,169.5,2.05,1.8,166,-9.5,1.23,4.25,166.87650340013283,168.31544786892658,168.49491651579382,81.255,3,3,0,,,,,,,,,,
401391774,20220703,2022,ATL,SEA,90,76,157.5,2.05,1.74,166,4.5,2.88,1.42,151.93779513347067,147.82677242716778,154.95219038254476,81.42,5,2,0,,,,,,,,,,
401391775,20220703,2022,MIN,LV,102,71,173.5,1.91,1.9,173,5.5,2.77,1.45,171.8011148785048,175.01074096844636,171.6975981519686,81.565,2,2,0,,,,,,,,,,
401391776,20220703,2022,LA,NY,84,74,162.5,1.75,2.03,158,-3.5,1.57,2.43,160.89672808469894,160.06416118739037,159.74929158472622,81.63,2,6,0,,,,,,,,,,
401391777,20220704,2022,LA,PHX,78,75,167.5,1.88,1.91,153,1.5,1.98,1.83,170.36419424236658,166.34792543434622,162.96658807919334,81.66,1,2,1,,,,,,,,,,
401391778,20220705,2022,IND,SEA,73,95,158.5,1.9,1.91,168,10.5,5.57,1.15,157.89604198607898,155.95806909499922,154.88875927786341,81.605,4,2,0,,,,,,,,,,
401391779,20220705,2022,DAL,CON,82,71,162.5,1.9,1.91,153,5.5,2.71,1.47,162.22041514667984,161.8724078943692,163.63676497357062,81.66,4,6,0,,,,,,,,,,
401391780,20220706,2022,MIN,CHI,81,78,171.5,2.19,1.7,159,2.5,2.06,1.77,167.12759345591934,168.61573886402152,171.26477535778886,81.525,3,4,0,,,,,,,,,,
401391781,20220706,2022,ATL,WSH,66,85,156.5,1.9,1.91,151,5.5,2.75,1.46,151.84119263085216,147.67182754468183,155.35632293153287,81.56,3,6,0,,,,,,,,,,
401391782,20220706,2022,LV,NY,107,116,169.5,1.91,1.9,223,-11.5,1.15,5.44,166.7481727544448,168.0976507239192,165.41626219025756,81.515,3,3,0,,,,,,,,,,
401391783,20220707,2022,IND,CHI,84,93,169.5,2.0,1.78,177,9.0,4.52,1.21,168.94039718452865,164.37912147124084,160.67759929546793,81.775,2,1,1,,,,,,,,,,
401391784,20220707,2022,PHX,NY,84,81,163.5,1.87,1.95,165,-5.5,1.52,2.56,170.15551463275233,166.01764767811383,164.13361483196803,81.935,3,1,1,,,,,,,,,,
401391785,20220707,2022,LA,SEA,69,106,160.5,1.9,1.91,175,4.5,2.61,1.5,158.17260575129768,156.2956763717613,161.12647778406236,81.86,3,2,0,,,,,,,,,,
401391786,20220712,2022,SEA,DAL,83,74,161.5,1.98,1.83,157,-8.5,1.22,4.36,160.09320658951077,158.92880676627934,164.3483031764775,81.845,5,6,0,,,,,,,,,,
401391787,20220712,2022,NY,LV,101,107,172.5,1.79,2.02,208,6.5,3.27,1.34,174.82044101023928,179.11893138407785,171.01560538401566,81.735,5,6,0,,,,,,,,,,
401391788,20220712,2022,CHI,ATL,90,75,163.5,1.91,1.91,165,-9.0,1.23,4.21,159.22834268893757,157.71589417472637,161.8112328134535,82.02,5,6,0,,,,,,,,,,
401391790,20220712,2022,LA,WSH,81,94,157.5,1.91,1.91,175,4.5,3.01,1.39,156.28371649995495,153.6809327072399,158.35323218143398,82.03,5,6,0,,,,,,,,,,
401391791,20220713,2022,IND,CON,81,89,162.5,1.95,1.85,170,9.5,4.7,1.19,161.33983631046988,160.6104963056023,157.80468031480544,82.005,6,6,0,,,,,,,,,,
401391792,20220714,2022,NY,LV,74,108,173.5,1.89,1.91,182,6.5,3.06,1.37,179.83100604808737,185.94003824567008,174.71404484561413,81.995,2,2,0,,,,,,,,,,
401391793,20220714,2022,MIN,DAL,87,92,165.5,1.91,1.91,179,-6.5,1.48,2.69,164.22513791780267,164.5480380246397,165.26731271005147,82.095,6,2,0,,,,,,,,,,
401391794,20220714,2022,PHX,WSH,80,75,159.5,1.91,1.91,155,2.5,2.65,1.49,158.13513610186166,156.18698135106706,162.35132457482845,82.215,6,2,0,,,,,,,,,,
401391795,20220714,2022,LA,CHI,68,80,166.5,1.76,2.05,148,4.5,2.92,1.4,165.6100215184718,166.44576388257732,165.81939692085712,82.09,2,2,0,,,,,,,,,,
401391796,20220715,2022,IND,MIN,77,87,165.5,1.84,1.92,164,3.5,2.47,1.55,171.99445822487542,168.52276858450196,161.8896729243818,82.02,2,1,1,,,,,,,,,,
401391797,20220715,2022,ATL,CON,68,93,154.5,1.86,1.94,161,7.5,3.77,1.27,156.0129833967066,153.2761630405907,157.97546638610402,82.24,3,2,0,,,,,,,,,,
401391798,20220716,2022,DAL,CHI,81,89,169.5,1.91,1.9,170,4.5,2.67,1.48,163.88857189713406,164.08299289999186,167.2933804971367,82.12,2,2,0,,,,,,,,,,
401391799,20220717,2022,CON,LV,83,91,174.5,1.91,1.91,174,3.5,2.47,1.55,173.37154575776316,177.0656504308838,175.4715795705554,82.16,2,3,0,,,,,,,,,,
401391800,20220717,2022,WSH,MIN,70,57,160.5,1.89,1.91,127,-3.5,1.47,2.71,159.87781976442807,158.59823050102938,165.27329862716138,82.065,3,2,0,,,,,,,,,,
401391801,20220717,2022,PHX,ATL,75,85,159.5,1.87,1.95,160,-6.0,1.38,3.06,158.93671268668976,157.34148916997654,156.5997278146291,81.865,3,2,0,,,,,,,,,,
401391802,20220717,2022,SEA,IND,81,65,158.5,1.87,1.95,146,-14.0,1.07,8.57,161.41963664493312,160.772324660471,160.0404034174864,81.68,5,2,0,,,,,,,,,,
401391803,20220719,2022,CON,NY,82,63,161.5,1.9,1.91,145,-8.5,1.41,2.92,167.8978564820456,169.65624696724458,166.5187779520828,81.615,2,5,0,,,,,,,,,,
401391804,20220719,2022,LV,ATL,76,92,169.5,1.65,2.17,168,-12.5,1.11,6.76,171.34029152151555,174.3754967355973,168.05565944368948,81.59,2,2,0,,,,,,,,,,
401391805,20220719,2022,LA,IND,86,79,163.5,1.91,1.9,165,-8.5,1.26,3.91,163.13875896681338,163.11493877908163,153.96017318527538,81.755,5,2,0,,,,,,,,,,
401391806,20220720,2022,CHI,SEA,78,74,159.5,1.91,1.91,152,-2.5,1.73,2.13,159.7345454841154,158.44238589321353,169.0409020170626,81.815,4,3,0,,,,,,,,,,
401391807,20220721,2022,WSH,NY,78,69,158.5,1.92,1.88,147,-8.0,1.25,3.91,159.17154259753667,157.6841522954613,160.23890035663672,81.735,4,2,0,,,,,,,,,,
401391808,20220721,2022,LA,ATL,85,78,160.5,1.88,1.91,163,-2.5,1.72,2.13,160.0022948937604,158.8341801316584,156.6706201076738,81.66,2,2,0,,,,,,,,,,
401391809,20220721,2022,LV,IND,90,77,174.5,1.87,1.91,167,-16.5,1.04,11.69,174.5089350748127,178.68821183155262,166.44362925839454,81.76,2,2,0,,,,,,,,,,
401391810,20220722,2022,MIN,CON,84,94,161.5,1.91,1.89,178,-1.5,1.81,2.0,160.72392145945017,159.80887742598526,165.57396856468304,81.745,5,3,0,,,,,,,,,,
401391811,20220722,2022,CHI,DAL,89,83,164.5,1.91,1.91,172,-7.5,1.3,3.49,164.37464475259895,164.81423409518916,166.75857185546897,81.715,2,6,0,,,,,,,,,,
401391812,20220722,2022,PHX,SEA,94,78,160.5,1.91,1.91,172,5.5,2.99,1.39,158.54967761189704,156.825900218299,163.03664871946899,81.775,5,2,0,,,,,,,,,,
401391813,20220723,2022,NY,CHI,83,80,163.5,1.87,1.94,163,4.5,2.51,1.53,170.49621123894713,166.50127942377074,165.63437150928036,81.83,2,1,1,,,,,,,,,,
401391814,20220723,2022,LV,LA,84,66,173.5,1.9,1.91,150,-9.5,1.18,4.84,173.6861386616842,177.56928271167533,170.08373610791847,81.71,2,2,0,,,,,,,,,,
401391815,20220724,2022,IND,DAL,86,96,163.5,1.73,2.05,182,6.5,3.25,1.35,165.2985116161588,166.0756427896507,157.74503812744894,81.74,3,2,0,,,,,,,,,,
401391816,20220724,2022,SEA,ATL,82,72,156.5,1.89,1.91,154,-7.5,1.29,3.52,156.30910904381807,153.72702638491987,159.31127190818097,81.96,2,3,0,,,,,,,,,,
401391817,20220724,2022,MIN,CON,79,86,164.5,1.91,1.9,165,3.5,2.78,1.44,162.99725064379004,162.90898968338675,166.81657170821475,81.83,2,2,0,,,,,,,,,,
401430112,20220726,2022,CHI,LV,83,93,172.5,1.91,1.91,176,-3.0,1.64,2.24,171.6081272288015,174.66640268997526,174.8332485875254,82.06,3,3,0,,,,,,,,,,
401391818,20220728,2022,ATL,MIN,85,92,160.5,1.91,1.91,177,-2.5,1.82,1.98,160.01931092804293,158.78072258759565,159.3059869156015,82.135,4,4,0,,,,,,,,,,
401391819,20220728,2022,CON,SEA,88,83,158.5,1.9,1.91,171,-3.5,1.61,2.33,157.94741423151078,155.91369187388034,166.10907233915466,82.315,4,4,0,,,,,,,,,,
401391820,20220728,2022,DAL,WSH,77,87,157.5,1.9,1.91,164,-1.5,1.76,2.06,157.36307424579206,155.11491946623846,161.99751319410532,82.305,4,6,0,,,,,,,,,,
401391821,20220728,2022,PHX,LA,90,80,166.5,1.9,1.91,170,-3.5,1.49,2.63,162.1401718002298,161.65664130632518,160.5581595334757,82.315,6,5,0,,,,,,,,,,
401391822,20220729,2022,IND,LV,72,93,173.5,1.87,1.95,165,13.5,8.91,1.07,172.4664046253099,175.7886803008519,167.17220290208155,82.39,5,3,0,,,,,,,,,,
401391823,20220729,2022,CHI,NY,89,81,164.5,1.89,1.91,170,-8.5,1.24,3.99,165.5354732969106,166.30648249510193,165.1647462968178,82.32,3,6,0,,,,,,,,,,
401391824,20220730,2022,WSH,SEA,77,82,154.5,1.78,2.04,159,-1.5,1.77,2.05,152.28447261128716,148.14567324875918,161.55429880545273,82.385,2,2,0,,,,,,,,,,
401391825,20220730,2022,ATL,DAL,68,81,163.5,1.89,1.91,149,-1.5,1.79,2.03,162.71498141231308,162.4108456426406,160.3455933148687,82.52,2,2,0,,,,,,,,,,
401391827,20220731,2022,NY,PHX,89,69,166.5,1.9,1.9,158,1.5,1.99,1.81,165.32987841551852,165.99901518021568,163.40689687638286,82.48,2,3,0,,,,,,,,,,
401391828,20220731,2022,IND,LV,69,94,171.5,1.79,2.02,163,16.5,11.49,1.04,171.62770883175665,174.6318122707667,166.9549826118734,82.44,2,2,0,,,,,,,,,,
401391829,20220731,2022,WSH,SEA,78,75,155.5,1.91,1.91,153,-2.5,1.62,2.31,162.3278071901197,148.53410592388332,161.29886892490748,82.445,1,1,2,,,,,,,,,,
401391830,20220731,2022,LA,MIN,77,84,167.5,1.91,1.89,161,1.5,2.32,1.61,163.83025459357395,163.9724079170677,161.68669631045066,82.31,3,3,0,,,,,,,,,,
401391831,20220802,2022,CON,PHX,87,63,166.5,1.9,1.91,150,-10.5,1.17,5.21,163.07351774278402,162.94881092980947,166.38419550256384,82.23,5,2,0,,,,,,,,,,
401391832,20220802,2022,NY,LA,102,73,163.5,1.76,2.05,175,-5.5,1.43,2.83,163.44664466970414,163.44777361786026,159.5665690970424,82.305,2,2,0,,,,,,,,,,
401391833,20220802,2022,WSH,LV,83,73,164.5,1.9,1.91,156,2.5,2.33,1.61,162.55543184258357,162.22947606101158,170.04503624387291,82.29,2,2,0,,,,,,,,,,
401391834,20220802,2022,CHI,DAL,78,84,167.5,1.9,1.91,162,-9.5,1.24,4.21,165.56341376671958,166.35364198985357,167.60509899437318,82.265,4,3,0,,,,,,,,,,
401391835,20220803,2022,ATL,IND,91,81,158.5,1.91,1.88,172,-8.5,1.19,4.77,161.06883711661214,160.20697827025148,152.6892153864049,82.205,4,3,0,,,,,,,,,,
401391836,20220803,2022,NY,LA,64,61,162.5,1.9,1.91,125,-6.5,1.34,3.26,174.87507235252167,165.75199625607425,161.10991218733815,82.25,1,1,2,,,,,,,,,,
401391837,20220803,2022,SEA,MIN,89,77,160.5,1.77,2.04,166,-6.5,1.39,3.0,160.78099773223778,159.8369573398744,164.46206415446215,82.055,3,3,0,,,,,,,,,,
401391838,20220804,2022,CON,PHX,77,64,163.5,1.87,1.91,141,-11.5,1.12,6.28,161.18656458287688,160.37792983682857,164.74577595230744,82.145,2,2,0,,,,,,,,,,
401391839,20220804,2022,DAL,LV,82,80,171.5,1.87,1.92,162,7.5,3.87,1.26,169.61974658723744,171.94447246663358,171.47317265289666,82.05,2,2,0,,,,,,,,,,
401391840,20220805,2022,ATL,LA,88,86,157.5,1.91,1.91,174,-5.5,1.45,2.74,158.4336723131221,156.63387405232243,154.4027032665117,81.98,2,2,0,,,,,,,,,,
401391841,20220805,2022,CHI,WSH,93,83,159.5,1.88,1.91,176,-5.5,1.38,3.01,157.7743271139086,155.7493337791451,164.21194906152482,81.865,3,3,0,,,,,,,,,,
401391843,20220806,2022,PHX,NY,76,62,162.5,1.91,1.89,138,1.5,2.65,1.49,160.11654815564046,158.9551220663773,159.57162782288313,81.88,2,3,0,,,,,,,,,,
401391844,20220807,2022,CHI,CON,94,91,166.5,1.91,1.91,185,-3.5,1.56,2.42,162.7264436488386,162.53320867371085,169.57304056670856,81.86,2,3,0,,,,,,,,,,
401391845,20220807,2022,WSH,LA,76,79,159.5,1.91,1.9,155,-10.5,1.17,5.0,156.3313808545533,153.74783614849653,157.10478001067997,82.02,2,2,0,,,,,,,,,,
401391846,20220807,2022,SEA,LV,81,89,166.5,1.91,1.91,170,-2.5,1.68,2.19,165.18274443850265,165.8928313565166,170.02777081012954,81.89,4,3,0,,,,,,,,,,
401391847,20220807,2022,MIN,ATL,81,71,162.5,1.91,1.91,152,-4.5,1.47,2.69,163.27920397527498,163.2717563573835,161.92221921560406,81.975,4,2,0,,,,,,,,,,
401391848,20220808,2022,DAL,NY,86,77,161.5,1.87,1.91,163,-4.5,1.52,2.53,161.36506676408908,160.66929679381494,161.89753345842263,81.855,4,2,0,,,,,,,,,,
401391849,20220809,2022,CHI,SEA,100,111,163.5,1.76,2.04,211,-5.0,1.46,2.64,164.345095441814,164.72770053349504,168.10784104716834,82.0,2,2,0,,,,,,,,,,
401391850,20220809,2022,LV,ATL,97,90,167.5,1.91,1.91,187,-12.5,1.13,6.0,165.84925289622197,166.75809349721175,166.6007190580459,82.185,2,2,0,,,,,,,,,,
401391851,20220809,2022,LA,CON,71,97,159.5,1.89,1.9,168,8.5,3.79,1.27,160.0724642188364,158.84867997887906,162.1583597798146,82.165,2,2,0,,,,,,,,,,
401391852,20220810,2022,DAL,NY,73,91,162.5,1.88,1.91,164,-4.5,1.65,2.25,160.98008179994366,160.08136711443342,162.0077801125804,82.23,2,2,0,,,,,,,,,,
401391853,20220810,2022,PHX,MIN,77,86,161.5,1.87,1.91,163,3.5,2.92,1.41,159.5436991350084,158.14219126760327,160.46461269838767,82.055,4,3,0,,,,,,,,,,
401391854,20220811,2022,LV,CHI,89,78,175.5,1.89,1.91,167,-1.5,1.76,2.04,175.66152607307856,180.2128118135107,176.67529320595276,82.095,2,2,0,,,,,,,,,,
401391855,20220811,2022,LA,CON,69,93,162.5,1.91,1.87,162,11.0,5.75,1.14,161.09575088610995,160.2608119809912,162.74252380183313,82.1,2,2,0,,,,,,,,,,
401391856,20220812,2022,IND,WSH,70,82,160.5,2.01,1.79,152,11.5,7.08,1.09,159.43038462934697,157.9764762174418,155.93360024434992,82.12,6,5,0,,,,,,,,,,
401391857,20220812,2022,ATL,NY,70,80,159.5,1.88,1.91,150,1.5,2.05,1.76,160.80841986255575,159.87209412230482,159.97170638960196,82.07,3,2,0,,,,,,,,,,
401391858,20220812,2022,MIN,SEA,69,96,163.5,1.91,1.91,165,1.5,1.89,1.89,165.01839422485216,165.66933190076847,167.6188447686029,81.88,2,3,0,,,,,,,,,,
401391859,20220812,2022,PHX,DAL,86,74,163.5,2.19,1.65,160,1.5,1.97,1.79,160.36647297339937,159.2901793348852,159.69701326040646,81.925,2,2,0,,,,,,,,,,
401391860,20220814,2022,CON,MIN,90,83,164.5,1.91,1.9,173,-7.5,1.38,2.99,162.95145090972318,162.81555040169584,168.2333556166668,82.02,3,2,0,,,,,,,,,,
401391861,20220814,2022,NY,ATL,87,83,160.5,1.9,1.9,170,-4.5,1.49,2.61,159.07550017999796,157.50088471007433,158.9745357506418,82.055,2,2,0,,,,,,,,,,
401391862,20220814,2022,WSH,IND,95,83,158.5,1.91,1.9,178,-12.5,1.14,5.64,158.0870320255642,156.13482859569768,155.54024021991495,82.13,2,2,0,,,,,,,,,,
401391863,20220814,2022,PHX,CHI,67,82,165.5,1.9,1.91,149,6.5,3.44,1.31,165.5961085746111,166.40731364819806,165.34672724215775,82.21,2,3,0,,,,,,,,,,
401391864,20220814,2022,LV,SEA,109,100,167.5,1.88,1.91,209,-6.5,1.36,3.15,169.9160150700447,172.31149405890062,174.94024492058443,82.29,3,2,0,,,,,,,,,,
401391865,20220814,2022,LA,DAL,88,116,162.5,1.79,2.0,204,3.5,2.88,1.41,161.36912377228097,160.57546341834552,156.9399797537067,82.47,3,2,0,,,,,,,,,,
401455627,20220817,2022,CHI,NY,91,98,166.5,1.9,1.91,189,-9.5,1.19,4.63,164.4242004638666,164.71969364854317,167.20514547908385,82.72,3,3,0,,,,,,,,,,
401455628,20220817,2022,LV,PHX,79,63,167.5,1.87,1.93,142,-16.5,1.05,10.85,166.280504934249,167.2324332474709,168.55665882308227,82.905,3,3,0,,,,,,,,,,
401455629,20220818,2022,CON,DAL,93,68,162.5,1.83,1.91,161,-9.5,1.16,5.02,165.56055816731435,166.26569318870048,171.63289813880476,82.785,4,4,0,,,,,,,,,,
401455650,20220818,2022,SEA,WSH,86,83,157.5,1.91,1.91,169,-3.5,1.52,2.54,162.62536938766516,162.24123427629448,168.66284920032174,82.81,4,4,0,,,,,,,,,,
401455651,20220820,2022,CHI,NY,100,62,168.5,1.9,1.91,162,-8.5,1.22,4.28,167.82963976913146,169.37372428368886,169.38463093117545,82.785,3,3,0,,,,,,,,,,
401455652,20220820,2022,LV,PHX,117,80,164.5,1.9,1.89,197,-17.5,1.03,12.93,162.96178190602348,162.71818992272384,165.90099294077402,82.71,3,3,0,,,,,,,,,,
401455653,20220821,2022,CON,DAL,79,89,162.5,1.9,1.91,168,-11.5,1.12,6.3,164.73511097842635,165.12212386983046,170.56960832492427,82.865,3,3,0,,,,,,,,,,
401455654,20220821,2022,SEA,WSH,97,84,161.5,2.02,1.76,181,-3.5,1.59,2.34,163.41254608062474,163.32511084866502,168.69656428028958,82.775,3,3,0,,,,,,,,,,
401455657,20220823,2022,NY,CHI,72,90,165.5,1.83,2.0,162,6.5,3.47,1.31,167.01053850989763,168.24935185532001,168.64616783805792,82.8,3,3,0,,,,,,,,,,
401455659,20220824,2022,DAL,CON,58,73,164.5,1.89,1.91,131,5.5,3.08,1.37,164.983437572428,165.4469114828474,170.31264749243186,82.96,3,3,0,,,,,,,,,,
401455660,20220828,2022,LV,SEA,73,76,170.5,1.89,1.91,149,-5.5,1.41,2.91,175.3480327485629,179.67189916893855,180.71043854710604,82.785,6,6,0,,,,,,,,,,
401455661,20220828,2022,CHI,CON,63,68,165.5,1.87,1.95,131,-3.5,1.56,2.45,164.69823274154703,165.09827632368905,173.64268112663098,82.7,5,4,0,,,,,,,,,,
401455671,20220831,2022,CHI,CON,85,77,163.5,1.87,1.95,162,-5.5,1.43,2.83,159.97922844736797,158.66844869132015,169.37841301396787,82.49,3,3,0,,,,,,,,,,
401455674,20220831,2022,LV,SEA,78,73,169.5,1.87,1.91,151,-5.5,1.37,3.05,172.26813370156333,175.49770925204464,177.53939469239543,82.51,3,3,0,,,,,,,,,,
401455675,20220904,2022,CON,CHI,72,76,163.5,2.0,1.83,148,-1.0,1.9,1.86,159.99147262990738,158.68360382218816,168.6405717125711,82.5,4,4,0,,,,,,,,,,
401455677,20220906,2022,CON,CHI,104,80,161.5,2.0,1.79,184,-1.5,1.8,2.01,158.10458996197661,156.11524343996933,166.576514541314,82.4,2,2,0,,,,,,,,,,
401455678,20220906,2022,SEA,LV,92,97,167.5,2.02,1.76,189,-1.0,1.82,1.98,169.39567271561077,171.5559383268402,174.8854552231559,82.555,6,6,0,,,,,,,,,,
401455679,20220908,2022,CHI,CON,63,72,158.5,1.91,1.91,135,-4.5,1.51,2.57,161.13275187471027,160.2137190959724,168.3188630871826,82.705,2,2,0,,,,,,,,,,
401455681,20220911,2022,LV,CON,67,64,169.5,1.91,1.87,131,-6.0,1.38,3.02,163.72478111480223,163.77703036797146,173.0192604511476,82.625,5,3,0,,,,,,,,,,
401455682,20220913,2022,LV,CON,85,71,161.5,1.9,1.91,156,-4.5,1.46,2.72,159.44872661289787,157.99432733117433,168.81733440603284,82.165,2,2,0,,,,,,,,,,
401455683,20220915,2022,CON,LV,105,76,160.5,1.91,1.91,181,-1.0,1.8,2.0,158.83590416185012,157.1718945980569,167.53560096542958,82.06,2,2,0,,,,,,,,,,
401455684,20220918,2022,CON,LV,71,78,163.0,1.91,1.91,149,1.5,2.06,1.77,161.70051025630636,161.0827051382512,168.8820408688866,82.14,3,3,0,,,,,,,,,,
401537457,20230505,2023,MIN,WSH,72,69,158.5,1.91,1.91,141,7.5,3.22,1.29,163.53726504831198,162.91867066232186,163.63921223198352,82.01,3,3,0,,,,,,,,,,
401537458,20230505,2023,DAL,CHI,75,70,157.5,1.91,1.91,145,3.5,2.31,1.6,163.70559646460674,163.20130379328907,163.41916671328755,81.93,3,3,0,,,,,,,,,,
401537459,20230507,2023,CHI,IND,81,56,154.5,1.83,1.91,137,-8.5,1.24,3.79,163.72279271700043,163.34528454725114,159.50369330048701,81.615,2,3,0,,,,,,,,,,
401535138,20230508,2023,SEA,PHX,71,77,156.5,1.81,1.94,148,1.5,2.18,1.7,165.43171560925938,165.962445623995,163.19835345770326,81.475,3,3,0,,,,,,,,,,
401537460,20230510,2023,CON,NY,63,57,158.5,1.84,1.9,120,2.5,2.11,1.68,161.66581470731728,160.36147439541716,162.29243110418497,81.34,3,3,0,,,,,,,,,,
401537461,20230510,2023,WSH,ATL,88,76,156.5,1.91,1.85,164,-4.5,1.49,2.55,162.33101680348102,161.45355476716898,160.82401452727322,81.09,5,3,0,,,,,,,,,,
401535139,20230512,2023,PHX,LA,71,90,161.5,1.91,1.85,161,-4.5,1.49,2.62,163.69328260022533,163.53171786999275,157.57919681783193,81.0,4,3,0,,,,,,,,,,
401525954,20230513,2023,MIN,CHI,74,82,156.5,1.88,1.89,156,-1.5,1.76,2.06,160.87622258580484,159.33782286020033,161.6543300037717,80.91,6,6,0,156.04,5.96,162.0,0.1593,-0.2695,-0.0173,-0.1021,0.2195,,
401537462,20230513,2023,IND,DAL,90,83,154.5,1.9,1.89,173,5.5,2.74,1.44,162.96476565884737,162.4702955715205,157.12997908013904,80.915,6,6,0,156.68,2.52,162.0,-0.0871,0.0308,0.0818,-0.2221,-0.2468,,
401545052,20230513,2023,LV,NY,84,77,156.5,1.9,1.9,161,-3.5,1.6,2.35,162.8481687784064,162.248420275683,162.42129217922187,81.04,3,3,0,,,,,,,,,,
401537464,20230514,2023,ATL,CON,68,85,158.5,1.9,1.89,153,3.5,2.27,1.64,159.35647779750946,157.01394674501535,159.58227248594957,81.025,4,4,0,170.72,16.24,162.0,0.0538,-0.125,0.0029,-0.0103,-0.1106,,
401507130,20230519,2023,IND,CON,61,70,161.5,1.9,1.91,131,7.0,3.45,1.31,159.20782794473575,156.80586898385482,158.04132756850137,80.985,6,5,0,162.97,-2.63,162.0,0.0307,0.0304,-0.0084,-0.1244,-0.0034,,
401507131,20230519,2023,WSH,NY,80,64,162.5,1.88,1.91,144,2.5,2.18,1.68,160.18932356367154,158.35198842200694,159.49239810379504,80.79,6,6,0,162.71,7.94,162.0,-0.1041,-0.0398,-0.0342,0.0181,-0.0123,,
401507132,20230519,2023,MIN,CHI,66,77,162.5,1.9,1.9,143,-5.5,1.46,2.7,160.5583288527051,158.9620405741803,161.08889700339455,80.64,6,6,0,158.0,2.02,162.0,0.0749,-0.1333,-0.0418,-0.1363,0.182,,
401507133,20230519,2023,LA,PHX,94,71,157.5,1.96,1.83,165,-2.5,1.77,2.05,163.7611059816205,163.73854608299348,157.92127713604873,80.72,6,6,0,159.79,5.17,162.0,-0.1311,0.097,-0.0429,-0.0553,-0.0493,,
401507134,20230520,2023,SEA,LV,64,105,167.5,1.88,1.9,169,12.5,7.01,1.1,166.9262356104629,168.4791862036941,167.27566832399577,80.745,6,6,0,158.48,-6.48,162.0,0.0,-0.16,-0.0776,0.0528,0.1159,,
401507135,20230520,2023,DAL,ATL,85,78,158.5,1.73,2.11,163,-2.5,1.78,2.06,163.7917074539491,163.73194910102742,159.59969884097836,80.86,6,6,0,172.48,-10.91,162.0,0.0876,0.0234,-0.0073,0.0931,0.0719,,
401507136,20230521,2023,CON,WSH,80,74,156.5,1.79,1.97,154,-1.5,1.95,1.84,154.6562228352975,149.98824892932,160.44622681556882,80.95,2,2,0,168.05,-1.51,162.0,-0.0944,0.0016,0.025,0.1618,0.1642,,
401507137,20230521,2023,NY,IND,90,73,157.5,1.87,1.93,163,-16.5,1.06,9.79,158.7704171102688,156.18882273595563,152.83412628949793,80.88,2,2,0,162.34,-1.83,162.0,0.1511,-0.014,0.0239,-0.0087,-0.0625,,
401507138,20230521,2023,PHX,CHI,69,75,160.5,1.91,1.9,144,-3.5,1.58,2.39,158.8496613814569,156.3114988891008,157.6589021410788,80.87,2,2,0,157.07,0.13,162.0,0.0782,-0.1419,0.0097,-0.0412,0.1401,,
401507139,20230523,2023,WSH,CON,81,88,158.5,1.9,1.9,169,-5.5,1.45,2.74,154.52705710164662,149.839424036388,159.80160413401194,80.83,2,2,0,168.48,1.6,162.0,0.0785,-0.0404,-0.0081,-0.1425,-0.1777,,
401507140,20230523,2023,MIN,ATL,77,83,161.5,1.91,1.91,160,-2.5,1.76,2.08,161.5207540991678,160.29383884697512,157.2793996151663,80.94,4,3,0,171.59,-10.66,162.0,0.0321,0.0312,0.0118,-0.0625,0.0904,,
401507141,20230525,2023,LA,LV,85,94,170.5,1.87,1.93,179,12.5,9.04,1.07,166.70108875196738,168.07377270788706,167.74256007309185,80.925,6,5,0,167.21,-4.06,162.0,-0.0244,-0.1286,-0.0557,0.0291,0.0882,,
401507142,20230525,2023,PHX,MIN,90,81,158.5,1.8,2.03,171,-2.5,1.51,2.6,159.3558404667799,157.0279964708231,154.80979709439998,80.985,4,2,0,159.09,-0.17,162.0,0.0022,-0.0016,0.0159,-0.0479,0.0191,,
401507143,20230526,2023,CHI,WSH,69,71,157.5,1.91,1.86,140,4.5,2.62,1.5,156.93878809278885,153.41377318554797,160.54078285044386,80.95,5,3,0,161.33,-4.45,162.0,-0.0855,0.1481,0.0114,0.0988,-0.0633,,
401507144,20230526,2023,SEA,DAL,91,95,160.5,1.9,1.91,186,4.5,2.59,1.51,165.970793464537,167.02843932174278,162.6161253446387,80.79,6,6,0,167.82,0.6,162.0,-0.0726,-0.0311,-0.054,-0.111,-0.1197,,
401507145,20230527,2023,NY,CON,81,65,163.5,1.9,1.91,146,-7.5,1.34,3.25,155.44410191446195,151.20441011256344,158.2769227615861,80.86,6,4,0,163.9,-1.89,162.0,0.1692,0.0504,0.0572,-0.0644,-0.2222,,
401507146,20230527,2023,LV,LA,93,65,171.5,1.91,1.9,158,-15.5,1.07,8.49,168.7343262579863,171.18139543709833,168.86830406578267,80.775,2,2,0,170.5,1.28,162.0,0.067,0.1056,0.0754,-0.013,0.0223,,
401507147,20230528,2023,ATL,IND,87,90,160.5,1.91,1.9,177,-7.5,1.31,3.44,161.986734679719,161.040046288643,154.78912625534963,80.815,5,6,0,171.71,5.7,162.0,0.0313,-0.0401,-0.0136,0.0684,-0.012,,
401507148,20230528,2023,CHI,DAL,94,88,161.5,1.91,1.88,182,-2.5,1.67,2.21,159.93909140322938,157.97645640491797,161.64454191002636,80.79,2,2,0,163.72,-4.15,162.0,-0.0747,0.0867,0.0295,-0.0462,-0.1285,,
401507149,20230528,2023,LV,MIN,94,73,169.5,1.86,1.92,167,-14.5,1.06,8.74,163.7378124367017,164.74129262262707,166.3606800119848,80.93,1,3,1,166.9,4.53,156.77,0.0333,0.1678,-0.0134,-0.0159,-0.0603,,
401507150,20230530,2023,ATL,CHI,83,65,160.5,1.88,1.91,148,-3.5,1.59,2.37,160.52736691239107,158.80302849973026,160.23962207435915,80.94,2,2,0,168.71,6.38,157.1,0.0434,-0.0732,-0.0188,-0.0083,0.1155,,
401507151,20230530,2023,CON,IND,81,78,157.5,1.88,1.91,159,-12.5,1.1,7.22,157.47637220101456,154.27681737478736,155.8733006401548,80.8,3,2,0,163.58,-1.58,156.81,-0.02,-0.0033,-0.0144,0.0089,0.1358,,
401507152,20230530,2023,DAL,MIN,94,89,167.5,1.86,1.96,183,-6.5,1.39,3.0,165.97958483610924,167.07164521563843,161.45868370464123,80.71,2,2,0,166.47,3.12,156.88,0.0471,0.0276,-0.0192,0.0546,-0.0132,,
401507153,20230530,2023,SEA,NY,78,86,161.5,1.84,1.96,164,15.5,8.61,1.07,163.36875284254583,163.13097048347657,160.59660660242574,80.77,4,3,0,164.14,4.71,157.65,-0.0864,-0.0812,-0.0834,-0.0034,0.066,,
401507154,20230601,2023,MIN,CON,84,89,159.5,1.9,1.9,173,4.5,3.03,1.38,158.87222395801186,156.38287479935607,158.19317456328514,80.77,2,2,0,162.58,1.47,157.83,0.0092,-0.0059,0.0061,-0.0547,-0.0775,,
401507155,20230602,2023,WSH,DAL,75,74,163.5,1.81,2.0,149,-7.5,1.29,3.63,164.3564587121269,164.60762736119426,163.9010956778872,80.785,6,3,0,167.01,-1.26,158.25,-0.0159,-0.0162,0.0285,-0.0996,-0.0299,,
401507156,20230602,2023,ATL,LV,87,92,171.5,1.85,1.95,179,11.5,5.79,1.14,165.64463791040805,166.57085460787732,168.35557302069793,80.705,3,5,0,172.35,1.04,158.0,-0.1058,-0.0921,0.0078,0.0534,0.0766,,
401507157,20230602,2023,CHI,NY,76,77,161.5,1.91,1.85,153,9.5,4.9,1.18,156.18174261757844,152.352679930468,158.01554566513403,80.75,3,3,0,161.15,2.83,158.55,-0.1423,-0.0157,-0.0142,0.0619,-0.0386,,
401507159,20230603,2023,WSH,MIN,78,80,160.5,1.9,1.91,158,-8.5,1.25,3.91,160.42159415666313,159.84331219067258,158.86808657007026,80.72,1,2,1,164.06,1.98,159.25,0.0377,-0.0302,-0.0017,-0.0694,-0.0064,,
401507160,20230603,2023,LA,SEA,92,85,162.5,1.89,1.91,177,-6.5,1.37,3.09,168.63770070617053,171.04013769277392,162.0049884095884,80.765,6,4,0,167.94,3.26,159.22,-0.014,0.059,0.0264,-0.0323,-0.0247,,
401507161,20230604,2023,CON,DAL,80,74,165.5,1.89,1.91,154,-8.5,1.32,3.41,162.02936409361763,161.08713975382273,163.21675664698483,80.86,3,2,0,163.81,-3.65,159.64,-0.0628,0.0142,0.0233,0.0042,0.0577,,
401507162,20230604,2023,NY,CHI,82,86,156.5,1.9,1.87,168,-13.5,1.11,6.7,155.5881113126121,151.43741193742125,157.51399109862064,80.815,2,2,0,160.14,-2.23,159.51,0.1379,-0.0257,0.0055,-0.0857,0.0291,,
401507163,20230604,2023,IND,LV,80,84,171.5,1.9,1.91,164,14.5,9.83,1.06,166.10565011357204,167.19330786228048,165.87494682256192,80.89,5,2,0,167.79,-4.09,159.7,-0.0673,-0.0875,0.0287,0.0734,-0.0382,,
401507164,20230606,2023,CON,LV,84,90,167.5,1.88,1.91,174,5.5,2.83,1.43,161.9754018067512,160.98927472862195,168.06720457730327,80.905,2,2,0,165.51,-4.36,159.8,-0.0676,-0.0273,0.0393,0.0959,0.0564,,
401507166,20230606,2023,SEA,LA,66,63,166.5,1.91,1.86,129,2.5,2.36,1.59,169.78415702674988,172.66312392349653,163.50448956862954,81.025,3,3,0,166.65,-2.12,161.19,0.0359,-0.0074,0.0045,0.023,-0.0138,,
401507168,20230607,2023,DAL,PHX,84,79,163.5,1.87,1.91,163,-4.5,1.46,2.69,164.10158959043866,164.22138494924874,160.01535610523405,80.795,3,6,0,163.85,2.08,157.24,-0.0118,-0.0169,-0.0647,0.067,-0.0905,,
401507169,20230608,2023,CON,LV,94,77,167.5,1.88,1.91,171,4.5,2.75,1.45,163.7358304870296,163.6593472557598,168.66048411957297,80.83,2,2,0,166.1,-3.24,157.36,-0.0348,-0.0033,0.0335,0.0973,0.0314,,
401507170,20230609,2023,ATL,NY,83,106,163.5,1.86,1.93,189,6.5,3.12,1.37,161.5857209320096,160.41572186812465,160.04874254316024,80.875,6,5,0,167.58,6.08,157.63,-0.0999,-0.0107,-0.0274,0.0434,0.0859,,
401507171,20230609,2023,DAL,PHX,90,77,168.5,1.91,1.89,167,-4.5,1.43,2.81,163.93551226366256,163.9102464543239,160.31382049471065,80.96,2,2,0,166.26,2.25,158.23,-0.0214,-0.028,-0.0505,0.1085,-0.0435,,
401507172,20230609,2023,MIN,IND,69,71,160.5,1.89,1.91,140,-3.5,1.69,2.19,163.7774343130851,163.5942309349089,157.32671895926342,81.17,6,5,0,163.28,-1.71,158.4,0.0217,-0.0255,0.0107,-0.0073,0.0911,,
401507173,20230609,2023,LA,CHI,77,62,161.5,2.01,1.8,139,-3.5,1.58,2.39,159.79694571652493,157.66934479237156,158.8777063873568,81.04,3,5,0,166.7,0.78,158.06,-0.0033,-0.0439,-0.0,-0.0455,0.0414,,
401507174,20230609,2023,SEA,WSH,66,73,156.5,1.91,1.87,139,11.5,6.17,1.12,160.73350919731024,159.07862939544688,159.51301566395784,81.03,3,6,0,164.31,-0.03,157.71,-0.0397,0.0198,-0.0192,0.0593,-0.0157,,
401507175,20230611,2023,NY,DAL,102,93,169.5,1.86,1.91,195,-8.5,1.24,4.11,164.59717524414017,164.92010882972508,165.18314369316732,80.915,2,2,0,166.57,-2.89,157.38,0.0417,0.0783,0.0188,-0.1216,-0.0477,,
401507176,20230611,2023,LV,CHI,93,80,168.5,1.92,1.87,173,-13.5,1.08,7.69,162.0628715567436,161.07740079729476,164.79395111411327,81.02,3,2,0,166.48,0.84,158.04,0.0431,-0.0081,-0.0117,-0.049,0.0806,,
401507177,20230611,2023,ATL,CON,77,89,161.5,1.8,2.02,166,2.5,2.34,1.61,163.60239619023199,163.3934457321239,162.73974019132882,81.005,2,3,0,168.44,5.87,158.29,0.0072,-0.0075,-0.0002,-0.0632,-0.0187,,
401507178,20230611,2023,IND,PHX,82,85,163.5,1.93,1.85,167,-3.5,1.62,2.3,160.60704672862963,158.84570001922148,154.5978176802634,81.145,2,2,0,164.31,-0.22,158.42,-0.0686,0.059,-0.042,0.0302,-0.1039,,
401507179,20230611,2023,SEA,WSH,65,71,156.5,2.0,1.8,136,5.5,2.52,1.52,157.83194047063628,154.71476645590218,157.46171409756207,81.055,2,2,0,163.26,0.64,158.57,-0.0291,0.0176,-0.0121,0.0042,-0.0204,,
401507180,20230611,2023,MIN,LA,91,86,160.5,1.91,1.9,177,1.5,2.01,1.79,161.31153056803652,159.97234679657478,157.9900725747848,80.96,2,2,0,164.04,-3.07,158.2,0.0258,0.015,0.0267,0.0264,0.0289,,
401507181,20230613,2023,IND,WSH,87,66,157.5,1.91,1.88,153,4.5,2.6,1.5,155.8067327407954,151.69797678557345,155.06568309051153,80.995,2,2,0,161.87,0.06,158.5,-0.0678,0.0116,-0.0132,0.0435,-0.0829,,
401507182,20230613,2023,NY,ATL,79,86,169.5,1.83,1.98,165,-10.5,1.17,5.07,167.38648557852005,169.07423471318097,164.5494814599598,81.0,2,2,0,169.27,-5.5,158.41,0.0991,0.0404,-0.0173,-0.0366,-0.0881,,
401507183,20230613,2023,PHX,SEA,69,83,161.5,1.9,1.91,152,-6.5,1.33,3.3,160.71372591791925,159.05644304203784,156.0878955095314,81.01,2,2,0,162.72,-0.16,158.52,0.0392,0.009,0.039,0.0214,0.0559,,
401507184,20230614,2023,DAL,LA,61,79,166.5,1.86,1.91,140,-4.5,1.47,2.68,167.19909073629773,168.89992392619342,164.21007198671518,80.715,3,3,0,168.31,1.84,158.42,0.042,-0.0338,-0.0065,0.1342,0.0041,,
401507186,20230615,2023,CHI,IND,90,92,158.5,1.94,1.85,182,1.5,2.02,1.8,158.41595141140766,155.80692575938744,156.2041446965594,80.48,4,2,0,162.68,1.95,158.46,0.0049,0.0307,0.004,-0.0521,-0.0148,,
401507187,20230615,2023,LV,SEA,96,63,167.5,1.87,1.91,159,-18.5,1.04,11.8,165.0878874486822,165.79346901070693,165.96202624784775,80.55,4,2,0,163.69,1.81,158.81,-0.0159,0.0347,0.0048,-0.0085,0.022,,
401507188,20230616,2023,WSH,PHX,88,69,156.5,1.9,1.87,157,-11.5,1.13,5.96,156.54566712989418,152.98324379232105,153.98660579833344,80.525,3,3,0,161.91,-0.13,158.81,0.0047,0.0049,-0.0249,0.0029,-0.0064,,
401507189,20230616,2023,LA,MIN,72,77,163.5,1.91,1.87,149,-5.5,1.42,2.87,162.48630297634872,161.90981514816067,159.7950485043793,80.495,2,5,0,162.66,1.29,158.79,-0.0238,0.0053,-0.0289,-0.0661,-0.0452,,
401507190,20230617,2023,DAL,SEA,103,109,164.5,1.88,1.91,212,-7.5,1.28,3.66,163.31143686964657,163.18188591342215,158.5943333323724,80.405,3,2,0,165.16,2.64,158.65,-0.0082,-0.0292,-0.003,0.1307,-0.0136,,
401507191,20230618,2023,NY,PHX,89,71,161.5,1.86,1.95,160,-14.5,1.1,7.42,163.91748938783962,163.9976211027058,160.0652084218136,80.655,5,2,0,163.4,0.97,159.39,0.0362,0.0583,-0.0362,0.0149,-0.0774,,
401507192,20230618,2023,WSH,CHI,77,69,155.5,1.9,1.91,146,-5.5,1.46,2.73,155.67859819226388,151.61822728252525,156.70286635649154,80.695,2,3,0,161.25,-1.06,159.4,0.0659,-0.0386,0.0129,-0.0398,0.0785,,
401507193,20230618,2023,IND,ATL,94,100,161.5,1.85,1.95,194,-1.5,1.94,1.85,165.8038974029873,166.8211154531695,160.89813398106224,80.675,3,5,0,166.32,-6.79,159.22,-0.01,-0.0176,-0.0398,0.0333,-0.0564,,
401507194,20230618,2023,LA,CON,74,83,157.5,1.9,1.91,157,3.0,2.41,1.58,159.21179006034853,156.87371560078367,161.5089463633499,80.82,2,6,0,164.11,-2.65,159.68,0.0453,-0.003,-0.0095,-0.0973,-0.052,,
401507195,20230618,2023,LV,MIN,93,62,167.5,1.85,1.93,155,-17.5,1.06,9.66,166.31050126949302,167.5326231973954,168.23421123162433,80.805,3,2,0,162.17,2.68,159.64,0.0076,0.0375,-0.026,-0.0427,-0.0751,,
401507196,20230620,2023,DAL,ATL,85,73,168.5,1.69,2.14,158,-3.5,1.58,2.36,173.023200974084,177.6403666473839,167.08641247930996,80.715,3,2,0,170.93,-2.72,159.58,0.0529,-0.0745,-0.0431,0.0822,-0.0632,,
401507197,20230620,2023,LA,MIN,61,67,157.5,1.91,1.91,128,-5.5,1.39,3.01,160.093514444559,158.25885027001016,156.44398928854724,80.655,2,2,0,160.1,1.01,159.56,-0.0084,0.0075,-0.0088,-0.0474,-0.0474,,
401507198,20230620,2023,SEA,CON,79,85,159.5,1.81,2.02,164,8.5,3.93,1.25,162.8920339584941,162.55247352726133,162.3905670353816,80.405,3,2,0,164.94,-0.38,159.16,0.1065,-0.0209,0.0022,-0.0472,0.002,,
401507199,20230621,2023,PHX,LV,79,99,164.5,1.91,1.91,178,19.5,13.53,1.03,165.0268361773992,165.72810809873525,165.11436133799629,80.48,3,3,0,161.62,-1.4,159.22,0.0085,-0.0294,0.0572,0.0068,0.0434,,
401507200,20230622,2023,CHI,WSH,59,80,155.5,1.9,1.9,139,2.5,2.13,1.71,154.67933412406322,150.2574045542727,155.6325797208424,80.325,4,4,0,160.02,1.97,159.46,-0.0389,0.0222,0.017,0.0458,-0.1039,,
401507201,20230622,2023,MIN,CON,68,89,157.5,1.89,1.91,157,3.5,2.46,1.55,159.5163539813051,157.63841205562014,159.52590429477814,80.0,2,2,0,161.95,-3.39,159.21,0.0693,-0.0441,0.0026,-0.0302,0.0134,,
401507202,20230622,2023,SEA,IND,68,80,163.5,1.88,1.91,148,-1.5,1.71,2.15,167.31965424771158,169.40911814366945,160.96656031532078,79.84,2,4,0,163.16,1.16,159.18,0.1084,0.0308,0.0152,-0.087,0.0486,,
401507203,20230623,2023,ATL,NY,80,110,166.5,1.83,1.98,190,7.5,3.54,1.3,169.34351882837228,172.43514674626704,166.0296809470895,79.87,3,5,0,167.5,4.78,159.05,-0.1249,-0.0201,0.0133,-0.004,0.0788,,
401507204,20230623,2023,LA,DAL,76,74,162.5,1.83,1.98,150,1.5,2.23,1.67,164.02116589931552,164.3933110519715,160.9421462216916,80.015,3,3,0,163.47,-3.7,159.41,0.0074,0.0171,0.0138,-0.1618,-0.0487,,
401507205,20230624,2023,LV,IND,101,88,167.5,1.79,2.0,189,-15.5,1.06,9.64,168.43446733065602,171.05214413327442,171.07198425289621,79.92,3,2,0,161.46,-0.61,159.3,0.0666,0.0318,-0.0272,-0.0792,-0.0005,,
401507206,20230624,2023,SEA,PHX,97,74,158.5,1.73,2.03,171,-2.5,1.8,2.03,164.03386276465721,164.39735948488982,155.00084523508914,80.055,2,3,0,162.46,2.78,159.64,0.0375,0.0314,-0.0242,-0.0166,0.0241,,
401507207,20230625,2023,CON,CHI,96,72,158.5,1.91,1.87,168,-5.5,1.38,3.09,158.41951597354938,156.02048610637266,159.51127649866223,79.925,3,3,0,163.52,1.54,159.77,-0.0299,0.021,-0.0173,-0.0014,0.0754,,
401507209,20230625,2023,LA,DAL,93,83,160.5,1.83,1.94,176,2.5,2.22,1.67,162.4911849803759,162.13097994677437,159.84793159952244,79.925,2,2,0,163.91,-2.51,160.06,-0.0063,-0.0024,-0.004,-0.1641,-0.0248,,
401507210,20230626,2023,LV,IND,88,80,171.5,2.02,1.79,168,-15.5,1.07,8.78,171.59510815878772,175.80292971994695,172.86478582760657,79.9,2,2,0,162.11,-1.03,160.23,0.078,0.0497,-0.0272,-0.0658,0.0309,,
401507211,20230627,2023,CON,NY,81,89,166.5,1.83,1.98,170,4.5,2.59,1.5,166.07716119788697,167.5107021251675,171.21179766321603,79.93,2,4,0,167.38,-0.55,160.32,-0.141,-0.012,-0.007,0.0045,-0.0249,,
401507212,20230627,2023,MIN,SEA,104,93,160.5,1.9,1.91,197,-3.5,1.56,2.44,161.48386437406236,160.54422828732655,156.37586801565737,80.125,5,3,0,161.54,-3.06,160.42,-0.077,-0.0638,-0.005,0.0274,-0.0269,,
401507213,20230627,2023,PHX,DAL,62,77,167.5,1.87,1.91,139,3.5,2.39,1.58,168.0283221427621,170.27568420533916,159.23749006977658,80.365,3,2,0,163.28,-3.25,160.81,0.02,0.0221,0.0222,-0.1318,0.0209,,
401507214,20230628,2023,CHI,LA,80,63,156.5,1.9,1.9,143,-2.5,1.68,2.19,156.96529714926425,153.65801557752053,154.08983456137668,80.405,3,3,0,161.81,0.29,160.58,-0.0099,0.028,0.0215,0.061,-0.0582,,
401507215,20230628,2023,WSH,ATL,109,86,162.5,1.88,1.91,195,-5.5,1.45,2.74,161.72899038606192,160.84269370305068,159.66712965769665,80.31,6,5,0,167.47,-6.93,160.4,0.079,-0.0006,-0.0325,-0.0337,-0.0671,,
401507216,20230629,2023,LV,NY,98,81,174.5,1.85,1.91,179,-7.5,1.35,3.24,171.58421651532836,175.55023676360406,177.64148310701347,80.53,3,2,0,164.37,-2.96,160.75,-0.0637,-0.0162,-0.0173,-0.0158,0.0155,,
401507217,20230629,2023,PHX,IND,85,63,161.5,1.83,1.98,148,2.5,2.25,1.66,164.95452013340918,165.5426741985236,156.28107564323517,80.685,2,3,0,160.93,-1.76,160.94,0.0676,-0.0678,0.0375,-0.0884,0.0313,,
401507219,20230630,2023,ATL,WSH,94,89,164.5,1.91,1.91,183,1.5,2.09,1.75,166.08478159244694,167.30642433274562,163.200416691927,80.505,2,2,0,169.22,5.89,161.16,-0.089,-0.0245,0.0255,0.0334,0.0771,,
401507220,20230630,2023,CHI,LA,86,78,154.5,1.85,1.91,164,-2.5,1.74,2.11,154.9925692111477,150.6712140197685,152.980851105239,80.475,2,2,0,160.96,-0.23,161.38,0.0093,0.0474,0.0073,0.0553,-0.0362,,
401507221,20230701,2023,LV,CON,102,84,170.5,1.91,1.88,186,-11.5,1.14,5.91,168.28412295899048,170.56390883478304,175.80105575604045,80.62,2,4,0,163.23,-3.82,161.4,0.067,0.023,-0.0112,-0.0303,0.0112,,
401507222,20230701,2023,PHX,MIN,76,86,159.5,1.9,1.91,162,-1.5,1.82,2.01,160.7722594452767,159.187429117655,154.46477749676853,80.895,2,4,0,160.63,-2.05,161.64,0.0019,-0.0282,0.0486,-0.0226,-0.0016,,
401507223,20230702,2023,ATL,LA,112,84,165.5,1.9,1.91,196,-4.5,1.47,2.71,166.81882715961845,168.25046678923906,160.37381026750833,80.925,2,2,0,167.7,6.71,161.64,-0.048,0.0849,0.0084,0.0207,0.0713,,
401507224,20230702,2023,IND,CHI,87,89,159.5,1.91,1.9,176,-2.5,1.66,2.25,160.7892044310897,159.17346779249465,156.84773486168422,81.0,3,2,0,160.85,1.13,161.97,-0.0374,-0.025,-0.021,0.0543,0.0066,,
401507225,20230702,2023,DAL,WSH,89,72,162.5,1.94,1.87,161,-5.5,1.38,3.05,162.19521986096453,161.2328776571836,164.2411241068683,81.135,5,2,0,164.07,0.71,162.1,-0.0153,-0.0656,0.0229,0.1338,-0.0202,,
401507226,20230702,2023,SEA,NY,66,81,168.5,1.77,2.04,147,8.5,4.95,1.18,169.7010521878965,172.4596231336967,167.96333007218556,81.235,5,3,0,167.47,0.98,162.09,0.0127,-0.0078,-0.0116,-0.0304,0.0021,,
401507227,20230705,2023,NY,PHX,99,95,164.5,1.85,1.93,194,-15.5,1.07,9.1,163.68209951368985,163.423022113482,161.49084371937622,81.245,3,4,0,162.09,4.11,161.95,0.0567,0.1055,-0.0346,0.0432,-0.0248,,
401507228,20230705,2023,MIN,IND,90,83,165.5,1.89,1.91,173,-2.0,1.76,2.08,164.2151038867211,164.11600102050863,159.88026938894347,81.53,4,3,0,162.72,0.9,162.25,0.0554,-0.0153,-0.028,-0.0871,0.0259,,
401507229,20230705,2023,LV,DAL,89,82,173.5,1.91,1.88,171,-14.5,1.11,6.97,170.32910512387866,173.24459879990724,175.72636335220324,81.655,4,3,0,163.66,-2.9,162.35,0.0345,0.1075,-0.041,-0.1199,0.0187,,
401507230,20230705,2023,LA,ATL,79,90,168.5,1.91,1.91,169,-1.5,1.78,2.05,169.8769836706716,172.47042011031516,163.9364292407575,81.91,3,3,0,169.03,-6.21,162.42,0.0397,-0.0853,-0.0041,-0.028,-0.0811,,
401507231,20230706,2023,CON,SEA,93,73,164.5,1.83,1.98,166,-10.5,1.17,5.03,164.64944032612797,164.61588699311253,164.3883459287225,81.935,5,4,0,167.9,-0.24,162.48,-0.1286,-0.0291,-0.0212,0.0018,-0.008,,
401507232,20230707,2023,WSH,IND,96,88,157.5,1.9,1.9,184,-3.5,1.9,1.89,162.32740369009798,161.12174781162818,161.46359516665981,81.96,5,2,0,163.55,1.21,162.51,0.0673,0.0169,-0.0199,-0.1199,0.0572,,
401507233,20230707,2023,CHI,ATL,68,82,169.5,1.91,1.87,150,-1.5,1.81,2.01,168.044681079249,169.6493411343862,164.9892136072139,82.1,5,2,0,166.18,-7.25,162.7,0.0561,-0.0278,0.0245,0.0436,-0.1625,,
401507234,20230707,2023,DAL,LV,80,78,175.5,1.91,1.91,158,8.5,4.85,1.18,170.33466319408342,173.12913891991653,175.25372701698294,81.985,2,2,0,163.12,2.32,162.59,-0.0366,-0.1225,0.0264,0.1073,-0.0477,,
401507235,20230707,2023,MIN,PHX,75,64,161.5,1.91,1.88,139,-5.5,1.46,2.73,162.85629228533375,161.9117175853005,158.1964697723825,81.97,2,2,0,162.34,1.88,162.55,-0.0044,-0.0068,-0.051,0.0268,0.0304,,
401507236,20230708,2023,NY,SEA,80,76,167.5,1.86,1.94,156,-15.5,1.06,9.46,168.19702159362336,169.9529947382943,166.4802973584703,81.9,3,2,0,167.83,-1.29,162.35,-0.0125,0.0136,-0.0059,0.0144,0.0206,,
401507237,20230709,2023,CON,WSH,92,84,159.5,1.81,2.01,176,-4.5,1.51,2.57,162.4686647835388,161.3093581385765,167.41043867197317,82.025,3,2,0,165.08,1.61,162.3,-0.0676,0.0811,0.0089,0.0172,-0.087,,
401507238,20230709,2023,IND,DAL,76,77,168.5,1.91,1.91,153,2.5,2.35,1.61,167.12923504167966,168.2436115990862,164.14945607136778,82.185,2,2,0,163.11,-1.59,162.41,-0.0224,0.0712,-0.0006,-0.0462,0.0054,,
401507239,20230709,2023,PHX,LA,78,72,160.5,1.98,1.84,150,-1.5,1.78,2.05,159.99899873777792,157.52426279133593,154.10772278836086,82.235,2,4,0,162.49,-1.31,162.33,0.036,0.0085,0.0431,-0.004,-0.0412,,
401507240,20230709,2023,MIN,LV,89,113,171.5,1.91,1.89,202,11.5,6.49,1.12,165.96659348110123,166.50817425545065,170.75191644896108,82.16,2,2,0,161.8,1.08,162.23,-0.033,-0.0855,0.0029,0.0023,0.0152,,
401507241,20230709,2023,CHI,ATL,77,88,166.5,1.9,1.91,165,-1.5,1.77,2.07,165.5455551608681,165.81440702094756,163.49029224649252,82.325,2,2,0,164.94,-6.46,162.56,0.0685,-0.0433,0.0277,0.028,-0.1382,,
401507242,20230711,2023,WSH,SEA,93,86,157.5,1.81,1.99,179,-6.5,1.47,2.69,162.95567896098024,161.9239391071964,161.55622134199433,82.335,2,3,0,165.94,-2.8,162.58,-0.0882,-0.0222,-0.0309,-0.0537,0.074,,
401507243,20230711,2023,LV,PHX,98,72,169.5,1.9,1.91,170,-17.5,1.05,10.47,167.24520028354496,168.314477073441,169.51440077609914,82.46,2,2,0,160.81,0.75,162.71,0.0726,0.1025,-0.0633,0.0222,0.0076,,
401507245,20230712,2023,CHI,CON,72,84,159.5,1.87,1.93,156,4.5,2.78,1.45,160.94010531343204,158.839073590954,163.0696609769779,82.495,3,3,0,162.9,-3.6,162.92,0.0405,-0.0719,0.0273,0.0402,-0.0442,,
401507246,20230712,2023,MIN,DAL,67,107,167.5,1.88,1.91,174,2.5,2.2,1.69,163.59823877584114,162.80571669578487,163.01025862328692,82.555,3,3,0,163.69,0.71,162.87,0.0277,0.1008,-0.0263,-0.1117,0.0183,,
401507247,20230712,2023,ATL,SEA,85,75,170.5,1.91,1.86,160,-9.5,1.14,6.23,169.051190685294,172.096256929975,166.1570929101564,82.58,3,1,1,168.91,0.92,162.95,-0.1647,0.0202,-0.0265,-0.029,0.0859,,
401507248,20230712,2023,LA,LV,78,97,169.5,1.89,1.91,175,12.5,7.3,1.1,166.49447451728741,168.25930496505185,170.72243554473317,82.58,3,1,1,162.78,0.92,162.93,-0.0905,-0.0931,0.0323,-0.0156,0.0113,,
401507249,20230718,2023,ATL,MIN,82,73,170.5,1.91,1.9,155,-6.5,1.37,3.1,169.09580224208722,171.0542236622347,165.70808103426793,82.56,6,6,0,166.73,2.58,163.84,-0.0485,0.0274,-0.0018,0.0079,0.0857,,
401507250,20230718,2023,PHX,CON,72,66,162.5,1.89,1.91,138,7.5,3.6,1.3,161.75285905244309,160.06442842630761,161.66754756871984,82.48,6,6,0,161.64,-2.44,163.77,0.0184,-0.1026,0.0519,0.0041,0.0004,,
401507251,20230719,2023,WSH,IND,76,82,157.5,1.86,1.93,158,-2.5,1.74,2.12,165.69922425321943,165.99062607904412,164.39895928776917,82.47,6,6,0,164.92,-2.12,163.58,0.0603,0.0237,-0.0284,-0.0695,0.074,,
401507252,20230719,2023,NY,DAL,88,98,168.5,1.91,1.88,186,-8.5,1.29,3.65,166.66861827128156,167.49795071697076,170.98064796922156,82.33,6,6,0,166.64,2.92,163.54,0.1296,0.1123,0.013,-0.1157,0.0124,,
401507253,20230720,2023,CON,ATL,82,71,167.5,1.86,1.91,153,-6.5,1.41,2.93,165.58005471909684,165.78927497197236,169.4752619250288,82.53,2,2,0,164.59,-3.56,163.7,0.0005,0.0428,-0.009,-0.0376,-0.0464,,
401507254,20230720,2023,MIN,LA,73,70,162.5,1.75,2.03,143,-2.5,1.64,2.28,162.43379924617196,161.0769599467752,156.10633117927978,82.505,2,6,0,164.95,-0.72,163.62,0.0254,0.0573,-0.0069,0.0078,-0.0076,,
401507255,20230720,2023,PHX,CHI,80,62,156.5,2.0,1.78,142,1.5,2.06,1.77,156.349382521555,152.0096426274737,152.37887540751302,82.335,2,6,0,158.66,-0.42,163.47,-0.0023,-0.032,0.014,-0.0384,0.0103,,
401507256,20230720,2023,SEA,LV,63,79,169.5,1.79,2.0,142,17.5,11.43,1.05,170.94734028068928,173.99233130199153,173.17046558062728,82.135,6,6,0,165.94,2.57,163.32,0.018,-0.0424,0.0345,0.0306,-0.0272,,
401507257,20230721,2023,WSH,NY,87,96,162.5,1.88,1.91,183,8.5,4.84,1.19,167.75403569510124,169.24692352874908,169.27449448511777,82.01,2,2,0,165.65,-2.98,163.17,-0.09,-0.0652,-0.0221,-0.0261,0.0385,,
401507258,20230722,2023,ATL,CON,78,86,167.5,1.91,1.91,164,-1.5,1.81,2.0,164.29777861791544,163.9943474747751,167.82773573252592,82.185,2,2,0,165.12,2.86,163.31,-0.0111,-0.0427,0.0191,0.0364,0.0295,,
401507259,20230722,2023,SEA,CHI,75,90,158.5,1.9,1.91,165,-1.5,1.76,2.08,158.17069463094674,154.78984274998015,152.93840872355003,82.21,2,2,0,163.75,4.0,163.31,0.0819,0.0387,0.0023,-0.0218,0.0262,,
401507260,20230722,2023,DAL,LA,98,84,164.5,1.91,1.91,182,-8.5,1.27,3.78,163.04992535809154,162.14603619075396,162.5300355799173,82.12,3,2,0,163.9,-1.25,163.32,-0.0252,0.0007,-0.0299,0.1325,0.001,,
401507261,20230722,2023,MIN,LV,81,98,169.5,1.85,1.95,179,14.5,8.72,1.07,167.07441681398163,168.1519651290012,170.62113238216335,82.21,2,2,0,164.03,0.17,163.45,-0.0502,-0.0615,0.0145,0.0125,-0.0284,,
401507262,20230723,2023,NY,IND,101,83,170.5,1.88,1.91,184,-12.5,1.1,7.11,169.72891411152477,172.12440595852718,168.4486608463017,82.24,2,4,0,168.05,2.37,163.56,0.1388,0.0691,0.0014,-0.0183,0.006,,
401507263,20230723,2023,WSH,PHX,84,69,156.5,1.91,1.91,153,-4.5,1.61,2.34,160.07901441912637,157.57681722389233,159.2660645015256,82.415,2,3,0,161.6,3.53,163.7,0.0054,0.0056,-0.0497,-0.0185,0.0551,,
401507264,20230725,2023,ATL,PHX,78,65,163.5,1.87,1.91,143,-7.5,1.29,3.66,160.97510467935052,158.9703808415527,159.06757027923294,82.285,3,2,0,162.71,4.52,163.63,-0.0167,-0.0028,-0.0484,0.0339,0.117,,
401507265,20230725,2023,NY,SEA,86,82,167.5,1.7,2.2,168,-15.5,1.07,9.03,168.6650451374218,170.52969694054545,166.21681155023816,82.235,2,3,0,167.57,0.07,163.49,0.0588,0.0773,-0.0101,0.0467,-0.0298,,
401507266,20230725,2023,CHI,LV,95,107,167.5,1.91,1.91,202,14.5,8.68,1.07,164.37543559534112,164.07337449910506,169.68103713172786,82.285,3,3,0,163.55,-2.25,163.52,-0.0501,-0.0573,0.0376,0.0892,-0.0241,,
401507267,20230725,2023,DAL,CON,83,88,167.5,1.89,1.91,171,-3.5,1.6,2.38,164.68191979606715,164.48643154578536,170.92316673905412,82.41,3,3,0,162.95,-0.48,163.78,-0.0473,-0.1138,-0.0092,0.1415,-0.0431,,
401507268,20230725,2023,LA,IND,79,78,163.5,1.91,1.91,157,-3.5,1.53,2.56,164.7538061496639,164.56242571752892,158.49216944301102,82.495,3,2,0,164.4,-0.26,163.83,0.0119,-0.0257,-0.0077,-0.061,0.0208,,
401507269,20230726,2023,MIN,WSH,97,92,159.5,1.89,1.91,189,-3.5,1.61,2.35,164.00997332927713,163.4667637097195,161.7880788461214,82.44,4,3,0,165.63,-0.04,163.93,-0.0122,-0.0118,0.0108,0.0138,-0.0624,,
401507270,20230727,2023,LA,IND,81,68,160.5,1.87,1.91,149,-3.5,1.69,2.21,163.64169616340754,162.86718314577604,158.34295249870993,82.565,2,2,0,163.37,-0.0,164.23,-0.0079,0.0067,-0.0139,-0.0766,-0.0048,,
401507271,20230727,2023,NY,ATL,95,84,173.5,1.87,1.91,179,-8.5,1.23,4.25,169.45906826553872,171.64440805850273,171.65940748472477,82.44,2,2,0,167.07,0.45,164.31,0.1187,0.0195,0.01,0.0343,-0.0806,,
401507272,20230728,2023,CHI,SEA,74,83,161.5,1.91,1.87,157,-5.5,1.51,2.59,161.68244466079713,159.87997262748394,156.4301110660755,82.69,3,3,0,164.6,-3.26,164.51,-0.0517,0.0266,-0.0145,0.0775,0.004,,
401507273,20230728,2023,DAL,WSH,90,62,164.5,1.87,1.91,152,-8.5,1.21,4.33,168.38593291515699,169.95138285205917,170.90408435154734,82.66,3,2,0,163.19,-2.52,164.76,-0.0604,-0.0427,-0.0226,0.1413,-0.0107,,
401558197,20230728,2023,NY,MIN,83,88,161.5,1.81,1.97,171,-14.5,1.08,7.95,170.20784520953305,173.83771551205302,169.54198752975785,82.565,1,2,1,167.0,0.99,164.68,0.1391,0.0555,0.0116,0.034,-0.0129,,
401507274,20230730,2023,CON,MIN,83,87,160.5,1.91,1.91,170,-12.5,1.11,6.65,164.45398633749429,164.11997889948924,165.29952954019322,82.475,5,2,0,163.64,-1.52,164.75,0.0146,0.0475,-0.029,-0.0401,0.0432,,
401507275,20230730,2023,ATL,WSH,80,73,164.5,1.8,2.04,153,-7.5,1.28,3.72,166.07805299923032,166.5516443238782,165.1463302067702,82.49,3,2,0,165.01,1.18,164.84,-0.0092,0.0376,0.0087,0.0287,0.0516,,
401507276,20230730,2023,IND,SEA,62,85,164.5,1.97,1.8,147,-3.5,1.54,2.51,163.2727303591265,162.31721500962155,157.96485875147897,82.555,3,2,0,164.61,-2.94,164.71,-0.0601,0.0141,-0.0104,-0.0065,-0.0182,,
401507277,20230730,2023,CHI,PHX,104,85,155.5,1.91,1.87,189,-7.0,1.32,3.38,155.94109480893434,151.299370967552,152.43971141825938,82.595,2,5,0,159.5,1.23,164.61,-0.0098,0.0043,-0.0314,0.0555,0.0587,,
401507278,20230730,2023,LV,DAL,104,91,173.5,1.78,2.05,195,-10.5,1.16,5.3,172.01626512360187,175.33014373806546,181.4319421456692,82.845,5,2,0,163.36,2.39,164.85,0.0923,0.0639,-0.0184,-0.154,0.0454,,
401507279,20230730,2023,LA,NY,79,87,167.5,1.87,1.91,166,8.5,4.37,1.21,166.412077710624,166.9197467706193,166.38172423499446,82.845,3,2,0,165.46,-2.49,165.28,-0.1715,-0.0488,-0.0041,-0.0785,0.0031,,
401507280,20230801,2023,CON,MIN,79,69,161.5,1.72,2.1,148,-11.5,1.13,6.04,164.8195932979358,164.5429810095403,165.7695765861739,82.81,2,2,0,163.82,-1.77,165.43,0.0017,0.0188,-0.0431,-0.017,0.0675,,
401507281,20230801,2023,IND,PHX,72,71,158.5,1.91,1.88,143,-6.5,1.39,3.02,159.0808061748755,155.96434955119423,153.22572318924335,82.72,2,2,0,159.3,1.74,165.46,-0.0496,-0.0437,-0.0144,0.0146,0.0113,,
401507282,20230801,2023,LV,ATL,93,72,176.5,1.72,2.12,165,-14.5,1.08,8.02,172.3792424001502,175.96678914558137,178.20813679244213,82.6,2,2,0,165.9,0.06,165.31,0.0273,0.0298,-0.0416,-0.0244,0.0284,,
401507283,20230801,2023,LA,NY,69,76,166.5,1.9,1.91,145,8.5,4.14,1.23,166.4797178249598,167.05877209355737,166.34355181149505,82.745,2,2,0,165.81,-1.86,165.29,-0.1742,-0.0761,-0.0224,-0.1027,0.0069,,
401507284,20230802,2023,SEA,DAL,65,76,166.5,1.81,2.0,141,6.5,3.34,1.33,165.4358666788881,165.5522535053345,166.51633769635978,82.585,3,3,0,163.67,-0.05,165.17,0.1177,0.0151,0.048,-0.1157,-0.0091,,
401507285,20230803,2023,PHX,ATL,91,71,163.5,1.91,1.91,162,7.5,3.58,1.3,159.53004466658976,156.71169239627258,156.76376918355066,82.525,2,2,0,162.15,-3.68,165.08,0.0234,0.0341,0.0249,0.0113,-0.0715,,
401507286,20230804,2023,IND,CON,72,88,160.5,1.9,1.91,160,7.5,3.89,1.26,159.97962829219426,157.39202534078288,160.79326955086844,82.51,3,3,0,160.76,0.49,165.07,-0.0151,-0.0221,0.0589,0.0424,-0.0525,,
401507287,20230804,2023,WSH,LA,79,77,157.5,1.91,1.89,156,-3.5,1.63,2.29,160.5776858384302,158.27454469779167,158.0830264206915,82.55,5,3,0,163.83,1.2,165.18,0.0316,0.015,-0.0024,0.0232,0.0084,,
401507288,20230804,2023,DAL,CHI,89,104,164.5,1.89,1.91,193,-10.5,1.17,5.05,165.53592349213704,165.68553024558207,167.02551488080863,82.63,2,5,0,161.46,0.6,165.09,-0.0558,-0.049,-0.0058,0.0857,-0.0279,,
401507289,20230804,2023,MIN,NY,66,76,167.5,1.85,1.95,142,9.5,4.57,1.2,167.74455402769527,168.97946460828663,167.60710890919347,82.685,3,3,0,164.27,0.62,165.31,-0.1725,-0.0305,0.0073,-0.0775,0.0241,,
401507290,20230805,2023,PHX,SEA,91,97,159.5,1.91,1.88,188,-2.5,1.55,2.47,155.95052776666307,151.3116515581861,154.19927486195164,82.6,2,3,0,160.97,-2.49,165.07,0.0027,0.0283,-0.0047,0.0177,-0.0087,,
401507291,20230806,2023,ATL,IND,82,73,167.5,1.92,1.87,155,-7.5,1.28,3.75,161.7406729872871,159.94297282277515,157.445174228256,82.755,3,2,0,162.66,2.82,165.18,0.0012,-0.0077,-0.0286,-0.0495,0.0321,,
401507292,20230806,2023,NY,LV,99,61,175.5,1.87,1.95,160,5.5,2.75,1.46,172.41679568961922,175.95374303118564,181.12859186918763,82.785,2,5,0,163.54,-2.11,165.28,0.1028,-0.0658,0.0399,0.1518,-0.094,,
401507293,20230806,2023,WSH,LA,83,91,155.5,1.9,1.91,174,-3.5,1.65,2.28,159.84682145549834,157.18709022801252,157.87472377862235,82.525,2,2,0,163.35,1.78,165.11,0.0324,-0.0085,-0.0122,-0.0062,-0.0007,,
401507294,20230806,2023,DAL,CHI,96,104,165.5,1.88,1.92,200,-8.5,1.23,4.18,169.24231982144366,171.26097722102386,169.62296339272777,82.595,2,2,0,162.63,0.93,165.29,-0.0649,-0.0683,0.0008,0.0821,-0.0189,,
401507295,20230808,2023,SEA,CON,69,81,159.5,1.87,1.93,150,7.5,3.74,1.28,160.18315820163537,157.5642897461216,163.5667068792623,82.865,3,4,0,161.02,2.16,165.57,0.0416,-0.0127,0.0417,-0.002,-0.0531,,
401507296,20230808,2023,IND,LA,80,87,157.5,1.91,1.89,167,-1.0,1.88,1.93,158.70369116191148,155.4265366757493,154.78572002096325,82.645,2,2,0,160.65,-0.77,165.39,-0.0032,-0.046,0.0377,0.0479,-0.0044,,
401507297,20230808,2023,CHI,MIN,79,88,164.5,1.89,1.91,167,-3.5,1.62,2.35,167.06600615658448,167.95739291249828,164.1247460259907,82.695,2,4,0,162.52,0.77,165.29,0.0368,0.11,-0.0144,0.0604,0.05,,
401507298,20230808,2023,DAL,LV,84,104,176.5,1.84,1.93,188,8.5,4.21,1.23,175.49647443795556,180.58677758518922,179.20936978645318,82.755,2,2,0,165.77,0.11,165.29,-0.1022,-0.0545,0.0261,0.2047,-0.0014,,
401507299,20230808,2023,PHX,WSH,91,72,157.5,1.76,2.03,163,-3.5,1.62,2.32,161.17422748921814,159.03661535228255,159.05608358475524,82.905,3,2,0,163.22,-3.6,165.56,0.0545,0.004,0.026,0.0547,-0.0307,,
401507300,20230810,2023,IND,MIN,91,73,162.5,1.85,1.93,164,3.5,2.18,1.7,160.6425285540729,158.17302437614134,156.61320116824444,83.08,2,2,0,161.11,0.41,165.59,0.0092,-0.0071,0.0277,0.0281,-0.0139,,
401507301,20230810,2023,PHX,CON,90,84,159.5,1.89,1.91,174,7.5,3.52,1.3,158.3460250545908,154.72658252035214,162.9999171475389,83.08,2,2,0,158.26,1.03,165.46,0.0804,0.0174,0.0345,-0.0297,-0.0532,,
401507302,20230810,2023,SEA,ATL,68,67,163.5,1.91,1.91,135,4.5,2.75,1.46,160.72133551217186,158.29879578597289,159.36814466056302,83.06,2,4,0,163.09,-1.15,165.53,0.03,-0.0016,0.0218,0.0669,-0.0835,,
401507303,20230811,2023,NY,CHI,89,73,166.5,1.85,1.91,162,-12.5,1.11,6.79,168.2888305409893,169.66309917178165,171.85452767789093,83.04,5,3,0,161.85,-2.03,165.27,0.132,-0.0557,0.0131,0.0631,-0.0838,,
401507304,20230811,2023,LV,WSH,113,89,168.5,1.85,1.95,202,-17.5,1.04,11.21,170.6598731519652,173.21202556936754,173.0511813312042,83.065,3,3,0,166.07,0.01,165.36,0.0445,0.0735,-0.0216,-0.0126,0.0269,,
401507305,20230812,2023,LA,ATL,85,74,162.5,1.78,1.98,159,-1.0,1.94,1.88,158.71080976040088,155.17836302451857,158.76083876921285,83.335,4,2,0,163.68,-0.91,165.51,-0.0237,0.019,-0.0146,0.0107,-0.0144,,
401507306,20230812,2023,DAL,CON,91,81,167.5,1.87,1.93,172,-2.5,1.65,2.27,168.00231968814222,169.18060080724922,170.90692322100392,83.18,4,2,0,162.6,3.68,165.55,-0.0055,-0.0246,-0.0053,0.0651,0.0046,,
401507307,20230813,2023,WSH,CHI,83,76,157.5,1.86,1.95,159,-4.5,1.7,2.17,169.0237274425967,170.6721955625539,164.39161398435522,83.29,2,2,0,166.33,1.84,165.42,-0.0082,-0.0693,-0.0167,-0.0703,-0.0256,,
401507308,20230813,2023,SEA,PHX,81,71,160.5,1.88,1.91,152,-2.5,1.69,2.2,157.8655408076153,153.98299398591766,157.83927137436274,83.14,3,3,0,161.83,1.48,165.43,-0.0561,-0.0747,0.0036,0.0414,0.022,,
401507309,20230813,2023,IND,NY,89,100,165.5,1.87,1.92,189,10.5,5.24,1.17,162.18908343081,160.5071229340071,165.64991168046936,83.045,3,2,0,158.71,-1.18,165.26,-0.1371,-0.0633,0.0341,-0.0328,0.0751,,
401507310,20230813,2023,LV,ATL,86,65,174.5,1.82,2.0,151,-16.5,1.05,10.91,169.17785682449534,172.07251095827638,173.83614445575967,83.15,2,1,1,165.87,1.85,165.49,0.0373,0.105,-0.0509,-0.022,-0.0598,,
401507376,20230815,2023,LV,NY,63,82,,,,145,,,,173.01534872372466,176.76197503403233,182.78117171144734,83.025,2,2,0,163.66,5.06,165.38,-0.1021,0.0141,-0.0348,-0.1371,0.0619,,
401507311,20230817,2023,LV,NY,88,75,174.5,1.9,1.91,163,-6.5,1.32,3.41,169.62078388988726,171.71077753062914,179.00305454030263,82.91,2,2,0,163.16,4.19,165.25,-0.1024,-0.0187,-0.0433,-0.1478,0.0474,,
401507312,20230818,2023,CON,DAL,75,95,168.5,1.91,1.91,170,-4.5,1.56,2.48,168.8962271640809,170.6365407265243,171.01623089890353,82.875,6,6,0,162.76,-2.91,165.18,0.0089,0.0335,0.0021,-0.0458,-0.0398,,
401507313,20230818,2023,IND,WSH,79,83,160.5,1.85,1.93,162,4.5,2.75,1.46,165.55472301732937,165.67247631776175,160.45520567925047,82.74,5,5,0,162.93,-4.57,164.91,-0.0161,0.0175,0.0394,0.0762,0.007,,
401507314,20230818,2023,ATL,CHI,78,67,161.5,1.91,1.9,145,-2.5,1.72,2.14,163.21977400255133,162.12519515755955,160.15352571782802,82.855,5,5,0,163.62,0.06,165.13,-0.0332,-0.0948,0.0025,-0.099,0.0742,,
401507315,20230818,2023,PHX,NY,63,85,163.5,1.87,1.91,148,11.5,6.52,1.12,161.39581177890878,160.50064717524288,166.2107648529192,82.865,5,1,1,159.07,0.33,166.09,-0.1143,-0.0335,0.0122,-0.0591,0.0217,,
401507316,20230818,2023,SEA,MIN,70,78,161.5,1.91,1.9,148,1.5,2.03,1.8,158.93128995286477,155.77372933736217,157.0275462140774,82.63,5,6,0,160.23,0.79,165.99,0.0198,-0.0142,0.0222,0.0384,-0.0411,,
401507317,20230819,2023,LV,LA,72,78,169.5,1.91,1.91,150,-16.5,1.05,10.98,166.45172183170925,167.1180493250779,170.4938861875151,82.475,2,6,0,164.55,1.94,165.84,0.0714,0.0036,-0.0391,-0.0227,-0.0803,,
401507318,20230820,2023,WSH,DAL,84,97,165.5,1.81,2.0,181,5.5,2.92,1.41,171.737490203769,175.04683232916776,169.7120646484152,82.485,2,2,0,165.26,0.14,165.58,0.0689,-0.0253,-0.0012,-0.1464,-0.034,,
401507319,20230820,2023,CHI,CON,73,79,158.5,1.78,2.01,152,5.5,3.0,1.4,164.5575048737733,164.2753327303728,163.66975048792568,82.475,2,2,0,160.69,1.09,165.67,0.0773,0.0293,0.0261,-0.0096,-0.0339,,
401507320,20230820,2023,PHX,IND,73,83,159.5,1.86,1.93,156,2.5,2.46,1.56,160.85337355597193,158.73892463685257,156.9989217016732,82.415,2,2,0,158.99,0.28,165.75,0.056,-0.0053,-0.0212,-0.0533,-0.0235,,
401507321,20230820,2023,MIN,SEA,74,88,159.5,1.9,1.91,162,-4.5,1.43,2.84,157.65837691303045,154.00035640362594,156.12479159266968,82.265,2,2,0,159.33,-1.22,165.87,-0.0238,0.011,-0.0194,-0.0366,0.0403,,
401507322,20230822,2023,ATL,LV,100,112,166.5,1.91,1.91,212,15.5,9.9,1.06,163.4573060039319,162.70300891085853,166.3421480686932,82.265,4,3,0,163.68,-1.81,166.02,-0.0755,-0.053,0.0386,-0.0155,0.0821,,
401507323,20230822,2023,WSH,CON,64,68,156.5,1.77,2.04,132,3.5,2.53,1.53,165.3799405882858,165.55836043582272,163.91053270918727,82.345,2,2,0,161.8,4.7,166.13,0.0722,-0.0034,0.0051,-0.1019,-0.0258,,
401507324,20230822,2023,CHI,SEA,102,79,158.5,1.95,1.86,181,-4.5,1.51,2.58,159.9031159952861,157.42163528146645,158.3887586305433,82.125,2,2,0,160.58,-0.4,165.86,0.0125,0.0039,-0.016,-0.014,0.0149,,
401507325,20230822,2023,MIN,DAL,91,86,169.5,1.91,1.9,177,6.5,3.03,1.39,169.39257233629823,171.6252735995607,167.756654716379,82.225,2,2,0,162.89,-4.46,165.96,0.0139,-0.039,0.0106,-0.083,-0.0198,,
401507326,20230823,2023,LA,PHX,91,62,153.5,1.87,1.95,153,-10.5,1.16,5.31,157.95560448911806,154.40514903630412,156.9923301072305,82.375,4,3,0,160.62,1.87,166.03,-0.0858,0.0917,-0.0052,-0.0703,0.088,,
401507328,20230824,2023,IND,SEA,90,86,161.5,2.02,1.79,176,-3.5,1.57,2.42,160.47506140657367,158.26309148493573,157.8037492393139,82.17,4,2,0,159.05,-1.19,166.19,-0.0153,-0.0015,0.0061,-0.029,0.0069,,
401507329,20230824,2023,CHI,LV,87,94,169.5,1.79,2.04,181,14.5,8.71,1.07,171.72625989928267,175.1425250494333,173.52067028869698,82.185,2,2,0,163.43,-3.91,166.35,-0.018,-0.0239,0.0264,0.0831,-0.0108,,
401507330,20230824,2023,DAL,MIN,81,90,166.5,1.91,1.91,171,-7.5,1.35,3.25,170.5761423001123,173.3977462396046,168.68098924474106,82.235,2,2,0,163.97,5.26,166.45,-0.017,0.0189,0.0026,0.0946,0.0099,,
401507331,20230825,2023,ATL,LA,78,83,160.5,1.91,1.9,161,1.5,2.05,1.78,160.43120529484236,158.1691385021723,160.62809688840392,82.245,3,2,0,161.41,1.93,166.58,0.015,-0.1156,-0.0059,-0.0234,0.0121,,
401507332,20230826,2023,WSH,LV,78,62,166.5,1.85,1.91,140,10.5,4.89,1.18,171.05848740012243,174.1272454565261,171.27865762248035,82.22,4,2,0,166.9,-1.69,166.72,0.0007,-0.0138,0.0385,0.0022,0.0253,,
401507333,20230826,2023,MIN,NY,76,111,167.5,1.92,1.87,187,9.0,4.41,1.21,164.01769490825816,163.6434198388032,167.43560580922963,82.0,2,6,0,159.9,-0.69,166.45,-0.1488,-0.0313,0.0124,-0.0345,0.1012,,
401507334,20230827,2023,CON,LA,83,68,157.5,1.91,1.89,151,-6.0,1.37,3.11,157.714028405264,154.11388689369613,161.85086484648673,82.185,5,2,0,158.02,-0.29,166.49,0.0317,-0.0552,-0.0006,0.0599,-0.0843,,
401507335,20230827,2023,IND,ATL,83,80,165.5,1.91,1.9,163,-1.5,1.96,1.84,163.85011054055272,163.3356469969176,160.26232725333475,82.15,3,2,0,160.85,-1.32,166.43,0.0376,0.0261,0.0193,0.1006,-0.0182,,
401507336,20230827,2023,PHX,DAL,74,77,164.5,2.04,1.78,151,7.5,3.95,1.25,167.18473424321638,168.29501300762706,163.8561477407856,82.27,4,3,0,162.64,-6.65,166.47,0.079,-0.0552,-0.0023,-0.0841,-0.0837,,
401507337,20230827,2023,SEA,CHI,85,90,160.5,1.85,1.91,175,1.0,1.94,1.86,164.54578145059372,164.34402457798782,161.88489449074007,82.245,3,3,0,161.13,-0.74,166.49,-0.0112,0.012,0.0168,0.0059,0.053,,
401507338,20230828,2023,NY,LV,94,85,173.5,1.85,1.93,179,-1.5,1.77,2.07,169.6839963450157,172.05699632009186,177.47913776227642,82.24,2,2,0,165.09,-3.99,166.24,0.0766,0.0581,0.0058,0.0702,-0.0503,,
401507339,20230829,2023,ATL,PHX,94,76,159.5,1.88,1.92,170,-8.5,1.25,4.05,159.3353006171609,156.4775822836315,155.27726508657435,82.37,2,2,0,158.68,3.39,166.37,-0.0731,0.0601,-0.0156,-0.0278,0.1103,,
401507340,20230829,2023,WSH,MIN,83,72,162.5,1.91,1.89,155,-6.5,1.31,3.47,164.04801695482715,163.51260244570454,160.06369932626254,82.47,3,3,0,162.19,2.56,166.53,0.0476,-0.0095,-0.0097,-0.0348,0.0054,,
401507341,20230829,2023,LA,CHI,75,76,159.5,1.85,1.93,151,-3.5,1.5,2.62,163.22936455929366,162.37218398078474,163.3250754713744,82.235,2,2,0,161.36,-2.51,166.27,-0.0562,0.0446,0.0025,-0.0812,0.0697,,
401507342,20230831,2023,CON,PHX,84,74,154.5,1.89,1.91,158,-14.5,1.07,8.77,157.09588173309066,153.19371599886486,156.68381574485056,82.165,4,2,0,156.88,2.01,166.23,0.0305,0.0697,-0.0102,0.0391,0.0131,,
401507343,20230831,2023,LV,WSH,84,75,167.5,1.85,1.95,159,-10.5,1.18,4.82,167.41507034355874,168.71946881978616,168.13571267420912,82.06,3,2,0,165.83,3.25,166.25,-0.0009,-0.0235,-0.0259,-0.0048,0.0034,,
401507344,20230831,2023,LA,SEA,61,72,158.5,1.87,1.91,133,-6.5,1.33,3.34,159.12121605804248,156.2932296996853,158.85108227219223,82.005,2,4,0,160.26,-1.93,166.25,-0.0482,0.0477,-0.0162,-0.0801,0.013,,
401507345,20230901,2023,IND,DAL,100,110,168.5,1.86,1.93,210,4.5,2.63,1.5,169.70912486709722,172.2260117204587,167.829362408134,81.89,5,5,0,163.54,-3.26,166.29,0.0386,0.0381,0.0041,-0.0672,-0.0205,,
401507346,20230901,2023,NY,CON,89,58,162.5,1.95,1.85,147,-7.5,1.3,3.58,161.74896382013108,161.3288826260113,170.86828965683722,82.07,4,1,1,160.3,2.93,166.59,0.1115,-0.0318,-0.0199,0.0185,-0.0747,,
401507348,20230902,2023,LV,SEA,103,77,169.5,1.87,1.95,180,-19.5,1.03,13.34,165.52239906478096,165.89970539021442,166.5264746895739,82.005,2,2,0,164.32,2.41,166.63,0.0264,0.0064,-0.0413,-0.1004,-0.0404,,
401507349,20230903,2023,CHI,NY,69,86,163.5,1.87,1.95,155,8.5,4.07,1.24,166.72880506651808,167.70082153723018,172.3183914353695,82.03,5,2,0,162.42,-0.12,166.79,-0.0974,-0.0257,0.0064,-0.0056,0.003,,
401507351,20230903,2023,MIN,PHX,86,73,157.5,1.91,1.89,159,-7.5,1.26,3.87,161.79309520478432,160.2936318423977,154.99998521900426,82.03,5,3,0,155.95,4.58,166.77,0.0469,0.0119,-0.0061,0.0583,0.0179,,
401507352,20230903,2023,LA,WSH,72,64,157.5,1.9,1.91,136,2.5,2.19,1.69,156.3254273836833,152.04872327730993,156.96164076218733,82.135,3,3,0,160.45,-1.01,166.83,-0.0683,0.0223,-0.0085,-0.0355,0.0174,,
401507353,20230905,2023,CON,LA,90,76,153.5,1.91,1.87,166,-9.5,1.19,4.7,152.58167163143415,146.47160716846093,155.8874594368499,82.025,4,2,0,157.75,-1.01,166.48,0.0263,0.0348,0.0148,0.0696,-0.0262,,
401507354,20230905,2023,IND,CHI,69,96,161.5,1.85,1.91,165,1.5,1.87,1.93,168.50706986754298,170.408915987237,164.23227028230008,81.925,4,2,0,163.73,1.16,166.45,-0.0221,0.0666,0.0029,0.037,0.0787,,
401507355,20230905,2023,DAL,NY,93,94,170.5,1.86,1.91,187,5.5,3.07,1.37,172.0885344875138,175.761233944683,178.40070817685304,81.985,4,2,0,165.88,3.4,166.43,-0.144,-0.01,0.0018,0.0796,0.0742,,
401507356,20230905,2023,PHX,WSH,77,100,155.5,1.91,1.87,177,6.5,3.37,1.32,157.10304084874568,153.18945374019862,153.21190800244767,82.205,2,2,0,155.62,-3.56,166.49,-0.1121,0.0346,0.0089,-0.0065,-0.0063,,
401507357,20230906,2023,ATL,SEA,79,68,163.5,1.87,1.94,147,-8.5,1.21,4.41,162.24196497604584,160.83596199761942,159.7593028766506,82.38,6,4,0,163.76,1.5,166.5,-0.0984,-0.01,-0.0401,-0.033,-0.0159,,
401507358,20230907,2023,NY,LA,96,89,159.5,1.84,1.96,185,-15.5,1.08,8.28,159.14996769455567,156.18631637060918,166.41515676370287,82.405,2,2,0,160.05,3.11,166.36,0.1175,-0.01,0.0011,0.1086,-0.0556,,
401507359,20230908,2023,CON,IND,76,59,158.5,1.85,1.91,135,-10.0,1.19,4.81,162.79657268207663,161.6551504574753,161.5013156612181,82.415,3,3,0,161.49,-3.55,166.46,0.0203,-0.0117,-0.0003,-0.0201,-0.0106,,
401507360,20230908,2023,WSH,ATL,75,80,162.5,1.91,1.89,155,-5.5,1.43,2.82,160.39636739733956,158.10747720140796,161.0768626299291,82.27,3,2,0,161.73,-3.09,166.05,0.13,0.0657,0.0119,-0.0581,-0.0466,,
401507361,20230908,2023,CHI,MIN,92,87,163.5,1.79,2.04,179,-4.5,1.53,2.52,165.4184073698477,165.66298320274632,163.07775674695617,82.22,3,5,0,162.79,0.13,166.15,0.0257,-0.0149,-0.0126,-0.0251,-0.0506,,
401507362,20230908,2023,DAL,SEA,106,91,167.5,1.79,2.04,197,-11.5,1.15,5.65,169.99632468703277,172.53884863067609,167.23091957189303,82.205,3,2,0,164.63,3.62,166.39,-0.0655,0.0038,-0.0243,0.0974,-0.0385,,
401507363,20230908,2023,PHX,LV,73,94,164.5,1.87,1.93,167,17.5,12.76,1.04,166.6642092435134,167.50446435345037,164.62847848465745,82.295,3,6,0,159.6,-7.13,166.41,-0.1307,0.0351,0.0346,0.0155,-0.0573,,
401507364,20230910,2023,ATL,DAL,77,94,171.5,1.87,1.91,171,-1.5,1.81,2.01,172.2230053317735,175.87862915104822,172.08340349558344,82.21,2,2,0,166.13,-2.34,166.33,-0.023,-0.0599,-0.0244,-0.1127,0.0177,,
401507366,20230910,2023,IND,MIN,87,72,163.5,1.88,1.91,159,2.5,2.15,1.72,166.0493607769982,166.5798643206536,160.01085675445665,82.3,2,2,0,163.05,-0.01,166.46,-0.0113,0.0138,-0.0015,-0.0092,0.0507,,
401507367,20230910,2023,NY,WSH,88,90,162.5,1.9,1.91,178,-9.5,1.18,4.92,163.92809797056793,163.3663998254122,169.92034649460373,82.38,3,2,0,160.68,3.38,166.3,0.0532,0.0053,0.0193,0.1054,0.0077,,
401507368,20230910,2023,LV,PHX,100,85,165.5,1.87,1.92,185,-19.5,1.02,16.17,166.64501827692263,167.4250179181053,164.8656306361917,82.43,2,2,0,160.42,5.93,166.39,0.1368,-0.0269,-0.024,-0.0318,0.0523,,
401507369,20230910,2023,SEA,LA,89,91,158.5,1.88,1.91,180,2.5,2.13,1.73,159.55611773734458,156.8183490059635,156.94689507878533,82.345,2,3,0,159.6,2.63,166.39,0.0481,-0.0129,0.0256,0.0707,0.0281,,
401578549,20230913,2023,CON,MIN,90,60,159.5,1.91,1.9,150,-9.5,1.21,4.5,159.28091244194982,156.38845698186432,159.65789129379107,82.39,5,3,0,161.75,-1.62,166.51,0.0179,0.0244,0.0012,-0.0238,0.037,,
401578550,20230913,2023,LV,CHI,87,59,170.5,1.82,2.01,146,-16.0,1.05,11.18,171.22161753071632,174.32141456789034,174.54670194732924,82.355,3,5,0,165.73,-1.25,166.2,0.0623,-0.0689,-0.0227,-0.0254,0.0853,,
401578551,20230915,2023,NY,WSH,90,75,162.5,1.85,1.93,165,-9.5,1.18,4.93,166.04527661821743,166.633759842871,170.72831184514337,82.14,5,5,0,159.85,3.77,166.0,0.0621,-0.0153,0.0209,0.1046,0.0038,,
401578552,20230915,2023,DAL,ATL,94,82,169.5,1.91,1.89,176,-6.5,1.37,3.1,172.3255475470779,176.02876623594335,171.9750631460251,82.22,5,5,0,167.22,2.2,166.03,0.0299,0.0333,0.0285,0.1059,-0.0223,,
401578553,20230917,2023,CON,MIN,75,82,158.5,1.89,1.91,157,-9.5,1.21,4.52,158.07067211018645,154.64161128367792,158.69210216441195,82.205,4,4,0,161.69,-1.48,166.22,0.025,0.0769,-0.0137,-0.0236,0.0164,,
401578554,20230917,2023,LV,CHI,92,70,170.5,1.91,1.89,162,-17.5,1.04,11.94,168.2501293054825,169.9182731111013,171.69203175259634,82.205,4,4,0,165.87,-0.77,165.97,0.052,-0.054,-0.0267,-0.0277,0.0926,,
401578556,20230919,2023,DAL,ATL,101,74,170.5,1.93,1.87,175,-6.5,1.33,3.36,173.05602575516687,177.11188961234902,172.3775568314226,82.255,4,4,0,169.39,1.8,165.93,0.0098,0.0101,0.0321,0.0966,0.0046,,
401578557,20230920,2023,MIN,CON,75,90,158.5,1.93,1.85,165,4.5,2.85,1.43,157.65827382961993,153.9964501553101,158.52289194797078,82.275,3,3,0,159.79,0.66,165.97,-0.0115,-0.0594,0.0072,0.0313,-0.0233,,
401578561,20230924,2023,NY,CON,63,78,162.5,1.87,1.92,141,-8.5,1.25,3.97,162.08390392297923,160.64752445165007,171.16297772351922,82.25,6,4,0,161.45,4.18,165.96,0.0703,-0.0743,-0.0041,0.0726,-0.0093,,
401578562,20230924,2023,LV,DAL,97,83,174.5,1.91,1.9,180,-10.0,1.17,5.2,176.29971208222022,182.00418640170494,183.23547032440052,82.19,6,5,0,167.55,-3.13,165.67,0.0915,-0.0016,-0.0485,-0.1291,0.0057,,
401578563,20230926,2023,NY,CON,84,77,161.5,1.91,1.85,161,-8.5,1.21,4.52,159.0951264779545,156.12277200648504,168.1466799511673,82.355,2,2,0,158.42,4.62,165.87,0.0712,-0.068,0.0072,0.0496,-0.0164,,
401578564,20230926,2023,LV,DAL,91,84,175.5,1.91,1.89,175,-10.5,1.16,5.48,177.17992127027745,183.31576776153446,182.91192329196048,82.215,2,2,0,166.2,-2.94,165.89,0.0893,-0.0044,-0.0291,-0.0902,-0.0217,,
401578565,20230929,2023,CON,NY,81,92,159.5,1.91,1.89,173,3.5,2.5,1.55,159.4327516110341,156.71949480583658,167.43201195605056,82.115,3,3,0,157.46,-3.8,166.13,-0.0755,0.0695,-0.0214,-0.058,0.0168,,
401578566,20230929,2023,DAL,LV,61,64,174.5,1.91,1.91,125,6.5,3.32,1.34,177.40050537890838,183.671190985381,182.1207309627644,82.15,3,3,0,165.1,2.91,166.25,-0.0842,0.015,0.0156,0.0914,-0.0236,,
401578567,20231001,2023,CON,NY,84,87,160.5,1.91,1.89,171,5.5,2.85,1.43,161.1885840207404,159.38454532525293,167.98881076044552,82.035,2,2,0,157.37,-3.32,165.91,-0.0793,0.0379,-0.0221,-0.0604,0.0094,,
401578571,20231008,2023,LV,NY,99,82,171.5,1.91,1.87,181,-5.5,1.5,2.62,167.18339312595035,168.32864004796534,175.87979196577675,82.175,6,6,0,161.05,0.1,166.03,-0.0307,-0.0005,-0.0094,-0.0738,0.0475,,
401578572,20231011,2023,LV,NY,104,76,171.5,1.9,1.9,180,-5.0,1.48,2.66,169.05057783959603,171.10077604316876,176.39181276919905,82.255,3,3,0,160.83,0.15,166.23,-0.0371,0.0136,-0.0065,-0.0617,0.0617,,
401578573,20231015,2023,NY,LV,87,73,172.5,1.91,1.87,160,2.5,2.09,1.75,170.48625789251435,173.18969843885188,176.75263149227914,82.43,4,4,0,160.34,-0.46,166.09,0.0493,-0.0433,0.0071,0.0491,-0.0466,,
401578574,20231018,2023,NY,LV,69,70,168.5,1.89,1.91,139,-3.5,1.4,3.0,169.18067703038773,171.19472859496668,175.07736834305123,82.525,3,3,0,159.72,-1.11,166.05,0.0635,-0.0302,0.0019,0.0308,-0.044,,
401649378,20240503,2024,MIN,CHI,92,81,,,,173,,,,163.97238450313546,163.7097769185889,160.87107719299547,82.41,3,3,0,161.98,-4.19,165.79,0.0116,-0.0587,0.0039,0.0232,0.0588,,
401653060,20240503,2024,DAL,IND,79,76,,,,155,,,,167.32939662597607,168.92889823218863,166.67779571741957,82.475,3,3,0,166.53,2.03,165.81,0.0004,-0.0373,-0.0184,0.0699,-0.0465,,
401647556,20240504,2024,SEA,LA,79,84,,,,163,,,,162.97120536781634,162.13050846322028,161.47932334254406,82.47,3,3,0,161.61,2.87,165.63,0.0593,0.0224,0.0335,0.0319,0.0276,,
401653631,20240504,2024,ATL,WSH,87,84,,,,171,,,,163.7475710106611,163.3847978390791,161.9590818619045,82.32,3,3,0,163.87,5.43,165.67,-0.0803,0.0009,0.0199,0.0204,0.0883,,
401649379,20240507,2024,CHI,NY,101,53,,,,154,,,,165.26691912457574,165.71380420955472,164.58271661045745,82.465,4,3,0,162.59,3.45,165.65,-0.0805,0.0372,0.0304,-0.024,-0.0177,,
401649380,20240507,2024,SEA,PHX,85,59,,,,144,,,,164.53452915452294,164.61980320030224,159.38804699524343,82.295,3,3,0,159.69,4.85,165.61,0.1014,0.0173,0.0112,0.0095,0.0833,,
401653632,20240508,2024,WSH,MIN,77,83,,,,160,,,,164.31202413668723,164.28839885522498,162.3432770727531,82.24,4,5,0,159.79,1.34,165.41,0.0314,-0.0115,-0.0392,-0.0185,-0.0184,,
401649560,20240509,2024,CON,NY,79,82,,,,161,,,,161.99812837951032,160.67816726755697,161.9265180031893,82.24,3,2,0,158.16,-2.03,164.67,-0.0597,0.0734,-0.039,-0.0096,-0.0352,,
401653633,20240509,2024,IND,ATL,83,80,,,,163,,,,164.62558940271805,164.7962574166615,161.96371715509332,82.175,6,5,0,166.59,-2.72,164.71,0.0174,0.0196,-0.0003,0.0058,0.0159,,
401653634,20240510,2024,PHX,LA,85,98,,,,183,,,,161.63044794017367,160.17611942472075,157.58708087630978,81.99,3,6,0,157.21,-2.46,164.88,-0.0439,-0.0003,-0.0043,-0.047,-0.0622,,
401620178,20240514,2024,WSH,NY,80,85,163.5,1.85,1.95,165,10.5,6.04,1.13,163.47226483980984,163.0025245996383,161.5123315461022,82.155,6,5,0,159.77,2.66,164.82,-0.0143,-0.0021,-0.0366,-0.03,0.0156,9.459884124291493,0.6330312290789143
401620219,20240514,2024,CON,IND,92,71,166.5,1.91,1.91,163,-8.5,1.35,3.22,161.76927740480116,160.34832118286457,161.91786251611663,82.145,5,5,0,160.56,-5.45,164.9,0.0053,0.0324,-0.0428,0.0216,-0.136,-1.4103272660665123,0.7225755857526599
401620220,20240514,2024,LV,PHX,89,80,168.5,1.81,1.95,169,-16.5,1.05,10.04,164.69242062182047,164.91485446666223,162.82455642955227,82.125,3,4,0,158.78,2.72,165.03,0.0549,-0.0385,-0.0118,0.0404,0.0695,2.816009834507464,0.986648087854927
401620221,20240514,2024,SEA,MIN,70,83,164.5,1.88,1.93,153,-7.5,1.27,3.76,163.57669122305293,163.2012656221563,162.36613378306583,82.03,6,6,0,162.22,2.41,165.21,0.0153,0.0282,-0.0042,0.007,0.0034,-8.783839692786671,0.6630803915891653
401620222,20240515,2024,DAL,CHI,87,79,160.5,1.8,2.0,166,-12.5,1.27,3.77,166.75375898204285,168.1725766142583,168.14243812004094,81.98,6,6,0,166.64,1.06,165.29,-0.0151,-0.0644,-0.0307,0.0531,0.0267,9.05900384320286,0.7215627817035277
401620223,20240515,2024,LA,ATL,81,92,156.5,1.56,2.21,173,5.5,2.54,1.53,164.9404667998723,165.34054163604836,163.9820850701082,81.99,5,6,0,165.59,-4.66,165.17,0.0492,-0.0027,0.0152,0.0467,0.0408,5.47946756321012,0.49854446462290986
401620224,20240516,2024,IND,NY,66,102,170.5,1.95,1.85,168,5.5,3.71,1.29,163.73276052602523,163.45766302248163,160.7725386097892,81.985,2,2,0,162.45,3.14,165.23,-0.0605,0.0369,0.0151,-0.0214,0.0858,7.765831933879529,0.4925906151534377
401620225,20240517,2024,CON,WSH,84,77,157.5,1.87,1.94,161,-9.5,1.23,4.12,161.9495121897951,160.62809818177092,163.11463604620775,82.15,3,3,0,160.62,-3.42,165.25,-0.0582,0.0791,-0.0069,0.034,-0.0298,9.749968265778493,0.8301535957319327
401620227,20240518,2024,NY,IND,91,80,168.5,1.87,1.94,171,-14.5,1.09,7.5,164.10646698924918,163.9948967202335,161.49528474881026,82.145,2,2,0,162.38,-1.0,165.22,0.0557,-0.0268,-0.022,0.0521,-0.075,8.79086036713686,0.7879553680878019
401620228,20240518,2024,LV,LA,89,82,167.5,1.75,2.01,171,-19.5,1.04,11.36,165.54642836712554,166.2859868162062,168.12123190344045,81.99,4,3,0,162.54,-0.11,165.13,0.0198,-0.0429,-0.0282,-0.0429,-0.0079,2.385380536076035,0.9451944550243535
401620229,20240518,2024,DAL,CHI,74,83,164.5,1.88,1.91,157,-5.5,1.48,2.68,166.6683851772181,168.0193189528325,167.92819430803684,82.05,3,3,0,166.26,1.42,165.25,-0.0234,-0.0405,-0.0232,0.0494,-0.0087,4.256065717513884,0.6875396994020668
401620230,20240518,2024,PHX,ATL,88,85,170.5,1.92,1.87,173,-1.5,2.13,1.71,165.88649510268567,166.82086967623337,160.20474544625398,81.975,4,3,0,164.3,-5.13,165.35,0.0508,0.0112,-0.001,-0.0287,-0.0663,0.012925618861842,0.41438320911861226
401620231,20240519,2024,WSH,SEA,75,84,160.5,1.87,1.91,159,4.5,2.73,1.45,162.31371831149238,161.22642808019654,160.47545808818984,82.045,2,5,0,168.74,-4.89,165.38,0.0649,0.0191,-0.0291,-0.0111,-0.0629,10.196386645821342,0.5785393641000705
401620232,20240520,2024,IND,CON,84,88,163.5,1.89,1.91,172,4.5,2.79,1.43,162.64934464686937,161.74005851110505,160.98830254992748,82.08,2,3,0,160.96,4.25,165.09,0.012,-0.0187,0.0621,-0.0324,0.0593,1.1605796365624106,0.34542509199325855
401620233,20240520,2024,NY,SEA,74,63,165.5,1.89,1.91,137,-12.5,1.08,8.04,161.26447426190043,162.6110992891865,164.36894554383508,81.995,2,1,1,168.32,-5.54,165.1,0.0917,0.0345,-0.0089,0.0088,-0.0679,8.904594587695062,0.3541313691300085
401620234,20240521,2024,ATL,DAL,83,78,168.5,1.87,1.91,161,-5.5,1.39,2.99,167.57489592794568,169.46950369769007,166.83193435693664,81.925,3,3,0,169.45,0.35,164.97,0.0059,0.0461,-0.0067,-0.1005,0.0604,1.851423147162624,0.5861648030027095
401620235,20240521,2024,LV,PHX,88,98,171.5,1.81,2.0,186,-14.5,1.08,7.84,166.28467566512552,167.43353211799644,164.7978907079373,82.005,3,3,0,162.05,0.75,164.78,0.0443,-0.0528,-0.0096,0.0323,0.0468,0.8982577192619703,0.8890991540975308
401620236,20240521,2024,LA,WSH,70,68,158.5,1.91,1.89,138,-3.5,1.73,2.1,164.29299787344442,164.29309174666864,162.2908281983166,82.12,3,2,0,164.44,-0.2,165.03,-0.0625,0.0225,0.0158,0.0636,0.0557,10.130951858507299,0.7114772487230809
401620237,20240522,2024,SEA,IND,85,83,163.5,1.85,2.04,168,-5.5,1.38,3.03,161.92310279567914,160.64132569852558,157.7605609705724,81.96,2,2,0,168.02,3.86,164.75,-0.014,-0.0257,-0.0116,0.0066,0.0204,0.9316028441460178,0.7431670787574953
401620239,20240523,2024,NY,CHI,81,90,165.5,1.76,2.01,171,-16.5,1.06,9.75,162.74616389954122,161.9169035490188,165.63266477779746,81.99,3,5,0,164.62,-2.18,164.91,0.1047,-0.037,0.0115,-0.0419,0.013,-8.444711687449274,0.6647863266469555
401620240,20240523,2024,PHX,WSH,83,80,161.5,1.63,2.13,163,-6.5,1.33,3.29,164.0048500691774,163.84351215707156,159.4116491738418,82.12,2,2,0,163.45,-0.6,164.91,-0.0315,0.0682,-0.032,-0.0122,-0.0044,16.22971546258076,0.7089221535990475
401620241,20240524,2024,LA,IND,73,78,163.5,1.78,2.03,151,1.5,2.04,1.78,164.17291448768665,164.08424639148586,160.62070076624076,82.195,3,2,0,162.87,1.21,164.87,0.0158,0.0575,0.0064,-0.0045,0.0481,-10.899255114549055,0.59174649312589
401620242,20240525,2024,MIN,NY,84,67,165.5,1.8,1.95,151,6.5,3.35,1.33,162.75872140128223,161.87346915767927,164.12812880080878,82.21,6,2,0,167.27,3.88,164.85,-0.0376,0.0104,0.0071,-0.0517,0.0323,3.0616944101589527,0.5689211397370757
401620243,20240525,2024,CHI,CON,82,86,158.5,1.8,1.99,168,5.5,2.72,1.46,163.04264209675267,162.31502101097885,166.45132348168687,82.215,2,5,0,163.61,2.68,164.88,0.0082,-0.0009,0.0309,0.0386,-0.0156,1.3329348686424178,0.6502631794971783
401620244,20240525,2024,LV,IND,99,80,172.5,1.74,1.99,179,-15.5,1.06,9.4,164.60883379785497,167.7846957224492,165.5183825621929,82.15,4,1,1,163.13,1.35,164.74,0.0553,0.0232,-0.0424,-0.0269,0.0318,4.883783427623393,0.4543576050843052
401620245,20240525,2024,SEA,WSH,101,69,159.5,1.9,1.91,170,-8.5,1.23,4.07,159.13215860070528,156.1936760704633,158.15560894629039,82.285,3,2,0,167.7,2.33,164.63,-0.1069,-0.0344,-0.0092,0.048,0.0191,-7.471179096626264,0.7330378201245258
401620246,20240525,2024,PHX,DAL,92,107,166.5,1.78,2.01,199,-4.5,1.49,2.63,167.01824811661504,168.47781045281965,164.46616029016576,82.355,2,4,0,166.47,-1.81,164.66,0.1233,0.0606,-0.0188,-0.1218,0.0241,11.96626001569282,0.571503932480765
401620247,20240526,2024,ATL,MIN,79,92,164.5,1.81,2.04,171,-4.5,1.54,2.48,161.6622072919201,163.07552275776757,164.3704843335485,82.54,5,1,1,168.32,-0.78,165.0,-0.0689,0.0394,-0.031,0.0284,0.0458,8.84622714099114,0.18515688709380984
401620248,20240526,2024,LA,DAL,83,84,160.5,1.74,2.16,167,1.5,1.75,2.07,163.68535077616409,166.29084096025824,166.21873278545172,82.335,2,1,1,166.89,-2.44,165.19,0.0746,0.0117,0.0299,-0.1013,0.0782,2.0872728317282716,-0.06836595416624425
401620249,20240528,2024,CON,PHX,70,47,164.5,1.74,2.13,117,-7.5,1.27,3.73,166.86260522200507,168.1905648008038,165.36908174410854,82.51,3,3,0,163.93,-4.33,165.2,-0.14,-0.0259,-0.0086,0.1035,0.0169,-0.1404646564320415,0.7233992838853938
401620250,20240528,2024,IND,LA,82,88,165.5,1.91,1.88,170,-5.5,1.43,2.82,163.77455305431914,163.46413957710354,159.992767620655,82.19,3,2,0,163.85,-1.41,165.01,0.0035,-0.0235,-0.0141,-0.0134,-0.0654,-6.939761976616429,0.5163926430886651
401620251,20240528,2024,CHI,SEA,68,77,163.5,1.85,1.94,145,2.5,2.08,1.74,162.52376966607824,161.52264495236574,164.77755653248516,82.155,3,3,0,166.58,-2.57,165.21,-0.0294,0.0236,-0.014,0.026,0.0022,11.248295999844082,0.6799189561228323
401620252,20240529,2024,NY,PHX,81,78,168.5,1.67,2.16,159,-13.5,1.08,8.13,161.30047228256993,162.63288640427302,159.71065733449498,82.115,4,1,1,165.44,-2.43,165.09,-0.0391,-0.0109,0.0191,0.0296,-0.0334,1.321332192174028,0.3766611669999362
401620253,20240529,2024,WSH,ATL,67,73,162.5,1.78,2.0,140,3.5,2.25,1.65,164.23437730559334,164.22741343481923,160.19775839878133,82.03,4,3,0,164.99,-0.08,165.09,0.0871,-0.0458,0.0255,-0.0039,-0.0582,-1.1890169761426606,0.30726811966241446
401620254,20240529,2024,MIN,LV,66,80,169.5,1.88,1.91,146,4.5,2.54,1.51,166.7757334488009,168.25126750359382,170.16746794330373,81.825,3,4,0,166.09,1.17,164.98,-0.0164,0.0323,0.0546,-0.0066,0.0015,-3.4849277003006036,0.4768957064827949
401620255,20240530,2024,IND,SEA,88,103,167.5,1.9,1.9,191,2.5,2.84,1.43,162.8380453137574,162.14334174147913,160.68732172416918,81.7,2,2,0,165.92,-2.85,164.67,0.0646,-0.0088,-0.01,-0.0266,-0.0054,-9.10527937736174,0.33796710007045033
401620256,20240530,2024,CHI,LA,83,73,160.5,1.91,1.91,156,-4.5,1.52,2.54,162.81586642246825,162.0657643350432,163.10597001365696,81.85,2,2,0,164.9,-1.23,164.99,-0.0893,-0.0355,-0.0186,0.0581,-0.0929,9.252436799092006,0.7781843826335988
401620257,20240531,2024,ATL,LV,78,74,170.5,1.78,2.0,152,8.5,3.99,1.25,165.87157027753813,166.8104752814965,168.15286089114755,81.93,2,2,0,165.23,0.36,164.78,-0.0933,0.0289,0.038,0.0092,0.0311,-0.8430048456033391,0.4306833739745861
401620258,20240531,2024,CON,DAL,74,72,160.5,1.85,1.93,146,-8.5,1.25,3.91,163.95859462897454,163.8759102831178,167.67531197472857,81.755,3,5,0,164.03,-2.36,164.76,0.0227,0.0119,-0.0119,-0.0548,0.0288,-5.236968925446113,0.6322909869393242
401620259,20240531,2024,NY,WSH,90,79,160.5,1.91,1.9,169,-15.5,1.09,7.27,159.9316278991256,157.60003984718077,157.91345499027292,81.73,2,2,0,163.72,-1.64,164.67,0.0037,-0.0261,-0.0029,0.0232,0.0199,-0.3758097453639708,0.8733578555678092
401620260,20240531,2024,MIN,PHX,95,71,164.5,1.88,1.91,166,-6.5,1.32,3.33,162.81865274490013,162.0958954797401,159.50197942750157,81.76,2,2,0,165.54,0.3,164.63,-0.0606,0.0503,0.017,-0.0146,-0.0021,12.455418066824548,0.8805200931827372
401620261,20240601,2024,IND,CHI,71,70,166.5,1.86,1.91,141,1.5,1.97,1.82,166.01715775613349,167.06484286657067,162.35889225828598,81.835,2,2,0,163.41,0.15,164.41,0.1016,-0.0101,-0.0046,-0.0658,0.0071,-10.621380162082133,0.2756390845037636
401620262,20240602,2024,ATL,CON,50,69,159.5,1.91,1.87,119,2.5,2.16,1.7,159.21680723377978,156.50337004460002,162.26545749278318,81.665,2,2,0,162.01,2.98,164.35,0.0432,0.0944,0.0189,-0.0837,0.0235,-1.032494490438227,0.6136291501017811
401620263,20240602,2024,NY,IND,104,68,164.5,1.81,2.04,172,-15.5,1.08,8.03,162.95316831364568,165.4263531733019,161.5673770702159,81.365,2,1,1,162.13,0.42,164.03,0.0574,-0.019,0.0197,0.0121,0.0239,4.297128167381375,0.41148711761251716
401620264,20240602,2024,MIN,DAL,87,76,162.5,1.87,1.92,163,-7.5,1.35,3.19,165.07800611025232,165.7313253006186,166.72940636362938,81.375,2,2,0,163.34,0.97,164.06,0.1401,0.0581,0.0107,-0.124,0.0275,-0.06661266034268319,0.4880392673237358
401620265,20240602,2024,PHX,LA,87,68,163.5,2.0,1.84,155,-4.5,1.48,2.67,163.96695979753383,163.9863674704888,158.2545140925193,81.415,2,3,0,165.15,-1.44,163.89,0.092,-0.0344,-0.0282,-0.0199,-0.1099,-1.4555726254418022,0.4788158673428808
401620266,20240604,2024,CON,WSH,76,59,152.5,1.91,1.87,135,-14.5,1.09,7.52,155.53169199697564,150.8195996147876,156.95753764175984,81.435,2,4,0,161.56,-2.19,163.84,-0.1197,-0.0294,-0.0338,0.0762,0.043,0.06804731848332274,1.0648946917508808
401620267,20240604,2024,CHI,NY,75,88,161.5,1.63,2.1,163,6.5,4.01,1.24,161.82177560245418,160.66658257666006,164.9248422246416,81.32,3,2,0,162.79,0.17,163.65,-0.1746,-0.0076,0.0048,0.07,-0.0228,3.5304743800730503,0.7030440684680408
401620268,20240604,2024,SEA,PHX,80,62,163.5,1.91,1.91,142,-7.5,1.43,2.85,163.6513263062492,163.51539013793837,161.90504158862586,81.34,5,2,0,166.31,2.16,163.57,-0.1636,-0.016,-0.0095,0.0251,-0.0249,14.550495296920023,0.9117303209409244
401620269,20240605,2024,DAL,LV,81,95,166.5,1.81,1.95,176,7.5,4.21,1.23,167.0905065803069,168.86844318423988,168.94821531570238,81.385,3,5,0,165.29,-0.76,163.62,-0.1477,-0.0111,0.052,0.1313,-0.044,2.287590223396698,0.4706899475999882
401620270,20240605,2024,LA,MIN,62,86,156.5,1.95,1.85,148,7.5,3.52,1.3,161.9658363079826,160.9214328983294,162.13510092707116,81.215,3,3,0,165.34,-0.43,163.71,-0.0136,-0.0229,0.0331,0.0044,0.1228,7.807537873653169,0.4442689939852583
401620271,20240606,2024,WSH,CHI,71,79,155.5,1.87,1.92,150,3.5,2.33,1.61,158.66707141868858,155.77313714216697,155.3099619081384,81.22,2,2,0,162.28,-1.75,163.35,0.1735,0.005,0.0264,-0.0938,-0.0449,-7.9446933315195345,0.2653358317908374
401620272,20240606,2024,ATL,NY,61,78,163.5,1.9,1.91,139,6.5,3.09,1.37,161.03734942767647,159.5143115708103,162.57656196675066,81.07,4,2,0,163.1,-0.87,163.29,-0.1262,0.0349,0.0008,-0.0391,0.0293,6.328610161999731,0.4880376280249603
401620273,20240607,2024,WSH,IND,83,85,161.5,1.91,1.88,168,1.5,2.44,1.56,160.4191225787411,161.58006745152298,153.14625341494315,80.99,1,5,1,162.43,0.57,163.07,0.0081,-0.001,0.0492,-0.0196,0.007,0.30082585273577106,0.7362495712851289
401620274,20240607,2024,LV,SEA,65,78,166.5,1.91,1.91,143,-10.5,1.28,3.64,164.3966220283584,164.76560845385995,169.33254647877902,81.035,2,3,0,167.61,-1.15,163.13,0.1015,-0.0125,-0.0347,-0.0373,0.0028,1.8105864297921157,0.6683111898584886
401620275,20240607,2024,LA,DAL,81,72,160.5,1.89,1.91,153,2.5,2.39,1.57,164.81294395829394,165.40514333986647,160.7740325668318,81.07,2,2,0,165.07,0.25,163.07,0.1106,0.0322,0.0201,-0.1076,0.1148,6.115104693550538,0.44358355002925054
401620276,20240607,2024,PHX,MIN,81,80,161.5,1.89,1.91,161,4.5,2.77,1.44,161.2572224584032,159.87598780473058,160.18294300264864,81.005,3,2,0,165.23,-0.01,162.83,0.052,-0.0753,-0.0064,-0.0075,0.0322,-4.597037889231273,0.19812487638222898
401620277,20240608,2024,CON,NY,75,82,154.5,1.93,1.87,157,1.5,2.13,1.72,155.10820698984153,150.28778064551804,163.52322917306796,80.985,4,2,0,160.55,-3.06,162.9,-0.1571,-0.0083,-0.0029,0.0269,0.065,-0.9017811695546513,0.5927898823546341
401620278,20240608,2024,CHI,ATL,80,89,158.5,1.85,1.91,169,1.5,1.99,1.8,157.5083688103686,154.07558097770263,156.28091359804614,80.835,2,2,0,163.18,3.0,162.98,-0.0884,-0.046,-0.0,0.1089,-0.0204,2.7774880799256434,0.8606030640890969
401620279,20240609,2024,NY,WSH,93,88,156.5,1.91,1.87,181,-14.5,1.06,8.98,157.48090586975974,157.05161057757923,159.3452621004186,80.795,1,2,1,162.51,-0.82,163.02,0.0385,0.0118,-0.0433,-0.0197,0.0131,6.681189598819244,1.1247041267083464
401620281,20240609,2024,MIN,SEA,83,64,157.5,1.91,1.87,147,-2.5,1.87,1.92,159.6269262863441,157.34379477339056,165.28997466426802,80.965,2,2,0,167.52,-2.42,163.26,0.11,0.0661,0.0049,-0.0163,-0.0594,7.638265815689327,0.581765801566182
401620282,20240609,2024,LA,LV,96,92,159.5,1.75,2.05,188,10.5,5.25,1.16,162.5012838302104,161.88291348273017,162.15874891756076,80.775,2,2,0,166.53,-1.02,163.27,-0.0428,-0.0076,0.0571,0.0299,0.0525,17.38021019766174,0.4230420418827024
401620283,20240610,2024,CON,IND,89,72,158.5,1.85,1.95,161,-10.5,1.16,5.29,159.10914965954072,156.51445270975768,158.1572722287914,81.04,2,3,0,160.16,-1.82,163.54,-0.1446,-0.0347,-0.0009,0.0446,0.0922,1.2380246544255056,1.0424981635191852
401620284,20240611,2024,ATL,WSH,68,87,155.5,1.82,1.94,155,-7.5,1.33,3.32,158.81489291853995,156.04674711090894,154.37571829368403,81.07,3,2,0,161.34,-1.72,163.63,-0.1048,-0.0021,-0.036,0.0085,0.0744,-5.22729599325514,0.8725159273815917
401620285,20240611,2024,LV,MIN,86,100,164.5,1.78,1.99,186,-7.5,1.32,3.37,163.64936094056435,163.62405355890118,167.9267711618482,80.95,2,2,0,165.24,1.85,163.66,0.0068,-0.0874,-0.0461,-0.0401,0.0487,5.084427756465505,0.5344487061659333
401620286,20240611,2024,SEA,LA,95,79,157.5,1.91,1.9,174,-11.5,1.14,5.67,160.11283567039783,158.1219838716075,160.27708006179773,80.895,2,2,0,166.81,1.29,163.69,-0.0617,0.0001,-0.0339,0.0124,-0.0724,-2.6882112682643053,0.8101594814554663
401620287,20240612,2024,CHI,CON,75,83,152.5,1.82,1.95,158,7.5,3.64,1.29,155.73700071753984,151.28460623998606,160.11499282218807,80.93,4,2,0,161.02,4.92,163.84,-0.051,-0.0461,0.0208,0.0122,-0.0383,0.6736045889383169,0.5554634522629833
401620288,20240613,2024,IND,ATL,91,84,161.5,1.75,2.05,175,2.5,2.15,1.71,162.43915784468777,161.76019825103305,154.92504304948847,80.865,3,2,0,158.38,0.85,163.85,0.1003,0.0133,0.0075,0.0077,-0.0472,-0.9350257329494291,0.4500976547257183
401620289,20240613,2024,DAL,SEA,84,92,160.5,1.91,1.88,176,6.5,3.33,1.33,163.4292558374794,163.28206931434158,164.13657330686522,80.945,6,2,0,167.43,2.01,163.94,-0.0437,-0.0575,0.0411,0.0692,-0.0275,3.6082017260893684,0.419794426126667
401620290,20240613,2024,PHX,LV,99,103,168.5,1.8,1.97,202,5.5,2.93,1.4,166.36823566223705,167.87044663101278,162.54169933776944,80.935,6,2,0,168.05,1.58,163.7,0.0142,-0.027,0.0474,0.0473,-0.0352,-8.501270247745367,0.41653589511512695
401620291,20240614,2024,WSH,CHI,83,81,157.5,1.8,1.95,164,1.5,2.23,1.66,160.00628476984866,157.919928093244,157.3577217741418,81.02,3,2,0,162.21,-0.96,164.17,0.2007,0.0631,0.0006,-0.0872,-0.0707,-8.329086205088208,0.4168454837193407
401620292,20240614,2024,MIN,LA,81,76,159.5,1.87,1.95,157,-13.5,1.1,7.33,163.52524967364513,163.43327512459396,164.21703971825139,80.94,3,3,0,162.22,-2.22,164.05,0.0422,0.1303,-0.0275,-0.0338,-0.1052,13.260218316493438,0.9901638642962547
401620293,20240615,2024,DAL,CON,67,85,157.5,1.94,1.86,152,6.5,3.38,1.32,160.2970234643812,158.38644199937772,162.69660653708556,80.975,2,3,0,162.5,6.07,163.92,0.0002,-0.0147,0.0411,0.0314,-0.1138,-4.3043494970935745,0.44476560863918707
401620294,20240615,2024,LV,NY,82,90,169.5,1.61,2.16,172,-2.5,1.7,2.15,169.15507252168533,172.198525535607,171.60686974925187,81.005,2,6,0,163.73,2.19,163.91,-0.004,0.021,-0.0328,-0.0415,0.0422,-4.7669301548010194,0.5757828381897467
401620295,20240616,2024,PHX,SEA,87,78,163.5,1.79,2.02,165,2.5,2.3,1.63,164.09688532701057,164.29651497500328,162.58023629314687,81.04,3,3,0,166.89,2.99,163.83,0.1195,-0.0318,0.0319,-0.0489,0.0288,-1.0840984937340385,0.30857393376185344
401620296,20240616,2024,IND,CHI,91,83,164.5,1.6,2.21,174,-2.5,1.71,2.15,164.79650662936731,165.4038485500131,159.26015652338313,80.985,3,2,0,161.61,-1.13,163.75,0.2016,0.035,-0.0266,-0.0529,-0.0403,-1.4214297418032822,0.30022567107542736
401620297,20240616,2024,ATL,LA,87,74,158.5,1.72,2.1,161,-5.5,1.45,2.75,161.2781116374071,159.88995828349837,156.59327365018157,81.07,3,2,0,161.24,-4.19,163.71,-0.0335,0.0238,-0.044,-0.0137,-0.0257,1.1315642610532843,0.7037173588804456
401620298,20240617,2024,MIN,DAL,90,78,160.5,1.91,1.88,168,-15.5,1.07,8.63,164.33712523833702,164.6641846064326,165.003649806625,81.065,3,2,0,162.47,-3.02,163.64,0.1501,0.1727,-0.0203,-0.1029,-0.0102,11.942625675614087,0.9409288822772917
401620299,20240618,2024,CON,LA,79,70,153.5,1.87,1.91,149,-13.5,1.08,8.07,157.39783568514088,153.84725789722518,159.5923128698667,81.03,3,2,0,160.14,-4.39,163.69,-0.097,0.0128,-0.0324,0.0329,0.0178,-1.640300032136312,0.9454757811261358
401620300,20240618,2024,PHX,NY,99,93,166.5,1.57,2.28,192,5.5,2.83,1.43,165.79221428993299,166.9674180236295,165.51359006790466,80.95,2,3,0,165.38,3.96,163.75,-0.0348,-0.0455,0.0181,-0.0226,0.0067,5.983227865331827,0.4066675312503807
401620301,20240619,2024,IND,WSH,88,81,166.5,1.86,1.91,169,-5.5,1.46,2.76,164.94605982605577,165.57416025494422,159.1064568655442,81.205,3,5,0,161.33,-1.49,163.78,-0.0254,0.0111,-0.0251,0.02,0.0297,-3.945193834180489,0.589555548444254
401620302,20240619,2024,MIN,ATL,68,55,161.5,1.87,1.95,123,-10.5,1.22,4.4,160.78089542942428,159.09126296356823,163.10600729733915,81.15,2,3,0,157.73,0.97,163.9,0.0828,0.0865,0.0092,-0.0379,-0.0478,5.213385652797154,0.812541900175942
401620303,20240619,2024,LV,SEA,94,83,169.5,1.75,2.13,177,-6.5,1.34,3.24,168.46780688175443,171.13911843591976,168.95480537025423,80.96,4,3,0,165.19,0.49,163.63,0.1282,0.0315,-0.0027,-0.076,0.0441,-1.2115431912765884,0.5103565315411555
401620304,20240620,2024,CHI,DAL,83,72,160.5,1.78,2.0,155,-6.5,1.5,2.64,164.88574485733884,165.5473788616918,160.48628494030146,80.97,4,3,0,163.58,-1.26,163.81,-0.0576,0.0318,-0.0221,-0.0214,0.065,-10.339426515545187,0.7593342088201641
401620305,20240620,2024,NY,LA,93,80,163.5,1.85,1.99,173,-14.5,1.07,8.6,165.05173798313712,165.8321517096756,163.85263189221072,80.88,2,2,0,163.08,-0.01,163.67,0.1004,0.057,-0.041,-0.005,-0.0877,2.272009672274213,0.8897211424876492
401620306,20240621,2024,ATL,IND,79,91,162.5,1.84,1.95,170,1.5,2.29,1.64,162.18099902854846,161.28435452500307,157.43535638307708,81.12,2,2,0,157.11,-1.39,163.63,-0.085,-0.0562,-0.0117,0.0078,0.0285,11.418780517789248,0.7505135465109445
401620307,20240621,2024,LV,CON,85,74,162.5,1.8,2.04,159,-6.5,1.45,2.78,163.19206118285825,162.86328608166872,167.86201418756335,81.115,2,3,0,159.13,6.27,163.63,0.1731,0.032,-0.0057,-0.1199,-0.0157,7.632037664446328,0.5658695770199645
401620308,20240622,2024,WSH,DAL,97,69,160.5,1.91,1.9,166,1.5,2.26,1.66,163.7860521948965,163.82156787946184,158.27274084132074,81.005,3,2,0,162.65,-0.46,163.66,0.1513,0.0593,-0.0103,-0.0842,0.0067,4.906176062795861,0.5501584430038745
401620309,20240622,2024,NY,LA,98,88,166.5,1.83,2.02,186,-15.5,1.06,9.45,166.17114406836163,167.56293653870804,164.76736870298964,80.935,2,2,0,162.97,0.66,163.76,0.1171,0.0749,-0.042,-0.0147,-0.0672,0.3573387890373033,0.9047282366155962
401620310,20240622,2024,MIN,PHX,73,60,162.5,1.58,2.17,133,-5.5,1.43,2.83,163.9472603975731,164.05590207742,165.30082112350874,81.065,3,4,0,163.81,-5.12,163.95,-0.0293,0.0581,-0.0307,0.0234,-0.0079,0.4378642760869781,0.8558935381516897
401620311,20240623,2024,ATL,NY,75,96,160.5,1.62,2.16,171,8.5,4.51,1.21,161.9620769345556,163.97455389595268,164.09208450135475,81.035,2,1,1,160.7,-2.57,163.77,-0.1655,-0.1031,-0.0149,0.0093,0.1295,22.55429461603828,0.04847817848539082
401620312,20240623,2024,WSH,DAL,92,84,161.5,1.78,1.98,176,-2.5,1.85,1.96,160.30436570226075,164.3984110915156,159.0454667571887,81.025,1,1,2,164.15,-0.56,164.03,0.1306,0.0766,-0.029,-0.074,0.0182,2.347802281101978,0.2563220875220751
401620313,20240623,2024,CHI,IND,88,87,169.5,1.91,1.91,175,-2.5,1.73,2.13,165.75278620476118,166.85433313856112,162.71392795911498,81.13,3,2,0,160.3,2.19,163.8,-0.1968,-0.0864,0.0051,0.0624,0.0074,3.748763777049321,0.7620904006505012
401620314,20240623,2024,SEA,CON,72,61,153.5,1.89,1.91,133,-1.5,1.81,2.0,157.4996660488556,153.9602997620754,162.57011696167274,81.19,4,2,0,160.15,6.17,163.99,0.0576,-0.0359,0.0055,-0.0008,-0.0767,2.9335853421350215,0.5546011794578648
401677672,20240625,2024,NY,MIN,89,94,160.5,1.62,2.21,183,-5.5,1.43,2.86,163.06145482458396,162.6924548659289,170.75454245151576,81.0,2,3,0,161.11,2.04,163.7,0.0864,0.0042,0.0069,0.0147,-0.0409,6.485675047349146,0.67119896056718
401620315,20240627,2024,DAL,MIN,94,88,162.5,1.78,2.05,182,9.5,4.71,1.19,162.60713370895576,161.94206452028044,162.42609463812667,81.145,4,2,0,162.34,2.21,163.72,-0.0523,-0.1185,0.0498,0.1018,-0.0024,4.400860889669081,0.3627241989068175
401620317,20240627,2024,CHI,LV,83,95,167.5,1.55,2.4,178,9.5,5.31,1.16,168.29530055298028,170.7625346858766,168.0363691959743,81.335,4,6,0,163.43,-0.23,163.93,-0.2052,-0.0518,0.0183,0.0966,0.0116,-0.4688644986186042,0.6878859295642563
401620318,20240627,2024,SEA,IND,89,77,166.5,1.8,2.0,166,-9.5,1.22,4.39,165.10444443096048,165.75825107192347,164.38955831713514,81.425,4,4,0,161.87,3.03,164.05,-0.1037,-0.1093,-0.0062,0.0433,-0.0091,5.710501635505969,0.7687228597722517
401620319,20240628,2024,CON,ATL,74,78,149.5,1.87,1.91,152,-9.5,1.19,4.76,153.1201670973934,147.05274587919692,154.2461856186628,81.45,5,5,0,157.86,-1.14,164.25,-0.0231,0.0539,0.0051,0.0038,-0.0111,-7.250128819105478,1.033478829915429
401620320,20240628,2024,PHX,LA,92,78,165.5,1.81,2.02,170,-11.5,1.17,5.26,165.629847713485,166.58660063798675,159.02468307433145,81.395,6,6,0,165.85,3.74,164.16,0.0537,0.0237,-0.0143,-0.0516,-0.0852,1.3794638338486958,0.6320169960954393
401620321,20240629,2024,WSH,LV,77,88,171.5,1.71,2.11,165,11.5,7.23,1.1,169.14810865006513,172.09455200947966,169.39415063636693,81.33,6,2,0,165.03,1.58,164.19,0.0296,0.0471,0.0434,0.0135,-0.0844,0.27518373604174245,0.41088115897733024
401620322,20240629,2024,SEA,DAL,97,76,164.5,1.74,2.16,173,-11.5,1.16,5.22,164.8279254020485,165.35403140558984,162.8695842092609,81.33,2,2,0,163.53,0.6,164.05,-0.0054,-0.033,-0.0476,-0.0719,0.0045,0.9747617089141271,0.7832447578070061
401620323,20240630,2024,NY,ATL,81,75,165.5,1.77,2.03,156,-15.5,1.06,9.58,165.00506589186264,165.6160886557217,165.0045884460974,81.38,5,2,0,160.56,2.67,164.02,0.1748,0.1139,0.0236,0.0018,-0.1259,1.0915898217708295,0.803275436696117
401620324,20240630,2024,CHI,MIN,62,70,162.5,1.85,1.95,132,5.5,3.38,1.33,162.75531689636495,162.12456302390441,165.03045823140414,81.315,3,3,0,161.05,1.56,164.08,-0.1741,-0.1333,-0.0002,0.0714,0.0648,12.975577472283884,0.5273243808944932
401620325,20240630,2024,PHX,IND,82,88,170.5,1.62,2.19,170,-8.5,1.27,3.81,168.5043450069824,171.12450495609235,163.45111741246578,81.21,2,3,0,163.89,5.54,163.73,0.01,-0.064,0.0061,-0.0132,-0.0121,-8.10691719206065,0.49369002987682353
401620326,20240701,2024,PHX,CON,72,83,156.5,1.87,1.91,155,1.5,2.63,1.5,155.99062023437415,154.60178627531926,158.93631426805018,81.23,1,3,1,164.08,6.25,163.96,0.1168,-0.0008,0.0155,-0.0434,-0.0918,1.3354617101855777,0.540688678405186
401620327,20240701,2024,SEA,DAL,95,71,167.5,1.91,1.87,166,-11.5,1.12,6.31,166.1893601982825,167.53262826503087,163.8826257883348,81.14,2,2,0,164.1,-0.15,163.96,0.0003,-0.0475,-0.0448,-0.0447,0.0501,-2.2759396226906223,0.8107681221837328
401620328,20240702,2024,NY,MIN,76,67,163.5,1.6,2.17,143,-5.5,1.4,2.98,164.3144461486773,164.6101781509493,170.303845383978,81.13,2,2,0,161.45,0.51,163.87,0.0934,0.0076,-0.0018,0.0291,-0.0286,0.5857937105487507,0.5756456791437896
401620329,20240702,2024,ATL,CHI,77,85,158.5,1.91,1.91,162,-1.5,1.98,1.83,159.0789976548819,156.46740836071422,155.5276966257734,81.04,2,2,0,160.87,-3.38,163.51,0.0745,0.0185,0.0037,-0.0428,0.0407,1.7109704252767794,0.5504129376729731
401620330,20240702,2024,LV,IND,88,69,174.5,1.62,2.23,157,-13.5,1.08,8.09,172.6019044295242,177.57927373870038,170.6600997459027,80.995,3,2,0,160.94,1.71,163.48,0.0209,-0.0437,-0.0293,-0.05,0.0462,-6.531615712913981,0.6953517214890315
401620331,20240702,2024,LA,WSH,80,82,161.5,1.86,1.95,162,1.5,1.77,2.07,165.66817113412793,166.78104316136464,160.1189437039161,80.925,4,3,0,164.26,-2.02,163.39,-0.078,-0.0756,0.0028,0.0377,0.0686,0.4308550114161753,0.4697519671163093
401620332,20240703,2024,DAL,PHX,96,104,168.5,1.85,1.96,200,4.5,2.81,1.44,168.04672801695529,170.48499942153038,159.55378030040708,80.95,2,2,0,164.61,-2.01,163.18,-0.0722,0.0402,0.0364,0.1104,-0.017,-9.314379018868136,0.736913325043036
401620333,20240704,2024,MIN,CON,73,78,150.5,1.85,1.95,151,-3.5,1.61,2.36,152.37827439435222,145.9997832615414,159.0795255320324,81.085,2,3,0,156.88,1.94,163.45,0.0922,0.057,-0.0002,-0.0779,-0.1146,1.7202057517008054,0.6547540235757396
401620334,20240704,2024,LV,WSH,98,77,172.5,1.95,1.87,175,-16.5,1.05,10.65,168.17709515162977,170.66118712767857,169.05926201545722,81.045,2,2,0,163.17,-0.63,163.27,-0.0257,-0.0757,-0.0333,0.0022,0.1102,-4.397151371031516,0.8645470597296867
401620335,20240705,2024,DAL,ATL,85,82,162.5,1.88,1.91,167,-4.5,1.52,2.57,165.88200811225062,167.07600434230332,157.18745702925094,81.06,2,3,0,159.52,0.78,163.21,0.0075,0.0216,0.0159,0.0532,-0.027,-4.48032164306043,0.6639957587283352
401620337,20240705,2024,SEA,CHI,84,88,161.5,1.91,1.91,172,-10.5,1.17,5.18,161.83798486063597,160.72338645260592,164.75841138574435,81.21,4,3,0,163.81,1.09,163.39,0.0937,-0.0106,-0.0024,-0.0215,0.0184,4.250905026420635,0.7231877369254308
401620338,20240706,2024,IND,NY,83,78,171.5,1.85,1.94,161,8.5,5.24,1.17,168.64799607867798,171.33287825870175,168.1928978121182,81.265,4,4,0,161.12,-0.47,163.57,-0.0835,0.0001,0.0247,0.0136,0.0643,11.394586706586674,0.3852279286686383
401620339,20240706,2024,MIN,WSH,74,67,156.5,1.78,1.99,141,-8.5,1.22,4.42,160.01020030830767,157.89165885193339,160.88767803512638,81.14,2,2,0,161.45,-3.36,163.54,-0.0282,-0.0417,-0.0087,0.0169,-0.0146,-3.193951623658286,0.7789636170855447
401620340,20240707,2024,CON,ATL,80,67,150.5,1.87,1.91,147,-11.5,1.09,7.71,153.9590573831136,148.44612926313945,155.04980319501198,81.155,3,2,0,158.45,-3.76,163.31,0.0189,0.0172,-0.029,0.028,0.0206,-12.221034948734673,0.7950376330548676
401620341,20240707,2024,LV,DAL,104,85,175.5,1.6,2.16,189,-16.5,1.07,9.04,173.3158795412014,178.67748914329812,170.15613888892813,81.05,3,2,0,163.29,0.31,163.24,0.0931,0.0441,-0.0301,-0.1176,0.0117,7.93656023919219,0.9467039264743597
401620342,20240707,2024,SEA,CHI,84,71,164.5,1.99,1.78,155,-9.5,1.19,4.78,163.25161863900257,162.94904780734532,165.48257024716992,81.14,2,2,0,162.66,1.68,163.42,0.0933,-0.0524,0.001,-0.0365,0.0308,4.908682761374179,0.6233884993015997
401620343,20240707,2024,LA,PHX,78,84,167.5,1.91,1.91,162,3.5,2.48,1.54,168.32830041068314,170.88134677188685,161.75364115971587,81.1,5,4,0,164.28,-0.82,163.29,0.0035,0.0324,0.0121,0.0229,0.0443,-9.907755077891789,0.5692640576248893
401620344,20240709,2024,LA,MIN,67,82,155.5,1.8,2.02,149,4.5,2.79,1.44,159.26373337260367,156.72269434183897,158.42311962328193,81.155,2,3,0,160.31,3.16,163.2,-0.0177,-0.0327,-0.015,-0.0112,0.096,4.087564189844848,0.577553900279908
401620345,20240710,2024,CON,NY,68,71,156.5,1.71,2.02,139,2.5,2.13,1.71,158.0675076108875,154.8591605110505,164.22607718373212,81.145,3,4,0,156.91,-4.57,163.09,-0.196,-0.0148,0.0066,0.0391,0.1055,5.509176477077435,0.645504320113047
401620346,20240710,2024,IND,WSH,84,89,167.5,1.91,1.91,173,-6.5,1.32,3.43,165.69921140022228,166.8079868990431,161.06347998877357,81.0,4,4,0,161.53,-2.06,163.08,-0.0486,-0.042,-0.0164,0.0649,0.0411,0.007153838040837163,0.7412013509160162
401620347,20240710,2024,CHI,ATL,78,69,155.5,1.91,1.91,147,-7.0,1.33,3.39,159.55815373991493,157.23506069496068,155.6016908401888,80.97,3,3,0,160.15,1.19,163.03,-0.0333,-0.0125,-0.0458,0.0484,-0.0596,0.6569135246412601,0.8739556247523367
401620348,20240710,2024,SEA,LV,79,84,171.5,1.8,1.95,163,4.5,2.54,1.53,169.41657385010603,172.64950326463324,175.04949834869595,80.855,3,3,0,165.19,-0.47,162.94,-0.0944,-0.0919,0.0012,0.0637,0.0331,-5.14696261435932,0.5612048147937213
401620349,20240710,2024,PHX,DAL,100,84,173.5,1.93,1.87,184,-8.5,1.28,3.65,173.20779848916322,178.61628937514791,164.50659041959102,80.675,3,3,0,164.7,-0.21,162.86,0.0718,-0.0067,-0.0226,-0.0945,0.0377,7.887601312688002,0.6082797220547485
401620350,20240711,2024,NY,CHI,91,76,165.5,1.85,1.95,167,-10.5,1.18,4.8,158.4836673849212,161.6393343822671,163.92465063356912,80.74,1,1,2,160.56,-1.86,162.93,0.2413,0.0196,0.0034,-0.0892,-0.0195,7.250849566280783,0.23944827817763215
401620351,20240712,2024,ATL,LV,70,84,166.5,1.76,2.12,154,13.5,8.62,1.07,165.3679195504388,166.36557883968487,164.89518836978866,80.74,2,2,0,163.43,-2.62,163.21,-0.1626,-0.0469,0.0482,0.0614,0.016,3.4992555402605827,0.3169378320645265
401620352,20240712,2024,IND,PHX,95,86,172.5,1.86,1.91,181,-1.5,1.77,2.08,170.7365479321669,174.68892490483992,166.40239355372452,80.925,2,2,0,161.38,0.13,163.1,0.0155,0.0009,0.0287,0.0377,-0.0473,-9.84290952292477,0.4625600752329316
401620353,20240712,2024,SEA,MIN,91,63,153.5,1.81,1.95,154,-6.5,1.37,3.15,157.65125764408748,154.2569811921583,163.84436571301043,80.98,2,3,0,160.86,5.24,163.1,-0.077,-0.1322,-0.0112,0.032,0.1128,5.197759736704993,0.7499493484234203
401620354,20240713,2024,CHI,NY,67,81,162.5,1.78,2.0,148,3.5,2.51,1.54,162.72311462291685,162.15740094404035,164.2321855702122,81.025,2,2,0,159.46,2.23,162.93,-0.241,-0.0365,0.0021,0.0948,-0.0244,-0.4737256722637264,0.6721303531586894
401620355,20240713,2024,DAL,LA,81,87,169.5,1.78,2.0,168,-4.5,1.6,2.35,170.83414319280087,174.82830497952096,159.682458266305,80.97,3,4,0,163.31,0.74,162.85,-0.068,0.0272,0.012,0.087,-0.0249,3.1774562588646864,0.7029027188080803
401620356,20240714,2024,CON,PHX,96,69,153.5,1.64,2.19,165,-10.5,1.29,3.67,160.15833282228033,158.13137565806994,162.02591966873285,81.11,4,2,0,156.82,-4.97,163.04,-0.0824,-0.0017,-0.0045,0.0672,-0.0226,9.739450800377416,0.7352999722453306
401620357,20240714,2024,WSH,LV,77,89,171.5,1.87,1.91,166,12.5,7.08,1.1,167.84983340148096,170.10474252206683,169.53745177449352,81.205,4,2,0,166.43,0.12,162.99,0.0087,0.0224,0.0518,0.0371,-0.0481,-11.964734920965471,0.24925288269813206
401620358,20240714,2024,SEA,ATL,81,70,154.5,1.8,1.98,151,-14.5,1.07,9.03,158.70761725127466,155.87650650787384,159.47425896930667,81.08,2,2,0,163.97,1.46,163.06,0.0771,0.0052,-0.0381,0.0192,0.0246,2.020141998199274,1.0076781919692765
401620359,20240714,2024,MIN,IND,74,81,162.5,1.81,1.95,155,-5.5,1.48,2.67,161.65430865333144,160.48121303453996,161.2244766877776,81.055,2,2,0,159.83,-3.67,162.98,0.01,0.0467,-0.0144,-0.0362,-0.0426,-0.7770550008998106,0.738556779147899
401620360,20240716,2024,WSH,PHX,87,96,167.5,1.83,2.0,183,3.5,2.7,1.47,168.4304906318003,171.04938259742508,163.16746828790025,81.07,2,2,0,163.22,2.66,162.87,-0.0012,0.0818,0.0231,-0.0266,-0.0772,-0.813003441209133,0.5546780968896006
401620361,20240716,2024,LA,SEA,83,89,162.5,1.91,1.91,172,8.5,4.98,1.18,162.42126315094316,161.620548380632,163.12004669714258,81.255,3,2,0,164.24,-1.49,163.07,0.0344,0.0703,0.0118,-0.0643,-0.0022,-6.301967356929443,0.37224176330772935
401620362,20240716,2024,NY,CON,82,74,152.5,1.85,1.93,156,-5.5,2.13,1.72,155.6253144200972,151.01294334487682,163.83064917787345,81.27,3,2,0,154.33,1.84,163.25,0.1481,-0.0055,-0.0213,-0.1107,-0.0638,9.142680422640293,0.4944616847779931
401620363,20240716,2024,LV,CHI,85,93,169.5,1.75,2.09,178,-14.5,1.09,7.59,165.2113898049745,165.98384126945754,167.11788384632104,81.22,2,3,0,162.53,3.26,163.23,0.1764,0.0114,-0.0128,-0.12,0.0847,6.550958926049813,0.8409378976835787
401620364,20240717,2024,MIN,ATL,86,79,150.5,1.87,1.95,165,-8.5,1.29,3.67,153.10796253498876,147.04659574587532,151.83495451086793,81.405,3,3,0,159.71,-3.8,163.34,0.1838,0.1149,-0.0148,-0.0224,-0.0575,6.171906803874869,0.7861517695971967
401620365,20240717,2024,DAL,IND,101,93,176.5,1.77,2.0,194,3.5,2.61,1.51,172.47586978853235,177.19927794323402,164.78807332303984,81.635,4,3,0,163.94,1.35,163.35,-0.1069,0.0219,0.0019,0.0352,0.0365,-2.951219220309211,0.5116400900167585
401620366,20240815,2024,CHI,PHX,65,85,164.5,1.91,1.87,150,2.5,2.78,1.45,167.14155778740152,168.84496003732016,163.8914809834594,81.745,6,6,0,160.35,1.38,163.92,-0.1531,-0.0035,-0.0008,0.0705,-0.1084,2.685405012324634,0.6943377889459368
401620367,20240815,2024,MIN,WSH,79,68,155.5,1.85,1.91,147,-10.5,1.24,4.11,159.57020034649048,157.05045064003167,159.22420267554492,81.68,6,6,0,161.21,-4.55,163.82,0.0247,-0.0331,-0.017,0.0417,0.0036,-4.919984593436805,0.7750293067392637
401620368,20240815,2024,LA,NY,68,103,164.5,1.91,1.88,171,11.5,6.03,1.13,163.11451371046314,162.59188786748214,163.47845943404883,81.64,6,6,0,159.61,3.39,163.71,-0.0969,-0.0139,0.0288,0.0297,0.0484,17.777441262916884,0.4722470358204637
401620369,20240816,2024,ATL,SEA,83,81,157.5,1.91,1.89,164,7.5,3.65,1.29,158.18530258176534,154.84957027137781,159.5641497651384,81.82,6,6,0,163.54,-1.08,163.73,-0.0974,0.0023,0.045,-0.0271,-0.0442,9.947088460527661,0.4498341553108893
401620370,20240816,2024,IND,PHX,98,89,173.5,1.85,1.95,187,-4.5,1.63,2.32,169.42892432001992,175.39829962641352,168.42800042733728,81.825,6,1,1,160.22,4.52,163.8,0.028,-0.0798,0.0327,0.0435,-0.0664,-3.5174320976032862,-0.0035666503761989654
401620371,20240816,2024,DAL,CON,91,109,159.5,1.78,2.0,200,5.5,2.99,1.4,163.48218797008772,163.048088176319,162.4319160217443,82.05,6,6,0,160.46,6.19,163.94,-0.0257,0.0443,0.0224,-0.0076,-0.037,-3.6809411681101007,0.3365028183603703
401620372,20240817,2024,WSH,MIN,83,99,155.5,1.72,2.15,182,3.5,2.53,1.53,157.33934637066187,153.4294055760285,158.00178240799045,82.17,2,2,0,162.72,3.59,164.12,-0.0167,0.0287,0.0196,-0.0486,-0.0037,-2.129146876291034,0.41254732294285323
401620373,20240817,2024,LV,NY,67,79,172.5,1.77,2.02,146,-3.5,1.61,2.34,166.48440479720148,167.64918431488923,174.9420898670308,82.34,6,2,0,162.56,4.4,164.21,-0.0703,-0.0261,-0.001,-0.0315,0.0345,12.18019620810241,0.6062649679791485
401620374,20240817,2024,LA,CHI,86,90,159.5,1.85,1.95,176,1.5,2.25,1.66,161.94608778766917,160.5740525338392,156.04581546028402,82.32,2,2,0,162.17,2.54,164.11,0.131,0.0129,0.023,-0.0846,0.1138,11.818252452302854,0.4623607035101797
401620375,20240818,2024,ATL,CON,82,70,154.5,1.85,1.95,152,7.5,4.04,1.25,154.7629329118793,149.31361041091213,157.2258749776159,82.505,2,2,0,160.46,2.35,163.99,-0.0733,-0.0528,0.0545,-0.0227,-0.04,-5.967557586121465,0.32491894424072676
401620376,20240818,2024,LV,LA,87,71,167.5,1.58,2.2,158,-16.5,1.05,10.39,163.44920842081626,168.9040374044707,165.3521778419671,82.425,1,1,2,165.43,0.07,163.86,0.0367,0.0002,-0.0217,-0.0798,-0.0498,-1.2434934021359618,0.4640279853623619
401620377,20240818,2024,IND,SEA,92,75,167.5,1.75,2.13,167,2.5,2.42,1.58,167.15251925099435,168.64576499226064,169.86906514021143,82.5,2,2,0,165.47,-0.01,163.77,0.0815,0.03,0.0244,0.0031,-0.0555,-14.909181139852766,0.35109045041174747
401620378,20240818,2024,PHX,CHI,86,68,166.5,1.93,1.87,154,-7.5,1.25,4.0,164.4081892027067,167.35131763022937,164.1520995966021,82.57,2,1,1,158.27,-2.17,163.84,0.2006,0.0343,-0.0021,-0.1178,0.1164,7.479503828337252,0.16257024300037537
401620379,20240820,2024,CON,LA,69,61,153.5,1.83,1.91,130,-13.5,1.07,8.66,159.4450034024193,156.61016718479905,158.57224775714818,82.535,2,2,0,163.2,-4.31,163.71,-0.0445,0.0117,-0.0146,0.071,0.0218,2.334539541021012,0.9665829342853607
401620380,20240820,2024,NY,DAL,94,74,174.5,1.91,1.85,168,-13.5,1.15,5.61,170.30404264152713,173.59154499268195,169.97155683098475,82.4,3,4,0,162.71,-5.07,163.52,0.156,-0.0121,-0.0384,-0.0834,-0.0703,4.152682658648341,0.635429892326014
401620381,20240820,2024,WSH,SEA,77,83,161.5,1.91,1.91,160,6.5,3.53,1.31,163.51058644212912,162.99355863949856,163.3758836385308,82.395,3,2,0,166.59,-0.14,163.49,0.0647,0.1057,0.0342,-0.0647,-0.0379,-8.562851646089205,0.3220211900804552
401620382,20240821,2024,ATL,PHX,72,63,164.5,1.81,1.99,135,2.5,2.26,1.65,162.54973804657917,161.52448612417638,161.18148302971503,82.29,3,3,0,159.03,4.05,163.65,-0.1566,-0.0903,0.0483,0.0424,-0.0402,10.583427456982498,0.5252190800850959
401620383,20240821,2024,LV,MIN,87,98,166.5,1.81,1.95,185,-5.5,1.32,3.4,161.02223783806681,159.15840915338703,167.16793798058995,82.23,3,4,0,163.32,3.76,163.47,-0.0218,-0.0265,-0.0199,-0.1032,0.0249,4.4079808898520465,0.5136403077930908
401620384,20240822,2024,NY,DAL,79,71,171.5,1.83,2.0,150,-13.5,1.13,6.53,170.3539359029777,173.72239049341377,169.77440114788627,82.215,2,2,0,164.03,-4.65,163.47,0.1377,-0.0229,-0.0464,-0.0459,-0.0697,3.7725652369474627,0.7483258572364355
401620385,20240823,2024,ATL,PHX,80,82,161.5,1.89,1.91,162,1.5,2.08,1.75,159.09661956229206,156.1740375117588,158.56333472674353,82.16,2,2,0,157.5,3.18,163.55,-0.1236,-0.0946,0.0315,0.0741,-0.0232,9.159337216481308,0.6172897135925522
401620386,20240823,2024,CON,CHI,82,80,153.5,1.85,1.92,162,-10.5,1.14,6.04,155.27967479173157,150.20866242558898,157.50400252101124,82.195,3,5,0,158.98,-0.52,163.51,0.0938,0.0364,0.0106,-0.0457,0.092,6.7275824134421205,0.8215750561104931
401620387,20240823,2024,WSH,LA,80,74,161.5,1.85,1.99,154,-5.5,1.41,2.99,163.15306835385783,162.527420576156,155.86556361993468,82.075,3,3,0,167.63,-0.1,163.49,0.033,0.0862,0.0085,-0.012,-0.0366,5.058526387114465,0.7335570820491646
401620388,20240823,2024,MIN,LV,87,74,166.5,1.91,1.91,161,-1.5,2.29,1.64,164.27501082839345,164.30656823804836,168.95114418253098,81.975,2,2,0,161.17,-3.89,163.37,-0.0006,0.0521,0.0157,0.0895,-0.0168,1.12832471248003,0.7229948621690225
401620389,20240824,2024,NY,CON,64,72,156.5,1.81,2.0,136,-7.5,1.27,3.87,153.72176423892063,150.84409751571636,165.2693200330425,81.99,2,1,1,159.77,-0.08,163.36,0.1201,0.0044,-0.0047,-0.0084,-0.0816,-6.19145868325805,0.3368926842582808
401620390,20240824,2024,MIN,IND,90,80,166.5,1.78,2.0,170,-6.5,1.46,2.74,164.43607309419,167.61685046966866,168.81838025118998,81.795,1,6,1,161.68,-3.25,163.26,-0.0215,0.0961,-0.0011,-0.024,0.0195,0.2114150495900651,0.9977809608102663
401620391,20240825,2024,CHI,LV,75,77,166.5,1.73,2.04,152,7.5,4.44,1.21,164.8094310588225,165.200554031202,163.6698192324141,81.765,2,2,0,162.41,-2.43,163.39,-0.1881,-0.0617,0.0033,0.1919,-0.0328,12.8823914483117,0.6223528666208687
401620392,20240825,2024,DAL,LA,113,110,166.5,1.59,2.16,223,-6.5,1.33,3.3,169.14967084699975,172.0439893480433,158.27116168334516,81.515,3,2,0,169.22,-1.85,163.28,-0.0556,0.0646,-0.003,0.0567,0.0305,7.982806232931134,0.7780023739219323
401620393,20240826,2024,ATL,IND,79,84,166.5,1.85,1.94,163,1.5,2.04,1.78,163.43056895401548,163.03630698611013,161.59507339553983,81.81,3,2,0,162.27,-2.14,163.57,-0.1266,-0.0155,-0.0038,-0.034,0.077,3.0623706490491163,0.59189091931626
401620394,20240826,2024,PHX,NY,70,84,163.5,1.85,1.95,154,5.5,3.25,1.35,161.19580268767754,159.54094175185483,166.19502659364207,81.84,3,2,0,156.63,-2.25,163.53,-0.0587,0.0539,-0.0049,-0.067,0.0622,16.83801974145936,0.43040563841973467
401620395,20240826,2024,SEA,WSH,72,74,160.5,1.85,1.91,146,-10.5,1.16,5.32,162.91562893313403,162.2214177460292,163.0840188013646,81.85,6,3,0,168.72,0.24,163.23,-0.0428,-0.0927,-0.0337,0.0367,0.0512,-2.2447389020501656,0.7908762811800503
401620396,20240827,2024,DAL,LV,93,90,180.5,1.9,1.91,183,8.5,4.71,1.2,175.3145262263729,181.60391049915538,169.79487520050336,81.72,2,2,0,166.03,2.35,163.06,-0.0812,0.0009,0.0363,0.1519,0.0723,2.9746972325558536,0.5151829111075126
401620397,20240828,2024,IND,CON,84,80,163.5,1.83,1.95,164,2.5,2.45,1.56,161.0781278319837,159.36593539717978,164.17327251647214,81.81,2,4,0,163.24,1.96,163.17,0.1225,0.0165,0.0288,0.0454,-0.1265,5.486686409967285,0.5544654391544728
401620398,20240828,2024,CHI,WSH,70,74,157.5,1.95,1.87,144,-1.5,2.19,1.69,160.57085034121837,158.58878535369493,157.00017995920516,81.76,3,2,0,164.34,-3.47,163.48,-0.1886,-0.0117,-0.0471,0.0927,-0.0078,4.174737861121801,0.8107392338988253
401620399,20240828,2024,LA,NY,94,88,163.5,1.78,2.09,182,12.5,7.27,1.1,162.3559116759265,161.39825996018254,162.9906849600903,81.675,3,2,0,165.49,5.15,163.31,-0.0785,-0.0351,0.0288,-0.0556,0.0414,2.8179163423867193,0.2374325363316449
401620400,20240828,2024,PHX,MIN,76,89,162.5,1.89,1.91,165,3.5,2.62,1.5,162.53080913165763,161.65108780338957,164.97443607654495,81.745,2,4,0,156.54,-1.09,163.55,-0.0247,-0.0624,0.0021,-0.0574,-0.0032,1.2074473082779034,0.3193354895661206
401620401,20240828,2024,SEA,ATL,85,81,155.5,1.85,1.94,166,-8.5,1.23,4.22,157.10342396558283,153.16014807277776,158.7959725435558,81.825,2,2,0,163.62,4.38,163.59,0.0107,-0.0419,0.0002,-0.0239,-0.0106,0.6180358082305529,0.6752819262255961
401620402,20240830,2024,CHI,IND,81,100,163.5,1.87,1.95,181,5.5,3.34,1.32,164.55596788829865,164.82514485546403,162.33050037267202,81.695,2,2,0,161.97,-2.78,163.77,-0.2174,-0.0066,-0.0074,0.0321,0.0383,12.345426548947836,0.6100087030411129
401620403,20240830,2024,DAL,MIN,94,76,168.5,1.77,2.02,170,5.5,3.69,1.29,172.47355510954054,177.16128807048645,170.09363757867152,81.755,3,2,0,163.33,4.74,164.0,-0.1012,-0.0795,0.0037,0.0408,0.0329,6.6724108868743555,0.3425063802282627
401620404,20240830,2024,LV,ATL,83,72,164.5,1.9,1.88,155,-10.5,1.17,5.14,162.20221473418889,161.06821256855883,161.98406265597066,81.99,3,2,0,162.02,0.15,163.86,0.0353,0.0389,-0.0231,-0.1119,0.0201,5.085289788746519,0.7911703765141216
401620405,20240830,2024,SEA,NY,85,98,162.5,1.87,1.95,183,1.5,2.49,1.55,159.75657523401156,157.28394273843023,166.56967581425425,81.88,2,2,0,164.86,2.67,163.85,-0.1221,-0.0514,-0.0292,-0.0451,0.0076,0.4232163012305025,0.45062459247019765
401620406,20240831,2024,WSH,CON,85,96,153.5,1.87,1.94,181,8.5,4.0,1.25,155.0690059827213,149.93010382032327,157.52560685543756,82.02,3,3,0,163.93,1.46,164.06,0.0753,0.0364,0.0495,-0.0099,-0.0975,-1.3928984511459412,0.3478636513004837
401620407,20240901,2024,CON,SEA,93,86,155.5,1.81,1.96,179,-2.5,1.89,1.9,156.83175878890876,155.67637981779134,163.54927999327413,82.06,1,2,1,164.56,-0.89,164.29,-0.0107,0.0602,0.0206,0.005,0.0774,-0.7773487373823539,0.7346088398633582
401620408,20240901,2024,MIN,CHI,79,74,155.5,1.9,1.89,153,-13.5,1.09,7.31,160.74852706775783,158.76716564786815,160.80772312882652,82.105,2,2,0,159.82,0.35,164.36,0.1944,0.0565,-0.0048,-0.0773,0.0164,5.149271061478761,0.8228126453861793
401620409,20240901,2024,DAL,IND,93,100,182.5,1.89,1.91,193,2.5,2.28,1.63,177.60162143289187,185.0706239854872,173.47400102738266,82.075,2,2,0,166.93,0.79,164.27,-0.1467,-0.013,-0.0187,0.0341,0.0417,6.687508543856783,0.7316273847589666
401620410,20240901,2024,LA,ATL,62,80,162.5,1.81,1.96,142,4.5,2.61,1.5,162.40095425227116,161.31526671559274,157.3478163839725,82.21,4,2,0,164.99,5.16,164.62,-0.0028,0.0095,0.0343,-0.0592,0.0446,-7.5232711751748775,0.43737659148652874
401620411,20240901,2024,PHX,LV,79,97,168.5,1.81,1.94,176,3.5,2.84,1.43,165.8975027374825,166.83374692058953,165.79083586012962,81.99,4,2,0,158.41,-1.0,164.77,-0.0008,0.0021,0.0525,0.0689,-0.0037,5.72851756342408,0.4616514764230957
401620412,20240903,2024,CON,SEA,64,71,158.5,1.89,1.91,135,-3.5,1.58,2.4,161.04862514056083,159.2067418360122,165.0943519939467,82.205,2,2,0,164.75,-0.8,164.8,-0.0334,0.0667,0.0251,0.0084,0.115,0.1924324782460553,0.7189744310969091
401620413,20240903,2024,DAL,WSH,86,90,172.5,1.76,1.99,176,-5.5,1.4,2.97,173.1029030394813,178.06587013472398,166.62342760718133,82.025,2,3,0,167.32,2.35,164.61,-0.0843,-0.0016,-0.0378,0.0775,0.067,18.289548084510304,0.8442227703229387
401620414,20240903,2024,LV,CHI,90,71,164.5,1.95,1.85,161,-14.5,1.1,7.36,163.71514332728657,163.41871649987164,163.2845683983869,82.025,2,2,0,158.89,0.08,164.75,0.1678,0.0186,-0.0584,-0.1824,0.006,9.67299863105962,0.6866572843714089
401620415,20240903,2024,PHX,ATL,74,66,159.5,1.85,1.95,140,-1.5,1.77,2.08,159.62150609146744,157.0517160133878,157.50075431466718,81.955,2,2,0,156.96,0.25,164.93,0.0297,0.0005,0.0357,-0.0657,0.0267,0.5840334191788479,0.4878616939148622
401620416,20240904,2024,IND,LA,93,86,173.5,1.8,1.95,179,-12.5,1.13,6.12,171.2070722659974,175.1179470922305,167.01716960850217,81.99,3,3,0,167.24,0.41,164.77,0.0672,0.0829,0.0063,0.0809,-0.0652,0.753494602092341,0.8511232392294641
401620417,20240905,2024,NY,SEA,77,70,164.5,1.9,1.91,147,-7.5,1.28,3.77,161.6326010142787,160.1852084725334,167.31116229751916,81.97,6,2,0,162.78,-1.85,165.02,0.121,0.097,0.0449,0.1211,-0.0057,5.339462657867238,0.7600126605378799
401620418,20240905,2024,PHX,WSH,77,90,165.5,1.87,1.91,167,-6.5,1.44,2.85,163.37487504331577,162.95370844843325,160.31154427411792,81.795,2,2,0,160.3,-3.63,164.83,-0.014,-0.044,0.0062,-0.023,0.0874,7.257421063207167,0.6223248558199225
401620420,20240906,2024,CON,LV,67,72,164.5,1.88,1.91,139,1.5,2.06,1.76,161.30199537705352,159.73527646434084,166.6118608849277,81.74,3,3,0,159.91,1.84,165.31,-0.105,0.001,0.036,0.0559,0.0911,7.517091112843332,0.6425419108022284
401620421,20240906,2024,IND,MIN,88,99,169.5,1.85,1.95,187,2.5,2.26,1.65,168.95947298153692,171.72145130885022,171.30588990593316,81.605,2,5,0,163.72,4.61,165.31,0.0006,0.0072,0.0214,0.017,0.0113,-13.174953556532984,0.45664527989872106
401620422,20240906,2024,CHI,LA,92,78,163.5,1.86,1.91,170,-5.5,1.5,2.64,163.96405264647865,163.8772639270352,156.31646115336332,81.78,3,2,0,164.27,-4.76,165.43,-0.1207,0.0147,0.0253,0.1306,-0.0049,8.495975308040936,0.8568114082992067
401620423,20240907,2024,SEA,PHX,90,66,163.5,1.83,1.95,156,-6.5,1.34,3.28,161.56940084896195,160.14103357437287,160.5032696606964,81.78,2,2,0,160.69,2.33,165.61,-0.0881,-0.049,-0.0493,-0.0111,-0.062,0.21587045212326914,0.8475430993955396
401620424,20240908,2024,WSH,MIN,71,78,161.5,1.92,1.87,149,7.5,3.65,1.3,164.26796128597204,164.3643261016715,165.67473052819474,81.735,3,2,0,161.44,1.05,165.63,-0.0005,-0.0043,0.0262,-0.0322,-0.0599,-5.905179814866657,0.21804597067361836
401620426,20240908,2024,NY,LV,75,71,167.5,1.87,1.93,146,-9.5,1.21,4.43,162.44014642657606,161.546875556017,169.5542957491054,81.615,3,2,0,159.1,1.23,165.87,0.0415,0.035,0.0459,0.1583,-0.0309,8.092487101490269,0.890619590369258
401620427,20240908,2024,CHI,DAL,92,77,169.5,1.73,2.05,169,3.5,2.5,1.54,172.60372666080116,177.41881936508938,165.42690217402185,81.565,2,5,0,164.8,-5.4,165.71,-0.0635,-0.0117,0.0303,0.0019,-0.0376,10.15858748326965,0.49309557946704885
401620428,20240908,2024,LA,CON,67,79,159.5,1.81,1.95,146,8.5,4.95,1.18,160.67722872997186,158.75762598734244,158.38498943176853,81.75,2,2,0,164.46,4.04,165.63,0.0582,-0.0336,-0.0149,-0.0262,-0.0767,-6.7490529157547225,0.2549268446242466
401620429,20240910,2024,ATL,MIN,64,76,155.5,1.87,1.93,140,4.5,2.88,1.42,157.0121818673904,153.0736534770739,159.49514744243842,81.63,6,2,0,162.34,1.35,165.36,-0.0552,-0.0348,-0.0392,0.0382,-0.0132,5.547993291359249,0.3832050961845952
401620430,20240910,2024,DAL,NY,91,105,170.5,1.57,2.28,196,9.5,5.07,1.17,170.7737171588821,174.56643110058926,169.84762776839042,81.555,2,2,0,164.79,4.57,165.31,-0.1264,-0.0201,-0.0126,-0.0092,0.0464,10.935681984386298,0.4072802647598409
401620431,20240910,2024,LA,CON,66,86,158.5,1.91,1.91,152,9.5,5.63,1.15,158.78735574401065,155.82186338860822,157.14649048859167,81.705,2,2,0,162.66,3.69,165.37,0.0533,0.0069,-0.0008,-0.044,-0.0418,-1.6523707312909592,0.22235445850677527
401620432,20240911,2024,IND,LV,75,86,177.5,1.74,2.04,161,2.5,2.58,1.51,170.26740105930884,173.7205917852462,172.05678515476637,81.75,5,3,0,163.68,6.16,165.31,-0.0038,0.0541,0.042,0.106,-0.005,8.463826163170124,0.5321224956842551
401620433,20240911,2024,CHI,WSH,58,89,160.5,1.83,1.95,147,-1.5,1.96,1.85,162.0227531696679,160.8583988170386,159.71803381662855,81.745,3,3,0,161.24,0.0,165.35,-0.1826,-0.0247,0.0048,0.0901,0.104,11.593726249443918,0.8587735602928326
401620434,20240911,2024,LA,SEA,82,90,162.5,1.89,1.91,172,10.5,6.7,1.11,159.96029762621794,160.66221741900472,158.75397997807056,81.695,1,4,1,164.06,1.98,165.09,0.0083,0.0402,0.0473,-0.0538,0.0721,0.2783762740536827,0.29547475702828424
401620435,20240912,2024,DAL,NY,67,99,178.5,1.91,1.87,166,10.5,5.34,1.16,174.04679757164195,179.6187879905303,172.46286499155138,81.745,2,2,0,165.1,4.74,165.07,-0.1236,-0.0599,-0.0167,-0.0183,0.0351,6.517590628799665,0.3188572754743429
401620436,20240913,2024,ATL,WSH,69,72,156.5,1.95,1.8,141,-4.5,1.56,2.43,155.2502770534824,150.34041674495316,155.61323419107143,81.575,3,2,0,161.26,1.49,165.13,-0.0646,-0.0573,-0.0513,0.042,0.053,4.894093646192236,0.6772327198994863
401620437,20240913,2024,IND,LV,74,78,176.5,1.8,2.0,152,3.5,2.59,1.51,169.53897525965823,172.64853260672152,170.95110663928972,81.525,2,2,0,163.74,6.9,164.9,-0.0072,0.0232,0.0511,0.088,-0.0003,5.623596815198542,0.47047102248677075
401620438,20240913,2024,DAL,SEA,81,83,170.5,1.76,2.11,164,6.5,4.91,1.18,170.43857986334672,177.09249613172662,167.28256350240378,81.41,1,2,1,165.74,3.8,164.74,-0.0284,0.0001,0.0336,0.0845,0.056,2.9366074330351775,0.43145643459454747
401620439,20240913,2024,MIN,CHI,83,66,156.5,1.8,1.95,149,-12.5,1.11,6.78,159.95560972085553,157.73343031974807,160.37862894208885,81.395,3,2,0,159.37,-1.12,164.49,0.1718,0.0573,-0.0295,-0.0684,-0.0208,0.9282415215765109,0.8845952038645467
401620440,20240913,2024,PHX,CON,69,88,155.5,1.85,1.91,157,4.5,4.21,1.23,157.30282056607354,153.62738984767824,157.93080415628867,81.28,6,3,0,158.36,-0.08,164.39,0.1103,-0.0205,0.0189,0.009,-0.0432,-7.153082399220905,0.2604247706522602
401620441,20240915,2024,IND,DAL,110,109,184.5,1.78,2.0,219,-9.5,1.22,4.34,178.16693842421296,186.1861406555481,170.17429644238774,81.26,2,2,0,170.85,-0.54,164.39,0.1007,0.0864,0.0238,-0.0668,-0.0026,6.563243327919286,0.6765415691735772
401620442,20240915,2024,NY,MIN,79,88,159.5,1.86,1.94,167,-5.5,1.44,2.81,160.78915545069464,158.9609071621004,170.0621328554143,81.65,3,2,0,159.86,1.39,164.83,0.0309,0.0245,0.0123,0.0699,0.0559,-8.197414869568654,0.6582259076931616
401620444,20240915,2024,CHI,PHX,88,93,156.5,1.78,2.0,181,1.5,2.1,1.75,160.04643095890899,157.77343038066556,153.66029660762223,81.75,2,2,0,158.9,1.15,164.69,-0.1789,0.033,0.0087,0.0799,0.0071,1.0551163880815067,0.7732527414861616
401620445,20240915,2024,LV,CON,84,71,158.5,1.84,1.95,155,-5.5,1.51,2.61,156.10142961971155,151.62974288825404,163.67714192660105,81.71,2,2,0,159.19,0.19,164.74,0.0915,0.0249,-0.0328,-0.058,-0.0508,3.6604513307078737,0.6032371127523373
401620446,20240915,2024,SEA,LA,90,87,159.5,1.8,1.95,177,-8.5,1.23,4.31,163.33244042827602,162.91185166557383,160.1275220542946,81.71,2,4,0,164.0,-0.02,164.7,-0.0051,-0.0612,-0.045,0.0233,-0.0626,7.785699231308551,0.9451946390190803
401620447,20240917,2024,CON,MIN,76,78,153.5,1.9,1.91,154,-1.5,1.79,2.03,155.26272545091183,150.29967699301628,162.97637386282577,81.785,2,2,0,157.27,-1.0,164.76,-0.0722,-0.0333,-0.0039,-0.0412,0.0832,1.581972496096603,0.4442585009651739
401620448,20240917,2024,WSH,NY,71,87,161.5,1.87,1.95,158,8.5,4.83,1.19,160.7976594839449,158.9283375986229,166.41851277403524,81.81,4,2,0,158.66,-0.69,164.79,-0.0003,0.0094,0.0221,-0.077,-0.0773,-2.1796077003254544,0.227951511908071
401620449,20240917,2024,ATL,CHI,86,70,151.5,1.91,1.88,156,-10.5,1.18,4.9,154.46364091034656,149.0185353000398,151.37447352057552,81.905,4,2,0,161.61,3.29,164.57,0.0768,-0.0605,-0.0321,0.0049,0.0296,-4.435717928010004,0.7847049950039958
401620450,20240917,2024,LA,PHX,81,85,160.5,1.83,2.0,166,3.5,2.24,1.66,165.581722820634,166.38975737756365,157.5045286974439,81.82,2,2,0,161.3,3.43,164.48,-0.0964,0.0298,0.0035,0.0135,0.0363,6.827293586031882,0.58151930040039
401620451,20240917,2024,SEA,LV,72,85,162.5,1.87,1.95,157,7.5,4.13,1.24,161.28550138274736,159.6594066881497,166.65240601662276,81.915,2,2,0,160.91,3.02,164.77,-0.0832,-0.0837,0.0183,0.0675,-0.0234,0.041315129307977955,0.5352857512451101
401620452,20240919,2024,CON,CHI,87,54,153.5,1.95,1.85,141,-13.5,1.07,8.83,155.8282118524782,151.15332253779766,155.77537683403946,81.885,2,2,0,156.48,-0.24,164.63,0.0504,-0.0027,-0.0096,-0.0621,0.0243,6.286232174513199,0.969834322716662
401620453,20240919,2024,NY,ATL,67,78,156.5,1.85,1.91,145,-5.5,1.46,2.76,156.06055993749095,151.57743586824083,161.49233328262076,81.67,2,2,0,161.21,-1.63,164.54,0.1118,0.0607,0.0254,0.0143,-0.0408,0.9812598706703003,0.9404563062153073
401620454,20240919,2024,WSH,IND,92,91,164.5,1.85,1.91,183,-3.5,1.68,2.21,169.06611094726213,171.9007239836573,167.4620997159397,81.56,2,4,0,164.49,-6.14,164.35,0.0328,-0.0116,0.0129,-0.0319,-0.0594,2.183869938671592,0.45461219726771607
401620455,20240919,2024,MIN,LA,51,68,155.5,1.85,1.95,119,-5.5,1.48,2.69,162.69894771298846,161.92488373456447,161.7242560743083,81.705,2,2,0,161.22,-3.88,164.44,0.0339,0.0473,-0.0195,-0.0247,-0.0679,9.122695625164482,1.0681078755774123
401620456,20240919,2024,LV,DAL,98,84,168.5,1.89,1.89,182,1.5,2.38,1.58,173.46641435231186,178.8135215485797,170.36922959124553,81.395,2,4,0,163.15,-7.39,164.17,0.1013,0.074,-0.042,-0.1724,-0.0186,14.77817681837003,0.7038063813224282
401620457,20240919,2024,PHX,SEA,70,89,161.5,1.85,1.95,159,-2.5,1.76,2.07,163.64828592173492,163.4547814788064,161.76723668434806,81.535,2,2,0,159.76,-2.0,164.28,0.1263,0.0215,0.0285,-0.0027,0.0516,5.623842528682882,0.3830494147961928
401721253,20240922,2024,CON,IND,93,69,163.5,1.83,1.95,162,-6.5,1.37,3.09,165.55891719081498,166.4200671028094,168.38450995070525,81.59,3,3,0,162.71,-7.48,164.1,-0.0926,-0.0543,-0.0168,0.0162,-0.0132,11.98829866199944,0.7637563371400826
401721255,20240922,2024,NY,ATL,83,69,156.5,1.9,1.91,152,-12.5,1.1,7.15,154.58433970364433,149.30569228141675,159.8430999543587,81.56,3,3,0,159.39,-0.87,164.29,0.101,0.0714,0.0242,-0.0021,-0.034,6.565555672156243,0.8388019715161119
401721256,20240922,2024,LV,SEA,78,67,160.5,1.8,1.95,145,-9.5,1.21,4.45,162.3216809241413,161.3964194174013,167.81844887346446,81.495,3,3,0,159.37,-2.17,164.17,0.0962,0.1192,-0.0122,-0.0582,0.0328,6.576843310334307,0.7045495313749639
401721261,20240922,2024,MIN,PHX,102,95,157.5,1.85,1.95,197,-10.5,1.17,5.11,158.87815724461342,156.05377882783046,158.40237990520995,81.39,3,3,0,156.92,-0.7,163.96,-0.0642,0.0827,0.0085,0.0278,-0.0633,3.2549674783505194,1.0905122793639788
401721258,20240924,2024,NY,ATL,91,82,155.5,1.85,1.93,173,-12.5,1.1,7.31,153.97841990022206,148.3431230532751,159.05878995892283,81.62,2,2,0,159.97,-0.83,164.11,0.1072,0.087,0.019,-0.0082,-0.0347,5.166778622550262,0.8199891154045882
401721262,20240924,2024,LV,SEA,83,76,158.5,1.87,1.95,159,-7.5,1.25,4.03,159.88164063279487,157.52777747566122,165.53660398611802,81.71,2,2,0,158.84,-1.89,164.37,0.0854,0.1218,-0.021,-0.0698,0.0235,-3.747912249157192,0.6462469199333808
401721254,20240925,2024,CON,IND,87,81,163.5,1.91,1.91,168,-7.5,1.37,3.13,165.19999363717483,165.86006039252845,167.74605895563468,81.59,3,3,0,162.44,-6.31,164.21,-0.1058,-0.0144,-0.0197,0.0298,-0.0185,12.55930493876046,0.874769436028102
401721260,20240925,2024,MIN,PHX,101,88,160.5,1.88,1.91,189,-9.5,1.2,4.63,163.49808238375175,163.21040094504744,162.26214191468898,81.57,3,3,0,158.13,-0.41,164.12,-0.0621,0.0483,0.0094,0.0156,-0.0329,7.505196460590345,1.0077463890530334
401724938,20240929,2024,NY,LV,87,77,162.5,1.85,1.91,164,-4.5,1.54,2.49,160.547176507208,158.55901067311586,169.06112547463226,81.735,5,5,0,157.04,0.34,164.15,0.003,-0.0138,0.0231,0.1168,0.0477,-0.6031048168461303,0.6387366224858102
401725075,20240929,2024,MIN,CON,70,73,152.5,1.9,1.91,143,-4.5,1.55,2.49,157.69122417378654,154.12309507511796,165.68339889139997,81.665,4,4,0,157.2,0.73,164.05,0.0671,0.0216,0.0088,-0.0233,0.0232,-0.0885123435785852,0.6322711390204313
401724939,20241001,2024,NY,LV,88,84,163.5,1.89,1.91,172,-4.5,1.5,2.62,161.12755618408838,159.51610960580427,168.55501292716903,81.555,2,2,0,158.18,0.36,163.9,-0.0057,0.0023,0.0254,0.0919,0.0699,7.949489938739555,0.7381446373911016
401725076,20241001,2024,MIN,CON,77,70,150.5,1.72,2.07,147,-4.5,1.48,2.67,155.91692183915345,151.4177855676062,163.41505900226,81.445,2,2,0,156.65,0.26,164.03,0.0596,0.0007,0.0163,-0.0352,0.0519,1.4218691136827912,0.5651523827262349
401724940,20241004,2024,LV,NY,95,81,164.5,1.87,1.91,176,-3.5,1.62,2.31,162.63474669403212,161.90349864522386,168.89951163445215,81.43,3,3,0,158.22,-0.11,163.88,0.0029,0.0262,-0.0246,-0.0836,-0.063,9.068821995626317,0.6661367528408307
401725077,20241004,2024,CON,MIN,81,90,150.5,1.88,1.92,171,-2.5,1.68,2.2,154.47256970499558,149.12700701084557,161.773553102034,81.575,3,3,0,155.17,0.68,163.95,-0.046,-0.0152,-0.0291,0.0343,-0.0328,-1.512301585816489,0.6649886811967178
401724941,20241006,2024,LV,NY,62,76,166.5,1.91,1.91,138,-3.5,1.65,2.27,164.22116384714087,164.33714878070148,169.60956047100694,81.575,2,2,0,158.29,-0.04,163.94,-0.0036,0.0092,-0.028,-0.0726,-0.0721,9.21433071483608,0.6862856417294436
401725078,20241006,2024,CON,MIN,92,82,153.5,1.92,1.87,174,-1.5,1.75,2.12,156.52036812719982,152.359306309761,162.6961977918306,81.445,2,2,0,154.72,1.98,163.82,-0.0316,-0.044,-0.0233,0.0485,-0.0276,8.050754128504966,0.5838238629420633
401725079,20241008,2024,MIN,CON,88,77,150.5,1.81,1.98,165,-4.5,1.58,2.38,158.69083471175625,155.76437567878492,163.82657801264753,81.38,2,2,0,155.07,-1.6,164.1,0.062,0.0185,0.0306,-0.0496,0.0434,-1.4925950165704565,0.6452915440978013
401726989,20241013,2024,NY,MIN,80,66,162.5,1.91,1.9,146,-7.5,1.3,3.66,162.08803404217048,161.1149554997822,167.2905975260476,81.205,6,5,0,157.33,1.63,164.29,0.0309,0.0001,0.003,0.0868,-0.0264,4.812754043913397,0.7383818424596483
401726990,20241016,2024,MIN,NY,77,80,159.5,1.8,1.95,157,1.5,2.37,1.6,160.26519648661275,158.32245994980394,165.16153777344283,81.025,3,3,0,156.63,-0.74,164.15,-0.027,-0.0321,-0.0002,-0.0977,0.0134,1.590487670550671,0.48847834926471334
401726991,20241018,2024,MIN,NY,82,80,158.5,1.85,1.95,162,2.5,2.28,1.63,159.79636512207833,157.57521395482357,164.34538399609858,81.08,2,2,0,157.32,0.62,164.25,-0.0441,-0.0269,-0.0186,-0.0778,-0.0032,-1.3013920129415928,0.5183009048660117
401761558,20250502,2025,LV,DAL,112,78,166.5,1.91,1.9,190,-7.5,1.3,3.53,170.17326134788283,172.97754579902121,166.17265619025017,81.01,3,3,0,163.8,-6.88,163.99,0.1148,0.0293,-0.0392,-0.1258,-0.0446,-2.1822455417882756,0.18423437058497708
401761349,20250504,2025,SEA,CON,79,59,150.5,1.83,1.94,138,-7.5,1.28,3.53,159.6596331882865,157.9604631026057,161.69232666375916,81.2,3,3,0,158.11,1.37,163.93,0.016,-0.0671,-0.0147,-0.0648,-0.067,1.4564651705274392,0.526051595396418
401761347,20250506,2025,CHI,MIN,74,69,153.5,1.91,1.9,143,6.5,2.96,1.39,160.3144738755148,158.89415557756465,158.1279567072969,81.1,3,3,0,158.86,-0.91,163.59,-0.0427,-0.0217,-0.0013,0.0698,0.0373,0.017295644838481727,0.270160330321548
401761351,20250506,2025,GS,LA,82,83,153.5,1.87,1.92,165,6.5,3.23,1.33,162.23764546021707,161.63951600273123,159.99443564197912,80.98,3,3,0,,,,,,,,,,
401761355,20250506,2025,LV,PHX,85,84,169.5,1.9,1.9,169,-11.5,1.16,4.88,166.96135493024914,168.38922023473376,165.8745390244709,81.035,4,3,0,158.52,-0.08,163.22,-0.0123,0.058,-0.0292,0.0011,-0.0258,5.72112075501926,0.4017362097966045
401761344,20250507,2025,WSH,ATL,70,80,152.5,1.86,1.91,150,5.5,2.81,1.41,158.26707412539176,155.97149928412713,158.44755095221183,81.23,3,3,0,161.83,2.69,163.27,0.1473,0.0662,0.0405,-0.0894,-0.0665,-4.8936998250428445,0.346634244384155
401765028,20250509,2025,NY,CON,86,94,152.5,1.92,1.85,180,-13.5,1.07,7.43,158.12292998046738,155.7638833335122,160.84552059334382,81.14,3,5,0,158.96,0.6,163.33,0.0819,0.011,0.0087,0.0012,-0.0084,4.969519740355915,0.5317570849576221
401761345,20250510,2025,ATL,IND,76,81,171.5,1.77,2.0,157,3.5,2.56,1.5,163.3913404377087,163.29263186114983,161.94255045325949,81.24,3,3,0,162.91,-4.53,163.55,-0.0838,-0.046,-0.0187,0.0136,0.0237,1.7131845703310344,0.21869803553450817
401761348,20250510,2025,MIN,CHI,92,87,151.5,1.86,1.9,179,-6.5,1.29,3.45,157.50483367405812,154.8847400198082,156.61516103656723,81.35,4,4,0,159.6,1.79,163.34,0.0287,-0.0105,0.0115,-0.0463,-0.0038,-0.4184012068100064,0.27488281608429366
401761352,20250511,2025,PHX,GS,79,84,165.5,1.9,1.9,163,-8.5,1.26,3.75,167.3389617446525,168.9340196943355,163.3273779073294,81.32,5,5,0,165.95,-5.81,163.56,-0.0235,0.116,-0.0133,0.0138,-0.1784,2.4157360230426446,0.3257463407338531
401736112,20250516,2025,WSH,ATL,94,90,155.5,1.82,1.95,184,5.5,3.57,1.29,156.81520876445592,153.90013874461752,157.40773773547488,81.385,6,6,0,161.09,2.9,163.69,0.0542,0.0224,0.0428,-0.0631,-0.045,-1.5048493035199257,0.22719557085624484
401736113,20250516,2025,DAL,MIN,84,99,163.5,1.87,1.9,183,4.5,2.71,1.46,170.5279034149778,173.49326891300402,164.80182914742923,81.495,6,6,0,164.46,2.57,163.77,-0.0716,0.0468,0.0053,0.1187,0.0159,7.781500911998554,0.5618802402965262
401736114,20250516,2025,GS,LA,67,84,161.5,1.8,2.0,151,5.5,3.0,1.38,163.5846747391732,163.57556440245813,161.6129920777812,81.6,5,6,0,165.37,1.25,164.01,0.1663,-0.0434,-0.0543,-0.0387,0.1184,-5.222823890804555,0.23256879874749822
401736115,20250517,2025,IND,CHI,93,58,167.5,1.75,2.05,151,-8.5,1.26,3.87,165.0351189089591,165.64750759141086,161.4558595435601,81.585,6,6,0,163.03,4.52,163.93,0.0591,0.0022,0.0073,0.0389,0.0179,0.8454744304951876,0.4067121162409183
401736116,20250517,2025,NY,LV,92,78,167.5,1.75,2.07,170,-4.5,1.56,2.99,164.06121782222596,164.2551796083256,167.42836638830687,81.535,6,6,0,158.69,-1.64,163.71,-0.0179,0.02,0.0436,0.0514,-0.0078,-0.8445381002774071,0.32669561754614296
401736117,20250517,2025,PHX,SEA,81,59,154.5,1.73,2.1,140,3.5,3.08,1.37,162.09500731939082,161.4492635075134,161.75961260242752,81.705,6,6,0,159.8,0.7,163.73,0.1043,0.0377,0.0226,-0.0064,0.037,-9.80225101541797,0.3380880040887
401736118,20250518,2025,CON,WSH,85,90,156.5,1.75,2.02,175,3.5,2.41,1.59,160.52905262031587,159.20921282903117,161.2793025380469,81.555,6,2,0,159.47,-2.93,163.63,-0.0864,0.0059,-0.0286,0.0912,-0.0069,-1.520592646884892,0.09204296215780344
401736119,20250518,2025,LA,MIN,75,89,161.5,1.73,2.08,164,5.5,3.17,1.36,161.6859632332634,160.86421640363363,162.75319480328116,81.67,2,2,0,164.35,0.3,163.59,0.0055,-0.001,0.0197,0.0399,0.0156,1.5897251822259206,0.24823430615208297
401736120,20250519,2025,DAL,SEA,71,79,162.5,1.66,2.14,150,1.5,2.28,1.62,168.1803447161658,170.1371147846326,162.2386195366562,81.375,3,2,0,162.92,4.15,163.66,-0.0307,0.0955,0.0253,0.0722,0.0258,5.7592171878166525,0.5296681677777813
401736121,20250520,2025,CON,LV,62,87,166.5,1.91,1.9,149,12.5,7.44,1.08,163.64307373950263,163.65358518311672,164.8468149175822,81.31,2,3,0,160.03,-2.86,163.67,-0.1084,-0.0252,0.0296,0.0769,0.0547,3.4158504340221136,0.24062692837857194
401736122,20250520,2025,IND,ATL,90,91,169.5,1.75,2.07,181,-9.5,1.31,3.47,163.23200476563173,163.06583180753134,163.6034658671402,81.285,3,4,0,163.13,4.85,163.55,-0.0096,0.0348,0.003,-0.0174,-0.036,-3.3677880976151813,0.44587396021464987
401736123,20250521,2025,MIN,DAL,85,81,167.5,1.84,1.93,166,-12.5,1.14,5.56,170.86306004836533,173.97144781953327,165.95948160941765,81.46,3,2,0,164.66,-1.49,163.65,0.0767,-0.0143,-0.0138,-0.0907,-0.0135,-0.9483310926081935,0.21957218746926707
401736124,20250521,2025,GS,WSH,76,74,161.5,1.83,1.94,150,4.5,2.76,1.45,164.34600048085068,164.65905702824384,162.65829385988494,81.375,5,3,0,163.64,0.33,163.65,0.1685,-0.0761,-0.001,0.0353,0.0043,-1.3088329869795188,0.0013581630801084987
401736125,20250521,2025,PHX,LA,89,86,159.5,1.86,1.92,175,-5.5,1.47,2.69,162.60832355322722,162.17516311840282,160.46969968793962,81.305,4,3,0,160.16,-0.92,163.65,0.0408,0.0116,-0.0138,-0.0199,-0.0305,-5.078540477864365,0.31437669401794754
401736126,20250522,2025,ATL,IND,76,81,161.5,1.86,1.93,157,5.5,3.76,1.35,165.53003257738138,166.35224862677822,165.34311928042615,81.46,2,2,0,163.53,-4.57,163.78,0.0433,-0.0631,-0.0052,0.0278,0.0432,-6.825206691610241,0.15563063881610023
401736127,20250522,2025,CHI,NY,74,99,162.5,1.75,2.03,173,11.5,5.69,1.13,161.28473902208245,160.28474195688395,159.29857176259264,81.335,5,5,0,159.46,1.52,163.61,-0.0367,-0.0369,0.0102,0.0017,-0.0338,3.936516168272375,0.2555065820461771
401736128,20250523,2025,MIN,CON,76,70,156.5,1.85,1.92,146,-16.5,1.06,9.43,161.6397175476831,160.7926399036471,162.44978714787678,81.375,2,3,0,159.53,2.1,163.61,0.0563,0.0395,0.0058,-0.0397,-0.0194,-0.750651121837083,0.4104682274788375
401736129,20250523,2025,LV,WSH,75,72,164.5,1.84,1.92,147,-15.5,1.07,8.51,163.60460121900948,163.59796692412863,165.63682731779892,81.275,3,2,0,163.59,-1.56,163.55,0.0448,0.0165,-0.0575,0.0192,-0.0581,2.755438583752721,0.28325042547984897
401736130,20250523,2025,LA,GS,73,82,158.5,1.77,2.03,155,-11.5,1.17,4.96,162.7957384869011,162.43918644939197,160.2580712247025,81.105,2,2,0,164.35,-0.98,163.34,-0.156,0.0919,0.0191,0.0014,-0.0314,3.8964266777524146,0.5169994093695656
401736131,20250523,2025,SEA,PHX,77,70,156.5,1.81,1.97,147,-6.5,1.39,2.99,160.23268827549856,158.7760034410858,160.42528620796628,81.03,4,2,0,160.53,-0.71,163.27,-0.1365,-0.0129,-0.0164,0.0009,-0.0456,-0.6557894483648323,0.12540418442586437
401736132,20250524,2025,IND,NY,88,90,169.5,1.72,2.12,178,2.5,2.48,1.54,167.62059446418084,169.33022382872818,169.8056449477449,80.99,2,2,0,163.84,5.17,162.96,-0.0545,-0.0258,-0.0107,0.0463,0.0047,10.04887920890237,0.46593085722741506
401736133,20250524,2025,ATL,DAL,83,75,168.5,1.8,1.96,158,-6.5,1.31,3.44,169.22955794391498,171.6284540194354,162.0832932177854,80.965,2,3,0,162.42,-2.5,162.64,0.1094,-0.0486,-0.0149,-0.0185,0.076,1.4999941634549099,0.29366771223679283
401736134,20250525,2025,ATL,CON,79,55,157.5,1.85,1.94,134,-10.5,1.29,3.62,159.13919347156303,157.32891179695235,158.01259222546767,80.85,1,2,1,158.36,0.8,162.69,0.0801,0.0244,-0.0297,-0.0089,0.0543,1.8206446234300278,0.6863015357663265
401736135,20250525,2025,LA,CHI,91,78,159.5,1.61,2.18,169,-5.5,1.53,2.5,162.10806146134013,161.44775568161378,154.94956475793953,80.625,2,3,0,163.34,0.45,162.61,0.0397,-0.0027,0.0042,-0.0184,0.0747,4.043587384219361,0.4967512497925495
401736136,20250525,2025,PHX,WSH,68,62,159.5,1.67,2.14,130,-5.5,1.42,2.85,162.90166130876395,162.583050514331,160.95141067150564,80.705,2,2,0,162.56,-1.26,162.59,0.0562,-0.0169,-0.0066,0.019,-0.0483,-7.648663487044917,0.31009576483001494
401736137,20250525,2025,SEA,LV,102,82,158.5,1.9,1.88,184,3.5,2.81,1.43,158.51674624322996,156.31252281436204,161.90449150168303,80.39,2,2,0,160.98,-0.93,162.37,-0.1386,-0.0196,0.0357,-0.0124,-0.0425,2.8680080835003396,0.3380779498350613
401736138,20250527,2025,CON,DAL,87,109,160.5,1.68,2.09,196,4.5,2.59,1.5,165.38072213421273,166.12287974356343,157.22023936562505,80.6,2,3,0,161.18,-4.16,162.35,0.0149,-0.0506,0.0182,-0.0301,0.0331,4.998857656965189,0.22772001873693695
401736139,20250527,2025,NY,GS,95,67,162.5,1.87,1.91,162,-18.5,1.05,10.52,165.08917762212008,165.70822189563108,165.9453525375635,80.7,3,4,0,162.31,-2.32,162.32,-0.1046,0.1047,-0.0063,-0.0286,-0.0325,-1.5081703660221963,0.50707979147585
401736140,20250527,2025,MIN,SEA,82,77,155.5,1.85,1.92,159,-7.5,1.3,3.48,159.89523178306808,158.29024585176754,163.63400335731345,80.835,4,2,0,160.53,1.1,162.19,0.0855,-0.0246,0.0187,0.0288,0.0643,2.681581469695654,0.34355391197470575
401736141,20250527,2025,LA,ATL,82,88,160.5,1.87,1.92,170,-2.5,1.74,2.09,160.32948477493105,158.90906867772696,160.48597652357347,80.75,2,2,0,160.89,1.39,162.27,-0.0268,0.0292,0.0199,-0.0252,0.0335,-0.709157134199243,0.4159267189809802
401736142,20250527,2025,PHX,CHI,94,89,155.5,1.68,2.12,183,-7.5,1.3,3.51,160.93223158200965,159.77104197875303,155.26738397063548,80.795,2,2,0,161.51,-0.99,162.23,0.0778,0.0197,-0.0006,-0.0508,0.0546,2.18797850255383,0.48434924974516763
401736143,20250528,2025,WSH,IND,83,77,159.5,1.56,2.35,160,2.5,2.45,1.55,163.85390893048606,163.949202123814,163.50670413926304,81.01,3,4,0,167.14,-3.16,162.44,0.0347,-0.0005,0.0456,-0.0524,0.0912,-9.802168604534968,0.40032705943753993
401736144,20250529,2025,NY,GS,82,77,162.5,1.73,2.07,159,-18.5,1.07,8.29,164.5678333017603,164.967399706068,165.55081728380716,80.915,2,2,0,162.72,-2.36,162.45,-0.0905,0.0879,-0.0206,-0.0256,-0.0383,3.176876542910717,0.5946742043304029
401736145,20250529,2025,CHI,DAL,97,92,169.5,1.63,2.25,189,1.5,1.92,1.88,172.0245026711422,175.62172728252358,161.49137020596464,80.975,2,2,0,164.25,-0.35,162.4,0.0525,-0.0543,0.0332,-0.0149,-0.0282,-2.4291289532913343,0.14774865418041136
401736146,20250530,2025,IND,CON,83,85,156.5,1.68,2.07,168,-12.5,1.13,5.67,164.6666240423821,165.1117132623857,161.03288187808704,81.085,2,3,0,164.97,5.72,162.63,0.01,0.0182,-0.0117,0.012,-0.0365,-2.627774136856807,0.5511281308225222
401736147,20250530,2025,WSH,NY,63,85,162.5,1.86,1.91,148,7.5,3.97,1.24,161.2859371681709,160.40301805169196,164.94174615689695,81.23,2,1,1,162.8,2.39,162.89,-0.1214,-0.0138,0.0455,0.0329,0.0275,-0.532484180583033,0.0900214733507694
401736148,20250530,2025,LV,LA,96,81,164.5,1.72,2.1,177,-10.5,1.18,4.84,164.8139245395219,165.32122555656122,164.01623982636914,81.035,5,3,0,162.26,0.22,162.75,0.029,-0.017,-0.0544,-0.0496,-0.03,-7.109761537752737,0.2075032305479463
401736149,20250530,2025,PHX,MIN,71,74,156.5,1.85,1.95,145,3.5,2.7,1.46,162.11017139082898,161.4590759587939,163.6697374608728,81.07,3,3,0,161.5,0.97,162.87,0.0963,0.0208,0.0112,-0.0214,-0.0148,-0.34052498034357714,0.3883410730895076
401736150,20250530,2025,SEA,ATL,87,94,156.5,1.9,1.9,181,-5.5,1.48,2.63,157.74601789474713,155.22306279652182,161.15974255156638,81.015,3,3,0,159.8,-1.14,162.93,-0.1598,0.0159,-0.0063,-0.0468,-0.0516,-3.1319537847797405,0.3037801246593554
401736151,20250531,2025,DAL,CHI,83,94,171.5,1.85,1.92,177,-3.5,1.69,2.17,174.57167191912848,179.26455455427129,164.24223318536818,81.175,2,2,0,165.04,-0.72,162.91,-0.0407,0.0588,-0.0297,-0.004,0.0139,7.480823134634812,0.5796563259655059
401736152,20250601,2025,NY,CON,100,52,162.5,1.78,2.01,152,-18.5,1.04,11.43,161.95007670712806,161.23520446238058,163.53673487868252,81.33,2,2,0,159.23,1.07,163.09,0.1394,0.0046,-0.0288,-0.0317,0.0126,-3.8151408312598867,0.30987107967867955
401736153,20250601,2025,LA,PHX,80,85,160.5,1.58,2.22,165,-2.5,1.53,2.5,162.80896147418787,162.46069096978565,160.58120296873147,81.245,2,2,0,162.26,-0.21,163.02,-0.0399,0.0333,0.0055,0.0152,0.0566,2.1447566342075857,0.3855921769542685
401736154,20250601,2025,SEA,LV,70,75,159.5,1.8,1.99,145,1.5,2.3,1.61,163.3031581292786,163.16851388881588,165.66474315604745,81.34,2,2,0,161.76,-1.56,163.04,-0.1374,-0.0291,0.0366,0.0199,-0.0482,-5.944176408014199,0.3475179803805055
401736155,20250601,2025,GS,MIN,75,86,157.5,1.83,1.95,161,9.5,6.94,1.09,159.9649860140083,158.3997948225749,160.75903607658137,81.365,3,2,0,161.83,0.8,162.98,0.1414,-0.0369,0.0133,0.0053,0.0103,-12.131708789662888,0.07307379641731385
401736156,20250603,2025,IND,WSH,85,76,160.5,1.8,1.95,161,-5.5,1.45,2.73,162.525755873334,162.05505372028938,161.44043035280308,81.19,4,4,0,167.23,1.62,162.98,0.0176,0.0064,-0.026,0.0236,-0.0345,-4.7507323885439465,0.38136650922490267
401736157,20250603,2025,MIN,PHX,88,65,156.5,1.72,2.12,153,-12.5,1.11,6.53,159.9285070263352,158.345251526623,162.72248734330697,81.235,2,2,0,160.82,-0.97,163.15,-0.0726,0.004,-0.0072,0.0221,0.0111,-1.344741075772753,0.2476967607844391
401736158,20250603,2025,SEA,DAL,83,77,164.5,1.78,1.99,160,-10.5,1.18,4.76,169.45672135899716,171.95729116825999,164.8232842051801,81.195,2,3,0,162.42,-1.96,163.03,-0.0164,-0.019,0.0127,-0.08,-0.054,-1.8776828599854851,0.22705388510181398
401736159,20250605,2025,WSH,NY,78,86,159.5,1.84,1.96,164,11.5,6.74,1.1,158.943911615791,156.93904462187052,164.52281438708656,81.26,2,4,0,160.98,1.58,163.09,-0.2195,-0.0842,0.0295,0.051,0.0218,8.126276672548968,0.29936543406920524
401736160,20250605,2025,PHX,GS,86,77,156.5,1.85,1.95,163,-7.5,1.38,2.99,160.19328609645666,158.7232565876751,157.32301646694538,81.22,2,4,0,161.47,-0.23,162.69,-0.0682,0.0245,-0.0136,-0.0368,-0.0555,3.069326826728985,0.5248289966502266
401736161,20250606,2025,CON,ATL,84,76,157.5,1.77,2.02,160,9.5,4.64,1.19,160.26543752745752,158.82605804993176,157.1359331244861,81.205,5,6,0,159.38,-2.69,162.69,-0.0954,-0.0168,0.0429,-0.0286,-0.0038,3.0038114851065028,0.16950793352599547
401736162,20250606,2025,DAL,LA,79,93,170.5,1.64,2.16,172,2.5,2.23,1.65,172.27529810068557,175.9861002208764,164.7195361214342,81.3,3,5,0,163.97,1.93,162.73,-0.1273,-0.0047,-0.0177,0.0814,-0.047,3.3163668808723896,0.5410831954522641
401736163,20250607,2025,GS,LV,95,68,159.5,1.79,1.98,163,10.5,6.28,1.11,162.42454207836468,161.91437103431318,161.97702354188442,81.4,2,6,0,162.39,-0.31,162.91,0.0958,-0.0823,0.0592,0.0517,0.0407,-3.1841187281097745,0.31732522241213496
401736164,20250607,2025,CHI,IND,52,79,164.5,1.74,2.05,131,2.5,2.25,1.64,168.99467540966282,171.30090750831877,164.85508969054118,81.395,6,4,0,167.64,0.86,162.77,0.0106,-0.0359,0.0257,0.1078,-0.0551,2.078415653881031,0.1915421346135556
401736165,20250607,2025,PHX,SEA,77,89,153.5,1.77,1.99,166,5.5,2.88,1.41,158.77314572707184,156.6959144259666,159.81826520095328,81.305,2,4,0,161.47,-0.59,162.55,0.1531,-0.035,-0.0039,0.036,0.016,-1.5120405761155902,0.35544299511390565
401736166,20250608,2025,WSH,CON,104,67,157.5,2.01,1.79,171,-7.5,1.28,3.63,157.87887543947414,155.41912667590933,153.185572744299,81.35,3,2,0,158.88,1.72,162.7,-0.0621,0.0021,0.0039,0.0237,0.0757,6.233523446739067,0.4638616006935642
401736167,20250608,2025,DAL,MIN,65,81,167.5,1.91,1.85,146,9.5,6.08,1.12,168.66959872438366,170.8311568872231,166.47704671359458,81.11,2,5,0,162.43,2.55,162.63,-0.1047,-0.0367,-0.0243,0.0865,-0.0194,-1.9566695794235693,0.4507747197179456
401736169,20250610,2025,ATL,IND,77,58,160.5,1.8,1.96,135,-5.5,1.43,2.8,162.6686276887384,162.25571908246366,165.19351565350894,81.005,4,3,0,162.48,0.4,162.53,0.0913,-0.0472,-0.0072,0.0399,-0.023,1.5529876825934907,0.17516404255138474
401736170,20250610,2025,NY,CHI,85,66,163.5,1.85,1.94,151,-18.5,1.04,10.27,164.15330906670295,164.37256340373602,164.9833650840945,80.775,5,3,0,162.21,-3.64,162.22,0.1597,0.093,-0.0269,-0.1377,0.07,7.617343682051251,0.4901497708926802
401736171,20250611,2025,LV,LA,89,97,166.5,1.77,2.04,186,-11.5,1.22,4.3,166.15516375492604,167.23220343073314,163.95483883342308,80.755,4,5,0,163.23,-1.0,162.09,0.0155,0.0098,-0.032,-0.0267,-0.0198,-0.31789145900762933,0.183322851430567
401736172,20250611,2025,PHX,DAL,93,80,166.5,1.83,1.94,173,-7.5,1.35,3.2,168.23373387206394,170.2026586088605,161.04664808063302,80.8,4,3,0,161.97,-1.88,162.3,0.1321,0.0025,0.0023,-0.0869,-0.028,1.4058029105613383,0.3466617747283685
401736173,20250611,2025,SEA,MIN,94,84,154.5,1.85,1.92,178,3.5,2.4,1.57,158.24149741126,155.92870557301026,163.81913264246003,80.895,4,3,0,158.77,1.95,162.23,-0.1061,0.0006,0.0096,-0.0284,-0.0122,3.2044608653930133,0.28092723299466293
401736174,20250613,2025,ATL,CHI,88,70,157.5,1.82,1.96,158,-12.5,1.11,6.49,160.41646598073714,159.03791003073167,157.63485467995918,80.995,3,3,0,163.11,-1.89,162.21,0.0905,0.0081,-0.0552,-0.0543,0.035,-2.3410067188948744,0.506983331237008
401736175,20250613,2025,LV,DAL,88,84,168.5,1.77,2.0,172,-7.5,1.41,2.9,171.39786348123766,174.72701923335293,164.34189333709293,81.005,2,2,0,163.62,0.39,162.07,0.1142,0.0317,-0.0337,-0.1184,0.0432,0.7924043625642652,0.16983341712619127
401736176,20250614,2025,MIN,LA,101,78,162.5,1.83,1.92,179,-11.5,1.15,5.41,164.87774237322043,165.4124009329576,166.20386945099943,81.035,3,3,0,159.99,-4.06,162.2,0.0107,0.0444,-0.0055,0.0025,-0.0971,-11.869589854675084,0.13260849517903925
401736177,20250614,2025,IND,NY,102,88,168.5,1.76,2.03,190,3.5,2.42,1.57,160.4240495086975,159.05154420684804,168.12433798388392,81.145,4,4,0,159.35,0.34,162.11,-0.1281,-0.0317,0.0053,0.0114,-0.0105,-6.138056029321171,0.15345546711621338
401736178,20250614,2025,GS,SEA,76,70,153.5,1.79,2.0,146,9.5,4.64,1.19,161.27982957685862,160.2787544888179,162.39116944316902,81.39,6,3,0,161.74,1.63,162.43,0.1912,-0.1095,0.0127,0.0617,0.061,-3.3557807552577326,0.12514070039519357
401736182,20250617,2025,IND,CON,88,71,164.5,1.78,2.0,159,-17.5,1.04,10.39,162.16724947871597,161.5466884601901,158.25477719733607,81.395,3,6,0,159.37,1.8,162.23,0.04,0.0669,-0.0314,-0.0114,0.0436,5.65957732727093,0.6268476002546288
401736183,20250617,2025,NY,ATL,86,81,162.5,1.9,1.9,167,-8.5,1.26,3.8,160.9939921037702,159.86823724025732,168.83291301305425,81.275,3,4,0,160.94,0.76,162.39,0.0469,0.0332,-0.0021,-0.0889,0.06,0.512436099589832,0.387382565009903
401736184,20250617,2025,CHI,WSH,72,79,155.5,1.91,1.89,151,2.5,2.61,1.5,160.00152499132867,158.4547971216927,155.86259865693756,81.515,4,6,0,162.48,1.19,162.33,0.0527,-0.0072,0.0145,0.044,-0.1461,-16.406509781405564,0.1415432430056365
401736185,20250617,2025,DAL,GS,80,71,162.5,1.74,2.05,151,-3.5,1.6,2.35,167.01856472027987,168.4770208965834,161.38632211266992,81.36,4,3,0,162.82,0.4,162.26,-0.1454,0.0654,-0.0205,0.0342,-0.0407,1.1993446928244982,0.3837212731069294
401736186,20250617,2025,MIN,LV,76,62,161.5,1.91,1.83,138,-13.5,1.1,6.8,164.93442776608978,165.49870580403655,167.95426711785427,81.32,3,4,0,159.63,-4.05,162.33,-0.0186,0.0674,0.0111,0.0084,-0.1188,0.7035928760970775,0.528124708049251
401736187,20250617,2025,LA,SEA,67,98,154.5,1.82,1.96,165,6.5,4.11,1.23,165.43710406259765,166.21463048899565,164.00264977761108,81.2,3,3,0,162.26,1.57,162.06,0.0577,-0.0076,0.0155,0.0435,0.1318,-2.317043383706136,0.45842690812622267
401736188,20250618,2025,CON,PHX,75,83,154.5,1.67,2.06,158,12.5,8.42,1.07,161.28721151467963,160.40549195717054,155.31897585590303,81.265,1,6,1,158.49,-1.53,162.18,-0.1058,-0.0715,0.0269,-0.0079,0.0357,4.617668616607409,0.4777934625891315
401736189,20250619,2025,NY,PHX,81,89,161.5,1.74,2.06,170,-11.5,1.14,5.56,163.278329098466,163.25137859112485,167.90181425908622,81.33,2,1,1,160.24,2.01,162.12,0.041,0.0086,-0.004,-0.0355,0.0843,2.7194018455450313,0.06849832697000724
401736190,20250619,2025,GS,IND,88,77,161.5,1.7,2.07,165,11.5,5.34,1.16,160.75470915589656,159.5248848635957,162.4232306118226,81.195,2,2,0,161.13,1.11,161.9,0.0378,-0.0971,0.0232,0.0221,0.0304,-0.1985197121086511,0.09895310076739428
401736191,20250620,2025,ATL,WSH,92,91,156.5,1.86,1.93,183,-9.5,1.22,4.26,158.024250831894,155.62318220443146,161.50208735668775,81.155,3,3,0,159.74,-1.07,162.07,0.1652,0.0042,-0.0407,-0.0306,-0.127,-8.0231777718765,0.21968353096380677
401736192,20250620,2025,CON,DAL,83,86,164.5,1.89,1.88,169,4.5,2.57,1.5,166.14658225485144,167.2296489212049,156.2904370677528,81.275,2,3,0,160.21,-2.89,162.05,0.0434,-0.0366,0.0202,-0.098,-0.0003,-5.4785695797565355,0.22740219153582103
401736193,20250620,2025,LV,SEA,83,90,160.5,1.91,1.9,173,-2.5,1.68,2.18,162.02216182051504,161.3372579080333,164.02609095060927,81.28,3,3,0,162.14,-0.2,162.04,0.0906,-0.041,-0.0033,0.0346,0.0962,-11.024896210874635,0.13372066714191128
401736194,20250621,2025,CHI,PHX,86,107,160.5,1.9,1.9,193,10.5,4.98,1.17,161.81556394325023,161.04060209630654,157.26470654056004,81.2,4,2,0,161.04,2.04,162.15,-0.1333,-0.0275,0.0601,0.0618,-0.027,-6.779506209875049,0.05002055379520021
401736195,20250621,2025,MIN,LA,82,66,161.5,1.79,1.98,148,-10.5,1.26,3.88,164.64855048068674,165.09074475569565,165.03513425530957,81.345,4,4,0,159.49,-4.0,162.45,0.0326,0.0078,-0.0449,-0.0214,-0.1375,-10.227623016820697,0.11367365608714497
401736196,20250622,2025,ATL,CHI,93,80,159.5,1.9,1.88,173,-16.5,1.06,9.35,163.17559189370093,163.10534641240335,159.28380906169025,81.37,2,1,1,160.34,-2.09,162.07,0.1077,0.0292,-0.0717,-0.0611,-0.0014,4.764770288095002,0.26231367077386036
401736198,20250622,2025,LV,IND,89,81,171.5,1.89,1.89,170,1.5,1.91,1.89,164.36002700804593,164.67909647211786,164.38522688211845,81.375,2,3,0,160.36,0.23,162.32,0.0017,0.0268,-0.0036,-0.0133,0.0565,-0.6864046879487428,0.11483809373694606
401736199,20250622,2025,SEA,NY,89,79,160.5,1.86,1.91,168,-3.5,1.55,2.45,163.5867116540802,163.57642137190436,169.95089736368124,81.49,2,3,0,162.08,-1.32,162.48,-0.1253,0.0748,-0.0079,-0.0022,-0.1279,-4.915759197872513,0.2454940883550984
401736200,20250622,2025,GS,CON,87,63,153.5,1.89,1.91,150,-10.5,1.2,4.59,159.80858776447826,158.17793800513587,155.1573390810509,81.45,3,2,0,159.27,2.56,162.67,0.0823,-0.0096,-0.0052,0.0139,0.0366,3.420829524020106,0.40956920317043966
401736201,20250624,2025,WSH,MIN,68,64,156.5,1.91,1.86,132,5.5,3.79,1.27,158.7841151083931,156.71233277532386,164.55759095403994,81.345,4,3,0,158.62,3.15,162.36,-0.1433,-0.0475,0.0275,0.0647,0.1987,-1.7105484054811555,0.4517577906983255
401736202,20250624,2025,CHI,LA,97,86,164.5,1.72,1.97,183,3.5,2.78,1.44,167.13225959082789,168.63861476852404,156.65420302021857,81.315,2,3,0,161.32,-1.04,162.23,-0.0795,-0.051,0.0077,0.0189,-0.0701,-0.13121436938763043,0.23481403178306456
401736203,20250624,2025,DAL,ATL,68,55,166.5,1.7,2.11,123,6.5,4.01,1.24,167.59306753549464,169.2978026026098,165.78712984236003,81.36,4,2,0,161.92,3.47,162.37,-0.1289,-0.0563,0.0346,0.1104,0.0244,-8.932778440866498,0.30117165029467124
401736204,20250624,2025,SEA,IND,86,94,165.5,1.7,2.11,180,-3.5,1.59,2.35,163.76125956851894,163.81944874757028,166.9320830990371,81.15,2,2,0,161.6,1.89,162.21,-0.0623,0.0433,-0.0246,-0.0272,-0.0364,-6.629730600876269,0.25044462836341574
401736205,20250625,2025,GS,NY,78,81,160.5,1.7,2.13,159,7.5,4.44,1.21,161.92023760108978,161.19238722665614,166.03654132385236,81.32,3,3,0,162.76,-1.01,162.27,-0.0279,-0.0517,-0.0113,0.0666,0.0118,-0.3741698497777631,0.112336664676085
401736206,20250625,2025,LV,CON,85,59,159.5,1.86,1.94,144,-18.5,1.03,12.96,162.86705475205565,162.5452742900159,156.3754925712761,81.33,3,3,0,159.38,2.84,162.22,0.0482,0.0772,-0.0088,-0.0209,0.0087,3.283783890866974,0.4391614601564562
401736207,20250626,2025,IND,LA,75,85,167.5,1.84,1.92,160,-10.5,1.4,2.96,168.6559129577146,170.81403071252848,164.2961195306441,81.24,2,2,0,160.82,-2.61,162.24,0.0157,0.0152,-0.0237,0.0167,-0.0924,-2.3718946061035577,0.3797673439106721
401736208,20250626,2025,LV,WSH,83,94,158.5,1.8,1.96,177,-8.5,1.23,4.21,160.16106745133933,158.79332410034945,162.06863815634006,81.09,1,2,1,162.1,0.66,162.29,0.1436,0.0417,-0.0198,-0.08,-0.0872,-2.720059143816038,0.4555029340779044
401736210,20250627,2025,DAL,IND,86,94,166.5,1.89,1.89,180,1.5,2.06,1.76,165.7901187420281,166.8390867777041,163.69993855333,81.285,3,1,1,159.29,2.05,162.64,-0.1184,-0.0581,-0.005,0.0655,0.0448,2.023635915099118,-0.05856212330280597
401736211,20250627,2025,GS,CHI,83,78,156.5,1.78,2.0,161,-8.5,1.23,4.08,162.91310158778302,162.61367364470442,159.08419830357133,81.47,2,3,0,161.51,-1.13,162.79,0.1362,-0.018,-0.0362,-0.0088,0.0024,-2.286783048125106,0.47342248544881005
401736212,20250627,2025,PHX,NY,106,91,167.5,1.83,1.96,197,-1.5,1.78,2.04,166.1057932601568,167.1746407767483,169.43571441588475,81.45,6,2,0,161.33,-0.24,162.41,-0.0154,0.0159,-0.0009,0.0618,-0.0397,1.0572245195714163,0.1386872059087606
401736213,20250627,2025,SEA,CON,97,81,155.5,1.8,1.98,178,-19.5,1.03,12.2,160.7984033583797,159.59468259141207,157.02478432876592,81.59,3,2,0,160.94,3.25,162.61,0.0302,0.1063,-0.0159,-0.0218,-0.0492,5.35521601559706,0.5003869436186538
401736214,20250628,2025,DAL,WSH,79,71,159.5,1.88,1.91,150,2.5,3.48,1.31,162.86789664089335,162.6724671570865,162.27961861336814,81.73,1,2,1,160.8,-0.47,162.8,0.0497,-0.0819,-0.0103,0.0338,-0.0712,-4.081635323294131,0.37239610584472593
401736215,20250629,2025,ATL,NY,90,81,164.5,1.84,1.94,171,-1.5,1.8,2.01,163.5026383141434,163.4579871594763,166.6202946072873,81.58,5,2,0,160.69,-1.57,162.59,0.0052,-0.0163,-0.0234,0.0406,-0.0082,-2.855317178993754,0.2434569175864088
401736216,20250629,2025,LA,CHI,85,92,167.5,1.91,1.9,177,-6.5,1.27,3.75,168.12807999390012,170.06757796250446,159.65990444637706,81.65,3,2,0,162.91,0.64,162.7,0.0588,-0.0003,0.0245,-0.0139,0.0653,0.17861624724526504,0.37067449486148263
401736217,20250629,2025,PHX,LV,81,84,167.5,1.85,1.94,165,-5.5,1.42,2.87,167.85128295873142,169.67193643241583,168.89715706886736,81.64,2,3,0,161.4,-0.05,162.7,0.0645,0.0004,0.0036,0.0832,-0.0297,4.877100111303784,0.5501654766338806
401736218,20250629,2025,MIN,CON,102,63,154.5,1.9,1.9,165,-20.5,1.03,12.44,156.18793185437457,153.00890583658276,155.19840164944836,81.65,5,2,0,158.27,0.48,162.77,0.1071,0.0517,0.0051,0.0131,-0.0303,8.479006272051404,0.4650585865947444
401736219,20250629,2025,GS,SEA,84,57,157.5,1.83,1.93,141,4.5,2.68,1.47,162.03444223315876,161.35993554429183,166.00276948004722,81.555,2,2,0,162.55,-1.57,162.82,0.0539,-0.0742,-0.0048,0.0607,0.0815,-1.3408635908059607,0.21561648021657384
401736430,20250701,2025,MIN,IND,59,74,158.5,1.81,1.97,133,-10.5,1.17,4.89,161.31040735907868,160.32160049085945,167.82197475740116,81.345,2,4,0,157.92,1.74,162.72,0.0318,0.0104,0.0055,-0.0251,-0.019,-7.211085521681668,0.3112460116048093
401736220,20250703,2025,IND,LV,81,54,162.5,1.82,1.96,135,4.5,2.61,1.49,164.4745911342525,164.84053236984548,165.75089038280137,81.255,2,4,0,157.5,-2.89,162.5,-0.0157,-0.0033,0.0138,0.0959,-0.0429,1.6098864430056858,0.4244301814368475
401736221,20250703,2025,NY,LA,89,79,168.5,1.73,2.06,168,-10.5,1.17,4.93,170.784684628675,173.85415480227576,166.52535200093496,81.175,4,4,0,163.36,-0.4,162.35,0.0281,0.0136,-0.0355,-0.0635,-0.0532,4.5924606497207945,0.34134345736362703
401736222,20250703,2025,ATL,SEA,79,80,157.5,1.84,1.94,159,1.5,1.81,2.0,161.64573698506968,160.797320145159,164.48111905351269,81.165,4,4,0,162.01,-1.01,162.53,0.0256,-0.0554,-0.0078,0.0295,0.069,3.4147384800857097,0.3915340761746863
401736223,20250703,2025,DAL,PHX,98,89,165.5,1.91,1.88,187,11.5,5.35,1.15,168.3011570515652,170.30757070926904,166.8535012073765,81.26,5,4,0,160.04,-0.93,162.63,-0.1609,-0.0813,0.0103,0.0422,0.0519,-4.790682572540193,0.18975994943649904
401736224,20250703,2025,MIN,WSH,92,75,154.5,1.81,1.96,167,-12.5,1.13,5.87,154.5539459865398,150.66830059321106,161.29448380549508,81.32,2,5,0,159.68,-0.82,162.65,0.1477,-0.0213,0.0155,-0.0314,-0.1328,-8.320656313901202,0.29726691335740785
401736225,20250705,2025,IND,LA,87,89,162.5,1.8,1.97,176,-5.5,1.43,2.82,165.03958384178262,165.64922034647333,163.92903986073864,81.335,2,2,0,158.45,-4.75,162.97,-0.0202,0.0263,-0.0295,0.0588,-0.119,-3.5115331518607755,0.3411257213041498
401736226,20250705,2025,MIN,GS,82,71,154.5,1.78,1.98,153,-9.5,1.19,4.63,153.93664905677957,149.78908611895108,163.0818917579968,81.465,2,6,0,160.64,-0.97,162.93,-0.0369,0.0279,0.0058,-0.014,-0.0876,0.6134624403862117,0.4292006444989144
401736227,20250706,2025,CON,LV,68,86,156.5,1.88,1.91,154,16.5,9.9,1.05,160.69830897748466,159.44971976339693,152.25947632328104,81.485,6,3,0,159.12,-1.22,162.89,-0.0713,-0.0438,0.0033,0.0139,-0.0394,5.115810332124413,0.04216750734403396
401736228,20250706,2025,NY,SEA,70,79,166.5,1.82,1.97,149,-5.5,1.44,2.77,166.7137571714388,168.0413612558958,168.09908538428016,81.35,3,3,0,163.04,0.62,162.84,0.0293,-0.0287,0.0159,0.0066,0.0792,5.440417554173757,0.38590286806720236
401736229,20250706,2025,MIN,CHI,80,75,160.5,1.8,1.98,155,-15.5,1.08,7.51,161.06908120257276,160.09385315407744,162.41791318111132,81.265,1,6,1,159.22,-1.46,162.82,0.0637,-0.0011,-0.0201,-0.0176,-0.0619,1.533306799027641,0.7835388278358006
401736230,20250707,2025,ATL,GS,90,81,156.5,1.78,2.0,171,-7.5,1.31,3.41,156.9702401740085,154.1198561341564,161.3055965264608,81.29,4,2,0,158.66,0.64,162.89,-0.0405,-0.0284,0.0022,0.0063,0.0306,4.89383800753177,0.19019594765524048
401736231,20250707,2025,PHX,DAL,102,72,163.5,1.91,1.91,174,-7.5,1.4,2.95,171.16887492342602,174.40481363834215,168.86815108663887,81.27,4,4,0,161.8,0.24,162.71,0.1375,0.0646,-0.0152,-0.047,-0.0587,9.481117567021279,0.23514363519912967
401736232,20250708,2025,WSH,CHI,81,79,159.5,1.89,1.88,160,-6.5,1.34,3.28,163.32142871370579,163.19489671272788,159.21568160009326,81.355,5,2,0,160.71,0.9,162.72,-0.0583,-0.0193,0.0026,0.0012,0.1317,0.2861604022578516,0.27646895304821634
401736233,20250708,2025,NY,LV,87,78,165.5,1.9,1.91,165,-5.5,1.55,2.45,164.0621918516728,164.25199829759217,164.47762045616162,81.29,2,2,0,161.09,1.99,162.73,0.0187,0.001,-0.0088,0.0089,-0.0128,-1.6740713961259366,0.3153347995281535
401736234,20250709,2025,CON,SEA,93,83,155.5,1.9,1.87,176,17.5,10.0,1.05,160.27492662192122,158.84297461977124,154.1450850806434,81.385,3,3,0,160.49,-1.92,162.71,-0.0683,-0.0528,0.0287,0.0051,0.0703,14.591171158045288,0.11980082749493676
401736235,20250709,2025,IND,GS,61,80,162.5,1.71,2.07,141,-8.5,1.3,3.5,158.91718426680234,156.9058992554508,163.25510804022906,81.53,4,2,0,156.81,-2.42,162.62,-0.1003,0.0316,0.0026,0.0669,-0.009,-0.5087439657849427,0.2621111988425494
401736236,20250709,2025,PHX,MIN,79,71,160.5,1.91,1.91,150,6.5,3.37,1.32,163.1339892929516,162.9290652365068,169.81189726591782,81.46,2,3,0,160.86,2.59,162.47,0.0349,0.0876,-0.0004,0.0316,0.0647,3.2395328308008406,0.43051012864870697
401736237,20250709,2025,CHI,DAL,87,76,165.5,1.79,1.98,163,-1.5,1.78,2.05,168.00288214182208,170.00396785769144,161.1814641515839,81.475,1,2,1,161.84,-1.19,162.51,0.0407,0.0388,0.0015,-0.0594,-0.036,-2.4325065302280118,0.5016838461939674
401736238,20250710,2025,LA,MIN,82,91,163.5,1.78,1.99,173,6.5,3.58,1.29,161.58711548270412,160.83647904783808,162.74384439558662,81.4,5,1,1,159.86,1.9,162.45,-0.013,0.0396,0.0279,-0.0099,0.159,-0.2970969821380146,-0.1815156733200064
401736239,20250710,2025,WSH,LV,70,68,157.5,1.88,1.9,138,-3.5,1.61,2.32,159.6672854157973,157.97652853507932,159.8631047078195,81.475,2,2,0,161.23,2.38,162.63,-0.1152,0.0028,-0.0058,0.0566,0.0942,-6.468696947648848,0.40227940418291086
401736240,20250711,2025,IND,ATL,99,82,166.5,1.78,2.01,181,-1.5,1.81,2.0,159.535569600557,157.78872184644328,163.4354021881682,81.495,2,4,0,156.77,-2.11,162.37,-0.0616,0.0359,0.022,0.0225,-0.0762,3.968458050869977,0.4219079457795145
401736241,20250711,2025,SEA,CON,79,65,156.5,1.85,1.93,144,-18.5,1.04,11.02,162.1616515359881,161.54167715779408,156.3305765725791,81.555,2,2,0,160.25,1.98,162.44,0.0728,0.0061,-0.0275,-0.0126,-0.0692,5.155990356911505,0.52009843368954
401736242,20250712,2025,CHI,MIN,87,81,160.5,1.83,1.94,168,11.5,5.58,1.14,160.06867688970024,158.55278894932246,162.25765870903018,81.625,3,2,0,158.64,-0.29,162.48,-0.064,0.0798,0.0176,0.0135,0.1117,1.6832870564682527,0.21616120025143284
401736243,20250712,2025,LV,GS,104,102,154.5,1.78,2.0,206,-3.5,1.53,2.5,155.58371897576774,152.14371809472334,158.86933039723783,81.545,2,3,0,159.51,-0.44,162.44,-0.0742,-0.041,0.0023,-0.0371,0.0083,-1.0726499530062878,0.1923273560122759
401736244,20250713,2025,IND,DAL,102,83,174.5,1.86,1.91,185,-10.5,1.19,4.67,165.06005523036544,165.68332030804868,163.92652271534928,81.595,2,4,0,160.24,-3.16,162.71,0.0521,0.0171,-0.0046,-0.022,-0.0544,3.097795702243275,0.3657882052774522
401736245,20250713,2025,NY,ATL,79,72,164.5,1.88,1.92,151,-5.5,1.41,2.93,165.0652310570182,165.6928613753324,166.6934752918412,81.71,5,2,0,160.91,2.22,162.69,-0.0197,0.0217,0.0125,-0.0228,-0.0134,-2.2342765825584596,0.18714676659629859
401736246,20250713,2025,LA,CON,92,88,161.5,1.72,2.09,180,-11.5,1.17,5.09,165.3235067488503,166.06110855698637,155.06086734570766,81.67,3,2,0,158.8,2.1,162.73,0.0978,0.0655,0.0357,0.0075,0.0373,9.702729043424648,0.4393258179817202
401736247,20250713,2025,SEA,WSH,69,74,156.5,1.91,1.9,143,-7.5,1.33,3.34,157.6495568751167,155.09840941606973,160.61315491268687,81.72,2,3,0,161.03,-2.11,162.88,0.1138,-0.0013,-0.0503,-0.0477,-0.1443,-6.474422153931204,0.2537701886259171
401736248,20250714,2025,CHI,MIN,78,91,160.5,1.85,1.93,169,10.5,5.41,1.15,161.2107653062368,160.18251005439024,162.83189283812715,81.52,2,2,0,160.77,0.27,162.75,-0.0782,0.0673,0.0349,0.0428,0.1101,1.7547114819982905,0.28321667061153544
401736249,20250714,2025,GS,PHX,77,78,158.5,1.88,1.91,155,-2.5,1.73,2.1,165.8381128686407,166.79435713592366,169.04331717741377,81.565,2,5,0,161.42,-1.42,163.02,0.0615,0.0099,0.0181,-0.0173,0.0014,1.6354286889629503,0.35531482491035077
401736250,20250715,2025,CON,IND,77,85,165.5,1.84,1.93,162,15.5,7.95,1.08,163.29538442888565,163.1612340394429,159.5010439698703,81.545,2,2,0,158.36,0.51,163.05,-0.0422,-0.0146,0.0214,-0.0691,0.0419,4.741451971083291,0.01876041113868679
401736251,20250715,2025,LA,WSH,99,80,165.5,1.91,1.9,179,-1.5,1.79,2.03,163.7006484986869,163.7377076779373,161.118853008766,81.41,2,2,0,161.3,-0.87,162.86,0.1384,0.0627,0.0164,0.0054,-0.0389,-3.564507205799821,0.34498363602516563
401736252,20250716,2025,CHI,ATL,49,86,157.5,1.78,2.0,135,8.5,4.38,1.21,164.42716786377053,164.77669922626927,161.9670649986727,81.465,2,3,0,159.93,0.43,163.03,-0.0857,0.0752,0.0309,0.0162,-0.0405,9.33702770382461,0.3110154627745556
401736253,20250716,2025,MIN,PHX,79,66,158.5,1.91,1.86,145,-11.5,1.19,4.74,163.3307861174913,163.20910538340866,168.76932602640338,81.4,2,2,0,160.97,-0.71,163.01,-0.0053,-0.0414,-0.0087,-0.0011,-0.111,-0.5861620998551098,0.13450504885695413
401736254,20250716,2025,SEA,GS,67,58,157.5,1.98,1.79,125,-5.5,1.41,2.93,159.25545313347604,157.38376501559407,162.2106968152458,81.24,3,2,0,159.13,-0.43,162.97,-0.1132,-0.0499,-0.0126,-0.0311,-0.0255,-5.337618986436187,0.129910339687094
401736255,20250716,2025,NY,IND,98,77,162.5,1.85,1.92,175,-10.5,1.22,4.24,165.35663056720276,166.21706371584088,168.66033206573152,81.14,3,1,1,160.05,2.47,162.85,0.0499,0.0099,-0.001,-0.0516,-0.0291,-1.888104184380722,-0.13000876559496233
401736256,20250716,2025,DAL,LV,86,90,170.5,1.91,1.89,176,5.5,3.0,1.39,168.16380063724705,170.1085323745657,162.67786888964875,81.11,3,4,0,161.52,2.52,162.91,-0.0724,0.0307,0.0112,0.0927,-0.0367,3.590386601765461,0.5044456603788929
401736257,20250722,2025,WSH,LA,86,93,167.5,1.88,1.93,179,-3.5,1.65,2.24,166.33239061129203,167.49193691014352,162.9069677078894,81.105,6,6,0,163.05,0.74,163.84,-0.1263,-0.0545,0.0006,0.006,0.026,3.7155702054757076,0.28687236617843637
401736258,20250722,2025,NY,IND,98,84,162.5,1.83,1.94,182,-11.5,1.19,4.69,166.80338470341513,168.1673573442568,169.29429885915837,81.24,6,6,0,160.22,1.69,163.83,0.0465,0.051,0.004,-0.0686,-0.0331,-2.5976043745968234,0.29355443731375774
401736259,20250722,2025,MIN,CHI,91,68,159.5,1.95,1.84,159,-15.5,1.08,8.09,159.39185972758486,157.58023314405605,159.90383319888298,81.325,6,6,0,159.56,-0.12,164.0,0.0867,-0.0456,-0.0381,-0.0328,-0.0857,1.5065154093381432,0.320056260682494
401736260,20250722,2025,LV,ATL,87,72,161.5,1.8,1.96,159,-2.5,1.69,2.18,161.87417473547666,161.12797791364684,164.04500679642558,81.395,6,6,0,160.55,0.72,163.87,-0.0588,-0.0175,0.014,-0.0179,-0.0069,-0.9337751016092165,0.1766552462697959
401736261,20250722,2025,SEA,DAL,63,87,161.5,1.87,1.91,150,-9.5,1.33,3.31,162.806894822875,162.46035146205276,160.93853414795984,81.385,6,6,0,162.43,-4.81,163.79,0.0691,-0.0344,-0.0333,-0.087,-0.0166,-4.260135608945681,0.1375565848726284
401736262,20250723,2025,PHX,ATL,79,90,160.5,1.73,2.07,169,-7.5,1.3,3.5,162.0087323959942,161.43752891132698,164.78385117090178,81.33,6,1,1,161.6,-0.08,163.7,-0.0064,0.0365,-0.0131,-0.002,-0.0405,-2.7440403010311853,-0.08134688059086714
401736263,20250724,2025,CON,LA,86,101,166.5,1.67,2.04,187,5.5,2.96,1.39,168.9739045080123,171.2715124723143,160.25299298557545,81.41,6,2,0,161.15,-0.33,163.86,-0.1002,-0.0727,-0.0199,-0.0204,-0.0147,1.5319350887553091,0.00852462177425678
401736264,20250724,2025,IND,LV,80,70,162.5,1.72,2.05,150,1.5,2.11,1.72,166.56573602688275,167.83352578949595,166.79483160227335,81.545,2,2,0,162.39,0.51,163.88,0.0202,0.03,-0.0034,0.0373,-0.0678,0.9500180769467955,0.35664831728183144
401736265,20250724,2025,CHI,SEA,57,95,154.5,1.89,1.9,152,8.5,5.0,1.17,157.2783457169525,154.56349390812272,154.1682197481498,81.475,2,2,0,158.64,0.53,163.66,-0.0507,0.1121,0.0652,0.0873,0.0126,7.073516050871584,0.3289621483741617
401736266,20250725,2025,NY,PHX,89,76,169.5,1.75,2.04,165,-6.5,1.38,3.03,167.90988243349406,169.75155016691912,170.0423543889627,81.42,3,2,0,162.64,1.07,163.67,-0.0248,0.052,0.0161,-0.0233,-0.0256,-2.973055901090625,0.3250597112471865
401736267,20250725,2025,MIN,LV,109,78,159.5,1.65,2.18,187,-10.5,1.2,4.45,159.23938657824553,157.4831614504207,164.73414353267987,81.445,3,1,1,159.99,-1.32,163.76,0.0735,0.0726,-0.0266,0.0166,-0.1286,-0.966039896802549,-0.04764314872188752
401736268,20250725,2025,GS,DAL,86,76,159.5,1.7,2.14,162,-5.5,1.56,2.41,162.29913859870484,161.73744914977405,161.5110193767423,81.52,6,3,0,162.62,-5.25,163.87,0.1663,-0.0025,-0.0109,-0.0363,0.0005,-5.228750411672881,0.17412282090476966
401736270,20250726,2025,NY,LA,99,101,175.5,1.88,1.9,200,-11.5,1.15,5.33,173.24415647567386,177.4928276090486,173.666549433456,81.515,1,2,1,164.67,0.41,164.02,-0.0,-0.0001,-0.0219,-0.0408,-0.0733,-5.526482853251433,0.4922194392853701
401736271,20250726,2025,WSH,SEA,69,58,154.5,1.89,1.91,127,3.5,2.49,1.53,155.2050344407709,151.60857782683607,158.53993942392094,81.86,4,2,0,160.35,3.11,164.19,-0.0888,0.0285,0.0579,0.0378,0.1157,3.993797903566141,0.17406092821216398
401736269,20250727,2025,CHI,IND,78,93,155.5,1.8,1.98,171,11.5,5.35,1.15,163.24801279852457,163.09579483644268,158.23788332097365,81.665,3,3,0,160.78,-2.45,163.94,-0.0478,0.0291,0.0497,0.012,-0.0014,-0.612307591219335,0.07449458310898924
401736272,20250727,2025,CON,GS,95,64,155.5,1.77,1.95,159,4.5,2.7,1.47,160.3205361611617,158.91336229628382,155.98274556106196,81.665,3,2,0,161.0,2.83,164.08,-0.1716,-0.0453,-0.006,-0.014,0.0051,1.145303066335583,0.1390271669543719
401736273,20250727,2025,DAL,LV,80,106,164.5,1.69,2.13,186,6.5,3.72,1.28,167.20723605140986,168.75347818564788,162.75932558779823,81.73,2,2,0,162.99,2.4,164.15,-0.0076,0.0933,0.0146,0.0369,-0.0808,5.100105721025983,0.32456412678709723
401736274,20250727,2025,WSH,PHX,72,88,162.5,1.91,1.9,160,6.5,3.57,1.29,159.95675834028995,158.51813643839483,160.93621336000086,81.985,1,2,1,162.81,-0.77,164.18,-0.1635,-0.0219,0.0462,0.0344,0.0392,-2.4193710796089407,0.4583799077384224
401736275,20250727,2025,MIN,ATL,86,90,158.5,1.86,1.94,176,-9.5,1.27,3.76,158.71403149853714,156.62499102263328,167.51920886215862,82.03,2,4,0,160.5,-0.45,164.14,0.0015,0.0337,-0.0281,0.031,-0.0531,8.44351545039308,0.2654400939147259
401736276,20250728,2025,CON,SEA,85,101,156.5,1.85,1.95,186,9.5,5.03,1.17,155.4520290700585,152.08221847117497,155.1447367036572,81.98,1,2,1,160.31,3.37,164.31,-0.0167,0.0258,0.0315,0.0492,0.0458,5.593051049604684,0.6408763835895035
401736277,20250728,2025,DAL,NY,92,82,166.5,1.6,2.16,174,7.5,3.81,1.26,171.59627217808543,175.14841770542398,169.4610800489836,82.045,1,2,1,166.97,0.57,164.39,-0.0815,-0.0363,0.0083,0.0786,-0.0134,-0.29701296800595595,0.5275832388606603
401736278,20250729,2025,ATL,GS,75,77,155.5,1.86,1.94,152,-8.5,1.23,4.14,157.90803810437814,155.47338961941298,160.87438587125698,82.025,2,2,0,160.88,1.29,164.5,-0.11,-0.0005,-0.0193,-0.0098,-0.0017,-0.7743612023472194,0.17221159230155175
401736279,20250729,2025,WSH,CHI,103,86,156.5,1.81,1.99,189,-7.5,1.3,3.5,158.1241527385019,155.7815887145178,152.5114316200632,81.995,2,2,0,160.93,1.3,164.36,-0.0666,-0.0603,-0.0217,-0.0234,0.0742,5.916180182000229,0.32657141227522224
401736280,20250729,2025,LA,LV,74,89,174.5,1.84,1.95,163,1.5,2.02,1.79,174.55964073333035,179.26425750980283,171.92220747014522,82.08,3,2,0,163.7,1.91,164.65,0.0446,0.1154,0.0258,0.0014,-0.0006,3.7280037901112575,0.27990336551793704
401736281,20250730,2025,IND,PHX,107,101,164.5,1.69,2.13,208,3.5,2.35,1.59,165.59206303567288,166.45094943283596,167.84525539281384,82.0,3,3,0,163.52,0.53,164.75,-0.0143,0.0266,0.0099,0.0445,0.0008,2.703529860467666,0.1911352082932718
401736282,20250730,2025,DAL,ATL,85,88,165.5,1.77,2.0,173,2.5,2.17,1.68,165.1934941940599,166.00172536135108,164.28742226914147,82.09,2,1,1,163.5,5.08,165.11,-0.0795,-0.0092,0.0065,0.045,-0.0594,5.21538316158485,0.03623722543852831
401736283,20250730,2025,MIN,NY,100,93,164.5,1.69,2.09,193,-8.5,1.32,3.37,166.90249662998494,168.32734162786508,173.24201350490722,82.225,3,2,0,163.11,-2.92,165.28,-0.0211,-0.0165,-0.0125,0.06,-0.038,-2.3509382646003174,0.17240014033524026
401736284,20250731,2025,WSH,GS,67,68,152.5,1.79,1.97,135,-4.5,1.48,2.64,156.19999928810554,153.04005167441804,158.31695353112195,82.395,2,2,0,159.92,3.27,165.38,-0.2101,-0.0367,0.0,-0.0093,0.0605,-0.5154682939451437,0.10808831827427134
401736285,20250801,2025,ATL,PHX,95,72,164.5,1.67,2.08,167,1.5,2.46,1.54,165.70143171908262,166.61158871872163,167.45078475322865,82.235,2,2,0,161.67,-5.43,165.23,0.0406,0.0584,0.0067,0.0347,0.0075,0.850318391650083,-0.03297364966276928
401736286,20250801,2025,CON,NY,78,62,167.5,1.62,2.12,140,10.5,5.7,1.13,171.21964530462867,174.49685312790135,166.60716602402454,82.315,4,2,0,165.9,-0.14,165.45,-0.088,-0.0155,0.0172,0.0374,0.0125,5.257497514942934,0.17973787849017922
401736287,20250801,2025,CHI,GS,66,73,152.5,1.78,1.99,139,4.5,2.6,1.49,157.81834676266786,155.46815960863862,153.24524016053817,82.26,3,1,1,157.05,2.86,165.25,-0.1677,-0.0067,0.021,0.0253,-0.0189,3.483015855194268,-0.3809116484839689
401736288,20250801,2025,DAL,IND,78,88,169.5,1.54,2.26,166,2.5,2.52,1.52,171.682938613839,175.15781859604672,169.56862514253112,82.265,2,2,0,166.64,-0.48,165.31,-0.0553,0.0027,-0.0087,0.0159,-0.0887,0.23903252401015057,0.18050166418320057
401736290,20250802,2025,LV,MIN,58,111,164.5,1.73,2.04,169,4.5,2.59,1.5,166.31303936997537,167.48603469735667,171.4181906353236,82.27,4,3,0,161.86,0.56,165.31,-0.0231,-0.084,0.0047,-0.0001,0.0479,-4.295217460591967,-0.0828094436501422
401736291,20250803,2025,ATL,WSH,99,83,155.5,1.81,1.97,182,-5.5,1.4,2.93,158.18326046195645,155.8721942435367,162.4529707679132,82.325,2,3,0,157.98,-2.52,165.36,0.1459,0.0708,-0.0308,-0.0151,-0.0196,3.1682798562957717,0.1707415403389087
401736292,20250803,2025,CON,NY,78,87,169.5,1.79,1.97,165,11.5,5.47,1.15,166.98217834235194,168.4441678151112,163.94644942162208,82.385,2,2,0,165.74,0.41,165.51,-0.093,-0.0171,0.0052,0.0638,0.0171,0.7876204438642713,0.2214002896219479
401736293,20250803,2025,CHI,PHX,67,83,164.5,1.88,1.91,150,10.5,6.39,1.12,165.6327208376722,166.51622246207214,158.7969951222438,82.385,2,2,0,161.31,-4.39,165.48,-0.0346,0.0484,0.0585,0.0712,-0.0303,-5.450167682714931,-0.06943297658236897
401736294,20250803,2025,LV,GS,101,77,156.5,1.82,1.95,178,-9.5,1.24,4.03,158.20228914814936,156.01594450616207,158.3180832506672,82.22,1,2,1,158.89,4.21,165.26,-0.108,-0.073,-0.0317,-0.0013,0.0021,-1.0202283353343282,0.37061304636329334
401736295,20250803,2025,SEA,IND,74,78,160.5,1.65,2.16,152,-2.5,1.67,2.21,161.3544125252345,160.4016415343663,166.51280754261137,82.265,6,2,0,166.76,-1.07,165.38,-0.0609,-0.0486,-0.0314,-0.0481,-0.0733,-9.268091903029806,0.014497461794481109
401736296,20250805,2025,NY,DAL,85,76,173.5,1.7,2.08,161,-10.5,1.17,4.95,171.0493462924154,174.25065697945834,167.81448694861967,82.16,2,4,0,166.37,0.11,165.33,0.0798,0.0007,0.0251,-0.0381,0.0659,-1.4906235952891311,0.29033844830146277
401736297,20250805,2025,CHI,WSH,78,64,156.5,1.81,1.96,142,5.5,2.81,1.43,159.39091917761866,157.59148817288343,153.4598336510261,82.0,2,2,0,159.29,-3.01,165.15,0.0485,0.0168,0.0134,0.037,-0.0651,-6.68568466529255,-0.02453942660329539
401736298,20250805,2025,LA,IND,100,91,175.5,1.69,2.08,191,1.5,2.15,1.72,174.1378397195933,178.65958495191137,172.90127246145812,81.97,6,2,0,171.09,3.02,164.97,-0.0043,0.0062,0.0036,0.0092,0.0301,-8.359702626051574,0.17574233312414436
401736299,20250805,2025,PHX,CON,82,66,167.5,1.73,2.04,148,-15.5,1.09,7.46,165.71044148890448,166.62119446354416,162.19489658790053,82.06,2,2,0,165.04,-2.1,165.26,0.0242,-0.0286,-0.025,-0.0214,-0.0563,-1.6180168034532199,0.27080150271636527
401736300,20250805,2025,SEA,MIN,87,91,155.5,1.77,2.02,178,-2.5,1.73,2.11,158.8023492976669,156.74967586511124,168.65681824731513,81.95,2,3,0,163.18,2.83,165.07,-0.0703,-0.1251,0.0028,-0.079,-0.0213,0.21651025688777234,0.08578471550300032
401736301,20250806,2025,GS,LV,72,78,157.5,1.76,2.02,150,3.5,2.74,1.45,161.08399170957463,160.01035005554587,160.28627492560048,82.0,3,3,0,157.83,-4.91,165.29,0.0861,0.034,0.0178,-0.0061,0.017,6.26007179466436,0.10436416437049026
401736302,20250807,2025,CHI,ATL,65,86,159.5,1.77,2.0,151,8.5,5.03,1.17,160.84095477469825,159.66312761424123,159.81227573186726,82.0,2,4,0,157.05,-0.59,165.08,-0.1149,-0.0748,0.0416,0.0216,-0.0778,0.01085993330199514,0.014389907278384406
401736303,20250807,2025,LA,CON,102,91,174.5,1.84,1.94,193,-11.5,1.18,4.78,171.174629465468,174.42843355102627,165.45008008119763,82.095,2,2,0,169.4,2.21,164.91,0.0505,0.0815,-0.0031,0.0112,0.005,2.7395850382205267,0.38978141896068424
401736304,20250807,2025,PHX,IND,95,60,170.5,1.73,2.06,155,-5.5,1.53,2.52,168.70305117959418,170.8982679228837,170.03647206322518,82.145,2,2,0,164.24,-1.4,165.18,-0.0476,-0.053,-0.001,-0.0202,-0.0118,2.8576999889784425,0.0599655799109029
401736305,20250808,2025,DAL,NY,77,88,170.5,1.9,1.89,165,7.5,5.41,1.15,169.68461124392798,172.30359128151247,167.13303825375772,82.305,3,3,0,164.31,-0.35,165.11,-0.0718,-0.0472,-0.0293,0.0732,-0.0472,8.924849203907396,0.10381180068357701
401736306,20250808,2025,MIN,WSH,80,76,156.5,1.79,1.98,156,-11.5,1.17,5.07,161.73788312182867,160.9488457199637,167.46051861319953,82.23,3,3,0,161.51,1.28,165.25,0.1198,0.139,-0.0359,0.0477,-0.0124,-1.659288928091172,0.3385530081080131
401736307,20250808,2025,LV,SEA,90,86,161.5,1.79,2.0,176,-1.5,1.84,1.96,160.5686814435779,159.2781486095252,162.76733545131563,82.215,2,3,0,163.95,-3.14,165.21,0.072,0.0022,0.0081,0.0916,0.0759,0.05894840169232889,0.04918787541485245
401736308,20250809,2025,GS,LA,72,59,164.5,1.83,1.95,131,2.5,2.54,1.52,167.11733032276342,168.6370703388535,165.87700323543214,82.375,3,2,0,161.53,-9.78,165.31,0.0677,-0.0661,-0.0047,0.0013,-0.0291,-1.6003487686743807,-0.04639101936493506
401736309,20250809,2025,IND,CHI,92,70,162.5,1.75,2.02,162,-11.5,1.17,5.04,162.84074110821635,162.5244788336739,157.53580794998157,82.23,2,2,0,160.78,4.57,165.17,0.1136,0.0201,-0.0218,0.0085,0.0564,1.2137302100059482,0.5079251457465421
401736310,20250810,2025,NY,MIN,71,83,165.5,1.71,2.1,154,-4.5,1.54,2.46,167.67470332425302,169.4292727245277,174.51910633082724,82.155,2,2,0,162.55,1.26,165.18,0.018,-0.0617,0.0162,-0.0922,0.0034,-11.28040550927327,0.14153637620007642
401736311,20250810,2025,DAL,WSH,78,91,161.5,1.73,2.02,169,-3.5,1.54,2.48,162.82692980162852,162.50092057680087,158.71509484943425,82.025,2,2,0,161.8,3.09,165.11,0.0392,-0.0354,-0.0421,-0.0085,-0.0161,-2.2765424848624085,0.28180326317822546
401736312,20250810,2025,LA,SEA,94,91,170.5,1.76,2.04,185,3.5,2.67,1.48,166.94759703166017,168.50731350854872,166.94802212833662,82.065,1,2,1,167.72,0.53,165.15,0.0873,0.0561,0.0253,0.0787,0.0794,1.6377584295760301,0.5321404204714772
401736313,20250810,2025,PHX,ATL,66,74,164.5,1.77,1.99,140,-5.5,1.57,2.4,163.29675441776297,163.17177714973852,169.92806506560163,82.005,3,3,0,161.0,3.13,165.32,-0.0473,-0.0759,0.0003,0.0049,-0.0553,-1.0185891639815001,0.22798055131226588
401736314,20250810,2025,LV,CON,94,86,166.5,1.81,1.98,180,-12.5,1.13,5.84,167.31943216686446,168.91535724431373,162.29142994968564,81.815,2,3,0,164.02,-3.08,165.11,0.0514,0.0132,-0.0077,0.0107,0.0107,-1.548721619044687,0.19804597633515933
401736315,20250811,2025,GS,CON,74,57,153.5,1.81,1.96,131,-8.5,1.24,4.07,157.94019583842515,155.6367370318895,155.26187355534472,81.965,2,1,1,158.61,-8.32,165.22,0.1117,-0.0104,0.012,0.0123,0.0313,-2.4011188052433594,-0.255005790260954
401736316,20250812,2025,IND,DAL,80,81,169.5,1.87,1.92,161,-9.5,1.21,4.36,169.9534971042804,172.6776645913953,165.56159378787623,81.765,3,2,0,164.03,-0.81,165.22,0.0796,0.0577,0.0192,0.0257,-0.0384,7.079671695404443,0.31098120035683047
401736317,20250812,2025,LA,NY,97,105,175.5,1.86,1.92,202,3.5,2.47,1.54,173.53941985073897,177.79931390410263,171.51159511095474,81.685,2,2,0,165.59,2.46,165.19,0.0275,0.0329,0.0026,0.0591,0.0251,-2.135215836806019,0.31768809950610016
401736318,20250813,2025,CON,CHI,71,62,157.5,1.75,2.0,133,-3.5,1.57,2.4,159.80307373626977,158.17789945153186,150.43290762088924,81.87,2,4,0,158.52,4.25,165.39,0.0544,0.0007,-0.0233,-0.0054,0.0539,8.22633446162644,0.6175766288818496
401736319,20250813,2025,WSH,GS,83,88,148.5,1.86,1.93,171,-1.5,2.04,1.78,151.7337090519345,146.6463587552008,154.566997310519,81.71,3,2,0,153.68,5.74,165.31,-0.2042,0.0105,0.024,-0.002,0.0328,7.124000770858852,0.18916619157071682
401736320,20250813,2025,LV,NY,83,77,171.5,1.83,1.92,160,-3.5,1.67,2.22,171.4937658715154,174.99851581493743,171.01429713992613,81.86,3,1,1,161.6,-0.14,165.31,0.0003,-0.0355,-0.0077,0.0931,0.0119,-0.5383699872483415,-0.22354440169401985
401736321,20250813,2025,SEA,ATL,75,85,159.5,1.77,2.04,160,-2.5,1.65,2.25,160.0964349836806,158.5993524279266,165.6435692165364,81.995,3,3,0,161.89,5.67,165.48,-0.0915,-0.0713,-0.0088,-0.0516,-0.0962,-3.3367386798782452,0.21838513782774324
401736322,20250815,2025,IND,WSH,84,88,161.5,1.75,2.04,172,-8.5,1.25,3.98,163.55846251904714,163.54782120438205,163.50584734279562,82.12,3,2,0,159.79,3.04,165.54,0.1063,0.0311,-0.0061,0.0078,-0.0321,1.9937603006553184,0.2628920460795582
401736323,20250815,2025,CHI,GS,59,90,148.5,1.88,1.9,149,5.5,3.42,1.31,150.30228104857477,144.6093295305745,149.08845467615657,82.14,2,2,0,150.42,3.44,165.45,-0.1755,-0.0561,0.0283,0.0084,-0.0787,4.170529638261183,-0.05509142490140173
401736324,20250815,2025,DAL,LA,96,97,177.5,1.78,1.99,193,3.5,2.85,1.42,175.55584081355278,180.68769706455225,169.1142646072047,82.09,3,3,0,165.78,-1.28,165.29,-0.0864,-0.08,-0.0193,-0.0342,-0.002,-2.38095079446756,0.09339898776860125
401736325,20250815,2025,ATL,SEA,78,80,158.5,1.83,1.95,158,-2.5,1.77,2.05,159.73857478299962,158.09041718513396,165.07921229488278,82.12,2,2,0,161.12,-6.17,165.39,0.1128,0.0759,0.0235,0.0702,0.0984,-3.598155572800758,0.18038331310414213
401736326,20250815,2025,PHX,LV,83,86,166.5,1.79,2.0,169,-4.5,1.51,2.59,164.75099483010055,165.25073047372788,167.3048591380603,82.075,5,2,0,161.17,2.37,165.39,-0.0671,-0.0285,-0.0026,-0.0557,-0.0546,5.836562200963073,0.1816462493191317
401736327,20250816,2025,MIN,NY,86,80,165.5,1.85,1.94,166,-2.5,1.83,1.97,167.80256119154058,169.60979447221993,173.608518132671,82.04,6,3,0,159.36,-0.28,165.37,-0.0285,0.0849,-0.0141,0.067,-0.0007,-6.513041303726403,0.028551088988785944
401736328,20250817,2025,WSH,LA,95,86,168.5,1.66,2.06,181,3.5,2.31,1.61,172.53472094799204,176.37175812301066,169.26320978682048,82.105,2,2,0,161.83,-6.15,165.28,-0.1067,-0.0343,0.0106,-0.039,0.0157,3.4127465170964255,-0.002852048382708805
401736330,20250817,2025,LV,DAL,106,87,169.5,1.7,2.11,193,-10.5,1.17,4.94,170.5012129962272,173.4690421130745,167.05977880453497,82.24,2,2,0,161.93,-4.05,165.53,0.0608,0.0379,0.0051,0.0956,0.0533,2.865616390403807,0.1458473701093411
401736331,20250817,2025,SEA,PHX,82,85,163.5,1.88,1.92,167,-1.5,1.74,2.08,160.2070602160485,158.76607983848973,163.57379690969373,82.46,2,2,0,163.89,0.91,165.75,-0.0521,0.0145,-0.0265,-0.0575,-0.047,0.6320415833447552,0.09411654388253368
401736332,20250817,2025,GS,ATL,63,79,152.5,1.92,1.86,142,3.5,2.55,1.51,152.47169948163943,147.71583076821034,161.84098475660414,82.52,2,2,0,148.86,-4.17,165.75,0.107,0.0199,0.0029,-0.0103,-0.0353,3.6517387827374814,-0.04038048594376503
401736333,20250819,2025,NY,MIN,85,75,165.5,1.81,1.96,160,-2.5,1.66,2.22,167.2109443715974,168.77081502499794,172.84766631940388,82.375,3,3,0,159.55,0.12,165.69,0.0385,-0.0648,0.0243,-0.0585,-0.0619,-6.151206625459207,0.083720315934039
401736334,20250819,2025,WSH,CON,69,80,156.5,1.72,2.05,149,-6.5,1.37,3.06,160.48440331916578,159.15942182524796,158.16734398474472,82.305,2,6,0,157.83,-3.78,165.75,-0.0259,0.0595,0.0223,0.0197,0.0893,-5.186502953655426,0.1985276641673892
401736335,20250819,2025,CHI,SEA,88,94,158.5,1.9,1.9,182,10.5,5.3,1.16,156.04446365143554,152.8151343401851,151.7335918935789,82.25,4,2,0,159.59,-7.05,165.83,0.0356,-0.0146,0.0627,0.0857,-0.0281,-6.617221937511095,-0.172754092168387
401736336,20250819,2025,LV,ATL,74,72,163.5,1.69,2.13,146,-2.5,1.71,2.14,164.0644699521113,164.2747577490373,169.9446806419595,82.335,2,2,0,155.71,3.35,165.94,0.0075,0.0139,-0.0034,0.021,0.0105,-0.8778286858569586,0.10756916851692894
401736337,20250819,2025,GS,PHX,91,98,154.5,1.87,1.93,189,5.5,3.28,1.33,153.93493895821098,149.80008162607155,159.73914154081302,82.185,2,2,0,153.7,-10.87,165.86,0.1369,0.0551,-0.018,0.0012,0.0299,4.1296922855750156,-0.08111620745097614
401736338,20250820,2025,LA,DAL,81,80,180.5,1.73,2.04,161,-8.5,1.26,3.8,179.71273908535414,186.63283462228733,171.6525543318358,82.425,3,3,0,166.48,-0.91,165.99,0.0771,0.102,0.0059,0.0307,0.0208,2.658334291172986,0.30706104719975114
401736339,20250821,2025,CON,WSH,67,56,157.5,1.85,1.94,123,1.5,2.19,1.68,158.43341578097653,156.23247964272315,157.25060958627023,82.48,2,2,0,157.01,3.62,165.96,0.0074,-0.0753,-0.0278,-0.0101,-0.0648,1.3528748743000685,0.10836117276977567
401736340,20250821,2025,NY,CHI,85,91,161.5,1.79,1.98,176,-15.5,1.07,8.29,162.12573824060266,161.5039005049854,157.43400266995695,82.28,2,2,0,157.09,1.81,165.56,0.0917,0.0456,-0.0177,-0.0463,0.0824,3.5229680598245667,0.45450489360450885
401736341,20250821,2025,ATL,MIN,75,73,159.5,1.9,1.91,148,-1.5,1.86,1.95,158.9513961015276,156.9690556926182,168.7234327799085,82.295,2,2,0,154.27,-3.72,165.61,0.0726,-0.0706,0.0106,0.0122,0.0085,-5.366392845884567,-0.02182575176656565
401736342,20250821,2025,LV,PHX,83,61,168.5,1.71,2.07,144,-2.5,1.79,2.02,167.1765612327618,168.72113251534762,170.04424231164592,82.345,2,2,0,159.8,-3.22,165.44,0.0305,0.0311,-0.0028,0.0463,0.0357,3.6765488665438,0.010793548899166838
401736343,20250822,2025,IND,MIN,90,95,163.5,1.77,2.0,185,5.5,2.68,1.47,165.1843719527098,165.98999912099384,169.52074224812907,82.16,6,1,1,161.88,3.07,165.11,0.0299,-0.0644,0.0087,0.0084,0.0088,2.634700787230985,-0.3032657263493758
401736344,20250822,2025,DAL,SEA,60,95,169.5,1.91,1.88,155,6.5,3.82,1.26,168.33973869712867,170.38331626541947,164.76895401687932,82.365,2,3,0,166.6,-0.77,165.36,0.018,0.0027,0.0254,0.018,0.022,1.8874845903239699,0.251240806863731
401736345,20250822,2025,PHX,GS,81,72,154.5,1.82,1.94,153,-7.5,1.31,3.44,156.6531526594289,153.8042146144979,160.31257197228595,82.3,1,3,1,153.34,8.25,165.24,-0.1062,-0.0536,0.0327,0.0287,-0.0206,4.319471748155153,0.5509691564766053
401736346,20250823,2025,ATL,NY,78,62,160.5,1.96,1.85,140,-6.5,1.36,3.11,161.8242790442074,161.06863835410337,166.21406415583493,82.035,2,2,0,155.77,-3.42,165.07,-0.0054,-0.0456,-0.0196,0.0421,0.0475,-0.23349987071753858,0.041250979513726915
401736347,20250823,2025,WSH,LV,81,91,160.5,1.88,1.91,172,7.5,3.58,1.29,161.19532062581146,160.1658573280534,163.20488967431112,81.81,2,2,0,153.19,-2.04,164.87,-0.0746,-0.0048,0.0453,-0.0471,0.0246,6.2479225147068425,0.025746851789809955
401736348,20250823,2025,CHI,CON,84,94,158.5,1.96,1.83,178,-2.5,1.66,2.21,155.12936736952062,151.50150022750123,150.2923885204456,81.915,2,2,0,156.6,-1.98,164.89,0.0059,0.0418,0.0318,0.0233,-0.0351,4.2799254341637925,0.04402242242095894
401736349,20250824,2025,WSH,SEA,82,84,156.5,1.88,1.92,166,7.5,4.14,1.23,160.1490966546703,158.79143349600565,161.72347250861236,81.905,1,2,1,159.68,-6.41,165.08,-0.0162,0.0178,0.0629,0.0619,0.0929,-1.1847618250579819,0.3950364710412335
401736350,20250824,2025,DAL,GS,81,90,158.5,1.94,1.88,171,1.5,1.97,1.83,161.39048067481485,160.44859855373647,157.83846531608322,82.02,2,2,0,155.89,9.84,165.31,-0.1628,-0.0444,0.0456,-0.0257,-0.0281,0.7916774619815704,0.19425557884318342
401736351,20250824,2025,MIN,IND,97,84,166.5,1.78,2.0,181,-11.5,1.13,5.87,168.2291022118803,170.21899920889445,171.06866802331618,82.03,2,2,0,160.14,-3.2,165.23,-0.0265,0.0228,-0.0165,0.0089,-0.0194,-4.3219618807430376,0.11104458648091359
401736352,20250825,2025,NY,CON,81,79,164.5,1.71,2.08,160,-14.5,1.09,6.99,160.5323418705045,159.2252043566087,160.29423344110688,82.16,2,2,0,156.95,-0.37,165.61,0.113,0.0764,0.0283,-0.0377,-0.0239,3.5439673046883695,0.11190726251455008
401736353,20250825,2025,CHI,LV,74,79,163.5,1.71,2.08,153,10.5,4.93,1.17,163.59439224116554,163.59971328939338,161.20455661040216,82.15,2,2,0,155.06,-0.06,165.48,-0.0592,-0.041,0.046,0.0164,-0.0532,4.688061027332147,-0.10528565265737094
401736354,20250826,2025,IND,SEA,95,75,165.5,1.7,2.1,170,3.5,2.48,1.54,167.95187910499868,169.82274895791156,168.23168831517998,82.02,2,2,0,162.05,-1.37,165.44,0.0415,0.0566,0.038,0.0902,0.0098,-9.40120976233013,0.17375167349421217
401736355,20250826,2025,LA,PHX,84,92,175.5,1.73,2.05,176,3.5,2.34,1.6,171.7092675660737,175.19412775077953,170.07307509117786,82.195,6,4,0,161.58,2.85,165.61,-0.0176,0.0427,-0.004,0.0044,-0.0066,3.668799589027456,0.066860593537866
401736356,20250827,2025,ATL,LV,75,81,162.5,1.9,1.89,156,-3.5,1.61,2.32,157.51295126946283,154.9150023329679,166.15173944644621,82.35,4,2,0,152.9,-2.51,165.72,0.074,-0.0756,-0.0026,0.0469,-0.0034,-0.09632006273269521,-0.19509807678359997
401736357,20250827,2025,DAL,CON,95,101,164.5,1.76,2.03,196,2.5,2.01,1.81,162.93607515789836,162.66581368812987,158.2104218843121,82.505,3,2,0,159.77,3.56,165.58,0.0313,-0.0281,0.0091,-0.0478,0.0131,-4.559385581291211,-0.09287563145954436
401736358,20250828,2025,NY,WSH,89,63,159.5,1.93,1.89,152,-12.5,1.26,3.89,161.29933030465784,160.32938594340354,161.05724763322868,82.61,3,4,0,154.32,0.32,165.63,0.1274,0.0005,-0.0247,-0.0085,-0.1025,-5.236261991072539,0.1762144726635299
401736359,20250828,2025,MIN,SEA,79,93,163.5,1.77,2.0,172,-9.5,1.25,3.92,164.8706901499123,165.42948291036228,170.0381755671394,82.49,4,2,0,158.98,-3.07,165.45,0.0311,0.0871,0.0218,0.1161,0.0097,0.18792161503334565,0.12810838083294335
401736360,20250828,2025,PHX,CHI,83,79,164.5,1.86,1.93,162,-12.5,1.13,5.88,160.80159559190488,159.61538837469695,158.27956424679127,82.455,2,3,0,158.75,1.27,165.52,0.1047,0.0217,-0.0284,-0.0361,-0.0068,1.3774094892014705,0.44915111285352227
401736361,20250829,2025,ATL,DAL,100,78,163.5,1.73,2.06,178,-16.5,1.07,8.58,162.86444429196922,162.5606762470472,162.24077440771896,82.355,2,2,0,158.13,-7.25,165.29,0.0818,-0.0153,-0.0115,0.073,0.0152,-6.494997285759985,0.009073865340051779
401736362,20250829,2025,LA,IND,75,76,177.5,1.73,2.05,151,-3.5,1.7,2.16,177.01574557909257,182.78015575399218,173.345925728517,82.45,3,3,0,162.0,2.16,165.29,0.062,-0.0303,0.0035,-0.0315,-0.0132,-5.717208946959349,0.07013303972935425
401736363,20250830,2025,CON,MIN,70,94,163.5,1.88,1.9,164,12.5,6.45,1.11,163.81087043904796,163.91384460863853,166.66992056459088,82.41,3,2,0,157.84,1.51,165.29,-0.0338,-0.0942,-0.0224,-0.0283,0.0254,3.094757414108494,0.056008399052430574
401736364,20250830,2025,GS,WSH,99,62,148.5,1.93,1.85,161,-5.5,1.52,2.52,154.7377446930245,150.95254168567809,155.83083469232258,82.48,6,2,0,149.1,-3.4,165.25,0.2105,-0.0057,-0.0593,0.0381,-0.0201,-3.531413879273856,-0.06212827217612643
401736365,20250830,2025,SEA,CHI,79,69,162.5,1.85,1.94,148,-11.5,1.15,5.38,161.6571011983288,160.83735367653594,159.31558867723942,82.44,2,2,0,159.36,1.55,165.14,0.0185,0.0184,-0.0777,-0.1288,-0.0008,-6.548211437093826,0.24273491032682426
401736366,20250830,2025,PHX,NY,80,63,166.5,1.94,1.85,143,-1.5,1.82,1.98,163.15364675262393,162.97180140023187,166.1387856780039,82.245,2,2,0,155.63,3.69,165.03,-0.0075,-0.0422,0.0007,0.0364,-0.0115,-1.332842562564419,0.13052862586937497
401736367,20250831,2025,LA,WSH,81,78,168.5,1.92,1.87,159,-8.5,1.25,3.89,167.7887490950027,169.71175854127276,161.90607707914793,82.21,2,1,1,157.48,4.21,164.88,0.0921,0.0301,-0.0004,0.0413,-0.0465,10.888497695252271,-0.11130385976964602
401736368,20250831,2025,GS,IND,75,63,158.5,1.76,2.03,138,1.5,2.3,1.62,161.698699677453,161.01166915443048,165.55300729960769,82.245,1,2,1,154.54,-6.58,165.0,0.1939,-0.0206,-0.0315,-0.0882,0.0637,-1.83963879953092,0.30976226004870305
401736369,20250901,2025,CON,ATL,76,93,159.5,1.92,1.9,169,10.5,5.13,1.16,157.5179456864961,154.91765820099977,161.4878232909026,82.11,2,3,0,153.94,3.84,165.03,-0.1408,0.0235,0.0191,-0.0093,0.0425,-1.8534442989063444,0.239049935044922
401736370,20250901,2025,MIN,DAL,96,71,167.5,1.73,2.02,167,-18.5,1.05,10.57,172.01412843354842,175.6264105691174,168.73180218417622,82.02,2,3,0,,,,,,,,,,
401736371,20250901,2025,SEA,LA,85,91,172.5,1.88,1.94,176,-8.5,1.3,3.52,169.37076969815638,171.96888285569608,169.05685451108317,82.045,2,1,1,161.68,-1.41,165.25,-0.0947,0.0285,-0.0407,-0.0258,0.001,-0.1742357443317757,-0.07498845743501487
401736372,20250902,2025,GS,NY,66,58,154.5,1.85,1.94,124,4.5,2.91,1.41,156.2069665782541,153.04123323425642,161.29929566769874,81.925,2,3,0,148.76,-0.96,165.37,0.0799,0.0415,-0.0272,-0.0271,0.0161,-3.451491348943809,0.09882297424582459
401736373,20250902,2025,PHX,IND,85,79,164.5,1.75,2.04,164,-7.5,1.3,3.52,163.2868755742119,163.15589026493973,165.32331801215167,81.91,3,2,0,158.11,-1.38,164.95,0.0708,-0.0037,-0.0113,-0.0267,0.0047,-4.119906415192352,0.17439232272956537
401736374,20250903,2025,ATL,LA,86,75,168.5,1.9,1.91,161,-7.5,1.47,2.68,166.6124854520785,167.90647524293118,169.75760444543766,81.875,2,2,0,156.6,-7.68,164.93,0.0346,-0.0215,-0.0613,0.065,-0.0028,-3.4760141199373042,0.09787085680108387
401736375,20250903,2025,CHI,CON,88,64,162.5,1.87,1.92,152,-1.5,1.77,2.05,160.06320510087758,158.54982436596143,153.76295770575194,81.885,4,2,0,156.98,0.76,164.83,0.0125,0.0321,0.062,0.0546,-0.0022,1.1459222105178961,0.10028468739004448
401736376,20250904,2025,WSH,PHX,69,75,158.5,1.85,1.94,144,9.5,4.24,1.22,159.5530885582026,157.8178571296253,158.76446804760997,81.715,4,2,0,155.32,-0.94,164.82,-0.081,-0.0022,0.0176,-0.0625,0.0084,1.2161104825623787,-0.07660167483888947
401736377,20250904,2025,GS,DAL,84,80,158.5,1.75,2.05,164,-11.5,1.16,5.25,161.7924994677045,161.01576951110647,159.2077170938822,81.635,2,3,0,156.74,-9.43,164.75,0.166,0.0978,0.0005,0.013,0.0754,-0.1021628938523682,0.34243380901181936
401736378,20250904,2025,LV,MIN,97,87,163.5,1.85,1.94,184,2.5,2.08,1.75,166.37867767012548,167.56683886852855,172.88478524119907,81.575,6,3,0,154.08,0.44,164.85,0.0018,-0.0403,-0.0201,-0.0587,0.0016,-5.104944537402496,-0.019445991784204475
401736379,20250905,2025,ATL,LA,104,85,168.5,1.79,1.98,189,-6.5,1.41,2.88,166.37460083409565,167.56082771863805,168.8818440008939,81.565,2,2,0,157.6,-6.81,165.05,0.0334,0.0017,-0.0558,0.0657,-0.0348,-0.13719307272490416,0.1696090609333352
401736380,20250905,2025,IND,CHI,97,77,158.5,1.68,2.06,174,-13.5,1.13,5.73,161.7736237578204,160.9888954525279,158.47463762467794,81.64,3,2,0,157.11,1.79,165.17,0.0458,0.0184,-0.0381,-0.0523,-0.0721,-7.581267113315163,0.329568099833058
401736381,20250905,2025,SEA,NY,76,84,159.5,1.79,2.0,160,-2.5,1.79,2.03,160.33954576751165,158.9421074870278,162.1902408918362,81.75,4,3,0,155.18,6.66,165.17,-0.0834,0.0214,-0.0328,-0.037,-0.0315,-3.5287193264493535,0.14798715254755684
401736382,20250906,2025,CON,PHX,87,84,161.5,1.9,1.91,171,10.5,5.12,1.17,159.9032876228555,158.31612701972955,159.50630297532683,81.605,3,2,0,155.44,0.46,165.17,-0.1521,-0.0551,0.0062,0.042,0.0175,4.764065786371545,0.06475462837984075
401736383,20250906,2025,GS,MIN,72,78,154.5,1.86,1.92,150,6.5,3.02,1.38,159.90216092344798,158.31526391891134,167.34505967778355,81.645,2,2,0,151.47,-1.64,165.21,0.1111,-0.0436,0.0074,-0.0282,0.0853,-5.8021094018204495,-0.09260658175803899
401736384,20250907,2025,WSH,IND,65,94,159.5,1.71,2.09,159,5.5,3.09,1.37,162.13745148218783,161.50337001129924,158.81917300273938,81.355,3,2,0,157.89,-2.45,165.03,-0.0276,-0.0169,0.0037,-0.1037,0.0319,3.7302087291272623,-0.015910803407486906
401736385,20250907,2025,LA,DAL,91,77,178.5,1.7,2.07,168,-10.5,1.21,4.37,176.97534344161008,182.70068940305273,165.5547007139986,81.285,2,3,0,163.75,-1.5,165.15,0.0531,0.0058,0.0213,0.0279,0.054,-0.777946834444832,0.2866877815970588
401736386,20250907,2025,LV,CHI,80,66,160.5,1.86,1.94,146,-17.5,1.05,10.18,163.93499222287684,164.06784407438175,162.29152387318655,81.16,3,2,0,155.61,-0.6,165.27,0.0802,0.0804,-0.0871,-0.1401,-0.1477,5.537083813446865,0.3724580762340251
401736387,20250908,2025,ATL,CON,87,62,157.5,1.71,2.1,149,-14.5,1.07,8.15,162.32545408702927,161.76935282852884,164.01362317906802,81.215,3,2,0,155.29,-3.53,165.16,0.1676,0.0298,-0.0455,0.0442,-0.107,-6.397283712838843,0.3014492013324064
401736388,20250909,2025,NY,WSH,75,66,157.5,1.91,1.9,141,-14.5,1.07,8.07,156.95867508519686,154.100253601799,153.40369483937405,81.125,4,2,0,151.48,-3.86,165.0,0.1298,0.0485,-0.0057,0.0155,0.0495,3.5054540250872135,0.4195459760689948
401736389,20250909,2025,IND,MIN,83,72,162.5,1.73,2.08,155,2.5,2.07,1.75,167.9961492109768,169.86938513311222,171.75876103549248,81.13,2,3,0,156.21,2.95,165.02,-0.0422,-0.068,-0.0016,0.0298,0.0106,0.5861571740715159,0.1892249256450208
401736390,20250909,2025,LV,CHI,92,61,159.5,1.88,1.93,153,-17.5,1.04,11.3,161.45738125750654,160.5290596669436,160.66237148586788,81.21,2,2,0,154.82,-0.66,164.85,0.0993,0.0677,-0.0894,-0.1554,-0.1391,5.497106910096196,0.380826470583734
401736391,20250909,2025,PHX,LA,83,88,172.5,1.79,1.97,171,-7.5,1.35,3.18,169.43891867532827,171.93092355580026,168.11747130192546,81.145,3,2,0,160.73,-4.16,164.91,0.0443,0.0533,-0.0053,0.0138,-0.0121,3.100846664835473,0.4030162158216857
401736392,20250909,2025,SEA,GS,74,73,151.5,1.8,1.96,147,-7.5,1.33,3.31,157.19960696903104,154.44502854060332,161.25657034025664,81.155,4,3,0,156.14,4.81,164.93,-0.1138,-0.0113,-0.0177,-0.0474,-0.0395,0.5377051010423427,0.27870412063414896
401736393,20250910,2025,CON,ATL,72,88,156.5,1.8,1.97,160,12.5,6.4,1.11,160.82368576536987,159.619417545676,162.51226086116122,80.98,2,2,0,155.8,1.84,164.53,-0.1588,-0.0342,0.0517,-0.0415,0.1095,4.210410955708874,0.12768559297170362
401736394,20250911,2025,CHI,NY,86,91,156.5,1.86,1.94,177,9.5,7.72,1.08,156.192474190769,153.0024233173596,152.731806051608,80.955,2,2,0,151.29,2.91,164.37,-0.1271,-0.0533,0.0411,0.1276,0.0592,16.716354714629606,-0.012264560442994232
401736395,20250911,2025,DAL,PHX,97,76,163.5,1.65,2.18,173,3.5,2.89,1.41,168.80921051463883,171.0302444115171,162.4530884752827,81.09,4,2,0,161.11,4.69,164.54,-0.1017,-0.0745,-0.0,-0.0452,-0.0436,-1.9750259373834096,0.18876559250893754
401736396,20250911,2025,MIN,GS,72,53,153.5,2.02,1.78,125,-8.5,1.32,3.35,157.9883865869508,155.5702637743182,163.54949833900469,81.065,2,2,0,151.82,1.46,164.49,-0.1063,0.0248,-0.0076,0.0306,-0.0548,1.70214417880308,0.3340803333940188
401736397,20250911,2025,LA,LV,75,103,168.5,1.75,2.05,178,9.5,4.65,1.19,170.87464172437012,173.9781019772321,172.020080606135,80.93,2,2,0,158.17,5.7,164.37,0.0115,-0.1218,0.0235,0.0379,0.0939,-4.846487414128132,0.17712270951443126
401820272,20250914,2025,MIN,GS,101,72,147.5,1.79,2.0,173,-13.5,1.09,7.22,153.3203819850633,148.9002373968864,159.69454850510425,81.015,3,3,0,151.85,0.19,164.43,-0.0865,0.0505,-0.0097,0.0259,-0.0765,-1.5169993147498513,0.395587930339347
401820313,20250914,2025,ATL,IND,80,68,158.5,1.79,2.01,148,-7.5,1.29,3.58,162.82406120032064,162.48086380949394,170.61436905269147,81.17,4,5,0,155.57,-1.96,164.55,0.1144,-0.0325,-0.0284,-0.008,-0.0444,-4.033746368679019,0.18994703082084272
401820315,20250914,2025,LV,SEA,102,77,159.5,1.71,2.1,179,-7.5,1.38,3.02,164.39537858120397,164.72176338262236,169.53518796350716,80.955,3,5,0,156.45,-2.65,164.23,0.0812,0.0704,-0.0226,-0.0182,-0.1006,1.947801432425226,0.3968087206803702
401820316,20250916,2025,IND,ATL,77,60,157.5,1.72,2.08,137,4.5,2.42,1.57,160.891533940688,159.7187774285445,168.3529321474223,81.11,2,2,0,155.69,0.53,164.53,-0.1059,-0.0014,0.0221,-0.0077,0.0589,-2.117752997239412,0.20605812385437283
401820317,20250916,2025,SEA,LV,86,83,159.5,1.72,2.08,169,4.5,2.68,1.47,166.66163335135758,167.95858704436017,170.48166916715647,80.905,2,2,0,156.04,2.39,164.47,-0.0865,-0.0592,0.0236,0.0066,0.0774,9.671020511767829,0.17597640447664453
401820318,20250917,2025,NY,PHX,60,86,159.5,1.83,1.97,146,-4.5,1.5,2.6,160.8955291109659,159.72243212176437,161.85742175389146,81.0,6,6,0,155.71,-4.19,164.77,-0.0155,-0.0084,0.0237,0.0135,0.0198,-3.2612159495705675,0.18944817563362332
401820319,20250917,2025,GS,MIN,74,75,151.5,1.89,1.91,149,10.5,5.28,1.16,155.83159399787482,152.4872136571978,161.02509365459383,80.975,3,3,0,153.68,0.16,164.57,0.0966,-0.0686,0.0221,-0.0478,0.0836,-2.1894081978846285,-0.0161684930587222
401820320,20250918,2025,ATL,IND,85,87,153.5,1.84,1.94,172,-7.5,1.3,3.54,158.0376781902396,155.6348996856901,165.21763893268007,80.755,2,2,0,156.01,-0.82,164.39,0.0871,-0.0038,-0.0203,-0.0006,-0.0649,0.16074440459878858,0.29551294579894666
401820321,20250918,2025,LV,SEA,74,73,158.5,1.9,1.91,147,-8.5,1.28,3.65,167.3296299078632,168.9117283399241,170.3335022504408,80.84,2,2,0,155.53,-2.08,163.66,0.0879,0.0338,-0.0202,-0.026,-0.0068,6.833177078438751,0.2835511929566326
401820324,20250919,2025,PHX,NY,79,73,155.5,1.9,1.92,152,-2.5,1.64,2.26,159.16835863152252,157.25018890958793,160.2716795785023,80.75,2,2,0,155.66,3.46,163.45,0.0033,0.0123,-0.0346,-0.0106,-0.0541,1.9519592653218378,0.38955695474502755
401820327,20250921,2025,LV,IND,73,89,160.5,1.62,2.2,162,-9.5,1.23,4.2,164.03179873751574,164.19812389169266,169.86747810452607,80.73,3,3,0,156.12,-2.3,163.25,0.0774,0.0849,-0.0056,-0.0795,-0.0311,0.028066093796424635,0.2972905222525539
401820328,20250921,2025,MIN,PHX,82,69,157.5,1.77,1.99,151,-8.5,1.26,3.92,161.35774897329742,160.37645116868808,166.64819331268896,80.66,4,2,0,156.62,-3.71,163.27,-0.0187,0.0274,0.0129,0.0676,-0.0448,-2.467127455908608,0.2359378260426162
401820331,20250923,2025,LV,IND,90,68,164.5,1.92,1.9,158,-9.5,1.22,4.31,163.87335034296427,163.9723115025234,169.08073029407348,80.76,2,2,0,156.76,-2.09,163.36,0.0666,0.0689,-0.0012,-0.0505,-0.0377,-4.359403011724032,0.23101332251316337
401820333,20250926,2025,PHX,MIN,84,76,158.5,1.84,1.95,160,4.5,2.44,1.56,159.86606738867627,158.24680605181928,165.08337398142007,80.74,5,5,0,161.7,2.75,163.29,0.0052,-0.0088,-0.0179,-0.0573,0.0368,6.18326195186094,0.40539202839313004
401820334,20250926,2025,IND,LV,72,84,161.5,1.79,2.0,156,3.5,2.42,1.57,163.19481029945737,163.00308035227107,167.97265726466614,80.77,3,3,0,156.04,0.69,163.11,-0.0341,-0.0588,0.01,0.038,0.0234,8.625231984094793,0.22608184950808854
401820337,20250928,2025,IND,LV,90,83,158.5,1.7,2.13,173,3.5,2.32,1.61,162.40870465041615,161.87877231704397,166.77539153819953,80.705,2,2,0,157.51,0.27,163.15,-0.0147,-0.0579,0.0047,0.0694,0.0186,5.303383112085135,0.29949205967428527
401820338,20250928,2025,PHX,MIN,86,81,155.5,1.88,1.92,167,-5.5,1.51,2.58,160.01942033158187,158.46412544663733,164.57503658327806,80.645,2,2,0,160.73,2.66,163.29,-0.0028,0.0097,-0.0052,-0.0329,0.0537,-1.6374258582529233,0.4911981250984639
401820322,20251003,2025,LV,PHX,89,86,158.5,1.68,2.17,175,-4.5,1.62,2.3,162.82495781830173,162.47486549879886,167.04775813893292,80.78,5,5,0,163.54,-1.11,163.42,-0.0655,0.0678,-0.0076,-0.0333,0.0131,0.5929338561896244,0.42506629712240296
401820325,20251005,2025,LV,PHX,91,78,163.5,1.88,1.93,169,-3.5,1.66,2.24,164.6777007482305,165.12137894891904,167.84298232503966,80.755,2,2,0,162.84,-0.29,163.51,-0.086,0.0432,-0.0183,-0.0239,0.0297,-0.35606242725688003,0.33445249975209546
401820326,20251008,2025,PHX,LV,88,90,163.5,1.92,1.9,178,-4.5,1.53,2.53,165.20498106524946,165.87824105402714,167.9586840925357,80.945,3,3,0,163.52,-0.16,163.3,0.0995,-0.0565,0.0129,0.0109,-0.0229,10.965210002644017,0.2934880120053462
401820329,20251010,2025,PHX,LV,86,97,163.5,1.87,1.95,183,1.5,2.11,1.74,167.06095026344892,168.5314169486244,168.96281568328212,81.03,2,2,0,162.83,0.87,163.64,0.0802,-0.0544,0.0117,0.0093,-0.0048,7.047787108207039,0.20377353028435014
401867793,20260501,2026,MIN,TOR,73,66,158.5,1.85,1.84,139,-6.5,1.4,2.8,161.88309048727882,161.2621370674878,163.33636738635016,80.935,3,3,0,,,,,,,,,,
401866519,20260503,2026,CON,NY,67,79,161.5,1.81,1.91,146,10.5,4.2,1.2,159.85153266058916,158.2766973180967,157.01041263772,80.965,3,3,0,156.9,0.72,163.43,-0.1348,-0.0245,-0.0085,0.0637,-0.0232,3.1768790164017657,0.7426735457475666
401866520,20260503,2026,DAL,LV,101,84,168.5,1.79,1.87,185,5.5,2.44,1.52,168.87280415369418,171.5343166133479,166.48331505056282,80.84,3,3,0,164.33,0.66,163.33,0.0047,-0.0928,0.0134,0.0204,-0.0955,0.7347150727481919,0.6861442252803522
401866521,20260503,2026,POR,LA,75,85,168.5,1.77,1.91,160,6.5,3.51,1.27,167.0245169110222,168.8249751180026,164.27237212672514,80.965,3,3,0,,,,,,,,,,
401867795,20260503,2026,ATL,WSH,72,83,159.5,1.75,1.91,155,-6.5,1.34,3.1,158.60653267953563,156.44585464473698,158.5941343293062,80.965,3,3,0,156.47,1.83,163.22,0.0915,0.0283,-0.0271,0.0963,-0.0508,-2.188457744190789,0.8030324326930792
401856890,20260508,2026,NY,CON,106,75,159.5,1.85,1.91,181,-11.5,1.16,5.19,158.05304689093748,155.62602758628705,155.90937137394803,80.88,5,5,0,157.03,-0.58,163.09,0.1284,0.0182,-0.0072,-0.0579,0.048,3.6760807173751515,0.8114821917570793
401856891,20260508,2026,TOR,WSH,65,68,159.5,1.8,2.02,133,-1.5,1.81,1.98,144.1122238583053,135.13635770753203,143.01606156561155,81.04,6,5,0,155.21,-1.13,163.29,0.0827,-0.0598,-0.052,0.0247,-0.0349,7.406481941748155,1.1732478813324394
401856892,20260508,2026,SEA,GS,80,91,155.5,1.8,1.98,171,4.5,2.89,1.41,158.70275088384642,156.57174453529393,158.3280414801455,80.74,3,3,0,155.46,2.36,162.91,-0.1286,0.0488,-0.028,0.0016,-0.039,-6.4606276345193505,0.8786564554597529
401856893,20260509,2026,IND,DAL,104,107,175.5,1.69,2.02,211,-7.5,1.4,2.89,167.52463659805028,169.54933285251343,164.8188628814658,80.805,3,6,0,166.22,-0.12,162.97,-0.0099,0.0488,0.0363,0.0455,0.0896,4.833186561050843,0.9814697376118202
401856894,20260509,2026,LV,PHX,66,99,165.5,1.72,2.08,165,-9.5,1.21,4.29,167.73948749111503,169.87984731613267,166.86088384898028,81.015,6,3,0,165.13,1.74,162.99,-0.0419,0.0486,-0.0271,-0.0359,0.0705,2.203555669237784,0.7016804377250634
401856895,20260509,2026,POR,CHI,83,98,159.5,1.58,2.2,181,4.5,2.74,1.45,160.25262224469628,158.86964304843187,152.42044114154407,81.01,6,3,0,161.83,8.57,162.93,0.0296,-0.0882,0.079,-0.0816,0.2153,-4.819146768769713,1.18111406474664
401856899,20260509,2026,MIN,ATL,90,91,157.5,1.71,2.11,181,2.5,2.76,1.44,158.53095537210044,156.33783483347028,162.6798899784792,81.01,6,6,0,159.16,0.14,162.85,-0.0717,-0.0016,-0.0048,-0.026,-0.0115,7.55702508047115,0.7226382268861173
401856896,20260510,2026,CON,SEA,82,89,160.5,1.64,2.15,171,-2.5,1.77,2.03,163.25509922391743,163.28079357113702,157.6184768840605,80.95,2,2,0,159.53,2.84,163.16,-0.0475,-0.1118,0.011,0.0082,-0.0118,2.1576901847804084,0.7015808864858352
401856898,20260510,2026,LA,LV,78,105,175.5,1.73,2.03,183,1.5,2.03,1.78,171.01747161260025,173.3331720788108,166.54363153598845,80.97,6,1,1,167.69,-0.16,163.53,0.0869,-0.0764,0.0215,0.0185,-0.0099,-6.164927384769582,0.517171928351758
401856900,20260510,2026,GS,PHX,95,79,157.5,1.8,1.96,174,-2.5,1.7,2.14,161.44031142578996,159.26363534747233,162.3730790664887,81.175,2,1,1,159.5,-5.05,163.82,0.0819,0.0181,0.0242,0.0113,0.0038,-1.1432591783723351,0.47485949056897214
401856901,20260512,2026,DAL,ATL,72,77,179.5,1.82,1.96,149,1.5,2.01,1.79,169.49176564128442,172.47262230966152,167.93128196670773,81.245,3,3,0,164.71,2.99,163.87,-0.0676,0.0394,-0.0277,-0.0814,-0.0139,6.931590093918,0.8456201552420903
401856902,20260512,2026,PHX,MIN,84,88,167.5,1.82,1.96,172,-4.5,1.47,2.67,163.79260302427633,164.091682325385,165.4621265408754,81.245,2,3,0,162.11,0.07,163.44,0.0599,0.0494,0.0034,-0.0224,0.035,-3.454469424876417,0.9071637734326524
401856903,20260512,2026,POR,NY,98,96,170.5,1.61,2.19,194,11.5,6.2,1.12,160.73901009957487,159.59773410272447,157.42991446028134,81.195,3,4,0,167.27,2.71,163.46,-0.0402,-0.0399,0.02,-0.0659,0.0631,-0.01968247946659259,0.9742005122044732
401856904,20260513,2026,TOR,SEA,86,73,166.5,1.79,1.99,159,-3.5,1.64,2.23,147.0806516557085,139.52899256158287,147.54696139700974,81.435,5,3,0,160.47,2.41,163.54,0.0429,-0.1718,-0.0073,-0.0569,0.0962,-2.1268134869050255,0.9113125790083034
401856905,20260513,2026,CON,LV,69,98,170.5,1.8,2.0,167,13.5,7.69,1.08,167.25856344768744,169.1913466777881,162.5699647583869,81.285,3,3,0,166.76,-1.65,163.5,-0.0363,-0.0642,0.0318,0.0645,-0.0457,3.8604734229863125,0.8082498878248587
401856906,20260513,2026,GS,CHI,63,69,165.5,1.83,1.95,132,-5.5,1.39,2.95,160.44493283735665,159.1735992555939,159.8671492292977,81.315,3,4,0,154.08,0.23,163.61,0.1453,0.034,-0.025,-0.0625,-0.0913,-5.838520805267937,0.7002829693299789
401856907,20260513,2026,LA,IND,78,87,182.5,1.63,2.17,165,1.5,1.91,1.88,170.18410871897515,173.49872742864085,166.63145944694656,81.36,3,4,0,169.63,-0.45,163.31,0.1021,-0.067,-0.0043,-0.043,-0.0239,-0.07536270071552965,0.5137035655756803
401856908,20260514,2026,DAL,MIN,86,90,177.5,1.8,1.95,176,-3.5,1.57,2.37,168.30032967037278,170.72470970798162,167.24463653676733,81.305,2,2,0,164.75,2.31,163.39,0.0214,-0.0295,-0.028,-0.0148,-0.021,2.944488549452196,0.7321595330359967
401856909,20260514,2026,POR,NY,82,100,174.5,1.82,1.98,182,10.5,5.36,1.15,164.87614378481874,165.69896069245203,161.08692301425322,81.445,2,2,0,165.45,0.55,163.49,-0.0014,0.0021,0.004,-0.0417,0.0007,2.4504871765446317,0.850106484143557
401856910,20260515,2026,CON,LV,94,101,170.5,1.76,2.04,195,13.5,8.25,1.07,166.91827851189552,168.71521201000925,163.01296828254823,81.635,2,2,0,166.93,-1.67,163.76,-0.0463,-0.0693,0.0265,0.0325,-0.0418,1.653136653075765,0.7752006454615864
401856912,20260515,2026,LA,TOR,99,95,167.5,1.66,2.1,194,-8.5,1.29,3.59,151.53275980501118,146.0934068610239,150.34607428038265,81.685,2,2,0,165.36,3.61,164.17,-0.0126,-0.0394,0.0188,0.0106,-0.0321,6.339488758957468,0.7547187199672802
401856913,20260515,2026,PHX,CHI,91,83,165.5,1.86,1.91,174,-4.5,1.52,2.49,162.38450034896144,162.06502703987772,161.6628743867893,81.88,3,2,0,159.14,5.15,164.28,0.0798,0.0512,-0.0188,-0.0786,-0.0248,0.5146206780348287,0.7675728570538995
401856914,20260517,2026,MIN,CHI,79,86,166.5,1.91,1.9,165,-5.5,1.4,2.91,161.61297523552406,160.93773791228554,162.48273873436995,81.985,3,2,0,158.61,2.99,164.44,-0.0132,0.0422,-0.0006,-0.0372,-0.0656,-0.26526121806314884,0.643045703053284
401856915,20260517,2026,ATL,LV,84,85,171.5,1.89,1.88,169,-1.5,2.34,1.59,165.97283358330245,167.35782456344387,169.65795459531012,82.11,5,2,0,164.93,-4.27,164.53,0.1018,-0.0522,0.0164,0.0844,-0.0884,-5.539706133533864,0.381595764257335
401856916,20260517,2026,IND,SEA,89,78,174.5,1.73,2.04,167,-11.5,1.14,5.46,164.98392683142671,165.90254113017744,164.81450447917805,82.095,4,4,0,166.61,7.78,164.37,0.025,-0.0402,-0.0085,0.0488,-0.0085,-2.4227165128737065,0.7254932429692698
401856917,20260517,2026,LA,TOR,96,106,173.5,1.85,1.92,202,-8.5,1.29,3.53,156.37381118992315,153.23706617492152,154.7114668523444,82.04,2,2,0,165.35,2.55,164.45,-0.0455,-0.0366,0.0224,-0.0314,-0.0141,4.52712966242205,0.7317207071443785
401856918,20260518,2026,DAL,WSH,92,69,170.5,1.88,1.9,161,-5.5,1.53,2.48,162.8531430489038,162.77777254398353,160.63939114995662,82.22,4,6,0,164.75,0.85,164.7,0.0233,0.0192,-0.0429,-0.0017,-0.0401,4.469585718658989,0.594829233252957
401856919,20260518,2026,POR,CON,83,82,173.5,1.87,1.92,165,-3.5,1.56,2.4,167.13472633098178,169.07061453847678,156.6488309169022,82.17,4,3,0,167.62,-0.57,164.73,0.1517,0.0513,0.0095,-0.067,0.0752,3.729745113304855,0.7345167636874143
401856920,20260519,2026,PHX,TOR,90,98,170.5,1.97,1.84,188,-8.5,1.29,3.58,156.9348510390743,154.06557455358308,158.16618535592474,82.09,4,2,0,163.85,0.52,164.66,-0.0433,0.0252,0.0084,-0.0363,-0.0444,0.18019262936847252,0.6509290322220841
401856921,20260520,2026,IND,POR,90,73,179.5,2.21,1.64,163,-13.5,1.2,4.48,167.04239891537134,168.93900304227756,163.40521529968237,82.23,3,2,0,170.38,4.35,165.04,-0.0588,0.0088,-0.0022,0.0756,-0.0478,-0.5777872880797023,0.6519394173266734
401856922,20260520,2026,CHI,DAL,89,99,169.5,1.87,1.91,188,1.5,2.23,1.65,166.07328929796685,167.5173403505604,164.8711935997827,82.28,3,2,0,160.63,-3.56,165.05,-0.0165,-0.0319,0.0293,0.0191,0.0993,-5.176663126622949,0.2991680791486612
401856923,20260520,2026,SEA,CON,78,80,166.5,1.74,2.06,158,-3.5,1.7,2.14,164.63863159146857,165.4138370595112,159.11178655678987,82.37,3,2,0,164.61,-3.02,165.27,0.0459,0.075,-0.0128,-0.0625,0.0559,-1.2931687191936443,0.5705950094379473
401856924,20260521,2026,NY,GS,70,87,166.5,1.72,2.07,157,-7.5,1.39,2.96,158.80009163987836,156.8216930840115,163.41010769454516,82.28,6,6,0,160.77,5.54,165.2,0.0101,0.0105,0.0101,-0.0451,0.0667,-1.0971314687270752,0.6453874673558347
401856925,20260521,2026,MIN,TOR,100,72,171.5,1.8,1.98,172,-7.5,1.41,2.86,157.1052701733838,154.32970931698082,159.6771034279659,82.285,4,2,0,163.86,-0.86,165.01,-0.1414,-0.0023,0.0222,-0.0341,-0.124,-1.7170364248905619,0.44555473215747365
401856926,20260521,2026,PHX,LA,88,97,173.5,1.64,2.17,185,-3.5,1.69,2.15,173.99210968202604,179.15443665565414,169.8913969874422,82.165,2,4,0,166.05,-0.85,165.23,-0.0102,0.0462,-0.0215,-0.0062,0.0358,2.7474922550311236,0.5129934982568725
401856927,20260522,2026,ATL,DAL,86,69,172.5,1.83,1.97,155,-5.5,1.44,2.76,166.8617911671401,168.68034445545695,168.55460060226108,82.33,5,2,0,163.54,0.45,165.26,0.0759,-0.0685,0.0394,0.0398,0.0385,-11.71818104379902,0.1644501025342926
401856928,20260522,2026,IND,GS,90,82,167.5,1.88,1.91,172,-7.5,1.45,2.73,160.57955925210885,158.07205835277406,164.56100305325967,82.245,2,1,1,165.17,9.2,165.42,-0.0687,-0.0069,0.0358,0.0104,0.0576,-1.4665973321814325,0.6061744992422088
401856929,20260522,2026,SEA,CON,77,59,165.5,1.88,1.9,136,-2.5,1.74,2.07,163.78168911078413,164.14845335356014,159.0006079011109,82.295,2,2,0,164.48,-2.84,165.49,0.0444,0.0642,-0.004,-0.0747,0.0739,5.299516529713427,0.6409220996003676
401856930,20260523,2026,CHI,MIN,75,85,165.5,1.69,2.11,160,1.5,2.03,1.78,164.17023488250703,164.70526770895128,165.36101837483966,82.085,3,2,0,159.99,-2.24,165.05,0.0208,-0.0582,-0.0214,-0.0235,0.083,-6.049794990716555,0.36875437981257275
401856931,20260523,2026,TOR,POR,80,99,173.5,1.9,1.9,179,-5.5,1.47,2.66,160.2264401100258,158.908816,154.375831,82.13,2,3,0,164.18,0.08,165.23,0.0786,0.0393,-0.0231,0.08,0.0165,2.946928773392962,0.7417208100081805
401856932,20260523,2026,LV,LA,95,101,181.5,1.93,1.87,196,-9.5,1.23,4.13,176.12303203353173,182.29085224516484,174.13765463405105,82.205,6,2,0,168.4,1.04,165.29,-0.0865,0.0377,-0.0232,-0.0234,-0.0134,2.0683982960178695,0.2672217462294661
401856933,20260524,2026,ATL,PHX,82,80,166.5,1.72,2.09,162,-5.5,1.43,2.81,165.22955413278294,166.28351550566134,167.2658215252133,82.38,2,3,0,164.6,-0.9,165.53,-0.0008,-0.034,0.0251,0.0397,-0.0902,-11.190773919236634,0.2828373920198526
401856934,20260524,2026,NY,DAL,76,91,176.5,1.69,2.11,167,-7.5,1.39,2.94,167.7218705634262,169.9534620535384,168.1648857966658,82.45,3,2,0,164.28,0.81,165.54,0.113,-0.0069,0.0374,-0.0422,0.0594,2.811464158066721,0.4250186095964588
401856935,20260524,2026,SEA,WSH,97,85,156.5,1.8,2.0,182,2.5,2.57,1.5,155.2512874509389,151.6230887627555,155.33128124072346,82.57,2,6,0,161.58,-0.92,165.51,0.0529,0.0528,-0.0166,-0.014,0.0071,-0.5563791606050954,0.5894756211367984
401856936,20260525,2026,NY,POR,74,81,172.5,1.9,1.88,155,-13.5,1.19,4.62,166.55956640661802,166.8965113447975,162.9155088773906,82.685,1,2,1,164.32,-0.23,165.73,0.0656,-0.0057,-0.0074,0.009,-0.0199,1.3263920278155685,0.7580390544590493
401856937,20260525,2026,GS,CON,97,70,158.5,1.9,1.86,167,-13.5,1.1,6.65,157.43552107631297,154.84899805180143,156.5086760936127,82.77,3,3,0,160.85,-2.69,165.47,0.1454,0.058,-0.0251,-0.0119,0.0426,-4.782103110849114,0.5427972348122829
401856938,20260527,2026,NY,PHX,84,74,169.5,1.91,1.89,158,-6.5,1.53,2.47,166.25640149683528,167.81990655987983,166.15283141412067,82.76,2,3,0,163.93,-1.37,165.53,0.0919,0.0308,0.016,-0.0395,-0.0416,-6.1269745719180975,0.43384338360230457
401856939,20260527,2026,CHI,TOR,104,111,167.5,1.55,2.25,215,-5.5,1.49,2.58,159.16855462252295,157.3937071913017,156.46351456070332,82.715,4,4,0,162.92,-0.91,165.46,-0.1158,-0.0428,-0.0136,-0.0434,0.0289,-8.514993237928314,0.33950317252244055
401856940,20260527,2026,MIN,ATL,96,81,163.5,1.7,2.08,177,2.5,2.22,1.65,160.25227617073267,159.0009046522876,167.12654402487524,82.91,4,3,0,163.65,0.81,165.79,-0.092,0.0365,-0.0006,-0.0015,-0.0266,-4.851987092948152,0.35476525058991015
401856941,20260527,2026,POR,CON,71,61,166.5,1.92,1.88,132,-7.5,1.35,3.18,162.9651412212378,163.00870419869463,156.51879796457953,83.175,2,2,0,164.33,1.23,165.76,0.077,0.0513,-0.0096,-0.0551,0.0173,3.941742435912668,0.6231544340158791
401856942,20260527,2026,SEA,WSH,64,78,157.5,1.68,2.05,142,1.5,2.34,1.59,157.83726723010983,155.45677988647995,157.9981531166511,83.015,3,3,0,162.98,-0.09,165.36,0.0733,0.0789,-0.0153,-0.0401,-0.0222,2.851496689817631,0.5233154053028608
401856943,20260528,2026,DAL,LV,95,87,175.5,1.77,2.01,182,2.5,2.66,1.47,173.1063273818114,177.90420528251758,173.9070911748955,82.92,4,5,0,166.13,-4.51,165.02,0.0427,0.0097,-0.0311,0.0228,-0.0659,-4.911404256464373,0.3174456687750334
401856944,20260528,2026,GS,IND,90,88,166.5,1.84,1.96,178,-2.5,1.74,2.08,160.57027043392105,159.4796296121715,167.03126271241462,83.07,3,6,0,167.54,-7.74,165.12,0.0476,0.0093,-0.0371,-0.003,-0.0585,-10.938245064010848,0.1739211588969407
401856945,20260529,2026,NY,PHX,75,68,168.5,1.73,2.02,143,-6.5,1.44,2.76,164.4018108964308,165.12591590389187,165.3375482727086,83.24,2,2,0,162.8,-1.06,165.36,0.0724,0.0454,0.0015,-0.0403,-0.0703,-5.383525145960084,0.3773899704767606
401856946,20260529,2026,WSH,LA,87,92,164.5,1.83,1.93,179,-2.5,1.69,2.15,166.69451705565865,168.49018753342958,164.4358463285568,83.135,2,6,0,164.65,-4.54,165.25,-0.1142,-0.04,-0.0004,0.0307,0.0496,-3.8510735331901316,0.334549013835071
401856947,20260529,2026,CHI,MIN,58,79,168.5,1.61,2.22,137,2.5,2.5,1.53,166.47726128130833,168.16896684425052,168.34242488362014,83.11,2,2,0,163.76,0.59,165.45,0.0765,-0.0789,-0.0462,-0.0637,0.0768,0.3250052324284737,0.1505290806293167
401856948,20260529,2026,POR,ATL,66,86,162.5,1.82,1.92,152,8.5,3.88,1.25,160.6184385104462,159.53520584497977,161.63932935340057,82.85,2,2,0,162.84,0.37,165.15,-0.0034,0.021,-0.0041,-0.0835,0.0208,-8.394444770287086,0.5341788910594136
401856949,20260530,2026,TOR,SEA,93,72,167.5,1.65,2.18,165,-5.5,1.42,2.85,160.7613785858781,159.7377784659202,159.80257312178827,82.74,3,3,0,161.79,2.14,165.19,0.0696,-0.0099,-0.0087,0.0792,-0.0184,-4.980439134600047,0.5417134384938018
401856950,20260530,2026,CON,LA,84,81,167.5,1.83,1.96,165,3.5,2.39,1.56,170.10828108126853,172.1206446061912,162.90401084994474,82.765,3,1,1,164.79,-3.45,165.03,-0.0918,-0.0809,-0.0018,0.0601,-0.054,-8.529899040152063,0.033295248459251914
401856951,20260530,2026,POR,IND,100,84,173.5,1.87,1.92,184,10.5,4.98,1.17,164.81928490852076,164.34079691882036,163.94488949146844,82.735,1,2,1,169.41,-6.23,165.05,0.0058,-0.0069,0.0341,-0.0229,-0.048,-11.931332708316484,0.7265719203498551
401856952,20260531,2026,GS,LV,81,91,167.5,1.86,1.94,172,1.5,2.07,1.75,167.27110002624326,169.3221341343515,170.58951703946292,82.905,3,3,0,166.14,-4.25,165.46,0.1044,-0.0019,-0.0051,0.0359,0.0056,-4.6865189084544685,0.3052235650498041
401856953,20260601,2026,DAL,SEA,79,56,166.5,1.88,1.9,135,-12.5,1.13,5.79,165.31503679646585,166.4501407983765,165.52805913625718,82.97,4,2,0,160.61,-0.04,165.43,-0.0164,0.0504,-0.0493,0.0467,-0.0671,-9.001247030824862,0.35233207064896416
401856954,20260601,2026,PHX,MIN,77,111,166.5,1.91,1.87,188,1.5,2.19,1.67,162.94903373297802,162.9593566530164,167.12696639190844,82.805,3,3,0,163.95,-1.37,165.35,0.0887,-0.0486,-0.0185,-0.0491,0.1052,-5.301641362197262,0.32079593828716296
401856955,20260602,2026,ATL,CON,91,75,157.5,1.65,2.16,166,-15.5,1.09,7.42,157.94769085917477,155.61916405942446,158.06914809336993,83.015,4,3,0,162.5,-0.36,165.64,0.0908,0.0536,0.0003,0.0096,-0.0239,3.1895713911574872,0.45079421549079557
401856956,20260602,2026,WSH,CHI,90,72,160.5,1.84,1.93,162,-2.5,2.07,1.75,160.14443413721443,158.855493913675,157.52163500904766,83.1,4,4,0,163.49,-2.77,165.51,-0.0574,0.0349,0.052,0.0467,0.0545,-4.406303167056438,0.5579257598298424
401856957,20260602,2026,GS,POR,95,77,158.5,1.77,2.01,172,-9.5,1.25,3.95,160.567519737611,159.48494720072057,162.50474946313423,83.205,2,3,0,163.1,0.24,165.56,0.0349,0.0361,-0.0555,0.0046,0.0255,-0.8722479258028495,0.3074101224951571
401856958,20260602,2026,LA,LV,69,79,174.5,1.74,2.05,148,6.5,3.27,1.33,177.30681604370088,184.10692128672517,176.13235022822323,83.29,3,2,0,169.22,-1.05,165.69,0.0786,-0.0216,0.0391,0.007,0.0474,-3.4760372919578235,0.31624859329058186
401856959,20260603,2026,NY,TOR,97,82,171.5,1.8,1.96,179,-10.5,1.26,3.75,160.36593519820963,159.1926669433574,162.47477461261775,83.265,5,4,0,161.43,-1.75,165.74,-0.0088,0.0138,0.0178,-0.0487,-0.0735,-12.068145364898339,0.23413916406155888
401856960,20260603,2026,SEA,PHX,68,72,160.5,1.91,1.86,140,4.5,3.22,1.34,160.9176659161104,160.00679219052608,158.1562011781865,83.305,2,2,0,161.03,-0.59,165.79,-0.0178,-0.0025,0.0223,-0.0308,-0.0552,-5.358922140499927,0.26743094094860054
401856961,20260604,2026,IND,ATL,83,71,171.5,1.7,2.08,154,-1.5,1.88,1.9,164.14984709894946,164.75746951957197,169.01843011017607,83.27,5,2,0,167.86,5.79,165.53,-0.027,0.0038,-0.006,-0.0585,0.0707,-2.7535433228946036,0.4635174089677804
401856962,20260604,2026,MIN,GS,87,84,163.5,1.64,2.23,171,-4.5,1.59,2.34,161.94294398237935,161.51001345982255,171.3006596951204,83.24,3,2,0,162.4,1.37,165.45,-0.1611,-0.0156,0.052,0.0274,-0.0214,-4.322206357858876,0.18961134459989465
401856963,20260605,2026,CHI,CON,85,80,161.5,1.67,2.09,165,-7.5,1.37,3.07,160.8501184494696,159.90087130580733,154.6273468456312,83.21,3,3,0,164.24,3.51,165.45,0.0394,0.0218,-0.0381,-0.0801,-0.0331,6.20341604607464,0.5600215578774559
401856964,20260605,2026,LA,DAL,96,104,170.5,1.78,2.01,200,1.5,2.1,1.73,171.12599938664783,175.00935952881,171.42697305155974,83.17,3,4,0,163.76,2.86,165.35,0.0305,-0.0244,0.0628,-0.022,0.088,-9.387898178641358,0.26974667512296324
401856965,20260605,2026,POR,PHX,72,78,158.5,1.78,1.99,150,-3.5,1.54,2.47,163.0240873682339,163.12104840756768,160.42988834135423,83.545,3,2,0,160.63,-0.1,165.61,0.0012,0.077,0.0333,0.0282,-0.128,0.06956876516088512,0.44328658706005125
401856966,20260606,2026,MIN,SEA,88,68,157.5,1.64,2.05,156,-13.5,1.09,7.03,157.86436957224402,155.5236830429014,163.64949164266528,83.405,2,3,0,163.01,0.59,165.59,-0.0792,0.099,-0.0058,0.1355,-0.0423,4.721081676752361,0.4300436051326343
401856967,20260606,2026,LV,GS,84,79,167.5,1.91,1.88,163,-4.5,1.63,2.27,166.75533755873997,168.59245780064086,171.11087357466087,83.32,4,2,0,164.62,3.54,165.5,-0.1462,-0.0388,0.0359,-0.0319,0.0098,-7.510615662009062,0.08970836215029554
401856968,20260606,2026,ATL,WSH,109,77,157.5,1.69,2.01,186,-10.5,1.22,4.14,156.65864763499496,153.74990741862885,160.9655636293392,83.395,2,4,0,162.05,-0.84,165.41,0.1138,0.0195,-0.0057,0.0324,-0.0933,-6.156929472554015,0.18724135139036047
401856969,20260606,2026,NY,IND,83,75,174.5,1.91,1.89,158,-4.5,1.63,2.26,163.6405918171709,164.01967737785617,168.18089001456542,83.43,3,2,0,165.01,-5.41,165.61,0.0369,0.0308,-0.005,-0.0116,-0.0524,-7.234187875234383,0.1502201264600983
401856970,20260607,2026,TOR,CHI,85,68,173.5,1.76,2.03,153,-3.5,1.59,2.35,163.85442060711893,164.34140672587307,161.05159644138746,83.535,4,2,0,165.23,-2.55,165.36,0.0974,0.0588,0.0026,0.0588,0.0142,-3.7458105447308303,0.43013994232986996
401856971,20260607,2026,LA,POR,89,72,174.5,1.91,1.89,161,-7.5,1.33,3.29,169.57343231909812,172.74598769088885,165.94429282823108,83.455,2,2,0,163.08,3.63,165.37,-0.0096,-0.0191,-0.0225,-0.0258,0.0737,-0.9739149708905741,0.17945579824296215
401856972,20260608,2026,CON,NY,80,89,161.5,1.78,2.04,169,11.5,6.04,1.12,158.64513389060545,156.680510111133,158.758967694011,83.53,3,2,0,159.6,0.51,165.29,-0.1172,-0.0865,0.0203,0.0558,0.0158,-1.4674369634481477,0.018595882117025564
401856973,20260608,2026,WSH,IND,76,78,168.5,1.7,2.04,154,4.5,2.82,1.42,162.2356957501533,161.96756907569477,162.96546771691965,83.63,2,2,0,166.26,-3.34,165.34,-0.0958,-0.0284,0.0194,0.0426,0.097,-9.107115009171673,0.24592389858581665
401856974,20260608,2026,LV,SEA,101,91,159.5,1.67,2.12,192,-16.5,1.07,8.57,161.02274569016737,160.17761585673176,162.34079434254602,83.54,2,2,0,163.86,1.63,165.18,-0.0788,0.0751,-0.0403,0.0403,0.0051,3.7480756944162645,0.3903217115179905
401856975,20260609,2026,CHI,ATL,75,82,163.5,1.73,2.02,157,6.5,4.07,1.23,160.9151284697968,160.03496307030798,163.3982099236228,83.765,2,3,0,164.76,4.03,165.45,-0.0645,-0.0822,-0.0125,-0.1425,-0.0157,0.17723337107600134,0.2293866886733883
401856976,20260609,2026,MIN,DAL,100,76,170.5,1.81,1.91,176,-5.5,1.52,2.51,166.40447637723304,168.1090925161362,175.30490194945918,83.79,3,4,0,161.67,0.59,165.41,-0.0401,0.0315,0.0445,0.0414,-0.0497,-3.9749712295546957,0.06266285575679786
401856977,20260609,2026,GS,PHX,87,81,161.5,1.8,1.96,168,-8.5,1.29,3.57,160.67688275436262,159.69119783817112,163.26551482897986,83.86,3,4,0,160.34,0.2,165.51,0.0784,0.1045,-0.0415,0.0233,-0.1336,-4.07484599040623,0.31329552307166564
401856979,20260610,2026,SEA,LA,83,88,168.5,1.77,1.99,171,5.5,3.47,1.3,165.6110617152727,166.95308121856368,163.67752464780904,83.945,2,3,0,164.27,-1.31,166.07,0.0232,-0.0121,-0.0027,-0.0589,-0.0972,-7.7789872541756875,0.06372822457064342
401856981,20260611,2026,ATL,NY,90,104,163.5,1.74,2.0,194,-4.5,1.61,2.31,159.41440191761797,157.84505151702757,167.99970650633503,84.01,2,3,0,159.83,0.37,166.7,-0.0098,0.0143,-0.0054,0.0786,-0.0259,-5.373276066297557,-0.06115581188509267
401856982,20260611,2026,DAL,PHX,85,70,168.5,1.83,1.93,155,-6.5,1.36,3.1,165.84509718503404,167.31354150666596,166.65419418285234,84.18,2,2,0,159.89,1.82,166.87,-0.0231,0.0547,-0.0361,0.0244,-0.1339,-1.9502205059319988,0.07225514345633688
401856983,20260611,2026,POR,LV,89,105,170.5,1.88,1.9,194,9.5,5.02,1.17,166.05995955621844,167.6291619742949,167.0790538058904,84.175,4,3,0,162.32,-2.51,166.79,0.0421,-0.0569,0.0585,0.0314,-0.0078,-1.7654763477708049,0.0927493373947671
401856984,20260612,2026,WSH,TOR,86,85,168.5,1.76,2.0,171,-3.5,1.81,1.99,159.2412131049694,157.60909288766334,160.05375681032706,84.28,4,5,0,163.96,-2.03,166.91,-0.0903,0.0043,0.0545,-0.0049,0.0412,-4.979460509709407,0.1393066291930385
401856985,20260612,2026,SEA,GS,72,76,156.5,1.78,2.0,148,7.5,4.34,1.21,158.5647466807921,156.61569792548008,160.7890611149233,84.3,2,3,0,160.86,1.28,167.22,-0.0374,-0.0556,0.0641,-0.0561,-0.0459,-1.9371032658778313,0.05008450793162267
401856986,20260613,2026,CON,IND,75,85,170.5,1.89,1.91,160,8.5,4.05,1.24,160.5292599808806,159.4952628627601,160.0317999685932,84.165,5,5,0,167.96,-5.42,167.11,-0.0948,-0.0672,0.0089,0.0613,0.0586,-11.5425335474937,-0.10524121955979948
401856987,20260613,2026,LV,MIN,100,97,173.5,1.79,1.96,197,-3.5,1.6,2.32,169.44258616742002,172.59969073068325,179.24616322028174,84.12,2,4,0,163.95,0.46,167.11,0.0612,-0.0128,-0.0137,-0.0148,0.0953,-8.351834449674813,-0.14592865594907256
401856988,20260613,2026,POR,DAL,84,83,166.5,1.8,1.94,167,3.5,2.33,1.6,166.02997344084736,167.58783981714754,165.76177679515115,84.215,2,2,0,161.34,-1.27,167.41,0.051,-0.0144,0.0563,-0.0219,0.0357,0.5141917731827664,0.15486821094843733
401856990,20260614,2026,NY,WSH,86,64,165.5,1.8,1.95,150,-13.5,1.1,6.64,161.03126404960625,160.23140756484636,164.63817271111992,84.135,3,2,0,161.52,-0.99,167.89,0.1285,0.0433,-0.0221,-0.0479,-0.05,-0.1117571029272468,0.028949744651879272
401856991,20260614,2026,TOR,ATL,77,102,170.5,1.86,1.91,179,6.5,3.2,1.34,162.87689230940225,162.94932239937543,167.10994427387595,84.19,2,3,0,163.98,2.33,167.66,-0.0106,-0.0152,-0.0081,-0.055,0.0348,-6.502870471588678,0.1641232879049746
401856992,20260615,2026,DAL,LV,96,66,176.5,1.81,1.95,162,2.5,2.29,1.62,173.08218295158122,177.96822095937316,177.1378811301191,84.355,2,2,0,162.81,0.73,167.59,-0.0168,-0.0863,-0.0145,-0.0176,-0.0695,-4.146557029095313,-0.3120958621733251
401856993,20260615,2026,MIN,POR,107,74,168.5,1.86,1.94,181,-14.5,1.08,7.66,165.5022703800986,166.81355653367459,169.76926488377052,84.24,2,2,0,162.15,1.71,167.51,-0.1097,0.0644,-0.0328,0.0681,-0.0339,9.500255242999621,-0.11871065528004854
401856994,20260615,2026,GS,LA,78,58,172.5,1.89,1.91,136,-5.5,1.46,2.7,166.38610415371105,168.12056598942175,169.79655560149365,84.345,3,5,0,163.63,-4.18,167.65,0.0685,0.0155,-0.0331,-0.0198,-0.0302,-2.75253423532667,-0.07956302643145419
401856995,20260616,2026,IND,TOR,113,91,176.5,1.65,2.14,204,-8.5,1.23,4.03,163.1728902038991,163.38876516800315,165.34065576292346,84.25,3,2,0,167.55,1.5,167.42,0.0189,0.0058,0.0316,0.0366,-0.009,2.0898531220808216,0.0966365200142495
401856996,20260617,2026,CON,WSH,81,88,159.5,1.87,1.95,169,-2.5,1.73,2.1,156.98760945690594,154.30093664748827,153.8215072251753,84.365,4,3,0,162.13,-0.03,167.78,-0.0205,-0.0477,-0.0337,0.0035,-0.0542,-5.715758132753971,-0.09198975668678389
401856997,20260617,2026,CHI,NY,95,96,169.5,1.9,1.91,191,7.5,4.74,1.18,160.05775706447838,158.828245342807,163.76118406529775,84.545,6,3,0,165.12,5.45,167.85,-0.0916,-0.0431,-0.0205,-0.0495,-0.0043,-1.1740863333219538,-0.099521654603839
401856998,20260617,2026,GS,DAL,91,80,164.5,1.87,1.91,171,-3.5,1.63,2.25,160.34853937638985,159.262792419473,169.1666373520506,84.645,2,2,0,161.07,-2.47,168.0,0.0968,0.0303,-0.0019,-0.0199,0.0546,-7.147498569129828,-0.10004426611408734
401856999,20260617,2026,LA,MIN,83,99,173.5,1.87,1.91,182,3.5,4.91,1.17,168.9137232163557,171.84450763548855,175.6920638773002,84.445,2,2,0,164.82,0.79,168.17,0.1067,-0.108,0.0089,-0.0793,0.101,-9.675808509662545,-0.25675509953308506
401857000,20260617,2026,PHX,LV,76,86,171.5,1.87,1.92,162,6.5,3.13,1.36,167.58570690145973,169.89747975938803,167.951035303896,84.53,6,2,0,161.31,0.4,168.39,0.0134,-0.0683,0.0182,-0.0483,0.051,-13.781079933158601,-0.16569469594862274
401857001,20260617,2026,POR,SEA,94,89,161.5,1.8,1.97,183,-3.5,1.53,2.49,160.01829751596495,158.76258903185516,156.1690694828186,84.435,2,5,0,161.4,0.13,168.53,0.004,-0.0015,0.0221,0.0451,-0.0122,-1.6399093362225723,0.18373219937074065
401857002,20260618,2026,IND,ATL,101,108,173.5,1.93,1.87,209,-1.5,1.97,1.82,165.8739316790555,167.37432277661205,173.5312327957579,84.445,2,4,0,166.06,4.3,168.71,0.0049,0.0021,0.0363,-0.0536,0.0355,-3.154029324043591,0.08124148722440117
401857003,20260619,2026,CON,TOR,97,101,163.5,1.57,2.23,198,-1.5,1.76,2.05,163.45149098438762,163.8251641946074,159.1421956970088,84.635,2,3,0,164.42,-3.67,169.09,-0.0824,-0.0911,0.0051,0.0674,0.021,-9.959760098348267,-0.20627288560452406
401857004,20260619,2026,NY,WSH,83,86,167.5,1.81,1.96,169,-13.5,1.12,6.14,160.61975629312286,159.66614012752555,165.2569198960071,84.71,2,2,0,159.76,-0.01,169.27,0.1112,0.0432,-0.0134,-0.0132,-0.0373,6.311001848154292,-0.16646139173986407
401857005,20260619,2026,GS,MIN,75,81,161.5,1.64,2.17,156,1.5,2.24,1.65,162.82972421278782,162.91428874310154,175.38574288903447,84.685,2,2,0,162.41,-4.64,169.41,0.1586,-0.0484,-0.033,-0.0713,0.0974,-11.77993461012941,-0.35838267237190446
401857006,20260620,2026,ATL,IND,113,96,175.5,1.83,1.94,209,-5.5,1.5,2.56,171.0451007293132,174.99789049895082,177.07810951618208,84.72,2,2,0,167.9,-3.71,169.39,0.0055,-0.0187,-0.0454,0.0573,-0.0109,-6.068670265746177,-0.46949616912203596
401857007,20260620,2026,PHX,SEA,93,73,160.5,1.67,2.12,166,-7.5,1.36,3.08,157.80875887631004,155.5459337407839,156.9409271059984,84.905,3,3,0,160.95,-0.37,169.6,-0.0289,-0.0129,0.0111,0.0109,0.0538,-1.7865674187831413,-0.12302276851442706
401857008,20260620,2026,DAL,CHI,93,92,169.5,1.56,2.21,185,-10.5,1.2,4.56,164.6583079364406,165.60887244884898,166.11774642145804,84.765,3,3,0,165.77,-3.6,169.55,0.0282,-0.0173,-0.0344,0.0305,-0.1106,-4.937011954268501,-0.25961360566601976
401857009,20260621,2026,LV,GS,92,73,167.5,1.89,1.87,165,-4.5,1.59,2.34,164.17737315057627,164.91064660603035,170.73790076339134,84.895,4,2,0,158.86,0.85,169.95,-0.1099,-0.0018,0.0106,0.0318,-0.0179,-8.548474235453574,-0.3560756709290859
401857010,20260621,2026,MIN,WSH,79,84,168.5,1.81,1.99,163,-13.5,1.09,7.11,162.665617125957,162.6868306000817,170.53283293779748,84.885,2,2,0,162.63,2.46,169.87,-0.0279,0.1409,-0.0256,0.0342,-0.2036,-1.986424570848831,-0.17655755105296544
401857011,20260621,2026,LA,NY,98,97,177.5,1.65,2.23,195,4.5,2.78,1.44,166.92708767211525,168.9643130284505,170.29458294110935,85.04,4,2,0,164.04,2.79,169.8,-0.0353,-0.055,-0.0176,-0.0077,-0.0224,1.3568555061342233,-0.35088954190414945
401857012,20260622,2026,CON,CHI,92,63,166.5,1.67,2.13,155,2.5,2.33,1.59,163.41589645592111,163.81131129736616,159.81075203887679,85.19,3,2,0,166.21,-3.63,170.11,-0.0456,-0.0911,-0.0194,0.0731,-0.0066,-5.661267543595128,-0.3427499523191714
401857013,20260622,2026,ATL,TOR,94,87,176.5,1.74,2.04,181,-14.5,1.07,8.21,173.23058082938934,178.23707602914473,175.63214937565556,85.085,2,3,0,167.75,-0.94,170.18,0.0132,-0.0085,-0.0229,0.097,0.0542,0.24397975926357657,-0.41805692292081964
401857014,20260622,2026,IND,PHX,86,77,175.5,1.72,2.05,163,-7.5,1.31,3.41,167.57473062639832,169.9194826273769,169.2861683089506,85.08,2,2,0,167.1,6.18,170.19,-0.0009,0.0439,0.0081,0.0218,0.0295,2.609912039482455,0.05620704582604252
401857016,20260623,2026,LV,NY,76,87,174.5,1.67,2.15,163,-2.5,1.71,2.13,170.10919003326939,173.63545162926104,176.1022605952121,84.92,2,2,0,159.53,-3.1,170.72,-0.0866,0.0208,-0.0378,-0.0149,-0.0914,-3.8637518094833214,-0.4913125299255373
401857017,20260624,2026,IND,PHX,109,111,175.5,1.86,1.94,220,-8.5,1.24,3.95,167.0605700653631,169.14153436463923,168.65755147805555,84.765,2,2,0,166.18,4.72,170.83,0.031,0.0546,0.0161,0.0413,0.0532,1.7185739433532672,0.03548511586672887
401857018,20260624,2026,WSH,MIN,76,78,167.5,1.69,2.08,154,5.5,4.05,1.23,162.0717521862052,161.8211475400735,169.77954964401772,84.995,3,3,0,162.84,-2.36,171.31,0.024,-0.0905,0.0315,-0.0203,0.1954,-13.367240417318602,-0.25727972809869715
401857019,20260624,2026,CHI,POR,101,78,168.5,1.65,2.15,179,-3.5,1.57,2.39,165.01524364999864,166.14590330089388,160.12473400874586,84.94,2,6,0,165.67,4.88,171.19,-0.1077,-0.0266,-0.0292,-0.0335,0.1131,-5.5401604556855295,-0.13240700387177662
401857020,20260624,2026,GS,ATL,77,66,164.5,1.76,2.02,143,1.5,2.1,1.73,165.35973478601107,166.65596458645592,172.96153678676586,84.99,3,2,0,162.58,-6.6,171.4,0.0975,-0.0308,0.0082,-0.0485,-0.0592,-8.619078478963456,-0.5547325952693848
401857021,20260625,2026,TOR,LA,125,97,179.5,1.8,1.97,222,-1.5,1.91,1.88,173.2735922556722,178.28541588154604,170.03437239016267,84.87,3,4,0,168.21,1.45,171.34,-0.0139,0.0838,0.0009,-0.0251,-0.0072,1.5631931687507798,-0.05541651404428738
401857022,20260625,2026,LV,DAL,99,84,173.5,1.56,2.25,183,-5.5,1.4,2.93,169.65232017917128,172.9670663929053,174.4167471403369,84.97,2,5,0,161.45,-5.88,171.74,0.04,0.0174,0.0188,0.0048,0.0216,-1.2839857582184346,-0.4333724998400873
401857023,20260625,2026,SEA,NY,99,88,167.5,1.91,1.88,187,7.5,3.92,1.25,162.0588335228947,161.8080449144139,164.79729853845367,85.08,5,2,0,163.77,1.81,171.95,-0.0544,-0.0065,-0.0175,-0.0495,-0.1175,-3.944890159566962,-0.23108308082530504
401857024,20260626,2026,CON,WSH,68,57,162.5,1.74,2.02,125,3.5,2.36,1.58,158.41129586890958,156.45176394213775,159.5095261115775,85.19,4,2,0,163.11,0.64,172.05,-0.0312,-0.0527,-0.044,0.0488,-0.086,-5.622719271448786,-0.4359634850727653
401857025,20260626,2026,CHI,POR,124,94,172.5,1.79,1.98,218,-6.5,1.4,2.91,166.60098196666482,168.47331297080447,162.01226060787127,84.875,2,2,0,165.32,3.88,171.83,-0.1097,-0.032,-0.0166,-0.011,0.1258,-7.3253612122058165,-0.2015939928915399
401857026,20260626,2026,GS,ATL,78,75,161.5,1.72,2.07,153,-1.5,2.05,1.75,161.6912641490749,161.27236812781032,169.96538310808927,85.15,2,2,0,159.63,-6.4,172.22,0.1248,0.0017,0.0124,-0.0485,-0.0719,-6.255085584753733,-0.4996545984453443
401857027,20260627,2026,TOR,PHX,80,89,174.5,1.66,2.13,169,-6.5,1.45,2.73,173.027557760055,177.93089033804736,171.72489548723428,84.975,2,3,0,166.76,3.81,172.2,0.0302,0.0601,-0.0175,0.0038,-0.018,5.843205940175141,-0.17383818358077352
401857028,20260627,2026,IND,LA,111,87,175.5,1.52,2.27,198,-7.5,1.34,3.21,180.20284204852743,188.48636488351937,177.2978359941621,85.03,3,2,0,169.81,1.5,172.17,0.0019,0.106,0.0428,0.0237,0.0119,-0.9141940981719692,-0.07993327654612026
401857029,20260627,2026,SEA,ATL,105,90,166.5,1.7,2.1,195,7.5,3.96,1.24,165.19538995269255,165.0672628634429,167.28669764027723,85.235,2,1,1,166.55,-0.69,172.38,0.0596,0.0177,0.0313,-0.0662,-0.1312,-1.5361648194048025,-0.29790193944418764
401857030,20260628,2026,DAL,MIN,77,85,177.5,1.81,1.96,162,3.5,2.29,1.62,166.778906400295,168.76790351428116,175.35047075723026,85.35,3,4,0,167.29,1.3,172.31,0.0276,-0.0878,-0.0315,-0.0816,-0.0199,-6.9814909914506265,-0.4229811935021096
401857032,20260628,2026,CHI,LV,99,107,178.5,1.73,2.08,206,6.5,3.4,1.31,171.62047475435077,175.87972719371137,174.37156539361854,85.235,2,3,0,163.16,6.51,172.75,-0.0301,-0.0084,0.0179,0.0244,0.0873,-4.1650929246053625,-0.3695989110620491
401857033,20260628,2026,GS,NY,76,67,163.5,1.88,1.92,143,-1.5,1.8,2.0,159.90497477858042,158.66910887455893,167.99971584161142,85.49,2,3,0,159.95,-3.97,172.93,-0.0081,-0.0271,-0.0202,0.0054,-0.0425,-10.749420306448188,-0.5320319740791773
401857321,20260630,2026,NY,LV,93,85,171.5,1.69,2.08,178,-6.5,1.39,2.94,170.54758031091754,174.30960423773132,175.81154797390965,85.345,2,2,0,159.28,0.77,172.67,0.0982,-0.0354,0.0297,-0.0017,0.0138,-8.363011742886187,-0.574798580089812
401857034,20260702,2026,WSH,ATL,81,76,164.5,1.7,2.08,157,6.5,3.89,1.25,160.7961662123828,159.9841640681696,165.08290034051126,85.555,6,5,0,170.78,1.62,172.93,-0.0461,-0.0091,0.0649,-0.0148,0.0705,-1.8137235385830837,-0.16422738049232
401857035,20260702,2026,CON,DAL,83,86,169.5,1.7,2.09,169,6.5,3.24,1.34,161.35347053357572,160.8026712033175,164.49256197027267,85.54,6,4,0,165.91,-3.07,172.89,-0.0742,-0.0123,0.0052,0.0622,0.106,-11.029907827962093,-0.41896528111077946
401857036,20260702,2026,PHX,SEA,90,67,166.5,1.68,2.11,157,-5.5,1.54,2.48,164.95064698775565,166.089054366065,165.88599067883536,85.49,5,5,0,164.29,-1.28,173.05,-0.0236,-0.0679,-0.0088,-0.0181,0.1068,-8.187346560824432,-0.542536199198154
401857037,20260703,2026,NY,MIN,99,86,171.5,1.68,2.11,185,-1.5,2.15,1.69,164.7638317601796,165.80080822300013,174.44747369471906,85.295,3,5,0,163.1,-2.69,172.86,0.1593,-0.03,0.0212,-0.0414,0.1097,-11.515995118713386,-0.35032787163407286
401857039,20260704,2026,ATL,GS,83,88,161.5,1.78,1.97,171,-5.5,1.5,2.57,159.11067005958213,157.49549076455313,166.85580593451715,85.41,2,6,0,162.43,7.74,173.25,-0.0973,-0.0083,-0.0107,0.0276,0.0252,-7.887957052206218,-0.2721706602360833
401857040,20260704,2026,SEA,POR,72,77,166.5,1.53,2.25,149,-4.5,1.52,2.5,168.3471754332463,171.0796797891117,162.57432724328515,85.43,2,6,0,169.32,-6.31,173.18,-0.0289,0.0451,0.0016,-0.0251,-0.0156,0.19440270154361566,-0.2125798084240742
401857041,20260705,2026,TOR,DAL,76,89,181.5,1.63,2.19,165,4.5,2.97,1.39,173.0325101880621,177.95828550599182,173.45270978758492,85.265,6,3,0,169.27,0.37,173.29,0.069,0.0837,0.0121,0.0232,0.0706,8.430230977543486,-0.30355391891429717
401857042,20260705,2026,LV,IND,68,84,179.5,1.78,1.99,152,-7.5,1.65,2.22,179.66154734337712,187.7101260766393,182.66610824758183,85.315,5,6,0,167.32,-4.5,173.25,-0.0467,-0.0866,-0.0431,-0.0436,-0.0395,2.292749829380322,-0.8208252038121077
401857043,20260706,2026,WSH,GS,49,62,154.5,1.84,1.95,111,3.5,3.21,1.35,151.2068654916598,145.86071048500833,158.56159569762457,85.24,4,2,0,163.77,8.24,172.85,-0.1546,0.0338,0.0596,0.0245,0.1187,-8.38818478647186,0.04787309132244255
401857044,20260706,2026,MIN,CON,89,90,164.5,1.81,1.96,179,-16.5,1.12,6.1,161.3013040001456,160.68885356865786,167.37756612257905,85.005,3,4,0,164.18,1.38,172.49,0.0816,0.0617,0.0026,0.0164,-0.1263,1.066547796278496,-0.2600696695689483
401857045,20260706,2026,LA,SEA,64,82,173.5,1.7,2.1,146,-3.5,1.54,2.47,171.85515978512692,176.19641007227509,166.4540944076357,84.825,6,2,0,167.54,2.82,172.48,0.0043,-0.1048,-0.0252,-0.0054,0.073,1.2487496699456044,-0.3504570994787516
401857046,20260707,2026,NY,DAL,77,88,174.5,1.82,1.94,165,-5.5,1.52,2.51,168.76475800508942,171.64105029698322,173.39948492771234,84.67,4,2,0,162.79,-3.46,172.25,0.1219,0.0435,0.0339,0.0141,0.1206,-2.4359448379922894,-0.317504075950784
401857047,20260707,2026,PHX,CHI,66,77,172.5,1.9,1.89,143,-4.5,1.59,2.35,170.67194327839934,174.45711701074663,171.3627446202401,84.835,5,6,0,167.94,-5.62,172.21,0.0381,-0.008,-0.0086,-0.0183,-0.0618,-8.986920027581462,-0.41147586349821974
401857048,20260708,2026,TOR,GS,75,83,165.5,1.91,1.89,158,7.5,3.55,1.29,161.1593146736605,160.46860702796283,165.65274672964884,84.84,3,2,0,161.07,7.22,171.89,-0.0457,0.093,0.0128,-0.0097,0.0274,5.875512769389085,0.1007364921959294
401857049,20260708,2026,CON,MIN,80,86,164.5,1.8,1.96,166,6.5,3.5,1.3,163.55887144354904,163.98896821179207,168.53980951032116,84.72,2,2,0,164.95,-1.14,171.72,-0.1012,-0.0318,-0.0039,-0.0045,0.1174,-6.499887552615005,-0.22725235064198912
401857050,20260708,2026,LA,IND,106,92,181.5,1.84,1.95,198,5.5,2.94,1.4,178.89847264827853,186.54255555565072,176.2312471552713,84.66,2,3,0,169.89,1.85,171.67,0.0137,-0.1556,-0.0229,-0.0849,-0.0552,-5.401994117899814,-0.5703891643115838
401857051,20260709,2026,ATL,SEA,89,78,166.5,1.62,2.19,167,-12.5,1.13,5.7,164.01557088957065,164.67548137407323,166.33608737204435,84.935,5,3,0,168.06,2.67,171.99,-0.0381,-0.0597,-0.0184,0.0745,0.1335,-6.820324750760462,-0.26498679600552133
401857052,20260709,2026,PHX,IND,89,92,170.5,1.78,2.0,181,-1.5,2.0,1.81,172.7592603231181,176.16539369663977,174.35421952475224,84.875,2,1,1,165.86,-3.86,171.96,-0.009,-0.0589,-0.0014,-0.0582,-0.012,-4.218402030188417,-0.6428832645686641
401857053,20260709,2026,POR,LV,80,88,174.5,1.86,1.93,168,8.5,4.41,1.2,172.08189139504404,176.54855697441596,169.156440806744,85.095,5,4,0,168.63,8.43,171.87,0.0698,0.0173,0.0284,0.0612,-0.0699,-10.508290018563349,-0.20018909759778014
401857054,20260710,2026,CON,GS,64,79,153.5,1.89,1.87,143,5.5,2.96,1.39,152.31698941584372,147.48870237253166,159.75485480506893,85.175,2,2,0,158.44,6.35,171.93,-0.2169,0.015,-0.002,0.0047,0.0889,-3.026633069912073,-0.07347274737399845
401857055,20260710,2026,TOR,DAL,95,108,178.5,1.86,1.92,203,6.5,3.7,1.27,170.44919974899307,174.14551125985338,171.64669492794383,85.065,2,3,0,165.71,0.37,171.77,0.0796,0.0686,0.0422,-0.0125,0.0723,7.492781974258272,-0.12144329643009055
401857056,20260710,2026,LA,CHI,102,87,176.5,1.86,1.92,189,-2.5,1.83,1.97,175.62181561769452,181.76531161311777,172.58037307320802,85.255,2,3,0,172.75,0.88,172.25,0.0317,-0.0905,-0.0274,-0.0676,-0.0807,-4.701766222605625,-0.398031957010088
401857057,20260711,2026,MIN,NY,90,85,172.5,1.83,1.96,175,-5.5,1.49,2.61,167.09545362298002,169.22854935067934,174.33128731790134,85.28,3,4,0,,,,,,,,,,
401857058,20260711,2026,LV,PHX,106,58,168.5,1.87,1.88,164,-10.5,1.25,3.87,167.63355718949967,170.02090128065527,170.91347886387962,85.295,2,2,0,,,,,,,,,,
401857059,20260711,2026,ATL,POR,92,102,172.5,1.78,2.01,194,-13.5,1.12,6.09,168.98670678582317,172.02084023310525,167.84403364992755,85.44,2,2,0,,,,,,,,,,
401857060,20260712,2026,TOR,NY,93,91,175.5,1.67,2.1,184,6.5,3.23,1.34,173.53471751530964,177.34701220333156,172.59186454382376,85.47,2,1,1,,,,,,,,,,
401857061,20260712,2026,WSH,SEA,84,79,159.5,1.67,2.11,163,-6.5,1.41,2.9,151.12466649352587,145.76202515388536,154.56471195574312,85.56,6,3,0,,,,,,,,,,
401857062,20260712,2026,DAL,CHI,96,91,176.5,1.8,1.97,187,-9.5,1.2,4.42,171.9206734495425,176.34407276177996,174.53104464836952,85.565,2,2,0,,,,,,,,,,
401857063,20260712,2026,LV,IND,75,109,180.5,1.86,1.91,184,-5.5,1.44,2.78,176.7002878768719,182.01395190987006,181.47559291248714,85.64,1,3,1,,,,,,,,,,
401857064,20260713,2026,ATL,LA,101,92,177.5,1.57,2.29,193,-9.5,1.24,4.0,175.67371775217742,181.88082102145594,175.20752186599768,85.82,2,3,0,,,,,,,,,,
401857065,20260713,2026,MIN,PHX,104,100,168.5,1.79,2.0,204,-13.5,1.14,5.58,164.12719654918513,164.90586522782561,168.81713293792075,85.89,2,2,0,,,,,,,,,,
401857066,20260714,2026,CON,POR,90,87,166.5,1.84,1.95,177,-2.5,1.69,2.16,163.14661891426567,163.48606345486158,162.00606944515076,86.21,4,3,0,,,,,,,,,,
401857067,20260714,2026,TOR,WSH,62,79,169.5,1.75,2.03,141,1.5,2.04,1.77,160.62743798835402,159.78944143987027,162.71200713029327,86.325,2,2,0,,,,,,,,,,
401857068,20260715,2026,CHI,SEA,95,90,169.5,1.83,1.95,185,-3.5,1.67,2.18,165.51343458317848,166.96417200072614,166.3636273905472,86.175,3,3,0,,,,,,,,,,
401857069,20260715,2026,MIN,LA,96,87,180.5,1.82,1.95,183,-12.5,1.16,5.23,176.04605195370448,182.4599150325566,178.2516495354592,86.275,2,2,0,,,,,,,,,,
401857070,20260715,2026,IND,GS,75,88,165.5,1.82,1.94,163,-3.5,1.69,2.16,161.78929671729858,161.4886575713824,173.00480377043158,86.19,3,5,0,,,,,,,,,,
401857071,20260716,2026,WSH,POR,56,75,162.5,1.87,1.9,131,-6.5,1.37,3.07,157.31024339503256,154.90646504176306,159.70507624637293,86.255,2,2,0,,,,,,,,,,
401857073,20260717,2026,IND,SEA,110,107,173.5,1.62,2.2,217,-9.5,1.24,3.98,169.3111972980709,172.54587533475308,172.50069393969733,86.13,2,2,0,,,,,,,,,,
401857074,20260717,2026,TOR,ATL,92,111,180.5,1.84,1.92,203,6.5,4.42,1.2,172.22445670266958,176.84871284293547,173.04939742733234,86.4,3,4,0,,,,,,,,,,
401857075,20260717,2026,CHI,LA,96,82,182.5,1.86,1.91,178,-2.5,1.7,2.14,178.0740075289301,185.45670216596292,175.79009197036868,86.485,2,2,0,,,,,,,,,,
401857076,20260717,2026,PHX,CON,83,96,162.5,1.84,1.92,179,-5.5,1.55,2.44,161.06564350180548,160.4518791123569,162.3623350322618,86.585,4,3,0,,,,,,,,,,
401857077,20260718,2026,IND,NY,108,88,174.5,1.54,2.23,196,1.5,2.01,1.79,176.35599763567518,181.58220807292275,180.24493819072967,86.715,1,6,1,,,,,,,,,,
401857078,20260718,2026,MIN,POR,101,93,171.5,1.7,2.08,194,-13.5,1.11,6.48,168.04717741417818,170.73977103185538,173.23069240125233,86.89,3,2,0,,,,,,,,,,
401857079,20260718,2026,GS,WSH,74,69,147.5,1.81,1.97,143,-9.5,1.24,4.04,140.7904871141902,130.66594014921398,154.27116293721147,87.015,3,2,0,,,,,,,,,,
401857080,20260719,2026,DAL,LA,90,82,180.5,1.77,2.01,172,-10.5,1.24,4.02,175.53631036355,181.75781802363426,176.85545545428877,86.96,6,2,0,,,,,,,,,,
401857081,20260719,2026,ATL,CHI,93,91,178.5,1.78,2.01,184,-12.5,1.14,5.5,175.09293731480247,181.09887766438976,179.06949269103654,86.86,2,2,0,,,,,,,,,,
401857082,20260719,2026,PHX,CON,72,63,164.5,1.83,1.96,135,-4.5,1.54,2.48,162.14644353848837,162.06969120112117,164.0261015290356,86.995,2,2,0,,,,,,,,,,
401857083,20260720,2026,TOR,LV,83,109,181.5,1.84,1.96,192,10.5,4.98,1.17,172.69131862857424,177.56230726380542,173.4245780779126,86.79,3,6,0,,,,,,,,,,
401857084,20260720,2026,GS,WSH,82,90,145.5,1.79,1.98,172,-8.5,1.25,3.9,139.6668906477593,129.00634613429258,153.14404664349033,86.91,2,2,0,,,,,,,,,,
401857085,20260720,2026,SEA,MIN,102,105,173.5,1.76,2.07,207,9.5,4.3,1.21,169.80635762429847,173.32847854759243,174.8472915367334,86.915,3,2,0,,,,,,,,,,
401857086,20260722,2026,LA,PHX,82,86,176.5,1.95,1.85,168,-2.5,1.85,1.94,170.30432932802603,174.0652819558346,168.67456830240033,86.98,3,3,0,,,,,,,,,,
401857087,20260722,2026,SEA,MIN,76,86,173.5,1.55,2.23,162,8.5,4.61,1.19,174.16874476293228,179.7526306928332,178.06256238306005,87.045,2,2,0,,,,,,,,,,
401857088,20260722,2026,NY,CHI,95,94,178.5,1.92,1.87,189,-11.5,1.29,3.57,173.1668963414433,178.26825963300988,175.39896664821077,86.885,4,3,0,,,,,,,,,,
401857089,20260722,2026,WSH,LV,100,99,159.5,1.56,2.32,199,5.5,2.94,1.4,156.5781379628166,153.87979681654411,165.37226952985762,86.975,2,2,0,,,,,,,,,,
401857090,20260722,2026,IND,CON,123,88,176.5,1.78,2.0,211,-11.5,1.18,4.72,168.6207327700906,171.6067965122251,174.58037529317625,87.23,4,3,0,,,,,,,,,,
401857091,20260722,2026,POR,DAL,97,101,172.5,1.57,2.19,198,4.5,3.22,1.34,168.63405924444925,171.64407883573406,173.09352402596917,87.485,4,3,0,,,,,,,,,,
401857092,20260728,2026,WSH,CON,92,84,156.5,1.59,2.22,176,-6.5,1.38,2.98,152.9858360182176,148.6328309971956,158.05386379130562,87.49,6,6,0,,,,,,,,,,
401857093,20260728,2026,MIN,TOR,100,93,182.5,1.68,2.08,193,-16.5,1.06,9.25,175.2545258088041,181.3833158691088,177.18800718747946,87.535,6,6,0,,,,,,,,,,
401857094,20260728,2026,SEA,IND,95,105,181.5,1.53,2.27,200,6.5,4.17,1.22,177.42326711239576,184.587483119035,182.13000588203937,87.75,6,6,0,,,,,,,,,,
401857095,20260728,2026,LV,POR,98,83,175.5,1.76,2.01,181,-12.5,1.12,6.07,172.4889369021157,177.33855437042874,176.26766094852962,87.855,6,6,0,,,,,,,,,,
401857096,20260728,2026,LA,NY,109,113,182.5,1.9,1.91,222,3.5,2.63,1.48,173.75074411882778,179.20070155778262,174.2512916281975,87.95,6,6,0,,,,,,,,,,
401857097,20260729,2026,DAL,ATL,81,82,178.5,1.65,2.14,163,-1.5,2.02,1.78,173.44223960348882,178.76124561861238,181.3983322156419,88.155,6,6,0,,,,,,,,,,
401857098,20260729,2026,PHX,GS,91,89,155.5,1.79,1.98,180,2.5,2.29,1.62,151.04996145334516,145.8415006186861,161.8720055730941,88.29,6,6,0,,,,,,,,,,
401857099,20260730,2026,TOR,MIN,72,104,185.5,1.84,1.93,176,11.5,5.98,1.12,176.37017790590605,183.06798428219793,178.7692064687315,88.17,2,2,0,,,,,,,,,,
401857100,20260730,2026,CHI,CON,94,88,173.5,1.7,2.1,182,-5.5,1.43,2.81,167.4612533233374,169.96933569202528,169.9010448015611,88.205,6,2,0,,,,,,,,,,
401857101,20260730,2026,LV,NY,104,99,177.5,1.6,2.19,203,-5.5,1.52,2.52,175.99002565134373,182.5082554273204,181.96285106211002,88.16,2,2,0,,,,,,,,,,
401857102,20260731,2026,ATL,SEA,98,89,176.5,1.65,2.1,187,-12.5,1.14,5.56,171.72300555704277,176.24445824149694,175.4774797860724,88.32,2,3,0,,,,,,,,,,
401857103,20260731,2026,WSH,DAL,81,75,166.5,1.84,1.92,156,2.5,2.26,1.63,158.78888627161797,157.22584034495947,168.54639792654302,88.345,3,2,0,,,,,,,,,,
401857104,20260731,2026,POR,IND,98,112,184.5,1.63,2.14,210,7.5,3.6,1.28,179.20128508107268,187.24134319122624,183.4726037326086,88.315,3,3,0,,,,,,,,,,
401857105,20260801,2026,CHI,LV,84,83,181.5,1.7,2.12,167,5.5,2.93,1.4,176.2365739150128,182.89093089435497,182.62269513771366,88.45,2,2,0,,,,,,,,,,
401857106,20260801,2026,PHX,NY,92,94,175.5,1.78,2.0,186,2.5,2.23,1.64,171.0133600492402,175.19533627519303,173.94727166280265,88.24,3,2,0,,,,,,,,,,
